#Digilent WaveForms Oscilloscope Acquisition,,,,
#Device Name: Discovery3,,,,
#Serial Number: SN:210415BB0163,,,,
#Device Plus: Discovery3,,,,
#Serial Plus: SN:210415BB0594,,,,
#Date Time: 2025-03-28 15:23:52.270.384.460,,,,
#Sample rate: 215.579Hz,,,,
#Samples: 12249,,,,
#Trigger: Source: Channel 1 Type: Edge Condition: Rising Level: 0 V Hyst.: Auto HoldOff: 0 s,,,,
#Channel 1: Range: 500 mV/div Offset: -1.5 V Sample Mode: Average,,,,
#Channel 2: Range: 500 mV/div Offset: -2.25 V Sample Mode: Average,,,,
#Channel 3: Range: 1 V/div Offset: 1 V Sample Mode: Average,,,,
#Channel 4: Range: 200 mV/div Offset: -820 mV Sample Mode: Average,,,,
,,,,
#,,,,
#Time (s),Channel 1 (V),Channel 2 (V),Channel 3 (V),Channel 4 (V)
40.97338461,0.517577961,2.621484908,0.429036557,0.174206246
40.97802328,0.307944989,2.704083895,0.687727962,0.068013795
40.98266195,0.301320748,2.700038891,0.627336589,0.063923419
40.98730062,0.298574112,2.694456785,0.648067956,0.060619654
40.99193929,0.3025325,2.692838784,0.686826598,0.064316724
40.99657796,0.304067384,2.693890485,0.645363864,0.067856472
41.00121663,0.297039227,2.68919828,0.633646135,0.061720909
41.0058553,0.296958444,2.685476876,0.653476138,0.061248942
41.01049397,0.303501901,2.687175778,0.690432053,0.067227184
41.01513264,0.299220379,2.686366777,0.621928406,0.06549664
41.01977131,0.295100425,2.682159972,0.643561137,0.060855637
41.02440998,0.298170195,2.682321772,0.67781296,0.063058147
41.02904865,0.302128582,2.685962276,0.661588412,0.068171117
41.03368732,0.295181208,2.683373474,0.626435225,0.062428858
41.03832599,0.294211807,2.681593672,0.648067956,0.061012959
41.04296466,0.300108997,2.683535274,0.694037508,0.06620459
41.04760333,0.298654895,2.684667875,0.632744771,0.066833878
41.052242,0.293403973,2.682240872,0.643561137,0.061012959
41.05688067,0.295261992,2.681674572,0.669700686,0.062114214
41.06151934,0.300916831,2.685800476,0.682319779,0.068485761
41.06615801,0.295261992,2.686285877,0.628237952,0.063766097
41.07079668,0.292919273,2.685153275,0.650772047,0.060462331
41.07543535,0.297523928,2.687337578,0.691333417,0.064710029
41.08007402,0.298816462,2.690978082,0.646265228,0.06769915
41.08471269,0.292434572,2.688551079,0.63725159,0.061327603
41.08935136,0.293403973,2.687337578,0.657081593,0.061327603
41.09399003,0.29994743,2.690088181,0.688629326,0.067463167
41.0986287,0.295100425,2.68903648,0.620125678,0.065181996
41.10326737,0.291465171,2.685072375,0.641758409,0.060855637
41.10790604,0.294938858,2.685153275,0.676911597,0.063530113
41.11254471,0.298574112,2.688065678,0.65618023,0.068249778
41.11718338,0.292111438,2.685719576,0.626435225,0.062350197
41.12182205,0.291384388,2.684344275,0.647166592,0.060776976
41.12646072,0.297685494,2.687094877,0.692234781,0.066361912
41.13109939,0.295908259,2.688065678,0.627336589,0.066361912
41.13573806,0.290899687,2.685395976,0.640857045,0.06109162
41.14037673,0.293000056,2.684910575,0.667897959,0.062428858
41.1450154,0.299058813,2.688631979,0.674207505,0.068485761
41.14965407,0.292838489,2.687580278,0.623731133,0.063608774
41.15429274,0.290576553,2.685234175,0.646265228,0.06109162
41.15893141,0.296150609,2.688146579,0.691333417,0.065181996
41.16357008,0.296958444,2.695670287,0.648067956,0.067541828
41.16820875,0.291303604,2.699957991,0.649870683,0.061642248
41.17284742,0.292757706,2.704245696,0.676010233,0.061563586
41.17748609,0.299785863,2.712659305,0.706656601,0.067620489
41.18212476,0.295908259,2.71759421,0.6444625,0.065024674
41.18676343,0.292596139,2.718969511,0.665193867,0.060934298
41.1914021,0.296473743,2.722529115,0.698544327,0.064080741
41.19604077,0.299866647,2.725846019,0.668799323,0.068721744
41.20067944,0.293000056,2.721720114,0.639955681,0.06258618
41.20531811,0.292111438,2.71735151,0.657081593,0.061406264
41.20995678,0.298493329,2.717108809,0.698544327,0.067069862
41.21459545,0.295989043,2.715571708,0.628237952,0.066361912
41.21923412,0.291222821,2.708937901,0.642659773,0.061406264
41.22387279,0.293242406,2.704892896,0.671503414,0.062664841
41.22851146,0.298170195,2.705863697,0.67060205,0.068564422
41.23315013,0.291707521,2.701090592,0.623731133,0.063608774
41.2377888,0.289930286,2.695912987,0.6444625,0.061248942
41.24242747,0.295504342,2.694618585,0.688629326,0.065575301
41.24706614,0.295181208,2.693243284,0.632744771,0.06769915
41.25170481,0.289203235,2.687499378,0.633646135,0.061720909
41.25634348,0.29001107,2.683535274,0.65618023,0.061956892
41.26098215,0.296069826,2.684263374,0.680517052,0.068249778
41.26562082,0.290899687,2.680946471,0.619224315,0.064788691
41.27025949,0.288072268,2.675607065,0.642659773,0.061327603
41.27489816,0.291869088,2.675687965,0.680517052,0.064238063
41.27953683,0.294615724,2.677386867,0.650772047,0.068643083
41.2841755,0.288233834,2.672937362,0.631843407,0.062350197
41.28881417,0.287829917,2.67042946,0.653476138,0.061248942
41.29345284,0.294858075,2.673746363,0.695840236,0.067148523
41.29809151,0.292192222,2.675849766,0.63004068,0.066125929
41.30273018,0.288153051,2.675283465,0.649870683,0.061327603
41.30736885,0.291707521,2.677386867,0.682319779,0.063136808
41.31200752,0.296796877,2.682321772,0.674207505,0.068800405
41.31664619,0.29049577,2.68013747,0.63004068,0.06329413
41.32128486,0.288960885,2.676982367,0.649870683,0.061248942
41.32592353,0.294534941,2.677225067,0.693136145,0.065575301
41.3305622,0.294211807,2.676901467,0.635448863,0.067227184
41.33520087,0.288395401,2.672209262,0.640857045,0.061484925
41.33983954,0.29001107,2.67026766,0.664292504,0.062271536
41.34447821,0.295423559,2.672371062,0.683221143,0.068485761
41.34911688,0.290334203,2.67051036,0.624632497,0.064788691
41.35375555,0.287506784,2.666869856,0.647166592,0.060855637
41.35839422,0.291707521,2.667840657,0.688629326,0.064552707
41.36303289,0.293969457,2.671966561,0.653476138,0.068328439
41.36767156,0.287829917,2.67059126,0.643561137,0.062192875
41.37231023,0.287829917,2.67051036,0.666095231,0.061406264
41.3769489,0.294211807,2.677791368,0.705755238,0.06769915
41.38158757,0.290980471,2.682807173,0.640857045,0.065968607
41.38622624,0.286456599,2.682726273,0.659785685,0.061406264
41.39086491,0.289930286,2.683858874,0.686826598,0.063608774
41.39550358,0.294454158,2.687175778,0.673306141,0.068879066
41.40014225,0.287829917,2.684425175,0.633646135,0.063136808
41.40478092,0.286375816,2.680865571,0.655278866,0.061248942
41.40941959,0.292515356,2.680541971,0.697642964,0.066361912
41.41405826,0.291061254,2.678762169,0.631843407,0.067384506
41.41869693,0.285648765,2.672128362,0.639054318,0.061720909
41.4233356,0.287102866,2.667921557,0.661588412,0.062507519
41.42797427,0.293484757,2.667759757,0.673306141,0.0684071
41.43261294,0.287991484,2.663633853,0.616520223,0.064238063
41.43725161,0.285164064,2.657809046,0.639955681,0.061012959
41.44189028,0.289687936,2.656433745,0.680517052,0.065024674
41.44652895,0.291061254,2.656029245,0.639054318,0.068092456
41.45116762,0.285083281,2.650770739,0.629139316,0.061878231
41.45580629,0.285164064,2.646402134,0.649870683,0.061484925
41.46044496,0.291869088,2.647049335,0.683221143,0.067935134
41.46508363,0.287345217,2.644460532,0.616520223,0.065811284
41.4697223,0.283629179,2.640415528,0.638152954,0.061170281
41.47436097,0.2869413,2.639121127,0.673306141,0.063530113
41.47899964,0.291142037,2.641386329,0.65618023,0.068800405
41.48363831,0.28435623,2.638473926,0.625533861,0.063136808
41.48827698,0.283306046,2.636532324,0.647166592,0.061170281
41.49291565,0.289849503,2.638878426,0.692234781,0.066833878
41.49755432,0.288395401,2.640415528,0.629139316,0.066833878
41.50219299,0.282982912,2.639363827,0.642659773,0.061563586
41.50683166,0.285487198,2.64203353,0.672404778,0.062822164
41.51147033,0.291142037,2.649719038,0.683221143,0.0684071
41.516109,0.285487198,2.653521342,0.635448863,0.063766097
41.52074767,0.283548396,2.658375347,0.66339114,0.061248942
41.52538634,0.288960885,2.669863159,0.710262056,0.065181996
41.53002501,0.290091853,2.682807173,0.668799323,0.067856472
41.53466368,0.284194663,2.68992638,0.667897959,0.061956892
41.53930235,0.285244848,2.69906809,0.691333417,0.061720909
41.54394102,0.292192222,2.713549206,0.726486605,0.068171117
41.54857969,0.287345217,2.721153814,0.659785685,0.065417979
41.55321836,0.28411388,2.722448215,0.676911597,0.061406264
41.55785703,0.288072268,2.723338116,0.705755238,0.064080741
41.5624957,0.291303604,2.724147117,0.675108869,0.068879066
41.56713437,0.285002498,2.71791781,0.643561137,0.062822164
41.57177304,0.284760147,2.712497504,0.660687048,0.061720909
41.57641171,0.291545955,2.712012104,0.700347055,0.06769915
41.58105038,0.289445586,2.7086952,0.632744771,0.067148523
41.58568905,0.284275447,2.700200691,0.643561137,0.062035553
41.59032772,0.2869413,2.694618585,0.669700686,0.063372791
41.59496639,0.292111438,2.693324184,0.67060205,0.06911505
41.59960506,0.285810332,2.687013977,0.621027042,0.064159402
41.60424373,0.283629179,2.67989477,0.641758409,0.061720909
41.6088824,0.288880102,2.677144167,0.683221143,0.065732623
41.61352107,0.289041669,2.674878965,0.63004068,0.068092456
41.61815974,0.283467613,2.668002457,0.628237952,0.06179957
41.62279841,0.284275447,2.662986652,0.651673411,0.061956892
41.62743708,0.290576553,2.662339451,0.676911597,0.068249778
41.63207575,0.285648765,2.657485446,0.614717496,0.065339318
41.63671442,0.282175078,2.651094339,0.63725159,0.061563586
41.64135309,0.286618166,2.648424636,0.674207505,0.064552707
41.64599176,0.289607152,2.648505537,0.645363864,0.069036389
41.65063043,0.282821345,2.644136932,0.624632497,0.062507519
41.6552691,0.282498212,2.641062729,0.6444625,0.061720909
41.65990777,0.289203235,2.641305429,0.685925234,0.067620489
41.66454644,0.286456599,2.640253728,0.618322951,0.06691254
41.66918511,0.281771161,2.635318823,0.636350226,0.061563586
41.67382378,0.28459858,2.63313452,0.664292504,0.062900825
41.67846245,0.289687936,2.634428922,0.661588412,0.068800405
41.68310112,0.283386829,2.630626618,0.619224315,0.06329413
41.68773979,0.282013511,2.627067014,0.641758409,0.06109162
41.69237846,0.287910701,2.627714214,0.685925234,0.065811284
41.69701713,0.287991484,2.628765916,0.629139316,0.06769915
41.7016558,0.281851944,2.625044512,0.633646135,0.061327603
41.70629447,0.283144479,2.62310291,0.657982957,0.06179957
41.71093314,0.289768719,2.626258013,0.678714324,0.068721744
41.71557181,0.284679364,2.625125412,0.619224315,0.064631368
41.72021048,0.281932728,2.622617509,0.642659773,0.060855637
41.72484915,0.286375816,2.62383101,0.681418415,0.064474046
41.72948782,0.289607152,2.627633314,0.647166592,0.068249778
41.73412649,0.283063696,2.626986114,0.630942044,0.062114214
41.73876516,0.283144479,2.627309714,0.652574774,0.061642248
41.74340383,0.290172636,2.631435618,0.692234781,0.067384506
41.7480425,0.28718365,2.63321542,0.624632497,0.065968607
41.75268117,0.283225262,2.631678319,0.643561137,0.061170281
41.75731984,0.286375816,2.634833422,0.676010233,0.063372791
41.76195851,0.291545955,2.64219533,0.668799323,0.068643083
41.76659718,0.285891115,2.646078534,0.632744771,0.06329413
41.77123585,0.285325631,2.65133704,0.657081593,0.06109162
41.77587452,0.291384388,2.662986652,0.706656601,0.065968607
41.78051319,0.290899687,2.672290162,0.648067956,0.067541828
41.78515186,0.286456599,2.675526165,0.655278866,0.061642248
41.78979053,0.288556968,2.682321772,0.683221143,0.062350197
41.7944292,0.295585125,2.694294985,0.700347055,0.068721744
41.79906787,0.290576553,2.701980493,0.6444625,0.064631368
41.80370654,0.288153051,2.709261501,0.666996595,0.061170281
41.80834521,0.29356554,2.720830213,0.709360693,0.065024674
41.81298388,0.295746692,2.735392229,0.669700686,0.068721744
41.81762255,0.289768719,2.741945136,0.65618023,0.062114214
41.82226122,0.290414987,2.748093542,0.678714324,0.061563586
41.82689989,0.29687766,2.759500454,0.715670239,0.067935134
41.83153856,0.293242406,2.767266862,0.648969319,0.065968607
41.83617723,0.289445586,2.771392767,0.67060205,0.061248942
41.8408159,0.293242406,2.776813073,0.702149782,0.063608774
41.84545457,0.297927845,2.782314278,0.685023871,0.069036389
41.85009324,0.291303604,2.782556979,0.650772047,0.063372791
41.85473191,0.29073812,2.781990678,0.67060205,0.061248942
41.85937058,0.29663531,2.787087384,0.715670239,0.066519234
41.86400925,0.295261992,2.789433486,0.651673411,0.067227184
41.86864792,0.29001107,2.786521083,0.66339114,0.061642248
41.87328659,0.292192222,2.786035682,0.689530689,0.06258618
41.87792526,0.297523928,2.789028986,0.698544327,0.068721744
41.88256393,0.291222821,2.785064881,0.641758409,0.064631368
41.8872026,0.288718535,2.778835575,0.661588412,0.061248942
41.89184127,0.293242406,2.776084972,0.699445691,0.065339318
41.89647994,0.294696508,2.77479057,0.652574774,0.068171117
41.90111861,0.287991484,2.767994963,0.643561137,0.062192875
41.90575728,0.288718535,2.762736458,0.665193867,0.061720909
41.91039595,0.295019642,2.762251057,0.695840236,0.068171117
41.91503462,0.290818904,2.757882453,0.629139316,0.065968607
41.91967329,0.2869413,2.751410446,0.651673411,0.061406264
41.92431196,0.290414987,2.748093542,0.685925234,0.064159402
41.92895063,0.293969457,2.748336242,0.665193867,0.069036389
41.9335893,0.287345217,2.742187836,0.635448863,0.063136808
41.93822797,0.286618166,2.73628213,0.654377502,0.061720909
41.94286664,0.292919273,2.734745028,0.697642964,0.067227184
41.94750531,0.290980471,2.732965226,0.631843407,0.067069862
41.95214398,0.285971899,2.72746402,0.645363864,0.06179957
41.95678265,0.287991484,2.723499916,0.671503414,0.062979486
41.96142132,0.29380789,2.723338116,0.675108869,0.069036389
41.96605999,0.287506784,2.718645911,0.623731133,0.064316724
41.97069866,0.285083281,2.713225605,0.646265228,0.061720909
41.97533733,0.290818904,2.711769404,0.690432053,0.065653962
41.979976,0.291545955,2.711526703,0.640857045,0.068171117
41.98461467,0.285729548,2.706834498,0.639054318,0.061878231
41.98925334,0.286537383,2.705701897,0.664292504,0.062192875
41.99389201,0.293403973,2.711203103,0.694037508,0.068092456
41.99853068,0.288960885,2.712740205,0.63004068,0.065575301
42.00316935,0.285729548,2.710555902,0.652574774,0.061327603
42.00780802,0.289687936,2.710879503,0.688629326,0.064316724
42.01244669,0.293080839,2.712982905,0.661588412,0.068879066
42.01708536,0.286618166,2.7086143,0.636350226,0.062900825
42.02172403,0.286052682,2.706025498,0.657081593,0.061406264
42.0263627,0.292838489,2.7078862,0.699445691,0.067227184
42.03100137,0.289930286,2.7087761,0.632744771,0.066519234
42.03564004,0.285244848,2.705701897,0.648067956,0.061720909
42.04027871,0.288153051,2.706025498,0.67781296,0.062979486
42.04491738,0.293484757,2.711122203,0.679615688,0.068800405
42.04955605,0.287345217,2.713063805,0.635448863,0.063608774
42.05419472,0.286052682,2.715005407,0.658884321,0.060934298
42.05883339,0.291142037,2.719778512,0.70395251,0.065653962
42.06347206,0.291545955,2.72673592,0.653476138,0.067856472
42.06811073,0.286052682,2.730133723,0.658884321,0.061720909
42.0727494,0.287264433,2.738790032,0.686826598,0.062035553
42.07738807,0.293646323,2.757720652,0.714768875,0.068564422
42.08202674,0.289122452,2.77479057,0.657982957,0.065024674
42.08666541,0.285891115,2.787410984,0.685023871,0.061327603
42.09130408,0.290657337,2.8029438,0.721979786,0.064552707
42.09594275,0.293646323,2.814836113,0.687727962,0.068879066
42.10058142,0.287102866,2.817020415,0.665193867,0.062664841
42.10522009,0.286860516,2.815402414,0.682319779,0.061956892
42.10985876,0.29380789,2.814593413,0.718374331,0.067856472
42.11449743,0.29025342,2.810952909,0.6444625,0.066440573
42.1191361,0.285729548,2.802053899,0.65618023,0.061248942
42.12377477,0.288960885,2.796390893,0.682319779,0.063215469
42.12841344,0.29380789,2.79323579,0.672404778,0.06911505
42.13305211,0.287345217,2.784903081,0.628237952,0.063530113
42.13769078,0.285325631,2.776004072,0.649870683,0.061563586
42.14232945,0.291222821,2.770907366,0.691333417,0.066361912
42.14696812,0.290980471,2.766053361,0.632744771,0.067856472
42.15160679,0.285325631,2.756183551,0.63725159,0.061720909
42.15624546,0.286537383,2.749630644,0.660687048,0.062350197
42.16088413,0.292757706,2.747122741,0.678714324,0.068800405
42.1655228,0.287345217,2.740569834,0.620125678,0.064946013
42.17016147,0.28459858,2.733936027,0.643561137,0.061327603
42.17480014,0.289041669,2.730780924,0.682319779,0.065024674
42.17943881,0.291545955,2.729567423,0.6444625,0.068721744
42.18407748,0.285648765,2.722690915,0.630942044,0.062271536
42.18871615,0.285487198,2.71775601,0.652574774,0.061720909
42.19335482,0.292030655,2.717270609,0.690432053,0.068013795
42.19799349,0.288556968,2.714439106,0.62282977,0.066047268
42.20263216,0.284275447,2.7086952,0.642659773,0.061327603
42.20727083,0.287587567,2.705297397,0.674207505,0.063844758
42.2119095,0.292030655,2.705863697,0.661588412,0.069036389
42.21654817,0.286052682,2.700928792,0.625533861,0.063451452
42.22118684,0.284760147,2.697045588,0.647166592,0.061563586
42.22582551,0.290899687,2.697854589,0.692234781,0.066597895
42.23046418,0.29025342,2.698420889,0.63004068,0.067541828
42.23510285,0.284679364,2.695912987,0.641758409,0.061642248
42.23974152,0.286618166,2.697288288,0.67060205,0.062507519
42.24438019,0.292515356,2.705701897,0.690432053,0.068879066
42.24901886,0.287587567,2.711284003,0.638152954,0.064316724
42.25365753,0.285083281,2.716380709,0.66339114,0.061327603
42.2582962,0.290334203,2.723742616,0.704853874,0.065181996
42.26293487,0.292353789,2.730619124,0.659785685,0.068564422
42.26757354,0.285729548,2.730376423,0.647166592,0.062507519
42.27221221,0.286375816,2.729567423,0.666996595,0.061878231
42.27685088,0.293403973,2.731832625,0.699445691,0.068092456
42.28148955,0.289122452,2.729405622,0.631843407,0.065968607
42.28612822,0.285729548,2.723257216,0.649870683,0.061406264
42.29076689,0.289203235,2.720992013,0.683221143,0.063766097
42.29540556,0.293484757,2.721153814,0.664292504,0.068879066
42.30004423,0.286779733,2.715733508,0.631843407,0.063058147
42.3046829,0.286052682,2.710717703,0.653476138,0.061406264
42.30932157,0.292434572,2.711041303,0.6967416,0.06691254
42.31396024,0.291061254,2.711445803,0.635448863,0.067384506
42.31859891,0.286779733,2.709099701,0.649870683,0.062035553
42.32323758,0.288960885,2.7085334,0.675108869,0.063136808
42.32787625,0.295261992,2.710636802,0.681418415,0.069272372
42.33251492,0.289203235,2.706268198,0.627336589,0.064710029
42.33715359,0.2869413,2.700119791,0.648067956,0.061642248
42.34179226,0.292596139,2.697611889,0.691333417,0.065417979
42.34643093,0.293403973,2.696721988,0.645363864,0.068564422
42.3510696,0.287102866,2.692272483,0.641758409,0.06258618
42.35570827,0.288072268,2.68960278,0.665193867,0.061956892
42.36034694,0.294696508,2.68984548,0.691333417,0.068564422
42.36498561,0.289607152,2.685395976,0.623731133,0.065732623
42.36962428,0.286052682,2.677791368,0.642659773,0.061563586
42.37426295,0.289768719,2.673260963,0.675108869,0.064238063
42.37890162,0.293242406,2.671157561,0.650772047,0.068957727
42.38354029,0.286618166,2.664038353,0.621928406,0.063058147
42.38817896,0.285406415,2.658051747,0.641758409,0.061563586
42.39281763,0.292111438,2.657080946,0.685925234,0.067463167
42.3974563,0.289930286,2.654330343,0.618322951,0.067069862
42.40209497,0.285002498,2.648020136,0.633646135,0.061878231
42.40673364,0.286618166,2.644056032,0.660687048,0.063058147
42.41137231,0.292030655,2.644460532,0.662489776,0.069036389
42.41601098,0.285567982,2.639849227,0.615618859,0.06400208
42.42064965,0.283225262,2.634752522,0.639054318,0.061406264
42.42528832,0.288880102,2.634833422,0.682319779,0.065889946
42.42992699,0.289284019,2.635157022,0.630942044,0.068328439
42.43456566,0.283063696,2.630464817,0.63004068,0.062114214
42.43920433,0.28411388,2.627714214,0.653476138,0.062114214
42.443843,0.290091853,2.629251316,0.678714324,0.068249778
42.44848167,0.285164064,2.627471514,0.616520223,0.064867352
42.45312034,0.281528811,2.62350741,0.639955681,0.06109162
42.45775901,0.285971899,2.62310291,0.676911597,0.064159402
42.46239768,0.288799318,2.625287212,0.647166592,0.068643083
42.46703635,0.282498212,2.621970308,0.625533861,0.062822164
42.47167502,0.281932728,2.618977005,0.646265228,0.06179957
42.47631369,0.288556968,2.620756807,0.687727962,0.067384506
42.48095236,0.286214249,2.620514107,0.620125678,0.066755217
42.48559103,0.28128646,2.616226402,0.63725159,0.061720909
42.4902297,0.28411388,2.614123,0.666095231,0.06329413
42.49486837,0.288960885,2.616145502,0.662489776,0.069193711
42.49950704,0.282821345,2.612504998,0.618322951,0.063923419
42.50414571,0.281124893,2.608864494,0.639955681,0.061563586
42.50878438,0.287102866,2.609430795,0.683221143,0.066125929
42.51342305,0.286618166,2.608783594,0.627336589,0.068013795
42.51806172,0.281124893,2.60433409,0.629139316,0.062192875
42.52270039,0.282498212,2.601664387,0.653476138,0.06258618
42.52733906,0.288718535,2.603525089,0.674207505,0.068957727
42.53197773,0.283225262,2.600774486,0.614717496,0.064946013
42.5366164,0.280478626,2.596001381,0.63725159,0.061327603
42.54125507,0.284760147,2.595758681,0.676010233,0.064552707
42.54589374,0.287264433,2.597619383,0.639955681,0.068879066
42.55053241,0.28080176,2.593331678,0.623731133,0.062507519
42.55517108,0.280963327,2.589529374,0.6444625,0.062035553
42.55980975,0.28766835,2.591147376,0.685023871,0.06769915
42.56444842,0.284679364,2.590985576,0.616520223,0.066361912
42.56908709,0.279913142,2.588315873,0.636350226,0.061642248
42.57372576,0.282982912,2.589448474,0.668799323,0.063451452
42.57836443,0.287829917,2.593250778,0.659785685,0.069193711
42.5830031,0.281448027,2.591551876,0.621928406,0.063687435
42.58764177,0.280397843,2.589367574,0.642659773,0.061484925
42.59228044,0.286537383,2.591309176,0.686826598,0.066597895
42.59691911,0.285648765,2.592846278,0.626435225,0.06769915
42.60155778,0.280397843,2.588720373,0.633646135,0.062035553
42.60619645,0.282175078,2.586859671,0.657982957,0.062822164
42.61083512,0.288233834,2.588558573,0.673306141,0.068957727
42.61547379,0.282821345,2.58588887,0.617421587,0.065024674
42.62011246,0.280074709,2.581682066,0.639054318,0.061720909
42.62475113,0.284517797,2.581277565,0.67781296,0.065575301
42.6293898,0.286537383,2.581520265,0.636350226,0.069351033
42.63402847,0.280155492,2.577717961,0.625533861,0.062664841
42.63866714,0.280236276,2.575371859,0.646265228,0.062192875
42.64330581,0.287264433,2.576828061,0.682319779,0.068721744
42.64794448,0.283144479,2.57618086,0.615618859,0.066361912
42.65258315,0.279024525,2.572540356,0.636350226,0.061956892
42.65722182,0.282417428,2.572863956,0.668799323,0.064631368
42.66186049,0.286779733,2.575857259,0.653476138,0.069980321
42.66649916,0.280478626,2.572944856,0.619224315,0.064159402
42.67113783,0.279024525,2.569466153,0.639054318,0.062271536
42.6757765,0.285729548,2.570679654,0.683221143,0.067620489
42.68041517,0.28411388,2.571245955,0.619224315,0.0684071
42.68505384,0.279105308,2.567767251,0.630942044,0.062743503
42.68969251,0.28055941,2.566149249,0.65618023,0.063766097
42.69433118,0.286618166,2.568818952,0.666996595,0.069980321
42.69896985,0.280882543,2.56655375,0.612914768,0.065339318
42.70360852,0.278539824,2.563236846,0.635448863,0.06258618
42.70824719,0.283548396,2.564288547,0.676911597,0.066597895
42.71288586,0.284921714,2.565906549,0.631843407,0.069587016
42.71752453,0.278782174,2.561861545,0.624632497,0.063215469
42.7221632,0.279105308,2.560971644,0.648067956,0.062822164
42.72680187,0.286052682,2.563803147,0.680517052,0.06911505
42.73144054,0.281851944,2.564126747,0.614717496,0.066755217
42.73607921,0.278459041,2.562023345,0.636350226,0.062114214
42.74071788,0.282336645,2.562589645,0.671503414,0.064867352
42.74535655,0.286295032,2.56679645,0.650772047,0.069744338
42.74999522,0.279670792,2.565502049,0.621928406,0.063766097
42.75463389,0.279186091,2.564854848,0.643561137,0.062192875
42.75927256,0.285729548,2.568333552,0.688629326,0.067541828
42.76391123,0.28387153,2.571326855,0.623731133,0.067541828
42.7685499,0.278862958,2.569951553,0.63725159,0.062350197
42.77318857,0.281367244,2.570922354,0.665193867,0.063608774
42.77782724,0.286618166,2.57634266,0.67060205,0.069744338
42.78246591,0.28080176,2.576828061,0.620125678,0.065103335
42.78710458,0.279024525,2.57618086,0.643561137,0.062428858
42.79174325,0.285164064,2.578365162,0.685925234,0.066440573
42.79638192,0.285810332,2.581682066,0.635448863,0.069193711
42.80102059,0.279590008,2.580064064,0.631843407,0.063058147
42.80565926,0.28055941,2.580306764,0.654377502,0.062822164
42.81029793,0.287264433,2.58556527,0.683221143,0.06911505
42.8149366,0.282578995,2.586293371,0.618322951,0.06620459
42.81957527,0.279266875,2.585079869,0.641758409,0.061956892
42.82421394,0.283709963,2.587506872,0.678714324,0.064867352
42.82885261,0.28718365,2.593008078,0.651673411,0.069429694
42.83349128,0.280882543,2.592927178,0.628237952,0.063215469
42.83812995,0.280478626,2.593736178,0.650772047,0.061878231
42.84276862,0.287264433,2.599560985,0.694037508,0.067777811
42.84740729,0.285002498,2.60457679,0.629139316,0.067227184
42.85204596,0.280640193,2.606356592,0.647166592,0.061878231
42.85668463,0.283629179,2.610967897,0.676010233,0.063451452
42.8613233,0.289041669,2.619219705,0.678714324,0.069429694
42.86596197,0.283306046,2.624154611,0.635448863,0.064159402
42.87060064,0.282013511,2.629413116,0.659785685,0.06179957
42.87523931,0.288476185,2.638312126,0.706656601,0.066440573
42.87987798,0.288476185,2.647292035,0.654377502,0.068328439
42.88451665,0.282821345,2.649314537,0.65618023,0.062035553
42.88915532,0.28435623,2.652307841,0.676911597,0.06258618
42.89379399,0.29073812,2.659022548,0.698544327,0.069036389
42.89843266,0.285729548,2.660397849,0.634547499,0.065417979
42.90307133,0.282578995,2.658860748,0.655278866,0.061956892
42.90771,0.287264433,2.66112595,0.691333417,0.065103335
42.91234867,0.29001107,2.665090054,0.658884321,0.068957727
42.91698734,0.283629179,2.663391152,0.638152954,0.062822164
42.92162601,0.283548396,2.662824852,0.657081593,0.062035553
42.92626468,0.290172636,2.666465356,0.697642964,0.068171117
42.93090335,0.287506784,2.667597957,0.63004068,0.066991201
42.93554202,0.283225262,2.665656355,0.649870683,0.061720909
42.94018069,0.286295032,2.667193456,0.681418415,0.063844758
42.94481936,0.291303604,2.671481161,0.676010233,0.069272372
42.94945803,0.285244848,2.67107666,0.633646135,0.064159402
42.9540967,0.283467613,2.668892358,0.654377502,0.061878231
42.95873537,0.289203235,2.669863159,0.6967416,0.066440573
42.96337404,0.288799318,2.67059126,0.636350226,0.067856472
42.96801271,0.283467613,2.667031656,0.640857045,0.062192875
42.97265138,0.284760147,2.665818155,0.665193867,0.062900825
42.97729005,0.290980471,2.669296859,0.684122507,0.069272372
42.98192872,0.285648765,2.669215959,0.625533861,0.065339318
42.98656739,0.282902129,2.667436157,0.648067956,0.062035553
42.99120606,0.287426,2.667921557,0.686826598,0.06549664
42.99584473,0.290091853,2.67099576,0.648969319,0.069272372
43.0004834,0.284275447,2.669296859,0.636350226,0.063136808
43.00512207,0.283548396,2.67018676,0.658884321,0.062428858
43.00976074,0.290414987,2.675526165,0.697642964,0.068249778
43.01439941,0.2869413,2.677063267,0.63004068,0.066676556
43.01903808,0.282659778,2.673908163,0.649870683,0.062114214
43.02367675,0.285729548,2.673503663,0.680517052,0.064159402
43.02831542,0.290172636,2.675445265,0.666996595,0.069665677
43.03295409,0.284194663,2.671400261,0.63004068,0.063923419
43.03759276,0.282982912,2.667355257,0.651673411,0.061956892
43.04223143,0.289041669,2.668002457,0.6967416,0.067069862
43.0468701,0.288233834,2.667274356,0.633646135,0.068013795
43.05150877,0.283225262,2.660397849,0.640857045,0.062743503
43.05614744,0.284760147,2.655624744,0.662489776,0.063136808
43.06078611,0.290899687,2.654653943,0.674207505,0.069272372
43.06542478,0.284921714,2.649799938,0.617421587,0.065260657
43.07006345,0.282336645,2.643651531,0.639955681,0.062114214
43.07470212,0.28718365,2.641386329,0.681418415,0.065968607
43.07934079,0.289041669,2.640739128,0.639054318,0.069036389
43.08397946,0.282578995,2.634752522,0.627336589,0.063058147
43.08861813,0.282982912,2.630141217,0.648969319,0.06258618
43.0932568,0.289364802,2.631192918,0.684122507,0.068800405
43.09789547,0.285406415,2.629413116,0.618322951,0.066755217
43.10253414,0.281367244,2.624963612,0.641758409,0.062350197
43.10717281,0.285002498,2.62310291,0.675108869,0.064788691
43.11181148,0.288880102,2.624073711,0.65618023,0.069980321
43.11645015,0.282902129,2.619138805,0.624632497,0.064159402
43.12108882,0.281771161,2.615660102,0.645363864,0.062664841
43.12572749,0.287829917,2.616792703,0.690432053,0.068171117
43.13036616,0.286537383,2.616550003,0.625533861,0.068013795
43.13500483,0.28080176,2.610967897,0.638152954,0.062664841
43.1396435,0.282982912,2.607893693,0.66339114,0.063766097
43.14428217,0.289122452,2.609916196,0.671503414,0.06990166
43.14892084,0.282740562,2.607246493,0.618322951,0.065181996
43.15355951,0.28080176,2.603039688,0.641758409,0.062428858
43.15819818,0.285891115,2.602554288,0.684122507,0.066440573
43.16283685,0.287426,2.602958788,0.636350226,0.06911505
43.16747552,0.28104411,2.599399184,0.630942044,0.063058147
43.17211419,0.281609594,2.597133982,0.653476138,0.06258618
43.17675286,0.288395401,2.599884585,0.683221143,0.069272372
43.18139153,0.283790746,2.599722785,0.619224315,0.066361912
43.1860302,0.279832359,2.596648582,0.640857045,0.062114214
43.19066887,0.28411388,2.597214882,0.67781296,0.064946013
43.19530754,0.28766835,2.600693586,0.65618023,0.069744338
43.19994621,0.281609594,2.599237384,0.63004068,0.063530113
43.20458488,0.280963327,2.599399184,0.652574774,0.062192875
43.20922355,0.287506784,2.60433409,0.6967416,0.067856472
43.21386222,0.285648765,2.607489193,0.63004068,0.067384506
43.21850089,0.280963327,2.605223991,0.645363864,0.062192875
43.22313956,0.283548396,2.606113892,0.672404778,0.063530113
43.22777823,0.289364802,2.611129697,0.675108869,0.069351033
43.2324169,0.282821345,2.610563396,0.627336589,0.064395385
43.23705557,0.281448027,2.609754395,0.648969319,0.061720909
43.24169424,0.287829917,2.612747699,0.693136145,0.066519234
43.24633291,0.288960885,2.617197203,0.643561137,0.068721744
43.25097158,0.283467613,2.616550003,0.643561137,0.062507519
43.25561025,0.285083281,2.616469103,0.665193867,0.06258618
43.26024892,0.292192222,2.620837707,0.689530689,0.069351033
43.26488759,0.287506784,2.620675907,0.625533861,0.065732623
43.26952626,0.284517797,2.616630903,0.646265228,0.06179957
43.27416493,0.288395401,2.615579202,0.682319779,0.064946013
43.2788036,0.291707521,2.617035403,0.650772047,0.069429694
43.28344227,0.285083281,2.612100498,0.627336589,0.062979486
43.28808094,0.284679364,2.607893693,0.647166592,0.062114214
43.29271961,0.291142037,2.609268995,0.688629326,0.068013795
43.29735828,0.288637751,2.608783594,0.621027042,0.067069862
43.30199695,0.284194663,2.60465769,0.639054318,0.062035553
43.30663562,0.286375816,2.603444189,0.668799323,0.063766097
43.31127429,0.291545955,2.606518392,0.665193867,0.069429694
43.31591296,0.285244848,2.603686889,0.621027042,0.064238063
43.32055163,0.283790746,2.600289085,0.642659773,0.061878231
43.3251903,0.289768719,2.601017186,0.687727962,0.066519234
43.32982897,0.289849503,2.601907087,0.632744771,0.068249778
43.33446764,0.284033097,2.597942983,0.634547499,0.062507519
43.33910631,0.285567982,2.596163181,0.657982957,0.062743503
43.34374498,0.291788305,2.598994684,0.678714324,0.069351033
43.34838365,0.286133465,2.597457582,0.619224315,0.065653962
43.35302232,0.283063696,2.59494968,0.641758409,0.062114214
43.35766099,0.287506784,2.595677781,0.680517052,0.065339318
43.36229966,0.289768719,2.598023883,0.645363864,0.069272372
43.36693833,0.283467613,2.59519238,0.629139316,0.063136808
43.371577,0.283548396,2.593655278,0.649870683,0.062271536
43.37621567,0.29025342,2.596082281,0.689530689,0.068171117
43.38085434,0.287102866,2.596486781,0.620125678,0.067148523
43.38549301,0.282740562,2.593008078,0.639955681,0.062035553
43.39013168,0.285810332,2.592603577,0.67060205,0.064080741
43.39477035,0.29049577,2.59519238,0.661588412,0.069429694
43.39940902,0.283790746,2.592765377,0.623731133,0.06400208
43.40404769,0.282578995,2.590581075,0.6444625,0.062035553
43.40868636,0.288637751,2.592927178,0.690432053,0.066833878
43.41332503,0.28766835,2.594626079,0.630942044,0.068171117
43.4179637,0.282255861,2.591470976,0.638152954,0.062271536
43.42260237,0.283548396,2.591228276,0.662489776,0.062822164
43.42724104,0.289930286,2.59503058,0.678714324,0.069351033
43.43187971,0.284517797,2.594302479,0.62282977,0.065181996
43.43651838,0.281851944,2.592279977,0.6444625,0.06179957
43.44115705,0.2869413,2.593088978,0.684122507,0.06549664
43.44579572,0.288395401,2.59551598,0.642659773,0.068879066
43.45043439,0.282417428,2.591875476,0.63004068,0.062743503
43.45507306,0.282417428,2.589124874,0.650772047,0.062271536
43.45971173,0.289203235,2.591066476,0.685925234,0.068171117
43.4643504,0.285406415,2.590176575,0.619224315,0.065968607
43.46898907,0.281205677,2.58613157,0.639054318,0.061720909
43.47362774,0.285002498,2.58572707,0.672404778,0.064159402
43.47826641,0.288799318,2.588882173,0.657982957,0.069193711
43.48290508,0.282417428,2.586616971,0.623731133,0.063451452
43.48754375,0.28128646,2.584109068,0.6444625,0.062114214
43.49218242,0.28766835,2.586374271,0.689530689,0.067069862
43.49682109,0.286618166,2.589367574,0.627336589,0.067777811
43.50145976,0.281367244,2.587506872,0.639054318,0.062114214
43.50609843,0.283467613,2.587992272,0.666095231,0.06329413
43.5107371,0.289445586,2.592684477,0.67781296,0.069351033
43.51537577,0.283952313,2.593655278,0.625533861,0.064946013
43.52001444,0.281609594,2.593250778,0.649870683,0.061878231
43.52465311,0.286456599,2.597457582,0.692234781,0.065811284
43.52929178,0.287910701,2.602635188,0.647166592,0.068800405
43.53393045,0.281932728,2.602716088,0.639054318,0.062350197
43.53856912,0.282094294,2.60433409,0.660687048,0.062192875
43.54320779,0.289203235,2.609349895,0.693136145,0.068643083
43.54784646,0.284679364,2.611291497,0.628237952,0.066047268
43.55248513,0.281205677,2.611453297,0.649870683,0.06179957
43.5571238,0.284679364,2.614123,0.684122507,0.064238063
43.56176247,0.288799318,2.619219705,0.662489776,0.069429694
43.56640114,0.282255861,2.619462406,0.633646135,0.063451452
43.57103981,0.281609594,2.620918607,0.65618023,0.062114214
43.57567848,0.287829917,2.626824314,0.699445691,0.067541828
43.58031715,0.285971899,2.630141217,0.634547499,0.067541828
43.58495582,0.280720976,2.628523215,0.647166592,0.061878231
43.58959449,0.283063696,2.629413116,0.674207505,0.063215469
43.59423316,0.289284019,2.633862621,0.678714324,0.069272372
43.59887183,0.282578995,2.63321542,0.628237952,0.064316724
43.6035105,0.280397843,2.630464817,0.648969319,0.061720909
43.60814917,0.286295032,2.63256822,0.691333417,0.065968607
43.61278784,0.287264433,2.634509822,0.640857045,0.068564422
43.61742651,0.281205677,2.632001919,0.639054318,0.062428858
43.62206518,0.282175078,2.630707518,0.66339114,0.062428858
43.62670385,0.288960885,2.634024421,0.692234781,0.068800405
43.63134252,0.284679364,2.635076122,0.628237952,0.066047268
43.63598119,0.281205677,2.634024421,0.648969319,0.062035553
43.64061986,0.285729548,2.634105321,0.682319779,0.065024674
43.64525853,0.288799318,2.635561523,0.653476138,0.069822999
43.6498972,0.282336645,2.630464817,0.626435225,0.063530113
43.65453587,0.282013511,2.626581613,0.646265228,0.062192875
43.65917454,0.288476185,2.626419813,0.688629326,0.067856472
43.66381321,0.285810332,2.624963612,0.620125678,0.067384506
43.66845188,0.280963327,2.619381506,0.635448863,0.062271536
43.67309055,0.283386829,2.616711803,0.66339114,0.06400208
43.67772922,0.288960885,2.617035403,0.662489776,0.06990166
43.68236789,0.282417428,2.613313999,0.615618859,0.064395385
43.68700656,0.280720976,2.608783594,0.639054318,0.061956892
43.69164523,0.286456599,2.608055494,0.682319779,0.066676556
43.6962839,0.286618166,2.608136394,0.628237952,0.068957727
43.70092257,0.280478626,2.603929589,0.63004068,0.062743503
43.70556124,0.281609594,2.601178986,0.654377502,0.062822164
43.71019991,0.287991484,2.602796988,0.676911597,0.069193711
43.71483858,0.283144479,2.600774486,0.616520223,0.065732623
43.71947725,0.280074709,2.597133982,0.639054318,0.062192875
43.72411592,0.284517797,2.596972182,0.67781296,0.06549664
43.72875459,0.287829917,2.599237384,0.646265228,0.069508355
43.73339326,0.28128646,2.596486781,0.627336589,0.063215469
43.73803193,0.281448027,2.593978879,0.648969319,0.062350197
43.7426706,0.287991484,2.596567681,0.688629326,0.068485761
43.74730927,0.285164064,2.596567681,0.620125678,0.067384506
43.75194794,0.281124893,2.593088978,0.639054318,0.062192875
43.75658661,0.284517797,2.592522677,0.668799323,0.063844758
43.76122528,0.289768719,2.59535418,0.662489776,0.069587016
43.76586395,0.283386829,2.592927178,0.621928406,0.064316724
43.77050262,0.282094294,2.591309176,0.6444625,0.062271536
43.77514129,0.288153051,2.59478788,0.688629326,0.066991201
43.77977996,0.287991484,2.597457582,0.631843407,0.0684071
43.78441863,0.282659778,2.597133982,0.638152954,0.06258618
43.7890573,0.284679364,2.600046385,0.664292504,0.063215469
43.79369597,0.291303604,2.607408293,0.683221143,0.069665677
43.79833464,0.286779733,2.611210597,0.626435225,0.065732623
43.80297331,0.28459858,2.612990399,0.650772047,0.062192875
43.80761198,0.289687936,2.617359004,0.690432053,0.065575301
43.81225065,0.291788305,2.62334561,0.652574774,0.069272372
43.81688932,0.285406415,2.622213009,0.63725159,0.062979486
43.82152799,0.286133465,2.621404008,0.65618023,0.062114214
43.82616666,0.292353789,2.625610812,0.693136145,0.068328439
43.83080533,0.289284019,2.626015313,0.623731133,0.066833878
43.835444,0.28459858,2.622455709,0.641758409,0.062271536
43.84008267,0.287910701,2.620999507,0.672404778,0.064474046
43.84472134,0.292111438,2.621889408,0.659785685,0.069665677
43.84936001,0.285406415,2.617763504,0.621928406,0.063923419
43.85399868,0.28435623,2.6138803,0.642659773,0.061956892
43.85863735,0.290091853,2.6140421,0.686826598,0.067148523
43.86327602,0.288799318,2.612747699,0.624632497,0.068013795
43.86791469,0.283306046,2.608298194,0.634547499,0.062271536
43.87255336,0.284840931,2.605385791,0.659785685,0.062743503
43.87719203,0.290576553,2.606680192,0.671503414,0.069193711
43.8818307,0.284840931,2.604091389,0.617421587,0.065024674
43.88646937,0.282094294,2.601340787,0.640857045,0.061720909
43.89110804,0.287102866,2.601826187,0.683221143,0.06549664
43.89574671,0.288880102,2.603929589,0.639955681,0.068721744
43.90038538,0.282417428,2.600936286,0.63004068,0.062664841
43.90502405,0.282740562,2.599075584,0.650772047,0.06258618
43.90966272,0.289849503,2.602554288,0.685023871,0.068721744
43.91430139,0.285487198,2.601987987,0.620125678,0.066440573
43.91894006,0.281771161,2.599156484,0.641758409,0.062114214
43.92357873,0.285244848,2.599965485,0.676010233,0.064395385
43.9282174,0.289122452,2.60425319,0.658884321,0.069508355
43.93285607,0.282821345,2.604010489,0.63004068,0.063451452
43.93749474,0.282255861,2.604091389,0.651673411,0.061878231
43.94213341,0.288556968,2.608621794,0.697642964,0.067305845
43.94677208,0.287264433,2.612181398,0.635448863,0.067463167
43.95141075,0.282417428,2.612100498,0.649870683,0.06179957
43.95604942,0.284840931,2.614851101,0.676911597,0.063058147
43.96068809,0.290818904,2.62350741,0.685925234,0.069272372
43.96532676,0.285325631,2.628765916,0.636350226,0.064631368
43.96996543,0.283467613,2.634267121,0.661588412,0.061878231
43.9746041,0.289203235,2.64276163,0.705755238,0.065811284
43.97924277,0.29049577,2.651094339,0.657081593,0.068171117
43.98388144,0.284679364,2.656433745,0.655278866,0.062271536
43.98852011,0.285891115,2.667678857,0.683221143,0.062114214
43.99315878,0.293242406,2.686204977,0.719275694,0.068249778
43.99779745,0.290172636,2.701980493,0.659785685,0.065653962
44.00243612,0.287749134,2.714439106,0.690432053,0.061642248
44.00707479,0.292838489,2.725765118,0.725585241,0.064238063
44.01171346,0.297200794,2.734097827,0.693136145,0.069429694
44.01635213,0.290899687,2.733369727,0.660687048,0.06329413
44.0209908,0.289768719,2.729243822,0.67060205,0.062114214
44.02562947,0.295908259,2.72714042,0.709360693,0.067541828
44.03026814,0.293727107,2.722367315,0.638152954,0.067148523
44.03490681,0.288718535,2.713630106,0.648969319,0.062035553
44.03954548,0.290576553,2.707481699,0.673306141,0.063451452
44.04418415,0.295827476,2.704811996,0.672404778,0.069587016
44.04882282,0.289203235,2.698097289,0.62282977,0.064474046
44.05346149,0.287506784,2.690330881,0.645363864,0.061878231
44.05810016,0.292676922,2.687094877,0.687727962,0.066440573
44.06273883,0.292676922,2.684101574,0.634547499,0.068328439
44.0673775,0.287102866,2.677063267,0.633646135,0.062192875
44.07201617,0.28766835,2.671804761,0.654377502,0.06258618
44.07665484,0.29380789,2.67107666,0.67781296,0.068879066
44.08129351,0.289203235,2.665899055,0.614717496,0.065653962
44.08593218,0.285648765,2.659507948,0.63725159,0.061878231
44.09057085,0.289687936,2.656191045,0.673306141,0.064788691
44.09520952,0.292273005,2.655301144,0.643561137,0.069193711
44.09984819,0.285567982,2.648829137,0.62282977,0.063136808
44.10448686,0.285083281,2.644136932,0.643561137,0.062114214
44.10912553,0.291869088,2.643570631,0.685023871,0.06769915
44.1137642,0.288718535,2.641305429,0.617421587,0.066991201
44.11840287,0.284033097,2.635642423,0.634547499,0.062114214
44.12304154,0.286618166,2.63329632,0.664292504,0.063372791
44.12768021,0.291465171,2.633458121,0.660687048,0.069193711
44.13231888,0.285083281,2.630383917,0.618322951,0.063844758
44.13695755,0.283144479,2.626177113,0.640857045,0.061720909
44.14159622,0.289041669,2.626581613,0.685925234,0.06620459
44.14623489,0.288960885,2.627471514,0.628237952,0.067777811
44.15087356,0.283306046,2.62366921,0.633646135,0.061563586
44.15551223,0.28459858,2.622213009,0.657982957,0.06258618
44.1601509,0.291222821,2.625368112,0.67781296,0.06911505
44.16478957,0.285810332,2.624882711,0.620125678,0.064788691
44.16942824,0.282902129,2.621404008,0.641758409,0.061406264
44.17406691,0.28766835,2.621646708,0.681418415,0.065103335
44.17870558,0.29049577,2.624559111,0.645363864,0.068643083
44.18334425,0.284679364,2.621727608,0.629139316,0.06258618
44.18798292,0.284840931,2.619947806,0.648969319,0.062035553
44.19262159,0.291222821,2.622698409,0.686826598,0.068092456
44.19726026,0.287829917,2.622698409,0.619224315,0.066440573
44.20189893,0.283709963,2.618815205,0.639054318,0.06179957
44.2065376,0.286456599,2.617520804,0.669700686,0.064080741
44.21117627,0.291303604,2.620109606,0.659785685,0.069272372
44.21581494,0.28459858,2.617601704,0.62282977,0.063530113
44.22045361,0.283386829,2.6145275,0.645363864,0.061878231
44.22509228,0.289768719,2.616307302,0.690432053,0.066755217
44.22973095,0.288799318,2.619381506,0.631843407,0.067856472
44.23436962,0.283144479,2.617278103,0.641758409,0.062271536
44.23900829,0.284921714,2.616550003,0.666095231,0.063136808
44.24364696,0.291222821,2.620514107,0.680517052,0.069508355
44.24828563,0.285810332,2.620514107,0.623731133,0.065024674
44.2529243,0.283306046,2.618248904,0.647166592,0.061563586
44.25756297,0.287910701,2.620271407,0.688629326,0.06549664
44.26220164,0.290091853,2.625691712,0.648969319,0.06911505
44.26684031,0.283386829,2.625529912,0.639054318,0.062979486
44.27147898,0.284275447,2.627795115,0.660687048,0.062192875
44.27611765,0.290657337,2.634752522,0.698544327,0.068171117
44.28075632,0.286779733,2.641467229,0.638152954,0.065732623
44.28539499,0.283063696,2.648505537,0.665193867,0.061563586
44.29003366,0.286779733,2.663229352,0.707557965,0.063923419
44.29467233,0.29073812,2.686124076,0.702149782,0.069193711
44.299311,0.284921714,2.706187298,0.676911597,0.06329413
44.30394967,0.28411388,2.723904417,0.702149782,0.061720909
44.30858834,0.290414987,2.740246234,0.739105697,0.06691254
44.31322701,0.288960885,2.748255342,0.666996595,0.067541828
44.31786568,0.283790746,2.747446341,0.672404778,0.06179957
44.32250435,0.285810332,2.745342939,0.690432053,0.062979486
44.32714302,0.292111438,2.74566654,0.694037508,0.06911505
44.33178169,0.285971899,2.739275433,0.635448863,0.064474046
44.33642036,0.283790746,2.731509025,0.653476138,0.061327603
44.34105903,0.288718535,2.727868521,0.692234781,0.065339318
44.3456977,0.289768719,2.725684218,0.6444625,0.068249778
44.35033637,0.283548396,2.71783691,0.636350226,0.062035553
44.35497504,0.284275447,2.711850304,0.657081593,0.062035553
44.35961371,0.290818904,2.710151402,0.687727962,0.068171117
44.36425238,0.286618166,2.705135597,0.621027042,0.065732623
44.36889105,0.282821345,2.698259089,0.641758409,0.061484925
44.37352972,0.286698949,2.695346686,0.676911597,0.064080741
44.37816839,0.290657337,2.694780386,0.653476138,0.068879066
44.38280706,0.283790746,2.688470179,0.624632497,0.062743503
44.38744573,0.283063696,2.683535274,0.645363864,0.06179957
44.3920844,0.289445586,2.682807173,0.690432053,0.067384506
44.39672307,0.287991484,2.680622871,0.624632497,0.067463167
44.40136174,0.283306046,2.675121665,0.639054318,0.061878231
44.40600041,0.285567982,2.672856462,0.666996595,0.063136808
44.41063908,0.290899687,2.673827263,0.672404778,0.069272372
44.41527775,0.284921714,2.668973258,0.62282977,0.064395385
44.41991642,0.282902129,2.663633853,0.6444625,0.061642248
44.42455509,0.288072268,2.662015851,0.686826598,0.065968607
44.42919376,0.288880102,2.66088325,0.634547499,0.068171117
44.43383243,0.282578995,2.654653943,0.630942044,0.061878231
44.4384711,0.283386829,2.651013439,0.653476138,0.062271536
44.44310977,0.29001107,2.651094339,0.679615688,0.068564422
44.44774844,0.285083281,2.646644835,0.615618859,0.065339318
44.45238711,0.281932728,2.640739128,0.639054318,0.061563586
44.45702578,0.286375816,2.639040226,0.675108869,0.064316724
44.46166445,0.289041669,2.638716626,0.647166592,0.068879066
44.46630312,0.282821345,2.634267121,0.624632497,0.062664841
44.47094179,0.282013511,2.630383917,0.645363864,0.061563586
44.47558046,0.288718535,2.629736717,0.685925234,0.067463167
44.48021913,0.285971899,2.628037815,0.618322951,0.067069862
44.4848578,0.28128646,2.621889408,0.635448863,0.061720909
44.48949647,0.283629179,2.618815205,0.66339114,0.063451452
44.49413514,0.289041669,2.619947806,0.661588412,0.069351033
44.49877381,0.282417428,2.615660102,0.615618859,0.063923419
44.50341248,0.28104411,2.610401596,0.63725159,0.061642248
44.50805115,0.286698949,2.610239796,0.681418415,0.066519234
44.51268982,0.286860516,2.610563396,0.626435225,0.068249778
44.51732849,0.28104411,2.605628491,0.628237952,0.062507519
44.52196716,0.282740562,2.602716088,0.653476138,0.062743503
44.52660583,0.289445586,2.605143091,0.676911597,0.069036389
44.5312445,0.284517797,2.60490039,0.617421587,0.06549664
44.53588317,0.281851944,2.603120588,0.640857045,0.062035553
44.54052184,0.286618166,2.603444189,0.679615688,0.064946013
44.54516051,0.289203235,2.606113892,0.643561137,0.069272372
44.54979918,0.282659778,2.602149787,0.624632497,0.062822164
44.55443785,0.282255861,2.598347483,0.6444625,0.061878231
44.55907652,0.289203235,2.599803685,0.684122507,0.068013795
44.56371519,0.286052682,2.598347483,0.615618859,0.066597895
44.56835386,0.281124893,2.594302479,0.633646135,0.061406264
44.57299253,0.284194663,2.592927178,0.664292504,0.063451452
44.5776312,0.288880102,2.59503058,0.65618023,0.069351033
44.58226987,0.282417428,2.592037277,0.616520223,0.063687435
44.58690854,0.28104411,2.588315873,0.638152954,0.061642248
44.59154721,0.2869413,2.589772074,0.683221143,0.066676556
44.59618588,0.286052682,2.590823775,0.623731133,0.068328439
44.60082455,0.280640193,2.588315873,0.630942044,0.062743503
44.60546322,0.282255861,2.587506872,0.65618023,0.063372791
44.61010189,0.288153051,2.590985576,0.672404778,0.06990166
44.61474056,0.283225262,2.589852974,0.615618859,0.065653962
44.61937923,0.279751575,2.588073172,0.639054318,0.062428858
44.6240179,0.284840931,2.589691174,0.679615688,0.065968607
44.62865657,0.287345217,2.591956377,0.641758409,0.069508355
44.63329524,0.281124893,2.590257475,0.628237952,0.063136808
44.63793391,0.281609594,2.589691174,0.648969319,0.062428858
44.64257258,0.288718535,2.594302479,0.686826598,0.068643083
44.64721125,0.284921714,2.596001381,0.620125678,0.066676556
44.65184992,0.28104411,2.59494968,0.641758409,0.062114214
44.65648859,0.284517797,2.597619383,0.675108869,0.064474046
44.66112726,0.289041669,2.60417229,0.665193867,0.069822999
44.66576593,0.282659778,2.605952091,0.632744771,0.064159402
44.6704046,0.281851944,2.608298194,0.657081593,0.062271536
44.67504327,0.287991484,2.616064602,0.70395251,0.067463167
44.67968194,0.28718365,2.62342651,0.643561137,0.068092456
44.68432061,0.281932728,2.627228814,0.65618023,0.062428858
44.68895928,0.284033097,2.63337722,0.685023871,0.063215469
44.69359795,0.289930286,2.645350433,0.702149782,0.069587016
44.69823662,0.284840931,2.654896643,0.651673411,0.064867352
44.70287529,0.282417428,2.664281053,0.679615688,0.062114214
44.70751396,0.287264433,2.677305967,0.722881149,0.066047268
44.71215263,0.288799318,2.692191583,0.684122507,0.069036389
44.7167913,0.283306046,2.704164796,0.683221143,0.063058147
44.72142997,0.28435623,2.71775601,0.709360693,0.062664841
44.72606864,0.291788305,2.73636303,0.745415244,0.068643083
44.73070731,0.288072268,2.752381247,0.681418415,0.066361912
44.73534598,0.28435623,2.763221858,0.701248419,0.061878231
44.73998465,0.288314618,2.773172569,0.730993423,0.064474046
44.74462332,0.292596139,2.784336781,0.705755238,0.069272372
44.74926199,0.286133465,2.787006483,0.668799323,0.063451452
44.75390066,0.285567982,2.786925583,0.680517052,0.061878231
44.75853933,0.291869088,2.788624485,0.717472967,0.06769915
44.763178,0.290172636,2.785873882,0.645363864,0.06769915
44.76781667,0.285002498,2.777702974,0.653476138,0.062350197
44.77245534,0.287102866,2.771473667,0.675108869,0.06329413
44.77709401,0.292353789,2.768884864,0.678714324,0.069193711
44.78173268,0.286295032,2.761280256,0.625533861,0.064395385
44.78637135,0.28435623,2.752947547,0.646265228,0.061878231
44.79101002,0.289930286,2.749064343,0.687727962,0.066125929
44.79564869,0.29049577,2.74639464,0.639054318,0.068800405
44.80028736,0.284437014,2.738709132,0.634547499,0.062664841
44.80492603,0.285164064,2.732884326,0.657081593,0.062743503
44.8095647,0.291949872,2.731670825,0.685023871,0.069036389
44.81420337,0.28718365,2.72705952,0.620125678,0.066125929
44.81884204,0.283709963,2.719212212,0.640857045,0.061956892
44.82348071,0.287910701,2.714600907,0.676010233,0.065024674
44.82811938,0.291303604,2.712740205,0.648969319,0.069429694
44.83275805,0.284437014,2.705054697,0.623731133,0.063136808
44.83739672,0.283386829,2.697611889,0.6444625,0.061878231
44.84203539,0.290334203,2.694942186,0.686826598,0.067463167
44.84667406,0.28766835,2.690978082,0.618322951,0.067069862
44.85131273,0.282902129,2.683373474,0.633646135,0.062035553
44.8559514,0.285164064,2.678195868,0.661588412,0.063608774
44.86059007,0.290414987,2.677710468,0.662489776,0.069272372
44.86522874,0.284840931,2.672128362,0.616520223,0.064238063
44.86986741,0.282982912,2.665818155,0.639054318,0.061878231
44.87450608,0.288153051,2.665494555,0.683221143,0.066440573
44.87914475,0.288314618,2.665090054,0.629139316,0.068485761
44.88378342,0.282417428,2.660074249,0.63004068,0.062428858
44.88842209,0.283548396,2.656191045,0.653476138,0.06258618
44.89306076,0.29001107,2.657323646,0.67781296,0.068879066
44.89769943,0.284760147,2.654330343,0.615618859,0.06549664
44.9023381,0.282255861,2.649314537,0.63725159,0.062114214
44.90697677,0.286537383,2.647858336,0.678714324,0.065181996
44.91161544,0.289849503,2.649476338,0.646265228,0.069272372
44.91625411,0.283952313,2.645835834,0.628237952,0.063058147
44.92089278,0.28387153,2.64259983,0.649870683,0.062114214
44.92553145,0.290576553,2.643813332,0.688629326,0.068013795
44.93017012,0.28766835,2.64268073,0.620125678,0.066755217
44.93480879,0.283144479,2.637422225,0.63725159,0.061642248
44.93944746,0.285891115,2.635642423,0.666996595,0.063766097
44.94408613,0.290980471,2.637341325,0.661588412,0.069429694
44.9487248,0.284760147,2.634105321,0.619224315,0.064159402
44.95336347,0.283144479,2.631031118,0.641758409,0.062114214
44.95800214,0.288960885,2.632244619,0.686826598,0.068171117
44.96264081,0.288880102,2.63313452,0.63004068,0.070058983
44.96727948,0.283225262,2.629413116,0.635448863,0.063844758
44.97191815,0.284840931,2.628685016,0.658884321,0.064788691
44.97655682,0.290899687,2.631516519,0.678714324,0.071002915
44.98119549,0.285891115,2.630545717,0.619224315,0.066833878
44.98583416,0.283225262,2.628037815,0.641758409,0.063215469
44.99047283,0.287749134,2.629898517,0.682319779,0.066833878
44.9951115,0.290334203,2.633539021,0.645363864,0.070530949
44.99975017,0.283790746,2.631921019,0.631843407,0.064238063
45.00438884,0.28435623,2.632325519,0.652574774,0.063372791
45.00902751,0.291142037,2.636694124,0.692234781,0.069272372
45.01366618,0.287829917,2.639768327,0.625533861,0.06769915
45.01830485,0.284275447,2.639525627,0.646265228,0.062900825
45.02294352,0.287506784,2.642842531,0.679615688,0.065103335
45.02758219,0.291788305,2.649233637,0.668799323,0.070845593
45.03222086,0.285729548,2.649557238,0.630942044,0.065103335
45.03685953,0.284679364,2.648748237,0.652574774,0.062900825
45.0414982,0.291142037,2.652955041,0.697642964,0.068092456
45.04613687,0.29025342,2.656676445,0.635448863,0.068800405
45.05077554,0.285083281,2.655543844,0.643561137,0.062979486
45.05541421,0.286860516,2.656352845,0.667897959,0.063844758
45.06005288,0.292757706,2.662177651,0.681418415,0.070137644
45.06469155,0.287587567,2.664200153,0.625533861,0.065811284
45.06933022,0.285325631,2.664604654,0.648969319,0.062428858
45.07396889,0.29049577,2.668649658,0.690432053,0.066125929
45.07860756,0.292515356,2.673584563,0.646265228,0.069744338
45.08324623,0.286295032,2.672937362,0.635448863,0.063608774
45.0878849,0.286456599,2.673180063,0.65618023,0.063136808
45.09252357,0.29332319,2.677710468,0.688629326,0.069193711
45.09716224,0.289607152,2.679409369,0.621928406,0.067069862
45.10180091,0.286052682,2.678519468,0.643561137,0.062271536
45.10643958,0.289445586,2.680703771,0.676911597,0.064631368
45.11107825,0.29332319,2.686204977,0.659785685,0.06990166
45.11571692,0.286860516,2.684586975,0.627336589,0.064080741
45.12035559,0.286133465,2.683616174,0.648067956,0.06258618
45.12499426,0.292838489,2.688227479,0.693136145,0.067856472
45.12963293,0.291142037,2.690735381,0.630942044,0.068092456
45.1342716,0.285891115,2.688389279,0.643561137,0.062743503
45.13891027,0.287991484,2.687903878,0.668799323,0.063608774
45.14354894,0.294292591,2.692353383,0.67781296,0.069744338
45.14818761,0.288476185,2.690007281,0.623731133,0.064946013
45.15282628,0.286456599,2.685638676,0.6444625,0.062507519
45.15746495,0.291869088,2.684667875,0.687727962,0.066676556
45.16210362,0.292919273,2.686366777,0.639955681,0.069036389
45.16674229,0.286618166,2.683292573,0.635448863,0.063058147
45.17138096,0.287102866,2.681998172,0.657982957,0.063058147
45.17601963,0.293969457,2.684020674,0.689530689,0.069272372
45.1806583,0.289768719,2.685395976,0.628237952,0.066519234
45.18529697,0.286052682,2.684506075,0.653476138,0.062350197
45.18993564,0.289687936,2.68903648,0.694037508,0.064788691
45.19457431,0.293403973,2.702142293,0.682319779,0.070058983
45.19921298,0.287264433,2.716623409,0.674207505,0.063766097
45.20385165,0.287102866,2.730538224,0.705755238,0.062428858
45.20849032,0.293888674,2.743482237,0.74451388,0.068092456
45.21312899,0.292111438,2.748255342,0.667897959,0.067777811
45.21776766,0.287022083,2.74566654,0.674207505,0.062350197
45.22240633,0.289284019,2.744048538,0.694037508,0.063687435
45.227045,0.295181208,2.745262039,0.690432053,0.069822999
45.23168367,0.289445586,2.742026036,0.635448863,0.064710029
45.23632234,0.287264433,2.737576531,0.653476138,0.061878231
45.24096101,0.292757706,2.736120329,0.693136145,0.066597895
45.24559968,0.293161623,2.734259627,0.639955681,0.068800405
45.25023835,0.287102866,2.72754492,0.63725159,0.062192875
45.25487702,0.288153051,2.721558314,0.657081593,0.06258618
45.25951569,0.294292591,2.720344813,0.681418415,0.068800405
45.26415436,0.289284019,2.714924507,0.617421587,0.065811284
45.26879303,0.285729548,2.706025498,0.63725159,0.061878231
45.2734317,0.289849503,2.700200691,0.672404778,0.064788691
45.27807037,0.292596139,2.695993887,0.640857045,0.069272372
45.28270904,0.285487198,2.687094877,0.617421587,0.063136808
45.28734771,0.284921714,2.679085769,0.63725159,0.062114214
45.29198638,0.291303604,2.675687965,0.678714324,0.067856472
45.29662505,0.288476185,2.67051036,0.610210677,0.066991201
45.30126372,0.283629179,2.662015851,0.627336589,0.061878231
45.30590239,0.285891115,2.656757345,0.657081593,0.063608774
45.31054106,0.290818904,2.655543844,0.654377502,0.069272372
45.31517973,0.284517797,2.649799938,0.61111204,0.064316724
45.3198184,0.282740562,2.643894232,0.633646135,0.061878231
45.32445707,0.287991484,2.643004331,0.678714324,0.066440573
45.32909574,0.287910701,2.641629029,0.623731133,0.068485761
45.33373441,0.281932728,2.636208723,0.628237952,0.062114214
45.33837308,0.283467613,2.634024421,0.652574774,0.062664841
45.34301175,0.289364802,2.635480623,0.675108869,0.069193711
45.34765042,0.284517797,2.634267121,0.616520223,0.065417979
45.35228909,0.281771161,2.631597419,0.640857045,0.061878231
45.35692776,0.286052682,2.63289182,0.681418415,0.064867352
45.36156643,0.288637751,2.635804223,0.647166592,0.069036389
45.3662051,0.282013511,2.63313452,0.629139316,0.062979486
45.37084377,0.282336645,2.631516519,0.649870683,0.062114214
45.37548244,0.289122452,2.634509822,0.690432053,0.068249778
45.38012111,0.286214249,2.635804223,0.62282977,0.067069862
45.38475978,0.282175078,2.633458121,0.642659773,0.062192875
45.38939845,0.285244848,2.633943521,0.673306141,0.063844758
45.39403712,0.289768719,2.637907625,0.66339114,0.069744338
45.39867579,0.283467613,2.637017724,0.624632497,0.063766097
45.40331446,0.282417428,2.636694124,0.647166592,0.061878231
45.40795313,0.289041669,2.639444727,0.690432053,0.06691254
45.4125918,0.288153051,2.64211443,0.630942044,0.067856472
45.41723047,0.282902129,2.640739128,0.639955681,0.062192875
45.42186914,0.284760147,2.641709929,0.666095231,0.062900825
45.42650781,0.290657337,2.646402134,0.683221143,0.069036389
45.43114648,0.285164064,2.646240334,0.623731133,0.065181996
45.43578515,0.282740562,2.643247031,0.645363864,0.061956892
45.44042382,0.28766835,2.643975132,0.685925234,0.065653962
45.44506249,0.289122452,2.645997634,0.6444625,0.069429694
45.44970116,0.283144479,2.641062729,0.63004068,0.062900825
45.45433983,0.283386829,2.638473926,0.649870683,0.062114214
45.4589785,0.29001107,2.639687427,0.685023871,0.068249778
45.46361717,0.286375816,2.639040226,0.618322951,0.066519234
45.46825584,0.282498212,2.636208723,0.639955681,0.062035553
45.47289451,0.285406415,2.638797526,0.675108869,0.06400208
45.47753318,0.289607152,2.646321234,0.665193867,0.069587016
45.48217185,0.283225262,2.649314537,0.63725159,0.063530113
45.48681052,0.282659778,2.654330343,0.66339114,0.062035553
45.49144919,0.288556968,2.664604654,0.709360693,0.067227184
45.49608786,0.287506784,2.672532862,0.646265228,0.067856472
45.50072653,0.282175078,2.674312664,0.652574774,0.062271536
45.5053652,0.28435623,2.675526165,0.675108869,0.062900825
45.51000387,0.290414987,2.677467767,0.682319779,0.068957727
45.51464254,0.28459858,2.674636264,0.625533861,0.064474046
45.51928121,0.282336645,2.669782259,0.647166592,0.06179957
45.52391988,0.287264433,2.669944059,0.686826598,0.065811284
45.52855855,0.288880102,2.671642961,0.640857045,0.068879066
45.53319722,0.282740562,2.667355257,0.632744771,0.062271536
45.53783589,0.283063696,2.664442853,0.653476138,0.061956892
45.54247456,0.289607152,2.666708056,0.686826598,0.068171117
45.54711323,0.285567982,2.666303555,0.621928406,0.065889946
45.5517519,0.281932728,2.664281053,0.6444625,0.061563586
45.55639057,0.285729548,2.666627156,0.680517052,0.064395385
45.56102924,0.289768719,2.672047462,0.660687048,0.06911505
45.56566791,0.283548396,2.670024959,0.63004068,0.063215469
45.57030658,0.282578995,2.669296859,0.651673411,0.061878231
45.57494525,0.289203235,2.672775562,0.695840236,0.067384506
45.57958392,0.287426,2.673584563,0.63004068,0.067384506
45.58422259,0.282821345,2.669458659,0.642659773,0.061720909
45.58886126,0.285244848,2.667517057,0.668799323,0.062900825
45.59349993,0.290980471,2.669377759,0.672404778,0.069193711
45.5981386,0.285244848,2.664766454,0.621027042,0.064474046
45.60277727,0.283629179,2.659022548,0.642659773,0.061720909
45.60741594,0.288799318,2.657809046,0.684122507,0.065811284
45.61205461,0.289687936,2.657485446,0.632744771,0.068171117
45.61669328,0.28387153,2.650689839,0.629139316,0.062114214
45.62133195,0.284840931,2.646725735,0.650772047,0.06179957
45.62597062,0.291788305,2.646563934,0.67781296,0.067935134
45.63060929,0.287102866,2.644056032,0.613816132,0.065181996
45.63524796,0.283790746,2.638878426,0.63725159,0.060934298
45.63988663,0.288476185,2.637584025,0.672404778,0.06400208
45.6445253,0.291869088,2.638716626,0.647166592,0.068721744
45.64916397,0.285567982,2.634833422,0.623731133,0.062271536
45.65380264,0.284921714,2.631759219,0.643561137,0.061563586
45.65844131,0.291142037,2.634186221,0.688629326,0.067305845
45.66307998,0.288880102,2.635561523,0.621027042,0.066833878
45.66771865,0.28435623,2.632163719,0.63725159,0.061563586
45.67235732,0.287102866,2.632244619,0.666996595,0.063136808
45.67699599,0.292353789,2.636208723,0.668799323,0.069036389
45.68163466,0.286133465,2.635480623,0.624632497,0.063530113
45.68627333,0.284840931,2.635480623,0.648067956,0.061012959
45.690912,0.29073812,2.641386329,0.695840236,0.065889946
45.69555067,0.291222821,2.650608939,0.646265228,0.067856472
45.70018934,0.286456599,2.656757345,0.651673411,0.06179957
45.70482801,0.288072268,2.664685554,0.678714324,0.062271536
45.70946668,0.294858075,2.679409369,0.709360693,0.068721744
45.71410535,0.291303604,2.692676983,0.659785685,0.065103335
45.71874402,0.289122452,2.703113094,0.685925234,0.06109162
45.72338269,0.294454158,2.71807961,0.721078422,0.064710029
45.72802136,0.298008628,2.734664128,0.689530689,0.069036389
45.73266003,0.291788305,2.743563137,0.666996595,0.062743503
45.7372987,0.292111438,2.748093542,0.680517052,0.06179957
45.74193737,0.299139596,2.753513848,0.716571603,0.068013795
45.74657604,0.296231393,2.753675648,0.642659773,0.066755217
45.75121471,0.291142037,2.747689042,0.65618023,0.061956892
45.75585338,0.293969457,2.743967638,0.683221143,0.063844758
45.76049205,0.298897246,2.742915937,0.673306141,0.069351033
45.76513072,0.292515356,2.73652483,0.63004068,0.063923419
45.76976939,0.290980471,2.731266324,0.651673411,0.06179957
45.77440806,0.297039227,2.731266324,0.695840236,0.066676556
45.77904673,0.296554527,2.731589925,0.639054318,0.068013795
45.7836854,0.290899687,2.72754492,0.646265228,0.062035553
45.78832407,0.293161623,2.726331419,0.671503414,0.062507519
45.79296274,0.29994743,2.729729223,0.689530689,0.06911505
45.79760141,0.294292591,2.729243822,0.63004068,0.064710029
45.80224008,0.291545955,2.725198818,0.651673411,0.061720909
45.80687875,0.29639296,2.722852715,0.687727962,0.065103335
45.81151742,0.298897246,2.721477414,0.648067956,0.068721744
45.81615609,0.292434572,2.714843607,0.631843407,0.062507519
45.82079476,0.292676922,2.7082098,0.650772047,0.061720909
45.82543343,0.298654895,2.706349098,0.685925234,0.068171117
45.8300721,0.294938858,2.701818693,0.617421587,0.066519234
45.83471077,0.290818904,2.694537685,0.638152954,0.061642248
45.83934944,0.293888674,2.690088181,0.669700686,0.063687435
45.84398811,0.297766278,2.68936008,0.65618023,0.06911505
45.84862678,0.291303604,2.682968973,0.617421587,0.063215469
45.85326545,0.29025342,2.676335166,0.639054318,0.061406264
45.85790412,0.296231393,2.674717164,0.682319779,0.066519234
45.86254279,0.294858075,2.672209262,0.620125678,0.067541828
45.86718146,0.289203235,2.666141755,0.63004068,0.061642248
45.87182013,0.290818904,2.662905752,0.655278866,0.062743503
45.8764588,0.296796877,2.662905752,0.667897959,0.069193711
45.88109747,0.291222821,2.659750648,0.613816132,0.064474046
45.88573614,0.288799318,2.654977543,0.63725159,0.061248942
45.89037481,0.293888674,2.654330343,0.678714324,0.065575301
45.89501348,0.295827476,2.656029245,0.63725159,0.068643083
45.89965215,0.289607152,2.652307841,0.629139316,0.062350197
45.90429082,0.289768719,2.651094339,0.650772047,0.062192875
45.90892949,0.296796877,2.653440442,0.684122507,0.0684071
45.91356816,0.292757706,2.652955041,0.617421587,0.065889946
45.91820683,0.289364802,2.649557238,0.638152954,0.061406264
45.9228455,0.292757706,2.648586437,0.673306141,0.06400208
45.92748417,0.29712001,2.650932539,0.655278866,0.068957727
45.93212284,0.29001107,2.647211135,0.623731133,0.062900825
45.93676151,0.289364802,2.644541432,0.6444625,0.061484925
45.94140018,0.295827476,2.646159434,0.689530689,0.066833878
45.94603885,0.294211807,2.647130235,0.625533861,0.067148523
45.95067752,0.289122452,2.643894232,0.639054318,0.061563586
45.95531619,0.291788305,2.644298732,0.666095231,0.062743503
45.95995486,0.297281577,2.648424636,0.675108869,0.068643083
45.96459353,0.291545955,2.647130235,0.62282977,0.064395385
45.9692322,0.289203235,2.645350433,0.645363864,0.061720909
45.97387087,0.294534941,2.647211135,0.687727962,0.065575301
45.97850954,0.295504342,2.648586437,0.640857045,0.068643083
45.98314821,0.29001107,2.645350433,0.634547499,0.062192875
45.98778688,0.291142037,2.643408831,0.65618023,0.062271536
45.99242555,0.297685494,2.645835834,0.685023871,0.068564422
45.99706422,0.292757706,2.643813332,0.619224315,0.065653962
46.00170289,0.289687936,2.638231226,0.639054318,0.061563586
46.00634156,0.293969457,2.636451424,0.674207505,0.064395385
46.01098023,0.297200794,2.637503125,0.648067956,0.069193711
46.0156189,0.290414987,2.63329632,0.621928406,0.063215469
46.02025757,0.289930286,2.630060317,0.642659773,0.061720909
46.02489624,0.296150609,2.630869318,0.685023871,0.067463167
46.02953491,0.293969457,2.629898517,0.618322951,0.067148523
46.03417358,0.289122452,2.625044512,0.633646135,0.061642248
46.03881225,0.291545955,2.623992811,0.662489776,0.063136808
46.04345092,0.297443144,2.626824314,0.664292504,0.06911505
46.04808959,0.290980471,2.624316411,0.616520223,0.064238063
46.05272826,0.289122452,2.621161308,0.639054318,0.061563586
46.05736693,0.294777291,2.622374809,0.682319779,0.065968607
46.0620056,0.294858075,2.62383101,0.63004068,0.068328439
46.06664427,0.288799318,2.620190507,0.628237952,0.062271536
46.07128294,0.289849503,2.619462406,0.651673411,0.062664841
46.07592161,0.296554527,2.622941109,0.67781296,0.068879066
46.08056028,0.292111438,2.622213009,0.616520223,0.06549664
46.08519895,0.288718535,2.619219705,0.638152954,0.061563586
46.08983762,0.293000056,2.620595007,0.676010233,0.064710029
46.09447629,0.296150609,2.624235511,0.647166592,0.068879066
46.09911496,0.289445586,2.622779309,0.624632497,0.06258618
46.10375363,0.288880102,2.622051208,0.646265228,0.061563586
46.1083923,0.296554527,2.625853513,0.691333417,0.067305845
46.11303097,0.295019642,2.628361415,0.627336589,0.066519234
46.11766964,0.29073812,2.627956915,0.645363864,0.061406264
46.12230831,0.293888674,2.630464817,0.676010233,0.063215469
46.12694698,0.299543513,2.637017724,0.674207505,0.068879066
46.13158565,0.292757706,2.639606527,0.633646135,0.063372791
46.13622432,0.291384388,2.640415528,0.654377502,0.061248942
46.14086299,0.297362361,2.646806635,0.699445691,0.066125929
46.14550166,0.297604711,2.655948344,0.649870683,0.067856472
46.15014033,0.292515356,2.665090054,0.660687048,0.061878231
46.154779,0.294454158,2.67989477,0.694938872,0.062428858
46.15941767,0.301886232,2.69922989,0.720177058,0.068721744
46.16405634,0.297200794,2.712335704,0.660687048,0.065103335
46.16869501,0.294292591,2.721315614,0.682319779,0.061406264
46.17333368,0.29946273,2.729243822,0.715670239,0.064788691
46.17797235,0.302290149,2.735554029,0.673306141,0.068643083
46.18261102,0.295504342,2.735311329,0.651673411,0.062350197
46.18724969,0.295665909,2.735311329,0.667897959,0.061484925
46.19188836,0.302128582,2.739275433,0.703051146,0.06769915
46.19652703,0.299058813,2.740974335,0.632744771,0.06620459
46.2011657,0.294615724,2.738790032,0.650772047,0.061642248
46.20580437,0.297685494,2.738223732,0.679615688,0.063608774
46.21044304,0.302128582,2.740893435,0.669700686,0.068957727
46.21508171,0.295746692,2.737414731,0.629139316,0.063530113
46.21972038,0.293969457,2.731913525,0.648969319,0.061327603
46.22435905,0.299866647,2.730861824,0.690432053,0.066283251
46.22899772,0.299058813,2.729648323,0.628237952,0.06769915
46.23363639,0.293484757,2.722771815,0.634547499,0.06179957
46.23827506,0.294292591,2.71791781,0.657982957,0.062822164
46.24291373,0.300351347,2.71751331,0.672404778,0.068564422
46.2475524,0.294534941,2.712659305,0.615618859,0.064710029
46.25219107,0.291545955,2.706753598,0.638152954,0.061484925
46.25682974,0.296796877,2.704488396,0.678714324,0.064867352
46.26146841,0.298250978,2.702951294,0.638152954,0.068485761
46.26610708,0.292434572,2.696883788,0.627336589,0.062350197
46.27074575,0.292919273,2.691625282,0.648067956,0.061878231
46.27538442,0.29946273,2.691382582,0.683221143,0.068328439
46.28002309,0.295342775,2.687742078,0.615618859,0.06620459
46.28466176,0.291707521,2.680622871,0.635448863,0.061642248
46.28930043,0.295746692,2.677548667,0.669700686,0.064159402
46.2939391,0.300351347,2.676496966,0.653476138,0.069587016
46.29857777,0.294050241,2.67067216,0.619224315,0.063766097
46.30321644,0.293080839,2.664766454,0.640857045,0.06179957
46.30785511,0.299543513,2.663067552,0.683221143,0.067384506
46.31249378,0.297927845,2.660559649,0.620125678,0.067777811
46.31713245,0.292434572,2.653925842,0.63004068,0.061956892
46.32177112,0.294131024,2.649961738,0.655278866,0.063451452
46.32640979,0.299624296,2.650042638,0.665193867,0.069429694
46.33104846,0.293403973,2.645835834,0.61111204,0.064867352
46.33568713,0.29073812,2.639768327,0.633646135,0.062035553
46.3403258,0.295746692,2.636855924,0.675108869,0.066125929
46.34496447,0.29687766,2.636127823,0.628237952,0.068957727
46.34960314,0.290657337,2.630060317,0.620125678,0.062900825
46.35424181,0.29073812,2.625529912,0.641758409,0.062350197
46.35888048,0.297443144,2.624882711,0.672404778,0.068485761
46.36351915,0.293161623,2.622051208,0.606605222,0.06620459
46.36815782,0.289203235,2.617035403,0.629139316,0.061563586
46.37279649,0.292838489,2.615498302,0.66339114,0.064080741
46.37743516,0.29639296,2.616954503,0.643561137,0.069193711
46.38207383,0.29001107,2.613313999,0.615618859,0.063215469
46.3867125,0.288960885,2.610725196,0.638152954,0.062114214
46.39135117,0.295181208,2.612262298,0.683221143,0.067148523
46.39598984,0.293161623,2.613071299,0.616520223,0.067148523
46.40062851,0.288153051,2.608945395,0.63004068,0.061878231
46.40526718,0.290414987,2.607246493,0.657982957,0.062979486
46.40990585,0.295746692,2.608540894,0.660687048,0.068879066
46.41454452,0.289768719,2.605304891,0.610210677,0.064080741
46.41918319,0.287991484,2.601421687,0.633646135,0.061327603
46.42382186,0.29332319,2.601826187,0.67781296,0.065811284
46.42846053,0.293969457,2.60425319,0.628237952,0.068092456
46.4330992,0.28766835,2.601583487,0.627336589,0.061956892
46.43773787,0.288799318,2.601098086,0.650772047,0.062114214
46.44237654,0.295585125,2.605223991,0.67781296,0.068485761
46.44701521,0.291222821,2.60425319,0.613816132,0.065339318
46.45165388,0.287506784,2.600936286,0.635448863,0.061327603
46.45629255,0.291626738,2.600774486,0.67060205,0.064474046
46.46093122,0.294858075,2.602958788,0.643561137,0.068564422
46.46556989,0.288314618,2.599318284,0.618322951,0.06258618
46.47020856,0.288072268,2.596891282,0.639054318,0.061563586
46.47484723,0.294696508,2.599399184,0.681418415,0.067384506
46.4794859,0.292030655,2.601421687,0.614717496,0.06691254
46.48412457,0.287749134,2.598266583,0.632744771,0.061563586
46.48876324,0.289849503,2.598671084,0.66339114,0.06329413
46.49340191,0.295342775,2.603767789,0.665193867,0.06911505
46.49804058,0.289526369,2.603767789,0.620125678,0.063766097
46.50267925,0.28766835,2.603848689,0.642659773,0.061406264
46.50731792,0.292919273,2.608217294,0.685925234,0.066125929
46.51195659,0.293242406,2.611129697,0.630942044,0.067856472
46.51659526,0.28766835,2.608217294,0.632744771,0.061956892
46.52123393,0.289203235,2.607812793,0.65618023,0.062271536
46.5258726,0.295261992,2.611776898,0.67781296,0.0684071
46.53051127,0.29049577,2.610967897,0.616520223,0.065181996
46.53514994,0.287506784,2.609349895,0.639054318,0.061406264
46.53978861,0.292030655,2.612019598,0.67781296,0.064552707
46.54442728,0.294696508,2.618006204,0.647166592,0.068564422
46.54906595,0.288799318,2.619381506,0.63004068,0.06258618
46.55370462,0.288556968,2.622860209,0.652574774,0.061406264
46.55834329,0.295989043,2.629251316,0.693136145,0.067620489
46.56298196,0.293242406,2.63273002,0.625533861,0.066440573
46.56762063,0.289041669,2.63273002,0.6444625,0.061563586
46.5722593,0.291707521,2.635157022,0.674207505,0.063451452
46.57689797,0.296796877,2.640415528,0.666996595,0.068879066
46.58153664,0.290334203,2.639849227,0.625533861,0.063530113
46.58617531,0.289203235,2.638231226,0.647166592,0.06109162
46.59081398,0.295261992,2.640900928,0.689530689,0.066361912
46.59545265,0.295019642,2.64268073,0.629139316,0.067541828
46.60009132,0.289930286,2.639606527,0.634547499,0.061956892
46.60472999,0.291545955,2.638473926,0.657982957,0.062428858
46.60936866,0.297685494,2.641548129,0.674207505,0.0684071
46.61400733,0.292030655,2.639687427,0.614717496,0.064710029
46.618646,0.289526369,2.636370524,0.63725159,0.061484925
46.62328467,0.29380789,2.636694124,0.676911597,0.065103335
46.62792334,0.295908259,2.638716626,0.638152954,0.068721744
46.63256201,0.289768719,2.634428922,0.623731133,0.062428858
46.63720068,0.289607152,2.631273818,0.6444625,0.061484925
46.64183935,0.296312176,2.632406419,0.681418415,0.067541828
46.64647802,0.292353789,2.631516519,0.613816132,0.066125929
46.65111669,0.288799318,2.627633314,0.633646135,0.061484925
46.65575536,0.292030655,2.627147914,0.664292504,0.063372791
46.66039403,0.296069826,2.628199615,0.651673411,0.068957727
46.6650327,0.289607152,2.624154611,0.615618859,0.063530113
46.66967137,0.288072268,2.620352307,0.63725159,0.061563586
46.67431004,0.293969457,2.621565808,0.680517052,0.066440573
46.67894871,0.293000056,2.621646708,0.619224315,0.067148523
46.68358738,0.28718365,2.617439904,0.628237952,0.061642248
46.68822605,0.289364802,2.616145502,0.654377502,0.062743503
46.69286472,0.295504342,2.618977005,0.667897959,0.068800405
46.69750339,0.289687936,2.618248904,0.614717496,0.064552707
46.70214206,0.287102866,2.615902802,0.638152954,0.061406264
46.70678073,0.292353789,2.618087104,0.680517052,0.065103335
46.7114194,0.294292591,2.620999507,0.63725159,0.068249778
46.71605807,0.287910701,2.618410705,0.63004068,0.062192875
46.72069674,0.288395401,2.617520804,0.651673411,0.061720909
46.72533541,0.295504342,2.620999507,0.685023871,0.067541828
46.72997408,0.291303604,2.621242208,0.618322951,0.065339318
46.73461275,0.287829917,2.618734305,0.639955681,0.061012959
46.73925142,0.291869088,2.620595007,0.675108869,0.063530113
46.74389009,0.295908259,2.624397311,0.657081593,0.068957727
46.74852876,0.289445586,2.62350741,0.627336589,0.062822164
46.75316743,0.288960885,2.62350741,0.649870683,0.061170281
46.7578061,0.295585125,2.627795115,0.693136145,0.066755217
46.76244477,0.294534941,2.631678319,0.628237952,0.066991201
46.76708344,0.289768719,2.631840119,0.642659773,0.061484925
46.77172211,0.292192222,2.636289624,0.673306141,0.062664841
46.77636078,0.298574112,2.644945933,0.680517052,0.069036389
46.78099945,0.292515356,2.648101036,0.629139316,0.064552707
46.78563812,0.290657337,2.649557238,0.650772047,0.061484925
46.79027679,0.29639296,2.654168543,0.690432053,0.065653962
46.79491546,0.297604711,2.658132647,0.639955681,0.068485761
46.79955413,0.292030655,2.654977543,0.632744771,0.062114214
46.8041928,0.292515356,2.65190334,0.652574774,0.062192875
46.80883147,0.298897246,2.653197742,0.679615688,0.0684071
46.81347014,0.293888674,2.651094339,0.612013404,0.065575301
46.81810881,0.290172636,2.645916734,0.633646135,0.061406264
46.82274748,0.293969457,2.644136932,0.669700686,0.064316724
46.82738615,0.297281577,2.644945933,0.643561137,0.069193711
46.83202482,0.29025342,2.640820028,0.618322951,0.063215469
46.83666349,0.289849503,2.636936824,0.639955681,0.061406264
46.84130216,0.295989043,2.637826725,0.683221143,0.067227184
46.84594083,0.293646323,2.637179525,0.617421587,0.067069862
46.8505795,0.288637751,2.63281092,0.634547499,0.061563586
46.85521817,0.291061254,2.632244619,0.66339114,0.063215469
46.85985684,0.296473743,2.635966023,0.664292504,0.06911505
46.86449551,0.290091853,2.634186221,0.617421587,0.064159402
46.86913418,0.288476185,2.630626618,0.639054318,0.061406264
46.87377285,0.293646323,2.631840119,0.683221143,0.06620459
46.87841152,0.294131024,2.634833422,0.630942044,0.068249778
46.88305019,0.287991484,2.633862621,0.633646135,0.06179957
46.88768886,0.289284019,2.635157022,0.658884321,0.062428858
46.89232753,0.295989043,2.640415528,0.685925234,0.068879066
46.8969662,0.290899687,2.643813332,0.627336589,0.065181996
46.90160487,0.287991484,2.644056032,0.649870683,0.061720909
46.90624354,0.292434572,2.647130235,0.686826598,0.064867352
46.91088221,0.295423559,2.652307841,0.657081593,0.069272372
46.91552088,0.288880102,2.652388741,0.63725159,0.063136808
46.92015955,0.288314618,2.654977543,0.660687048,0.062271536
46.92479822,0.294858075,2.66153045,0.70395251,0.068171117
46.92943689,0.292273005,2.665656355,0.63725159,0.066755217
46.93407556,0.287506784,2.664281053,0.654377502,0.061484925
46.93871423,0.29025342,2.665413654,0.682319779,0.063372791
46.9433529,0.295504342,2.667840657,0.674207505,0.069272372
46.94799157,0.289041669,2.665656355,0.630942044,0.063766097
46.95263024,0.287749134,2.663795653,0.653476138,0.061406264
46.95726891,0.293727107,2.667112556,0.698544327,0.066125929
46.96190758,0.29380789,2.671400261,0.639955681,0.06769915
46.96654625,0.288799318,2.669782259,0.642659773,0.061563586
46.97118492,0.290657337,2.671238461,0.666996595,0.062114214
46.97582359,0.297281577,2.675364365,0.685925234,0.068643083
46.98046226,0.292192222,2.674393564,0.624632497,0.064552707
46.98510093,0.289687936,2.67075306,0.646265228,0.061012959
46.9897396,0.294131024,2.67042946,0.684122507,0.064631368
46.99437827,0.296554527,2.671319361,0.645363864,0.068328439
46.99901694,0.290091853,2.667921557,0.628237952,0.062350197
47.00365561,0.290334203,2.664523754,0.648067956,0.061406264
47.00829428,0.296796877,2.665494555,0.686826598,0.067463167
47.01293295,0.29332319,2.663957453,0.618322951,0.065811284
47.01757162,0.289607152,2.658779847,0.635448863,0.06109162
47.02221029,0.292596139,2.656352845,0.666095231,0.063058147
47.02684896,0.297039227,2.656433745,0.655278866,0.068485761
47.03148763,0.29049577,2.65166064,0.616520223,0.062743503
47.0361263,0.289284019,2.645754934,0.63725159,0.060855637
47.04076497,0.295342775,2.644622332,0.680517052,0.065968607
47.04540364,0.294454158,2.643975132,0.619224315,0.066991201
47.05004231,0.288880102,2.638473926,0.627336589,0.061248942
47.05468098,0.290899687,2.635157022,0.652574774,0.06179957
47.05931965,0.297039227,2.635966023,0.666996595,0.068249778
47.06395832,0.291626738,2.63264912,0.61111204,0.064080741
47.06859699,0.288960885,2.627956915,0.633646135,0.060934298
47.07323566,0.293403973,2.627795115,0.675108869,0.064474046
47.07787433,0.295181208,2.629494016,0.631843407,0.068249778
47.082513,0.288637751,2.624640011,0.621027042,0.062035553
47.08715167,0.288637751,2.621646708,0.642659773,0.061720909
47.09179034,0.295019642,2.624073711,0.680517052,0.067541828
47.09642901,0.290899687,2.624882711,0.614717496,0.06549664
47.10106768,0.28718365,2.62334561,0.639054318,0.060776976
47.10570635,0.29073812,2.626419813,0.676911597,0.063058147
47.11034502,0.294938858,2.634267121,0.66339114,0.068249778
47.11498369,0.288556968,2.637584025,0.632744771,0.062743503
47.11962236,0.287749134,2.643894232,0.660687048,0.06109162
47.12426103,0.293888674,2.658051747,0.717472967,0.066047268
47.1288997,0.292515356,2.675445265,0.668799323,0.066597895
47.13353837,0.287910701,2.690492681,0.690432053,0.06109162
47.13817704,0.290818904,2.707562599,0.718374331,0.062271536
47.14281571,0.296796877,2.723580816,0.724683877,0.0684071
47.14745438,0.290818904,2.729486522,0.665193867,0.063451452
47.15209305,0.288476185,2.731185424,0.680517052,0.060855637
47.15673172,0.294211807,2.734664128,0.714768875,0.064946013
47.16137039,0.295746692,2.738628232,0.66339114,0.067777811
47.16600906,0.289445586,2.735634929,0.650772047,0.061720909
47.17064773,0.289930286,2.734664128,0.668799323,0.061563586
47.1752864,0.29687766,2.738142832,0.698544327,0.068013795
47.17992507,0.292919273,2.740569834,0.633646135,0.065103335
47.18456374,0.289849503,2.741702435,0.657982957,0.061012959
47.18920241,0.294292591,2.74558564,0.694037508,0.063687435
47.19384108,0.298170195,2.752219447,0.67060205,0.068564422
47.19847975,0.291545955,2.753109347,0.640857045,0.062271536
47.20311842,0.290980471,2.752785747,0.659785685,0.06109162
47.20775709,0.297281577,2.756102651,0.701248419,0.066519234
47.21239576,0.295908259,2.756749851,0.633646135,0.066519234
47.21703443,0.290818904,2.753432948,0.646265228,0.061248942
47.2216731,0.292757706,2.752057646,0.674207505,0.06258618
47.22631177,0.298089411,2.75521275,0.675108869,0.068879066
47.23095044,0.292353789,2.751572246,0.627336589,0.063844758
47.23558911,0.29025342,2.747931742,0.648067956,0.060934298
47.24022778,0.295989043,2.747608142,0.690432053,0.065181996
47.24486645,0.296716093,2.746637341,0.639054318,0.067541828
47.24950512,0.290657337,2.740246234,0.636350226,0.061484925
47.25414379,0.292030655,2.735796729,0.658884321,0.061720909
47.25878246,0.298331762,2.735715829,0.684122507,0.067463167
47.26342113,0.293242406,2.731185424,0.618322951,0.064474046
47.2680598,0.29001107,2.723742616,0.639054318,0.060619654
47.27269847,0.294615724,2.719535812,0.674207505,0.063687435
47.27733714,0.297604711,2.71824141,0.643561137,0.068013795
47.28197581,0.290980471,2.710475002,0.620125678,0.062035553
47.28661448,0.290334203,2.703922095,0.640857045,0.061170281
47.29125315,0.296473743,2.703679395,0.685023871,0.066597895
47.29589182,0.294211807,2.701171492,0.617421587,0.065732623
47.30053049,0.289445586,2.694375885,0.633646135,0.060698315
47.30516916,0.291949872,2.691220782,0.66339114,0.062428858
47.30980783,0.29712001,2.691625282,0.661588412,0.068092456
47.3144465,0.290334203,2.687580278,0.617421587,0.062900825
47.31908517,0.289041669,2.684667875,0.640857045,0.060698315
47.32372384,0.294696508,2.686204977,0.686826598,0.06549664
47.32836251,0.294615724,2.688065678,0.633646135,0.066755217
47.33300118,0.288880102,2.685557776,0.638152954,0.060855637
47.33763985,0.29025342,2.687256678,0.66339114,0.061563586
47.34227852,0.296716093,2.694537685,0.687727962,0.067935134
47.34691719,0.291303604,2.699391691,0.630942044,0.064788691
47.35155586,0.288476185,2.703355795,0.65618023,0.060855637
47.35619453,0.292596139,2.712902005,0.700347055,0.06400208
47.3608332,0.295585125,2.726007819,0.67060205,0.068013795
47.36547187,0.289445586,2.73636303,0.657081593,0.061878231
47.37011054,0.289445586,2.751572246,0.685925234,0.061327603
47.37474921,0.295908259,2.782880579,0.748119335,0.067069862
47.37938788,0.293969457,2.835870135,0.717472967,0.065653962
47.38402655,0.290980471,2.917902822,0.795891616,0.061012959
47.38866522,0.294696508,3.015063825,0.865296627,0.063058147
47.39330389,0.29994743,3.103487619,0.871606173,0.068879066
47.39794256,0.294131024,3.157043476,0.804905254,0.063136808
47.40258123,0.292919273,3.177834798,0.791384797,0.061012959
47.4072199,0.299220379,3.180828101,0.801299798,0.065653962
47.41185857,0.298412545,3.173304393,0.715670239,0.067148523
47.41649724,0.292757706,3.155263674,0.701248419,0.061327603
47.42113591,0.294131024,3.136575754,0.708459329,0.062035553
47.42577458,0.300674481,3.120800237,0.712966148,0.068013795
47.43041325,0.294534941,3.100575216,0.645363864,0.063923419
47.43505192,0.291869088,3.079136693,0.658884321,0.060619654
47.43969059,0.296716093,3.061095974,0.693136145,0.064631368
47.44432926,0.298654895,3.044835057,0.648969319,0.068013795
47.44896793,0.291707521,3.024771836,0.632744771,0.06179957
47.4536066,0.291626738,3.005841216,0.650772047,0.061248942
47.45824527,0.297927845,2.991441,0.685023871,0.067541828
47.46288394,0.294211807,2.975422783,0.617421587,0.065417979
47.46752261,0.290414987,2.957301164,0.636350226,0.06109162
47.47216128,0.29356554,2.943062749,0.667897959,0.06329413
47.47679995,0.297362361,2.932464838,0.653476138,0.068564422
47.48143862,0.290899687,2.917579222,0.618322951,0.062743503
47.48607729,0.289526369,2.902936306,0.639955681,0.060855637
47.49071596,0.295827476,2.894684498,0.685023871,0.06620459
47.49535463,0.294373374,2.886432689,0.623731133,0.066755217
47.4999933,0.289122452,2.874216776,0.635448863,0.06109162
47.50463197,0.290818904,2.864670566,0.662489776,0.062035553
47.50927064,0.29687766,2.859816561,0.675108869,0.068485761
47.51390931,0.291384388,2.851483852,0.621027042,0.064080741
47.51854798,0.288880102,2.843960144,0.647166592,0.061170281
47.52318665,0.294050241,2.841128641,0.692234781,0.064946013
47.52782532,0.295504342,2.84048144,0.649870683,0.068092456
47.53246399,0.29025342,2.836517336,0.643561137,0.062035553
47.53710266,0.291061254,2.835708335,0.666996595,0.061642248
47.54174133,0.298170195,2.84023874,0.706656601,0.067856472
47.54638,0.293969457,2.847681548,0.646265228,0.065339318
47.55101867,0.290414987,2.85933116,0.680517052,0.061012959
47.55565734,0.294777291,2.876724679,0.721979786,0.063451452
47.56029601,0.298331762,2.895493498,0.708459329,0.068564422
47.56493468,0.291222821,2.902936306,0.676911597,0.062743503
47.56957335,0.29049577,2.901722805,0.685925234,0.061012959
47.57421202,0.296716093,2.899053102,0.721078422,0.066676556
47.57885069,0.295019642,2.893794597,0.647166592,0.066676556
47.58348936,0.289930286,2.883520286,0.655278866,0.061327603
47.58812803,0.291949872,2.875349377,0.678714324,0.062507519
47.5927667,0.29712001,2.871547073,0.682319779,0.068485761
47.59740537,0.290980471,2.862971664,0.63004068,0.063608774
47.60204404,0.288960885,2.854234455,0.653476138,0.060934298
47.60668271,0.294938858,2.850836651,0.698544327,0.065103335
47.61132138,0.296554527,2.851322052,0.655278866,0.06769915
47.61596005,0.291545955,2.848247848,0.657081593,0.061720909
47.62059872,0.293888674,2.847924248,0.682319779,0.061720909
47.62523739,0.301401532,2.84978495,0.71116342,0.068013795
47.62987606,0.29687766,2.846629847,0.643561137,0.064788691
47.63451473,0.29380789,2.839429739,0.660687048,0.061170281
47.6391534,0.297847061,2.834252134,0.692234781,0.064159402
47.64379207,0.300997615,2.831986931,0.66339114,0.068249778
47.64843074,0.294373374,2.823007022,0.635448863,0.062271536
47.65306941,0.29380789,2.815321513,0.653476138,0.060934298
47.65770808,0.299543513,2.81216641,0.6967416,0.066991201
47.66234675,0.297604711,2.809011307,0.628237952,0.066361912
47.66698542,0.292353789,2.801892099,0.643561137,0.061248942
47.67162409,0.294696508,2.797766195,0.671503414,0.062428858
47.67626276,0.299866647,2.795339192,0.668799323,0.0684071
47.68090143,0.293242406,2.788462685,0.620125678,0.06329413
47.6855401,0.290980471,2.780615377,0.642659773,0.061012959
47.69017877,0.29663531,2.777217573,0.686826598,0.065811284
47.69481744,0.296796877,2.77430517,0.632744771,0.067856472
47.69945611,0.290980471,2.767509563,0.635448863,0.061484925
47.70409478,0.291869088,2.763383658,0.658884321,0.061563586
47.70873345,0.297847061,2.761603856,0.682319779,0.068328439
47.71337212,0.293000056,2.756021751,0.619224315,0.064867352
47.71801079,0.289687936,2.748659843,0.641758409,0.06109162
47.72264946,0.293403973,2.745423839,0.67781296,0.064159402
47.72728813,0.295585125,2.743886738,0.645363864,0.068328439
47.7319268,0.289445586,2.737252931,0.626435225,0.062192875
47.73656547,0.289041669,2.732560726,0.646265228,0.06109162
47.74120414,0.296150609,2.732722526,0.689530689,0.066991201
47.74584281,0.292919273,2.731751725,0.621928406,0.066125929
47.75048148,0.288395401,2.729486522,0.6444625,0.06109162
47.75512015,0.292919273,2.734583228,0.681418415,0.063136808
47.75975882,0.298897246,2.748093542,0.685023871,0.068957727
47.76439749,0.293484757,2.758206053,0.649870683,0.063451452
47.76903616,0.293161623,2.768075863,0.676010233,0.061012959
47.77367483,0.300351347,2.779887276,0.721078422,0.065732623
47.7783135,0.300836048,2.790080687,0.66339114,0.067069862
47.78295217,0.295665909,2.79355939,0.666996595,0.061170281
47.78759084,0.297443144,2.797442595,0.687727962,0.062271536
47.79222951,0.304067384,2.803267401,0.70395251,0.068328439
47.79686818,0.298331762,2.804561802,0.641758409,0.064631368
47.80150685,0.295827476,2.805775303,0.666996595,0.061170281
47.80614552,0.300997615,2.81249001,0.712064784,0.064867352
47.81078419,0.303744251,2.82179352,0.680517052,0.068564422
47.81542286,0.298170195,2.825434024,0.665193867,0.062271536
47.82006153,0.297927845,2.83077343,0.688629326,0.061248942
47.8247002,0.305683053,2.842342142,0.733697515,0.067541828
47.82933887,0.302855633,2.853910854,0.666996595,0.065968607
47.83397754,0.299543513,2.862809864,0.687727962,0.061406264
47.83861621,0.303663467,2.874459476,0.721078422,0.063530113
47.84325488,0.308672039,2.886189989,0.707557965,0.068800405
47.84789355,0.302855633,2.889749592,0.666996595,0.063058147
47.85253222,0.301482315,2.889021492,0.679615688,0.061248942
47.85717089,0.307379505,2.88716079,0.715670239,0.066125929
47.86180956,0.306248537,2.881659584,0.648067956,0.067148523
47.86644823,0.300593697,2.871627973,0.651673411,0.061484925
47.8710869,0.301563099,2.861839063,0.671503414,0.062428858
47.87572557,0.306894804,2.856176057,0.681418415,0.0684071
47.88036424,0.300270564,2.846387146,0.623731133,0.064080741
47.88500291,0.297847061,2.834009433,0.643561137,0.061012959
47.88964158,0.3025325,2.825514924,0.683221143,0.064788691
47.89428025,0.303744251,2.818476617,0.639054318,0.068171117
47.89891892,0.296958444,2.806827004,0.628237952,0.062035553
47.90355759,0.296958444,2.796795394,0.648969319,0.061563586
47.90819626,0.303582684,2.792184089,0.684122507,0.067541828
47.91283493,0.299058813,2.784822181,0.616520223,0.065417979
47.9174736,0.294534941,2.77470967,0.636350226,0.060934298
47.92211227,0.298250978,2.768156763,0.671503414,0.063372791
47.92675094,0.302451716,2.76483986,0.654377502,0.068564422
47.93138961,0.295827476,2.756264451,0.621027042,0.062350197
47.93602828,0.294938858,2.748417143,0.641758409,0.061406264
47.94066695,0.301159181,2.74590924,0.686826598,0.066519234
47.94530562,0.300108997,2.742754136,0.623731133,0.066519234
47.94994429,0.295585125,2.734016927,0.63725159,0.061170281
47.95458296,0.298816462,2.729082022,0.66339114,0.062428858
47.95922163,0.305359919,2.728192121,0.672404778,0.068721744
47.9638603,0.30018978,2.722610015,0.619224315,0.06400208
47.96849897,0.299058813,2.716380709,0.642659773,0.060855637
47.97313764,0.304552085,2.714762707,0.686826598,0.064788691
47.97777631,0.306733237,2.714600907,0.639054318,0.06769915
47.98241498,0.300674481,2.709018801,0.633646135,0.06179957
47.98705365,0.301401532,2.705782797,0.65618023,0.061642248
47.99169232,0.307864205,2.707319899,0.687727962,0.06769915
47.99633099,0.3030172,2.706429998,0.621928406,0.065024674
48.00096966,0.298816462,2.703598495,0.6444625,0.061248942
48.00560833,0.302209366,2.704407496,0.680517052,0.063766097
48.010247,0.305602269,2.7087761,0.657982957,0.068643083
48.01488567,0.298816462,2.707805299,0.631843407,0.062350197
48.01952434,0.297523928,2.707562599,0.653476138,0.061406264
48.02416301,0.303825034,2.711284003,0.697642964,0.06691254
48.02880168,0.301805449,2.713630106,0.630942044,0.066361912
48.03344035,0.296716093,2.712335704,0.646265228,0.061327603
48.03807902,0.298816462,2.714115506,0.676911597,0.063136808
48.04271769,0.303501901,2.719293112,0.685925234,0.070688271
48.04735636,0.297766278,2.718403211,0.639054318,0.06769915
48.05199503,0.295908259,2.715490808,0.658884321,0.065732623
48.0566337,0.301078398,2.716704309,0.698544327,0.070373627
48.06127237,0.301563099,2.716380709,0.643561137,0.072576137
48.06591104,0.295261992,2.711688504,0.639955681,0.066755217
48.07054971,0.295908259,2.7078862,0.660687048,0.066991201
48.07518838,0.302128582,2.709666001,0.685023871,0.073284087
48.07982705,0.296958444,2.7082907,0.621928406,0.069744338
48.08446572,0.29356554,2.704245696,0.643561137,0.066047268
48.08910439,0.297604711,2.704407496,0.680517052,0.068800405
48.09374306,0.300432131,2.706672698,0.651673411,0.072969442
48.09838173,0.293727107,2.703193995,0.629139316,0.066676556
48.1030204,0.292919273,2.700524292,0.648969319,0.065653962
48.10765907,0.299220379,2.703032194,0.691333417,0.071396221
48.11229774,0.296150609,2.703760295,0.623731133,0.070373627
48.11693641,0.291303604,2.699957991,0.642659773,0.065181996
48.12157508,0.293646323,2.700686092,0.673306141,0.066676556
48.12621375,0.298735679,2.705297397,0.67060205,0.072418815
48.13085242,0.292030655,2.705620997,0.628237952,0.067069862
48.13549109,0.290172636,2.705701897,0.651673411,0.064710029
48.14012976,0.295989043,2.711364903,0.697642964,0.069193711
48.14476843,0.296312176,2.719050411,0.646265228,0.07060961
48.1494071,0.290414987,2.724875218,0.653476138,0.064474046
48.15404577,0.291303604,2.734664128,0.681418415,0.064946013
48.15868444,0.297604711,2.753109347,0.709360693,0.071002915
48.16332311,0.292515356,2.768965764,0.65618023,0.067227184
48.16796178,0.290091853,2.786521083,0.686826598,0.063372791
48.17260045,0.294454158,2.813056311,0.735500242,0.066755217
48.17723912,0.297685494,2.845739946,0.712064784,0.070688271
48.18187779,0.291142037,2.875915678,0.705755238,0.064474046
48.18651646,0.291707521,2.904554308,0.726486605,0.063687435
48.19115513,0.298412545,2.930765936,0.760738428,0.069272372
48.1957938,0.295342775,2.946460553,0.690432053,0.068171117
48.20043247,0.291222821,2.951314558,0.703051146,0.063215469
48.20507114,0.29380789,2.954469661,0.722881149,0.065260657
48.20970981,0.298493329,2.955925863,0.704853874,0.070766932
48.21434848,0.292030655,2.949130255,0.657081593,0.064710029
48.21898715,0.29049577,2.939826746,0.67060205,0.062900825
48.22362582,0.296554527,2.933112038,0.707557965,0.067777811
48.22826449,0.295181208,2.92550743,0.642659773,0.068721744
48.23290316,0.29001107,2.912158916,0.645363864,0.062743503
48.23754183,0.290980471,2.901722805,0.666996595,0.063530113
48.2421805,0.296958444,2.895736199,0.680517052,0.069587016
48.24681917,0.291384388,2.885542788,0.621027042,0.065732623
48.25145784,0.288960885,2.874135876,0.641758409,0.062271536
48.25609651,0.293646323,2.867340269,0.682319779,0.066047268
48.26073518,0.295665909,2.862809864,0.6444625,0.069272372
48.26537385,0.289445586,2.854396255,0.631843407,0.063058147
48.27001252,0.289526369,2.847843348,0.652574774,0.062507519
48.27465119,0.296716093,2.846387146,0.689530689,0.068643083
48.27928986,0.293080839,2.842746643,0.623731133,0.066755217
48.28392853,0.289284019,2.835222935,0.642659773,0.062035553
48.2885672,0.292596139,2.831582431,0.676010233,0.064238063
48.29320587,0.297281577,2.83125883,0.662489776,0.069351033
48.29784454,0.29073812,2.826000325,0.628237952,0.063372791
48.30248321,0.290172636,2.820175519,0.648969319,0.061720909
48.30712188,0.296554527,2.818638417,0.692234781,0.067069862
48.31176055,0.295342775,2.816939515,0.63004068,0.067620489
48.31639922,0.29025342,2.81232821,0.640857045,0.062114214
48.32103789,0.292676922,2.808364106,0.665193867,0.062979486
48.32567656,0.298574112,2.808202306,0.676010233,0.069351033
48.33031523,0.292919273,2.803833701,0.621928406,0.064631368
48.3349539,0.290657337,2.797766195,0.643561137,0.06179957
48.33959257,0.295989043,2.794125691,0.685023871,0.065653962
48.34423124,0.29712001,2.791779588,0.639955681,0.068957727
48.34886991,0.29073812,2.784741281,0.630942044,0.062664841
48.35350858,0.291061254,2.778916475,0.652574774,0.062271536
48.35814725,0.297927845,2.777945674,0.685925234,0.068643083
48.36278592,0.29356554,2.773657969,0.621928406,0.066047268
48.36742459,0.289768719,2.767105062,0.642659773,0.061720909
48.37206326,0.293403973,2.764111759,0.67781296,0.064316724
48.37670193,0.297281577,2.764435359,0.657982957,0.069193711
48.3813406,0.290657337,2.759095954,0.629139316,0.063215469
48.38597927,0.290091853,2.752623947,0.649870683,0.061563586
48.39061794,0.29639296,2.750763245,0.693136145,0.067148523
48.39525661,0.294696508,2.746880041,0.625533861,0.067463167
48.39989528,0.289607152,2.738870932,0.638152954,0.061720909
48.40453395,0.291788305,2.733774227,0.66339114,0.063058147
48.40917262,0.297039227,2.732803426,0.667897959,0.069272372
48.41381129,0.290576553,2.72730222,0.616520223,0.064238063
48.41844996,0.288718535,2.720668413,0.638152954,0.061327603
48.42308863,0.294454158,2.71824141,0.680517052,0.065653962
48.4277273,0.295181208,2.716542509,0.631843407,0.068171117
48.43236597,0.288556968,2.709342401,0.628237952,0.061956892
48.43700464,0.289445586,2.705135597,0.650772047,0.062114214
48.44164331,0.29639296,2.704407496,0.679615688,0.068564422
48.44628198,0.291465171,2.701009692,0.615618859,0.065417979
48.45092065,0.287910701,2.695103986,0.638152954,0.061642248
48.45555932,0.292111438,2.693809585,0.674207505,0.064238063
48.46019799,0.295342775,2.694456785,0.648067956,0.068957727
48.46483666,0.288799318,2.68927918,0.62282977,0.062822164
48.46947533,0.288072268,2.684506075,0.642659773,0.061406264
48.474114,0.294131024,2.685881376,0.685925234,0.067384506
48.47875267,0.291626738,2.684910575,0.619224315,0.066519234
48.48339134,0.286618166,2.680865571,0.63725159,0.061012959
48.48803001,0.289203235,2.68038017,0.666095231,0.062743503
48.49266868,0.294615724,2.683535274,0.666095231,0.068800405
48.49730735,0.288880102,2.682079072,0.620125678,0.063608774
48.50194602,0.287264433,2.678762169,0.643561137,0.061170281
48.50658469,0.292757706,2.681270071,0.688629326,0.065653962
48.51122336,0.293161623,2.684344275,0.635448863,0.067620489
48.51586203,0.287264433,2.681512772,0.63725159,0.061642248
48.5205007,0.288960885,2.681108271,0.661588412,0.062035553
48.52513937,0.295504342,2.685315076,0.685925234,0.068249778
48.52977804,0.29073812,2.685476876,0.624632497,0.064867352
48.53441671,0.288395401,2.683616174,0.648067956,0.061248942
48.53905538,0.292273005,2.685719576,0.686826598,0.064238063
48.54369405,0.295665909,2.68992638,0.65618023,0.068800405
48.54833272,0.288880102,2.688470179,0.63725159,0.062192875
48.55297139,0.288556968,2.687661178,0.658884321,0.061327603
48.55761006,0.294858075,2.691706182,0.700347055,0.067384506
48.56224873,0.292273005,2.693971385,0.631843407,0.06620459
48.5668874,0.287991484,2.693405084,0.651673411,0.061327603
48.57152607,0.291061254,2.695670287,0.682319779,0.06329413
48.57616474,0.295746692,2.702870394,0.678714324,0.068721744
48.58080341,0.29025342,2.707400799,0.639054318,0.062979486
48.58544208,0.288395401,2.712497504,0.662489776,0.061248942
48.59008075,0.294050241,2.71824141,0.70395251,0.065889946
48.59471942,0.293646323,2.718565011,0.639955681,0.067463167
48.59935809,0.287910701,2.712012104,0.639955681,0.061484925
48.60399676,0.289041669,2.707319899,0.661588412,0.061878231
48.60863543,0.295342775,2.706672698,0.678714324,0.068171117
48.6132741,0.289526369,2.702546794,0.617421587,0.064316724
48.61791277,0.287102866,2.696721988,0.639054318,0.060776976
48.62255144,0.291142037,2.695184886,0.678714324,0.064474046
48.62719011,0.293484757,2.696560188,0.642659773,0.068013795
48.63182878,0.287264433,2.693971385,0.629139316,0.061878231
48.63646745,0.28718365,2.692434283,0.650772047,0.06109162
48.64110612,0.293969457,2.694942186,0.689530689,0.067463167
48.64574479,0.290576553,2.694133185,0.621928406,0.06549664
48.65038346,0.286456599,2.68976458,0.639955681,0.061170281
48.65502213,0.289687936,2.68960278,0.673306141,0.06329413
48.6596608,0.294292591,2.692434283,0.661588412,0.068800405
48.66429947,0.287991484,2.690978082,0.625533861,0.062900825
48.66893814,0.2869413,2.690735381,0.647166592,0.061248942
48.67357681,0.293242406,2.695751187,0.694938872,0.066440573
48.67821548,0.292515356,2.701414193,0.63725159,0.067069862
48.68285415,0.287587567,2.702951294,0.647166592,0.061327603
48.68749282,0.289930286,2.705540097,0.676010233,0.062192875
48.69213149,0.296312176,2.711850304,0.689530689,0.068564422
48.69677016,0.290980471,2.714115506,0.633646135,0.064238063
48.70140883,0.288637751,2.712821105,0.654377502,0.061012959
48.7060475,0.29380789,2.713387405,0.692234781,0.064867352
48.71068617,0.295181208,2.714358206,0.648067956,0.068013795
48.71532484,0.289041669,2.709585101,0.634547499,0.061956892
48.71996351,0.289284019,2.706915398,0.655278866,0.061406264
48.72460218,0.295827476,2.7081289,0.688629326,0.067777811
48.72924085,0.291869088,2.707158099,0.621928406,0.06549664
48.73387952,0.288233834,2.702708594,0.643561137,0.061327603
48.73851819,0.291465171,2.702708594,0.67781296,0.063451452
48.74315686,0.295100425,2.705297397,0.660687048,0.068485761
48.74779553,0.288314618,2.703679395,0.63004068,0.062743503
48.7524342,0.287587567,2.702627694,0.652574774,0.061170281
48.75707287,0.294050241,2.708048,0.700347055,0.066361912
48.76171154,0.292757706,2.713549206,0.640857045,0.06691254
48.76635021,0.287506784,2.715409907,0.65618023,0.061248942
48.77098888,0.289768719,2.720021212,0.685023871,0.062114214
48.77562755,0.295746692,2.72730222,0.694037508,0.068485761
48.78026622,0.289607152,2.728353921,0.640857045,0.063923419
48.78490489,0.287264433,2.72746402,0.664292504,0.061170281
48.78954356,0.292515356,2.729810123,0.70395251,0.064946013
48.79418223,0.293484757,2.730780924,0.653476138,0.068092456
48.7988209,0.287102866,2.725522418,0.643561137,0.061720909
48.80345957,0.287506784,2.721881914,0.662489776,0.061720909
48.80809824,0.294131024,2.723014516,0.690432053,0.067935134
48.81273691,0.289768719,2.719859412,0.62282977,0.065181996
48.81737558,0.286295032,2.714600907,0.643561137,0.061248942
48.82201425,0.29025342,2.712659305,0.678714324,0.063608774
48.82665292,0.293646323,2.714196406,0.654377502,0.068879066
48.83129159,0.2869413,2.710232302,0.627336589,0.062507519
48.83593026,0.286375816,2.706106398,0.647166592,0.06109162
48.84056893,0.292838489,2.707238999,0.690432053,0.066755217
48.8452076,0.29049577,2.706834498,0.623731133,0.066361912
48.84984627,0.285729548,2.703193995,0.639054318,0.06109162
48.85448494,0.288314618,2.702384994,0.666996595,0.06258618
48.85912361,0.293727107,2.705378297,0.67060205,0.068564422
48.86376228,0.287345217,2.703922095,0.621928406,0.06329413
48.86840095,0.285325631,2.701414193,0.643561137,0.061012959
48.87303962,0.291384388,2.702708594,0.687727962,0.065417979
48.87767829,0.291869088,2.704892896,0.635448863,0.067463167
48.88231696,0.285891115,2.702223194,0.634547499,0.061563586
48.88695563,0.286860516,2.701737793,0.657982957,0.061720909
48.8915943,0.293403973,2.706349098,0.685925234,0.068171117
48.89623297,0.288556968,2.707805299,0.625533861,0.064710029
48.90087164,0.285487198,2.707481699,0.647166592,0.061012959
48.90551031,0.289768719,2.7087761,0.685925234,0.063687435
48.91014898,0.293080839,2.712821105,0.65618023,0.068328439
48.91478765,0.286698949,2.710394102,0.632744771,0.062271536
48.91942632,0.285971899,2.7087761,0.654377502,0.06109162
48.92406499,0.292838489,2.711607603,0.6967416,0.067148523
48.92870366,0.29049577,2.712335704,0.63004068,0.066361912
48.93334233,0.286214249,2.709585101,0.648969319,0.061012959
48.937981,0.289041669,2.709908702,0.678714324,0.062664841
48.94261967,0.293969457,2.714520007,0.676010233,0.068485761
48.94725834,0.287749134,2.716542509,0.635448863,0.063136808
48.95189701,0.286052682,2.720749313,0.665193867,0.060934298
48.95653568,0.292273005,2.732965226,0.721979786,0.06549664
48.96117435,0.291949872,2.752300347,0.680517052,0.067148523
48.96581302,0.286375816,2.767914063,0.692234781,0.061170281
48.97045169,0.288637751,2.78409408,0.720177058,0.06179957
48.97509036,0.294696508,2.798170695,0.738204334,0.068249778
48.97972903,0.289768719,2.801083098,0.668799323,0.064474046
48.9843677,0.287264433,2.799950497,0.684122507,0.060855637
48.98900637,0.291707521,2.801892099,0.715670239,0.06400208
48.99364504,0.294292591,2.804157302,0.67781296,0.067856472
48.99828371,0.288072268,2.800516798,0.65618023,0.061563586
49.00292238,0.288153051,2.797523495,0.671503414,0.060776976
49.00756105,0.294777291,2.797604395,0.707557965,0.066833878
49.01219972,0.292192222,2.794206591,0.635448863,0.06549664
49.01683839,0.287506784,2.787410984,0.650772047,0.060698315
49.02147706,0.290818904,2.782718779,0.678714324,0.062822164
49.02611573,0.295665909,2.782071578,0.667897959,0.068013795
49.0307544,0.289284019,2.775356871,0.626435225,0.06258618
49.03539307,0.287426,2.768561264,0.646265228,0.060698315
49.04003174,0.293969457,2.766538762,0.690432053,0.065653962
49.04467041,0.293242406,2.764192659,0.63004068,0.066755217
49.04930908,0.287264433,2.757477952,0.635448863,0.06109162
49.05394775,0.289122452,2.752381247,0.659785685,0.061720909
49.05858642,0.294615724,2.752704847,0.676010233,0.068092456
49.06322509,0.289284019,2.748902543,0.619224315,0.06400208
49.06786376,0.286456599,2.742835037,0.642659773,0.060855637
49.07250243,0.291303604,2.739922633,0.682319779,0.064474046
49.0771411,0.293000056,2.739032733,0.641758409,0.068013795
49.08177977,0.286779733,2.733936027,0.629139316,0.061484925
49.08641844,0.2869413,2.731428124,0.651673411,0.061248942
49.09105711,0.293646323,2.733207926,0.688629326,0.06769915
49.09569578,0.290091853,2.731347224,0.621928406,0.065339318
49.10033445,0.285567982,2.726250519,0.643561137,0.060934298
49.10497312,0.288880102,2.723742616,0.676911597,0.063215469
49.10961179,0.293484757,2.725522418,0.66339114,0.0684071
49.11425046,0.286860516,2.721801014,0.63004068,0.062507519
49.11888913,0.286295032,2.719212212,0.655278866,0.060934298
49.1235278,0.292596139,2.722610015,0.707557965,0.066125929
49.12816647,0.291384388,2.726250519,0.648969319,0.066833878
49.13280514,0.286618166,2.72673592,0.667897959,0.061012959
49.13744381,0.289041669,2.730052823,0.698544327,0.062192875
49.14208248,0.295585125,2.735554029,0.712966148,0.068564422
49.14672115,0.290414987,2.73620123,0.661588412,0.064080741
49.15135982,0.288395401,2.73636303,0.688629326,0.061170281
49.15599849,0.294131024,2.738951832,0.734598879,0.064788691
49.16063716,0.296231393,2.741864236,0.686826598,0.067935134
49.16527583,0.290091853,2.738466432,0.668799323,0.061406264
49.1699145,0.290657337,2.735311329,0.681418415,0.061563586
49.17455317,0.297362361,2.73620123,0.706656601,0.06769915
49.17919184,0.293242406,2.733855127,0.636350226,0.064946013
49.18383051,0.289526369,2.728677522,0.653476138,0.061012959
49.18846918,0.292757706,2.726007819,0.684122507,0.063451452
49.19310785,0.296716093,2.725037018,0.658884321,0.068328439
49.19774652,0.289607152,2.718807711,0.628237952,0.062350197
49.20238519,0.288960885,2.713791906,0.648067956,0.060855637
49.20702386,0.295504342,2.713144705,0.690432053,0.06620459
49.21166253,0.293161623,2.710070502,0.623731133,0.066440573
49.2163012,0.288233834,2.703032194,0.635448863,0.060934298
49.22093987,0.29025342,2.69898719,0.661588412,0.062822164
49.22557854,0.295665909,2.69906809,0.666095231,0.0684071
49.23021721,0.289445586,2.694780386,0.615618859,0.063451452
49.23485588,0.28718365,2.68992638,0.63725159,0.060698315
49.23949455,0.292515356,2.688793779,0.681418415,0.065103335
49.24413322,0.293403973,2.688551079,0.631843407,0.067541828
49.24877189,0.287587567,2.683777974,0.63004068,0.06109162
49.25341056,0.288476185,2.681836372,0.653476138,0.06179957
49.25804923,0.294696508,2.684667875,0.682319779,0.068171117
49.2626879,0.289930286,2.683373474,0.618322951,0.064474046
49.26732657,0.286537383,2.678762169,0.639955681,0.060540992
49.27196524,0.290899687,2.677467767,0.676010233,0.063844758
49.27660391,0.294131024,2.678438568,0.648969319,0.068171117
49.28124258,0.28766835,2.673989064,0.624632497,0.062035553
49.28588125,0.287345217,2.671157561,0.6444625,0.06109162
49.29051992,0.29332319,2.672451962,0.687727962,0.06691254
49.29515859,0.291142037,2.672371062,0.621027042,0.066361912
49.29979726,0.286779733,2.669296859,0.638152954,0.060855637
49.30443593,0.289203235,2.670024959,0.667897959,0.062507519
49.3090746,0.294858075,2.675202565,0.671503414,0.068643083
49.31371327,0.289284019,2.678276768,0.63004068,0.063451452
49.31835194,0.288476185,2.681998172,0.65618023,0.061012959
49.32299061,0.294858075,2.690169081,0.702149782,0.065732623
49.32762928,0.295665909,2.699391691,0.650772047,0.067777811
49.33226795,0.290657337,2.704650196,0.655278866,0.061406264
49.33690662,0.292192222,2.713306505,0.682319779,0.061563586
49.34154529,0.299624296,2.72754492,0.707557965,0.067856472
49.34618396,0.295019642,2.736039429,0.647166592,0.064474046
49.35082263,0.292030655,2.738304632,0.666095231,0.060855637
49.3554613,0.29639296,2.741702435,0.699445691,0.064080741
49.36009997,0.299301163,2.745181139,0.662489776,0.0684071
49.36473864,0.292515356,2.741136135,0.639955681,0.062035553
49.36937731,0.292353789,2.736120329,0.65618023,0.061406264
49.37401598,0.299139596,2.735554029,0.695840236,0.067148523
49.37865465,0.296312176,2.733774227,0.627336589,0.066125929
49.38329332,0.291545955,2.728839322,0.646265228,0.06109162
49.38793199,0.294373374,2.72762582,0.676010233,0.063058147
49.39257066,0.298978029,2.729405622,0.668799323,0.068643083
49.39720933,0.292919273,2.725765118,0.624632497,0.063530113
49.401848,0.291788305,2.721072914,0.646265228,0.061012959
49.40648667,0.297604711,2.720183013,0.689530689,0.065653962
49.41112534,0.297362361,2.718969511,0.63004068,0.067227184
49.41576401,0.291303604,2.712740205,0.634547499,0.061563586
49.42040268,0.292838489,2.7086143,0.657982957,0.062114214
49.42504135,0.299220379,2.709180601,0.676010233,0.0684071
49.42968002,0.294050241,2.706025498,0.618322951,0.064316724
49.43431869,0.291142037,2.701737793,0.640857045,0.060855637
49.43895736,0.295827476,2.701656893,0.679615688,0.064631368
49.44359603,0.298331762,2.703841195,0.6444625,0.0684071
49.4482347,0.291788305,2.700038891,0.63004068,0.062271536
49.45287337,0.291465171,2.697045588,0.651673411,0.061484925
49.45751204,0.298008628,2.69858269,0.690432053,0.067384506
49.46215071,0.294534941,2.698178189,0.621928406,0.065889946
49.46678938,0.290091853,2.694133185,0.641758409,0.06109162
49.47142805,0.29332319,2.693243284,0.67781296,0.063136808
49.47606672,0.298170195,2.69866359,0.668799323,0.068564422
49.48070539,0.291707521,2.700281591,0.634547499,0.063136808
49.48534406,0.29049577,2.703517595,0.662489776,0.06109162
49.48998273,0.296958444,2.710394102,0.709360693,0.066361912
49.4946214,0.295908259,2.716057108,0.647166592,0.067148523
49.49926007,0.29025342,2.716138008,0.65618023,0.061248942
49.50389874,0.292111438,2.717108809,0.678714324,0.062271536
49.50853741,0.297766278,2.719212212,0.689530689,0.068643083
49.51317608,0.292030655,2.71759421,0.63004068,0.063923419
49.51781475,0.289364802,2.714762707,0.651673411,0.06109162
49.52245342,0.294777291,2.71735151,0.693136145,0.064867352
49.52709209,0.296473743,2.719616712,0.649870683,0.068249778
49.53173076,0.29025342,2.71735151,0.639054318,0.061878231
49.53636943,0.290657337,2.715409907,0.658884321,0.061563586
49.5410081,0.297443144,2.71799871,0.692234781,0.067777811
49.54564677,0.293242406,2.71783691,0.626435225,0.065417979
49.55028544,0.289284019,2.715490808,0.649870683,0.060934298
49.55492411,0.292919273,2.71783691,0.685023871,0.063451452
49.55956278,0.297039227,2.722771815,0.666996595,0.068800405
49.56420145,0.29025342,2.721801014,0.634547499,0.062900825
49.56884012,0.289445586,2.720425713,0.654377502,0.060934298
49.57347879,0.295100425,2.722690915,0.697642964,0.066361912
49.57811746,0.29356554,2.721720114,0.630942044,0.066833878
49.58275613,0.287749134,2.716542509,0.641758409,0.061484925
49.5873948,0.29025342,2.714277306,0.666996595,0.062271536
49.59203347,0.295908259,2.715733508,0.674207505,0.068564422
49.59667214,0.290091853,2.712335704,0.621928406,0.064080741
49.60131081,0.287749134,2.7079671,0.6444625,0.060776976
49.60594948,0.293080839,2.7082098,0.685925234,0.064946013
49.61058815,0.293888674,2.7083716,0.638152954,0.067777811
49.61522682,0.287587567,2.703922095,0.631843407,0.061563586
49.61986549,0.287829917,2.700928792,0.652574774,0.061327603
49.62450416,0.294696508,2.702304094,0.682319779,0.067856472
49.62914283,0.29049577,2.701090592,0.618322951,0.065181996
49.6337815,0.286860516,2.697935489,0.641758409,0.060855637
49.63842017,0.290576553,2.69898719,0.678714324,0.063608774
49.64305884,0.294777291,2.704083895,0.657982957,0.068171117
49.64769751,0.288233834,2.703679395,0.636350226,0.062271536
49.65233618,0.287749134,2.704083895,0.657982957,0.06109162
49.65697485,0.294615724,2.7082907,0.701248419,0.066361912
49.66161352,0.292273005,2.710475002,0.632744771,0.066597895
49.66625219,0.287506784,2.706915398,0.645363864,0.061170281
49.67089086,0.290414987,2.706106398,0.672404778,0.062271536
49.67552953,0.295827476,2.708937901,0.672404778,0.0684071
49.6801682,0.289687936,2.707077199,0.623731133,0.063451452
49.68480687,0.287749134,2.705459197,0.646265228,0.060776976
49.68944554,0.29332319,2.7082907,0.688629326,0.065260657
49.69408421,0.29380789,2.711122203,0.63725159,0.067384506
49.69872288,0.287829917,2.709746901,0.63725159,0.061170281
49.70336155,0.289203235,2.710879503,0.660687048,0.061248942
49.70800022,0.295665909,2.717189709,0.688629326,0.067856472
49.71263889,0.291303604,2.719940312,0.628237952,0.064631368
49.71727756,0.288314618,2.721720114,0.652574774,0.060540992
49.72191623,0.293080839,2.72754492,0.693136145,0.063608774
49.7265549,0.29663531,2.737414731,0.666095231,0.068013795
49.73119357,0.290818904,2.744129438,0.649870683,0.062035553
49.73583224,0.291222821,2.757558852,0.680517052,0.06109162
49.74047091,0.299058813,2.779725476,0.735500242,0.066833878
49.74510958,0.297281577,2.797847095,0.666996595,0.065968607
49.74974825,0.293161623,2.806907905,0.681418415,0.061012959
49.75438692,0.296312176,2.814350712,0.705755238,0.062664841
49.75902559,0.301401532,2.82114632,0.694938872,0.068485761
49.76366426,0.295261992,2.819285618,0.6444625,0.063215469
49.76830293,0.292919273,2.813703512,0.660687048,0.060855637
49.7729416,0.29970508,2.81208551,0.701248419,0.065811284
49.77758027,0.29946273,2.810063008,0.641758409,0.067620489
49.78221894,0.29380789,2.804319102,0.643561137,0.061720909
49.78685761,0.295019642,2.800759498,0.667897959,0.062114214
49.79149628,0.301724665,2.800435898,0.687727962,0.0684071
49.79613495,0.29663531,2.797442595,0.627336589,0.064631368
49.80077362,0.293888674,2.79283129,0.649870683,0.060855637
49.80541229,0.298412545,2.791941389,0.688629326,0.064316724
49.81005096,0.301159181,2.794044791,0.653476138,0.068092456
49.81468963,0.294777291,2.790404287,0.638152954,0.061956892
49.8193283,0.294454158,2.787977284,0.659785685,0.06109162
49.82396697,0.301401532,2.791698688,0.701248419,0.067227184
49.82860564,0.298331762,2.793963891,0.635448863,0.065811284
49.83324431,0.293969457,2.793721191,0.655278866,0.061170281
49.83788298,0.297523928,2.797361694,0.689530689,0.062900825
49.84252165,0.302370933,2.805289903,0.682319779,0.068800405
49.84716032,0.295827476,2.808849507,0.6444625,0.063136808
49.85179899,0.295181208,2.812570911,0.667897959,0.061012959
49.85643766,0.301643882,2.820094619,0.714768875,0.065968607
49.86107633,0.301320748,2.826728426,0.65618023,0.066755217
49.865715,0.296069826,2.83069253,0.665193867,0.060934298
49.87035367,0.298170195,2.84031964,0.693136145,0.061563586
49.87499234,0.305198352,2.854072655,0.712064784,0.068249778
49.87963101,0.300108997,2.865641367,0.657081593,0.063766097
49.88426968,0.298250978,2.875106677,0.680517052,0.060540992
49.88890835,0.304309735,2.886513589,0.721979786,0.064631368
49.89354702,0.306490887,2.898810402,0.681418415,0.068171117
49.89818569,0.300270564,2.904554308,0.668799323,0.062035553
49.90282436,0.300997615,2.912078016,0.690432053,0.061563586
49.90746303,0.308106555,2.923565828,0.725585241,0.067541828
49.9121017,0.305198352,2.930037835,0.659785685,0.065339318
49.91674037,0.301563099,2.932626638,0.680517052,0.061012959
49.92137904,0.306167753,2.937561543,0.713867512,0.063451452
49.92601771,0.310933975,2.945489752,0.697642964,0.068957727
49.93065638,0.304956002,2.947754954,0.665193867,0.062900825
49.93529505,0.304067384,2.948725755,0.685023871,0.061484925
49.93993372,0.310045358,2.951799958,0.725585241,0.066676556
49.94457239,0.309075956,2.954065161,0.66339114,0.067305845
49.94921106,0.304632868,2.952689859,0.675108869,0.061406264
49.95384973,0.306410104,2.952851659,0.701248419,0.062507519
49.9584884,0.31271121,2.956492163,0.712064784,0.068643083
49.96312707,0.307217938,2.958271965,0.665193867,0.06400208
49.96776574,0.306006187,2.959647267,0.694938872,0.061327603
49.97240441,0.311661026,2.967494575,0.739105697,0.065417979
49.97704308,0.313922962,2.979063287,0.6967416,0.068643083
49.98168175,0.307702638,2.98149029,0.686826598,0.062192875
49.98632042,0.308106555,2.978173386,0.698544327,0.06258618
49.99095909,0.314003745,2.974209282,0.721979786,0.068564422
49.99559776,0.309560657,2.963854071,0.647166592,0.065732623
50.00023643,0.305117569,2.949777456,0.661588412,0.061563586
50.0048751,0.308510473,2.938208744,0.689530689,0.064316724
50.00951377,0.311176325,2.929956935,0.66339114,0.069272372
50.01415244,0.304067384,2.916527521,0.630942044,0.063058147
50.01879111,0.302855633,2.903421707,0.648067956,0.061720909
50.02342978,0.308752823,2.895088998,0.690432053,0.067148523
50.02806845,0.306006187,2.886109089,0.62282977,0.067227184
50.03270712,0.300836048,2.874054976,0.635448863,0.061563586
50.03734579,0.302370933,2.865884067,0.66339114,0.062822164
50.04198446,0.307379505,2.860949162,0.668799323,0.068957727
50.04662313,0.301159181,2.851322052,0.619224315,0.064159402
50.0512618,0.299058813,2.841128641,0.640857045,0.061484925
50.05590047,0.303986601,2.835222935,0.683221143,0.065811284
50.06053914,0.304228951,2.83061163,0.632744771,0.067935134
50.06517781,0.297604711,2.820256419,0.629139316,0.061956892
50.06981648,0.298250978,2.81200461,0.650772047,0.062271536
50.07445515,0.304471302,2.808040506,0.67781296,0.068171117
50.07909382,0.299139596,2.801649399,0.613816132,0.065417979
50.08373249,0.295423559,2.792184089,0.636350226,0.061170281
50.08837116,0.299381946,2.786601983,0.672404778,0.06400208
50.09300983,0.302613283,2.78344688,0.645363864,0.068485761
50.0976485,0.295665909,2.775195071,0.621027042,0.062507519
50.10228717,0.295019642,2.767428663,0.640857045,0.061170281
50.10692584,0.301159181,2.76467806,0.682319779,0.067069862
50.11156451,0.298250978,2.759500454,0.614717496,0.066519234
50.11620318,0.293242406,2.750116044,0.63004068,0.061327603
50.12084185,0.294858075,2.744533938,0.657982957,0.062979486
50.12548052,0.299543513,2.742106936,0.657982957,0.069036389
50.13011919,0.29332319,2.735311329,0.612013404,0.063530113
50.13475786,0.291545955,2.72762582,0.634547499,0.061012959
50.13939653,0.296716093,2.724713417,0.678714324,0.065732623
50.1440352,0.296796877,2.724228017,0.624632497,0.067541828
50.14867387,0.290576553,2.71759421,0.627336589,0.06109162
50.15331254,0.291869088,2.713549206,0.651673411,0.06179957
50.15795121,0.298170195,2.714277306,0.675108869,0.067856472
50.16258988,0.292757706,2.711041303,0.614717496,0.064552707
50.16722855,0.289849503,2.705944597,0.63725159,0.060855637
50.17186722,0.294292591,2.705216497,0.676010233,0.064238063
50.17650589,0.297200794,2.707319899,0.643561137,0.068249778
50.18114456,0.290899687,2.704002995,0.625533861,0.062035553
50.18578323,0.290576553,2.700928792,0.646265228,0.061170281
50.1904219,0.296796877,2.703032194,0.687727962,0.067069862
50.19506057,0.293727107,2.702546794,0.620125678,0.065889946
50.19969924,0.289284019,2.698178189,0.639054318,0.060934298
50.20433791,0.292515356,2.696074787,0.668799323,0.062743503
50.20897658,0.296958444,2.696802888,0.660687048,0.068249778
50.21361525,0.29025342,2.692353383,0.618322951,0.062900825
50.21825392,0.288960885,2.687256678,0.639955681,0.060934298
50.22289259,0.294534941,2.686852177,0.683221143,0.065575301
50.22753126,0.294373374,2.685881376,0.625533861,0.06691254
50.23216993,0.289122452,2.67989477,0.63004068,0.061012959
50.2368086,0.29001107,2.676496966,0.654377502,0.061720909
50.24144727,0.296554527,2.677467767,0.671503414,0.068328439
50.24608594,0.291707521,2.674959865,0.612914768,0.064474046
50.25072461,0.288960885,2.670024959,0.636350226,0.060776976
50.25536328,0.293727107,2.669135058,0.676010233,0.064159402
50.26000195,0.296150609,2.67099576,0.639054318,0.067856472
50.26464062,0.29001107,2.667517057,0.625533861,0.061720909
50.26927929,0.290091853,2.665656355,0.647166592,0.060776976
50.27391796,0.296958444,2.668973258,0.685023871,0.067305845
50.27855663,0.293242406,2.67075306,0.619224315,0.065417979
50.2831953,0.288960885,2.667597957,0.639054318,0.060855637
50.28783397,0.292353789,2.667274356,0.671503414,0.062743503
50.29247264,0.29663531,2.668649658,0.658884321,0.068564422
50.29711131,0.290334203,2.665656355,0.621928406,0.062664841
50.30174998,0.289284019,2.661854051,0.641758409,0.060776976
50.30638865,0.295342775,2.662015851,0.685925234,0.066047268
50.31102732,0.294131024,2.662015851,0.62282977,0.066833878
50.31566599,0.288395401,2.656919145,0.631843407,0.060934298
50.32030466,0.289930286,2.653844942,0.65618023,0.062035553
50.32494333,0.295827476,2.655058443,0.667897959,0.068249778
50.329582,0.289768719,2.653278642,0.612013404,0.063844758
50.33422067,0.287345217,2.649557238,0.635448863,0.060698315
50.33885934,0.292676922,2.648910037,0.676911597,0.064552707
50.34349801,0.294373374,2.650042638,0.633646135,0.067856472
50.34813668,0.287991484,2.645512233,0.624632497,0.061956892
50.35277535,0.288153051,2.643570631,0.646265228,0.061327603
50.35741402,0.294938858,2.645512233,0.680517052,0.067463167
50.36205269,0.29049577,2.644217832,0.614717496,0.065181996
50.36669136,0.286860516,2.641143629,0.636350226,0.061012959
50.37133003,0.29025342,2.64227623,0.671503414,0.063608774
50.3759687,0.294615724,2.646159434,0.654377502,0.0684071
50.38060737,0.287991484,2.644217832,0.62282977,0.062664841
50.38524604,0.28766835,2.644865033,0.647166592,0.06109162
50.38988471,0.294292591,2.650932539,0.694037508,0.066519234
50.39452338,0.293080839,2.655220244,0.630942044,0.066833878
50.39916205,0.287829917,2.653764042,0.642659773,0.061248942
50.40380072,0.290172636,2.653359542,0.667897959,0.062271536
50.40843939,0.295746692,2.657404546,0.675108869,0.068564422
50.41307806,0.289687936,2.657000046,0.621928406,0.063844758
50.41771673,0.28766835,2.654977543,0.6444625,0.061248942
50.4223554,0.292757706,2.657242746,0.686826598,0.065181996
50.42699407,0.293888674,2.660316949,0.639955681,0.067935134
50.43163274,0.288153051,2.659265248,0.634547499,0.061720909
50.43627141,0.288799318,2.659022548,0.65618023,0.061720909
50.44091008,0.295261992,2.661692251,0.685925234,0.067541828
50.44554875,0.290818904,2.66128775,0.620125678,0.064946013
50.45018742,0.287506784,2.658618047,0.640857045,0.061170281
50.45482609,0.291869088,2.659912449,0.676911597,0.063687435
50.45946476,0.296231393,2.663714753,0.653476138,0.0684071
50.46410343,0.290657337,2.662501251,0.627336589,0.062271536
50.4687421,0.290818904,2.662177651,0.650772047,0.061170281
50.47338077,0.298574112,2.667597957,0.695840236,0.066833878
50.47801944,0.29712001,2.672451962,0.632744771,0.066440573
50.48265811,0.29332319,2.675364365,0.652574774,0.060934298
50.48729678,0.296069826,2.681917272,0.684122507,0.062350197
50.49193545,0.301643882,2.693324184,0.688629326,0.068328439
50.49657412,0.295665909,2.69898719,0.643561137,0.063215469
50.50121279,0.293727107,2.710717703,0.676911597,0.060619654
50.50585146,0.299381946,2.741055235,0.739105697,0.065260657
50.51049013,0.300028214,2.781909778,0.70395251,0.067620489
50.5151288,0.295100425,2.820337319,0.721078422,0.061642248
50.51976747,0.296312176,2.854396255,0.749922063,0.061878231
50.52440614,0.302613283,2.879313481,0.760738428,0.068013795
50.52904481,0.297362361,2.886513589,0.682319779,0.064710029
50.53368348,0.293727107,2.884410187,0.690432053,0.060934298
50.53832215,0.298089411,2.881012383,0.714768875,0.063923419
50.54296082,0.300836048,2.87793818,0.676010233,0.068328439
50.54759949,0.294050241,2.867744769,0.648067956,0.062035553
50.55223816,0.293484757,2.857470458,0.66339114,0.06109162
50.55687683,0.299624296,2.852131053,0.701248419,0.066676556
50.5615155,0.296716093,2.845820846,0.630942044,0.065811284
50.56615417,0.291949872,2.835870135,0.645363864,0.061012959
50.57079284,0.295100425,2.829721729,0.675108869,0.062822164
50.57543151,0.299866647,2.827618327,0.672404778,0.068328439
50.58007018,0.293403973,2.82114632,0.628237952,0.063372791
50.58470885,0.291465171,2.815726014,0.651673411,0.061248942
50.58934752,0.297362361,2.814593413,0.694938872,0.065889946
50.59398619,0.297281577,2.813379911,0.639054318,0.067463167
50.59862486,0.291788305,2.806584304,0.641758409,0.061484925
50.60326353,0.292919273,2.8026202,0.665193867,0.062035553
50.6079022,0.299301163,2.8022157,0.685023871,0.068328439
50.61254087,0.293727107,2.798413396,0.624632497,0.064552707
50.61717954,0.290657337,2.79315489,0.647166592,0.061170281
50.62181821,0.295585125,2.791132388,0.685925234,0.064474046
50.62645688,0.298008628,2.790566087,0.650772047,0.068328439
50.63109555,0.291303604,2.78417498,0.633646135,0.062114214
50.63573422,0.291142037,2.778754675,0.655278866,0.061484925
50.64037289,0.297685494,2.778026574,0.692234781,0.067620489
50.64501156,0.294373374,2.77479057,0.623731133,0.066047268
50.64965023,0.290091853,2.768156763,0.641758409,0.061170281
50.6542889,0.292676922,2.764111759,0.674207505,0.063372791
50.65892757,0.297443144,2.763545459,0.66339114,0.068643083
50.66356624,0.291222821,2.758529653,0.623731133,0.06329413
50.66820491,0.289526369,2.753271148,0.647166592,0.06109162
50.67284358,0.295181208,2.752866647,0.692234781,0.066125929
50.67748225,0.294292591,2.751734046,0.631843407,0.067305845
50.68212092,0.288799318,2.745181139,0.639054318,0.061170281
50.68675959,0.290414987,2.740893435,0.662489776,0.061956892
50.69139826,0.296473743,2.742349636,0.682319779,0.068249778
50.69603693,0.290657337,2.740327134,0.63004068,0.064474046
50.7006756,0.28766835,2.736039429,0.651673411,0.06109162
50.70531427,0.292676922,2.733855127,0.688629326,0.064788691
50.70995294,0.294454158,2.732156225,0.645363864,0.067935134
50.71459161,0.287749134,2.725037018,0.63004068,0.061720909
50.71923028,0.288153051,2.719940312,0.649870683,0.061406264
50.72386895,0.294615724,2.720102112,0.684122507,0.06769915
50.72850762,0.29073812,2.716542509,0.617421587,0.065339318
50.73314629,0.286860516,2.709099701,0.636350226,0.060540992
50.73778496,0.290334203,2.704569296,0.668799323,0.062979486
50.74242363,0.294454158,2.703355795,0.652574774,0.0684071
50.7470623,0.287749134,2.696802888,0.617421587,0.062900825
50.75170097,0.286456599,2.691220782,0.639054318,0.061012959
50.75633964,0.292434572,2.690330881,0.683221143,0.066597895
50.76097831,0.290818904,2.68992638,0.620125678,0.06691254
50.76561698,0.286214249,2.684425175,0.631843407,0.061248942
50.77025565,0.288395401,2.680865571,0.657982957,0.062271536
50.77489432,0.293969457,2.682888073,0.669700686,0.068721744
50.77953299,0.288153051,2.68021837,0.616520223,0.064080741
50.78417166,0.285567982,2.676092466,0.639054318,0.061012959
50.78881033,0.290980471,2.676416066,0.681418415,0.064867352
50.793449,0.292434572,2.68021837,0.63725159,0.067935134
50.79808767,0.286214249,2.678195868,0.630942044,0.061720909
50.80272634,0.286618166,2.677305967,0.651673411,0.061563586
50.80736501,0.293242406,2.67997567,0.683221143,0.067856472
50.81200368,0.289284019,2.677225067,0.616520223,0.06549664
50.81664235,0.285729548,2.672047462,0.63725159,0.061248942
50.82128102,0.288960885,2.670105859,0.669700686,0.063844758
50.82591969,0.292757706,2.67034856,0.648067956,0.068485761
50.83055836,0.285971899,2.664928254,0.618322951,0.062507519
50.83519703,0.285244848,2.66096415,0.640857045,0.060934298
50.8398357,0.292192222,2.662339451,0.685023871,0.06620459
50.84447437,0.289687936,2.662663052,0.620125678,0.066125929
50.84911304,0.284679364,2.658618047,0.635448863,0.060855637
50.85375171,0.287102866,2.657323646,0.662489776,0.062035553
50.85839038,0.292757706,2.659588848,0.667897959,0.068171117
50.86302905,0.286779733,2.657485446,0.618322951,0.06329413
50.86766772,0.28459858,2.655382044,0.640857045,0.06038367
50.87230639,0.290091853,2.657323646,0.683221143,0.064788691
50.87694506,0.291465171,2.660316949,0.635448863,0.067620489
50.88158373,0.285729548,2.658941648,0.633646135,0.061327603
50.8862224,0.286537383,2.660397849,0.657982957,0.061563586
50.89086107,0.293242406,2.667355257,0.688629326,0.067856472
50.89549974,0.288880102,2.670105859,0.626435225,0.064788691
50.90013841,0.285810332,2.67034856,0.648969319,0.060698315
50.90477708,0.289768719,2.673099163,0.685023871,0.063608774
50.90941575,0.293000056,2.677225067,0.657081593,0.068092456
50.91405442,0.287102866,2.676173366,0.631843407,0.062192875
50.91869309,0.286537383,2.675768865,0.651673411,0.061012959
50.92333176,0.293000056,2.680622871,0.694037508,0.066755217
50.92797043,0.290818904,2.683049873,0.627336589,0.066125929
50.9326091,0.286456599,2.683211673,0.645363864,0.060619654
50.93724777,0.289526369,2.687418478,0.676010233,0.062428858
50.94188644,0.295342775,2.694699486,0.676911597,0.068800405
50.94652511,0.289364802,2.698097289,0.631843407,0.063451452
50.95116378,0.288314618,2.701414193,0.65618023,0.061012959
50.95580245,0.293969457,2.707805299,0.700347055,0.065653962
50.96044112,0.294696508,2.715652608,0.648969319,0.067384506
50.96507979,0.289041669,2.721801014,0.658884321,0.061563586
50.96971846,0.290334203,2.731832625,0.685925234,0.061956892
50.97435713,0.296958444,2.745342939,0.71116342,0.068171117
50.9789958,0.291869088,2.751329546,0.645363864,0.065103335
50.98363447,0.288799318,2.749711544,0.662489776,0.060934298
50.98827314,0.292838489,2.748983443,0.694037508,0.064316724
50.99291181,0.295585125,2.749630644,0.658884321,0.068564422
50.99755048,0.289445586,2.743967638,0.636350226,0.062271536
51.00218915,0.289122452,2.738628232,0.654377502,0.061170281
51.00682782,0.295746692,2.737495631,0.693136145,0.067384506
51.01146649,0.292838489,2.735149528,0.623731133,0.065968607
51.01610516,0.288072268,2.727949421,0.641758409,0.06109162
51.02074383,0.290899687,2.724956118,0.67060205,0.062822164
51.0253825,0.296150609,2.726007819,0.666996595,0.068013795
51.03002117,0.289607152,2.723419016,0.627336589,0.062822164
51.03465984,0.287991484,2.720263913,0.650772047,0.060855637
51.03929851,0.294131024,2.720911113,0.695840236,0.065968607
51.04393718,0.293888674,2.721234714,0.63725159,0.067305845
51.04857585,0.288233834,2.715329007,0.640857045,0.061406264
51.05321452,0.289687936,2.711688504,0.66339114,0.061878231
51.05785319,0.29639296,2.712902005,0.680517052,0.068171117
51.06249186,0.29049577,2.709504201,0.621928406,0.064159402
51.06713053,0.287506784,2.704083895,0.645363864,0.060776976
51.0717692,0.292273005,2.703274895,0.684122507,0.064474046
51.07640787,0.294373374,2.704650196,0.647166592,0.068092456
51.08104654,0.287910701,2.700443392,0.631843407,0.061878231
51.08568521,0.28766835,2.698178189,0.654377502,0.061248942
51.09032388,0.294534941,2.701171492,0.692234781,0.067227184
51.09496255,0.291142037,2.701090592,0.626435225,0.065889946
51.09960122,0.286537383,2.697773689,0.645363864,0.061012959
51.10423989,0.290091853,2.696802888,0.67781296,0.063215469
51.10887856,0.294373374,2.69922989,0.665193867,0.068643083
51.11351723,0.288153051,2.696074787,0.629139316,0.062900825
51.1181559,0.286779733,2.693566884,0.650772047,0.060855637
51.12279457,0.293080839,2.694942186,0.694938872,0.066125929
51.12743324,0.292353789,2.695832087,0.634547499,0.067069862
51.13207191,0.286860516,2.693566884,0.645363864,0.061170281
51.13671058,0.288880102,2.693647784,0.67060205,0.062271536
51.14134925,0.295342775,2.69882539,0.685925234,0.068171117
51.14598792,0.289930286,2.701090592,0.631843407,0.064238063
51.15062659,0.287749134,2.704569296,0.658884321,0.061012959
51.15526526,0.293888674,2.718322311,0.71116342,0.064474046
51.15990393,0.29663531,2.744533938,0.684122507,0.06769915
51.1645426,0.292111438,2.773253469,0.690432053,0.06179957
51.16918127,0.295019642,2.8022966,0.729190696,0.061642248
51.17381994,0.304067384,2.836031935,0.778765704,0.067620489
51.17845861,0.301239965,2.863618865,0.712064784,0.065417979
51.18309728,0.297685494,2.875915678,0.720177058,0.061248942
51.18773595,0.300755264,2.881174183,0.739105697,0.063608774
51.19237462,0.305198352,2.884086586,0.712064784,0.069036389
51.19701329,0.298978029,2.882792185,0.678714324,0.063136808
51.20165196,0.298412545,2.882873085,0.698544327,0.061484925
51.20629063,0.304713652,2.884733787,0.739105697,0.066833878
51.2109293,0.303744251,2.883520286,0.667897959,0.067305845
51.21556797,0.298574112,2.876967379,0.673306141,0.061720909
51.22020664,0.300108997,2.874135876,0.698544327,0.062979486
51.22484531,0.30608697,2.880284282,0.712064784,0.068879066
51.22948398,0.301563099,2.885866388,0.666996595,0.064238063
51.23412265,0.300916831,2.896221599,0.699445691,0.061563586
51.23876132,0.307864205,2.916446621,0.753527518,0.065811284
51.24339999,0.310449275,2.938208744,0.71116342,0.068249778
51.24803866,0.305925403,2.950424657,0.705755238,0.062428858
51.25267733,0.306894804,2.957948365,0.721979786,0.062192875
51.257316,0.313599828,2.963449571,0.743612516,0.068721744
51.26195467,0.308995173,2.959485466,0.667897959,0.065732623
51.26659334,0.304713652,2.948402155,0.678714324,0.061642248
51.27123201,0.308591256,2.939017745,0.705755238,0.064316724
51.27587068,0.311903376,2.932060337,0.675108869,0.068879066
51.28050935,0.304471302,2.919682624,0.643561137,0.063136808
51.28514802,0.303178767,2.907385811,0.660687048,0.061878231
51.28978669,0.308510473,2.899619403,0.701248419,0.067227184
51.29442536,0.306248537,2.890558593,0.633646135,0.06691254
51.29906403,0.300916831,2.87809998,0.647166592,0.06179957
51.3037027,0.3030172,2.869524571,0.676010233,0.063058147
51.30834137,0.307864205,2.865722267,0.680517052,0.06911505
51.31298004,0.301401532,2.861191862,0.641758409,0.064159402
51.31761871,0.299058813,2.856499657,0.671503414,0.061406264
51.32225738,0.303744251,2.853263654,0.71116342,0.06549664
51.32689605,0.303744251,2.847843348,0.653476138,0.068171117
51.33153472,0.297200794,2.836921836,0.647166592,0.062035553
51.33617339,0.297604711,2.827618327,0.667897959,0.062271536
51.34081206,0.303421117,2.823573322,0.690432053,0.068564422
51.34545073,0.298735679,2.815564214,0.625533861,0.064788691
51.3500894,0.294938858,2.805532603,0.647166592,0.061406264
51.35472807,0.298816462,2.799869597,0.684122507,0.064316724
51.35936674,0.301320748,2.796876294,0.654377502,0.068800405
51.36400541,0.294454158,2.789109886,0.632744771,0.062664841
51.36864408,0.294131024,2.78352778,0.655278866,0.061406264
51.37328275,0.300108997,2.784660381,0.701248419,0.067463167
51.37792142,0.297685494,2.784822181,0.63725159,0.06691254
51.38256009,0.292192222,2.782637879,0.658884321,0.061642248
51.38719876,0.295100425,2.788139085,0.694938872,0.063215469
51.39183743,0.300432131,2.804076402,0.709360693,0.069036389
51.3964761,0.293888674,2.818314817,0.678714324,0.063766097
51.40111477,0.291707521,2.827213826,0.698544327,0.061406264
51.40575344,0.297604711,2.831744231,0.733697515,0.065889946
51.41039211,0.297362361,2.83093523,0.666996595,0.067541828
51.41503078,0.291384388,2.822440721,0.661588412,0.06179957
51.41966945,0.292192222,2.815321513,0.679615688,0.062428858
51.42430812,0.298493329,2.81192371,0.695840236,0.068721744
51.42894679,0.293403973,2.804885402,0.632744771,0.065103335
51.43358546,0.290414987,2.796309993,0.654377502,0.061170281
51.43822413,0.294777291,2.791941389,0.691333417,0.064788691
51.4428628,0.297281577,2.788786285,0.657081593,0.068643083
51.44750147,0.290818904,2.780777177,0.63725159,0.062192875
51.45214014,0.290657337,2.775033271,0.657081593,0.061406264
51.45677881,0.297523928,2.772525368,0.695840236,0.067384506
51.46141748,0.294131024,2.767509563,0.625533861,0.066125929
51.46605615,0.289687936,2.759015054,0.643561137,0.060934298
51.47069482,0.292596139,2.753918348,0.673306141,0.063136808
51.47533349,0.296958444,2.752947547,0.665193867,0.068721744
51.47997216,0.29049577,2.747041841,0.623731133,0.063372791
51.48461083,0.288799318,2.740893435,0.646265228,0.06109162
51.4892495,0.294454158,2.738870932,0.691333417,0.066125929
51.49388817,0.294534941,2.737252931,0.632744771,0.06769915
51.49852684,0.288718535,2.732803426,0.639955681,0.062035553
51.50316551,0.29025342,2.729729223,0.665193867,0.062428858
51.50780418,0.296554527,2.731589925,0.684122507,0.068564422
51.51244285,0.291142037,2.729648323,0.626435225,0.064631368
51.51708152,0.288233834,2.72689772,0.649870683,0.061327603
51.52172019,0.293161623,2.72722132,0.691333417,0.064710029
51.52635886,0.295100425,2.729082022,0.652574774,0.0684071
51.53099753,0.288880102,2.72738312,0.641758409,0.062192875
51.5356362,0.288880102,2.729001122,0.666996595,0.061484925
51.54027487,0.295908259,2.73692933,0.710262056,0.06769915
51.54491354,0.292192222,2.744291238,0.648969319,0.065732623
51.54955221,0.288637751,2.750035144,0.676010233,0.061406264
51.55419088,0.292273005,2.757073452,0.71116342,0.063372791
51.55882955,0.29639296,2.769289365,0.700347055,0.068800405
51.56346822,0.290576553,2.775195071,0.667897959,0.062743503
51.56810689,0.289445586,2.779725476,0.691333417,0.061248942
51.57274556,0.296231393,2.789109886,0.73730297,0.066440573
51.57738423,0.295019642,2.795339192,0.672404778,0.067148523
51.5820229,0.289607152,2.794206591,0.675108869,0.061484925
51.58666157,0.291788305,2.794206591,0.694938872,0.062192875
51.59130024,0.297847061,2.797118994,0.702149782,0.0684071
51.59593891,0.292192222,2.795581893,0.643561137,0.06400208
51.60057758,0.289768719,2.792264989,0.665193867,0.061248942
51.60521625,0.295019642,2.792507689,0.704853874,0.064710029
51.60985492,0.296312176,2.794368391,0.657982957,0.068328439
51.61449359,0.289526369,2.790970588,0.646265228,0.062350197
51.61913226,0.29049577,2.789028986,0.666996595,0.061720909
51.62377093,0.296958444,2.791779588,0.699445691,0.067856472
51.6284096,0.293161623,2.792345889,0.633646135,0.065417979
51.63304827,0.289687936,2.790080687,0.655278866,0.06109162
51.63768694,0.293403973,2.790889688,0.688629326,0.063923419
51.64232561,0.297443144,2.795015592,0.67060205,0.068800405
51.64696428,0.290576553,2.79355939,0.639955681,0.062900825
51.65160295,0.29049577,2.794287491,0.662489776,0.061170281
51.65624162,0.29687766,2.800921298,0.71116342,0.066597895
51.66088029,0.295585125,2.807959606,0.650772047,0.066755217
51.66551896,0.291142037,2.813541712,0.668799323,0.061406264
51.67015763,0.293646323,2.820499119,0.697642964,0.062743503
51.6747963,0.299139596,2.829559929,0.705755238,0.068800405
51.67943497,0.293242406,2.833119532,0.655278866,0.063923419
51.68407364,0.291222821,2.834494834,0.678714324,0.061170281
51.68871231,0.296231393,2.837649937,0.718374331,0.065575301
51.69335098,0.29712001,2.84048144,0.665193867,0.0684071
51.69798965,0.291142037,2.836517336,0.657982957,0.062428858
51.70262832,0.292030655,2.834252134,0.676911597,0.062114214
51.70726699,0.298574112,2.836679136,0.70395251,0.0684071
51.71190566,0.294211807,2.835951035,0.639955681,0.065653962
51.71654433,0.290576553,2.834818434,0.661588412,0.061563586
51.721183,0.294696508,2.837730837,0.698544327,0.064159402
51.72582167,0.298170195,2.842908443,0.674207505,0.068721744
51.73046034,0.291707521,2.842665742,0.649870683,0.062822164
51.73509901,0.290899687,2.845739946,0.674207505,0.061642248
51.73973768,0.297523928,2.857955859,0.725585241,0.067148523
51.74437635,0.295504342,2.877533679,0.67060205,0.066676556
51.74901502,0.290980471,2.896059799,0.695840236,0.061563586
51.75365369,0.293403973,2.917821922,0.729190696,0.063215469
51.75829236,0.298978029,2.935619941,0.723782513,0.069193711
51.76293103,0.292676922,2.939988546,0.669700686,0.06400208
51.7675697,0.29049577,2.935862641,0.683221143,0.061484925
51.77220837,0.295908259,2.932464838,0.719275694,0.065968607
51.77684704,0.296312176,2.928500734,0.660687048,0.068013795
51.78148571,0.29049577,2.920329825,0.660687048,0.061956892
51.78612438,0.291545955,2.913938718,0.685023871,0.062507519
51.79076305,0.298089411,2.911269015,0.706656601,0.068957727
51.79540172,0.293000056,2.902774506,0.639955681,0.065339318
51.80004039,0.289768719,2.890396793,0.657982957,0.061642248
51.80467906,0.294050241,2.881093283,0.692234781,0.064631368
51.80931773,0.296958444,2.874944877,0.658884321,0.069193711
51.8139564,0.29025342,2.863133464,0.636350226,0.062822164
51.81859507,0.29001107,2.853182754,0.655278866,0.062035553
51.82323374,0.296796877,2.847357947,0.695840236,0.067620489
51.82787241,0.293888674,2.839834239,0.626435225,0.066519234
51.83251108,0.289445586,2.828589128,0.643561137,0.061720909
51.83714975,0.292111438,2.82106542,0.671503414,0.063530113
51.84178842,0.297362361,2.816696815,0.666996595,0.069272372
51.84642709,0.291222821,2.807231505,0.625533861,0.063687435
51.85106576,0.289930286,2.798413396,0.648067956,0.061878231
51.85570443,0.295908259,2.794772892,0.692234781,0.066519234
51.8603431,0.295665909,2.790727887,0.635448863,0.067935134
51.86498177,0.290091853,2.782880579,0.640857045,0.062114214
51.86962044,0.291465171,2.776570372,0.666996595,0.062350197
51.87425911,0.297766278,2.775356871,0.686826598,0.068800405
51.87889778,0.292273005,2.770341066,0.626435225,0.065024674
51.88353645,0.289768719,2.763060058,0.648969319,0.061406264
51.88817512,0.293888674,2.759500454,0.688629326,0.064946013
51.89281379,0.29639296,2.759176854,0.653476138,0.068800405
51.89745246,0.291707521,2.753594748,0.642659773,0.062900825
51.90209113,0.292596139,2.750277844,0.666996595,0.062035553
51.9067298,0.299543513,2.752623947,0.707557965,0.068171117
51.91136847,0.296554527,2.753432948,0.641758409,0.066676556
51.91600714,0.292353789,2.752623947,0.664292504,0.061720909
51.92064581,0.295908259,2.75585995,0.698544327,0.063844758
51.92528448,0.300755264,2.76524436,0.694037508,0.069193711
51.92992315,0.294615724,2.770017465,0.661588412,0.063687435
51.93456182,0.293646323,2.77422427,0.685925234,0.061642248
51.93920049,0.29970508,2.781262577,0.727387968,0.066676556
51.94383916,0.299058813,2.785226682,0.66339114,0.067856472
51.94847783,0.29380789,2.78401318,0.67060205,0.062035553
51.9531165,0.296150609,2.786440183,0.6967416,0.062900825
51.95775517,0.301886232,2.793963891,0.709360693,0.069036389
51.96239384,0.296554527,2.795743693,0.652574774,0.064946013
51.96703251,0.294211807,2.797361694,0.676010233,0.061642248
51.97167118,0.299543513,2.8030247,0.717472967,0.065417979
51.97630985,0.301886232,2.809820308,0.676010233,0.068643083
51.98094852,0.295504342,2.809901208,0.66339114,0.062664841
51.98558719,0.296069826,2.811033809,0.682319779,0.062114214
51.99022586,0.30277485,2.814755213,0.715670239,0.068485761
51.99486453,0.299058813,2.814027112,0.648969319,0.066125929
51.9995032,0.295261992,2.810386608,0.668799323,0.061642248
52.00414187,0.299139596,2.810548408,0.702149782,0.064159402
52.00878054,0.303582684,2.813703512,0.685023871,0.069587016
52.01341921,0.297443144,2.810629308,0.650772047,0.063372791
52.01805788,0.296069826,2.805694403,0.667897959,0.06179957
52.02269655,0.302047799,2.803914601,0.709360693,0.067227184
52.02733522,0.300351347,2.800435898,0.642659773,0.067463167
52.03197389,0.295019642,2.79315489,0.653476138,0.061956892
52.03661256,0.296716093,2.787491884,0.676911597,0.063215469
52.04125123,0.302290149,2.786116582,0.684122507,0.069193711
52.0458899,0.295989043,2.778916475,0.629139316,0.064316724
52.05052857,0.293403973,2.769855665,0.650772047,0.061248942
52.05516724,0.298089411,2.766376962,0.691333417,0.06549664
52.05980591,0.299220379,2.762493757,0.643561137,0.068721744
52.06444458,0.293000056,2.754322849,0.63725159,0.062507519
52.06908325,0.293646323,2.747769942,0.657081593,0.062192875
52.07372192,0.29970508,2.74623284,0.688629326,0.068643083
52.07836059,0.295342775,2.741783335,0.62282977,0.06549664
52.08299926,0.291303604,2.733855127,0.643561137,0.06179957
52.08763793,0.294696508,2.729729223,0.67781296,0.064395385
52.0922766,0.298250978,2.728273021,0.65618023,0.069429694
52.09691527,0.291949872,2.721962814,0.628237952,0.063136808
52.10155394,0.290899687,2.715895308,0.648969319,0.062035553
52.10619261,0.29712001,2.715329007,0.693136145,0.067384506
52.11083128,0.294696508,2.712902005,0.626435225,0.067227184
52.11546995,0.289930286,2.705944597,0.639955681,0.061878231
52.12010862,0.292434572,2.702708594,0.668799323,0.06329413
52.12474729,0.297927845,2.703517595,0.673306141,0.069351033
52.12938596,0.291626738,2.69858269,0.624632497,0.064631368
52.13402463,0.289445586,2.694214085,0.648067956,0.061720909
52.1386633,0.295019642,2.693324184,0.690432053,0.066047268
52.14330197,0.295665909,2.694214085,0.640857045,0.068564422
52.14794064,0.289849503,2.68952188,0.639054318,0.06258618
52.15257931,0.291061254,2.686852177,0.66339114,0.062507519
52.15721798,0.297604711,2.68952188,0.690432053,0.068800405
52.16185665,0.292596139,2.688065678,0.628237952,0.065417979
52.16649532,0.289364802,2.685638676,0.651673411,0.061642248
52.17113399,0.29380789,2.688227479,0.691333417,0.064631368
52.17577266,0.297685494,2.694294985,0.666996595,0.06911505
52.18041133,0.291303604,2.696317487,0.648067956,0.063136808
52.18505,0.290899687,2.700686092,0.67060205,0.062035553
52.18968867,0.297847061,2.7082098,0.712064784,0.06769915
52.19432734,0.295261992,2.712335704,0.643561137,0.06691254
52.19896601,0.290657337,2.708937901,0.65618023,0.061878231
52.20360468,0.292838489,2.707238999,0.682319779,0.063530113
52.20824335,0.297847061,2.709261501,0.678714324,0.069508355
52.21288202,0.291869088,2.705863697,0.632744771,0.064080741
52.21752069,0.290091853,2.702304094,0.654377502,0.061406264
52.22215936,0.295585125,2.703032194,0.697642964,0.06620459
52.22679803,0.295423559,2.703760295,0.643561137,0.068171117
52.2314367,0.289607152,2.700038891,0.645363864,0.061878231
52.23607537,0.290899687,2.697045588,0.668799323,0.062271536
52.24071404,0.297281577,2.698178189,0.690432053,0.068643083
52.24535271,0.291949872,2.696479287,0.63004068,0.065181996
52.24999138,0.289041669,2.693081484,0.653476138,0.061563586
52.25463005,0.29356554,2.693081484,0.693136145,0.064552707
52.25926872,0.296473743,2.695670287,0.661588412,0.069036389
52.26390739,0.289930286,2.692919684,0.642659773,0.062428858
52.26854606,0.289203235,2.691463482,0.661588412,0.061720909
52.27318473,0.295989043,2.693566884,0.701248419,0.06769915
52.2778234,0.293403973,2.693000584,0.633646135,0.066676556
52.28246207,0.288960885,2.68952188,0.652574774,0.061484925
52.28710074,0.291545955,2.68927918,0.682319779,0.063136808
52.29173941,0.296554527,2.693162384,0.676911597,0.068721744
52.29637808,0.290576553,2.693890485,0.639054318,0.063451452
52.30101675,0.289122452,2.694861286,0.665193867,0.061406264
52.30565542,0.294858075,2.700928792,0.712966148,0.066361912
52.31029409,0.294938858,2.707805299,0.65618023,0.067856472
52.31493276,0.289364802,2.7078862,0.658884321,0.062035553
52.31957143,0.291061254,2.7081289,0.679615688,0.062507519
52.3242101,0.29712001,2.712335704,0.694938872,0.068879066
52.32884877,0.291545955,2.711769404,0.635448863,0.065024674
52.33348744,0.289122452,2.709504201,0.657081593,0.061327603
52.33812611,0.293646323,2.712254804,0.698544327,0.065260657
52.34276478,0.296231393,2.71767511,0.662489776,0.068800405
52.34740345,0.290172636,2.71799871,0.649870683,0.06258618
52.35204212,0.29049577,2.718807711,0.67060205,0.062114214
52.35668079,0.297362361,2.724632517,0.707557965,0.068092456
52.36131946,0.294211807,2.726088719,0.639955681,0.066519234
52.36595813,0.29025342,2.723095416,0.657081593,0.06179957
52.3705968,0.29356554,2.722852715,0.687727962,0.06400208
52.37523547,0.297766278,2.725926919,0.673306141,0.069272372
52.37987414,0.291788305,2.723095416,0.63725159,0.063608774
52.38451281,0.290334203,2.719212212,0.657081593,0.061956892
52.38915148,0.29663531,2.720506613,0.702149782,0.067148523
52.39379015,0.295908259,2.721153814,0.639054318,0.067856472
52.39842882,0.29025342,2.71767511,0.648969319,0.062350197
52.40306749,0.292515356,2.716704309,0.675108869,0.062743503
52.40770616,0.298493329,2.719454912,0.687727962,0.069193711
52.41234483,0.293000056,2.71759421,0.631843407,0.064946013
52.4169835,0.29049577,2.715005407,0.655278866,0.061720909
52.42162217,0.295665909,2.715329007,0.695840236,0.065811284
52.42626084,0.297685494,2.716704309,0.651673411,0.068800405
52.43089951,0.291465171,2.712416604,0.641758409,0.062664841
52.43553818,0.291869088,2.710070502,0.661588412,0.062350197
52.44017685,0.298412545,2.712173904,0.694938872,0.068721744
52.44481552,0.294615724,2.711041303,0.629139316,0.066047268
52.44945419,0.29073812,2.706268198,0.650772047,0.06179957
52.45409286,0.294615724,2.705701897,0.685023871,0.064316724
52.45873153,0.299139596,2.7086952,0.666095231,0.069272372
52.4633702,0.292273005,2.706429998,0.634547499,0.063215469
52.46800887,0.291465171,2.704650196,0.65618023,0.06179957
52.47264754,0.298008628,2.706672698,0.700347055,0.067384506
52.47728621,0.29663531,2.707319899,0.635448863,0.067384506
52.48192488,0.291626738,2.703113094,0.648067956,0.061878231
52.48656355,0.293888674,2.701575993,0.676010233,0.06329413
52.49120222,0.299785863,2.704164796,0.681418415,0.069429694
52.49584089,0.29380789,2.701414193,0.629139316,0.064474046
52.50047956,0.292030655,2.697207388,0.651673411,0.061720909
52.50511823,0.297200794,2.697207388,0.694938872,0.065732623
52.5097569,0.298816462,2.698420889,0.647166592,0.068564422
52.51439557,0.292676922,2.693485984,0.641758409,0.062035553
52.51903424,0.293727107,2.691301682,0.66339114,0.062271536
52.52367291,0.300593697,2.694214085,0.694938872,0.068564422
52.52831158,0.296231393,2.694052285,0.631843407,0.066047268
52.53295025,0.292838489,2.690978082,0.654377502,0.061878231
52.53758892,0.297362361,2.68984548,0.689530689,0.064631368
52.54222759,0.300674481,2.691544382,0.66339114,0.06911505
52.54686626,0.294454158,2.687984778,0.636350226,0.063058147
52.55150493,0.293646323,2.684425175,0.65618023,0.061956892
52.5561436,0.300270564,2.685557776,0.698544327,0.06769915
52.56078227,0.298170195,2.685153275,0.632744771,0.066991201
52.56542094,0.293403973,2.682564473,0.649870683,0.061878231
52.57005961,0.295504342,2.681674572,0.67781296,0.063608774
52.57469828,0.301482315,2.685315076,0.681418415,0.069429694
52.57933695,0.295665909,2.683939774,0.635448863,0.064474046
52.58397562,0.293727107,2.681998172,0.657081593,0.06179957
52.58861429,0.299058813,2.683777974,0.700347055,0.066440573
52.59325296,0.29970508,2.686285877,0.648969319,0.0684071
52.59789163,0.29380789,2.683292573,0.647166592,0.062114214
52.6025303,0.294777291,2.681836372,0.668799323,0.062507519
52.60716897,0.301159181,2.684910575,0.694037508,0.068957727
52.61180764,0.296473743,2.684344275,0.632744771,0.065811284
52.61644631,0.293484757,2.682726273,0.658884321,0.061878231
52.62108498,0.297685494,2.686366777,0.698544327,0.064867352
52.62572365,0.300512914,2.691625282,0.668799323,0.069272372
52.63036232,0.294292591,2.691382582,0.648067956,0.062900825
52.63500099,0.293727107,2.693405084,0.668799323,0.061878231
52.63963966,0.300351347,2.699553491,0.713867512,0.067856472
52.64427833,0.297604711,2.705378297,0.648969319,0.067148523
52.648917,0.293080839,2.710313202,0.671503414,0.062114214
52.65355567,0.296554527,2.722205515,0.712064784,0.06400208
52.65819434,0.301401532,2.751895846,0.73730297,0.069587016
52.66283301,0.295585125,2.795258292,0.73009206,0.064159402
52.66747168,0.294858075,2.842908443,0.782371159,0.062114214
52.67211035,0.300674481,2.876886479,0.813017528,0.066833878
52.67674902,0.300432131,2.890154093,0.73009206,0.068485761
52.68138769,0.294858075,2.888616991,0.712064784,0.06258618
52.68602636,0.295585125,2.884248387,0.719275694,0.062900825
52.69066503,0.302370933,2.881012383,0.728289332,0.069193711
52.6953037,0.296716093,2.874054976,0.657982957,0.065260657
52.69994237,0.29380789,2.865560467,0.674207505,0.061563586
52.70458104,0.298816462,2.859978361,0.708459329,0.065260657
52.70921971,0.300836048,2.856985058,0.669700686,0.069036389
52.71385838,0.294534941,2.848652349,0.650772047,0.062822164
52.71849705,0.294615724,2.841290441,0.669700686,0.062035553
52.72313572,0.301320748,2.838216238,0.708459329,0.068092456
52.72777439,0.297604711,2.832634132,0.639054318,0.06691254
52.73241306,0.293161623,2.823735122,0.657982957,0.062192875
52.73705173,0.296231393,2.817505816,0.687727962,0.064080741
52.7416904,0.300755264,2.815159713,0.676010233,0.069508355
52.74632907,0.294373374,2.807636005,0.635448863,0.063923419
52.75096774,0.292838489,2.799060596,0.65618023,0.061720909
52.75560641,0.298816462,2.795986393,0.699445691,0.066676556
52.76024508,0.297847061,2.791860489,0.639054318,0.067777811
52.76488375,0.292273005,2.782961479,0.646265228,0.062035553
52.76952242,0.293888674,2.777783874,0.671503414,0.062822164
52.77416109,0.29994743,2.776651272,0.688629326,0.069429694
52.77879976,0.294050241,2.770826466,0.631843407,0.064867352
52.78343843,0.291465171,2.76467806,0.655278866,0.061484925
52.7880771,0.296473743,2.760794856,0.695840236,0.065339318
52.79271577,0.298897246,2.759015054,0.655278866,0.068643083
52.79735444,0.292757706,2.752138546,0.641758409,0.062664841
52.80199311,0.292434572,2.747284541,0.662489776,0.062192875
52.80663178,0.299543513,2.747689042,0.698544327,0.0684071
52.81127045,0.295665909,2.745019339,0.632744771,0.066283251
52.81590912,0.292192222,2.739679933,0.654377502,0.061563586
52.82054779,0.295342775,2.737576531,0.688629326,0.064238063
52.82518646,0.299785863,2.739760833,0.674207505,0.069272372
52.82982513,0.293484757,2.73620123,0.641758409,0.063451452
52.8344638,0.292757706,2.732884326,0.662489776,0.06179957
52.83910247,0.299220379,2.732479826,0.705755238,0.067069862
52.84374114,0.298170195,2.732156225,0.641758409,0.067935134
52.84837981,0.293403973,2.72746402,0.653476138,0.061878231
52.85301848,0.296312176,2.725117918,0.683221143,0.062900825
52.85765715,0.303744251,2.729891023,0.700347055,0.069036389
52.86229582,0.298897246,2.731670825,0.651673411,0.064474046
52.86693449,0.300836048,2.732641626,0.683221143,0.061878231
52.87157316,0.316669598,2.73652483,0.740007061,0.065811284
52.87621183,0.326040475,2.739437233,0.695840236,0.06911505
52.8808505,0.322082087,2.735149528,0.680517052,0.062664841
52.88548917,0.322566787,2.731509025,0.693136145,0.062664841
52.89012784,0.328706327,2.731913525,0.718374331,0.068643083
52.89476651,0.323778539,2.728839322,0.647166592,0.066047268
52.89940518,0.319577801,2.723014516,0.664292504,0.061642248
52.90404385,0.322566787,2.721072914,0.694938872,0.064395385
52.90868252,0.32499029,2.721315614,0.67060205,0.069508355
52.91332119,0.317073515,2.716299808,0.640857045,0.063451452
52.91795986,0.315134713,2.711607603,0.658884321,0.062192875
52.92259853,0.320304852,2.712012104,0.703051146,0.06769915
52.9272372,0.317962133,2.711284003,0.63725159,0.067541828
52.93187587,0.312064943,2.708048,0.651673411,0.062428858
52.93651454,0.313680611,2.707238999,0.678714324,0.063608774
52.94115321,0.318285266,2.710151402,0.684122507,0.069744338
52.94579188,0.311741809,2.708048,0.633646135,0.064867352
52.95043055,0.308752823,2.704083895,0.655278866,0.062035553
52.95506922,0.313438261,2.704892896,0.698544327,0.06620459
52.95970789,0.313519045,2.706349098,0.649870683,0.0684071
52.96434656,0.306652454,2.702142293,0.646265228,0.06258618
52.96898523,0.306733237,2.699715291,0.667897959,0.062664841
52.9736239,0.312953561,2.701818693,0.695840236,0.06911505
52.97826257,0.307864205,2.699877091,0.630942044,0.065889946
52.98290124,0.303905818,2.695023086,0.651673411,0.062035553
52.98753991,0.306814021,2.694133185,0.688629326,0.064474046
52.99217858,0.309722224,2.695670287,0.661588412,0.06911505
52.99681725,0.302694066,2.691220782,0.63725159,0.063451452
53.00145592,0.301886232,2.687580278,0.657982957,0.061878231
53.00609459,0.308348906,2.68992638,0.703051146,0.067777811
53.01073326,0.305683053,2.690978082,0.63725159,0.067227184
53.01537193,0.300270564,2.688793779,0.653476138,0.062035553
53.0200106,0.30325955,2.688874679,0.684122507,0.063530113
53.02464927,0.308833606,2.692757883,0.686826598,0.069587016
53.02928794,0.303582684,2.692029783,0.641758409,0.064631368
53.03392661,0.3030172,2.691301682,0.666996595,0.062114214
53.03856528,0.30939909,2.695265786,0.712966148,0.066519234
53.04320395,0.310126141,2.700443392,0.659785685,0.068643083
53.04784262,0.304148168,2.703760295,0.66339114,0.062428858
53.05248129,0.304794435,2.711769404,0.686826598,0.062822164
53.05711996,0.310933975,2.724308917,0.71116342,0.069272372
53.06175863,0.30584462,2.730538224,0.648969319,0.06549664
53.0663973,0.3025325,2.733855127,0.672404778,0.062035553
53.07103597,0.306652454,2.740731634,0.710262056,0.065339318
53.07567464,0.309479874,2.749145243,0.676911597,0.069193711
53.08031331,0.302694066,2.751248646,0.655278866,0.063136808
53.08495198,0.3025325,2.752462147,0.674207505,0.06258618
53.08959065,0.308510473,2.757235252,0.712966148,0.068013795
53.09422932,0.305359919,2.758772353,0.642659773,0.066991201
53.09886799,0.301159181,2.75545545,0.658884321,0.062035553
53.10350666,0.303421117,2.756102651,0.688629326,0.063844758
53.10814533,0.308187339,2.761603856,0.683221143,0.069351033
53.112784,0.302209366,2.761199356,0.6444625,0.063844758
53.11742267,0.301078398,2.763302758,0.668799323,0.062035553
53.12206134,0.307137154,2.770826466,0.714768875,0.066755217
53.12670001,0.308106555,2.781424378,0.662489776,0.067935134
53.13133868,0.303501901,2.791860489,0.671503414,0.062428858
53.13597735,0.305036786,2.804966302,0.699445691,0.062900825
53.14061602,0.311822593,2.82106542,0.719275694,0.069351033
53.14525469,0.307379505,2.83085433,0.659785685,0.065339318
53.14989336,0.304794435,2.837973537,0.682319779,0.061720909
53.15453203,0.310126141,2.847600648,0.719275694,0.065417979
53.1591707,0.313195911,2.85908846,0.682319779,0.069272372
53.16380937,0.307621855,2.866612168,0.668799323,0.063136808
53.16844804,0.30915674,2.876562878,0.692234781,0.062428858
53.17308671,0.316750381,2.891772095,0.733697515,0.068800405
53.17772538,0.314084528,2.902531806,0.666996595,0.066676556
53.18236405,0.310610841,2.908518412,0.686826598,0.062035553
53.18700272,0.314407662,2.914424119,0.717472967,0.064316724
53.19164139,0.319416234,2.919682624,0.702149782,0.069744338
53.19628006,0.313034344,2.916365721,0.660687048,0.064080741
53.20091873,0.311580242,2.910945415,0.67781296,0.062271536
53.2055574,0.317396649,2.908761113,0.719275694,0.067384506
53.21019607,0.316023331,2.90649591,0.65618023,0.068328439
53.21483474,0.310530058,2.898163201,0.662489776,0.062664841
53.21947341,0.311741809,2.890963094,0.685023871,0.063530113
53.22411208,0.317477432,2.88740349,0.694938872,0.069587016
53.22875075,0.311337892,2.87850448,0.636350226,0.065417979
53.23338942,0.308025772,2.86863467,0.657081593,0.062350197
53.23802809,0.312630427,2.862809864,0.697642964,0.06620459
53.24266676,0.313922962,2.858036759,0.653476138,0.069193711
53.24730543,0.307137154,2.848652349,0.643561137,0.063058147
53.2519441,0.307460288,2.84007694,0.664292504,0.062664841
53.25658277,0.313195911,2.836921836,0.698544327,0.068879066
53.26122144,0.308672039,2.829883529,0.631843407,0.066440573
53.26586011,0.304552085,2.820580019,0.654377502,0.062428858
53.27049878,0.307783422,2.815726014,0.687727962,0.064867352
53.27513745,0.311903376,2.813137211,0.671503414,0.06990166
53.27977612,0.305521486,2.805128103,0.640857045,0.06400208
53.28441479,0.304067384,2.797361694,0.661588412,0.062271536
53.28905346,0.309883791,2.79355939,0.705755238,0.067463167
53.29369213,0.308106555,2.789271686,0.639955681,0.067856472
53.2983308,0.302855633,2.779887276,0.651673411,0.062428858
53.30296947,0.304794435,2.77430517,0.679615688,0.063530113
53.30760814,0.310853192,2.772687168,0.687727962,0.06990166
53.31224681,0.304956002,2.766781462,0.634547499,0.065024674
53.31688548,0.302855633,2.759176854,0.657982957,0.062114214
53.32152415,0.308348906,2.75585995,0.699445691,0.065968607
53.32616282,0.309803007,2.753837448,0.651673411,0.069429694
53.33080149,0.303905818,2.747122741,0.645363864,0.063058147
53.33544016,0.304471302,2.741540635,0.667897959,0.062900825
53.34007883,0.311822593,2.740974335,0.698544327,0.06911505
53.3447175,0.307298721,2.737252931,0.634547499,0.066676556
53.34935617,0.304148168,2.731023624,0.65618023,0.062350197
53.35399484,0.308106555,2.728920222,0.692234781,0.065181996
53.35863351,0.311903376,2.729648323,0.666996595,0.069587016
53.36327218,0.305521486,2.724551617,0.639955681,0.063766097
53.36791085,0.305036786,2.720102112,0.660687048,0.06258618
53.37254952,0.31198416,2.721072914,0.704853874,0.067856472
53.37718819,0.30939909,2.721558314,0.639955681,0.06769915
53.38182686,0.304713652,2.718484111,0.65618023,0.062664841
53.38646553,0.306975588,2.718969511,0.685925234,0.063923419
53.3911042,0.312549644,2.722771815,0.687727962,0.069665677
53.39574287,0.306410104,2.720506613,0.639955681,0.064631368
53.40038154,0.304309735,2.71783691,0.662489776,0.061878231
53.40502021,0.309803007,2.718969511,0.70395251,0.066676556
53.40965888,0.310126141,2.719131311,0.651673411,0.068957727
53.41429755,0.304390518,2.716299808,0.652574774,0.062664841
53.41893622,0.305440703,2.714924507,0.676911597,0.063058147
53.42357489,0.311257109,2.71735151,0.702149782,0.069508355
53.42821356,0.30632932,2.715652608,0.63725159,0.065889946
53.43285223,0.303178767,2.711203103,0.657081593,0.062035553
53.4374909,0.307056371,2.710717703,0.694037508,0.065103335
53.44212957,0.309803007,2.712173904,0.664292504,0.069665677
53.44676824,0.302694066,2.7084525,0.640857045,0.063451452
53.45140691,0.302209366,2.704811996,0.660687048,0.062507519
53.45604558,0.308348906,2.706672698,0.703051146,0.068249778
53.46068425,0.305359919,2.706753598,0.635448863,0.067305845
53.46532292,0.300916831,2.703355795,0.653476138,0.062192875
53.46996159,0.303340334,2.703679395,0.683221143,0.064159402
53.47460026,0.308429689,2.706996299,0.681418415,0.069980321
53.47923893,0.301482315,2.706429998,0.639054318,0.064395385
53.4838776,0.299624296,2.706510898,0.661588412,0.06258618
53.48851627,0.305602269,2.711769404,0.708459329,0.06691254
53.49315494,0.305602269,2.718403211,0.654377502,0.068564422
53.49779361,0.300028214,2.722043715,0.660687048,0.062664841
53.50243228,0.301482315,2.72730222,0.687727962,0.062743503
53.50707095,0.307783422,2.737495631,0.71116342,0.069272372
53.51170962,0.302613283,2.744938439,0.655278866,0.06549664
53.51634829,0.29970508,2.751814946,0.680517052,0.062035553
53.52098696,0.304471302,2.763060058,0.721078422,0.065181996
53.52562563,0.307056371,2.775356871,0.686826598,0.069272372
53.5302643,0.300916831,2.779725476,0.669700686,0.062979486
53.53490297,0.300916831,2.78377048,0.689530689,0.06258618
53.53954164,0.307783422,2.791860489,0.73009206,0.0684071
53.54418031,0.304713652,2.795986393,0.660687048,0.067148523
53.54881898,0.300997615,2.797280794,0.680517052,0.062114214
53.55345765,0.304309735,2.8023775,0.714768875,0.064316724
53.55809632,0.309560657,2.81200461,0.707557965,0.069587016
53.56273499,0.303663467,2.820256419,0.674207505,0.064474046
53.56737366,0.30325955,2.834575734,0.710262056,0.062271536
53.57201233,0.310691625,2.857794059,0.76344252,0.067227184
53.576651,0.311014759,2.875106677,0.702149782,0.068249778
53.58128967,0.306006187,2.880850583,0.705755238,0.062822164
53.58592834,0.307137154,2.885219188,0.723782513,0.06329413
53.59056701,0.313599828,2.890315893,0.730993423,0.069429694
53.59520568,0.307944989,2.887969791,0.666095231,0.065417979
53.59984435,0.304632868,2.881821384,0.682319779,0.062271536
53.60448302,0.309075956,2.87834268,0.717472967,0.065575301
53.60912169,0.310772408,2.875996578,0.673306141,0.068879066
53.61376036,0.303905818,2.86847287,0.657081593,0.06329413
53.61839903,0.303663467,2.862648064,0.676010233,0.06258618
53.6230377,0.310287708,2.860787362,0.71116342,0.068564422
53.62767637,0.30608697,2.856742357,0.642659773,0.066676556
53.63231504,0.302209366,2.84994675,0.662489776,0.062271536
53.63695371,0.305117569,2.847277047,0.694938872,0.064395385
53.64159238,0.309318307,2.847357947,0.680517052,0.070058983
53.64623105,0.302209366,2.842503942,0.645363864,0.064080741
53.65086972,0.301482315,2.838378038,0.667897959,0.062507519
53.65550839,0.307621855,2.839106139,0.713867512,0.067856472
53.66014706,0.30657167,2.84023874,0.651673411,0.068328439
53.66478573,0.301239965,2.839267939,0.665193867,0.062822164
53.6694244,0.303178767,2.844364644,0.695840236,0.063608774
53.67406307,0.309318307,2.854638955,0.712966148,0.069508355
53.67870174,0.303986601,2.865155966,0.668799323,0.064867352
53.68334041,0.302855633,2.884410187,0.712966148,0.062114214
53.68797908,0.309722224,2.914990419,0.774258885,0.06620459
53.69261775,0.313115127,2.957220264,0.756231609,0.06911505
53.69725642,0.308672039,2.995890505,0.765245247,0.063058147
53.70189509,0.309560657,3.017814428,0.77065343,0.06258618
53.70653376,0.316265681,3.028169639,0.783272523,0.06911505
53.71117243,0.311903376,3.025419036,0.695840236,0.066361912
53.7158111,0.307541072,3.014497525,0.700347055,0.062350197
53.72044977,0.310530058,3.005679415,0.724683877,0.064946013
53.72508844,0.313761395,2.997751207,0.694037508,0.069822999
53.72972711,0.307217938,2.983027391,0.657081593,0.064238063
53.73436578,0.306410104,2.968708076,0.671503414,0.062507519
53.73900445,0.311257109,2.961103468,0.713867512,0.068013795
53.74364312,0.30939909,2.952528059,0.645363864,0.067856472
53.74828179,0.303582684,2.939584045,0.657081593,0.062822164
53.75292046,0.305279136,2.929390634,0.683221143,0.063766097
53.75755913,0.310691625,2.923080428,0.687727962,0.06990166
53.7621978,0.303825034,2.912320716,0.636350226,0.064946013
53.76683647,0.301643882,2.900994704,0.658884321,0.062192875
53.77147514,0.306248537,2.893390096,0.700347055,0.066676556
53.77611381,0.306652454,2.886513589,0.650772047,0.069351033
53.78075248,0.299866647,2.875430277,0.645363864,0.063136808
53.78539115,0.300108997,2.866045867,0.666996595,0.062900825
53.79002982,0.306490887,2.861434562,0.694938872,0.069272372
53.79466849,0.301401532,2.853344554,0.630942044,0.066519234
53.79930716,0.297766278,2.844041044,0.654377502,0.062428858
53.80394583,0.301724665,2.838620738,0.690432053,0.06549664
53.8085845,0.304956002,2.835627435,0.665193867,0.069744338
53.81322317,0.298331762,2.827456526,0.639955681,0.063530113
53.81786184,0.297523928,2.819285618,0.659785685,0.062507519
53.82250051,0.303663467,2.815645114,0.702149782,0.068092456
53.82713918,0.301159181,2.810143908,0.635448863,0.067541828
53.83177785,0.29639296,2.801406699,0.650772047,0.062271536
53.83641652,0.298250978,2.795581893,0.678714324,0.064080741
53.84105519,0.303340334,2.79364029,0.679615688,0.070216305
53.84569386,0.296796877,2.785873882,0.633646135,0.064788691
53.85033253,0.294696508,2.778350174,0.654377502,0.062114214
53.8549712,0.30018978,2.77479057,0.697642964,0.06691254
53.85960987,0.29994743,2.771150067,0.643561137,0.068957727
53.86424854,0.293727107,2.763707259,0.645363864,0.063058147
53.86888721,0.294938858,2.757477952,0.668799323,0.063058147
53.87352588,0.300916831,2.756588051,0.692234781,0.069351033
53.87816455,0.295585125,2.751814946,0.63004068,0.065889946
53.88280322,0.292515356,2.745504739,0.652574774,0.062192875
53.88744189,0.296554527,2.743644037,0.690432053,0.065103335
53.89208056,0.299381946,2.743805838,0.660687048,0.069587016
53.89671923,0.292596139,2.738790032,0.640857045,0.063451452
53.9013579,0.292353789,2.734906828,0.662489776,0.062428858
53.90599657,0.298735679,2.734745028,0.703051146,0.068564422
53.91063524,0.295827476,2.733288826,0.635448863,0.067384506
53.91527391,0.291142037,2.72746402,0.652574774,0.062350197
53.91991258,0.293969457,2.723742616,0.681418415,0.064159402
53.92455125,0.298493329,2.724875218,0.676911597,0.070137644
53.92918992,0.292030655,2.721639214,0.635448863,0.064631368
53.93382859,0.290818904,2.71743241,0.657081593,0.062350197
53.93846726,0.29639296,2.71791781,0.702149782,0.067069862
53.94310593,0.295665909,2.719293112,0.646265228,0.068485761
53.9477446,0.29001107,2.71751331,0.654377502,0.062743503
53.95238327,0.291545955,2.719940312,0.680517052,0.063372791
53.95702194,0.297685494,2.72722132,0.699445691,0.070058983
53.96166061,0.292192222,2.729891023,0.641758409,0.066125929
53.96629928,0.288637751,2.727787621,0.66339114,0.062743503
53.97093795,0.293484757,2.72762582,0.701248419,0.065968607
53.97557662,0.295665909,2.728515721,0.66339114,0.069744338
53.98021529,0.289203235,2.723742616,0.645363864,0.063608774
53.98485396,0.289364802,2.719697612,0.666095231,0.063058147
53.98949263,0.295989043,2.719697612,0.704853874,0.069429694
53.9941313,0.292030655,2.717027909,0.634547499,0.067463167
53.99876997,0.288153051,2.711445803,0.652574774,0.062822164
54.00340864,0.291303604,2.7079671,0.683221143,0.064867352
54.00804731,0.295746692,2.707805299,0.673306141,0.070216305
54.01268598,0.288960885,2.702951294,0.635448863,0.064474046
54.01732465,0.28766835,2.69906809,0.657081593,0.06258618
54.02196332,0.293969457,2.69866359,0.701248419,0.067620489
54.02660199,0.293080839,2.698097289,0.639955681,0.068485761
54.03124066,0.28766835,2.692757883,0.648969319,0.062822164
54.03587933,0.289203235,2.690573581,0.675108869,0.063530113
54.040518,0.295342775,2.693243284,0.689530689,0.069744338
54.04515667,0.29001107,2.690654481,0.633646135,0.06549664
54.04979534,0.28718365,2.687013977,0.655278866,0.062507519
54.05443401,0.292353789,2.686528577,0.695840236,0.065968607
54.05907268,0.294211807,2.687418478,0.653476138,0.069351033
54.06371135,0.288072268,2.683616174,0.641758409,0.063136808
54.06835002,0.288556968,2.681350971,0.664292504,0.062743503
54.07298869,0.295261992,2.682726273,0.699445691,0.068879066
54.07762736,0.291788305,2.681270071,0.633646135,0.066676556
54.08226603,0.28766835,2.678438568,0.65618023,0.062507519
54.0869047,0.291626738,2.68005657,0.692234781,0.064788691
54.09154337,0.295665909,2.683454374,0.676010233,0.070058983
54.09618204,0.289284019,2.67997567,0.640857045,0.064159402
54.10082071,0.288233834,2.676092466,0.659785685,0.062428858
54.10545938,0.294615724,2.676820567,0.70395251,0.06769915
54.11009805,0.292757706,2.676577866,0.639955681,0.068171117
54.11473672,0.287991484,2.672209262,0.650772047,0.062900825
54.11937539,0.29001107,2.67059126,0.678714324,0.063608774
54.12401406,0.295746692,2.673018263,0.687727962,0.06990166
54.12865273,0.289849503,2.67099576,0.63725159,0.065103335
54.1332914,0.287264433,2.669054158,0.660687048,0.062271536
54.13793007,0.292192222,2.67067216,0.703051146,0.066283251
54.14256874,0.293484757,2.674959865,0.657982957,0.069036389
54.14720741,0.287587567,2.674878965,0.654377502,0.062900825
54.15184608,0.288395401,2.677063267,0.678714324,0.062664841
54.15648475,0.295181208,2.684829675,0.712966148,0.069351033
54.16112342,0.290899687,2.695427586,0.655278866,0.066833878
54.16576209,0.287506784,2.711769404,0.686826598,0.062900825
54.17040076,0.291545955,2.731104524,0.727387968,0.065260657
54.17503943,0.295504342,2.747041841,0.70395251,0.070216305
54.1796781,0.289687936,2.749145243,0.669700686,0.063844758
54.18431677,0.288880102,2.747850842,0.683221143,0.062350197
54.18895544,0.295585125,2.749468844,0.721979786,0.068249778
54.19359411,0.293969457,2.748336242,0.650772047,0.068249778
54.19823278,0.288880102,2.741783335,0.661588412,0.062743503
54.20287145,0.291465171,2.737819231,0.685925234,0.064159402
54.20751012,0.296554527,2.737414731,0.687727962,0.070058983
54.21214879,0.290334203,2.731751725,0.63725159,0.065103335
54.21678746,0.288476185,2.725765118,0.657982957,0.062271536
54.22142613,0.293646323,2.723257216,0.700347055,0.06691254
54.2260648,0.294131024,2.721881914,0.648969319,0.069193711
54.23070347,0.288153051,2.716380709,0.646265228,0.063058147
54.23534214,0.289041669,2.712335704,0.667897959,0.06329413
54.23998081,0.295989043,2.713549206,0.694037508,0.069508355
54.24461948,0.291142037,2.711526703,0.631843407,0.06620459
54.24925815,0.288072268,2.707319899,0.655278866,0.06258618
54.25389682,0.292353789,2.706915398,0.692234781,0.06549664
54.25853549,0.295504342,2.708857001,0.66339114,0.070294966
54.26317416,0.289364802,2.705054697,0.639955681,0.064080741
54.26781283,0.289041669,2.701737793,0.660687048,0.062743503
54.2724515,0.295665909,2.702708594,0.703051146,0.068721744
54.27709017,0.292757706,2.702384994,0.634547499,0.068249778
54.28172884,0.288153051,2.697773689,0.650772047,0.06258618
54.28636751,0.290899687,2.695993887,0.681418415,0.064474046
54.29100618,0.296231393,2.69882539,0.679615688,0.070452288
54.29564485,0.29001107,2.695751187,0.635448863,0.064946013
54.30028352,0.288395401,2.691867983,0.657982957,0.062507519
54.30492219,0.294454158,2.692676983,0.702149782,0.067227184
54.30956086,0.295261992,2.692919684,0.647166592,0.06911505
54.31419953,0.289768719,2.688712879,0.649870683,0.063136808
54.3188382,0.291626738,2.687094877,0.672404778,0.063530113
54.32347687,0.298331762,2.68968368,0.694037508,0.069587016
54.32811554,0.293484757,2.68919828,0.632744771,0.066361912
54.33275421,0.290576553,2.686366777,0.655278866,0.062507519
54.33739288,0.294938858,2.687822978,0.693136145,0.065889946
54.34203155,0.297443144,2.691787082,0.662489776,0.069980321
54.34667022,0.291222821,2.690897181,0.647166592,0.063687435
54.35130889,0.29073812,2.691139882,0.666996595,0.062743503
54.35594756,0.29712001,2.694699486,0.705755238,0.068721744
54.36058623,0.293646323,2.695993887,0.636350226,0.067777811
54.3652249,0.289364802,2.692191583,0.653476138,0.062743503
54.36986357,0.291949872,2.691382582,0.683221143,0.064788691
54.37450224,0.296716093,2.694294985,0.675108869,0.070216305
54.37914091,0.289849503,2.692353383,0.635448863,0.064552707
54.38377958,0.287991484,2.690492681,0.657081593,0.062507519
54.38841825,0.294131024,2.692515183,0.702149782,0.067384506
54.39305692,0.293484757,2.694133185,0.643561137,0.069036389
54.39769559,0.287829917,2.691706182,0.649870683,0.062743503
54.40233426,0.289041669,2.690735381,0.674207505,0.063608774
54.40697293,0.295504342,2.694456785,0.691333417,0.069822999
54.4116116,0.290091853,2.693162384,0.631843407,0.065811284
54.41625027,0.28718365,2.688793779,0.654377502,0.06258618
54.42088894,0.291707521,2.688551079,0.693136145,0.065968607
54.42552761,0.294131024,2.688955579,0.653476138,0.069587016
54.43016628,0.287587567,2.684344275,0.639955681,0.063766097
54.43480495,0.287506784,2.681270071,0.659785685,0.063136808
54.43944362,0.294454158,2.682079072,0.6967416,0.06911505
54.44408229,0.291142037,2.681108271,0.63004068,0.067305845
54.44872096,0.286860516,2.676011566,0.649870683,0.06258618
54.45335963,0.29001107,2.673827263,0.682319779,0.064631368
54.4579983,0.294696508,2.675364365,0.668799323,0.069980321
54.46263697,0.288153051,2.671642961,0.632744771,0.064316724
54.46727564,0.28718365,2.668326058,0.654377502,0.06258618
54.47191431,0.293484757,2.669377759,0.698544327,0.067856472
54.47655298,0.291869088,2.669458659,0.636350226,0.068485761
54.48119165,0.286375816,2.665413654,0.646265228,0.062743503
54.48583032,0.288233834,2.664442853,0.671503414,0.063608774
54.49046899,0.293888674,2.668326058,0.685925234,0.06990166
54.49510766,0.288233834,2.667921557,0.633646135,0.065260657
54.49974633,0.285648765,2.666546256,0.658884321,0.062035553
54.504385,0.29073812,2.668649658,0.700347055,0.06620459
54.50902367,0.292676922,2.671562061,0.657982957,0.069429694
54.51366234,0.286375816,2.67091486,0.648969319,0.063215469
54.51830101,0.286860516,2.67075306,0.671503414,0.063058147
54.52293968,0.293080839,2.675607065,0.706656601,0.069193711
54.52757835,0.289122452,2.678114968,0.641758409,0.06691254
54.53221702,0.285406415,2.679409369,0.664292504,0.062350197
54.53685569,0.289122452,2.688470179,0.705755238,0.064788691
54.54149436,0.293646323,2.702465894,0.6967416,0.069980321
54.54613303,0.287264433,2.715571708,0.675108869,0.063923419
54.5507717,0.286052682,2.732479826,0.70395251,0.062350197
54.55541037,0.292596139,2.753756548,0.753527518,0.067541828
54.56004904,0.291222821,2.770745566,0.691333417,0.067856472
54.56468771,0.286618166,2.780615377,0.70395251,0.06258618
54.56932638,0.289526369,2.790323387,0.730993423,0.063687435
54.57396505,0.295261992,2.801163998,0.735500242,0.070058983
54.57860372,0.289284019,2.805451703,0.680517052,0.065260657
54.58324239,0.28718365,2.805047203,0.694938872,0.062428858
54.58788106,0.292273005,2.805128103,0.729190696,0.066597895
54.59251973,0.293727107,2.803186501,0.673306141,0.069193711
54.5971584,0.287426,2.795339192,0.662489776,0.062979486
54.60179707,0.288476185,2.788867185,0.681418415,0.062979486
54.60643574,0.295423559,2.786359283,0.709360693,0.069351033
54.61107441,0.291061254,2.781019877,0.640857045,0.066833878
54.61571308,0.288637751,2.773334369,0.66339114,0.062822164
54.62035175,0.294777291,2.771554567,0.704853874,0.065575301
54.62499042,0.301886232,2.774871471,0.689530689,0.069822999
54.62962909,0.299139596,2.773091669,0.668799323,0.063923419
54.63426776,0.301159181,2.771311867,0.688629326,0.062900825
54.63890643,0.308672039,2.771473667,0.726486605,0.068249778
54.6435451,0.306490887,2.768318564,0.654377502,0.068171117
54.64818377,0.301724665,2.761684757,0.666095231,0.063058147
54.65282244,0.303986601,2.759338654,0.693136145,0.064552707
54.65746111,0.30891439,2.762574658,0.6967416,0.070452288
54.66209978,0.302613283,2.759581354,0.648067956,0.065339318
54.66673845,0.300108997,2.753756548,0.666996595,0.062822164
54.67137712,0.305036786,2.751976746,0.707557965,0.067384506
54.67601579,0.305198352,2.749711544,0.651673411,0.069429694
54.68065446,0.298735679,2.742430536,0.648969319,0.063451452
54.68529313,0.299220379,2.737819231,0.669700686,0.063687435
54.6899318,0.305117569,2.73709113,0.694037508,0.070058983
54.69457047,0.299866647,2.732318025,0.631843407,0.066597895
54.69920914,0.296150609,2.726169619,0.655278866,0.062900825
54.70384781,0.300351347,2.725198818,0.694037508,0.066361912
54.70848648,0.3030172,2.728111221,0.665193867,0.070530949
54.71312515,0.296554527,2.726574119,0.646265228,0.064395385
54.71776382,0.296473743,2.72762582,0.672404778,0.062979486
54.72240249,0.304632868,2.741702435,0.726486605,0.06911505
54.72704116,0.304309735,2.76508256,0.681418415,0.068013795
54.73167983,0.301967016,2.786521083,0.713867512,0.062979486
54.7363185,0.305683053,2.805451703,0.740007061,0.064867352
54.74095717,0.310610841,2.817101315,0.722881149,0.071002915
54.74559584,0.303582684,2.814512513,0.666996595,0.06549664
54.75023451,0.301482315,2.807555105,0.678714324,0.063136808
54.75487318,0.307217938,2.8025393,0.715670239,0.068013795
54.75951185,0.306410104,2.796714494,0.652574774,0.069508355
54.76415052,0.29994743,2.785792982,0.652574774,0.063766097
54.76878919,0.300836048,2.777783874,0.674207505,0.063923419
54.77342786,0.30632932,2.77430517,0.693136145,0.070137644
54.77806653,0.300432131,2.767266862,0.631843407,0.066991201
54.7827052,0.297200794,2.759904955,0.655278866,0.063372791
54.78734387,0.301401532,2.758529653,0.699445691,0.066440573
54.79198254,0.303986601,2.761765657,0.669700686,0.070452288
54.79662121,0.297281577,2.759581354,0.654377502,0.064159402
54.80125988,0.296716093,2.757073452,0.672404778,0.063687435
54.80589855,0.302936417,2.756588051,0.707557965,0.069508355
54.81053722,0.299381946,2.752057646,0.636350226,0.068013795
54.81517589,0.294454158,2.743482237,0.651673411,0.063451452
54.81981456,0.297039227,2.737738331,0.680517052,0.065417979
54.82445323,0.301482315,2.735311329,0.669700686,0.07060961
54.8290919,0.294050241,2.72738312,0.629139316,0.065260657
54.83373057,0.292434572,2.719697612,0.649870683,0.063136808
54.83836924,0.298493329,2.717108809,0.694938872,0.068013795
54.84300791,0.296958444,2.714681807,0.634547499,0.069351033
54.84764658,0.291142037,2.707805299,0.642659773,0.063451452
54.85228525,0.292596139,2.703517595,0.668799323,0.064080741
54.85692392,0.298412545,2.703841195,0.685023871,0.070530949
54.86156259,0.292515356,2.699877091,0.629139316,0.066047268
54.86620126,0.289930286,2.695993887,0.654377502,0.062664841
54.87083993,0.294696508,2.696964688,0.697642964,0.066519234
54.8754786,0.296473743,2.699877091,0.659785685,0.06990166
54.88011727,0.289768719,2.698420889,0.649870683,0.063844758
54.88475594,0.290172636,2.69866359,0.672404778,0.063215469
54.88939461,0.296958444,2.705459197,0.710262056,0.069193711
54.89403328,0.292919273,2.711203103,0.647166592,0.067384506
54.89867195,0.289122452,2.720021212,0.678714324,0.062822164
54.90331062,0.292434572,2.747041841,0.734598879,0.064946013
54.90794929,0.297523928,2.789433486,0.740908425,0.069980321
54.91258796,0.291707521,2.825757625,0.718374331,0.064395385
54.91722663,0.290899687,2.853101854,0.738204334,0.062743503
54.9218653,0.297200794,2.869443671,0.77065343,0.067856472
54.92650397,0.295989043,2.874459476,0.694037508,0.068564422
54.93114264,0.29073812,2.869200971,0.692234781,0.062743503
54.93578131,0.293000056,2.862890764,0.709360693,0.06400208
54.94041998,0.298574112,2.860706462,0.712064784,0.070216305
54.94505865,0.292596139,2.853749054,0.652574774,0.065732623
54.94969732,0.29073812,2.846548947,0.672404778,0.063058147
54.95433599,0.296069826,2.843232043,0.712966148,0.066597895
54.95897466,0.297200794,2.844930945,0.668799323,0.069429694
54.96361333,0.291545955,2.842503942,0.660687048,0.06329413
54.968252,0.292353789,2.842989343,0.681418415,0.062900825
54.97289067,0.29946273,2.848328748,0.713867512,0.069272372
54.97752934,0.295827476,2.850755751,0.648969319,0.06691254
54.98216801,0.292273005,2.848814149,0.67060205,0.06258618
54.98680668,0.296231393,2.85018945,0.709360693,0.065339318
54.99144535,0.300997615,2.856499657,0.694037508,0.069980321
54.99608402,0.294292591,2.856176057,0.666095231,0.064238063
55.00072269,0.294454158,2.855933357,0.686826598,0.062822164
55.00536136,0.301643882,2.85900756,0.730993423,0.0684071
55.01000003,0.29994743,2.858683959,0.662489776,0.068485761
55.0146387,0.294454158,2.851402952,0.672404778,0.063215469
55.01927737,0.296716093,2.845820846,0.6967416,0.064474046
55.02391604,0.301967016,2.843312943,0.697642964,0.07060961
55.02855471,0.295989043,2.836355536,0.646265228,0.065732623
55.03319338,0.29380789,2.829479028,0.667897959,0.06329413
55.03783205,0.299220379,2.829236328,0.712064784,0.067384506
55.04247072,0.29994743,2.830288029,0.666996595,0.070058983
55.04710939,0.294131024,2.832876832,0.675108869,0.063687435
55.05174806,0.295100425,2.847357947,0.716571603,0.063766097
55.05638673,0.302370933,2.873165075,0.759837064,0.06990166
55.0610254,0.297281577,2.891772095,0.701248419,0.06691254
55.06566407,0.293484757,2.898729502,0.713867512,0.063372791
55.07030274,0.297281577,2.897516001,0.732796151,0.06620459
55.07494141,0.29994743,2.892581095,0.691333417,0.070452288
55.07958008,0.293161623,2.879879782,0.65618023,0.064710029
55.08421875,0.292030655,2.867016668,0.668799323,0.063136808
55.08885742,0.298089411,2.857470458,0.705755238,0.068879066
55.09349609,0.295019642,2.847115247,0.635448863,0.068328439
55.09813476,0.290414987,2.833443133,0.648067956,0.06329413
55.10277343,0.292596139,2.822764321,0.675108869,0.064710029
55.1074121,0.297281577,2.816696815,0.674207505,0.070530949
55.11205077,0.291142037,2.806098904,0.626435225,0.06549664
55.11668944,0.288799318,2.795824593,0.648067956,0.062979486
55.12132811,0.294292591,2.789676186,0.691333417,0.067384506
55.12596678,0.293727107,2.78336598,0.63725159,0.069272372
55.13060545,0.28766835,2.772606268,0.63725159,0.06329413
55.13524412,0.288637751,2.76508256,0.660687048,0.063608774
55.13988279,0.294454158,2.762493757,0.685925234,0.069822999
55.14452146,0.289607152,2.757154352,0.627336589,0.066361912
55.14916013,0.286133465,2.751086845,0.653476138,0.062822164
55.1537988,0.290657337,2.749873344,0.695840236,0.065968607
55.15843747,0.29332319,2.753109347,0.673306141,0.070058983
55.16307614,0.286295032,2.756021751,0.668799323,0.063923419
55.16771481,0.286133465,2.760713956,0.697642964,0.063058147
55.17235348,0.292596139,2.769046664,0.746316608,0.069193711
55.17699215,0.290091853,2.773253469,0.684122507,0.06769915
55.18163082,0.285406415,2.771959067,0.700347055,0.062664841
55.18626949,0.28766835,2.769046664,0.721078422,0.064552707
55.19090816,0.292919273,2.767024162,0.705755238,0.070294966
55.19554683,0.286456599,2.758448753,0.653476138,0.064788691
55.2001855,0.284275447,2.749711544,0.667897959,0.062664841
55.20482417,0.29025342,2.745262039,0.707557965,0.067384506
55.20946284,0.289768719,2.741702435,0.648067956,0.068879066
55.21410151,0.28435623,2.733612427,0.650772047,0.062900825
55.21874018,0.285810332,2.72738312,0.671503414,0.063608774
55.22337885,0.291707521,2.725117918,0.688629326,0.069980321
55.22801752,0.286295032,2.718322311,0.628237952,0.065889946
55.23265619,0.283467613,2.710636802,0.650772047,0.062507519
55.23729486,0.288072268,2.706915398,0.689530689,0.06620459
55.24193353,0.29049577,2.705701897,0.651673411,0.070294966
55.2465722,0.283952313,2.698339989,0.63725159,0.063687435
55.25121087,0.284033097,2.692676983,0.657081593,0.063136808
55.25584954,0.290334203,2.691625282,0.694938872,0.069036389
55.26048821,0.2869413,2.687822978,0.625533861,0.066991201
55.26512688,0.282175078,2.681270071,0.645363864,0.06258618
55.26976555,0.285406415,2.676901467,0.675108869,0.065024674
55.27440422,0.289849503,2.676092466,0.662489776,0.070766932
55.27904289,0.283952313,2.669701359,0.625533861,0.064395385
55.28368156,0.282821345,2.662986652,0.647166592,0.06258618
55.28832023,0.289041669,2.66096415,0.691333417,0.067856472
55.2929589,0.287829917,2.658698947,0.629139316,0.068879066
55.29759757,0.282740562,2.652550541,0.639054318,0.063058147
55.30223624,0.284679364,2.648586437,0.664292504,0.064159402
55.30687491,0.29049577,2.649476338,0.678714324,0.070294966
55.31151358,0.284517797,2.645916734,0.623731133,0.065968607
55.31615225,0.282255861,2.639687427,0.647166592,0.062822164
55.32079092,0.28718365,2.638635726,0.688629326,0.066440573
55.32542959,0.289122452,2.64251893,0.651673411,0.069744338
55.33006826,0.283063696,2.644460532,0.648969319,0.063766097
55.33470693,0.283790746,2.648586437,0.676911597,0.06329413
55.3393456,0.290414987,2.654330343,0.709360693,0.069429694
55.34398427,0.286537383,2.654815743,0.63725159,0.066991201
55.34862294,0.282659778,2.650123538,0.653476138,0.062822164
55.35326161,0.286537383,2.647777436,0.683221143,0.065260657
55.35790028,0.290334203,2.648424636,0.66339114,0.070216305
55.36253895,0.283790746,2.643247031,0.628237952,0.064395385
55.36717762,0.282902129,2.638231226,0.649870683,0.062900825
55.37181629,0.289122452,2.638878426,0.694037508,0.068171117
55.37645496,0.287506784,2.637098624,0.628237952,0.068564422
55.38109363,0.282498212,2.631031118,0.639054318,0.062979486
55.3857323,0.284517797,2.627876015,0.666095231,0.064080741
55.39037097,0.290576553,2.630141217,0.676911597,0.070294966
55.39500964,0.284517797,2.628361415,0.623731133,0.065575301
55.39964831,0.282094294,2.625853513,0.648067956,0.062822164
55.40428698,0.287910701,2.628118715,0.693136145,0.066597895
55.40892565,0.289122452,2.63329632,0.647166592,0.069508355
55.41356432,0.283467613,2.63321542,0.642659773,0.063372791
55.41820299,0.284679364,2.63321542,0.664292504,0.063136808
55.42284166,0.291222821,2.637422225,0.694037508,0.069508355
55.42748033,0.286860516,2.636936824,0.629139316,0.066991201
55.432119,0.283306046,2.63281092,0.648969319,0.062507519
55.43675767,0.287345217,2.631840119,0.682319779,0.065339318
55.44139634,0.290818904,2.63264912,0.657081593,0.070137644
55.44603501,0.284679364,2.627309714,0.628237952,0.06400208
55.45067368,0.283952313,2.62318381,0.648969319,0.062664841
55.45531235,0.290334203,2.62342651,0.690432053,0.068643083
55.45995102,0.288556968,2.621727608,0.624632497,0.068092456
55.46458969,0.283629179,2.616630903,0.639955681,0.062507519
55.46922836,0.285971899,2.6144466,0.666996595,0.063687435
55.47386703,0.291707521,2.616307302,0.67060205,0.069744338
55.4785057,0.285406415,2.6137994,0.621928406,0.064867352
55.48314437,0.283629179,2.609997096,0.642659773,0.062350197
55.48778304,0.289687936,2.610158896,0.685925234,0.066833878
55.49242171,0.290091853,2.611129697,0.633646135,0.069587016
55.49706038,0.284275447,2.605709391,0.631843407,0.063136808
55.50169905,0.285487198,2.602554288,0.655278866,0.062979486
55.50633772,0.29356554,2.603605989,0.682319779,0.069351033
55.51097639,0.289930286,2.601178986,0.620125678,0.065968607
55.51561506,0.287345217,2.595758681,0.642659773,0.062035553
55.52025373,0.292515356,2.594626079,0.679615688,0.065103335
55.5248924,0.295665909,2.596567681,0.650772047,0.069822999
55.52953107,0.288880102,2.593736178,0.627336589,0.063451452
55.53416974,0.288637751,2.591956377,0.648969319,0.062271536
55.53880841,0.295019642,2.594626079,0.690432053,0.068171117
55.54344708,0.292273005,2.596486781,0.621928406,0.067305845
55.54808575,0.287749134,2.593250778,0.639955681,0.062271536
55.55272442,0.289930286,2.593169878,0.668799323,0.064159402
55.55736309,0.294777291,2.596567681,0.666996595,0.070058983
55.56200176,0.288395401,2.59511148,0.623731133,0.064710029
55.56664043,0.286698949,2.592927178,0.645363864,0.062271536
55.5712791,0.292192222,2.594626079,0.690432053,0.067069862
55.57591777,0.291788305,2.596082281,0.636350226,0.068721744
55.58055644,0.286214249,2.593574378,0.639955681,0.062822164
55.58519511,0.287345217,2.592927178,0.666095231,0.063215469
55.58983378,0.293484757,2.596891282,0.689530689,0.069508355
55.59447245,0.288233834,2.595677781,0.628237952,0.066125929
55.59911112,0.284840931,2.594140679,0.648969319,0.062271536
55.60374979,0.289284019,2.594059779,0.685925234,0.065732623
55.60838846,0.291788305,2.596244081,0.650772047,0.069351033
55.61302713,0.285244848,2.593088978,0.632744771,0.063608774
55.6176658,0.285406415,2.590338375,0.652574774,0.062822164
55.62230447,0.291384388,2.592199077,0.692234781,0.068800405
55.62694314,0.288153051,2.592037277,0.623731133,0.067384506
55.63158181,0.284033097,2.588315873,0.641758409,0.062507519
55.63622048,0.286860516,2.587830472,0.672404778,0.064316724
55.64085915,0.291626738,2.591066476,0.665193867,0.06990166
55.64549782,0.285083281,2.589772074,0.626435225,0.064316724
55.65013649,0.283952313,2.588558573,0.648969319,0.062271536
55.65477516,0.289849503,2.591228276,0.692234781,0.067463167
55.65941383,0.289284019,2.594059779,0.633646135,0.068643083
55.6640525,0.284033097,2.591309176,0.640857045,0.062743503
55.66869117,0.285810332,2.590661975,0.665193867,0.06329413
55.67332984,0.291788305,2.594302479,0.681418415,0.069744338
55.67796851,0.286295032,2.593250778,0.62282977,0.065417979
55.68260718,0.283548396,2.590257475,0.643561137,0.062350197
55.68724585,0.288153051,2.590581075,0.683221143,0.065889946
55.69188452,0.290334203,2.591794576,0.643561137,0.069429694
55.69652319,0.284194663,2.588073172,0.63004068,0.063136808
55.70116186,0.284517797,2.58605067,0.650772047,0.062664841
55.70580053,0.290980471,2.587992272,0.686826598,0.068879066
55.7104392,0.287345217,2.587102371,0.619224315,0.066833878
55.71507787,0.282578995,2.582086566,0.639054318,0.062428858
55.71971654,0.286295032,2.581115765,0.671503414,0.064631368
55.72435521,0.290414987,2.583461868,0.657081593,0.069665677
55.72899388,0.284275447,2.580306764,0.621928406,0.064159402
55.73363255,0.283063696,2.576908961,0.641758409,0.062271536
55.73827122,0.289284019,2.577637061,0.685925234,0.067384506
55.74290989,0.287991484,2.577879762,0.623731133,0.068171117
55.74754856,0.282659778,2.572863956,0.632744771,0.062507519
55.75218723,0.284275447,2.571084154,0.657982957,0.063372791
55.7568259,0.290414987,2.572863956,0.669700686,0.069744338
55.76146457,0.284840931,2.570275154,0.614717496,0.065103335
55.76610324,0.282417428,2.56663465,0.638152954,0.062192875
55.77074191,0.287102866,2.567848151,0.681418415,0.066047268
55.77538058,0.288556968,2.569708853,0.63725159,0.069351033
55.78001925,0.282013511,2.566068349,0.629139316,0.063372791
55.78465792,0.282417428,2.563722247,0.649870683,0.062900825
55.78929659,0.289284019,2.566068349,0.682319779,0.069429694
55.79393526,0.285164064,2.565421148,0.617421587,0.066833878
55.79857393,0.28080176,2.561618844,0.638152954,0.06258618
55.8032126,0.285002498,2.562104245,0.673306141,0.065024674
55.80785127,0.288960885,2.565502049,0.654377502,0.069980321
55.81248994,0.282094294,2.563641347,0.62282977,0.064080741
55.81712861,0.282013511,2.561942445,0.645363864,0.062428858
55.82176728,0.287829917,2.565906549,0.690432053,0.067777811
55.82640595,0.286214249,2.568818952,0.627336589,0.068092456
55.83104462,0.28104411,2.567848151,0.641758409,0.062822164
55.83568329,0.283306046,2.570436954,0.669700686,0.063766097
55.84032196,0.289526369,2.577556161,0.676911597,0.069980321
55.84496063,0.283952313,2.580064064,0.627336589,0.065181996
55.8495993,0.282175078,2.583057367,0.655278866,0.062428858
55.85423797,0.287991484,2.593088978,0.703051146,0.066676556
55.85887664,0.29073812,2.613313999,0.668799323,0.069193711
55.86351531,0.286052682,2.63248732,0.678714324,0.06329413
55.86815398,0.288314618,2.650770739,0.709360693,0.063372791
55.87279265,0.295342775,2.668326058,0.735500242,0.070058983
55.87743132,0.290980471,2.675930666,0.661588412,0.067148523
55.88206999,0.287829917,2.674636264,0.675108869,0.063136808
55.88670866,0.292030655,2.674069964,0.70395251,0.065575301
55.89134733,0.295261992,2.674069964,0.671503414,0.069980321
55.895986,0.288476185,2.668406958,0.640857045,0.064080741
55.90062467,0.287829917,2.662663052,0.657982957,0.062743503
55.90526334,0.293727107,2.66128775,0.699445691,0.068485761
55.90990201,0.291707521,2.657809046,0.63004068,0.068013795
55.91454068,0.286618166,2.65214604,0.645363864,0.062979486
55.91917935,0.288556968,2.648424636,0.673306141,0.064631368
55.92381802,0.294292591,2.649880838,0.675108869,0.070216305
55.92845669,0.287991484,2.645593133,0.626435225,0.064946013
55.93309536,0.285971899,2.640577328,0.648969319,0.062664841
55.93773403,0.291465171,2.639282927,0.692234781,0.06691254
55.9423727,0.291707521,2.638797526,0.638152954,0.068957727
55.94701137,0.285487198,2.63313452,0.63725159,0.063058147
55.95165004,0.286779733,2.629170416,0.659785685,0.06329413
55.95628871,0.292838489,2.629655817,0.683221143,0.069665677
55.96092738,0.287910701,2.626015313,0.621027042,0.066361912
55.96556605,0.284517797,2.620028706,0.642659773,0.062114214
55.97020472,0.288637751,2.617359004,0.678714324,0.065417979
55.97484339,0.291465171,2.617278103,0.648969319,0.069665677
55.97948206,0.284679364,2.611857798,0.627336589,0.063530113
55.98412073,0.284679364,2.606761092,0.647166592,0.062664841
55.9887594,0.291142037,2.607003793,0.687727962,0.068564422
55.99339807,0.288072268,2.605547591,0.620125678,0.067227184
55.99803674,0.283144479,2.600936286,0.638152954,0.062507519
56.00267541,0.286214249,2.599237384,0.668799323,0.064159402
56.00731408,0.290980471,2.602554288,0.665193867,0.06990166
56.01195275,0.284760147,2.600127285,0.62282977,0.064710029
56.01659142,0.283225262,2.596244081,0.645363864,0.06258618
56.02123009,0.288880102,2.597942983,0.690432053,0.067069862
56.02586876,0.288880102,2.599722785,0.633646135,0.069036389
56.03050743,0.283225262,2.597457582,0.639054318,0.062743503
56.0351461,0.284679364,2.598832884,0.666095231,0.063136808
56.03978477,0.291626738,2.606194792,0.692234781,0.069665677
56.04442344,0.286860516,2.612747699,0.638152954,0.065811284
56.04906211,0.284517797,2.617763504,0.667897959,0.062428858
56.05370078,0.289284019,2.628685016,0.708459329,0.065732623
56.05833945,0.292434572,2.638393026,0.674207505,0.069744338
56.06297812,0.286456599,2.643085231,0.659785685,0.063530113
56.06761679,0.286698949,2.648829137,0.676911597,0.062900825
56.07225546,0.29356554,2.655867444,0.712064784,0.068957727
56.07689413,0.290172636,2.657323646,0.63725159,0.067384506
56.0815328,0.285891115,2.653521342,0.652574774,0.06258618
56.08617147,0.288960885,2.651094339,0.681418415,0.064552707
56.09081014,0.293484757,2.65182244,0.668799323,0.070137644
56.09544881,0.287264433,2.647615636,0.628237952,0.064316724
56.10008748,0.285648765,2.643247031,0.649870683,0.06258618
56.10472615,0.291869088,2.643004331,0.694037508,0.067541828
56.10936482,0.29073812,2.643732431,0.633646135,0.068643083
56.11400349,0.285810332,2.640091928,0.640857045,0.062822164
56.11864216,0.28718365,2.639282927,0.666095231,0.063766097
56.12328083,0.293403973,2.64187173,0.682319779,0.069980321
56.1279195,0.28766835,2.639768327,0.624632497,0.06549664
56.13255817,0.284840931,2.636046923,0.647166592,0.062271536
56.13719684,0.289526369,2.635399723,0.688629326,0.065968607
56.14183551,0.291626738,2.636613224,0.647166592,0.069429694
56.14647418,0.285164064,2.63256822,0.635448863,0.063372791
56.15111285,0.285083281,2.630464817,0.657081593,0.062822164
56.15575152,0.291869088,2.631597419,0.691333417,0.069193711
56.16039019,0.288476185,2.630788418,0.625533861,0.067305845
56.16502886,0.284517797,2.626905214,0.645363864,0.06258618
56.16966753,0.287991484,2.626905214,0.679615688,0.064631368
56.1743062,0.291869088,2.631112018,0.666996595,0.069822999
56.17894487,0.285567982,2.631435618,0.63725159,0.064159402
56.18358354,0.284840931,2.634752522,0.665193867,0.062428858
56.18822221,0.291303604,2.644784133,0.716571603,0.067541828
56.19286088,0.29025342,2.653197742,0.654377502,0.068171117
56.19749955,0.285164064,2.656271945,0.665193867,0.062428858
56.20213822,0.287749134,2.66080235,0.692234781,0.063530113
56.20677689,0.293727107,2.669782259,0.704853874,0.069822999
56.21141556,0.288072268,2.673908163,0.651673411,0.065339318
56.21605423,0.286537383,2.675040765,0.674207505,0.06258618
56.2206929,0.292030655,2.678438568,0.714768875,0.066519234
56.22533157,0.29356554,2.683049873,0.666996595,0.069429694
56.22997024,0.287587567,2.68013747,0.657081593,0.06329413
56.23460891,0.287991484,2.679085769,0.676911597,0.063215469
56.23924758,0.295019642,2.681755472,0.707557965,0.069744338
56.24388625,0.29073812,2.68005657,0.638152954,0.06691254
56.24852492,0.286860516,2.676416066,0.657982957,0.062900825
56.25316359,0.29073812,2.674798064,0.690432053,0.06549664
56.25780226,0.294454158,2.675930666,0.666996595,0.070452288
56.26244093,0.288233834,2.671562061,0.636350226,0.064238063
56.2670796,0.287345217,2.667436157,0.657081593,0.062900825
56.27171827,0.294292591,2.667193456,0.700347055,0.0684071
56.27635694,0.292273005,2.666060855,0.634547499,0.068564422
56.28099561,0.287506784,2.660074249,0.648969319,0.063058147
56.28563428,0.289607152,2.656595545,0.675108869,0.064238063
56.29027295,0.294938858,2.657647246,0.678714324,0.070373627
56.29491162,0.288880102,2.653359542,0.626435225,0.065260657
56.29955029,0.286698949,2.647130235,0.648067956,0.062743503
56.30418896,0.291949872,2.645431333,0.690432053,0.066755217
56.30882763,0.292515356,2.645026833,0.639955681,0.069665677
56.3134663,0.286537383,2.639687427,0.63725159,0.063215469
56.31810497,0.287506784,2.636451424,0.660687048,0.063451452
56.32274364,0.294050241,2.638393026,0.689530689,0.069980321
56.32738231,0.289284019,2.637503125,0.626435225,0.06691254
56.33202098,0.285567982,2.635480623,0.651673411,0.06258618
56.33665965,0.289687936,2.637260425,0.690432053,0.065575301
56.34129832,0.293161623,2.643247031,0.665193867,0.070294966
56.34593699,0.287102866,2.644703233,0.641758409,0.064159402
56.35057566,0.286537383,2.645026833,0.662489776,0.062822164
56.35521433,0.293403973,2.648343736,0.702149782,0.068643083
56.359853,0.290576553,2.648990937,0.631843407,0.067935134
56.36449167,0.285891115,2.644136932,0.647166592,0.062822164
56.36913034,0.288476185,2.640981829,0.673306141,0.064395385
56.37376901,0.293646323,2.641709929,0.672404778,0.07060961
56.37840768,0.286860516,2.638150326,0.625533861,0.065103335
56.38304635,0.285567982,2.633539021,0.647166592,0.062743503
56.38768502,0.290818904,2.633539021,0.692234781,0.067227184
56.39232369,0.291142037,2.634348022,0.639054318,0.069193711
56.39696236,0.285406415,2.631678319,0.642659773,0.063372791
56.40160103,0.286537383,2.63329632,0.67060205,0.06329413
56.4062397,0.293080839,2.642842531,0.701248419,0.069744338
56.41087837,0.288314618,2.649152737,0.646265228,0.066361912
56.41551704,0.285729548,2.65141794,0.667897959,0.06258618
56.42015571,0.290091853,2.655624744,0.70395251,0.065653962
56.42479438,0.293242406,2.66080235,0.667897959,0.06990166
56.42943305,0.286779733,2.660236049,0.648067956,0.064080741
56.43407172,0.286779733,2.659588848,0.666095231,0.062979486
56.43871039,0.293646323,2.663310252,0.706656601,0.069036389
56.44334906,0.291061254,2.664119253,0.63725159,0.067541828
56.44798773,0.286698949,2.661854051,0.655278866,0.062664841
56.4526264,0.289607152,2.662339451,0.686826598,0.064710029
56.45726507,0.294938858,2.666950756,0.681418415,0.070530949
56.46190374,0.289122452,2.666141755,0.639955681,0.064946013
56.46654241,0.287426,2.665737255,0.66339114,0.063058147
56.47118108,0.293646323,2.67091486,0.709360693,0.067856472
56.47581975,0.293403973,2.675687965,0.651673411,0.069193711
56.48045842,0.288153051,2.675283465,0.658884321,0.063058147
56.48509709,0.290091853,2.679004869,0.686826598,0.063608774
56.48973576,0.296554527,2.68919828,0.707557965,0.06990166
56.49437443,0.291545955,2.697045588,0.650772047,0.066361912
56.4990131,0.289284019,2.706996299,0.67781296,0.062979486
56.50365177,0.294615724,2.722933615,0.726486605,0.066519234
56.50829044,0.297604711,2.744372138,0.703051146,0.070058983
56.51292911,0.291303604,2.760228555,0.697642964,0.064238063
56.51756778,0.291465171,2.770826466,0.714768875,0.063451452
56.52220645,0.298331762,2.779725476,0.746316608,0.069429694
56.52684512,0.295181208,2.779887276,0.667897959,0.06769915
56.53148379,0.29049577,2.773334369,0.678714324,0.062822164
56.53612246,0.29356554,2.768075863,0.703051146,0.065103335
56.54076113,0.297685494,2.763949959,0.684122507,0.07060961
56.5453998,0.291303604,2.754889149,0.640857045,0.065024674
56.55003847,0.289930286,2.74599014,0.659785685,0.062900825
56.55467714,0.295585125,2.741459735,0.701248419,0.068013795
56.55931581,0.294858075,2.73676753,0.639054318,0.06911505
56.56395448,0.289364802,2.72722132,0.645363864,0.063530113
56.56859315,0.29073812,2.720587513,0.669700686,0.064080741
56.57323182,0.29639296,2.718484111,0.682319779,0.070452288
56.57787049,0.290576553,2.712012104,0.626435225,0.066047268
56.58250916,0.287749134,2.704650196,0.649870683,0.062664841
56.58714783,0.292515356,2.701009692,0.689530689,0.066519234
56.5917865,0.294292591,2.698339989,0.648067956,0.069665677
56.59642517,0.287506784,2.691382582,0.636350226,0.063451452
56.60106384,0.287991484,2.684991475,0.657081593,0.063136808
56.60570251,0.294454158,2.683939774,0.692234781,0.069587016
56.61034118,0.29025342,2.67997567,0.625533861,0.067227184
56.61497985,0.286618166,2.673584563,0.648067956,0.063058147
56.61961852,0.290172636,2.67075306,0.681418415,0.065103335
56.62425719,0.294211807,2.671319361,0.664292504,0.070137644
56.62889586,0.287749134,2.666465356,0.631843407,0.064316724
56.63353453,0.286456599,2.662582151,0.653476138,0.062822164
56.6381732,0.293080839,2.662420351,0.697642964,0.068249778
56.64281187,0.291222821,2.661692251,0.633646135,0.068800405
56.64745054,0.286214249,2.656514645,0.645363864,0.06329413
56.65208921,0.288476185,2.654330343,0.67060205,0.064316724
56.65672788,0.294050241,2.655705644,0.679615688,0.070452288
56.66136655,0.288476185,2.653521342,0.627336589,0.065811284
56.66600522,0.286214249,2.651094339,0.652574774,0.062979486
56.67064389,0.291545955,2.653683142,0.6967416,0.067148523
56.67528256,0.292757706,2.656029245,0.650772047,0.069980321
56.67992123,0.286698949,2.653197742,0.643561137,0.063766097
56.6845599,0.28766835,2.650447139,0.66339114,0.063608774
56.68919857,0.29380789,2.65190334,0.693136145,0.069744338
56.69383724,0.289203235,2.648990937,0.626435225,0.067227184
56.69847591,0.285325631,2.644460532,0.647166592,0.063136808
56.70311458,0.289203235,2.643570631,0.681418415,0.065889946
56.70775325,0.293000056,2.644136932,0.659785685,0.070688271
56.71239192,0.286779733,2.639606527,0.632744771,0.064316724
56.71703059,0.286052682,2.636370524,0.653476138,0.062900825
56.72166926,0.292192222,2.637988525,0.697642964,0.068485761
56.72630793,0.29025342,2.638312126,0.630942044,0.0684071
56.7309466,0.284679364,2.633539021,0.646265228,0.063058147
56.73558527,0.287345217,2.63313452,0.674207505,0.064080741
56.74022394,0.293242406,2.636532324,0.678714324,0.070373627
56.74486261,0.286698949,2.635480623,0.63004068,0.06549664
56.74950128,0.285083281,2.635966023,0.655278866,0.062664841
56.75413995,0.290657337,2.640253728,0.699445691,0.066991201
56.75877862,0.291626738,2.645188633,0.650772047,0.069429694
56.76341729,0.285648765,2.645269533,0.650772047,0.063451452
56.76805596,0.286456599,2.647049335,0.674207505,0.063530113
56.77269463,0.29356554,2.654653943,0.702149782,0.070216305
56.7773333,0.288960885,2.660721449,0.642659773,0.067069862
56.78197197,0.286295032,2.668002457,0.674207505,0.063215469
56.78661064,0.291626738,2.686124076,0.727387968,0.06620459
56.79124931,0.29663531,2.712093004,0.710262056,0.070452288
56.79588798,0.292273005,2.736039429,0.699445691,0.064316724
56.80052665,0.292919273,2.763949959,0.725585241,0.063136808
56.80516532,0.301159181,2.792588589,0.769752066,0.068721744
56.80980399,0.299785863,2.815078813,0.699445691,0.067935134
56.81444266,0.29639296,2.829317228,0.713867512,0.062900825
56.81908133,0.299785863,2.84064324,0.73730297,0.064395385
56.82372,0.305521486,2.851564752,0.729190696,0.070216305
56.82835867,0.29946273,2.852859153,0.676010233,0.064946013
56.83299734,0.297443144,2.848652349,0.688629326,0.062743503
56.83763601,0.302613283,2.845659046,0.724683877,0.067384506
56.84227468,0.302936417,2.842180342,0.66339114,0.069193711
56.84691335,0.296958444,2.832795932,0.660687048,0.063530113
56.85155202,0.297685494,2.825110424,0.678714324,0.063766097
56.85619069,0.303905818,2.822117121,0.699445691,0.070216305
56.86082936,0.298897246,2.814836113,0.63725159,0.066676556
56.86546803,0.295746692,2.805289903,0.659785685,0.062900825
56.8701067,0.300270564,2.800597698,0.697642964,0.066125929
56.87474537,0.302936417,2.798575196,0.665193867,0.070137644
56.87938404,0.296069826,2.791051488,0.645363864,0.064316724
56.88402271,0.296231393,2.784255881,0.666095231,0.063136808
56.88866138,0.3030172,2.783285079,0.706656601,0.069036389
56.89330005,0.30018978,2.779725476,0.639054318,0.067856472
56.89793872,0.295746692,2.772606268,0.657081593,0.063136808
56.90257739,0.298493329,2.767914063,0.685925234,0.065260657
56.90721606,0.303097983,2.767347763,0.67781296,0.070845593
56.91185473,0.29687766,2.761037556,0.636350226,0.065103335
56.9164934,0.295181208,2.753756548,0.658884321,0.063058147
56.92113207,0.301239965,2.751329546,0.702149782,0.067935134
56.92577074,0.30018978,2.748336242,0.640857045,0.069272372
56.93040941,0.294211807,2.740165334,0.645363864,0.06329413
56.93504808,0.295908259,2.733531527,0.667897959,0.06400208
56.93968675,0.301563099,2.731509025,0.685925234,0.070373627
56.94432542,0.295908259,2.725846019,0.626435225,0.066283251
56.94896409,0.292676922,2.718888611,0.649870683,0.063136808
56.95360276,0.297523928,2.716461609,0.690432053,0.066597895
56.95824143,0.299301163,2.716057108,0.653476138,0.070373627
56.9628801,0.292596139,2.711041303,0.640857045,0.064080741
56.96751877,0.292838489,2.707077199,0.661588412,0.063687435
56.97215744,0.299381946,2.7078862,0.700347055,0.06990166
56.97679611,0.295585125,2.706268198,0.632744771,0.067935134
56.98143478,0.291465171,2.701737793,0.653476138,0.06329413
56.98607345,0.295261992,2.69898719,0.685925234,0.065339318
56.99071212,0.29970508,2.69850179,0.671503414,0.071002915
56.99535079,0.292757706,2.692515183,0.634547499,0.065181996
56.99998946,0.291303604,2.686285877,0.654377502,0.063372791
57.00462813,0.29712001,2.684344275,0.697642964,0.068643083
57.0092668,0.295585125,2.681755472,0.635448863,0.06911505
57.01390547,0.29025342,2.674393564,0.6444625,0.063530113
57.01854414,0.291869088,2.67075306,0.668799323,0.064474046
57.02318281,0.297766278,2.67067216,0.681418415,0.070530949
57.02782148,0.291707521,2.666788956,0.627336589,0.066125929
57.03246015,0.289526369,2.662177651,0.650772047,0.063136808
57.03709882,0.294050241,2.662096751,0.691333417,0.066833878
57.04173749,0.295504342,2.662582151,0.648969319,0.070058983
57.04637616,0.289445586,2.657809046,0.639955681,0.063766097
57.05101483,0.290334203,2.654653943,0.661588412,0.063530113
57.0556535,0.296796877,2.655301144,0.694037508,0.070058983
57.06029217,0.292273005,2.654168543,0.628237952,0.06769915
57.06493084,0.288153051,2.650447139,0.648969319,0.063451452
57.06956951,0.292273005,2.650528039,0.684122507,0.065811284
57.07420818,0.296150609,2.652712341,0.666095231,0.070845593
57.07884685,0.289930286,2.649152737,0.635448863,0.065181996
57.08348552,0.289122452,2.646240334,0.657081593,0.063530113
57.08812419,0.295342775,2.647211135,0.702149782,0.068879066
57.09276286,0.293403973,2.648424636,0.636350226,0.069036389
57.09740153,0.288153051,2.644541432,0.648969319,0.063608774
57.1020402,0.290414987,2.641790829,0.675108869,0.064946013
57.10667887,0.295665909,2.643247031,0.681418415,0.071081577
57.11131754,0.289849503,2.639768327,0.63004068,0.066361912
57.11595621,0.287829917,2.634671622,0.651673411,0.063372791
57.12059488,0.292757706,2.63329632,0.694938872,0.067384506
57.12523355,0.294050241,2.633862621,0.647166592,0.070137644
57.12987222,0.287264433,2.628846816,0.640857045,0.063923419
57.13451089,0.287910701,2.625287212,0.662489776,0.063687435
57.13914956,0.294211807,2.625853513,0.691333417,0.070216305
57.14378823,0.29001107,2.62334561,0.627336589,0.067305845
57.1484269,0.285810332,2.618248904,0.649870683,0.063215469
57.15306557,0.290172636,2.616388202,0.684122507,0.065811284
57.15770424,0.293161623,2.617116303,0.659785685,0.07060961
57.16234291,0.286375816,2.612504998,0.631843407,0.064552707
57.16698158,0.286052682,2.608864494,0.650772047,0.063136808
57.17162025,0.292353789,2.609268995,0.694037508,0.068957727
57.17625892,0.290091853,2.608136394,0.626435225,0.068485761
57.18089759,0.285406415,2.604091389,0.642659773,0.063372791
57.18553626,0.287749134,2.603444189,0.671503414,0.064631368
57.19017493,0.293969457,2.605547591,0.675108869,0.07060961
57.1948136,0.28766835,2.603767789,0.627336589,0.065417979
57.19945227,0.285729548,2.601583487,0.649870683,0.063058147
57.20409094,0.291707521,2.603767789,0.694037508,0.067463167
57.20872961,0.292111438,2.606922892,0.643561137,0.069508355
57.21336828,0.286214249,2.605143091,0.643561137,0.063451452
57.21800695,0.287022083,2.605385791,0.666996595,0.063844758
57.22264562,0.293646323,2.608945395,0.693136145,0.070058983
57.22728429,0.289122452,2.609916196,0.63004068,0.066991201
57.23192296,0.285648765,2.608217294,0.653476138,0.062979486
57.23656163,0.290172636,2.609835296,0.690432053,0.065889946
57.2412003,0.293403973,2.613394899,0.659785685,0.07060961
57.24583897,0.287102866,2.612504998,0.639955681,0.064631368
57.25047764,0.287022083,2.612747699,0.660687048,0.063372791
57.25511631,0.293888674,2.618572505,0.70395251,0.069351033
57.25975498,0.291545955,2.624640011,0.638152954,0.068328439
57.26439365,0.287426,2.629817617,0.662489776,0.063136808
57.26903232,0.29049577,2.637745825,0.694037508,0.065103335
57.27367099,0.295989043,2.647453835,0.689530689,0.070924254
57.27830966,0.29001107,2.648667337,0.643561137,0.065653962
57.28294833,0.288637751,2.648667337,0.664292504,0.063372791
57.287587,0.294211807,2.650770739,0.704853874,0.067935134
57.29222567,0.29380789,2.652712341,0.647166592,0.070058983
57.29686434,0.287829917,2.649152737,0.649870683,0.064080741
57.30150301,0.289203235,2.648505537,0.672404778,0.064395385
57.30614168,0.295585125,2.651256139,0.694037508,0.070373627
57.31078035,0.290414987,2.650285338,0.634547499,0.066597895
57.31541902,0.287426,2.648505537,0.657081593,0.063451452
57.32005769,0.292192222,2.650285338,0.695840236,0.066597895
57.32469636,0.295019642,2.657000046,0.666996595,0.070452288
57.32933503,0.290172636,2.66128775,0.660687048,0.064159402
57.3339737,0.29025342,2.67059126,0.686826598,0.063923419
57.33861237,0.297604711,2.685719576,0.731894787,0.069665677
57.34325104,0.294696508,2.698097289,0.667897959,0.068328439
57.34788971,0.291061254,2.708857001,0.690432053,0.063766097
57.35252838,0.294454158,2.722529115,0.724683877,0.065653962
57.35716705,0.29946273,2.737738331,0.715670239,0.071081577
57.36180572,0.292919273,2.746718241,0.675108869,0.065339318
57.36644439,0.291384388,2.75553635,0.699445691,0.063451452
57.37108306,0.297523928,2.768642164,0.749922063,0.068249778
57.37572173,0.297604711,2.779968176,0.690432053,0.069429694
57.3803604,0.292192222,2.785792982,0.6967416,0.063923419
57.38499907,0.294211807,2.792507689,0.721078422,0.064395385
57.38963774,0.300432131,2.801811199,0.735500242,0.070452288
57.39427641,0.295019642,2.8025393,0.673306141,0.066755217
57.39891508,0.291788305,2.797199894,0.690432053,0.06329413
57.40355375,0.296554527,2.792103189,0.721078422,0.066833878
57.40819242,0.298250978,2.787168284,0.671503414,0.070373627
57.41283109,0.291545955,2.776246772,0.652574774,0.06400208
57.41746976,0.291707521,2.765810661,0.667897959,0.06329413
57.42210843,0.298089411,2.760066755,0.699445691,0.069822999
57.4267471,0.294292591,2.751329546,0.63004068,0.067620489
57.43138577,0.289768719,2.741217035,0.649870683,0.063058147
57.43602444,0.293080839,2.734421428,0.680517052,0.065575301
57.44066311,0.296796877,2.731104524,0.665193867,0.070373627
57.44530178,0.29001107,2.722124615,0.628237952,0.064867352
57.44994045,0.289122452,2.713711006,0.648969319,0.063136808
57.45457912,0.295019642,2.709666001,0.694037508,0.0684071
57.45921779,0.293161623,2.705297397,0.63004068,0.069036389
57.46385646,0.287829917,2.696236587,0.640857045,0.063058147
57.46849513,0.289364802,2.690249981,0.666996595,0.064080741
57.4731338,0.295261992,2.688470179,0.678714324,0.070373627
57.47777247,0.289768719,2.682968973,0.624632497,0.065732623
57.48241114,0.287264433,2.676416066,0.647166592,0.062979486
57.48704981,0.292353789,2.673665463,0.688629326,0.066755217
57.49168848,0.293646323,2.671642961,0.643561137,0.069822999
57.49632715,0.287345217,2.664847354,0.634547499,0.063608774
57.50096582,0.287829917,2.659184348,0.655278866,0.063372791
57.50560449,0.294211807,2.657000046,0.688629326,0.069587016
57.51024316,0.29001107,2.65206514,0.621928406,0.067305845
57.51488183,0.286698949,2.645188633,0.641758409,0.062900825
57.5195205,0.290414987,2.640820028,0.676911597,0.065339318
57.52415917,0.294131024,2.639525627,0.657081593,0.070373627
57.52879784,0.287345217,2.633458121,0.628237952,0.064395385
57.53343651,0.286618166,2.628523215,0.650772047,0.062979486
57.53807518,0.293242406,2.629332216,0.698544327,0.0684071
57.54271385,0.291545955,2.628118715,0.633646135,0.068721744
57.54735252,0.287102866,2.622213009,0.645363864,0.063215469
57.55199119,0.289203235,2.618977005,0.67060205,0.064474046
57.55662986,0.294858075,2.619300606,0.676010233,0.070530949
57.56126853,0.288556968,2.6143657,0.623731133,0.065653962
57.5659072,0.286052682,2.609188095,0.645363864,0.063215469
57.57054587,0.291061254,2.607893693,0.687727962,0.067305845
57.57518454,0.292111438,2.607893693,0.639054318,0.069822999
57.57982321,0.285567982,2.603201488,0.634547499,0.063687435
57.58446188,0.285971899,2.598590184,0.65618023,0.063844758
57.58910055,0.292919273,2.599156484,0.684122507,0.070058983
57.59373922,0.288153051,2.596567681,0.619224315,0.067148523
57.59837789,0.284760147,2.591551876,0.641758409,0.063136808
57.60301656,0.288718535,2.589610274,0.676010233,0.065889946
57.60765523,0.291707521,2.590581075,0.649870683,0.070530949
57.6122939,0.285406415,2.58613157,0.625533861,0.064395385
57.61693257,0.284840931,2.582571967,0.646265228,0.063215469
57.62157124,0.291142037,2.583704568,0.689530689,0.068957727
57.62620991,0.288556968,2.583057367,0.62282977,0.068485761
57.63084858,0.28411388,2.578688762,0.639054318,0.06329413
57.63548725,0.286456599,2.57666626,0.666996595,0.064474046
57.64012592,0.291869088,2.578041562,0.668799323,0.070373627
57.64476459,0.285083281,2.575210059,0.621027042,0.065260657
57.64940326,0.283144479,2.571326855,0.643561137,0.063058147
57.65404193,0.288637751,2.571974055,0.686826598,0.067463167
57.6586806,0.288880102,2.572459456,0.633646135,0.069429694
57.66331927,0.282659778,2.568252651,0.634547499,0.063058147
57.66795794,0.283952313,2.566230149,0.657982957,0.06329413
57.67259661,0.29049577,2.568980752,0.682319779,0.06990166
57.67723528,0.285567982,2.568333552,0.620125678,0.066519234
57.68187395,0.282740562,2.566149249,0.643561137,0.062507519
57.68651262,0.287022083,2.567686351,0.682319779,0.065811284
57.69115129,0.29001107,2.571812255,0.653476138,0.070216305
57.69578996,0.28411388,2.571003254,0.634547499,0.063923419
57.70042863,0.284033097,2.571569555,0.65618023,0.062979486
57.7050673,0.29073812,2.57650446,0.697642964,0.069036389
57.70970597,0.287829917,2.577475261,0.629139316,0.068013795
57.71434464,0.283225262,2.574239258,0.645363864,0.063058147
57.71898331,0.286295032,2.572944856,0.675108869,0.064710029
57.72362198,0.291142037,2.575129159,0.668799323,0.070373627
57.72826065,0.28459858,2.571245955,0.625533861,0.065024674
57.73289932,0.282982912,2.567686351,0.646265228,0.062743503
57.73753799,0.289041669,2.568576252,0.691333417,0.067856472
57.74217666,0.288556968,2.570194253,0.636350226,0.069351033
57.74681533,0.283063696,2.567767251,0.640857045,0.06329413
57.751454,0.284275447,2.568009951,0.666996595,0.06400208
57.75609267,0.290818904,2.572540356,0.687727962,0.070216305
57.76073134,0.285729548,2.573268457,0.629139316,0.066519234
57.76537001,0.283144479,2.572135856,0.653476138,0.063136808
57.77000868,0.287506784,2.575533659,0.693136145,0.066440573
57.77464735,0.290172636,2.580225864,0.657081593,0.070373627
57.77928602,0.283790746,2.577960662,0.639955681,0.06400208
57.78392469,0.28411388,2.577151661,0.659785685,0.063372791
57.78856336,0.290818904,2.580225864,0.697642964,0.069508355
57.79320203,0.287426,2.581034865,0.629139316,0.067777811
57.7978407,0.283063696,2.577070761,0.647166592,0.063372791
57.80247937,0.286295032,2.57658536,0.676911597,0.065417979
57.80711804,0.290980471,2.579255063,0.666095231,0.070924254
57.81175671,0.284194663,2.576989861,0.629139316,0.065024674
57.81639538,0.282982912,2.574967359,0.650772047,0.063451452
57.82103405,0.288960885,2.577798862,0.698544327,0.068171117
57.82567272,0.288072268,2.581682066,0.641758409,0.069193711
57.83031139,0.282902129,2.580711265,0.651673411,0.063451452
57.83495006,0.284840931,2.581762966,0.676911597,0.064316724
57.83958873,0.290818904,2.586374271,0.692234781,0.070373627
57.8442274,0.285164064,2.586940571,0.634547499,0.066283251
57.84886607,0.282578995,2.584270868,0.657081593,0.062900825
57.85350474,0.287749134,2.58564617,0.695840236,0.066597895
57.85814341,0.289607152,2.587668672,0.651673411,0.070216305
57.86278208,0.283225262,2.584028168,0.639054318,0.06400208
57.86742075,0.28387153,2.581601166,0.657081593,0.063608774
57.87205942,0.290414987,2.582895567,0.692234781,0.06990166
57.87669809,0.286295032,2.581034865,0.621928406,0.067227184
57.88133676,0.282255861,2.575129159,0.639955681,0.062900825
57.88597543,0.285648765,2.572783056,0.671503414,0.065417979
57.8906141,0.290091853,2.574158358,0.655278866,0.070766932
57.89525277,0.283629179,2.569385253,0.621928406,0.064710029
57.89989144,0.282498212,2.564935748,0.642659773,0.063058147
57.90453011,0.288476185,2.565178448,0.686826598,0.068485761
57.90916878,0.287102866,2.565016648,0.623731133,0.068957727
57.91380745,0.281448027,2.560162643,0.634547499,0.063215469
57.91844612,0.283386829,2.55725024,0.660687048,0.064080741
57.92308479,0.288880102,2.558625541,0.669700686,0.070452288
57.92772346,0.282902129,2.555065937,0.616520223,0.065575301
57.93236213,0.280882543,2.549969232,0.638152954,0.062743503
57.9370008,0.285810332,2.548917531,0.678714324,0.06691254
57.94163947,0.286779733,2.548998431,0.631843407,0.069744338
57.94627814,0.280155492,2.544306226,0.625533861,0.063451452
57.95091681,0.280478626,2.540665722,0.646265228,0.063451452
57.95555548,0.287022083,2.541232023,0.678714324,0.069744338
57.96019415,0.282578995,2.540423022,0.612914768,0.066991201
57.96483282,0.278782174,2.535569017,0.634547499,0.063215469
57.96947149,0.282417428,2.534112815,0.669700686,0.06549664
57.97411016,0.285971899,2.535488117,0.648067956,0.070137644
57.97874883,0.279266875,2.531685813,0.618322951,0.064238063
57.9833875,0.278862958,2.52917791,0.639955681,0.062900825
57.98802617,0.284840931,2.531200412,0.685023871,0.068485761
57.99266484,0.282982912,2.531604913,0.619224315,0.0684071
57.99730351,0.278055124,2.528126209,0.634547499,0.06329413
58.00194218,0.280317059,2.527640808,0.662489776,0.064395385
58.00658085,0.285891115,2.531038612,0.666996595,0.070373627
58.01121952,0.279993926,2.530795912,0.619224315,0.065575301
58.01585819,0.27797434,2.528126209,0.641758409,0.062979486
58.02049686,0.283144479,2.530148711,0.685023871,0.067227184
58.02513553,0.284033097,2.533061114,0.633646135,0.069744338
58.0297742,0.278055124,2.530957712,0.632744771,0.063372791
58.03441287,0.279186091,2.531362212,0.65618023,0.063372791
58.03905154,0.285810332,2.536378018,0.685925234,0.069587016
58.04369021,0.281124893,2.53848142,0.623731133,0.066597895
58.04832888,0.277893557,2.53880502,0.647166592,0.062822164
58.05296755,0.282255861,2.542688224,0.685925234,0.065811284
58.05760622,0.285810332,2.548836631,0.659785685,0.070294966
58.06224489,0.279751575,2.550616433,0.639054318,0.064159402
58.06688356,0.279186091,2.553447936,0.660687048,0.062979486
58.07152223,0.286295032,2.559596342,0.703051146,0.068485761
58.0761609,0.284033097,2.565097548,0.63725159,0.067856472
58.08079957,0.280074709,2.569547053,0.658884321,0.062900825
58.08543824,0.28387153,2.578203362,0.691333417,0.064395385
58.09007691,0.289687936,2.587345072,0.688629326,0.070294966
58.09471558,0.28387153,2.589772074,0.639955681,0.065024674
58.09935425,0.282336645,2.589529374,0.658884321,0.062350197
58.10399292,0.287991484,2.591470976,0.698544327,0.067148523
58.10863159,0.288476185,2.593331678,0.639955681,0.069272372
58.11327026,0.282578995,2.589367574,0.639955681,0.063451452
58.11790893,0.283548396,2.587183271,0.662489776,0.063451452
58.1225476,0.290172636,2.589772074,0.684122507,0.069744338
58.12718627,0.284840931,2.589124874,0.62282977,0.06620459
58.13182494,0.281528811,2.586536071,0.645363864,0.06258618
58.13646361,0.285810332,2.587102371,0.683221143,0.065811284
58.14110228,0.288718535,2.590095675,0.650772047,0.070216305
58.14574095,0.282417428,2.587668672,0.63004068,0.063844758
58.15037962,0.282175078,2.585160769,0.650772047,0.063058147
58.15501829,0.288960885,2.587102371,0.691333417,0.069193711
58.15965696,0.285810332,2.587021471,0.621928406,0.067777811
58.16429563,0.281851944,2.582976467,0.639955681,0.062822164
58.1689343,0.284760147,2.582005666,0.67060205,0.064946013
58.17357297,0.289768719,2.584028168,0.66339114,0.070216305
58.17821164,0.283306046,2.581520265,0.62282977,0.065260657
58.18285031,0.281690377,2.578446062,0.646265228,0.062900825
58.18748898,0.287829917,2.579821364,0.691333417,0.06769915
58.19212765,0.287749134,2.583461868,0.636350226,0.069193711
58.19676632,0.282902129,2.587264172,0.651673411,0.063136808
58.20140499,0.285002498,2.59511148,0.683221143,0.063923419
58.20604366,0.291303604,2.606922892,0.70395251,0.070137644
58.21068233,0.286133465,2.610563396,0.641758409,0.066047268
58.215321,0.283548396,2.610563396,0.661588412,0.062900825
58.21995967,0.288314618,2.613394899,0.698544327,0.066361912
58.22459834,0.290657337,2.616550003,0.657081593,0.070137644
58.22923701,0.283952313,2.612828599,0.639955681,0.063766097
58.23387568,0.284033097,2.609754395,0.657982957,0.063058147
58.23851435,0.290980471,2.611129697,0.695840236,0.069272372
58.24315302,0.287345217,2.610886997,0.626435225,0.067541828
58.24779169,0.283144479,2.608136394,0.645363864,0.062979486
58.25243036,0.285891115,2.607165593,0.67781296,0.065181996
58.25706903,0.29025342,2.609754395,0.664292504,0.070452288
58.2617077,0.283952313,2.607974594,0.626435225,0.064788691
58.26634637,0.282498212,2.605709391,0.648969319,0.062979486
58.27098504,0.288880102,2.609835296,0.695840236,0.068249778
58.27562371,0.288476185,2.616226402,0.63725159,0.068957727
58.28026238,0.283225262,2.618491605,0.650772047,0.063215469
58.28490105,0.285487198,2.624478211,0.678714324,0.064238063
58.28953972,0.292111438,2.634105321,0.694037508,0.070530949
58.29417839,0.286618166,2.639363827,0.642659773,0.066125929
58.29881706,0.284679364,2.64187173,0.666095231,0.06329413
58.30345573,0.289849503,2.646483034,0.705755238,0.067384506
58.3080944,0.291626738,2.650608939,0.659785685,0.070845593
58.31273307,0.285487198,2.647534736,0.645363864,0.064631368
58.31737174,0.285567982,2.645431333,0.66339114,0.064238063
58.32201041,0.292353789,2.647615636,0.6967416,0.070766932
58.32664908,0.288314618,2.645997634,0.626435225,0.068564422
58.33128775,0.28435623,2.640739128,0.646265228,0.064080741
58.33592642,0.287749134,2.638231226,0.67781296,0.066519234
58.34056509,0.291626738,2.638069425,0.658884321,0.071710865
58.34520376,0.285325631,2.63273002,0.627336589,0.066047268
58.34984243,0.284437014,2.628442315,0.647166592,0.064159402
58.3544811,0.290576553,2.628442315,0.692234781,0.069587016
58.35911977,0.288637751,2.626662513,0.627336589,0.069980321
58.36375844,0.283225262,2.620918607,0.639054318,0.064316724
58.36839711,0.285244848,2.618168004,0.666095231,0.065339318
58.37303578,0.291142037,2.619866906,0.674207505,0.071474882
58.37767445,0.285164064,2.616550003,0.621928406,0.066676556
58.38231312,0.282902129,2.612504998,0.645363864,0.063451452
58.38695179,0.287991484,2.613071299,0.688629326,0.06769915
58.39159046,0.289445586,2.614608401,0.642659773,0.070373627
58.39622913,0.283386829,2.611615097,0.639054318,0.064159402
58.4008678,0.283709963,2.610401596,0.660687048,0.064316724
58.40550647,0.29049577,2.6142848,0.692234781,0.07060961
58.41014514,0.285487198,2.615741002,0.630942044,0.067856472
58.41478381,0.282175078,2.614689301,0.657081593,0.063530113
58.41942248,0.285729548,2.614689301,0.689530689,0.066125929
58.42406115,0.289607152,2.615983702,0.662489776,0.070924254
58.42869982,0.282578995,2.610563396,0.631843407,0.064552707
58.43333849,0.281932728,2.605547591,0.649870683,0.063372791
58.43797716,0.287991484,2.60449589,0.690432053,0.069665677
58.44261583,0.285971899,2.602554288,0.621928406,0.069429694
58.4472545,0.281448027,2.597133982,0.636350226,0.063766097
58.45189317,0.283629179,2.594464279,0.664292504,0.065181996
58.45653184,0.289041669,2.596405881,0.669700686,0.071160238
58.46117051,0.283144479,2.593088978,0.621027042,0.065811284
58.46580918,0.281367244,2.589772074,0.642659773,0.063372791
58.47044785,0.286214249,2.590419275,0.686826598,0.06769915
58.47508652,0.2869413,2.590500175,0.633646135,0.06990166
58.47972519,0.28080176,2.585079869,0.630942044,0.064080741
58.48436386,0.281690377,2.580630365,0.652574774,0.063766097
58.48900253,0.288395401,2.581034865,0.678714324,0.070058983
58.4936412,0.283306046,2.577717961,0.615618859,0.067069862
58.49827987,0.279832359,2.571731355,0.636350226,0.063136808
58.50291854,0.283952313,2.568818952,0.673306141,0.06620459
58.50755721,0.2869413,2.568818952,0.643561137,0.070924254
58.51219588,0.279993926,2.562751446,0.619224315,0.064710029
58.51683455,0.279670792,2.558301941,0.639955681,0.063766097
58.52147322,0.285648765,2.558221041,0.682319779,0.069193711
58.52611189,0.283225262,2.556603039,0.614717496,0.0684071
58.53075056,0.278459041,2.550535533,0.632744771,0.063136808
58.53538923,0.281205677,2.548593931,0.66339114,0.064710029
58.5400279,0.286133465,2.551344533,0.661588412,0.070766932
58.54466657,0.279993926,2.549322031,0.617421587,0.06549664
58.54930524,0.278539824,2.547218629,0.641758409,0.062979486
58.55394391,0.284517797,2.548836631,0.685925234,0.067856472
58.55858258,0.284517797,2.549969232,0.630942044,0.069429694
58.56322125,0.278862958,2.54762313,0.633646135,0.063530113
58.56785992,0.279913142,2.54794673,0.658884321,0.06400208
58.57249859,0.286375816,2.553852436,0.682319779,0.070452288
58.57713726,0.281124893,2.556279439,0.623731133,0.066755217
58.58177593,0.277812773,2.555955838,0.645363864,0.063058147
58.5864146,0.282740562,2.558463741,0.683221143,0.06620459
58.59105327,0.285325631,2.561537944,0.646265228,0.070137644
58.59569194,0.278378257,2.558463741,0.627336589,0.064316724
58.60033061,0.278539824,2.555308638,0.647166592,0.063372791
58.60496928,0.285487198,2.556441239,0.686826598,0.069193711
58.60960795,0.281851944,2.555713138,0.619224315,0.06769915
58.61424662,0.27773199,2.551587234,0.638152954,0.062900825
58.61888529,0.281124893,2.550373732,0.668799323,0.064867352
58.62352396,0.285487198,2.552234434,0.660687048,0.070530949
58.62816263,0.279105308,2.549402931,0.620125678,0.064867352
58.6328013,0.27773199,2.545924228,0.641758409,0.062900825
58.63743997,0.283790746,2.546328728,0.685023871,0.067777811
58.64207864,0.282740562,2.547299529,0.625533861,0.068957727
58.64671731,0.277085722,2.542364624,0.631843407,0.063136808
58.65135598,0.278862958,2.539533121,0.657081593,0.063923419
58.65599465,0.285083281,2.542364624,0.674207505,0.069980321
58.66063332,0.279751575,2.540827522,0.618322951,0.065968607
58.66527199,0.276762589,2.537510619,0.641758409,0.062743503
58.66991066,0.282094294,2.53840052,0.680517052,0.066361912
58.67454933,0.28411388,2.540342122,0.640857045,0.069980321
58.679188,0.277651206,2.536539818,0.627336589,0.063766097
58.68382667,0.277893557,2.535083616,0.648969319,0.063058147
58.68846534,0.28459858,2.539128621,0.687727962,0.069272372
58.69310401,0.281124893,2.53872412,0.620125678,0.067305845
58.69774268,0.276924156,2.535892617,0.640857045,0.062743503
58.70238135,0.280397843,2.536701618,0.675108869,0.065103335
58.70702002,0.284437014,2.540018521,0.660687048,0.07060961
58.71165869,0.278539824,2.537915119,0.625533861,0.064474046
58.71629736,0.277408856,2.535892617,0.6444625,0.062979486
58.72093603,0.283629179,2.537753319,0.688629326,0.067935134
58.7255747,0.282336645,2.537591519,0.625533861,0.068879066
58.73021337,0.276924156,2.532252113,0.634547499,0.063136808
58.73485204,0.279105308,2.530067811,0.658884321,0.06400208
58.73949071,0.284921714,2.532090313,0.67060205,0.070137644
58.74412938,0.279186091,2.52909701,0.614717496,0.065811284
58.74876805,0.276762589,2.524485705,0.636350226,0.062507519
58.75340672,0.281851944,2.523191304,0.67781296,0.066440573
58.75804539,0.282982912,2.523029503,0.633646135,0.069665677
58.76268406,0.276197105,2.518499099,0.625533861,0.063372791
58.76732273,0.277328073,2.515910296,0.648067956,0.063136808
58.7719614,0.283790746,2.517609198,0.681418415,0.069429694
58.77660007,0.279913142,2.516233896,0.615618859,0.067148523
58.78123874,0.276116321,2.511865292,0.63725159,0.062900825
58.78587741,0.279993926,2.511865292,0.673306141,0.065417979
58.79051608,0.283952313,2.514939495,0.654377502,0.070294966
58.79515475,0.277408856,2.511460791,0.62282977,0.064710029
58.79979342,0.276762589,2.507982087,0.643561137,0.062743503
58.80443209,0.282740562,2.509114689,0.686826598,0.068249778
58.80907076,0.28104411,2.509357389,0.621928406,0.068564422
58.81370943,0.275954755,2.504665184,0.636350226,0.063215469
58.8183481,0.278539824,2.503208982,0.664292504,0.064316724
58.82298677,0.284517797,2.507011286,0.67060205,0.070137644
58.82762544,0.278539824,2.505555085,0.620125678,0.065417979
58.83226411,0.276681805,2.502966282,0.642659773,0.063215469
58.83690278,0.282255861,2.504988784,0.685925234,0.067227184
58.84154145,0.283629179,2.507334887,0.639054318,0.069508355
58.84618012,0.278297474,2.505150584,0.63725159,0.063372791
58.85081879,0.280640193,2.505555085,0.664292504,0.063608774
58.85545746,0.289364802,2.511946192,0.697642964,0.069587016
58.86009613,0.286618166,2.514534994,0.634547499,0.066833878
58.8647348,0.284033097,2.513887794,0.657982957,0.062900825
58.86937347,0.288718535,2.518741799,0.697642964,0.065968607
58.87401214,0.292757706,2.526750907,0.674207505,0.070294966
58.87865081,0.286456599,2.526670007,0.645363864,0.064316724
58.88328948,0.285810332,2.524647505,0.659785685,0.062743503
58.88792815,0.292353789,2.526022807,0.697642964,0.068643083
58.89256682,0.290091853,2.525132906,0.626435225,0.068485761
58.89720549,0.28459858,2.5193081,0.638152954,0.063215469
58.90184416,0.286618166,2.516800197,0.664292504,0.064395385
58.90648283,0.292192222,2.518094598,0.664292504,0.070373627
58.9111215,0.285164064,2.515505795,0.616520223,0.065181996
58.91576017,0.283225262,2.510894491,0.638152954,0.062664841
58.92039884,0.288153051,2.511379891,0.680517052,0.066991201
58.92503751,0.288153051,2.512755193,0.627336589,0.069272372
58.92967618,0.281932728,2.509438289,0.628237952,0.063136808
58.93431485,0.283063696,2.508305688,0.653476138,0.063058147
58.93895352,0.289364802,2.512431592,0.679615688,0.069587016
58.94359219,0.284194663,2.513725994,0.618322951,0.066361912
58.94823086,0.28080176,2.512755193,0.642659773,0.06258618
58.95286953,0.285164064,2.516314796,0.683221143,0.065889946
58.9575082,0.287506784,2.524243005,0.655278866,0.070058983
58.96214687,0.281448027,2.530067811,0.641758409,0.064080741
58.96678554,0.281448027,2.538157819,0.672404778,0.063058147
58.97142421,0.288153051,2.549241131,0.714768875,0.068721744
58.97606288,0.285164064,2.555632238,0.643561137,0.067935134
58.98070155,0.280478626,2.554985037,0.657982957,0.062900825
58.98534022,0.283629179,2.555146838,0.682319779,0.064710029
58.98997889,0.288637751,2.55757384,0.672404778,0.070452288
58.99461756,0.281771161,2.553771536,0.625533861,0.064867352
58.99925623,0.280317059,2.550050132,0.6444625,0.06258618
59.0038949,0.286052682,2.549564732,0.686826598,0.067227184
59.00853357,0.285567982,2.549645632,0.629139316,0.069036389
59.01317224,0.280074709,2.545924228,0.632744771,0.062900825
59.01781091,0.281528811,2.545115227,0.65618023,0.063372791
59.02244958,0.287426,2.550616433,0.67781296,0.069587016
59.02708825,0.282336645,2.552072634,0.620125678,0.066047268
59.03172692,0.279347658,2.553286136,0.645363864,0.062350197
59.03636559,0.283952313,2.55765474,0.685925234,0.065732623
59.04100426,0.286375816,2.563964947,0.651673411,0.069665677
59.04564293,0.279670792,2.564612148,0.63725159,0.06329413
59.0502816,0.279993926,2.564288547,0.65618023,0.06258618
59.05492027,0.286375816,2.567443651,0.692234781,0.068564422
59.05955894,0.282902129,2.56728185,0.621928406,0.067148523
59.06419761,0.27821669,2.563398646,0.639054318,0.062428858
59.06883628,0.281690377,2.561618844,0.669700686,0.064552707
59.07347495,0.286052682,2.562994146,0.657982957,0.070058983
59.07811362,0.279428442,2.558625541,0.618322951,0.064395385
59.08275229,0.277570423,2.553771536,0.638152954,0.062350197
59.08739096,0.283629179,2.551506334,0.680517052,0.067463167
59.09202963,0.282578995,2.549483832,0.618322951,0.069036389
59.0966683,0.277166506,2.542930925,0.625533861,0.062979486
59.10130697,0.278620607,2.53856232,0.649870683,0.063372791
59.10594564,0.284760147,2.53823872,0.66339114,0.069822999
59.11058431,0.278620607,2.533951015,0.606605222,0.065575301
59.11522298,0.275712404,2.52885431,0.630942044,0.062350197
59.11986165,0.28104411,2.527964409,0.672404778,0.065889946
59.12450032,0.282498212,2.52958241,0.633646135,0.069665677
59.12913899,0.276520239,2.527317208,0.623731133,0.063215469
59.13377766,0.276843372,2.528045309,0.648969319,0.062822164
59.13841633,0.284517797,2.535973517,0.693136145,0.069036389
59.143055,0.281124893,2.542202824,0.631843407,0.066833878
59.14769367,0.277166506,2.544306226,0.652574774,0.062271536
59.15233234,0.280720976,2.547056829,0.683221143,0.064710029
59.15697101,0.285164064,2.550535533,0.665193867,0.070058983
59.16160968,0.278620607,2.549888332,0.63004068,0.064080741
59.16624835,0.277328073,2.552234434,0.654377502,0.062428858
59.17088702,0.28435623,2.561780645,0.709360693,0.067541828
59.17552569,0.283386829,2.575614559,0.657081593,0.068249778
59.18016436,0.278701391,2.58548437,0.672404778,0.06258618
59.18480303,0.282013511,2.598428383,0.70395251,0.063608774
59.1894417,0.288718535,2.6142039,0.716571603,0.06990166
59.19408037,0.283548396,2.621323108,0.660687048,0.065103335
59.19871904,0.28104411,2.62342651,0.676911597,0.061956892
59.20335771,0.286133465,2.625529912,0.71116342,0.065811284
59.20799638,0.287587567,2.625529912,0.657081593,0.069429694
59.21263505,0.28104411,2.618815205,0.643561137,0.063058147
59.21727372,0.28128646,2.612990399,0.660687048,0.062743503
59.22191239,0.288314618,2.611453297,0.689530689,0.069193711
59.22655106,0.283548396,2.606275692,0.621027042,0.066676556
59.23118973,0.279913142,2.598671084,0.639955681,0.062271536
59.2358284,0.283306046,2.594464279,0.672404778,0.064631368
59.24046707,0.286698949,2.592037277,0.648969319,0.06990166
59.24510574,0.280074709,2.584756269,0.617421587,0.063608774
59.24974441,0.278782174,2.576908961,0.636350226,0.062192875
59.25438308,0.285244848,2.573915657,0.678714324,0.067935134
59.25902175,0.283306046,2.570356054,0.612013404,0.067856472
59.26366042,0.277651206,2.562670545,0.623731133,0.062664841
59.26829909,0.279993926,2.556198539,0.650772047,0.063766097
59.27293776,0.285648765,2.554256937,0.655278866,0.069744338
59.27757643,0.279024525,2.54778493,0.604802494,0.064867352
59.2822151,0.276520239,2.541232023,0.627336589,0.062114214
59.28685377,0.281851944,2.537834219,0.669700686,0.066283251
59.29149244,0.282982912,2.535649917,0.618322951,0.06911505
59.29613111,0.276601022,2.528288009,0.616520223,0.06258618
59.30076978,0.277328073,2.522544103,0.639054318,0.062822164
59.30540845,0.283952313,2.522301403,0.666996595,0.069272372
59.31004712,0.279428442,2.518337298,0.60390113,0.06620459
59.31468579,0.275873971,2.513402393,0.627336589,0.062035553
59.31932446,0.279993926,2.512431592,0.665193867,0.064710029
59.32396313,0.283306046,2.512269792,0.63725159,0.069508355
59.3286018,0.276762589,2.506202286,0.61111204,0.063451452
59.33324047,0.275793188,2.50062018,0.631843407,0.062271536
59.33787914,0.282417428,2.499892079,0.674207505,0.067856472
59.34251781,0.279428442,2.497303276,0.606605222,0.067463167
59.34715648,0.274581436,2.491963871,0.621928406,0.062192875
59.35179515,0.277166506,2.488646967,0.650772047,0.063766097
59.35643382,0.282336645,2.489051467,0.650772047,0.069351033
59.36107249,0.276197105,2.483792962,0.60390113,0.064474046
59.36571116,0.274015953,2.479019857,0.626435225,0.062192875
59.37034983,0.279590008,2.478372656,0.67060205,0.066361912
59.3749885,0.279509225,2.477806355,0.615618859,0.068249778
59.37962717,0.273531252,2.47279055,0.617421587,0.062192875
59.38426584,0.274823787,2.469150046,0.639955681,0.062743503
59.38890451,0.281205677,2.470687148,0.664292504,0.069036389
59.39354318,0.275873971,2.468583746,0.602999766,0.065889946
59.39818185,0.272481068,2.464619642,0.626435225,0.062035553
59.40282052,0.277004939,2.464943242,0.665193867,0.064946013
59.40745919,0.280236276,2.466480343,0.633646135,0.069193711
59.41209786,0.273692819,2.463972441,0.613816132,0.06329413
59.41673653,0.273854386,2.464053341,0.636350226,0.062192875
59.4213752,0.280720976,2.468826446,0.680517052,0.068249778
59.42601387,0.278055124,2.471577049,0.613816132,0.067148523
59.43065254,0.273369685,2.469311846,0.630942044,0.062192875
59.43529121,0.276439455,2.468988246,0.659785685,0.063766097
59.43992988,0.281690377,2.471415249,0.653476138,0.069508355
59.44456855,0.275227704,2.467774745,0.609309313,0.064238063
59.44920722,0.273531252,2.46340614,0.63004068,0.062114214
59.45384589,0.279428442,2.46332524,0.673306141,0.066676556
59.45848456,0.278943741,2.463810641,0.614717496,0.0684071
59.46312323,0.273208118,2.460089237,0.620125678,0.06258618
59.4677619,0.274823787,2.458066735,0.6444625,0.063136808
59.47240057,0.281124893,2.460493737,0.66339114,0.069351033
59.47703924,0.275873971,2.457662234,0.602098403,0.065339318
59.48167791,0.272804201,2.453050929,0.623731133,0.062192875
59.48631658,0.277166506,2.453131829,0.664292504,0.06549664
59.49095525,0.279751575,2.454830731,0.625533861,0.069272372
59.49559392,0.273288902,2.451837428,0.61111204,0.062900825
59.50023259,0.273127335,2.450300326,0.632744771,0.062271536
59.50487126,0.280397843,2.452161028,0.671503414,0.068249778
59.50950993,0.277004939,2.452889129,0.605703858,0.066519234
59.5141486,0.272723418,2.449976726,0.627336589,0.06179957
59.51878727,0.276035538,2.450300326,0.661588412,0.064159402
59.52342594,0.280963327,2.454345331,0.650772047,0.069429694
59.52806461,0.27441987,2.451918328,0.610210677,0.063608774
59.53270328,0.273208118,2.449814926,0.63004068,0.061720909
59.53734195,0.279509225,2.451594728,0.674207505,0.066676556
59.54198062,0.279024525,2.452403729,0.612013404,0.068092456
59.54661929,0.273612035,2.449248625,0.620125678,0.062271536
59.55125796,0.275793188,2.447873324,0.6444625,0.063136808
59.55589663,0.281528811,2.449734026,0.658884321,0.069036389
59.5605353,0.275712404,2.448358724,0.602999766,0.064788691
59.56517397,0.273369685,2.446902523,0.628237952,0.061642248
59.56981264,0.278782174,2.451432928,0.673306141,0.06549664
59.57445131,0.281528811,2.460008337,0.63725159,0.068879066
59.57908998,0.275873971,2.464538741,0.629139316,0.062664841
59.58372865,0.276601022,2.469150046,0.650772047,0.062271536
59.58836732,0.283548396,2.476511954,0.685925234,0.068171117
59.59300599,0.280074709,2.479100757,0.616520223,0.066440573
59.59764466,0.276277888,2.478129956,0.634547499,0.061642248
59.60228333,0.280397843,2.478777157,0.667897959,0.064159402
59.606922,0.28435623,2.481527759,0.649870683,0.069508355
59.61156067,0.278135907,2.479181657,0.615618859,0.063372791
59.61619934,0.277570423,2.476107454,0.636350226,0.061720909
59.62083801,0.283952313,2.477806355,0.680517052,0.067148523
59.62547668,0.282578995,2.478372656,0.616520223,0.067620489
59.63011535,0.27748964,2.474732152,0.626435225,0.062192875
59.63475402,0.279509225,2.473842251,0.651673411,0.06329413
59.63939269,0.285406415,2.476754654,0.661588412,0.069508355
59.64403136,0.279428442,2.475541153,0.609309313,0.064867352
59.64867003,0.277570423,2.473599551,0.633646135,0.061878231
59.6533087,0.282659778,2.476026554,0.676911597,0.066125929
59.65794737,0.283952313,2.480476058,0.633646135,0.068328439
59.66258604,0.277893557,2.480961459,0.629139316,0.062350197
59.66722471,0.278378257,2.484278362,0.652574774,0.062192875
59.67186338,0.285164064,2.49147847,0.686826598,0.068485761
59.67650205,0.280963327,2.495847075,0.62282977,0.065968607
59.68114072,0.277408856,2.497950477,0.646265228,0.061484925
59.68577939,0.281528811,2.505150584,0.685925234,0.064238063
59.69041806,0.285487198,2.515667596,0.667897959,0.069036389
59.69505673,0.279105308,2.519389,0.641758409,0.063058147
59.6996954,0.278620607,2.522786803,0.662489776,0.06179957
59.70433407,0.284921714,2.530553211,0.706656601,0.067227184
59.70897274,0.283306046,2.535649917,0.639955681,0.06691254
59.71361141,0.278539824,2.535892617,0.653476138,0.061563586
59.71825008,0.28104411,2.537510619,0.678714324,0.062900825
59.72288875,0.286537383,2.541151123,0.679615688,0.069351033
59.72752742,0.280236276,2.540342122,0.627336589,0.064474046
59.73216609,0.27821669,2.53848142,0.648969319,0.061563586
59.73680476,0.283548396,2.539614021,0.691333417,0.065889946
59.74144343,0.28411388,2.542445524,0.639054318,0.068249778
59.7460821,0.277893557,2.540099422,0.636350226,0.062114214
59.75072077,0.279024525,2.540342122,0.660687048,0.062428858
59.75535944,0.285971899,2.545681527,0.688629326,0.068800405
59.75999811,0.28055941,2.54802763,0.624632497,0.065653962
59.76463678,0.277004939,2.54778493,0.647166592,0.061720909
59.76927545,0.281609594,2.549645632,0.681418415,0.064631368
59.77391412,0.284679364,2.550778233,0.650772047,0.069193711
59.77855279,0.277893557,2.545843328,0.624632497,0.062900825
59.78319146,0.277085722,2.541879223,0.642659773,0.061878231
59.78783013,0.283629179,2.542526424,0.684122507,0.067935134
59.7924688,0.280963327,2.539533121,0.614717496,0.067227184
59.79710747,0.275873971,2.533142014,0.63004068,0.062035553
59.80174614,0.277893557,2.531281312,0.658884321,0.063687435
59.80638481,0.283467613,2.534355515,0.657081593,0.069429694
59.81102348,0.276843372,2.531928513,0.612013404,0.064159402
59.81566215,0.27514692,2.528126209,0.633646135,0.061642248
59.82030082,0.280882543,2.52966331,0.676911597,0.066361912
59.82493949,0.28128646,2.531362212,0.623731133,0.0684071
59.82957816,0.275066137,2.52885431,0.626435225,0.062428858
59.83421683,0.276520239,2.528288009,0.650772047,0.062822164
59.8388555,0.283063696,2.533384714,0.673306141,0.069508355
59.84349417,0.27821669,2.533870115,0.612013404,0.065575301
59.84813284,0.274985354,2.532656614,0.634547499,0.061878231
59.85277151,0.279832359,2.535164516,0.674207505,0.065181996
59.85741018,0.282659778,2.539614021,0.640857045,0.069272372
59.86204885,0.275954755,2.540423022,0.62282977,0.062979486
59.86668752,0.275954755,2.544306226,0.645363864,0.062428858
59.87132619,0.282578995,2.553852436,0.690432053,0.068171117
59.87596486,0.279590008,2.565744749,0.63004068,0.066676556
59.88060353,0.27514692,2.577960662,0.652574774,0.061956892
59.8852422,0.278459041,2.596163181,0.689530689,0.063608774
59.88988087,0.283629179,2.620433207,0.686826598,0.069272372
59.89451954,0.277166506,2.640658228,0.648969319,0.063766097
59.89915821,0.275873971,2.658860748,0.672404778,0.061720909
59.90379688,0.281528811,2.67997567,0.717472967,0.066597895
59.90843555,0.280963327,2.700928792,0.660687048,0.068092456
59.91307422,0.275550838,2.715895308,0.666996595,0.062114214
59.91771289,0.277408856,2.733127026,0.690432053,0.062664841
59.92235156,0.283790746,2.752057646,0.707557965,0.06911505
59.92699023,0.277812773,2.76516346,0.647166592,0.065103335
59.9316289,0.275308487,2.773253469,0.67060205,0.061484925
59.93626757,0.279993926,2.782637879,0.71116342,0.065103335
59.94090624,0.282498212,2.789352586,0.67060205,0.068879066
59.94554491,0.275712404,2.787087384,0.651673411,0.062900825
59.95018358,0.275389271,2.782556979,0.669700686,0.062192875
59.95482225,0.282094294,2.780858077,0.702149782,0.068564422
59.95946092,0.27821669,2.773819769,0.629139316,0.066597895
59.96409959,0.274500653,2.761280256,0.6444625,0.061642248
59.96873826,0.277570423,2.752462147,0.671503414,0.064080741
59.97337693,0.281771161,2.744695739,0.655278866,0.069587016
59.9780156,0.27490457,2.732318025,0.615618859,0.063923419
59.98265427,0.273692819,2.719050411,0.636350226,0.061878231
59.98729294,0.279832359,2.711445803,0.678714324,0.066676556
59.99193161,0.278539824,2.703032194,0.614717496,0.067541828
59.99657028,0.272561851,2.68968368,0.623731133,0.061956892
60.00120895,0.274339086,2.678762169,0.648067956,0.062979486
60.00584762,0.280478626,2.673665463,0.660687048,0.069193711
60.01048629,0.27490457,2.662743952,0.602999766,0.064867352
60.01512496,0.271996367,2.649961738,0.625533861,0.061720909
60.01976363,0.276762589,2.641143629,0.666095231,0.065339318
60.0244023,0.27797434,2.633700821,0.621928406,0.068800405
60.02904097,0.2713501,2.621970308,0.610210677,0.06258618
60.03367964,0.271673233,2.610158896,0.630942044,0.062114214
60.03831831,0.278055124,2.603605989,0.664292504,0.068485761
60.04295698,0.274015953,2.59494968,0.59669022,0.065811284
60.04759565,0.269653648,2.584432669,0.618322951,0.06179957
60.05223432,0.273127335,2.577475261,0.651673411,0.064316724
60.05687299,0.277247289,2.573268457,0.633646135,0.069429694
60.06151166,0.270461482,2.563479546,0.601197039,0.06329413
60.06615033,0.269492081,2.554580537,0.621928406,0.061642248
60.070789,0.275793188,2.550454633,0.666996595,0.067069862
60.07542767,0.273854386,2.546247828,0.602098403,0.067148523
60.08006634,0.268361113,2.537753319,0.614717496,0.061720909
60.08470501,0.270703832,2.531443112,0.641758409,0.062743503
60.08934368,0.276681805,2.529906011,0.651673411,0.069351033
60.09398235,0.270946183,2.524971106,0.600295675,0.064631368
60.09862102,0.268603463,2.5193081,0.623731133,0.061720909
60.10325969,0.273935169,2.517285597,0.667897959,0.065889946
60.10789836,0.274985354,2.516152996,0.620125678,0.0684071
60.11253703,0.269088164,2.51024729,0.615618859,0.062114214
60.1171757,0.269815215,2.506202286,0.63725159,0.062271536
60.12181437,0.276277888,2.507334887,0.666996595,0.0684071
60.12645304,0.271754017,2.507901187,0.605703858,0.065575301
60.13109171,0.26828033,2.509276489,0.636350226,0.061248942
60.13573038,0.272319501,2.515505795,0.67781296,0.064238063
60.14036905,0.275793188,2.525375606,0.655278866,0.068957727
60.14500772,0.269492081,2.527883509,0.628237952,0.062743503
60.14964639,0.269007381,2.528611609,0.646265228,0.061642248
60.15428506,0.275712404,2.532494813,0.689530689,0.067384506
60.15892373,0.27466222,2.539775821,0.627336589,0.06691254
60.1635624,0.270623049,2.550697333,0.657081593,0.061406264
60.16820107,0.27441987,2.559839042,0.685925234,0.063136808
60.17283974,0.280317059,2.565340248,0.680517052,0.06911505
60.17747841,0.274258303,2.561699744,0.62282977,0.064080741
60.18211708,0.272481068,2.554256937,0.638152954,0.061170281
60.18675575,0.278539824,2.548998431,0.676911597,0.065889946
60.19139442,0.279024525,2.544387126,0.621027042,0.068564422
60.19603309,0.272481068,2.534598216,0.617421587,0.062192875
60.20067176,0.273288902,2.527074508,0.63725159,0.062428858
60.20531043,0.279751575,2.524404805,0.662489776,0.068721744
60.2099491,0.274581436,2.518175498,0.597591584,0.065181996
60.21458777,0.271269316,2.509600089,0.618322951,0.061406264
60.21922644,0.275066137,2.504907884,0.655278866,0.064631368
60.22386511,0.278297474,2.502642682,0.625533861,0.06911505
60.22850378,0.2713501,2.494390873,0.60390113,0.062743503
60.23314245,0.271026966,2.487514366,0.623731133,0.061720909
60.23778112,0.277570423,2.485896364,0.666095231,0.067384506
60.24241979,0.274823787,2.482579461,0.597591584,0.066833878
60.24705846,0.269653648,2.475136653,0.614717496,0.061642248
60.25169713,0.272319501,2.471577049,0.643561137,0.063451452
60.2563358,0.277570423,2.471091648,0.641758409,0.068957727
60.26097447,0.271269316,2.465994943,0.59669022,0.063687435
60.26561314,0.269330514,2.461464538,0.619224315,0.061406264
60.27025181,0.275066137,2.461707238,0.66339114,0.066125929
60.27489048,0.274985354,2.46275894,0.610210677,0.068171117
60.27952915,0.269492081,2.460170137,0.616520223,0.061878231
60.28416782,0.270542266,2.461302738,0.641758409,0.062428858
60.28880649,0.277004939,2.466561244,0.666996595,0.068721744
60.29344516,0.272077151,2.466399443,0.605703858,0.064946013
60.29808383,0.268845814,2.464457841,0.627336589,0.061484925
60.3027225,0.273854386,2.464862342,0.665193867,0.064552707
60.30736117,0.276439455,2.466318543,0.63004068,0.068879066
60.31199984,0.269976782,2.46332524,0.612013404,0.062428858
60.31663851,0.269734431,2.462192639,0.633646135,0.06179957
60.32127718,0.276601022,2.467451145,0.67781296,0.06769915
60.32591585,0.273854386,2.471577049,0.612914768,0.066597895
60.33055452,0.269330514,2.470768048,0.630942044,0.061720909
60.33519319,0.272804201,2.469716347,0.660687048,0.063451452
60.33983186,0.27748964,2.47230515,0.648969319,0.069193711
60.34447053,0.271511667,2.468664646,0.604802494,0.063608774
60.3491092,0.269815215,2.465347742,0.624632497,0.061563586
60.35374787,0.275793188,2.466156743,0.668799323,0.066361912
60.35838654,0.27490457,2.467289344,0.608407949,0.06769915
60.36302521,0.269411298,2.461949939,0.613816132,0.061878231
60.36766388,0.270784616,2.459442036,0.638152954,0.06258618
60.37230255,0.277085722,2.461707238,0.655278866,0.068957727
60.37694122,0.271673233,2.459442036,0.597591584,0.064788691
60.38157989,0.26876503,2.456206033,0.621027042,0.061327603
60.38621856,0.273612035,2.456691433,0.661588412,0.065024674
60.39085723,0.276116321,2.459684736,0.62282977,0.068721744
60.3954959,0.270057565,2.457015033,0.609309313,0.062822164
60.40013457,0.270542266,2.455397032,0.630942044,0.062114214
60.40477324,0.277328073,2.458633035,0.668799323,0.068171117
60.40941191,0.274015953,2.459037536,0.602098403,0.066361912
60.41405058,0.269572865,2.456610533,0.621928406,0.061563586
60.41868925,0.272884985,2.457338634,0.654377502,0.064080741
60.42332792,0.277166506,2.460493737,0.640857045,0.069351033
60.42796659,0.270865399,2.457581334,0.604802494,0.063844758
60.43260526,0.269895998,2.455154331,0.626435225,0.061878231
60.43724393,0.275793188,2.456853233,0.671503414,0.066833878
60.4418826,0.274500653,2.457904934,0.609309313,0.067620489
60.44652127,0.269492081,2.454992531,0.619224315,0.062114214
60.45115994,0.271754017,2.454830731,0.645363864,0.062900825
60.45579861,0.277570423,2.458309435,0.657982957,0.069193711
60.46043728,0.2718348,2.456125132,0.602098403,0.064867352
60.46507595,0.269653648,2.452565529,0.624632497,0.061642248
60.46971462,0.275066137,2.452646429,0.665193867,0.065339318
60.47435329,0.276520239,2.45377903,0.621928406,0.068721744
60.47899196,0.270299915,2.448844125,0.61111204,0.06258618
60.48363063,0.270703832,2.445689021,0.631843407,0.062035553
60.4882693,0.277085722,2.446902523,0.664292504,0.068643083
60.49290797,0.272804201,2.44463732,0.59669022,0.066283251
60.49754664,0.269249731,2.439540615,0.618322951,0.061642248
60.50218531,0.272884985,2.437437213,0.651673411,0.064316724
60.50682398,0.276601022,2.438893414,0.633646135,0.069272372
60.51146265,0.269734431,2.434201209,0.602098403,0.063372791
60.51610132,0.269249731,2.430884306,0.62282977,0.06179957
60.52073999,0.275793188,2.432906808,0.667897959,0.067227184
60.52537866,0.274500653,2.43509111,0.604802494,0.067384506
60.53001733,0.269330514,2.435900111,0.625533861,0.061956892
60.534656,0.271915584,2.440511416,0.657982957,0.063215469
60.53929467,0.278135907,2.448358724,0.664292504,0.06990166
60.54393334,0.272319501,2.449491325,0.61111204,0.064710029
60.54857201,0.269976782,2.446983423,0.631843407,0.061484925
60.55321068,0.275389271,2.447873324,0.669700686,0.066125929
60.55784935,0.276439455,2.448844125,0.620125678,0.068721744
60.56248802,0.270138348,2.44439462,0.612914768,0.06258618
60.56712669,0.270542266,2.441967617,0.632744771,0.062743503
60.57176536,0.276924156,2.442857518,0.662489776,0.068879066
60.57640403,0.272481068,2.440996816,0.597591584,0.065811284
60.5810427,0.268845814,2.437275413,0.619224315,0.061720909
60.58568137,0.272965768,2.436790012,0.655278866,0.064474046
60.59032004,0.276116321,2.439217015,0.631843407,0.069351033
60.59495871,0.269492081,2.437518113,0.606605222,0.063136808
60.59959738,0.26876503,2.436870912,0.628237952,0.061878231
60.60423605,0.275550838,2.440835016,0.672404778,0.067541828
60.60887472,0.273127335,2.443666519,0.606605222,0.067305845
60.61351339,0.268118763,2.442614818,0.623731133,0.06179957
60.61815206,0.270703832,2.44423282,0.653476138,0.063687435
60.62279073,0.275873971,2.450138526,0.657081593,0.069429694
60.6274294,0.269976782,2.450947527,0.610210677,0.064316724
60.63206807,0.268441897,2.451513828,0.634547499,0.061642248
60.63670674,0.273854386,2.456610533,0.680517052,0.06620459
60.64134541,0.274743003,2.46356794,0.630942044,0.068485761
60.64598408,0.269007381,2.466075843,0.631843407,0.062271536
60.65062275,0.269815215,2.469554547,0.657081593,0.062664841
60.65526142,0.276601022,2.477968156,0.691333417,0.06911505
60.65990009,0.271673233,2.481285059,0.634547499,0.065653962
60.66453876,0.268603463,2.481446859,0.654377502,0.062114214
60.66917743,0.273046552,2.48241766,0.685925234,0.064946013
60.6738161,0.276277888,2.484035662,0.650772047,0.069036389
60.67845477,0.269572865,2.479100757,0.62282977,0.063215469
60.68309344,0.269088164,2.475541153,0.639955681,0.061956892
60.68773211,0.275550838,2.477159155,0.681418415,0.067777811
60.69237078,0.273127335,2.477887256,0.612914768,0.06691254
60.69700945,0.26876503,2.475055753,0.63004068,0.062114214
60.70164812,0.271673233,2.476350154,0.665193867,0.063687435
60.70628679,0.277004939,2.48249856,0.666095231,0.069822999
60.71092546,0.270865399,2.483873862,0.626435225,0.064710029
60.71556413,0.269330514,2.484682863,0.652574774,0.062035553
60.7202028,0.275066137,2.489779568,0.698544327,0.066676556
60.72484147,0.275389271,2.492853771,0.639955681,0.068485761
60.72948014,0.269249731,2.490507669,0.640857045,0.062507519
60.73411881,0.271188533,2.488889667,0.661588412,0.062822164
60.73875748,0.278055124,2.490993069,0.680517052,0.069193711
60.74339615,0.272723418,2.490750369,0.621027042,0.065811284
60.74803482,0.270219132,2.489132368,0.643561137,0.062114214
60.75267349,0.274581436,2.490750369,0.683221143,0.065575301
60.75731216,0.277247289,2.495442574,0.649870683,0.069272372
60.76195083,0.271026966,2.494876274,0.631843407,0.063215469
60.7665895,0.271269316,2.495847075,0.655278866,0.06258618
60.77122817,0.27797434,2.505959585,0.70395251,0.068485761
60.77586684,0.275550838,2.516395696,0.643561137,0.066991201
60.78050551,0.272077151,2.524000304,0.669700686,0.06179957
60.78514418,0.276358672,2.533789215,0.70395251,0.064238063
60.78978285,0.282255861,2.547137729,0.699445691,0.069429694
60.79442152,0.277408856,2.554742337,0.660687048,0.063923419
60.79906019,0.278620607,2.558544641,0.676911597,0.062114214
60.80369886,0.286375816,2.564935748,0.719275694,0.067148523
60.80833753,0.286537383,2.568657152,0.65618023,0.067935134
60.8129762,0.282013511,2.566391949,0.659785685,0.062350197
60.81761487,0.283790746,2.563722247,0.676911597,0.06329413
60.82225354,0.289930286,2.564531247,0.686826598,0.069351033
60.82689221,0.283952313,2.559434542,0.623731133,0.06549664
60.83153088,0.280882543,2.551587234,0.642659773,0.062350197
60.83616955,0.285648765,2.54770403,0.67781296,0.065811284
60.84080822,0.287264433,2.546166928,0.635448863,0.069508355
60.84544689,0.280397843,2.53896682,0.618322951,0.063215469
60.85008556,0.280155492,2.531119512,0.63725159,0.06258618
60.85472423,0.286456599,2.528449809,0.673306141,0.068800405
60.8593629,0.282336645,2.524162105,0.604802494,0.066755217
60.86400157,0.27797434,2.516719297,0.626435225,0.062271536
60.86864024,0.281205677,2.513240593,0.657982957,0.064631368
60.87327891,0.285002498,2.511056291,0.641758409,0.06990166
60.87791758,0.277812773,2.503937083,0.605703858,0.064159402
60.88255625,0.276762589,2.497384176,0.625533861,0.062035553
60.88719492,0.282255861,2.495199874,0.668799323,0.067463167
60.89183359,0.28080176,2.492044771,0.604802494,0.068249778
60.89647226,0.275308487,2.484035662,0.613816132,0.062743503
60.90111093,0.276681805,2.479343457,0.638152954,0.063766097
60.9057496,0.282417428,2.478049056,0.648067956,0.069744338
60.91038827,0.276116321,2.471981549,0.593084765,0.06549664
60.91502694,0.273935169,2.465671343,0.617421587,0.062035553
60.91966561,0.278782174,2.46340614,0.657982957,0.06620459
60.92430428,0.279590008,2.462192639,0.612013404,0.069429694
60.92894295,0.273208118,2.455477932,0.604802494,0.06329413
60.93358162,0.272965768,2.449895826,0.625533861,0.062507519
60.93822029,0.279590008,2.449895826,0.657081593,0.068879066
60.94285896,0.275389271,2.445527221,0.591282037,0.066440573
60.94749763,0.271511667,2.439459715,0.612914768,0.061878231
60.9521363,0.27466222,2.438408014,0.647166592,0.064316724
60.95677497,0.278782174,2.440915916,0.628237952,0.069587016
60.96141364,0.272077151,2.437679913,0.598492948,0.063451452
60.96605231,0.271430883,2.43468661,0.620125678,0.062114214
60.97069098,0.277893557,2.436547312,0.666095231,0.067541828
60.97532965,0.276116321,2.437841713,0.601197039,0.067620489
60.97996832,0.271269316,2.433877609,0.613816132,0.062271536
60.98460699,0.273612035,2.431936007,0.639955681,0.063451452
60.98924566,0.278862958,2.433958509,0.645363864,0.069508355
60.99388433,0.272400284,2.430156205,0.593986129,0.064552707
60.998523,0.270542266,2.4250595,0.615618859,0.061720909
61.00316167,0.275227704,2.426192101,0.658884321,0.065968607
61.00780034,0.276035538,2.429589904,0.61111204,0.068564422
61.01243901,0.269734431,2.427810102,0.608407949,0.062428858
61.01707768,0.270299915,2.426920202,0.630942044,0.062428858
61.02171635,0.276439455,2.428376403,0.657982957,0.068879066
61.02635502,0.271511667,2.4251404,0.591282037,0.066125929
61.03099369,0.267876413,2.418182992,0.61111204,0.06179957
61.03563236,0.271915584,2.414866089,0.647166592,0.064867352
61.04027103,0.275227704,2.414704289,0.619224315,0.069665677
61.0449097,0.268118763,2.408555882,0.593986129,0.063372791
61.04954837,0.267149362,2.402892876,0.613816132,0.062114214
61.05418704,0.273854386,2.402407476,0.657081593,0.067856472
61.05882571,0.271188533,2.399980473,0.590380673,0.067463167
61.06346438,0.266099177,2.394155667,0.607506585,0.062114214
61.06810305,0.26876503,2.392456765,0.636350226,0.063451452
61.07274172,0.273854386,2.394802867,0.639054318,0.069744338
61.07738039,0.267634062,2.392780365,0.593084765,0.064316724
61.08201906,0.266179961,2.390838763,0.617421587,0.06179957
61.08665773,0.272077151,2.394155667,0.66339114,0.066519234
61.0912964,0.272642634,2.397796171,0.612013404,0.068485761
61.09593507,0.266664661,2.394074767,0.61111204,0.062507519
61.10057374,0.267714846,2.391324164,0.632744771,0.06258618
61.10521241,0.274258303,2.393103966,0.654377502,0.068721744
61.10985108,0.26852268,2.390434263,0.591282037,0.065339318
61.11448975,0.265372127,2.385580258,0.613816132,0.06179957
61.11912842,0.269492081,2.384609457,0.650772047,0.065103335
61.12376709,0.272642634,2.385822958,0.618322951,0.06911505
61.12840576,0.265533694,2.381858854,0.597591584,0.063215469
61.13304443,0.265291343,2.37829925,0.618322951,0.061878231
61.1376831,0.2718348,2.37854195,0.657982957,0.06769915
61.14232177,0.26876503,2.377571149,0.58947931,0.066755217
61.14696044,0.264079592,2.372798044,0.608407949,0.061878231
61.15159911,0.266503095,2.371341843,0.63725159,0.063687435
61.15623778,0.271673233,2.372069943,0.631843407,0.069508355
61.16087645,0.265614477,2.368186739,0.588577946,0.063766097
61.16551512,0.263837242,2.363979935,0.610210677,0.061720909
61.17015379,0.269411298,2.364546235,0.654377502,0.065968607
61.17479246,0.268926597,2.365597936,0.597591584,0.067856472
61.17943113,0.263352541,2.361633832,0.602999766,0.06179957
61.1840698,0.264725859,2.35985403,0.627336589,0.062192875
61.18870847,0.270946183,2.361876533,0.648969319,0.068485761
61.19334714,0.265372127,2.361391132,0.59669022,0.064788691
61.19798581,0.262302357,2.358478729,0.628237952,0.061170281
61.20262448,0.267472496,2.35953043,0.668799323,0.064631368
61.20726315,0.269815215,2.361310232,0.628237952,0.0684071
61.21190182,0.263271758,2.357669728,0.608407949,0.062192875
61.21654049,0.263110191,2.354757325,0.624632497,0.061484925
61.22117916,0.269815215,2.357265228,0.662489776,0.067384506
61.22581783,0.266583878,2.356941627,0.591282037,0.065968607
61.2304565,0.262463924,2.351925822,0.608407949,0.061563586
61.23509517,0.265533694,2.349417919,0.638152954,0.063687435
61.23973384,0.269895998,2.351359521,0.626435225,0.06911505
61.24437251,0.263271758,2.347557217,0.585873855,0.063372791
61.24901118,0.26189844,2.342945912,0.606605222,0.061642248
61.25364985,0.267876413,2.343512213,0.650772047,0.066833878
61.25828852,0.267391712,2.343754913,0.590380673,0.067541828
61.26292719,0.261979223,2.339305409,0.598492948,0.061878231
61.26756586,0.263352541,2.336393006,0.624632497,0.06258618
61.27220453,0.269572865,2.338900908,0.639955681,0.068957727
61.2768432,0.263594891,2.337282906,0.583169763,0.064867352
61.28148187,0.261332956,2.335098604,0.607506585,0.061563586
61.28612054,0.266179961,2.337363807,0.648969319,0.065103335
61.29075921,0.267795629,2.34027621,0.608407949,0.068564422
61.29539788,0.262302357,2.338415508,0.598492948,0.062192875
61.30003655,0.261736873,2.338172807,0.621027042,0.06179957
61.30467522,0.26852268,2.342056012,0.657982957,0.068013795
61.30931389,0.265372127,2.344159414,0.592183401,0.066047268
61.31395256,0.261413739,2.344240314,0.614717496,0.061248942
61.31859123,0.265129776,2.347880818,0.650772047,0.063844758
61.3232299,0.270138348,2.357346128,0.642659773,0.06911505
61.32786857,0.263918025,2.362442833,0.612013404,0.063372791
61.33250724,0.263029408,2.369723841,0.639054318,0.061484925
61.33714591,0.269815215,2.37797565,0.682319779,0.066676556
61.34178458,0.268603463,2.381454353,0.612914768,0.067541828
61.34642325,0.263594891,2.379431851,0.619224315,0.061878231
61.35106192,0.265614477,2.37846105,0.643561137,0.062664841
61.35570059,0.271511667,2.380807153,0.651673411,0.06911505
61.36033926,0.26569526,2.379108251,0.594887492,0.064159402
61.36497793,0.263190974,2.375063247,0.616520223,0.061327603
61.3696166,0.268361113,2.374739646,0.657081593,0.06549664
61.37425527,0.269815215,2.376114948,0.610210677,0.068721744
61.37889394,0.263514108,2.371584543,0.602098403,0.062192875
61.38353261,0.264321942,2.36891484,0.62282977,0.062271536
61.38817128,0.270865399,2.370451942,0.654377502,0.068328439
61.39280995,0.266664661,2.36907664,0.588577946,0.065653962
61.39744862,0.26262549,2.364869836,0.608407949,0.061406264
61.40208729,0.266422311,2.364303535,0.643561137,0.064080741
61.40672596,0.270219132,2.366406937,0.623731133,0.068957727
61.41136463,0.263675675,2.363979935,0.593986129,0.063058147
61.4160033,0.263433325,2.362361933,0.614717496,0.061642248
61.42064197,0.269734431,2.365031636,0.658884321,0.067227184
61.42528064,0.268118763,2.366164237,0.593986129,0.066991201
61.42991931,0.263271758,2.363090034,0.609309313,0.061484925
61.43455798,0.265776044,2.364869836,0.63725159,0.062900825
61.43919665,0.271673233,2.370290141,0.643561137,0.068879066
61.44383532,0.265937611,2.373445245,0.594887492,0.063923419
61.44847399,0.264160375,2.376034048,0.618322951,0.061406264
61.45311266,0.270138348,2.382586954,0.664292504,0.06549664
61.45775133,0.271188533,2.388492661,0.616520223,0.068171117
61.46239,0.265291343,2.388654461,0.612013404,0.062350197
61.46702867,0.266503095,2.389706162,0.634547499,0.062271536
61.47166734,0.273531252,2.394721967,0.665193867,0.068721744
61.47630601,0.269168947,2.39755347,0.60390113,0.065575301
61.48094468,0.266260744,2.39739167,0.626435225,0.061563586
61.48558335,0.270865399,2.400061373,0.659785685,0.064159402
61.49022202,0.273773602,2.403459177,0.629139316,0.068957727
61.49486069,0.267472496,2.398362471,0.601197039,0.062743503
61.49949936,0.267391712,2.394883768,0.620125678,0.061642248
61.50413803,0.274015953,2.395692768,0.662489776,0.067463167
61.5087767,0.2713501,2.394802867,0.592183401,0.066676556
61.51341537,0.266422311,2.389867962,0.608407949,0.061563586
61.51805404,0.269653648,2.386793759,0.63725159,0.062979486
61.52269271,0.274823787,2.388411761,0.636350226,0.06911505
61.52733138,0.268441897,2.385256657,0.58947931,0.063687435
61.53197005,0.266987795,2.381373453,0.61111204,0.061563586
61.53660872,0.272561851,2.381535253,0.655278866,0.065811284
61.54124739,0.272804201,2.382020654,0.601197039,0.068171117
61.54588606,0.266745445,2.377732949,0.602098403,0.062114214
61.55052473,0.268199546,2.375791347,0.625533861,0.062192875
61.5551634,0.274177519,2.377652049,0.649870683,0.068721744
61.55980207,0.269492081,2.376114948,0.587676582,0.065103335
61.56444074,0.266260744,2.372636244,0.61111204,0.061563586
61.56907941,0.270946183,2.372959844,0.648969319,0.064710029
61.57371808,0.273369685,2.375386847,0.616520223,0.068800405
61.57835675,0.267068579,2.371503643,0.594887492,0.062822164
61.58299542,0.266745445,2.367944039,0.615618859,0.061956892
61.58763409,0.273208118,2.36923844,0.65618023,0.067463167
61.59227276,0.270380699,2.368105839,0.586775218,0.066676556
61.59691143,0.26569526,2.363575434,0.604802494,0.061484925
61.6015501,0.26852268,2.361310232,0.635448863,0.063451452
61.60618877,0.273369685,2.363009134,0.63004068,0.068957727
61.61082744,0.267068579,2.360177631,0.588577946,0.063451452
61.61546611,0.265372127,2.356213527,0.610210677,0.061563586
61.62010478,0.270946183,2.356860727,0.653476138,0.066440573
61.62474345,0.270946183,2.357022527,0.595788856,0.067777811
61.62938212,0.265291343,2.351602222,0.600295675,0.062114214
61.63402079,0.266503095,2.349337019,0.624632497,0.062350197
61.63865946,0.272642634,2.350712321,0.643561137,0.069036389
61.64329813,0.267391712,2.348528018,0.583169763,0.065260657
61.6479368,0.264321942,2.344806614,0.606605222,0.061956892
61.65257547,0.26852268,2.344321214,0.647166592,0.065260657
61.65721414,0.270703832,2.345777415,0.610210677,0.069036389
61.66185281,0.264402726,2.341732411,0.594887492,0.062979486
61.66649148,0.264402726,2.338900908,0.615618859,0.062271536
61.67113015,0.270865399,2.34092341,0.653476138,0.068249778
61.67576882,0.267068579,2.34043801,0.584972491,0.066833878
61.68040749,0.262867841,2.336069405,0.60390113,0.062192875
61.68504616,0.266341528,2.335017704,0.635448863,0.064080741
61.68968483,0.270703832,2.336554806,0.625533861,0.069508355
61.6943235,0.264483509,2.333318802,0.586775218,0.063923419
61.69896217,0.263110191,2.330325499,0.609309313,0.062035553
61.70360084,0.269088164,2.331700801,0.655278866,0.067069862
61.70823951,0.26828033,2.334208703,0.593986129,0.068092456
61.71287818,0.262787057,2.3316199,0.60390113,0.062271536
61.71751685,0.264564293,2.3309727,0.628237952,0.062743503
61.72215552,0.271026966,2.335584005,0.6444625,0.06911505
61.72679419,0.265533694,2.336797506,0.590380673,0.065103335
61.73143286,0.263029408,2.335664905,0.613816132,0.061720909
61.73607153,0.267634062,2.337202006,0.652574774,0.06549664
61.7407102,0.269895998,2.339467209,0.610210677,0.069036389
61.74534887,0.263433325,2.335017704,0.598492948,0.06258618
61.74998754,0.263514108,2.333076102,0.618322951,0.062114214
61.75462621,0.270380699,2.335179504,0.654377502,0.068328439
61.75926488,0.266583878,2.334694104,0.585873855,0.066047268
61.76390355,0.262787057,2.3312963,0.606605222,0.061720909
61.76854222,0.266341528,2.330649099,0.639955681,0.064080741
61.77318089,0.270380699,2.332995202,0.623731133,0.069193711
61.77781956,0.263918025,2.329516498,0.590380673,0.063530113
61.78245823,0.263352541,2.327413096,0.61111204,0.061720909
61.7870969,0.269653648,2.329920999,0.657982957,0.066991201
61.79173557,0.26852268,2.3316199,0.599394311,0.067384506
61.79637424,0.263271758,2.328707497,0.612914768,0.061720909
61.80101291,0.265614477,2.328060297,0.63725159,0.062743503
61.80565158,0.271673233,2.3308109,0.645363864,0.069036389
61.81029025,0.265614477,2.327979397,0.590380673,0.064316724
61.81492892,0.263190974,2.325066993,0.612013404,0.061642248
61.81956759,0.26876503,2.327332196,0.653476138,0.065339318
61.82420626,0.269815215,2.329920999,0.608407949,0.068171117
61.82884493,0.263918025,2.327170396,0.602098403,0.062114214
61.8334836,0.264564293,2.326199595,0.623731133,0.061956892
61.83812227,0.270703832,2.329354698,0.653476138,0.0684071
61.84276094,0.266745445,2.328788397,0.586775218,0.066047268
61.84739961,0.262948624,2.325633294,0.608407949,0.061563586
61.85203828,0.266987795,2.326361395,0.6444625,0.064316724
61.85667695,0.270623049,2.330244599,0.62282977,0.068957727
61.86131562,0.264321942,2.329192898,0.594887492,0.063058147
61.86595429,0.263514108,2.327898496,0.615618859,0.061406264
61.87059296,0.269895998,2.3311345,0.659785685,0.06691254
61.87523163,0.267876413,2.333642403,0.593084765,0.066833878
61.8798703,0.263029408,2.3313772,0.607506585,0.061878231
61.88450897,0.265533694,2.330649099,0.635448863,0.062979486
61.88914764,0.270865399,2.335584005,0.639955681,0.069036389
61.89378631,0.265129776,2.335422204,0.590380673,0.064080741
61.89842498,0.262948624,2.334855904,0.613816132,0.061248942
61.90306365,0.268361113,2.338900908,0.658884321,0.065653962
61.90770232,0.269249731,2.344321214,0.609309313,0.068249778
61.91234099,0.263837242,2.345130215,0.609309313,0.061956892
61.91697966,0.26496821,2.348204418,0.631843407,0.061878231
61.92161833,0.271673233,2.354029224,0.658884321,0.068328439
61.926257,0.266826228,2.356456227,0.594887492,0.065181996
61.93089567,0.263998809,2.355404526,0.617421587,0.061248942
61.93553434,0.268118763,2.358640529,0.655278866,0.064316724
61.94017301,0.27159245,2.366811438,0.631843407,0.068957727
61.94481168,0.26496821,2.36851034,0.610210677,0.062979486
61.94945035,0.265048993,2.370856442,0.634547499,0.061956892
61.95408902,0.271107749,2.375872247,0.676911597,0.067463167
61.95872769,0.268684247,2.37821835,0.606605222,0.066440573
61.96336636,0.264241159,2.374901446,0.620125678,0.061406264
61.96800503,0.266907012,2.373849745,0.646265228,0.062979486
61.9726437,0.272319501,2.376195848,0.643561137,0.06911505
61.97728237,0.266018394,2.374011545,0.59669022,0.063923419
61.98192104,0.264483509,2.371341843,0.618322951,0.061484925
61.98655971,0.270219132,2.371584543,0.660687048,0.065889946
61.99119838,0.270299915,2.372474444,0.604802494,0.068092456
61.99583705,0.264725859,2.36883394,0.605703858,0.061878231
62.00047572,0.26545291,2.366649638,0.628237952,0.062428858
62.00511439,0.271996367,2.36891484,0.649870683,0.068643083
62.00975306,0.266826228,2.367458638,0.588577946,0.065181996
62.01439173,0.263918025,2.362604633,0.610210677,0.061248942
62.0190304,0.26803798,2.363090034,0.648969319,0.064946013
62.02366907,0.270623049,2.365517036,0.617421587,0.068485761
62.02830774,0.264725859,2.362361933,0.598492948,0.062743503
62.03294641,0.264725859,2.360905732,0.619224315,0.061720909
62.03758508,0.271107749,2.364222635,0.662489776,0.067384506
62.04222375,0.268361113,2.365678837,0.593986129,0.066519234
62.04686242,0.264160375,2.364303535,0.613816132,0.061406264
62.05150109,0.267391712,2.366245137,0.645363864,0.063687435
62.05613976,0.272561851,2.372474444,0.640857045,0.068957727
62.06077843,0.266583878,2.373202545,0.599394311,0.063766097
62.0654171,0.26521056,2.372959844,0.62282977,0.061484925
62.07005577,0.271026966,2.377247549,0.666996595,0.066047268
62.07469444,0.270946183,2.381211653,0.607506585,0.067620489
62.07933311,0.265533694,2.379755451,0.613816132,0.061563586
62.08397178,0.267230145,2.380645352,0.636350226,0.062114214
62.08861045,0.273854386,2.385013957,0.653476138,0.068564422
62.09324912,0.26876503,2.384043156,0.592183401,0.064631368
62.09788779,0.265533694,2.379755451,0.614717496,0.061406264
62.10252646,0.270461482,2.380321752,0.653476138,0.065103335
62.10716513,0.273288902,2.382344254,0.614717496,0.068800405
62.1118038,0.266907012,2.377813849,0.598492948,0.062743503
62.11644247,0.266503095,2.374577846,0.618322951,0.062035553
62.12108114,0.272481068,2.374820546,0.657081593,0.067777811
62.12571981,0.269007381,2.373283445,0.586775218,0.066361912
62.13035848,0.264887426,2.36851034,0.606605222,0.06179957
62.13499715,0.267795629,2.367377738,0.639955681,0.063766097
62.13963582,0.272157934,2.369966541,0.627336589,0.06911505
62.14427449,0.265614477,2.367135038,0.590380673,0.063372791
62.14891316,0.264645076,2.364222635,0.612914768,0.061406264
62.15355183,0.270299915,2.366730538,0.657081593,0.066833878
62.1581905,0.269653648,2.368186739,0.59669022,0.067227184
62.16282917,0.263837242,2.364465335,0.605703858,0.061642248
62.16746784,0.26545291,2.362281033,0.63004068,0.062271536
62.17210651,0.271673233,2.364384435,0.643561137,0.068800405
62.17674518,0.26569526,2.362928234,0.586775218,0.064710029
62.18138385,0.262867841,2.358883229,0.610210677,0.061170281
62.18602252,0.26803798,2.35928773,0.652574774,0.064867352
62.19066119,0.269653648,2.360986632,0.609309313,0.068328439
62.19529986,0.263675675,2.357507928,0.598492948,0.062271536
62.19993853,0.263998809,2.354595525,0.619224315,0.061878231
62.2045772,0.270380699,2.356294427,0.654377502,0.067935134
62.20921587,0.266503095,2.354757325,0.586775218,0.065653962
62.21385454,0.262463924,2.350631421,0.606605222,0.061248942
62.21849321,0.266260744,2.35030782,0.640857045,0.063451452
62.22313188,0.270299915,2.352734823,0.621928406,0.068721744
62.22777055,0.263190974,2.349498819,0.58947931,0.063058147
62.23240922,0.26214079,2.346424616,0.61111204,0.061327603
62.23704789,0.268441897,2.347314517,0.65618023,0.066519234
62.24168656,0.267149362,2.347719018,0.592183401,0.066991201
62.24632523,0.26189844,2.344563914,0.60390113,0.061563586
62.2509639,0.264079592,2.343107713,0.630942044,0.062900825
62.25560257,0.269734431,2.346262816,0.639054318,0.068721744
62.26024124,0.263998809,2.344887515,0.587676582,0.064238063
62.26487991,0.261736873,2.343107713,0.612914768,0.061406264
62.26951858,0.266826228,2.345615615,0.657081593,0.065417979
62.27415725,0.268361113,2.350793221,0.612914768,0.068171117
62.27879592,0.262544707,2.352249422,0.61111204,0.062271536
62.28343459,0.263675675,2.354352825,0.635448863,0.061878231
62.28807326,0.270542266,2.360905732,0.666996595,0.068013795
62.29271193,0.266583878,2.363170934,0.60390113,0.06549664
62.2973506,0.263433325,2.364384435,0.629139316,0.061327603
62.30198927,0.267472496,2.367539539,0.664292504,0.063844758
62.30662794,0.2713501,2.374011545,0.639955681,0.068564422
62.31126661,0.265129776,2.373930645,0.612013404,0.062900825
62.31590528,0.264806643,2.375629547,0.632744771,0.06109162
62.32054395,0.271754017,2.382586954,0.679615688,0.066676556
62.32518262,0.270219132,2.390596063,0.618322951,0.066755217
62.32982129,0.266503095,2.398200671,0.6444625,0.061170281
62.33445996,0.269976782,2.410578384,0.679615688,0.062822164
62.33909863,0.276197105,2.423198798,0.682319779,0.068564422
62.3437373,0.270946183,2.429751705,0.631843407,0.063608774
62.34837597,0.269492081,2.432745008,0.651673411,0.06109162
62.35301464,0.275227704,2.438488914,0.690432053,0.065339318
62.35765331,0.276277888,2.441482217,0.632744771,0.067935134
62.36229198,0.270299915,2.438893414,0.625533861,0.061720909
62.36693065,0.271188533,2.436628212,0.642659773,0.062271536
62.37156932,0.277893557,2.438084413,0.666095231,0.0684071
62.37620799,0.273046552,2.43492931,0.600295675,0.064946013
62.38084666,0.269653648,2.430075305,0.621928406,0.06109162
62.38548533,0.273854386,2.429104504,0.657982957,0.064395385
62.390124,0.277328073,2.430722506,0.628237952,0.068800405
62.39476267,0.270623049,2.428052803,0.606605222,0.062664841
62.39940134,0.269895998,2.4257067,0.627336589,0.061563586
62.40404001,0.276439455,2.428619103,0.67060205,0.067227184
62.40867868,0.273692819,2.429994405,0.60390113,0.066597895
62.41331735,0.269492081,2.429913505,0.623731133,0.06109162
62.41795602,0.272642634,2.435900111,0.657982957,0.06329413
62.42259469,0.278539824,2.446983423,0.662489776,0.068800405
62.42723336,0.272561851,2.454507131,0.621928406,0.063608774
62.43187203,0.271511667,2.462111739,0.648969319,0.061327603
62.4365107,0.27797434,2.475136653,0.6967416,0.06620459
62.44114937,0.278055124,2.487918866,0.639955681,0.068013795
62.44578804,0.272481068,2.492206571,0.640857045,0.062271536
62.45042671,0.274339086,2.497788677,0.666996595,0.06258618
62.45506538,0.280478626,2.504503384,0.689530689,0.068879066
62.45970405,0.275227704,2.504422484,0.623731133,0.065103335
62.46434272,0.272077151,2.499972979,0.639955681,0.061406264
62.46898139,0.276439455,2.496332475,0.673306141,0.064710029
62.47362006,0.278862958,2.494309973,0.632744771,0.068800405
62.47825873,0.272319501,2.485815464,0.609309313,0.062271536
62.4828974,0.271915584,2.478291756,0.626435225,0.06179957
62.48753607,0.27821669,2.475055753,0.662489776,0.067777811
62.49217474,0.27490457,2.469473647,0.592183401,0.066361912
62.49681341,0.270057565,2.460574637,0.609309313,0.061327603
62.50145208,0.272561851,2.454345331,0.639054318,0.063136808
62.50609075,0.276924156,2.452484629,0.630942044,0.068721744
62.51072942,0.270299915,2.446093522,0.588577946,0.063215469
62.51536809,0.268603463,2.439055214,0.61111204,0.061012959
62.52000676,0.274339086,2.436466412,0.657081593,0.065968607
62.52464543,0.273692819,2.434201209,0.597591584,0.067305845
62.5292841,0.267957196,2.427162902,0.60390113,0.061563586
62.53392277,0.269088164,2.422227997,0.628237952,0.062271536
62.53856144,0.27514692,2.421661696,0.645363864,0.068564422
62.54320011,0.269249731,2.417454891,0.587676582,0.064552707
62.54783878,0.266583878,2.411953686,0.610210677,0.061248942
62.55247745,0.271430883,2.410173884,0.649870683,0.064946013
62.55711612,0.273288902,2.410012084,0.612914768,0.068643083
62.56175479,0.266664661,2.404510878,0.598492948,0.062271536
62.56639346,0.266179961,2.400142273,0.619224315,0.061484925
62.57103213,0.272965768,2.399899573,0.65618023,0.067620489
62.5756708,0.269249731,2.39674447,0.588577946,0.065889946
62.58030947,0.26521056,2.390191563,0.609309313,0.061170281
62.58494814,0.268441897,2.38736006,0.641758409,0.06329413
62.58958681,0.272804201,2.38816906,0.628237952,0.068800405
62.59422548,0.266099177,2.384609457,0.593084765,0.062743503
62.59886415,0.265372127,2.380564452,0.616520223,0.061406264
62.60350282,0.271026966,2.380968953,0.658884321,0.066519234
62.60814149,0.269653648,2.380726253,0.594887492,0.067148523
62.61278016,0.264241159,2.376276748,0.60390113,0.061484925
62.61741883,0.266099177,2.374173346,0.628237952,0.062271536
62.6220575,0.272077151,2.376276748,0.639955681,0.068643083
62.62669617,0.266664661,2.372959844,0.584071127,0.064316724
62.63133484,0.263998809,2.368186739,0.607506585,0.061170281
62.63597351,0.268603463,2.367458638,0.648969319,0.065024674
62.64061218,0.269976782,2.368186739,0.606605222,0.0684071
62.64525085,0.264160375,2.364788936,0.598492948,0.062035553
62.64988952,0.264241159,2.363413634,0.620125678,0.061406264
62.65452819,0.271026966,2.365678837,0.654377502,0.067935134
62.65916686,0.266826228,2.365921537,0.588577946,0.065653962
62.66380553,0.263190974,2.363494534,0.610210677,0.061248942
62.6684442,0.267149362,2.363413634,0.643561137,0.063530113
62.67308287,0.270703832,2.365678837,0.626435225,0.068485761
62.67772154,0.264321942,2.363170934,0.593986129,0.062900825
62.68236021,0.263433325,2.360501231,0.614717496,0.061327603
62.68699888,0.269734431,2.362442833,0.659785685,0.066676556
62.69163755,0.268199546,2.363332734,0.594887492,0.067069862
62.69627622,0.263271758,2.35969223,0.606605222,0.061406264
62.70091489,0.26545291,2.35904503,0.633646135,0.06258618
62.70555356,0.271188533,2.362604633,0.640857045,0.068957727
62.71019223,0.265372127,2.361472032,0.588577946,0.064159402
62.7148309,0.26262549,2.35904503,0.612013404,0.061484925
62.71946957,0.268361113,2.360339431,0.653476138,0.06549664
62.72410824,0.269249731,2.362038333,0.605703858,0.068564422
62.72874691,0.263029408,2.358964129,0.599394311,0.062507519
62.73338558,0.263433325,2.357588828,0.621928406,0.062114214
62.73802425,0.270380699,2.360015831,0.651673411,0.068249778
62.74266292,0.265533694,2.358559629,0.586775218,0.065732623
62.74730159,0.261979223,2.354433725,0.606605222,0.061484925
62.75194026,0.265776044,2.354191024,0.643561137,0.064316724
62.75657893,0.269492081,2.355809026,0.618322951,0.068957727
62.7612176,0.262948624,2.352249422,0.592183401,0.062507519
62.76585627,0.262544707,2.349579719,0.612914768,0.061406264
62.77049494,0.268845814,2.351602222,0.657081593,0.06691254
62.77513361,0.266260744,2.352087622,0.590380673,0.066676556
62.77977228,0.26189844,2.349417919,0.606605222,0.061327603
62.78441095,0.264402726,2.34966062,0.635448863,0.062743503
62.78904962,0.270057565,2.353786524,0.638152954,0.068957727
62.79368829,0.263918025,2.352573023,0.590380673,0.063923419
62.79832696,0.262060007,2.351521322,0.614717496,0.061642248
62.80296563,0.268199546,2.354757325,0.659785685,0.065811284
62.8076043,0.26876503,2.358236029,0.609309313,0.068013795
62.81224297,0.263352541,2.356779827,0.609309313,0.061720909
62.81688164,0.264725859,2.356779827,0.630942044,0.06179957
62.82152031,0.271269316,2.361229332,0.655278866,0.068013795
62.82615898,0.266341528,2.361633832,0.592183401,0.064788691
62.83079765,0.263110191,2.358236029,0.612914768,0.061406264
62.83543632,0.266987795,2.358236029,0.649870683,0.064316724
62.84007499,0.269815215,2.360986632,0.620125678,0.068879066
62.84471366,0.263271758,2.357912428,0.598492948,0.062664841
62.84935233,0.262948624,2.356294427,0.619224315,0.061720909
62.853991,0.269895998,2.35920683,0.659785685,0.067148523
62.85862967,0.266826228,2.360339431,0.592183401,0.066361912
62.86326834,0.262463924,2.357750628,0.610210677,0.061170281
62.86790701,0.265048993,2.358074228,0.639054318,0.062900825
62.87254568,0.269734431,2.362361933,0.635448863,0.068721744
62.87718435,0.263837242,2.361229332,0.592183401,0.063608774
62.88182302,0.261979223,2.360177631,0.614717496,0.061327603
62.88646169,0.267553279,2.363818135,0.660687048,0.065575301
62.89110036,0.267876413,2.367458638,0.606605222,0.067541828
62.89573903,0.262060007,2.367054138,0.610210677,0.061563586
62.9003777,0.263029408,2.36891484,0.635448863,0.062114214
62.90501637,0.269492081,2.375467747,0.657982957,0.068485761
62.90965504,0.264483509,2.37862285,0.601197039,0.064788691
62.91429371,0.261575306,2.381454353,0.627336589,0.061248942
62.91893238,0.265937611,2.390838763,0.67060205,0.064631368
62.92357105,0.269088164,2.403540077,0.639955681,0.0684071
62.92820972,0.26262549,2.410416584,0.625533861,0.062271536
62.93284839,0.262544707,2.420609995,0.653476138,0.061248942
62.93748706,0.269168947,2.43509111,0.700347055,0.067227184
62.94212573,0.266341528,2.44399012,0.632744771,0.065968607
62.9467644,0.262221573,2.446659822,0.648969319,0.060855637
62.95140307,0.265372127,2.449734026,0.676010233,0.063058147
62.95604174,0.269815215,2.45410263,0.664292504,0.068564422
62.96068041,0.263675675,2.450785727,0.619224315,0.063058147
62.96531908,0.26189844,2.446093522,0.635448863,0.061012959
62.96995775,0.267876413,2.444960921,0.675108869,0.065968607
62.97459642,0.267391712,2.443747419,0.612013404,0.066991201
62.97923509,0.262060007,2.437518113,0.615618859,0.061170281
62.98387376,0.263675675,2.434120309,0.638152954,0.062114214
62.98851243,0.270057565,2.43476751,0.653476138,0.068249778
62.9931511,0.264564293,2.430884306,0.594887492,0.064316724
62.99778977,0.262221573,2.426273001,0.618322951,0.060698315
63.00242844,0.266987795,2.426434801,0.659785685,0.064474046
63.00706711,0.269088164,2.428861804,0.621027042,0.068249778
63.01170578,0.263110191,2.426758401,0.609309313,0.062114214
63.01634445,0.263594891,2.427810102,0.633646135,0.06179957
63.02098312,0.270623049,2.433473108,0.672404778,0.067620489
63.02562179,0.267472496,2.435900111,0.606605222,0.065653962
63.03026046,0.262867841,2.433554009,0.626435225,0.060776976
63.03489913,0.266826228,2.433796709,0.657081593,0.063058147
63.0395378,0.2713501,2.436466412,0.639955681,0.068485761
63.04417647,0.26521056,2.432664108,0.602999766,0.062900825
63.04881514,0.264483509,2.429185404,0.623731133,0.060855637
63.05345381,0.270703832,2.429023604,0.666095231,0.065968607
63.05809248,0.269895998,2.427648302,0.602098403,0.066676556
63.06273115,0.264402726,2.422147096,0.609309313,0.060855637
63.06736982,0.266099177,2.418587493,0.633646135,0.061956892
63.07200849,0.271996367,2.418991993,0.6444625,0.068564422
63.07664716,0.265937611,2.414542488,0.588577946,0.06400208
63.08128583,0.263837242,2.408555882,0.61111204,0.060698315
63.0859245,0.26876503,2.407342381,0.652574774,0.064788691
63.09056317,0.270219132,2.405724379,0.607506585,0.067935134
63.09520184,0.264160375,2.400223173,0.599394311,0.061642248
63.09984051,0.264645076,2.396259069,0.621027042,0.061406264
63.10447918,0.271269316,2.39722987,0.654377502,0.067541828
63.10911785,0.266907012,2.394802867,0.588577946,0.065103335
63.11375652,0.263190974,2.389867962,0.609309313,0.060934298
63.11839519,0.266826228,2.387036459,0.6444625,0.063530113
63.12303386,0.271107749,2.389139861,0.624632497,0.068564422
63.12767253,0.264079592,2.385580258,0.594887492,0.062664841
63.1323112,0.263514108,2.382101554,0.616520223,0.060934298
63.13694987,0.269895998,2.383234155,0.660687048,0.066361912
63.14158854,0.268118763,2.383638656,0.595788856,0.066833878
63.14622721,0.263433325,2.379431851,0.610210677,0.061248942
63.15086588,0.265533694,2.377652049,0.63725159,0.062271536
63.15550455,0.270946183,2.379189151,0.643561137,0.068485761
63.16014322,0.264887426,2.376681248,0.591282037,0.063608774
63.16478189,0.262948624,2.372798044,0.613816132,0.06109162
63.16942056,0.26852268,2.373040744,0.657081593,0.065339318
63.17405923,0.269330514,2.374739646,0.607506585,0.067935134
63.1786979,0.263594891,2.371746343,0.604802494,0.061720909
63.18333657,0.263918025,2.370856442,0.628237952,0.061642248
63.18797524,0.271188533,2.376438548,0.66339114,0.068013795
63.19261391,0.267553279,2.382020654,0.606605222,0.065024674
63.19725258,0.264160375,2.384204956,0.63004068,0.060934298
63.20189125,0.268361113,2.387198259,0.666095231,0.063844758
63.20652992,0.271754017,2.391243264,0.638152954,0.0684071
63.21116859,0.265048993,2.38816906,0.609309313,0.062271536
63.21580726,0.264483509,2.385903858,0.627336589,0.061406264
63.22044593,0.270865399,2.388330861,0.668799323,0.067148523
63.2250846,0.26876503,2.389058961,0.601197039,0.066519234
63.22972327,0.263998809,2.386065658,0.618322951,0.061012959
63.23436194,0.266260744,2.385580258,0.645363864,0.062350197
63.23900061,0.271511667,2.38776456,0.6444625,0.0684071
63.24363928,0.26545291,2.384447656,0.593986129,0.063215469
63.24827795,0.263514108,2.379431851,0.613816132,0.060934298
63.25291662,0.269168947,2.379027351,0.655278866,0.065811284
63.25755529,0.269815215,2.379270051,0.602098403,0.068013795
63.26219396,0.263594891,2.374820546,0.602098403,0.061406264
63.26683263,0.264645076,2.371827243,0.624632497,0.061484925
63.2714713,0.270703832,2.372798044,0.648969319,0.068171117
63.27610997,0.265776044,2.370856442,0.584972491,0.065024674
63.28074864,0.262221573,2.366245137,0.608407949,0.060934298
63.28538731,0.266341528,2.365517036,0.645363864,0.06400208
63.29002598,0.269492081,2.366892338,0.614717496,0.0684071
63.29466465,0.26262549,2.363090034,0.593986129,0.062192875
63.29930332,0.26189844,2.35993493,0.614717496,0.061012959
63.30394199,0.26852268,2.360986632,0.65618023,0.067384506
63.30858066,0.26569526,2.360743931,0.587676582,0.066361912
63.31321933,0.261332956,2.356051726,0.604802494,0.061327603
63.317858,0.264160375,2.354191024,0.633646135,0.06329413
63.32249667,0.269815215,2.357184328,0.630942044,0.068879066
63.32713534,0.263918025,2.355728126,0.587676582,0.063530113
63.33177401,0.26238314,2.354514625,0.61111204,0.06109162
63.33641268,0.267957196,2.357507928,0.657081593,0.065811284
63.34105135,0.267310929,2.360420331,0.600295675,0.067541828
63.34569002,0.261494523,2.357346128,0.60390113,0.061720909
63.35032869,0.262867841,2.356294427,0.626435225,0.062192875
63.35496736,0.269088164,2.35969223,0.647166592,0.068564422
63.35960603,0.264321942,2.35912593,0.587676582,0.064867352
63.3642447,0.261252172,2.356537127,0.610210677,0.061248942
63.36888337,0.265937611,2.357427028,0.649870683,0.064631368
63.37352204,0.26852268,2.360743931,0.613816132,0.068721744
63.37816071,0.26238314,2.357427028,0.59669022,0.062428858
63.38279938,0.262221573,2.354838225,0.617421587,0.061878231
63.38743805,0.268603463,2.357346128,0.655278866,0.067856472
63.39207672,0.265533694,2.357831528,0.587676582,0.066440573
63.39671539,0.260929039,2.355161825,0.606605222,0.061484925
63.40135406,0.264402726,2.355970826,0.638152954,0.063608774
63.40599273,0.269088164,2.35912593,0.629139316,0.06911505
63.4106314,0.262302357,2.357427028,0.590380673,0.063608774
63.41527007,0.261171389,2.355242725,0.612013404,0.061327603
63.41990874,0.267230145,2.357507928,0.657982957,0.066361912
63.42454741,0.266826228,2.35936863,0.59669022,0.067463167
63.42918608,0.261494523,2.357103427,0.605703858,0.061878231
63.43382475,0.263433325,2.356618027,0.63004068,0.062428858
63.43846342,0.269572865,2.360501231,0.647166592,0.068800405
63.44310209,0.264160375,2.360501231,0.590380673,0.064631368
63.44774076,0.261332956,2.357669728,0.612914768,0.061563586
63.45237943,0.266664661,2.35953043,0.653476138,0.065024674
63.4570181,0.268361113,2.363494534,0.612914768,0.0684071
63.46165677,0.26262549,2.362038333,0.602098403,0.062428858
63.46629544,0.262948624,2.361067532,0.623731133,0.061878231
63.47093411,0.269895998,2.364060835,0.661588412,0.067856472
63.47557278,0.266341528,2.364141735,0.593986129,0.065889946
63.48021145,0.261979223,2.360986632,0.613816132,0.061327603
63.48485012,0.265937611,2.361552932,0.646265228,0.063687435
63.48948879,0.270380699,2.364950736,0.630942044,0.069036389
63.49412746,0.264079592,2.363494534,0.595788856,0.063215469
63.49876613,0.263029408,2.361957433,0.615618859,0.061327603
63.5034048,0.269007381,2.365517036,0.660687048,0.066676556
63.50804347,0.26803798,2.36923844,0.598492948,0.067384506
63.51268214,0.263029408,2.369562041,0.609309313,0.06179957
63.51732081,0.265048993,2.371989043,0.635448863,0.062900825
63.52195948,0.271026966,2.379270051,0.647166592,0.069036389
63.52659815,0.265372127,2.382101554,0.593986129,0.064159402
63.53123682,0.263433325,2.383234155,0.618322951,0.061406264
63.53587549,0.268845814,2.388735361,0.661588412,0.065260657
63.54051416,0.270623049,2.395045568,0.617421587,0.068328439
63.54515283,0.264483509,2.396420869,0.610210677,0.062114214
63.5497915,0.26521056,2.399171472,0.632744771,0.061878231
63.55443017,0.2718348,2.405886179,0.665193867,0.067935134
63.55906884,0.26803798,2.409203083,0.598492948,0.06549664
63.56370751,0.264402726,2.410254784,0.621027042,0.061563586
63.56834618,0.268361113,2.41583689,0.65618023,0.063923419
63.57298485,0.272400284,2.424493199,0.636350226,0.068957727
63.57762352,0.266260744,2.426353901,0.606605222,0.063058147
63.58226219,0.265776044,2.428457303,0.628237952,0.061484925
63.58690086,0.272561851,2.436304611,0.673306141,0.066991201
63.59153953,0.271026966,2.443504719,0.609309313,0.06691254
63.5961782,0.266503095,2.446498022,0.624632497,0.061642248
63.60081687,0.269411298,2.452565529,0.652574774,0.062743503
63.60545554,0.275389271,2.46348704,0.658884321,0.068879066
63.61009421,0.269815215,2.469150046,0.607506585,0.064159402
63.61473288,0.267876413,2.472143349,0.630942044,0.061248942
63.61937155,0.273369685,2.477968156,0.672404778,0.06549664
63.62401022,0.27490457,2.483388461,0.621027042,0.068564422
63.62864889,0.268926597,2.483307561,0.617421587,0.061642248
63.63328756,0.269895998,2.484925563,0.639054318,0.061956892
63.63792623,0.276601022,2.490184069,0.666996595,0.068249778
63.6425649,0.271754017,2.490588569,0.602098403,0.06549664
63.64720357,0.268118763,2.488080666,0.62282977,0.061170281
63.65184224,0.272319501,2.487757066,0.657982957,0.064080741
63.65648091,0.275631621,2.490345869,0.631843407,0.068643083
63.66111958,0.26852268,2.487676166,0.605703858,0.06258618
63.66575825,0.26803798,2.485330063,0.625533861,0.061642248
63.67039692,0.274581436,2.487109865,0.671503414,0.066991201
63.67503559,0.272400284,2.487109865,0.60390113,0.066597895
63.67967426,0.267714846,2.484278362,0.621027042,0.061484925
63.68431293,0.270299915,2.484359262,0.650772047,0.063215469
63.6889516,0.275712404,2.488566067,0.651673411,0.06911505
63.69359027,0.269815215,2.488080666,0.606605222,0.064238063
63.69822894,0.26803798,2.489294168,0.633646135,0.061642248
63.70286761,0.273854386,2.495361674,0.679615688,0.06620459
63.70750628,0.274500653,2.502399982,0.63004068,0.068171117
63.71214495,0.268441897,2.504341584,0.631843407,0.06179957
63.71678362,0.269572865,2.504098883,0.651673411,0.062114214
63.72142229,0.275873971,2.505716885,0.669700686,0.068800405
63.72606096,0.270784616,2.501833681,0.602999766,0.065339318
63.73069963,0.267149362,2.493096472,0.621027042,0.061406264
63.7353383,0.27159245,2.488404267,0.653476138,0.064631368
63.73997697,0.273773602,2.484844663,0.620125678,0.068721744
63.74461564,0.267149362,2.475379353,0.597591584,0.062428858
63.74925431,0.267068579,2.466480343,0.616520223,0.061563586
63.75389298,0.273208118,2.46300164,0.657081593,0.067305845
63.75853165,0.270219132,2.457015033,0.587676582,0.066125929
63.76317032,0.265372127,2.448358724,0.605703858,0.061563586
63.76780899,0.267714846,2.442453018,0.635448863,0.063530113
63.77244766,0.272804201,2.440268716,0.630942044,0.068721744
63.77708633,0.266260744,2.432906808,0.587676582,0.06329413
63.781725,0.264483509,2.424735899,0.608407949,0.061012959
63.78636367,0.269976782,2.421661696,0.652574774,0.065732623
63.79100234,0.269088164,2.418749293,0.593986129,0.067305845
63.79564101,0.263352541,2.411630085,0.598492948,0.061170281
63.80027968,0.264564293,2.405886179,0.62282977,0.062035553
63.80491835,0.270623049,2.405643479,0.642659773,0.0684071
63.80955702,0.265372127,2.401193974,0.582268399,0.064552707
63.81419569,0.262463924,2.394479267,0.604802494,0.061406264
63.81883436,0.267068579,2.391971364,0.6444625,0.064552707
63.82347303,0.269492081,2.390434263,0.609309313,0.068249778
63.8281117,0.263110191,2.384528557,0.593986129,0.06179957
63.83275037,0.263029408,2.379998152,0.615618859,0.061248942
63.83738904,0.269492081,2.380645352,0.655278866,0.067541828
63.84202771,0.266260744,2.37854195,0.588577946,0.065968607
63.84666638,0.261332956,2.374092445,0.607506585,0.06109162
63.85130505,0.264564293,2.372636244,0.639054318,0.063058147
63.85594372,0.269411298,2.375063247,0.63004068,0.068485761
63.86058239,0.262867841,2.373607045,0.593986129,0.062743503
63.86522106,0.262060007,2.373607045,0.620125678,0.060855637
63.86985973,0.268199546,2.379593651,0.668799323,0.06620459
63.8744984,0.267957196,2.385661158,0.61111204,0.066755217
63.87913707,0.262706274,2.386308358,0.618322951,0.061012959
63.88377574,0.264564293,2.386551059,0.639955681,0.062350197
63.88841441,0.270623049,2.389463462,0.652574774,0.068485761
63.89305308,0.265129776,2.386631959,0.593084765,0.064316724
63.89769175,0.262463924,2.381939754,0.614717496,0.060776976
63.90233042,0.267068579,2.380807153,0.652574774,0.064474046
63.90696909,0.269249731,2.380807153,0.610210677,0.067935134
63.91160776,0.262302357,2.375548647,0.598492948,0.061484925
63.91624643,0.26238314,2.372069943,0.619224315,0.061012959
63.9208851,0.269007381,2.373445245,0.65618023,0.067541828
63.92552377,0.265372127,2.372393544,0.58947931,0.06549664
63.93016244,0.261332956,2.367782239,0.609309313,0.060934298
63.93480111,0.26545291,2.366811438,0.6444625,0.06329413
63.93943978,0.270380699,2.36923844,0.629139316,0.068564422
63.94407845,0.264887426,2.366730538,0.59669022,0.062507519
63.94871712,0.264806643,2.365355236,0.620125678,0.061012959
63.95335579,0.272077151,2.36923844,0.668799323,0.06620459
63.95799446,0.272642634,2.374658746,0.609309313,0.066755217
63.96263313,0.268845814,2.375063247,0.623731133,0.061406264
63.9672718,0.27490457,2.37797565,0.657081593,0.062114214
63.97191047,0.288960885,2.386065658,0.680517052,0.068564422
63.97654914,0.291869088,2.388330861,0.632744771,0.064238063
63.98118781,0.296554527,2.390676963,0.659785685,0.061170281
63.98582648,0.305198352,2.400708574,0.704853874,0.065260657
63.99046515,0.308187339,2.418668393,0.667897959,0.068013795
63.99510382,0.303582684,2.445365421,0.686826598,0.062035553
63.99974249,0.305359919,2.48209406,0.729190696,0.061720909
64.00438116,0.31198416,2.520440701,0.762541156,0.068092456
64.00901983,0.307298721,2.543335425,0.687727962,0.065260657
64.0136585,0.302613283,2.551991734,0.693136145,0.061327603
64.01829717,0.305763836,2.558221041,0.713867512,0.063766097
64.02293584,0.308752823,2.562832346,0.680517052,0.068721744
64.02757451,0.301482315,2.560324443,0.642659773,0.062900825
64.03221318,0.299624296,2.55757384,0.65618023,0.061484925
64.03685185,0.304956002,2.558221041,0.694037508,0.067305845
64.04149052,0.302451716,2.55708844,0.62282977,0.067305845
64.04612919,0.296473743,2.548998431,0.632744771,0.061563586
64.05076786,0.29712001,2.542121924,0.654377502,0.062822164
64.05540653,0.301239965,2.53904772,0.655278866,0.068879066
64.0600452,0.29380789,2.529986911,0.600295675,0.064080741
64.06468387,0.290576553,2.518822699,0.617421587,0.061642248
64.06932254,0.294696508,2.511541691,0.657982957,0.065811284
64.07396121,0.294615724,2.505635985,0.606605222,0.068249778
64.07859988,0.287022083,2.494795374,0.602098403,0.062271536
64.08323855,0.287022083,2.486381765,0.624632497,0.062114214
64.08787722,0.292757706,2.483064861,0.652574774,0.068564422
64.09251589,0.286779733,2.475864753,0.587676582,0.065732623
64.09715456,0.282417428,2.465752243,0.607506585,0.061484925
64.10179323,0.285325631,2.459603836,0.643561137,0.064631368
64.1064319,0.288314618,2.456206033,0.616520223,0.069036389
64.11107057,0.280640193,2.448844125,0.592183401,0.062822164
64.11570924,0.279266875,2.441967617,0.612914768,0.061956892
64.12034791,0.285002498,2.439702415,0.657081593,0.067384506
64.12498658,0.281690377,2.437032712,0.591282037,0.06691254
64.12962525,0.276439455,2.431127006,0.608407949,0.061720909
64.13426392,0.278378257,2.427810102,0.638152954,0.063215469
64.13890259,0.283063696,2.428295503,0.639054318,0.069351033
64.14354126,0.276439455,2.423845998,0.592183401,0.064080741
64.14817993,0.273450469,2.419072893,0.612914768,0.061563586
64.1528186,0.278620607,2.418021192,0.65618023,0.065968607
64.15745727,0.27797434,2.417616692,0.602098403,0.068328439
64.16209594,0.271673233,2.411225585,0.601197039,0.062192875
64.16673461,0.272400284,2.40677608,0.62282977,0.062271536
64.17137328,0.278459041,2.405886179,0.647166592,0.068721744
64.17601195,0.273208118,2.401113074,0.584071127,0.065260657
64.18065062,0.269492081,2.394641067,0.605703858,0.061563586
64.18528929,0.273208118,2.391324164,0.643561137,0.064788691
64.18992796,0.275550838,2.390029762,0.61111204,0.068721744
64.19456663,0.268603463,2.383881356,0.592183401,0.062900825
64.1992053,0.26828033,2.37829925,0.613816132,0.061878231
64.20384397,0.274743003,2.377813849,0.655278866,0.067620489
64.20848264,0.2713501,2.375548647,0.586775218,0.066833878
64.21312131,0.266664661,2.370775542,0.606605222,0.061642248
64.21775998,0.269411298,2.368429439,0.63725159,0.063530113
64.22239865,0.274096736,2.370613742,0.632744771,0.069193711
64.22703732,0.26803798,2.367701339,0.592183401,0.063608774
64.23167599,0.266260744,2.364222635,0.615618859,0.061406264
64.23631466,0.271996367,2.366326037,0.660687048,0.066047268
64.24095333,0.271915584,2.36875304,0.604802494,0.067856472
64.245592,0.266583878,2.366568738,0.612013404,0.062507519
64.25023067,0.26803798,2.366406937,0.638152954,0.062664841
64.25486934,0.274743003,2.370775542,0.657982957,0.068879066
64.25950801,0.269572865,2.369885641,0.598492948,0.064788691
64.26414668,0.266907012,2.367782239,0.620125678,0.061563586
64.26878535,0.2713501,2.367782239,0.657081593,0.064946013
64.27342402,0.273692819,2.368429439,0.617421587,0.068564422
64.27806269,0.266664661,2.363090034,0.599394311,0.062507519
64.28270136,0.266583878,2.358316929,0.618322951,0.061720909
64.28734003,0.273369685,2.35961133,0.655278866,0.06769915
64.2919787,0.269572865,2.357993328,0.586775218,0.06620459
64.29661737,0.265372127,2.351764022,0.605703858,0.061248942
64.30125604,0.268361113,2.35006512,0.635448863,0.063530113
64.30589471,0.272642634,2.352006722,0.626435225,0.069193711
64.31053338,0.266260744,2.348770719,0.588577946,0.063215469
64.31517205,0.264887426,2.345777415,0.610210677,0.06109162
64.31981072,0.270703832,2.347961718,0.655278866,0.065968607
64.32444939,0.269088164,2.350550521,0.595788856,0.067384506
64.32908806,0.263514108,2.34982242,0.606605222,0.061720909
64.33372673,0.265614477,2.352330322,0.634547499,0.062350197
64.3383654,0.271430883,2.360420331,0.650772047,0.068721744
64.34300407,0.266179961,2.364869836,0.595788856,0.064474046
64.34764274,0.263998809,2.36907664,0.62282977,0.061327603
64.35228141,0.269007381,2.37854195,0.668799323,0.064710029
64.35692008,0.271026966,2.391647764,0.632744771,0.068249778
64.36155875,0.26521056,2.401760275,0.631843407,0.062035553
64.36619742,0.265776044,2.426273001,0.684122507,0.061406264
64.37083609,0.272804201,2.466318543,0.749922063,0.067777811
64.37547476,0.269815215,2.507011286,0.695840236,0.065653962
64.38011343,0.266018394,2.537915119,0.718374331,0.06109162
64.3847521,0.269653648,2.556036738,0.731894787,0.063372791
64.38939077,0.274015953,2.563317746,0.694037508,0.069036389
64.39402944,0.267472496,2.558625541,0.642659773,0.063372791
64.39866811,0.266826228,2.550292832,0.649870683,0.061484925
64.40330678,0.272804201,2.544225326,0.684122507,0.066519234
64.40794545,0.271026966,2.537267919,0.612914768,0.067227184
64.41258412,0.265291343,2.525941907,0.618322951,0.061327603
64.41722279,0.268118763,2.516800197,0.640857045,0.062192875
64.42186146,0.274015953,2.512512492,0.650772047,0.068721744
64.42650013,0.267472496,2.504584284,0.593986129,0.064159402
64.4311388,0.264483509,2.496170675,0.616520223,0.06109162
64.43577747,0.269976782,2.49107397,0.658884321,0.064946013
64.44041614,0.271107749,2.487676166,0.610210677,0.067935134
64.44505481,0.264806643,2.478615356,0.602098403,0.061563586
64.44969348,0.265291343,2.471334349,0.62282977,0.061484925
64.45433215,0.271996367,2.468745546,0.655278866,0.067541828
64.45897082,0.267553279,2.46324434,0.58947931,0.065103335
64.46360949,0.263675675,2.454507131,0.61111204,0.06109162
64.46824816,0.267230145,2.449976726,0.648969319,0.063844758
64.47288683,0.271188533,2.451109327,0.641758409,0.068721744
64.4775255,0.26521056,2.447468823,0.621027042,0.062507519
64.48216417,0.264564293,2.442776618,0.639955681,0.060855637
64.48680284,0.271188533,2.443019319,0.680517052,0.066519234
64.49144151,0.269411298,2.443100219,0.610210677,0.066440573
64.49608018,0.264483509,2.439217015,0.621027042,0.061170281
64.50071885,0.266664661,2.437032712,0.645363864,0.06258618
64.50535752,0.272319501,2.438327114,0.648969319,0.0684071
64.50999619,0.266179961,2.434363009,0.597591584,0.063687435
64.51463486,0.264160375,2.430318005,0.618322951,0.060934298
64.51927353,0.269895998,2.429670804,0.660687048,0.065339318
64.5239122,0.270623049,2.430560705,0.610210677,0.067541828
64.52855087,0.264725859,2.426515701,0.608407949,0.061406264
64.53318954,0.26521056,2.424978599,0.632744771,0.061248942
64.53782821,0.271754017,2.427567402,0.660687048,0.06769915
64.54246688,0.267068579,2.4258685,0.59669022,0.064788691
64.54710555,0.263998809,2.421499896,0.619224315,0.061012959
64.55174422,0.267230145,2.419558294,0.65618023,0.063766097
64.55638289,0.270703832,2.419639194,0.627336589,0.068249778
64.56102156,0.263918025,2.414299788,0.602098403,0.062428858
64.56566023,0.263594891,2.409203083,0.621928406,0.06109162
64.5702989,0.269815215,2.408232282,0.665193867,0.066833878
64.57493757,0.266987795,2.404996278,0.59669022,0.066440573
64.57957624,0.262060007,2.398038871,0.61111204,0.061248942
64.58421491,0.264645076,2.394074767,0.639054318,0.062900825
64.58885358,0.270138348,2.393751166,0.636350226,0.068957727
64.59349225,0.263271758,2.389139861,0.590380673,0.063844758
64.59813092,0.261171389,2.382991455,0.613816132,0.061170281
64.60276959,0.266826228,2.380888053,0.655278866,0.065732623
64.60740826,0.266907012,2.37805655,0.598492948,0.06769915
64.61204693,0.261009822,2.370532842,0.598492948,0.06179957
64.6166856,0.261413739,2.365274336,0.621027042,0.061956892
64.62132427,0.268199546,2.364788936,0.643561137,0.068249778
64.62596294,0.262867841,2.360177631,0.582268399,0.064788691
64.63060161,0.259798071,2.354595525,0.60390113,0.061170281
64.63524028,0.264321942,2.352653923,0.642659773,0.064474046
64.63987895,0.266907012,2.353301123,0.610210677,0.068564422
64.64451762,0.260605905,2.349175219,0.592183401,0.062271536
64.64915629,0.260444338,2.345615615,0.613816132,0.061406264
64.65379496,0.267310929,2.346748216,0.655278866,0.067227184
64.65843363,0.264241159,2.346343716,0.586775218,0.06620459
64.6630723,0.260121204,2.342460512,0.605703858,0.061327603
64.66771097,0.262948624,2.34043801,0.635448863,0.062979486
64.67234964,0.267472496,2.341570611,0.628237952,0.068721744
64.67698831,0.261494523,2.337202006,0.584972491,0.06329413
64.68162698,0.260201988,2.333157002,0.606605222,0.061170281
64.68626565,0.265856827,2.332995202,0.649870683,0.065811284
64.69090432,0.265291343,2.332995202,0.592183401,0.067463167
64.69554299,0.260121204,2.328626597,0.598492948,0.061248942
64.70018166,0.261494523,2.325714194,0.623731133,0.061956892
64.70482033,0.267310929,2.328545697,0.643561137,0.068643083
64.709459,0.262463924,2.327170396,0.584972491,0.064395385
64.71409767,0.259555721,2.324500693,0.609309313,0.061012959
64.71873634,0.264321942,2.326684995,0.651673411,0.064395385
64.72337501,0.266987795,2.333157002,0.620125678,0.068328439
64.72801368,0.260848255,2.336312105,0.609309313,0.061878231
64.73265235,0.261494523,2.341247011,0.634547499,0.061248942
64.73729102,0.267957196,2.351683122,0.678714324,0.067541828
64.74192969,0.265291343,2.360824831,0.613816132,0.065732623
64.74656836,0.261171389,2.365597936,0.634547499,0.061170281
64.75120703,0.264645076,2.369642941,0.66339114,0.063058147
64.7558457,0.269249731,2.374254246,0.647166592,0.068643083
64.76048437,0.262867841,2.370856442,0.60390113,0.062900825
64.76512304,0.261171389,2.366568738,0.621027042,0.061012959
64.76976171,0.267310929,2.365840637,0.661588412,0.066283251
64.77440038,0.266179961,2.365031636,0.598492948,0.067148523
64.77903905,0.260848255,2.35985403,0.606605222,0.061248942
64.78367772,0.262948624,2.356941627,0.63004068,0.062114214
64.78831639,0.268926597,2.358074228,0.6444625,0.068564422
64.79295506,0.263190974,2.355000025,0.586775218,0.063923419
64.79759373,0.260444338,2.349579719,0.609309313,0.060776976
64.8022324,0.265129776,2.347880818,0.648969319,0.064395385
64.80687107,0.266664661,2.347638117,0.606605222,0.067777811
64.81150974,0.260363555,2.342945912,0.59669022,0.06179957
64.81614841,0.260929039,2.34027621,0.618322951,0.061406264
64.82078708,0.267553279,2.341894211,0.655278866,0.06769915
64.82542575,0.263514108,2.341975111,0.591282037,0.065339318
64.83006442,0.259717287,2.339224509,0.61111204,0.060698315
64.83470309,0.262948624,2.338820008,0.643561137,0.063058147
64.83934176,0.267310929,2.34051891,0.626435225,0.068485761
64.84398043,0.260363555,2.336473906,0.590380673,0.062743503
64.8486191,0.259636504,2.3309727,0.609309313,0.060855637
64.85325777,0.266018394,2.330325499,0.651673411,0.066047268
64.85789644,0.264241159,2.328383897,0.584972491,0.06620459
64.86253511,0.258505536,2.322478191,0.595788856,0.060776976
64.86717378,0.260605905,2.318918587,0.621027042,0.062035553
64.87181245,0.266260744,2.319323087,0.629139316,0.068328439
64.87645112,0.260201988,2.314873583,0.575057489,0.063608774
64.88108979,0.257697702,2.308806076,0.598492948,0.060619654
64.88572846,0.262948624,2.307673475,0.639955681,0.064395385
64.89036713,0.263594891,2.308077975,0.593084765,0.067777811
64.8950058,0.257536135,2.30265767,0.586775218,0.061327603
64.89964447,0.258424753,2.299017166,0.610210677,0.06109162
64.90428314,0.265048993,2.300635168,0.641758409,0.067541828
64.90892181,0.261009822,2.299907067,0.576860217,0.065103335
64.91356048,0.257374568,2.297075564,0.600295675,0.060540992
64.91819915,0.261171389,2.297237364,0.635448863,0.063451452
64.92283782,0.264725859,2.299987967,0.612914768,0.0684071
64.92747649,0.258343969,2.297075564,0.584972491,0.062428858
64.93211516,0.257374568,2.294567661,0.605703858,0.061012959
64.93675383,0.263594891,2.296994664,0.650772047,0.066755217
64.9413925,0.26189844,2.297237364,0.584071127,0.066361912
64.94603117,0.256970651,2.292706959,0.598492948,0.06109162
64.95066984,0.259394154,2.291493458,0.625533861,0.062428858
64.95530851,0.264887426,2.29327326,0.628237952,0.068643083
64.95994718,0.25882867,2.290846257,0.578662944,0.063608774
64.96458585,0.256889868,2.287691154,0.602098403,0.060776976
64.96922452,0.262060007,2.289066455,0.645363864,0.064946013
64.97386319,0.263029408,2.291169858,0.595788856,0.067305845
64.97850186,0.256485951,2.289147355,0.594887492,0.061248942
64.98314053,0.257616918,2.288176554,0.617421587,0.061248942
64.9877792,0.264564293,2.291897958,0.643561137,0.067856472
64.99241787,0.259959638,2.291897958,0.579564308,0.064474046
64.99705654,0.256889868,2.288823755,0.601197039,0.060462331
65.00169521,0.261009822,2.290360857,0.639054318,0.063530113
65.00633388,0.264564293,2.296023863,0.615618859,0.067935134
65.01097255,0.258424753,2.299745267,0.59669022,0.061878231
65.01561122,0.25858632,2.306540874,0.621928406,0.060934298
65.02024989,0.265048993,2.318756787,0.668799323,0.066676556
65.02488856,0.26262549,2.327008596,0.602098403,0.066047268
65.02952723,0.25858632,2.329516498,0.616520223,0.060462331
65.0341659,0.261171389,2.333480602,0.6444625,0.062114214
65.03880457,0.266745445,2.341489711,0.641758409,0.068013795
65.04344324,0.260201988,2.343269513,0.593986129,0.063136808
65.04808191,0.258263186,2.343835813,0.615618859,0.060776976
65.05272058,0.263998809,2.348932519,0.659785685,0.065024674
65.05735925,0.264321942,2.353867424,0.60390113,0.067463167
65.06199792,0.258909453,2.353301123,0.602999766,0.061248942
65.06663659,0.260040421,2.353462924,0.625533861,0.061563586
65.07127526,0.266341528,2.357588828,0.648969319,0.068092456
65.07591393,0.261332956,2.358397829,0.587676582,0.064316724
65.0805526,0.258343969,2.356779827,0.613816132,0.060540992
65.08519127,0.263110191,2.35953043,0.652574774,0.063451452
65.08982994,0.266583878,2.366002437,0.621928406,0.067463167
65.09446861,0.260525122,2.367377738,0.60390113,0.061720909
65.09910728,0.260444338,2.36883394,0.626435225,0.060619654
65.10374595,0.268118763,2.376923948,0.668799323,0.066676556
65.10838462,0.265776044,2.387036459,0.607506585,0.06549664
65.11302329,0.262867841,2.398686072,0.636350226,0.060698315
65.11766196,0.266260744,2.412843587,0.668799323,0.062428858
65.12230063,0.271754017,2.426515701,0.661588412,0.068013795
65.1269393,0.26545291,2.428942704,0.615618859,0.06258618
65.13157797,0.264321942,2.426434801,0.632744771,0.060540992
65.13621664,0.270299915,2.4258685,0.67060205,0.065260657
65.14085531,0.269815215,2.424250499,0.607506585,0.066676556
65.14549398,0.263594891,2.416807691,0.610210677,0.060776976
65.15013265,0.265048993,2.410416584,0.630942044,0.061484925
65.15477132,0.271026966,2.407989581,0.646265228,0.068092456
65.15940999,0.265372127,2.402002975,0.584972491,0.063844758
65.16404866,0.262706274,2.393993867,0.605703858,0.060226348
65.16868733,0.266987795,2.390596063,0.643561137,0.063766097
65.173326,0.26876503,2.38784546,0.604802494,0.067856472
65.17796467,0.262060007,2.379755451,0.588577946,0.061563586
65.18260334,0.26189844,2.373768845,0.610210677,0.060698315
65.18724201,0.268441897,2.373445245,0.650772047,0.067148523
65.19188068,0.265048993,2.372312644,0.584972491,0.06549664
65.19651935,0.261009822,2.367782239,0.605703858,0.060855637
65.20115802,0.264483509,2.366649638,0.639054318,0.062900825
65.20579669,0.269088164,2.36915754,0.627336589,0.068328439
65.21043536,0.26262549,2.365517036,0.590380673,0.06258618
65.21507403,0.260929039,2.361391132,0.610210677,0.060776976
65.2197127,0.266745445,2.360420331,0.654377502,0.065811284
65.22435137,0.265614477,2.358721429,0.591282037,0.066519234
65.22899004,0.260363555,2.351925822,0.598492948,0.06109162
65.23362871,0.262221573,2.347799918,0.62282977,0.061720909
65.23826738,0.268199546,2.348123518,0.636350226,0.067935134
65.24290605,0.262463924,2.343431313,0.578662944,0.063608774
65.24754472,0.259878854,2.338011007,0.602098403,0.060462331
65.25218339,0.264321942,2.335422204,0.641758409,0.064395385
65.25682206,0.266018394,2.334046903,0.598492948,0.067541828
65.26146073,0.259636504,2.327493996,0.587676582,0.061406264
65.2660994,0.260201988,2.323044491,0.608407949,0.061406264
65.27073807,0.266583878,2.324338893,0.6444625,0.067148523
65.27537674,0.26262549,2.323529892,0.578662944,0.064946013
65.28001541,0.258747886,2.318675887,0.600295675,0.060776976
65.28465408,0.262221573,2.316248884,0.633646135,0.062900825
65.28929275,0.266179961,2.316491584,0.615618859,0.068328439
65.29393142,0.259636504,2.311718479,0.582268399,0.062428858
65.29857009,0.25858632,2.306459974,0.602098403,0.060776976
65.30320876,0.264806643,2.305570073,0.646265228,0.065811284
65.30784743,0.263110191,2.304922872,0.581367036,0.066519234
65.3124861,0.258667103,2.299987967,0.593084765,0.060776976
65.31712477,0.260201988,2.297318264,0.620125678,0.06179957
65.32176344,0.266099177,2.299259866,0.629139316,0.067935134
65.32640211,0.260363555,2.296509263,0.576860217,0.06329413
65.33104078,0.258182402,2.292545159,0.600295675,0.060305009
65.33567945,0.263271758,2.29343506,0.643561137,0.064395385
65.34031812,0.264645076,2.296023863,0.59669022,0.067541828
65.34495679,0.25858632,2.292383359,0.590380673,0.061327603
65.34959546,0.25931337,2.291008057,0.612013404,0.061248942
65.35423413,0.265776044,2.29351596,0.643561137,0.067148523
65.3588728,0.261575306,2.29367776,0.577761581,0.064631368
65.36351147,0.258020836,2.290846257,0.599394311,0.060305009
65.36815014,0.261817656,2.290199057,0.634547499,0.062900825
65.37278881,0.265533694,2.292059758,0.612013404,0.067856472
65.37742748,0.25907102,2.288095654,0.582268399,0.061563586
65.38206615,0.258505536,2.28445515,0.601197039,0.060305009
65.38670482,0.265372127,2.285587752,0.646265228,0.065968607
65.39134349,0.263352541,2.285587752,0.580465672,0.065811284
65.39598216,0.258747886,2.281300047,0.595788856,0.060147687
65.40062083,0.261009822,2.280005646,0.623731133,0.061563586
65.4052595,0.266018394,2.282432648,0.627336589,0.067620489
65.40989817,0.260848255,2.281138247,0.578662944,0.062743503
65.41453684,0.259798071,2.277983144,0.602999766,0.060147687
65.41917551,0.266099177,2.279034845,0.645363864,0.064631368
65.42381418,0.267714846,2.280814647,0.595788856,0.06691254
65.42845285,0.263029408,2.277578643,0.594887492,0.060855637
65.43309152,0.26496821,2.276041541,0.616520223,0.060698315
65.43773019,0.272157934,2.278711244,0.643561137,0.067148523
65.44236886,0.26828033,2.277983144,0.578662944,0.063766097
65.44700753,0.26496821,2.27474714,0.600295675,0.06038367
65.4516462,0.269249731,2.27466624,0.636350226,0.063215469
65.45628487,0.272077151,2.276607842,0.608407949,0.067305845
65.46092354,0.265291343,2.273776339,0.584071127,0.061170281
65.46556221,0.26496821,2.271672937,0.604802494,0.06038367
65.47020088,0.271511667,2.274019039,0.648969319,0.06620459
65.47483955,0.26852268,2.276122442,0.581367036,0.06549664
65.47947822,0.263756458,2.27490894,0.599394311,0.060305009
65.48411689,0.266179961,2.276931442,0.63004068,0.06179957
65.48875556,0.271107749,2.282270848,0.629139316,0.067777811
65.49339423,0.26496821,2.282189948,0.583169763,0.062822164
65.4980329,0.262787057,2.281138247,0.606605222,0.06038367
65.50267157,0.26852268,2.284859651,0.650772047,0.064788691
65.50731024,0.268361113,2.288581055,0.595788856,0.066676556
65.51194891,0.262706274,2.285506852,0.597591584,0.060619654
65.51658758,0.263998809,2.284859651,0.619224315,0.060776976
65.52122625,0.270461482,2.288257454,0.641758409,0.067227184
65.52586492,0.265291343,2.287124853,0.579564308,0.063687435
65.53050359,0.261736873,2.28372705,0.602098403,0.060226348
65.53514226,0.266422311,2.283079849,0.639054318,0.063451452
65.53978093,0.268926597,2.28437425,0.605703858,0.067384506
65.5444196,0.261979223,2.280248346,0.585873855,0.061406264
65.54905827,0.262060007,2.276526942,0.605703858,0.060540992
65.55369694,0.268199546,2.278549444,0.646265228,0.066597895
65.55833561,0.265291343,2.277821343,0.577761581,0.065339318
65.56297428,0.260444338,2.272886438,0.59669022,0.06038367
65.56761295,0.263029408,2.271430237,0.626435225,0.062114214
65.57225162,0.267957196,2.273776339,0.620125678,0.068013795
65.57689029,0.261332956,2.270944836,0.579564308,0.06258618
65.58152896,0.259474937,2.267708833,0.600295675,0.060540992
65.58616763,0.26569526,2.269488635,0.646265228,0.065260657
65.5908063,0.264806643,2.271996537,0.58947931,0.067069862
65.59544497,0.258990237,2.269650435,0.59669022,0.061012959
65.60008364,0.260363555,2.270297635,0.621928406,0.061642248
65.60472231,0.266907012,2.27466624,0.639955681,0.067935134
65.60936098,0.261575306,2.27507074,0.582268399,0.063923419
65.61399965,0.25858632,2.27418084,0.607506585,0.060776976
65.61863832,0.263190974,2.276688742,0.650772047,0.064080741
65.62327699,0.265372127,2.282432648,0.616520223,0.067384506
65.62791566,0.259394154,2.282998949,0.60390113,0.061327603
65.63255433,0.259394154,2.284616951,0.626435225,0.060934298
65.637193,0.265937611,2.290927157,0.666996595,0.067069862
65.64183167,0.262463924,2.295781162,0.60390113,0.065260657
65.64647034,0.258101619,2.298531765,0.630942044,0.060540992
65.65110901,0.261413739,2.307107174,0.673306141,0.062507519
65.65574768,0.266099177,2.323448992,0.678714324,0.068171117
65.66038635,0.259555721,2.338981808,0.659785685,0.062350197
65.66502502,0.258909453,2.354919125,0.694938872,0.060698315
65.66966369,0.265533694,2.376923948,0.753527518,0.065732623
65.67430236,0.26521056,2.397715271,0.704853874,0.066755217
65.67894103,0.259878854,2.410659284,0.719275694,0.061012959
65.6835797,0.261575306,2.420286394,0.733697515,0.062035553
65.68821837,0.267634062,2.426677501,0.727387968,0.068328439
65.69285704,0.261494523,2.4250595,0.654377502,0.063923419
65.69749571,0.25882867,2.419153793,0.660687048,0.061012959
65.70213438,0.264321942,2.415513289,0.686826598,0.064631368
65.70677305,0.266260744,2.413409887,0.633646135,0.067856472
65.71141172,0.259717287,2.407180581,0.617421587,0.06179957
65.71605039,0.260363555,2.402569276,0.634547499,0.060934298
65.72068906,0.266907012,2.402164775,0.664292504,0.067069862
65.72532773,0.262948624,2.400142273,0.594887492,0.064867352
65.7299664,0.259232587,2.394560167,0.612914768,0.060540992
65.73460507,0.262787057,2.391728664,0.643561137,0.063136808
65.73924374,0.266745445,2.391566864,0.623731133,0.068171117
65.74388241,0.259878854,2.385580258,0.591282037,0.062114214
65.74852108,0.259151803,2.379270051,0.610210677,0.060462331
65.75315975,0.264887426,2.376843048,0.653476138,0.066047268
65.75779842,0.263514108,2.373364345,0.588577946,0.066047268
65.76243709,0.258343969,2.365840637,0.599394311,0.060462331
65.76707576,0.260282771,2.360582131,0.626435225,0.06179957
65.77171443,0.265856827,2.360015831,0.633646135,0.068092456
65.7763531,0.260121204,2.355242725,0.581367036,0.063215469
65.78099177,0.257697702,2.34998422,0.60390113,0.060305009
65.78563044,0.263190974,2.347719018,0.645363864,0.064316724
65.79026911,0.264402726,2.346424616,0.598492948,0.067227184
65.79490778,0.257859269,2.34076161,0.593084765,0.061012959
65.79954645,0.25858632,2.337444707,0.616520223,0.060934298
65.80418512,0.26545291,2.339467209,0.648067956,0.067069862
65.80882379,0.260929039,2.336878406,0.582268399,0.064631368
65.81346246,0.257536135,2.332267101,0.605703858,0.060069026
65.81810113,0.261575306,2.330649099,0.639955681,0.062743503
65.8227398,0.264887426,2.332267101,0.616520223,0.067935134
65.82737847,0.25907102,2.327251296,0.588577946,0.061956892
65.83201714,0.258505536,2.323529892,0.610210677,0.060619654
65.83665581,0.264887426,2.325066993,0.653476138,0.06620459
65.84129448,0.262706274,2.325228794,0.587676582,0.065968607
65.84593315,0.257536135,2.320051188,0.602098403,0.060540992
65.85057182,0.260282771,2.318190486,0.63004068,0.061878231
65.85521049,0.265614477,2.318918587,0.631843407,0.067856472
65.85984916,0.259717287,2.315035383,0.582268399,0.062900825
65.86448783,0.258020836,2.311152179,0.60390113,0.060147687
65.8691265,0.263110191,2.310666778,0.646265228,0.064631368
65.87376517,0.263837242,2.310828578,0.593986129,0.066991201
65.87840384,0.257940052,2.306945374,0.593084765,0.060934298
65.88304251,0.259232587,2.306055473,0.617421587,0.06109162
65.88768118,0.265614477,2.309938677,0.647166592,0.067541828
65.89231985,0.261252172,2.310828578,0.585873855,0.064474046
65.89695852,0.257859269,2.308239776,0.608407949,0.060305009
65.90159719,0.262060007,2.308725176,0.645363864,0.063215469
65.90623586,0.26521056,2.31260838,0.617421587,0.067541828
65.91087453,0.258747886,2.31277018,0.594887492,0.061563586
65.9155132,0.258505536,2.313579181,0.617421587,0.060462331
65.92015187,0.26521056,2.320293888,0.66339114,0.06620459
65.92479054,0.263352541,2.327089496,0.602098403,0.065653962
65.92942921,0.25858632,2.332752502,0.626435225,0.060540992
65.93406788,0.26189844,2.34043801,0.657081593,0.061878231
65.93870655,0.267472496,2.348770719,0.651673411,0.067856472
65.94334522,0.261575306,2.351521322,0.604802494,0.06258618
65.94798389,0.260201988,2.353948324,0.625533861,0.060147687
65.95262256,0.266099177,2.35993493,0.668799323,0.064631368
65.95726123,0.266099177,2.365759737,0.612013404,0.066597895
65.9618999,0.260848255,2.367863139,0.616520223,0.060855637
65.96653857,0.26262549,2.373768845,0.642659773,0.061327603
65.97117724,0.269653648,2.385337557,0.666095231,0.067541828
65.97581591,0.26496821,2.393589366,0.607506585,0.063923419
65.98045458,0.26238314,2.400546774,0.633646135,0.060305009
65.98509325,0.267472496,2.411549185,0.674207505,0.063372791
65.98973192,0.271188533,2.424331399,0.639955681,0.06769915
65.99437059,0.26545291,2.431855107,0.624632497,0.061406264
65.99900926,0.266018394,2.440106916,0.647166592,0.060540992
66.00364793,0.272965768,2.452565529,0.687727962,0.066597895
66.0082866,0.270219132,2.462111739,0.620125678,0.065260657
66.01292527,0.266745445,2.470201747,0.639054318,0.060226348
66.01756394,0.270461482,2.481527759,0.669700686,0.061878231
66.02220261,0.275631621,2.495604374,0.660687048,0.067620489
66.02684128,0.269815215,2.505474185,0.621928406,0.062271536
66.03147995,0.26876503,2.514130494,0.641758409,0.06038367
66.03611862,0.275793188,2.527964409,0.688629326,0.065181996
66.04075729,0.275550838,2.542041024,0.63004068,0.066440573
66.04539596,0.270380699,2.552558035,0.636350226,0.060698315
66.05003463,0.272400284,2.563964947,0.660687048,0.061327603
66.0546733,0.278782174,2.577313461,0.676010233,0.067463167
66.05931197,0.273612035,2.584837169,0.614717496,0.063530113
66.06395064,0.271107749,2.589610274,0.636350226,0.060226348
66.06858931,0.276035538,2.598509284,0.674207505,0.063372791
66.07322798,0.278378257,2.611534197,0.63725159,0.067541828
66.07786665,0.272481068,2.618491605,0.624632497,0.06109162
66.08250532,0.273046552,2.628361415,0.646265228,0.060540992
66.08714399,0.280155492,2.643327931,0.684122507,0.066440573
66.09178266,0.277166506,2.654896643,0.616520223,0.064946013
66.09642133,0.273369685,2.661692251,0.63725159,0.060305009
66.10106,0.277247289,2.672128362,0.671503414,0.06258618
66.10569867,0.282175078,2.684586975,0.657081593,0.068013795
66.11033734,0.276197105,2.690978082,0.619224315,0.062428858
66.11497601,0.275066137,2.695993887,0.639955681,0.060540992
66.11961468,0.281528811,2.703760295,0.685023871,0.065653962
66.12425335,0.280882543,2.709018801,0.623731133,0.066283251
66.12889202,0.275712404,2.706915398,0.631843407,0.060462331
66.13353069,0.27748964,2.704245696,0.653476138,0.061327603
66.13816936,0.283548396,2.703355795,0.66339114,0.06769915
66.14280803,0.27773199,2.697207388,0.60390113,0.063372791
66.1474467,0.275066137,2.687822978,0.62282977,0.060226348
66.15208537,0.279590008,2.680622871,0.659785685,0.064159402
66.15672404,0.280963327,2.674231764,0.613816132,0.067305845
66.16136271,0.27441987,2.661854051,0.602098403,0.06109162
66.16600138,0.274096736,2.650042638,0.621928406,0.060776976
66.17064005,0.280397843,2.641548129,0.654377502,0.066833878
66.17527872,0.275873971,2.631031118,0.586775218,0.064552707
66.17991739,0.271915584,2.617116303,0.608407949,0.060305009
66.18455606,0.274985354,2.606599292,0.640857045,0.062979486
66.18919473,0.278459041,2.598347483,0.621027042,0.067935134
66.1938334,0.271754017,2.585160769,0.590380673,0.062114214
66.19847207,0.2713501,2.572378556,0.61111204,0.060776976
66.20311074,0.277085722,2.564045847,0.653476138,0.065889946
66.20774941,0.275227704,2.553609736,0.586775218,0.066125929
66.21238808,0.269249731,2.53888592,0.59669022,0.060776976
66.21702675,0.271269316,2.526184607,0.621027042,0.062035553
66.22166542,0.276277888,2.516476597,0.628237952,0.067856472
66.22630409,0.269895998,2.503370783,0.575057489,0.063215469
66.23094276,0.267472496,2.490184069,0.597591584,0.060619654
66.23558143,0.272481068,2.480718759,0.639955681,0.064710029
66.2402201,0.273046552,2.47295235,0.592183401,0.067227184
66.24485877,0.266503095,2.459765636,0.586775218,0.061012959
66.24949744,0.267230145,2.449329525,0.610210677,0.061170281
66.25413611,0.273450469,2.44447552,0.640857045,0.067069862
66.25877478,0.268684247,2.436061911,0.575958853,0.064080741
66.26341345,0.26496821,2.4259494,0.598492948,0.06038367
66.26805212,0.268684247,2.418749293,0.633646135,0.062900825
66.27269079,0.271915584,2.414137988,0.607506585,0.06769915
66.27732946,0.264806643,2.403944577,0.580465672,0.061956892
66.28196813,0.263998809,2.394155667,0.600295675,0.060619654
66.2866068,0.270138348,2.388735361,0.643561137,0.066125929
66.29124547,0.267553279,2.382667855,0.576860217,0.065732623
66.29588414,0.26238314,2.372555344,0.591282037,0.060540992
66.30052281,0.264483509,2.365921537,0.619224315,0.062035553
66.30516148,0.269168947,2.363575434,0.621928406,0.06769915
66.30980015,0.262787057,2.356779827,0.573254762,0.062743503
66.31443882,0.261090605,2.348851619,0.594887492,0.06038367
66.31907749,0.266179961,2.345372915,0.639054318,0.064474046
66.32371616,0.266179961,2.343997614,0.58947931,0.06691254
66.32835483,0.260605905,2.337768307,0.590380673,0.060855637
66.3329935,0.261332956,2.334046903,0.612013404,0.061170281
66.33763217,0.267472496,2.334451403,0.638152954,0.067227184
66.34227084,0.26262549,2.3308918,0.575057489,0.064474046
66.34690951,0.25907102,2.325390594,0.59669022,0.060540992
66.35154818,0.263271758,2.323368092,0.634547499,0.063530113
66.35618685,0.266583878,2.323610792,0.604802494,0.067856472
66.36082552,0.259474937,2.319889388,0.583169763,0.061563586
66.36546419,0.259232587,2.318271386,0.604802494,0.060698315
66.37010286,0.265533694,2.320374789,0.648067956,0.066125929
66.37474153,0.262948624,2.320132088,0.580465672,0.065575301
66.3793802,0.258424753,2.315278083,0.59669022,0.060305009
66.38401887,0.261171389,2.31204208,0.624632497,0.062192875
66.38865754,0.266018394,2.31204208,0.621027042,0.068092456
66.39329621,0.259798071,2.306864474,0.575958853,0.062428858
66.39793488,0.258182402,2.301525069,0.59669022,0.060147687
66.40257355,0.263675675,2.300554267,0.641758409,0.064788691
66.40721222,0.263190974,2.299745267,0.585873855,0.066440573
66.41185089,0.257697702,2.294648561,0.590380673,0.060619654
66.41648956,0.258990237,2.291412558,0.613816132,0.06109162
66.42112823,0.265291343,2.292868759,0.636350226,0.067384506
66.4257669,0.260525122,2.291088957,0.575958853,0.063844758
66.43040557,0.257697702,2.288581055,0.599394311,0.060540992
66.43504424,0.26189844,2.289713656,0.639955681,0.063844758
66.43968291,0.265129776,2.29375866,0.608407949,0.06769915
66.44432158,0.258667103,2.292868759,0.592183401,0.061406264
66.44896025,0.258667103,2.29359686,0.612013404,0.060855637
66.45359892,0.26545291,2.297480064,0.651673411,0.066833878
66.45823759,0.26214079,2.298936266,0.582268399,0.065339318
66.46287626,0.258020836,2.296185663,0.601197039,0.060462331
66.46751493,0.261009822,2.296671063,0.631843407,0.06258618
66.4721536,0.266099177,2.299745267,0.623731133,0.068171117
66.47679227,0.259474937,2.298369965,0.584071127,0.062428858
66.48143094,0.258263186,2.296266563,0.605703858,0.060698315
66.48606961,0.263837242,2.298046365,0.650772047,0.065575301
66.49070828,0.263594891,2.299664367,0.592183401,0.066519234
66.49534695,0.257778485,2.296509263,0.600295675,0.060855637
66.49998562,0.259151803,2.295781162,0.623731133,0.061720909
66.50462429,0.26496821,2.299178966,0.639955681,0.068171117
66.50926296,0.259798071,2.297480064,0.582268399,0.063766097
66.51390163,0.257374568,2.292949659,0.60390113,0.060540992
66.5185403,0.26189844,2.292787859,0.642659773,0.064159402
66.52317897,0.263675675,2.294244061,0.602098403,0.06769915
66.52781764,0.257374568,2.289632756,0.587676582,0.061248942
66.53245631,0.258020836,2.285506852,0.607506585,0.06109162
66.53709498,0.264241159,2.285992252,0.642659773,0.067227184
66.54173365,0.260363555,2.28421245,0.574156125,0.065339318
66.54637232,0.256728301,2.278953945,0.593986129,0.060776976
66.55101099,0.259717287,2.276203342,0.623731133,0.063136808
66.55564966,0.263594891,2.276850542,0.61111204,0.068249778
66.56028833,0.257051435,2.271915637,0.575958853,0.062350197
66.564927,0.255597333,2.267223432,0.59669022,0.060305009
66.56956567,0.261817656,2.267627933,0.640857045,0.065653962
66.57420434,0.260605905,2.267627933,0.578662944,0.06620459
66.57884301,0.25551655,2.262935728,0.590380673,0.060619654
66.58348168,0.257213001,2.261075026,0.616520223,0.061878231
66.58812035,0.262867841,2.263825629,0.63004068,0.068013795
66.59275902,0.256809084,2.262612127,0.578662944,0.063451452
66.59739769,0.254547149,2.261317726,0.60390113,0.060540992
66.60203636,0.259717287,2.264311029,0.648969319,0.064552707
66.60667503,0.261332956,2.268598734,0.608407949,0.067541828
66.6113137,0.255435766,2.266657132,0.600295675,0.061327603
66.61595237,0.255435766,2.26536273,0.619224315,0.060698315
66.62059104,0.261736873,2.268113333,0.649870683,0.067463167
66.62522971,0.258101619,2.267061632,0.582268399,0.065103335
66.62986838,0.254224015,2.263178428,0.602098403,0.06038367
66.63450705,0.257859269,2.262207627,0.633646135,0.063058147
66.63914572,0.261575306,2.264230129,0.613816132,0.068328439
66.64378439,0.255678116,2.260427825,0.583169763,0.062114214
66.64842306,0.254627932,2.257839022,0.60390113,0.060226348
66.65306173,0.260848255,2.259457024,0.647166592,0.065968607
66.6577004,0.259232587,2.259214324,0.580465672,0.066361912
66.66233907,0.254143231,2.254845719,0.592183401,0.060698315
66.66697774,0.256566734,2.253146817,0.619224315,0.06179957
66.67161641,0.26214079,2.25605922,0.627336589,0.06769915
66.67625508,0.256647517,2.25533112,0.576860217,0.062822164
66.68089375,0.254385582,2.254036718,0.600295675,0.060147687
66.68553242,0.259798071,2.256625521,0.642659773,0.064552707
66.69017109,0.260686688,2.258405323,0.594887492,0.067305845
66.69480976,0.254627932,2.25549292,0.590380673,0.060698315
66.69944843,0.2557589,2.254360318,0.613816132,0.060776976
66.7040871,0.262463924,2.258162623,0.643561137,0.067384506
66.70872577,0.258424753,2.258971623,0.580465672,0.064316724
66.71336444,0.254708715,2.256544621,0.602098403,0.060226348
66.71800311,0.258909453,2.258243523,0.63725159,0.063136808
66.72264178,0.26214079,2.262693027,0.61111204,0.067777811
66.72728045,0.2557589,2.262207627,0.590380673,0.061642248
66.73191912,0.255354983,2.263259328,0.616520223,0.060619654
66.73655779,0.261979223,2.268032433,0.658884321,0.066047268
66.74119646,0.259959638,2.270540336,0.590380673,0.065653962
66.74583513,0.255031849,2.268356033,0.605703858,0.060226348
66.7504738,0.257697702,2.268113333,0.630942044,0.061956892
66.75511247,0.263352541,2.271592037,0.630942044,0.067935134
66.75975114,0.257051435,2.269407734,0.583169763,0.06258618
66.76438981,0.2557589,2.266171731,0.604802494,0.060069026
66.76902848,0.261252172,2.267142532,0.646265228,0.064552707
66.77366715,0.261575306,2.268760534,0.593084765,0.066676556
66.77830582,0.25600125,2.263582928,0.593084765,0.060776976
66.78294449,0.257293785,2.260589625,0.613816132,0.06109162
66.78758316,0.263514108,2.261641326,0.636350226,0.067305845
66.79222183,0.25882867,2.259295224,0.573254762,0.063766097
66.7968605,0.2557589,2.25533112,0.595788856,0.059990365
66.80149917,0.260525122,2.255250219,0.633646135,0.063136808
66.80613784,0.264079592,2.258000822,0.60390113,0.067541828
66.81077651,0.257940052,2.254926619,0.583169763,0.061248942
66.81541518,0.258101619,2.252661417,0.602999766,0.06038367
66.82005385,0.265372127,2.257272722,0.646265228,0.066283251
66.82469252,0.263433325,2.260913225,0.581367036,0.065339318
66.82933119,0.259878854,2.259780624,0.602098403,0.060147687
66.83396986,0.263352541,2.262288527,0.635448863,0.06179957
66.83860853,0.26876503,2.268760534,0.630942044,0.067777811
66.8432472,0.263029408,2.270702136,0.590380673,0.062428858
66.84788587,0.262221573,2.27450444,0.620125678,0.059990365
66.85252454,0.26852268,2.286315852,0.675108869,0.064710029
66.85716321,0.269007381,2.300230667,0.628237952,0.066440573
66.86180188,0.263998809,2.306864474,0.635448863,0.060698315
66.86644055,0.265856827,2.309776877,0.649870683,0.060934298
66.87107922,0.271915584,2.313902782,0.661588412,0.067227184
66.87571789,0.266422311,2.313012881,0.594887492,0.063766097
66.88035656,0.263190974,2.309695977,0.616520223,0.060305009
66.88499523,0.267957196,2.310990379,0.652574774,0.06329413
66.8896339,0.270380699,2.314792683,0.615618859,0.067384506
66.89427257,0.263756458,2.310909478,0.59669022,0.061248942
66.89891124,0.263352541,2.307673475,0.614717496,0.060619654
66.90354991,0.269734431,2.309938677,0.653476138,0.066519234
66.90818858,0.266422311,2.309776877,0.584972491,0.064788691
66.91282725,0.261736873,2.306945374,0.604802494,0.060305009
66.91746592,0.264725859,2.307188075,0.635448863,0.062035553
66.92210459,0.269653648,2.310828578,0.627336589,0.06769915
66.92674326,0.263271758,2.308320676,0.584972491,0.061956892
66.93138193,0.262060007,2.303871171,0.605703858,0.059911704
66.9360206,0.26803798,2.30338577,0.648969319,0.065260657
66.94065927,0.267391712,2.30322397,0.587676582,0.066676556
66.94529794,0.261656089,2.297803665,0.593986129,0.060540992
66.94993661,0.263110191,2.294891261,0.618322951,0.061484925
66.95457528,0.268926597,2.296266563,0.634547499,0.067620489
66.95921395,0.263110191,2.292868759,0.575958853,0.063608774
66.96385262,0.260444338,2.288338355,0.598492948,0.059990365
66.96849129,0.265048993,2.286801253,0.636350226,0.06400208
66.97312996,0.266422311,2.287367554,0.594887492,0.067463167
66.97776863,0.259798071,2.282028148,0.583169763,0.061327603
66.9824073,0.259555721,2.278630344,0.60390113,0.060776976
66.98704597,0.266341528,2.278873044,0.640857045,0.06691254
66.99168464,0.262544707,2.276446042,0.574156125,0.064946013
66.99632331,0.258020836,2.271753837,0.595788856,0.060226348
67.00096198,0.261332956,2.270863936,0.629139316,0.06258618
67.00560065,0.26521056,2.272562838,0.614717496,0.068013795
67.01023932,0.25858632,2.269165034,0.580465672,0.062192875
67.01487799,0.257697702,2.266009931,0.601197039,0.060226348
67.01951666,0.263756458,2.267870633,0.646265228,0.065417979
67.02415533,0.26189844,2.269488635,0.584071127,0.066361912
67.028794,0.256970651,2.267385232,0.59669022,0.060776976
67.03343267,0.258990237,2.268032433,0.62282977,0.061720909
67.03807134,0.265048993,2.27434264,0.634547499,0.068328439
67.04271001,0.25931337,2.275475241,0.581367036,0.063766097
67.04734868,0.256809084,2.274019039,0.604802494,0.060855637
67.05198735,0.26189844,2.275960641,0.6444625,0.064474046
67.05662602,0.263675675,2.277983144,0.598492948,0.068092456
67.06126469,0.257374568,2.273938139,0.588577946,0.062271536
67.06590336,0.257616918,2.271511137,0.608407949,0.061878231
67.07054203,0.264160375,2.272805538,0.639955681,0.067935134
67.0751807,0.259959638,2.271187536,0.572353398,0.065417979
67.07981937,0.2557589,2.26536273,0.592183401,0.061248942
67.08445804,0.259798071,2.263421128,0.625533861,0.063687435
67.08909671,0.263756458,2.264472829,0.604802494,0.068721744
67.09373538,0.256647517,2.259780624,0.573254762,0.062664841
67.09837405,0.255031849,2.25541202,0.593986129,0.061327603
67.10301272,0.261817656,2.255250219,0.63725159,0.066519234
67.10765139,0.260040421,2.253794018,0.572353398,0.066597895
67.11229006,0.254547149,2.249182713,0.584972491,0.061327603
67.11692873,0.256566734,2.247402911,0.612914768,0.062271536
67.1215674,0.261979223,2.248050112,0.619224315,0.068564422
67.12620607,0.2557589,2.244328708,0.567846579,0.063766097
67.13084474,0.253658531,2.239717403,0.58947931,0.060855637
67.13548341,0.258990237,2.239798303,0.633646135,0.064946013
67.14012208,0.259959638,2.240364604,0.584071127,0.067305845
67.14476075,0.253658531,2.235995999,0.579564308,0.061327603
67.14939942,0.254466365,2.233488096,0.602098403,0.061170281
67.15403809,0.261009822,2.235753299,0.631843407,0.06769915
67.15867676,0.256162817,2.234377997,0.567846579,0.064867352
67.16331543,0.252204429,2.229847592,0.588577946,0.060619654
67.1679541,0.256485951,2.229281292,0.625533861,0.06329413
67.17259277,0.259717287,2.232355495,0.602098403,0.068171117
67.17723144,0.253496964,2.230656593,0.576860217,0.062114214
67.18187011,0.252608346,2.228876791,0.597591584,0.060698315
67.18650878,0.259394154,2.231141994,0.641758409,0.066361912
67.19114745,0.257051435,2.232193695,0.574156125,0.06620459
67.19578612,0.252123646,2.228553191,0.588577946,0.060855637
67.20042479,0.254870282,2.22790599,0.616520223,0.062035553
67.20506346,0.260201988,2.230899294,0.617421587,0.068171117
67.20970213,0.253335397,2.228391391,0.569649307,0.062979486
67.2143408,0.251558162,2.225074487,0.592183401,0.060305009
67.21897947,0.257374568,2.226368889,0.635448863,0.064788691
67.22361814,0.257536135,2.228067791,0.582268399,0.067305845
67.22825681,0.251962079,2.224265487,0.583169763,0.06109162
67.23289548,0.25293148,2.222404785,0.605703858,0.061248942
67.23753415,0.259232587,2.224912687,0.630942044,0.067463167
67.24217282,0.254547149,2.224265487,0.567846579,0.064238063
67.24681149,0.251396595,2.221757584,0.591282037,0.060776976
67.25145016,0.255920467,2.222647485,0.628237952,0.063530113
67.25608883,0.259232587,2.225640788,0.598492948,0.067935134
67.2607275,0.25244678,2.222971085,0.578662944,0.061563586
67.26536617,0.252285213,2.222081184,0.599394311,0.060855637
67.27000484,0.25858632,2.225398088,0.641758409,0.066597895
67.27464351,0.256082034,2.226692489,0.575057489,0.065732623
67.27928218,0.251315812,2.223860986,0.592183401,0.06038367
67.28392085,0.254385582,2.223941886,0.621928406,0.062350197
67.28855952,0.259555721,2.22725879,0.617421587,0.067856472
67.29319819,0.25293148,2.225883488,0.574156125,0.062664841
67.29783686,0.251558162,2.224346387,0.59669022,0.060305009
67.30247553,0.257374568,2.226611589,0.640857045,0.065024674
67.3071142,0.256809084,2.228553191,0.584071127,0.066597895
67.31175287,0.251396595,2.226854289,0.58947931,0.060698315
67.31639154,0.25317383,2.22766329,0.615618859,0.061484925
67.32103021,0.259636504,2.233245396,0.63725159,0.067384506
67.32566888,0.254224015,2.234297097,0.576860217,0.063844758
67.33030755,0.251396595,2.232517295,0.597591584,0.060147687
67.33494622,0.2562436,2.232517295,0.634547499,0.063766097
67.33958489,0.25858632,2.234782498,0.598492948,0.067620489
67.34422356,0.252608346,2.231222894,0.580465672,0.061327603
67.34886223,0.25293148,2.227986891,0.600295675,0.060698315
67.3535009,0.259394154,2.230494793,0.639054318,0.066676556
67.35813957,0.256082034,2.230980194,0.57055067,0.064946013
67.36277824,0.251396595,2.22733969,0.58947931,0.060462331
67.36741691,0.254547149,2.226935189,0.621027042,0.062350197
67.37205558,0.259474937,2.229928493,0.612013404,0.068092456
67.37669425,0.252769913,2.22766329,0.574156125,0.062114214
67.38133292,0.251638945,2.225155388,0.594887492,0.060540992
67.38597159,0.257859269,2.22742059,0.639955681,0.065653962
67.39061026,0.256970651,2.229281292,0.580465672,0.06691254
67.39524893,0.251719729,2.226935189,0.588577946,0.060776976
67.3998876,0.253012264,2.226935189,0.613816132,0.061563586
67.40452627,0.259636504,2.230575693,0.63004068,0.067935134
67.40916494,0.253820098,2.229443092,0.573254762,0.063451452
67.41380361,0.251396595,2.22742059,0.595788856,0.06038367
67.41844228,0.256082034,2.229362192,0.635448863,0.064080741
67.42308095,0.25858632,2.232031895,0.593986129,0.067541828
67.42771962,0.25244678,2.228553191,0.582268399,0.061248942
67.43235829,0.252769913,2.225802588,0.602098403,0.061170281
67.43699696,0.25907102,2.228553191,0.639054318,0.066991201
67.44163563,0.25551655,2.228229591,0.57055067,0.064946013
67.4462743,0.251477379,2.224993587,0.591282037,0.060462331
67.45091297,0.255031849,2.225802588,0.624632497,0.062979486
67.45555164,0.259232587,2.229200392,0.609309313,0.068092456
67.46019031,0.25268913,2.22717789,0.575958853,0.061956892
67.46482898,0.251638945,2.224993587,0.597591584,0.060619654
67.46946765,0.258343969,2.228148691,0.641758409,0.065968607
67.47410632,0.257293785,2.229766692,0.580465672,0.066361912
67.47874499,0.251881296,2.22725879,0.590380673,0.060855637
67.48338366,0.253739314,2.226935189,0.616520223,0.062035553
67.48802233,0.259798071,2.230656593,0.627336589,0.068171117
67.492661,0.254062448,2.230332993,0.574156125,0.063608774
67.49729967,0.251881296,2.228067791,0.597591584,0.060540992
67.50193834,0.257213001,2.230009393,0.639054318,0.064474046
67.50657701,0.258424753,2.232517295,0.593986129,0.067777811
67.51121568,0.251962079,2.230009393,0.585873855,0.061248942
67.51585435,0.252769913,2.229281292,0.606605222,0.061012959
67.52049302,0.259394154,2.231950995,0.639054318,0.067305845
67.52513169,0.255435766,2.231870095,0.574156125,0.064316724
67.52977036,0.251962079,2.228876791,0.595788856,0.060069026
67.53440903,0.255920467,2.229038592,0.63004068,0.062822164
67.5390477,0.260121204,2.231627394,0.608407949,0.068092456
67.54368637,0.253739314,2.229038592,0.577761581,0.062192875
67.54832504,0.253012264,2.22717789,0.599394311,0.060619654
67.55296371,0.259717287,2.229766692,0.643561137,0.065732623
67.55760238,0.258182402,2.232112795,0.578662944,0.065732623
67.56224105,0.252769913,2.230413893,0.593084765,0.060147687
67.56687972,0.255274199,2.231222894,0.621027042,0.061563586
67.57151839,0.261332956,2.235915099,0.628237952,0.06769915
67.57615706,0.255435766,2.2370477,0.579564308,0.06258618
67.58079573,0.253335397,2.238099401,0.60390113,0.059911704
67.5854344,0.259151803,2.243762407,0.646265228,0.064395385
67.59007307,0.260605905,2.248373712,0.597591584,0.066991201
67.59471174,0.254708715,2.248373712,0.593986129,0.060698315
67.59935041,0.255839683,2.251205215,0.616520223,0.060698315
67.60398908,0.26238314,2.258728923,0.647166592,0.067227184
67.60862775,0.258424753,2.262207627,0.584071127,0.064395385
67.61326642,0.254870282,2.263097528,0.606605222,0.060147687
67.61790509,0.258990237,2.26560543,0.639955681,0.062979486
67.62254376,0.262706274,2.269731335,0.612914768,0.067856472
67.62718243,0.256324384,2.266899832,0.586775218,0.061956892
67.6318211,0.2557589,2.264311029,0.605703858,0.060305009
67.63645977,0.262221573,2.26544363,0.648067956,0.065968607
67.64109844,0.259798071,2.265686331,0.578662944,0.065811284
67.64573711,0.254870282,2.261884026,0.593084765,0.060462331
67.65037578,0.257536135,2.260104225,0.621027042,0.062271536
67.65501445,0.263110191,2.262693027,0.621928406,0.068013795
67.65965312,0.257213001,2.260913225,0.575057489,0.062979486
67.66429179,0.255435766,2.258000822,0.597591584,0.060069026
67.66893046,0.260767472,2.259699724,0.641758409,0.064316724
67.67356913,0.261979223,2.262045827,0.588577946,0.066676556
67.6782078,0.255920467,2.260104225,0.588577946,0.060462331
67.68284647,0.257455352,2.259618824,0.612914768,0.060619654
67.68748514,0.264483509,2.263097528,0.639054318,0.067069862
67.69212381,0.259959638,2.262126727,0.575958853,0.063766097
67.69676248,0.256647517,2.258890723,0.598492948,0.059990365
67.70140115,0.261494523,2.259295224,0.635448863,0.063136808
67.70603982,0.264887426,2.262045827,0.606605222,0.066991201
67.71067849,0.25882867,2.259942424,0.585873855,0.060776976
67.71531716,0.258909453,2.258486223,0.607506585,0.060226348
67.71995583,0.266341528,2.261560426,0.648969319,0.065968607
67.7245945,0.264079592,2.262773927,0.580465672,0.065103335
67.72923317,0.260525122,2.259618824,0.601197039,0.060069026
67.73387184,0.263514108,2.260913225,0.631843407,0.061720909
67.73851051,0.269088164,2.266738032,0.630942044,0.067620489
67.74314918,0.263110191,2.267142532,0.587676582,0.062428858
67.74778785,0.26238314,2.266980732,0.608407949,0.059990365
67.75242652,0.268199546,2.270621236,0.652574774,0.064552707
67.75706519,0.268118763,2.273776339,0.593986129,0.066125929
67.76170386,0.26214079,2.272643738,0.597591584,0.060069026
67.76634253,0.263433325,2.272805538,0.619224315,0.060698315
67.7709812,0.269492081,2.275879741,0.639054318,0.06691254
67.77561987,0.264321942,2.275394341,0.578662944,0.063215469
67.78025854,0.261171389,2.274019039,0.601197039,0.059754382
67.78489721,0.26569526,2.275960641,0.639054318,0.063215469
67.78953588,0.26852268,2.278549444,0.602098403,0.067227184
67.79417455,0.261413739,2.27507074,0.584071127,0.060698315
67.79881322,0.261009822,2.272805538,0.604802494,0.060462331
67.80345189,0.268199546,2.27498984,0.645363864,0.066125929
67.80809056,0.264160375,2.275556141,0.576860217,0.064631368
67.81272923,0.259474937,2.272481938,0.595788856,0.059990365
67.8173679,0.262706274,2.272077437,0.627336589,0.062035553
67.82200657,0.267310929,2.27490894,0.617421587,0.067777811
67.82664524,0.260525122,2.272320138,0.578662944,0.061878231
67.83128391,0.25931337,2.269974035,0.600295675,0.059675721
67.83592258,0.265856827,2.271915637,0.645363864,0.064631368
67.84056125,0.264725859,2.273210038,0.584972491,0.065889946
67.84519992,0.258990237,2.269326834,0.593084765,0.060147687
67.84983859,0.260282771,2.267142532,0.617421587,0.060540992
67.85447726,0.266260744,2.270135835,0.633646135,0.066991201
67.85911593,0.261171389,2.268679634,0.577761581,0.062979486
67.8637546,0.258424753,2.266414431,0.604802494,0.059518399
67.86839327,0.263433325,2.271025736,0.657081593,0.06329413
67.87303194,0.26569526,2.281138247,0.645363864,0.066676556
67.87767061,0.259717287,2.285992252,0.643561137,0.060619654
67.88230928,0.260282771,2.287529354,0.654377502,0.060069026
67.88694795,0.266099177,2.291574358,0.678714324,0.066283251
67.89158662,0.262787057,2.291169858,0.602999766,0.064316724
67.89622529,0.258505536,2.287205753,0.616520223,0.059675721
67.90086396,0.261656089,2.286882153,0.645363864,0.062035553
67.90550263,0.265614477,2.290603557,0.627336589,0.067148523
67.9101413,0.259394154,2.288581055,0.591282037,0.061563586
67.91477997,0.258263186,2.287529354,0.610210677,0.059833043
67.91941864,0.264321942,2.292140659,0.654377502,0.064788691
67.92405731,0.262948624,2.296266563,0.593084765,0.065653962
67.92869598,0.257455352,2.295619362,0.604802494,0.060069026
67.93333465,0.259959638,2.298289065,0.630942044,0.061012959
67.93797332,0.265533694,2.305731873,0.643561137,0.067148523
67.94261199,0.260040421,2.308886976,0.58947931,0.062979486
67.94725066,0.257697702,2.309857777,0.612013404,0.059675721
67.95188933,0.262867841,2.314064582,0.653476138,0.063530113
67.956528,0.264564293,2.318918587,0.608407949,0.066597895
67.96116667,0.258424753,2.316815185,0.599394311,0.060462331
67.96580534,0.258909453,2.314873583,0.618322951,0.059990365
67.97044401,0.265856827,2.317785986,0.650772047,0.066283251
67.97508268,0.261494523,2.316329784,0.583169763,0.06400208
67.97972135,0.257778485,2.311394879,0.601197039,0.059990365
67.98436002,0.261413739,2.309776877,0.635448863,0.062192875
67.98899869,0.264806643,2.310909478,0.613816132,0.066991201
67.99363736,0.258424753,2.306783574,0.583169763,0.06109162
67.99827603,0.257940052,2.304113871,0.60390113,0.059833043
68.0029147,0.263675675,2.304680172,0.648067956,0.065339318
68.00755337,0.262221573,2.304113871,0.582268399,0.065181996
68.01219204,0.257132218,2.300392467,0.593986129,0.059754382
68.01683071,0.259555721,2.298936266,0.621027042,0.06109162
68.02146938,0.265533694,2.301039668,0.627336589,0.067305845
68.02610805,0.25931337,2.299178966,0.577761581,0.06258618
68.03074672,0.257051435,2.295700262,0.600295675,0.059754382
68.03538539,0.262463924,2.296347463,0.642659773,0.063923419
68.04002406,0.263352541,2.298450865,0.593084765,0.06620459
68.04466273,0.257616918,2.295376662,0.588577946,0.060069026
68.0493014,0.258343969,2.294163161,0.612013404,0.06038367
68.05394007,0.264887426,2.297641864,0.640857045,0.066676556
68.05857874,0.260686688,2.297722764,0.575958853,0.063530113
68.06321741,0.257374568,2.295295762,0.597591584,0.059518399
68.06785608,0.261252172,2.295700262,0.633646135,0.062192875
68.07249475,0.26496821,2.298531765,0.607506585,0.066991201
68.07713342,0.258747886,2.295700262,0.583169763,0.060855637
68.08177209,0.258343969,2.294405861,0.60390113,0.059911704
68.08641076,0.264806643,2.296428363,0.648067956,0.065417979
68.09104943,0.262544707,2.296266563,0.580465672,0.065024674
68.0956881,0.257859269,2.292383359,0.59669022,0.059675721
68.10032677,0.260525122,2.291088957,0.624632497,0.061012959
68.10496544,0.265291343,2.292868759,0.625533861,0.067305845
68.10960411,0.259232587,2.289632756,0.577761581,0.061878231
68.11424278,0.257132218,2.287043953,0.600295675,0.059361076
68.11888145,0.263029408,2.287691154,0.643561137,0.063923419
68.12352012,0.263837242,2.288742855,0.592183401,0.066283251
68.12815879,0.258263186,2.284940551,0.591282037,0.060226348
68.13279746,0.258909453,2.282918049,0.613816132,0.060305009
68.13743613,0.265129776,2.285264151,0.638152954,0.066755217
68.1420748,0.260363555,2.28445515,0.575057489,0.063136808
68.14671347,0.257374568,2.280571946,0.59669022,0.059911704
68.15135214,0.261575306,2.279196645,0.633646135,0.062664841
68.15599081,0.264321942,2.280571946,0.602098403,0.06691254
68.16062948,0.257213001,2.276203342,0.580465672,0.061012959
68.16526815,0.257374568,2.272481938,0.601197039,0.059990365
68.16990682,0.263998809,2.273857239,0.643561137,0.065811284
68.17454549,0.260929039,2.273290939,0.575057489,0.065024674
68.17918416,0.256485951,2.269084134,0.592183401,0.059911704
68.18382283,0.25931337,2.266818932,0.621928406,0.061642248
68.1884615,0.264160375,2.269003234,0.617421587,0.067384506
68.19310017,0.258182402,2.266576231,0.573254762,0.061878231
68.19773884,0.256485951,2.263340228,0.59669022,0.059675721
68.20237751,0.262221573,2.264149229,0.640857045,0.064238063
68.20701618,0.262787057,2.26560543,0.584972491,0.065811284
68.21165485,0.256728301,2.261560426,0.58947931,0.05959706
68.21629352,0.258505536,2.260670525,0.614717496,0.060462331
68.22093219,0.265291343,2.26536273,0.638152954,0.066676556
68.22557086,0.260444338,2.267061632,0.580465672,0.062822164
68.23020953,0.257859269,2.266818932,0.605703858,0.059675721
68.2348482,0.262787057,2.269084134,0.645363864,0.062743503
68.23948687,0.265291343,2.272401038,0.608407949,0.066676556
68.24412554,0.258909453,2.269488635,0.590380673,0.060226348
68.24876421,0.258990237,2.267466132,0.609309313,0.059675721
68.25340288,0.266018394,2.270216735,0.647166592,0.065653962
68.25804155,0.262544707,2.270378535,0.578662944,0.064238063
68.26268022,0.258182402,2.267708833,0.598492948,0.059518399
68.26731889,0.261575306,2.268922334,0.630942044,0.061406264
68.27195756,0.266422311,2.27466624,0.624632497,0.066755217
68.27659623,0.260121204,2.275717941,0.588577946,0.061327603
68.2812349,0.258263186,2.275960641,0.610210677,0.059125093
68.28587357,0.264725859,2.279843846,0.653476138,0.064710029
68.29051224,0.264321942,2.282594448,0.592183401,0.066440573
68.29515091,0.258747886,2.280005646,0.598492948,0.060776976
68.29978958,0.260282771,2.279520245,0.621928406,0.061327603
68.30442825,0.266422311,2.282432648,0.636350226,0.067541828
68.30906692,0.261090605,2.281380947,0.578662944,0.063372791
68.31370559,0.258424753,2.278064044,0.600295675,0.059990365
68.31834426,0.263433325,2.279196645,0.640857045,0.063451452
68.32298293,0.26496821,2.281704547,0.599394311,0.066991201
68.3276216,0.258909453,2.278873044,0.588577946,0.060934298
68.33226027,0.25907102,2.277012343,0.610210677,0.060147687
68.33689894,0.265776044,2.280086546,0.647166592,0.066676556
68.34153761,0.261979223,2.280814647,0.582268399,0.064316724
68.34617628,0.258101619,2.278144944,0.602999766,0.059754382
68.35081495,0.261575306,2.278387644,0.635448863,0.062114214
68.35545362,0.265614477,2.280733746,0.618322951,0.067227184
68.36009229,0.259474937,2.277740443,0.584071127,0.061484925
68.36473096,0.258424753,2.27418084,0.60390113,0.059911704
68.36936963,0.264241159,2.27466624,0.646265228,0.065024674
68.3740083,0.262787057,2.27418084,0.582268399,0.065653962
68.37864697,0.257213001,2.268598734,0.590380673,0.059911704
68.38328564,0.25882867,2.26479643,0.614717496,0.060855637
68.38792431,0.264645076,2.265686331,0.624632497,0.067069862
68.39256298,0.25858632,2.262045827,0.569649307,0.062271536
68.39720165,0.255920467,2.257110921,0.591282037,0.059361076
68.40184032,0.261413739,2.25573562,0.631843407,0.063766097
68.40647899,0.26238314,2.256301921,0.586775218,0.066597895
68.41111766,0.2557589,2.251043415,0.578662944,0.060540992
68.41575633,0.256889868,2.246998411,0.599394311,0.059990365
68.420395,0.263352541,2.247888312,0.631843407,0.06620459
68.42503367,0.259151803,2.24643211,0.566043851,0.063687435
68.42967234,0.254951066,2.241578105,0.588577946,0.059125093
68.43431101,0.25858632,2.240688204,0.621027042,0.061878231
68.43894968,0.26238314,2.242548906,0.601197039,0.067069862
68.44358835,0.2557589,2.238342102,0.571452034,0.060934298
68.44822702,0.254708715,2.234539797,0.592183401,0.059282415
68.45286569,0.260929039,2.235834199,0.63725159,0.065024674
68.45750436,0.259474937,2.236157799,0.572353398,0.065024674
68.46214303,0.254466365,2.232274595,0.585873855,0.059518399
68.4667817,0.256324384,2.231627394,0.613816132,0.060698315
68.47142037,0.261979223,2.235186998,0.621027042,0.066676556
68.47605904,0.256405167,2.233892597,0.571452034,0.061720909
68.48069771,0.254062448,2.232355495,0.594887492,0.059125093
68.48533638,0.259717287,2.235348798,0.639054318,0.063451452
68.48997505,0.260605905,2.239960103,0.592183401,0.065811284
68.49461372,0.254870282,2.240121903,0.593084765,0.059518399
68.49925239,0.255920467,2.241901705,0.616520223,0.059518399
68.50389106,0.263271758,2.249344513,0.646265228,0.065732623
68.50852973,0.258990237,2.253308617,0.582268399,0.062743503
68.5131684,0.255839683,2.254522119,0.604802494,0.05888911
68.51780707,0.260040421,2.258728923,0.639955681,0.06179957
68.52244574,0.263756458,2.263663828,0.612914768,0.066361912
68.52708441,0.257778485,2.262045827,0.585873855,0.060226348
68.53172308,0.257132218,2.259942424,0.60390113,0.059125093
68.53636175,0.263998809,2.261964927,0.646265228,0.064552707
68.54100042,0.261817656,2.262369427,0.578662944,0.064159402
68.54563909,0.257051435,2.259052523,0.593986129,0.05888911
68.55027776,0.259555721,2.258081722,0.621928406,0.06038367
68.55491643,0.26521056,2.261722226,0.624632497,0.066361912
68.5595551,0.25907102,2.259780624,0.576860217,0.061406264
68.56419377,0.257455352,2.257839022,0.600295675,0.058967771
68.56883244,0.26262549,2.260104225,0.643561137,0.063451452
68.57347111,0.263271758,2.262045827,0.58947931,0.065339318
68.57810978,0.257051435,2.258405323,0.588577946,0.059518399
68.58274845,0.258101619,2.256868221,0.61111204,0.05959706
68.58738712,0.264725859,2.259133424,0.635448863,0.065811284
68.59202579,0.259798071,2.258567123,0.574156125,0.062428858
68.59666446,0.256162817,2.25549292,0.595788856,0.058574466
68.60130313,0.259959638,2.255007519,0.634547499,0.061878231
68.6059418,0.263433325,2.257758122,0.605703858,0.06620459
68.61058047,0.257132218,2.257596322,0.586775218,0.060305009
68.61521914,0.256647517,2.258567123,0.609309313,0.059203754
68.61985781,0.263514108,2.263906529,0.650772047,0.065181996
68.62449648,0.260848255,2.266495331,0.582268399,0.064238063
68.62913515,0.2562436,2.264391929,0.597591584,0.059125093
68.63377382,0.25907102,2.263259328,0.624632497,0.060540992
68.63841249,0.263918025,2.265686331,0.620125678,0.066755217
68.64305116,0.257374568,2.262935728,0.575958853,0.061563586
68.64768983,0.255597333,2.259133424,0.59669022,0.059675721
68.6523285,0.261575306,2.258728923,0.639955681,0.06400208
68.65696717,0.261009822,2.258567123,0.582268399,0.065811284
68.66160584,0.255597333,2.253470418,0.584972491,0.059675721
68.66624451,0.256970651,2.249910814,0.607506585,0.060226348
68.67088318,0.263433325,2.250881615,0.628237952,0.066283251
68.67552185,0.257616918,2.248211912,0.567846579,0.062822164
68.68016052,0.254143231,2.242629806,0.590380673,0.059361076
68.68479919,0.258909453,2.241901705,0.629139316,0.062822164
68.68943786,0.261494523,2.242629806,0.593084765,0.066991201
68.69407653,0.254708715,2.2372095,0.576860217,0.060934298
68.6987152,0.254143231,2.233326296,0.597591584,0.06038367
68.70335387,0.261090605,2.234377997,0.635448863,0.066676556
68.70799254,0.257859269,2.232598195,0.567846579,0.065103335
68.71263121,0.253577748,2.22766329,0.586775218,0.06038367
68.71726988,0.256405167,2.225317188,0.617421587,0.06258618
68.72190855,0.261009822,2.226530689,0.608407949,0.06769915
68.72654722,0.254547149,2.223132885,0.567846579,0.062350197
68.73118589,0.253335397,2.219492382,0.588577946,0.060462331
68.73582456,0.259394154,2.220624983,0.634547499,0.065103335
68.74046323,0.258747886,2.222242984,0.575958853,0.066125929
68.7451019,0.25317383,2.218845181,0.584972491,0.06038367
68.74974057,0.255031849,2.21763168,0.610210677,0.060855637
68.75437924,0.261252172,2.221110383,0.627336589,0.067227184
68.75901791,0.2557589,2.220463183,0.57055067,0.063136808
68.76365658,0.253254614,2.218926081,0.593986129,0.059833043
68.76829525,0.258182402,2.219654182,0.634547499,0.063372791
68.77293392,0.260686688,2.221676684,0.593084765,0.066833878
68.77757259,0.254143231,2.21779348,0.580465672,0.06109162
68.78221126,0.254708715,2.216256378,0.601197039,0.060226348
68.78684993,0.261332956,2.219168781,0.638152954,0.06620459
68.7914886,0.257697702,2.21827888,0.57055067,0.064080741
68.79612727,0.254143231,2.214557476,0.591282037,0.059518399
68.80076594,0.257940052,2.213991176,0.624632497,0.06179957
68.80540461,0.262463924,2.215932778,0.609309313,0.067305845
68.81004328,0.256324384,2.212939475,0.575057489,0.061327603
68.81468195,0.256647517,2.210512472,0.59669022,0.059833043
68.81932062,0.263594891,2.211402373,0.641758409,0.064946013
68.82395929,0.263675675,2.212211374,0.577761581,0.06549664
68.82859796,0.260605905,2.20840907,0.58947931,0.060226348
68.83323663,0.263110191,2.207033768,0.614717496,0.060776976
68.8378753,0.270461482,2.20905627,0.626435225,0.067069862
68.84251397,0.26545291,2.207357369,0.572353398,0.062507519
68.84715264,0.263271758,2.204768566,0.594887492,0.059518399
68.85179131,0.268361113,2.206305668,0.63725159,0.062979486
68.85642998,0.270219132,2.20905627,0.593986129,0.066047268
68.86106865,0.264483509,2.206952868,0.585873855,0.060147687
68.86570732,0.264564293,2.206791068,0.606605222,0.060147687
68.87034599,0.270542266,2.210836072,0.639955681,0.066283251
68.87498466,0.266422311,2.211887773,0.573254762,0.063687435
68.87962333,0.262463924,2.209460771,0.593986129,0.059439737
68.884262,0.266018394,2.210107972,0.627336589,0.062035553
68.88890067,0.269734431,2.213343975,0.607506585,0.066991201
68.89353934,0.263271758,2.212292274,0.578662944,0.060776976
68.89817801,0.262463924,2.211321473,0.599394311,0.059046432
68.90281668,0.26876503,2.215285577,0.6444625,0.064552707
68.90745535,0.266907012,2.218926081,0.579564308,0.064867352
68.91209402,0.26214079,2.218845181,0.594887492,0.059361076
68.91673269,0.264483509,2.222485685,0.625533861,0.060305009
68.92137136,0.270380699,2.229766692,0.633646135,0.066597895
68.92601003,0.26496821,2.233245396,0.583169763,0.061406264
68.9306487,0.262948624,2.236076899,0.606605222,0.059125093
68.93528737,0.268603463,2.240850004,0.649870683,0.063372791
68.93992604,0.270219132,2.246998411,0.600295675,0.065811284
68.94456471,0.263433325,2.248131012,0.59669022,0.05959706
68.94920338,0.264160375,2.249668114,0.619224315,0.059439737
68.95384205,0.270946183,2.254683919,0.647166592,0.065968607
68.95848072,0.266018394,2.254926619,0.580465672,0.063372791
68.96311939,0.262302357,2.251852416,0.602098403,0.059282415
68.96775806,0.265776044,2.251690616,0.636350226,0.062035553
68.97239673,0.268926597,2.254764819,0.61111204,0.066755217
68.9770354,0.26214079,2.253632218,0.584972491,0.060619654
68.98167407,0.261171389,2.252418716,0.605703858,0.059125093
68.98631274,0.267310929,2.256625521,0.648969319,0.064788691
68.99095141,0.264402726,2.259295224,0.582268399,0.064474046
68.99559008,0.259878854,2.258728923,0.601197039,0.059361076
69.00022875,0.26262549,2.261398626,0.635448863,0.060698315
69.00486742,0.267795629,2.267627933,0.641758409,0.066676556
69.00950609,0.261575306,2.268922334,0.594887492,0.061170281
69.01414476,0.260040421,2.269569535,0.616520223,0.058731788
69.01878343,0.265372127,2.276203342,0.659785685,0.063058147
69.0234221,0.266018394,2.28396975,0.607506585,0.065339318
69.02806077,0.260363555,2.287205753,0.61111204,0.059518399
69.03269944,0.262060007,2.297318264,0.642659773,0.059282415
69.03733811,0.270299915,2.318271386,0.680517052,0.065732623
69.04197678,0.26852268,2.341732411,0.635448863,0.062664841
69.04661545,0.268118763,2.370371042,0.678714324,0.059046432
69.05125412,0.275308487,2.405400779,0.73009206,0.062192875
69.05589279,0.279832359,2.435414711,0.700347055,0.066597895
69.06053146,0.273854386,2.449734026,0.667897959,0.060619654
69.06517013,0.273692819,2.455720632,0.674207505,0.059911704
69.0698088,0.279993926,2.461545438,0.703051146,0.065653962
69.07444747,0.276601022,2.462192639,0.62282977,0.065103335
69.07908614,0.271673233,2.457985834,0.631843407,0.059990365
69.08372481,0.273531252,2.456206033,0.655278866,0.06109162
69.08836348,0.27821669,2.456367833,0.6444625,0.066833878
69.09300215,0.2713501,2.449329525,0.593986129,0.061563586
69.09764082,0.269168947,2.440592316,0.61111204,0.059518399
69.10227949,0.274743003,2.437275413,0.652574774,0.064238063
69.10691816,0.273692819,2.434120309,0.593986129,0.065653962
69.11155683,0.267310929,2.424816799,0.59669022,0.059518399
69.1161955,0.267876413,2.419315593,0.619224315,0.060147687
69.12083417,0.273773602,2.417940292,0.639054318,0.066519234
69.12547284,0.268118763,2.412924487,0.578662944,0.062743503
69.13011151,0.265048993,2.405319879,0.601197039,0.059046432
69.13475018,0.268926597,2.402164775,0.639054318,0.062192875
69.13938885,0.270946183,2.400546774,0.602999766,0.066440573
69.14402752,0.264321942,2.392537665,0.584972491,0.060226348
69.14866619,0.263675675,2.385418457,0.604802494,0.059203754
69.15330486,0.269976782,2.383395955,0.643561137,0.064946013
69.15794353,0.266260744,2.379189151,0.574156125,0.063923419
69.1625822,0.261736873,2.371260942,0.593084765,0.058967771
69.16722087,0.264645076,2.366245137,0.624632497,0.061012959
69.17185954,0.269330514,2.365112536,0.614717496,0.066361912
69.17649821,0.26238314,2.35912593,0.574156125,0.060698315
69.18113688,0.260929039,2.351925822,0.595788856,0.059125093
69.18577555,0.266664661,2.34974152,0.640857045,0.063923419
69.19041422,0.265533694,2.346748216,0.579564308,0.065181996
69.19505289,0.259717287,2.339305409,0.586775218,0.059203754
69.19969156,0.260929039,2.335017704,0.61111204,0.059833043
69.20433023,0.266745445,2.334532304,0.628237952,0.066125929
69.2089689,0.261252172,2.3308109,0.57055067,0.062035553
69.21360757,0.258101619,2.325066993,0.593986129,0.058810449
69.21824624,0.262706274,2.322963591,0.634547499,0.062271536
69.22288491,0.264725859,2.323772592,0.593986129,0.065653962
69.22752358,0.258747886,2.319808488,0.583169763,0.059990365
69.23216225,0.25858632,2.318514087,0.605703858,0.059046432
69.23680092,0.26521056,2.320860189,0.6444625,0.065260657
69.24143959,0.261656089,2.32134559,0.582268399,0.06329413
69.24607826,0.258263186,2.320860189,0.608407949,0.058967771
69.25071693,0.26238314,2.326765895,0.657081593,0.060855637
69.2553556,0.266987795,2.34019531,0.673306141,0.066440573
69.25999427,0.260767472,2.348932519,0.648969319,0.060540992
69.26463294,0.260040421,2.353058423,0.657982957,0.058810449
69.26927161,0.266664661,2.361957433,0.693136145,0.064080741
69.27391028,0.26545291,2.36899574,0.620125678,0.064788691
69.27854895,0.260767472,2.371180042,0.621928406,0.058731788
69.28318762,0.262787057,2.374335146,0.640857045,0.059990365
69.28782629,0.268845814,2.380807153,0.647166592,0.066047268
69.29246496,0.263190974,2.382020654,0.588577946,0.061563586
69.29710363,0.260848255,2.381049853,0.609309313,0.058495805
69.3017423,0.266260744,2.383962256,0.648969319,0.062428858
69.30638097,0.26852268,2.38792636,0.60390113,0.065811284
69.31101964,0.262463924,2.38800726,0.594887492,0.059361076
69.31565831,0.263514108,2.389706162,0.615618859,0.059125093
69.32029698,0.270299915,2.394479267,0.647166592,0.065339318
69.32493565,0.266745445,2.396501769,0.581367036,0.063136808
69.32957432,0.263190974,2.394964668,0.602098403,0.058810449
69.33421299,0.267068579,2.396097269,0.635448863,0.06109162
69.33885166,0.271430883,2.399495072,0.614717496,0.066047268
69.34349033,0.265129776,2.39731077,0.583169763,0.060462331
69.348129,0.264079592,2.394317467,0.60390113,0.05888911
69.35276767,0.270703832,2.394317467,0.647166592,0.064395385
69.35740634,0.26876503,2.392861265,0.581367036,0.064316724
69.36204501,0.263029408,2.387198259,0.593986129,0.058731788
69.36668368,0.26545291,2.383962256,0.620125678,0.060147687
69.37132235,0.271107749,2.384366756,0.626435225,0.06620459
69.37596102,0.264806643,2.380240852,0.576860217,0.061248942
69.38059969,0.262302357,2.374658746,0.600295675,0.05888911
69.38523836,0.267714846,2.373849745,0.645363864,0.062743503
69.38987703,0.268441897,2.376438548,0.604802494,0.065732623
69.3945157,0.262302357,2.377571149,0.612914768,0.059361076
69.39915437,0.263352541,2.385984758,0.653476138,0.059439737
69.40379304,0.269330514,2.402488376,0.697642964,0.065417979
69.40843171,0.264806643,2.409364883,0.624632497,0.062507519
69.41307038,0.260929039,2.407342381,0.632744771,0.058653127
69.41770905,0.264564293,2.403863677,0.657982957,0.061406264
69.42234772,0.267876413,2.401598475,0.624632497,0.066283251
69.42698639,0.260767472,2.393265766,0.593986129,0.060147687
69.43162506,0.260040421,2.385822958,0.61111204,0.058731788
69.43626373,0.266422311,2.382263354,0.650772047,0.064552707
69.4409024,0.263918025,2.376519448,0.580465672,0.064159402
69.44554107,0.259151803,2.366649638,0.592183401,0.058653127
69.45017974,0.260848255,2.35961133,0.617421587,0.060226348
69.45481841,0.266422311,2.355485426,0.617421587,0.06620459
69.45945708,0.260282771,2.346910017,0.567846579,0.060934298
69.46409575,0.258343969,2.338011007,0.58947931,0.058495805
69.46873442,0.263756458,2.332752502,0.633646135,0.063058147
69.47337309,0.264321942,2.328950198,0.581367036,0.065181996
69.47801176,0.257940052,2.320941089,0.581367036,0.059125093
69.48265043,0.259151803,2.315278083,0.604802494,0.05959706
69.4872891,0.265291343,2.314388182,0.630942044,0.065811284
69.49192777,0.260525122,2.310585878,0.567846579,0.062350197
69.49656644,0.256970651,2.305165572,0.592183401,0.058653127
69.50120511,0.261332956,2.304841972,0.631843407,0.061642248
69.50584378,0.264564293,2.309695977,0.608407949,0.065811284
69.51048245,0.258263186,2.315682584,0.597591584,0.05959706
69.51512112,0.258263186,2.326280495,0.628237952,0.058653127
69.51975979,0.26545291,2.342379612,0.676911597,0.064316724
69.52439846,0.262706274,2.352573023,0.610210677,0.063608774
69.52903713,0.258182402,2.355242725,0.626435225,0.058495805
69.5336758,0.261171389,2.356941627,0.651673411,0.060147687
69.53831447,0.266018394,2.35904503,0.640857045,0.065575301
69.54295314,0.259717287,2.353948324,0.590380673,0.06038367
69.54759181,0.257536135,2.347799918,0.608407949,0.058023838
69.55223048,0.263837242,2.345534715,0.648067956,0.062822164
69.55686915,0.263110191,2.343997614,0.58947931,0.064552707
69.56150782,0.257293785,2.337121106,0.593084765,0.058967771
69.56614649,0.258990237,2.334855904,0.619224315,0.059439737
69.57078516,0.265372127,2.34084251,0.643561137,0.065653962
69.57542383,0.260363555,2.344321214,0.584972491,0.062114214
69.5800625,0.257778485,2.345615615,0.61111204,0.058731788
69.58470117,0.26262549,2.349417919,0.651673411,0.062035553
69.58933984,0.26521056,2.354757325,0.614717496,0.065968607
69.59397851,0.258909453,2.352006722,0.59669022,0.059439737
69.59861718,0.25882867,2.348608918,0.612013404,0.058731788
69.60325585,0.26521056,2.346910017,0.647166592,0.064710029
69.60789452,0.261575306,2.341408811,0.574156125,0.063372791
69.61253319,0.256970651,2.331943501,0.590380673,0.058574466
69.61717186,0.259636504,2.325309694,0.619224315,0.060540992
69.62181053,0.264321942,2.32207369,0.608407949,0.066125929
69.6264492,0.257455352,2.314064582,0.568747943,0.060540992
69.63108787,0.256324384,2.305812773,0.58947931,0.058417143
69.63572654,0.261979223,2.301525069,0.632744771,0.063844758
69.64036521,0.261252172,2.297318264,0.571452034,0.064710029
69.64500388,0.255112632,2.287852954,0.578662944,0.05888911
69.64964255,0.256405167,2.280733746,0.602098403,0.059518399
69.65428122,0.262463924,2.279034845,0.618322951,0.066047268
69.65891989,0.256889868,2.273533639,0.560635669,0.061878231
69.66355856,0.253820098,2.265929031,0.582268399,0.058731788
69.66819723,0.258667103,2.261075026,0.621928406,0.062035553
69.6728359,0.259959638,2.258405323,0.581367036,0.065653962
69.67747457,0.253739314,2.251286115,0.567846579,0.059518399
69.68211324,0.254062448,2.245299509,0.588577946,0.05888911
69.68675191,0.260525122,2.244733208,0.626435225,0.065181996
69.69139058,0.256485951,2.240850004,0.558832941,0.063136808
69.69602925,0.252123646,2.233568996,0.579564308,0.058653127
69.70066792,0.255274199,2.230009393,0.612013404,0.061012959
69.70530659,0.259474937,2.230737493,0.598492948,0.06620459
69.70994526,0.252769913,2.225964388,0.564241124,0.060226348
69.71458393,0.251881296,2.222242984,0.588577946,0.058574466
69.7192226,0.258263186,2.223294686,0.633646135,0.063687435
69.72386127,0.256728301,2.222971085,0.569649307,0.064552707
69.72849994,0.251881296,2.21795528,0.579564308,0.059203754
69.73313861,0.253335397,2.214881077,0.60390113,0.059833043
69.73777728,0.259151803,2.215366477,0.613816132,0.066125929
69.74241595,0.253093047,2.210674272,0.559734305,0.061327603
69.74705462,0.250346411,2.205496667,0.582268399,0.058338482
69.75169329,0.255354983,2.204768566,0.624632497,0.062192875
69.75633196,0.256889868,2.205092166,0.579564308,0.065181996
69.76097063,0.250669544,2.200157261,0.57055067,0.058731788
69.7656093,0.251073462,2.196516757,0.592183401,0.058417143
69.77024797,0.257697702,2.197487558,0.623731133,0.064631368
69.77488664,0.253093047,2.196274057,0.557931577,0.062271536
69.77952531,0.249134659,2.192229053,0.578662944,0.058023838
69.78416398,0.253093047,2.191177351,0.613816132,0.06038367
69.78880265,0.256485951,2.192714453,0.594887492,0.065575301
69.79344132,0.250023277,2.18964025,0.564241124,0.05959706
69.79807999,0.248811526,2.186727847,0.585873855,0.05818116
69.80271866,0.25551655,2.188750349,0.63004068,0.063766097
69.80735733,0.253739314,2.18931665,0.565142488,0.063766097
69.811996,0.248488392,2.185837946,0.579564308,0.058338482
69.81663467,0.250588761,2.184867145,0.606605222,0.059518399
69.82127334,0.256485951,2.187698648,0.612914768,0.065339318
69.82591201,0.250507978,2.186242446,0.560635669,0.060934298
69.83055068,0.248165258,2.182763743,0.583169763,0.058259821
69.83518935,0.253658531,2.183734544,0.625533861,0.062114214
69.83982802,0.254951066,2.185676146,0.576860217,0.064867352
69.84446669,0.249053876,2.182682842,0.572353398,0.058653127
69.84910536,0.24986171,2.181388441,0.594887492,0.058653127
69.85374403,0.256566734,2.184543544,0.624632497,0.064946013
69.8583827,0.252042863,2.183896344,0.559734305,0.061878231
69.86302137,0.248649959,2.180983941,0.583169763,0.057787855
69.86766004,0.252608346,2.182521042,0.619224315,0.060698315
69.87229871,0.256324384,2.186161546,0.594887492,0.065732623
69.87693738,0.249780927,2.184705345,0.569649307,0.059675721
69.88157605,0.248973093,2.183815444,0.591282037,0.058417143
69.88621472,0.255112632,2.186727847,0.634547499,0.063766097
69.89085339,0.253012264,2.189235749,0.567846579,0.063608774
69.89549206,0.248488392,2.187698648,0.583169763,0.058259821
69.90013073,0.250831111,2.187941348,0.61111204,0.059911704
69.9047694,0.256082034,2.192229053,0.613816132,0.065889946
69.90940807,0.250265627,2.191500952,0.566945215,0.060776976
69.91404674,0.248569176,2.190691951,0.58947931,0.058495805
69.91868541,0.254708715,2.194251555,0.633646135,0.062743503
69.92332408,0.255112632,2.200238161,0.584972491,0.064867352
69.92796275,0.249457793,2.203797765,0.588577946,0.05888911
69.93260142,0.251073462,2.211159673,0.617421587,0.058731788
69.93724009,0.257859269,2.224427287,0.646265228,0.065339318
69.94187876,0.254143231,2.232517295,0.584071127,0.062114214
69.94651743,0.251558162,2.238423002,0.612013404,0.05818116
69.9511561,0.256809084,2.249344513,0.652574774,0.061248942
69.95579477,0.259959638,2.262207627,0.62282977,0.065339318
69.96043344,0.254304798,2.267627933,0.600295675,0.059203754
69.96507211,0.254547149,2.271430237,0.619224315,0.058023838
69.96971078,0.261009822,2.277174143,0.657982957,0.064238063
69.97434945,0.258505536,2.278549444,0.585873855,0.063215469
69.97898812,0.253658531,2.27482804,0.599394311,0.058102499
69.98362679,0.256485951,2.271834737,0.624632497,0.060069026
69.98826546,0.261494523,2.273048238,0.617421587,0.065653962
69.99290413,0.255354983,2.268598734,0.57055067,0.060147687
69.9975428,0.25317383,2.262693027,0.590380673,0.057945177
70.00218147,0.25907102,2.261075026,0.633646135,0.06258618
70.00682014,0.258505536,2.259214324,0.576860217,0.064316724
70.01145881,0.253093047,2.253308617,0.580465672,0.058495805
70.01609748,0.254304798,2.249829914,0.602999766,0.058653127
70.02073615,0.260201988,2.249910814,0.623731133,0.065024674
70.02537482,0.255031849,2.245380409,0.56333976,0.061327603
70.03001349,0.252285213,2.239312903,0.584972491,0.057866516
70.03465216,0.256970651,2.2372095,0.621928406,0.061170281
70.03929083,0.258909453,2.2366432,0.586775218,0.065181996
70.0439295,0.251962079,2.231061094,0.569649307,0.059125093
70.04856817,0.251962079,2.226611589,0.58947931,0.058338482
70.05320684,0.25858632,2.22790599,0.629139316,0.064552707
70.05784551,0.255274199,2.22733969,0.561537032,0.062979486
70.06248418,0.251073462,2.223699186,0.582268399,0.05818116
70.06712285,0.254304798,2.223375586,0.613816132,0.060226348
70.07176152,0.25931337,2.226287989,0.604802494,0.065732623
70.07640019,0.25268913,2.223456486,0.564241124,0.059754382
70.08103886,0.251315812,2.219735082,0.585873855,0.057866516
70.08567753,0.257051435,2.219654182,0.63004068,0.062743503
70.0903162,0.256970651,2.220301382,0.569649307,0.063923419
70.09495487,0.251073462,2.216175478,0.576860217,0.058102499
70.09959354,0.252365996,2.213829376,0.599394311,0.058731788
70.10423221,0.258747886,2.215042877,0.615618859,0.065181996
70.10887088,0.25317383,2.213343975,0.55612885,0.061248942
70.11350955,0.249942494,2.209865271,0.581367036,0.057787855
70.11814822,0.255031849,2.210188872,0.621027042,0.061642248
70.12278689,0.257132218,2.212534974,0.582268399,0.064867352
70.12742556,0.250669544,2.210188872,0.57055067,0.058574466
70.13206423,0.251154245,2.20881357,0.592183401,0.058259821
70.1367029,0.258101619,2.211725973,0.629139316,0.064474046
70.14134157,0.254385582,2.211968674,0.561537032,0.062114214
70.14598024,0.250831111,2.20857087,0.581367036,0.057866516
70.15061891,0.254062448,2.207842769,0.614717496,0.059990365
70.15525758,0.258182402,2.210027071,0.600295675,0.065260657
70.15989625,0.251558162,2.207195568,0.564241124,0.059361076
70.16453492,0.250588761,2.203878665,0.585873855,0.057787855
70.16917359,0.256566734,2.205415767,0.63004068,0.062979486
70.17381226,0.255193416,2.205739367,0.567846579,0.063530113
70.17845093,0.25010406,2.202260663,0.578662944,0.057866516
70.1830896,0.25244678,2.201047162,0.604802494,0.05888911
70.18772827,0.258182402,2.204040465,0.615618859,0.065260657
70.19236694,0.252608346,2.202098863,0.560635669,0.060540992
70.19700561,0.250507978,2.19951006,0.583169763,0.057787855
70.20164428,0.255354983,2.19910556,0.626435225,0.061406264
70.20628295,0.256889868,2.202503363,0.583169763,0.064552707
70.21092162,0.250750328,2.19942916,0.575057489,0.058338482
70.21556029,0.251315812,2.198215659,0.598492948,0.058023838
70.22019896,0.258263186,2.202098863,0.631843407,0.064238063
70.22483763,0.254143231,2.201532562,0.566043851,0.06179957
70.2294763,0.250346411,2.197083058,0.586775218,0.057394549
70.23411497,0.253577748,2.196516757,0.618322951,0.060147687
70.23875364,0.257536135,2.197487558,0.59669022,0.065575301
70.24339231,0.251396595,2.193927954,0.566043851,0.059361076
70.24803098,0.250265627,2.190611051,0.586775218,0.057630533
70.25266965,0.256405167,2.191581852,0.63004068,0.063136808
70.25730832,0.254466365,2.191662752,0.565142488,0.063608774
70.26194699,0.24961936,2.188426749,0.577761581,0.058023838
70.26658566,0.251962079,2.187294147,0.606605222,0.059282415
70.27122433,0.257859269,2.19012565,0.614717496,0.065260657
70.275863,0.251719729,2.18947845,0.565142488,0.060540992
70.28050167,0.249942494,2.187698648,0.586775218,0.058102499
70.28514034,0.254870282,2.189154849,0.629139316,0.062271536
70.28977901,0.256162817,2.191096451,0.581367036,0.064395385
70.29441768,0.250346411,2.188750349,0.577761581,0.05818116
70.29905635,0.250911895,2.188264948,0.600295675,0.058417143
70.30369502,0.257536135,2.192876253,0.63004068,0.064788691
70.30833369,0.25293148,2.194979656,0.566945215,0.062035553
70.31297236,0.249942494,2.195060556,0.590380673,0.057866516
70.31761103,0.253981665,2.197811159,0.626435225,0.060619654
70.3222497,0.257455352,2.202746064,0.601197039,0.065181996
70.32688837,0.251154245,2.203312364,0.576860217,0.059361076
70.33152704,0.250992678,2.205901167,0.600295675,0.05818116
70.33616571,0.257697702,2.214557476,0.647166592,0.063766097
70.34080438,0.256162817,2.224022786,0.583169763,0.06329413
70.34544305,0.253416181,2.229766692,0.604802494,0.057945177
70.35008172,0.256647517,2.238180301,0.635448863,0.059361076
70.35472039,0.262787057,2.248859113,0.636350226,0.065811284
70.35935906,0.257132218,2.253551318,0.588577946,0.060619654
70.36399773,0.25551655,2.25533112,0.606605222,0.058023838
70.3686364,0.261009822,2.258000822,0.646265228,0.062743503
70.37327507,0.261736873,2.260023325,0.592183401,0.064631368
70.37791374,0.2557589,2.257030021,0.590380673,0.058574466
70.38255241,0.257374568,2.25557382,0.61111204,0.058731788
70.38719108,0.264402726,2.258890723,0.635448863,0.065103335
70.39182975,0.259474937,2.258081722,0.571452034,0.061720909
70.39646842,0.257051435,2.25557382,0.594887492,0.05818116
70.40110709,0.261413739,2.257030021,0.632744771,0.06109162
70.40574576,0.264402726,2.262288527,0.60390113,0.065181996
70.41038443,0.258020836,2.263178428,0.586775218,0.059439737
70.4150231,0.258182402,2.268679634,0.612013404,0.058574466
70.41966177,0.264483509,2.28437425,0.662489776,0.064080741
70.42430044,0.261736873,2.302414969,0.601197039,0.063372791
70.42893911,0.257293785,2.317138785,0.623731133,0.058102499
70.43357778,0.260363555,2.334451403,0.654377502,0.059518399
70.43821645,0.265291343,2.352573023,0.648969319,0.065653962
70.44285512,0.258747886,2.360663031,0.601197039,0.060147687
70.44749379,0.256809084,2.364060835,0.618322951,0.05818116
70.45213246,0.262544707,2.365678837,0.658884321,0.06258618
70.45677113,0.262706274,2.365112536,0.597591584,0.064395385
70.4614098,0.256647517,2.358478729,0.59669022,0.058338482
70.46604847,0.257374568,2.353301123,0.616520223,0.05888911
70.47068714,0.263837242,2.353058423,0.63725159,0.065417979
70.47532581,0.258424753,2.349175219,0.576860217,0.061642248
70.47996448,0.255839683,2.341894211,0.599394311,0.057787855
70.48460315,0.259959638,2.337930107,0.636350226,0.061012959
70.48924182,0.262221573,2.336150305,0.599394311,0.065024674
70.49388049,0.256082034,2.329516498,0.581367036,0.05888911
70.49851916,0.255839683,2.323772592,0.600295675,0.05818116
70.50315783,0.262060007,2.32199279,0.639054318,0.064395385
70.5077965,0.259394154,2.318190486,0.572353398,0.062743503
70.51243517,0.254951066,2.31244658,0.593084765,0.057709194
70.51707384,0.258263186,2.308401576,0.62282977,0.059990365
70.52171251,0.26262549,2.307188075,0.612013404,0.065417979
70.52635118,0.256485951,2.300392467,0.57055067,0.059911704
70.53098985,0.254951066,2.292059758,0.591282037,0.057866516
70.53562852,0.260848255,2.289956356,0.636350226,0.063136808
70.54026719,0.260040421,2.286801253,0.574156125,0.064474046
70.54490586,0.254224015,2.278306744,0.580465672,0.058259821
70.54954453,0.25551655,2.272158337,0.60390113,0.058810449
70.5541832,0.261736873,2.271187536,0.617421587,0.065339318
70.55882187,0.255678116,2.264553729,0.559734305,0.061327603
70.56346054,0.252769913,2.256706421,0.582268399,0.058102499
70.56809921,0.257616918,2.253065917,0.620125678,0.062192875
70.57273788,0.259394154,2.251124315,0.579564308,0.06549664
70.57737655,0.252608346,2.243277007,0.567846579,0.059046432
70.58201522,0.25268913,2.237533101,0.588577946,0.058574466
70.58665389,0.25931337,2.2366432,0.624632497,0.064788691
70.59129256,0.255435766,2.232679096,0.557931577,0.062664841
70.59593123,0.251235028,2.225317188,0.579564308,0.05818116
70.6005699,0.254385582,2.222566585,0.61111204,0.060540992
70.60520857,0.258505536,2.222485685,0.59669022,0.065968607
70.60984724,0.252204429,2.216499078,0.562438396,0.060147687
70.61448591,0.250831111,2.211645073,0.584071127,0.05818116
70.61912458,0.256970651,2.211321473,0.627336589,0.063530113
70.62376325,0.2557589,2.209865271,0.564241124,0.064080741
70.62840192,0.250831111,2.204768566,0.575057489,0.05818116
70.63304059,0.252608346,2.200966262,0.601197039,0.059282415
70.63767926,0.258263186,2.202584264,0.612013404,0.06549664
70.64231793,0.252527563,2.19894376,0.557030214,0.060855637
70.6469566,0.24961936,2.193604354,0.580465672,0.05818116
70.65159527,0.254870282,2.193038053,0.621928406,0.061642248
70.65623394,0.256324384,2.193604354,0.577761581,0.065103335
70.66087261,0.250184844,2.18964025,0.569649307,0.059046432
70.66551128,0.250669544,2.185999746,0.591282037,0.058417143
70.67014995,0.257697702,2.187536848,0.624632497,0.064552707
70.67478862,0.253335397,2.186808747,0.558832941,0.062114214
70.67942729,0.249134659,2.183653644,0.581367036,0.058102499
70.68406596,0.253012264,2.183087343,0.615618859,0.060540992
70.68870463,0.257132218,2.185837946,0.597591584,0.065732623
70.6933433,0.250427194,2.183168243,0.566945215,0.05959706
70.69798197,0.24961936,2.18082214,0.588577946,0.058495805
70.70262064,0.256162817,2.182601942,0.632744771,0.063687435
70.70725931,0.254385582,2.183896344,0.566945215,0.063608774
70.71189798,0.249296226,2.18033674,0.579564308,0.058574466
70.71653665,0.251396595,2.179123239,0.606605222,0.059518399
70.72117532,0.257374568,2.181388441,0.612914768,0.065653962
70.72581399,0.250911895,2.179527739,0.561537032,0.060934298
70.73045266,0.248973093,2.175968135,0.584972491,0.058102499
70.73509133,0.254547149,2.176938936,0.627336589,0.062350197
70.73973,0.25551655,2.178637838,0.578662944,0.065103335
70.74436867,0.249053876,2.175240035,0.574156125,0.05888911
70.74900734,0.250023277,2.172813032,0.597591584,0.058810449
70.75364601,0.256809084,2.175968135,0.627336589,0.065181996
70.75828468,0.252365996,2.176129936,0.56333976,0.062350197
70.76292335,0.248811526,2.173460233,0.586775218,0.058259821
70.76756202,0.253254614,2.174431034,0.62282977,0.061956892
70.77220069,0.256809084,2.177828837,0.599394311,0.067227184
70.77683936,0.250507978,2.175563635,0.573254762,0.061484925
70.78147803,0.250427194,2.174431034,0.593986129,0.060069026
70.7861167,0.256970651,2.177909737,0.63725159,0.065732623
70.79075537,0.255031849,2.179770439,0.568747943,0.065575301
70.79539404,0.24986171,2.177828837,0.584071127,0.060147687
70.80003271,0.252365996,2.177909737,0.612914768,0.061484925
70.80467138,0.258101619,2.182116542,0.612914768,0.067463167
70.80931005,0.252123646,2.18082214,0.565142488,0.062035553
70.81394872,0.249942494,2.178961439,0.587676582,0.059439737
70.81858739,0.25600125,2.18001314,0.630942044,0.063923419
70.82322606,0.2562436,2.182601942,0.578662944,0.066283251
70.82786473,0.250669544,2.17993224,0.579564308,0.059990365
70.8325034,0.251881296,2.18017494,0.602999766,0.06038367
70.83714207,0.258505536,2.185433445,0.63004068,0.066755217
70.84178074,0.253981665,2.187213247,0.568747943,0.063530113
70.84641941,0.250992678,2.186242446,0.593084765,0.059361076
70.85105808,0.255435766,2.188264948,0.629139316,0.062428858
70.85569675,0.258505536,2.192067252,0.598492948,0.066833878
70.86033542,0.251800512,2.19012565,0.575958853,0.060776976
70.86497409,0.251719729,2.188022248,0.595788856,0.05959706
70.86961276,0.258424753,2.19020655,0.63725159,0.065575301
70.87425143,0.2557589,2.190449251,0.568747943,0.064631368
70.8788901,0.250750328,2.187698648,0.585873855,0.059361076
70.88352877,0.253820098,2.187617748,0.615618859,0.061170281
70.88816744,0.258747886,2.19012565,0.61111204,0.066991201
70.89280611,0.252365996,2.187536848,0.566043851,0.061406264
70.89744478,0.250911895,2.184624445,0.587676582,0.059282415
70.90208345,0.256889868,2.186161546,0.630942044,0.063766097
70.90672212,0.256485951,2.187213247,0.575057489,0.06549664
70.91136079,0.251154245,2.184543544,0.579564308,0.059203754
70.91599946,0.252850697,2.184867145,0.604802494,0.060226348
70.92063813,0.25907102,2.18988295,0.626435225,0.066361912
70.9252768,0.253820098,2.19020655,0.566945215,0.062507519
70.92991547,0.251073462,2.188184048,0.58947931,0.059046432
70.93455414,0.255193416,2.189073949,0.628237952,0.062035553
70.93919281,0.257940052,2.191824552,0.593084765,0.065811284
70.94383148,0.251315812,2.188669449,0.574156125,0.060069026
70.94847015,0.251315812,2.185999746,0.593986129,0.059361076
70.95310882,0.258343969,2.188588549,0.633646135,0.065417979
70.95774749,0.254789499,2.188669449,0.566043851,0.063766097
70.96238616,0.250265627,2.184300844,0.586775218,0.058731788
70.96702483,0.253577748,2.183653644,0.617421587,0.060540992
70.9716635,0.258020836,2.185837946,0.606605222,0.066361912
70.97630217,0.251881296,2.183734544,0.566945215,0.060619654
70.98094084,0.250588761,2.181873842,0.590380673,0.058731788
70.98557951,0.256566734,2.185028945,0.636350226,0.063766097
70.99021818,0.256405167,2.188022248,0.576860217,0.064395385
70.99485685,0.250831111,2.185999746,0.583169763,0.058495805
70.99949552,0.252285213,2.185757046,0.607506585,0.059361076
71.00413419,0.258667103,2.188831249,0.623731133,0.065653962
71.00877286,0.25317383,2.188345848,0.567846579,0.061406264
71.01341153,0.250265627,2.187132347,0.591282037,0.05818116
71.0180502,0.255274199,2.191177351,0.631843407,0.061956892
71.02268887,0.257213001,2.195869556,0.592183401,0.065339318
71.02732754,0.250750328,2.194979656,0.578662944,0.059125093
71.03196621,0.250831111,2.194170655,0.598492948,0.058653127
71.03660488,0.257536135,2.196759457,0.634547499,0.064710029
71.04124355,0.253335397,2.196435857,0.566945215,0.062979486
71.04588222,0.249457793,2.193442554,0.586775218,0.058338482
71.05052089,0.25244678,2.193280754,0.619224315,0.060305009
71.05515956,0.257132218,2.196678557,0.606605222,0.065653962
71.05979823,0.250750328,2.194494255,0.573254762,0.059990365
71.0644369,0.249780927,2.191339152,0.593084765,0.058574466
71.06907557,0.2562436,2.192390853,0.63725159,0.06329413
71.07371424,0.255112632,2.192229053,0.572353398,0.064159402
71.07835291,0.24937701,2.188103148,0.582268399,0.05818116
71.08299158,0.251154245,2.186485147,0.605703858,0.059361076
71.08763025,0.257051435,2.188345848,0.617421587,0.065653962
71.09226892,0.251881296,2.185757046,0.562438396,0.061406264
71.09690759,0.24961936,2.182197442,0.584071127,0.058417143
71.10154626,0.254466365,2.182844643,0.626435225,0.062035553
71.10618493,0.255597333,2.184867145,0.583169763,0.064946013
71.1108236,0.249296226,2.181954742,0.575958853,0.059046432
71.11546227,0.250023277,2.18082214,0.598492948,0.058574466
71.12010094,0.256324384,2.184300844,0.631843407,0.064710029
71.12473961,0.25244678,2.184300844,0.566945215,0.062114214
71.12937828,0.248730742,2.183249143,0.592183401,0.05818116
71.13401695,0.253012264,2.184462644,0.628237952,0.060698315
71.13865562,0.256809084,2.188264948,0.607506585,0.06549664
71.14329429,0.250507978,2.186323346,0.575057489,0.059833043
71.14793296,0.249780927,2.184219944,0.593986129,0.05818116
71.15257163,0.255839683,2.186485147,0.636350226,0.063372791
71.1572103,0.254466365,2.187375047,0.568747943,0.06329413
71.16184897,0.249134659,2.183653644,0.581367036,0.058495805
71.16648764,0.251719729,2.182116542,0.607506585,0.059439737
71.17112631,0.257455352,2.184948045,0.614717496,0.06549664
71.17576498,0.251315812,2.183249143,0.564241124,0.060305009
71.18040365,0.249053876,2.18009404,0.586775218,0.057473211
71.18504232,0.254224015,2.181226641,0.629139316,0.06179957
71.18968099,0.255354983,2.183168243,0.579564308,0.064710029
71.19431966,0.249538577,2.179285039,0.575057489,0.058417143
71.19895833,0.250184844,2.177262537,0.59669022,0.058495805
71.203597,0.256728301,2.179770439,0.625533861,0.064788691
71.20823567,0.252204429,2.178314238,0.560635669,0.06179957
71.21287434,0.248811526,2.174997334,0.583169763,0.057945177
71.21751301,0.25293148,2.174835534,0.618322951,0.061012959
71.22215168,0.256082034,2.177424337,0.593084765,0.065417979
71.22679035,0.249538577,2.174350134,0.567846579,0.059046432
71.23142902,0.248973093,2.172408532,0.587676582,0.058023838
71.23606769,0.2557589,2.174431034,0.630942044,0.063608774
71.24070636,0.253335397,2.175401835,0.564241124,0.063451452
71.24534503,0.248407609,2.171923131,0.581367036,0.058102499
71.2499837,0.251477379,2.172246731,0.610210677,0.05959706
71.25462237,0.256889868,2.174997334,0.612013404,0.065811284
71.25926104,0.250750328,2.173783833,0.565142488,0.060540992
71.26389971,0.249053876,2.172408532,0.588577946,0.057945177
71.26853838,0.254627932,2.175240035,0.633646135,0.062428858
71.27317705,0.255274199,2.178880538,0.582268399,0.064710029
71.27781572,0.24986171,2.177667037,0.582268399,0.058574466
71.28245439,0.251073462,2.177505237,0.605703858,0.058653127
71.28709306,0.257455352,2.181469341,0.63004068,0.064946013
71.29173173,0.25293148,2.182116542,0.566945215,0.061878231
71.2963704,0.249780927,2.179689539,0.58947931,0.058023838
71.30100907,0.253981665,2.181226641,0.627336589,0.061170281
71.30564774,0.257455352,2.184948045,0.597591584,0.065339318
71.31028641,0.251073462,2.183491843,0.575958853,0.059203754
71.31492508,0.251235028,2.182359242,0.595788856,0.05818116
71.31956375,0.258101619,2.185595246,0.63725159,0.064238063
71.32420242,0.255112632,2.185433445,0.568747943,0.06329413
71.32884109,0.250588761,2.181226641,0.584071127,0.058102499
71.33347976,0.253658531,2.179851339,0.613816132,0.060305009
71.33811843,0.258667103,2.182682842,0.609309313,0.065968607
71.3427571,0.252123646,2.178961439,0.564241124,0.060540992
71.34739577,0.250588761,2.175725435,0.585873855,0.058338482
71.35203444,0.256647517,2.176858036,0.629139316,0.062900825
71.35667311,0.256082034,2.177828837,0.572353398,0.064788691
71.36131178,0.250507978,2.174269234,0.576860217,0.058574466
71.36595045,0.251719729,2.172732132,0.601197039,0.058967771
71.37058912,0.258020836,2.175159134,0.621928406,0.065339318
71.37522779,0.25244678,2.174188333,0.562438396,0.061642248
71.37986646,0.249538577,2.171680431,0.586775218,0.058102499
71.38450513,0.254547149,2.172893932,0.625533861,0.061406264
71.3891438,0.257132218,2.176372636,0.590380673,0.06549664
71.39378247,0.250831111,2.174673734,0.574156125,0.059203754
71.39842114,0.250911895,2.173217532,0.594887492,0.058417143
71.40305981,0.257536135,2.176615336,0.633646135,0.06400208
71.40769848,0.254304798,2.177586137,0.565142488,0.06258618
71.41233715,0.250184844,2.174916434,0.584972491,0.057787855
71.41697582,0.253658531,2.175887235,0.616520223,0.059911704
71.42161449,0.258101619,2.179851339,0.605703858,0.065811284
71.42625316,0.251719729,2.178718738,0.566945215,0.060069026
71.43089183,0.250588761,2.175968135,0.588577946,0.057787855
71.4355305,0.256405167,2.178637838,0.633646135,0.062743503
71.44016917,0.255678116,2.18066034,0.571452034,0.063766097
71.44480784,0.250265627,2.177667037,0.579564308,0.057787855
71.44944651,0.251719729,2.176453536,0.60390113,0.059046432
71.45408518,0.257778485,2.179770439,0.619224315,0.065103335
71.45872385,0.252204429,2.178880538,0.561537032,0.060776976
71.46336252,0.249700143,2.175482735,0.584071127,0.057551872
71.46800119,0.254547149,2.176858036,0.624632497,0.061170281
71.47263986,0.256647517,2.179123239,0.584972491,0.064788691
71.47727853,0.250507978,2.176210836,0.572353398,0.058495805
71.4819172,0.250669544,2.174431034,0.593986129,0.05818116
71.48655587,0.257859269,2.178233338,0.631843407,0.064238063
71.49119454,0.253658531,2.178961439,0.565142488,0.062350197
71.49583321,0.24986171,2.177990637,0.586775218,0.058102499
71.50047188,0.253335397,2.18001314,0.621928406,0.060069026
71.50511055,0.257940052,2.185028945,0.607506585,0.065339318
71.50974922,0.251396595,2.182197442,0.571452034,0.059282415
71.51438789,0.249942494,2.179446839,0.592183401,0.057630533
71.51902656,0.256082034,2.181064841,0.633646135,0.062743503
71.52366523,0.254385582,2.181550241,0.57055067,0.063766097
71.5283039,0.249215443,2.177990637,0.580465672,0.057945177
71.53294257,0.251073462,2.176615336,0.605703858,0.058810449
71.53758124,0.257455352,2.179365939,0.617421587,0.06549664
71.54221991,0.251719729,2.177424337,0.562438396,0.060855637
71.54685858,0.24937701,2.175159134,0.585873855,0.057866516
71.55149725,0.254304798,2.176534436,0.628237952,0.061720909
71.55613592,0.25551655,2.18001314,0.584071127,0.064552707
71.56077459,0.249296226,2.178718738,0.576860217,0.058574466
71.56541326,0.250346411,2.178314238,0.600295675,0.058259821
71.57005193,0.257132218,2.183087343,0.632744771,0.064710029
71.5746906,0.25268913,2.184462644,0.567846579,0.062350197
71.57932927,0.248973093,2.183491843,0.590380673,0.058023838
71.58396794,0.252608346,2.187213247,0.627336589,0.060305009
71.58860661,0.256647517,2.193685254,0.608407949,0.065260657
71.59324528,0.250184844,2.195545956,0.580465672,0.059282415
71.59788395,0.24961936,2.197730258,0.602098403,0.058023838
71.60252262,0.255839683,2.205577567,0.648067956,0.063844758
71.60716129,0.253981665,2.212615874,0.583169763,0.063844758
71.61179996,0.249053876,2.215447377,0.598492948,0.058259821
71.61643863,0.251638945,2.220463183,0.626435225,0.059361076
71.6210773,0.257778485,2.230090293,0.633646135,0.065417979
71.62571597,0.251800512,2.2372904,0.584071127,0.060776976
71.63035464,0.24986171,2.244733208,0.610210677,0.057709194
71.63499331,0.255597333,2.259457024,0.657081593,0.062035553
71.63963198,0.257455352,2.278711244,0.615618859,0.064631368
71.64427065,0.251800512,2.294810361,0.616520223,0.058102499
71.64890932,0.25293148,2.314873583,0.647166592,0.058259821
71.65354799,0.260282771,2.339790809,0.682319779,0.064631368
71.65818666,0.256566734,2.35969223,0.619224315,0.061563586
71.66282533,0.253093047,2.37854195,0.6444625,0.057394549
71.667464,0.257697702,2.401274874,0.682319779,0.06038367
71.67210267,0.261413739,2.427486502,0.658884321,0.065181996
71.67674134,0.254951066,2.448196924,0.634547499,0.059125093
71.68138001,0.254466365,2.467370244,0.654377502,0.058023838
71.68601868,0.261494523,2.489536868,0.695840236,0.063608774
71.69065735,0.25931337,2.507820287,0.623731133,0.062979486
71.69529602,0.254708715,2.521492402,0.63725159,0.057630533
71.69993469,0.257213001,2.535164516,0.665193867,0.059203754
71.70457336,0.262463924,2.54835123,0.664292504,0.065103335
71.70921203,0.256405167,2.551829934,0.612914768,0.060226348
71.7138507,0.254466365,2.551182733,0.629139316,0.057709194
71.71848937,0.259959638,2.550859133,0.667897959,0.062035553
71.72312804,0.260121204,2.54794673,0.607506585,0.064316724
71.72776671,0.253820098,2.53872412,0.60390113,0.058495805
71.73240538,0.254870282,2.52901611,0.624632497,0.058495805
71.73704405,0.261009822,2.523029503,0.645363864,0.064631368
71.74168272,0.256485951,2.513240593,0.579564308,0.061248942
71.74632139,0.253416181,2.50094378,0.601197039,0.057709194
71.75096006,0.257536135,2.492530171,0.63725159,0.060540992
71.75559873,0.260605905,2.486867165,0.606605222,0.065103335
71.7602374,0.253820098,2.476350154,0.585873855,0.058810449
71.76487607,0.253900881,2.465994943,0.606605222,0.057473211
71.76951474,0.260525122,2.460655537,0.647166592,0.063372791
71.77415341,0.257940052,2.452565529,0.576860217,0.062350197
71.77879208,0.253496964,2.440026015,0.593986129,0.057551872
71.78343075,0.256162817,2.430318005,0.623731133,0.059361076
71.78806942,0.261252172,2.423441498,0.617421587,0.065103335
71.79270809,0.254951066,2.411630085,0.572353398,0.059911704
71.79734676,0.25317383,2.400465873,0.593986129,0.057551872
71.80198543,0.259394154,2.393589366,0.63725159,0.062114214
71.8066241,0.258747886,2.386389259,0.578662944,0.063844758
71.81126277,0.25293148,2.374496946,0.582268399,0.058102499
71.81590144,0.254143231,2.364141735,0.604802494,0.058417143
71.82054011,0.260121204,2.358802329,0.623731133,0.064395385
71.82517878,0.255031849,2.349256119,0.561537032,0.06109162
71.82981745,0.251881296,2.338253707,0.584972491,0.057158566
71.83445612,0.256162817,2.3310536,0.623731133,0.060776976
71.83909479,0.258182402,2.325875994,0.586775218,0.064474046
71.84373346,0.251477379,2.315925284,0.57055067,0.058574466
71.84837213,0.251638945,2.306702674,0.592183401,0.057787855
71.8530108,0.258020836,2.30314307,0.630942044,0.064159402
71.85764947,0.254708715,2.297318264,0.562438396,0.062271536
71.86228814,0.25010406,2.287691154,0.580465672,0.057709194
71.86692681,0.25293148,2.281947248,0.612914768,0.05959706
71.87156548,0.257374568,2.279115745,0.60390113,0.064946013
71.87620415,0.250831111,2.271915637,0.56333976,0.059361076
71.88084282,0.24986171,2.26487733,0.585873855,0.057787855
71.88548149,0.255839683,2.261964927,0.630942044,0.062743503
71.89012016,0.254870282,2.259457024,0.57055067,0.063608774
71.89475883,0.249538577,2.252176016,0.578662944,0.057787855
71.8993975,0.250831111,2.247079311,0.60390113,0.058731788
71.90403617,0.256728301,2.24651301,0.619224315,0.064946013
71.90867484,0.251235028,2.241982605,0.562438396,0.060540992
71.91331351,0.248569176,2.235429698,0.585873855,0.057237227
71.91795218,0.253658531,2.233245396,0.625533861,0.060855637
71.92259085,0.255435766,2.232517295,0.584071127,0.064474046
71.92722952,0.248973093,2.226368889,0.572353398,0.058102499
71.93186819,0.249457793,2.222728385,0.594887492,0.057551872
71.93650686,0.2562436,2.223860986,0.630942044,0.063530113
71.94114553,0.252769913,2.222566585,0.56333976,0.06179957
71.9457842,0.248730742,2.219087881,0.586775218,0.057237227
71.95042287,0.251800512,2.220058682,0.621928406,0.059361076
71.95506154,0.256405167,2.224184586,0.609309313,0.064631368
71.95970021,0.250346411,2.226126189,0.578662944,0.058810449
71.96433888,0.249538577,2.231222894,0.604802494,0.057237227
71.96897755,0.255597333,2.241901705,0.654377502,0.062428858
71.97361622,0.254547149,2.251690616,0.593084765,0.063058147
71.97825489,0.24986171,2.257677222,0.607506585,0.057315888
71.98289356,0.252365996,2.265767231,0.63725159,0.058338482
71.98753223,0.258182402,2.276446042,0.646265228,0.064552707
71.9921709,0.25244678,2.281542747,0.591282037,0.060069026
71.99680957,0.250023277,2.28388885,0.614717496,0.057237227
72.00144824,0.255597333,2.288014754,0.654377502,0.060934298
72.00608691,0.256889868,2.290927157,0.604802494,0.064474046
72.01072558,0.250831111,2.286315852,0.591282037,0.058102499
72.01536425,0.251719729,2.281947248,0.608407949,0.058023838
72.02000292,0.258343969,2.280167446,0.63725159,0.064395385
72.02464159,0.253981665,2.27466624,0.569649307,0.061563586
72.02928026,0.250427194,2.267304332,0.58947931,0.057237227
72.03391893,0.253739314,2.262935728,0.62282977,0.059990365
72.0385576,0.257536135,2.262369427,0.602098403,0.064788691
72.04319627,0.251073462,2.256301921,0.571452034,0.058967771
72.04783494,0.250427194,2.250072614,0.592183401,0.057237227
72.05247361,0.257132218,2.249182713,0.63725159,0.062743503
72.05711228,0.255193416,2.247969212,0.571452034,0.062900825
72.06175095,0.250346411,2.242710706,0.585873855,0.057551872
72.06638962,0.253012264,2.239798303,0.613816132,0.058810449
72.07102829,0.258101619,2.241416305,0.620125678,0.065103335
72.07566696,0.252850697,2.238584802,0.569649307,0.059990365
72.08030563,0.250911895,2.233488096,0.592183401,0.057630533
72.0849443,0.256728301,2.233326296,0.635448863,0.061563586
72.08958297,0.257778485,2.233245396,0.584972491,0.06400208
72.09422164,0.252042863,2.228229591,0.581367036,0.057945177
72.09886031,0.253093047,2.225559888,0.602999766,0.057787855
72.10349898,0.259959638,2.226773389,0.631843407,0.064080741
72.10813765,0.255354983,2.224265487,0.566043851,0.061406264
72.11277632,0.252123646,2.219573282,0.587676582,0.057473211
72.11741499,0.2557589,2.21819798,0.623731133,0.060147687
72.12205366,0.259232587,2.218602481,0.597591584,0.064946013
72.12669233,0.252608346,2.214557476,0.572353398,0.058967771
72.131331,0.252285213,2.210674272,0.592183401,0.057866516
72.13596967,0.258667103,2.210836072,0.635448863,0.063215469
72.14060834,0.256566734,2.209460771,0.567846579,0.06258618
72.14524701,0.252042863,2.204768566,0.583169763,0.057630533
72.14988568,0.254224015,2.202746064,0.612013404,0.059125093
72.15452435,0.259232587,2.204525866,0.612013404,0.065024674
72.15916302,0.252769913,2.200885362,0.565142488,0.059990365
72.16380169,0.251073462,2.196840357,0.587676582,0.057473211
72.16844036,0.256405167,2.196597657,0.630942044,0.061956892
72.17307903,0.256647517,2.196516757,0.576860217,0.064159402
72.1777177,0.250265627,2.192067252,0.576860217,0.058023838
72.18235637,0.251477379,2.18931665,0.600295675,0.058023838
72.18699504,0.258020836,2.190449251,0.624632497,0.064788691
72.19163371,0.253416181,2.188912149,0.562438396,0.061170281
72.19627238,0.250507978,2.185514345,0.584972491,0.057394549
72.20091105,0.254385582,2.185433445,0.623731133,0.060226348
72.20554972,0.257374568,2.186808747,0.592183401,0.064474046
72.21018839,0.251154245,2.183410943,0.572353398,0.058338482
72.21482706,0.250831111,2.181550241,0.593986129,0.057787855
72.21946573,0.257536135,2.184381744,0.636350226,0.063530113
72.2241044,0.254708715,2.184139044,0.568747943,0.062271536
72.22874307,0.249942494,2.18082214,0.586775218,0.057315888
72.23338174,0.252769913,2.18057944,0.615618859,0.05888911
72.23802041,0.258020836,2.183653644,0.612013404,0.065024674
72.24265908,0.251396595,2.182035642,0.569649307,0.059518399
72.24729775,0.249780927,2.179123239,0.591282037,0.057473211
72.25193642,0.2557589,2.181226641,0.635448863,0.062192875
72.25657509,0.25600125,2.183572743,0.577761581,0.063608774
72.26121376,0.250427194,2.18025584,0.582268399,0.057551872
72.26585243,0.251962079,2.179689539,0.605703858,0.058338482
72.2704911,0.258020836,2.183249143,0.625533861,0.064316724
72.27512977,0.25317383,2.183491843,0.566945215,0.06038367
72.27976844,0.250507978,2.181388441,0.590380673,0.057237227
72.28440711,0.254951066,2.182682842,0.63004068,0.06038367
72.28904578,0.257697702,2.185757046,0.593986129,0.064395385
72.29368445,0.251477379,2.183977244,0.576860217,0.058259821
72.29832312,0.251558162,2.182197442,0.597591584,0.057551872
72.30296179,0.258263186,2.185918846,0.63725159,0.063687435
72.30760046,0.255193416,2.187779548,0.569649307,0.061956892
72.31223913,0.251154245,2.185918846,0.590380673,0.057237227
72.3168778,0.253981665,2.186727847,0.621027042,0.059282415
72.32151647,0.25882867,2.192714453,0.612013404,0.064946013
72.32615514,0.253093047,2.193199854,0.575057489,0.059361076
72.33079381,0.252042863,2.193685254,0.600295675,0.057394549
72.33543248,0.258424753,2.199752761,0.645363864,0.062428858
72.34007115,0.258263186,2.205658467,0.586775218,0.063530113
72.34470982,0.253335397,2.207033768,0.595788856,0.057551872
72.34934849,0.254627932,2.213101275,0.62282977,0.058417143
72.35398716,0.261171389,2.224184586,0.639955681,0.065103335
72.35862583,0.256324384,2.231870095,0.586775218,0.060776976
72.3632645,0.254385582,2.238989302,0.613816132,0.057630533
72.36790317,0.260040421,2.250719815,0.657081593,0.061248942
72.37254184,0.262302357,2.262531227,0.616520223,0.064788691
72.37718051,0.256728301,2.268922334,0.604802494,0.058259821
72.38181918,0.258020836,2.276446042,0.627336589,0.057866516
72.38645785,0.265291343,2.290603557,0.666996595,0.063923419
72.39109652,0.262060007,2.305731873,0.605703858,0.062035553
72.39573519,0.259394154,2.320617489,0.631843407,0.057315888
72.40037386,0.263675675,2.339062708,0.669700686,0.059833043
72.40501253,0.269007381,2.35993493,0.65618023,0.065103335
72.4096512,0.263271758,2.375872247,0.626435225,0.059518399
72.41428987,0.263190974,2.393265766,0.652574774,0.057630533
72.41892854,0.269976782,2.414946989,0.699445691,0.062743503
72.42356721,0.269572865,2.43501021,0.636350226,0.063608774
72.42820588,0.264725859,2.448277824,0.642659773,0.058102499
72.43284455,0.267391712,2.458147635,0.665193867,0.058967771
72.43748322,0.273288902,2.465671343,0.667897959,0.065024674
72.44212189,0.267553279,2.46340614,0.608407949,0.060540992
72.44676056,0.26545291,2.458066735,0.623731133,0.057787855
72.45139923,0.270703832,2.455235232,0.660687048,0.061170281
72.4560379,0.271915584,2.451918328,0.610210677,0.064316724
72.46067657,0.265776044,2.442776618,0.59669022,0.058259821
72.46531524,0.266099177,2.434039409,0.613816132,0.057866516
72.46995391,0.272077151,2.428376403,0.643561137,0.064080741
72.47459258,0.267634062,2.419962794,0.574156125,0.061642248
72.47923125,0.263433325,2.408960382,0.594887492,0.057237227
72.48386992,0.266826228,2.401598475,0.628237952,0.059833043
72.48850859,0.270299915,2.39763437,0.607506585,0.064946013
72.49314726,0.263514108,2.388735361,0.578662944,0.058810449
72.49778593,0.262706274,2.380159952,0.600295675,0.057473211
72.5024246,0.268684247,2.376276748,0.643561137,0.062743503
72.50706327,0.266583878,2.369804741,0.576860217,0.062743503
72.51170194,0.260929039,2.35993493,0.58947931,0.057315888
72.51634061,0.262706274,2.351764022,0.613816132,0.058574466
72.52097928,0.268199546,2.346586416,0.617421587,0.064788691
72.52561795,0.261332956,2.337121106,0.566043851,0.059990365
72.53025662,0.259474937,2.326846795,0.586775218,0.057079905
72.53489529,0.264321942,2.320617489,0.628237952,0.061327603
72.53953396,0.264241159,2.315925284,0.577761581,0.064080741
72.54417263,0.258020836,2.305408273,0.574156125,0.057787855
72.5488113,0.25882867,2.296671063,0.597591584,0.057945177
72.55344997,0.264725859,2.294163161,0.628237952,0.064080741
72.55808864,0.260040421,2.288419255,0.56333976,0.061484925
72.56272731,0.256082034,2.279762945,0.584972491,0.057001244
72.56736598,0.260040421,2.27450444,0.620125678,0.059833043
72.57200465,0.263029408,2.271268436,0.593084765,0.064395385
72.57664332,0.255920467,2.263744728,0.567846579,0.058338482
72.58128199,0.255193416,2.257191821,0.587676582,0.057001244
72.58592066,0.261656089,2.255250219,0.63004068,0.062822164
72.59055933,0.258909453,2.250881615,0.56333976,0.062428858
72.595198,0.253739314,2.243277007,0.579564308,0.057079905
72.59983667,0.256324384,2.238584802,0.606605222,0.058731788
72.60447534,0.261332956,2.238746602,0.607506585,0.064631368
72.60911401,0.254627932,2.234458897,0.561537032,0.059439737
72.61375268,0.252850697,2.229443092,0.584972491,0.056843922
72.61839135,0.258020836,2.22758239,0.629139316,0.061406264
72.62303002,0.258020836,2.22742059,0.576860217,0.063136808
72.62766869,0.252042863,2.221433984,0.576860217,0.057551872
72.63230736,0.253012264,2.21819798,0.600295675,0.057709194
72.63694603,0.259394154,2.219815982,0.625533861,0.064395385
72.6415847,0.254627932,2.21819798,0.564241124,0.060698315
72.64622337,0.251558162,2.214557476,0.586775218,0.056843922
72.65086204,0.255839683,2.214800177,0.626435225,0.060147687
72.65550071,0.258343969,2.21787438,0.595788856,0.064316724
72.66013938,0.251881296,2.214719276,0.575057489,0.058417143
72.66477805,0.251073462,2.212939475,0.595788856,0.057473211
72.66941672,0.257778485,2.215204677,0.63725159,0.063451452
72.67405539,0.254951066,2.216418178,0.57055067,0.062428858
72.67869406,0.250750328,2.214314776,0.588577946,0.057158566
72.68333273,0.253496964,2.216256378,0.621027042,0.05888911
72.6879714,0.25882867,2.222485685,0.618322951,0.064867352
72.69261007,0.253012264,2.224993587,0.578662944,0.059361076
72.69724874,0.251881296,2.228472291,0.60390113,0.056922583
72.70188741,0.258101619,2.2369668,0.650772047,0.062192875
72.70652608,0.25858632,2.247160211,0.595788856,0.063687435
72.71116475,0.25317383,2.251852416,0.602999766,0.057394549
72.71580342,0.254708715,2.258000822,0.627336589,0.058259821
72.72044209,0.261332956,2.267708833,0.647166592,0.064867352
72.72508076,0.256324384,2.272158337,0.586775218,0.06109162
72.72971943,0.253496964,2.27466624,0.608407949,0.057315888
72.7343581,0.258020836,2.279762945,0.645363864,0.060698315
72.73899677,0.261252172,2.284536051,0.606605222,0.064788691
72.74363544,0.254708715,2.283079849,0.587676582,0.058810449
72.74827411,0.254547149,2.282270848,0.607506585,0.057945177
72.75291278,0.260848255,2.284778751,0.645363864,0.064238063
72.75755145,0.257778485,2.284778751,0.577761581,0.062114214
72.76219012,0.253012264,2.281866348,0.59669022,0.057315888
72.76682879,0.256162817,2.281380947,0.629139316,0.059361076
72.77146746,0.260605905,2.285749552,0.621027042,0.065103335
72.77610613,0.254062448,2.284940551,0.582268399,0.059675721
72.7807448,0.252608346,2.282837149,0.60390113,0.057551872
72.78538347,0.258747886,2.28413155,0.648969319,0.062900825
72.79002214,0.258020836,2.285911352,0.591282037,0.063687435
72.79466081,0.252527563,2.283241649,0.598492948,0.057945177
72.79929948,0.254466365,2.282998949,0.621928406,0.058653127
72.80393815,0.260282771,2.285425951,0.636350226,0.065260657
72.80857682,0.254789499,2.282998949,0.576860217,0.061012959
72.81321549,0.251638945,2.277902243,0.59669022,0.057866516
72.81785416,0.256647517,2.276446042,0.634547499,0.061248942
72.82249283,0.258909453,2.276850542,0.593084765,0.064946013
72.8271315,0.252123646,2.271672937,0.580465672,0.058574466
72.83177017,0.251962079,2.267385232,0.600295675,0.05818116
72.83640884,0.25858632,2.267789733,0.634547499,0.064159402
72.84104751,0.254708715,2.264149229,0.565142488,0.062114214
72.84568618,0.250265627,2.256787321,0.583169763,0.057709194
72.85032485,0.253820098,2.251367015,0.614717496,0.059911704
72.85496352,0.257778485,2.249506313,0.598492948,0.065339318
72.85960219,0.251315812,2.242144406,0.562438396,0.059518399
72.86424086,0.250184844,2.235025198,0.583169763,0.057709194
72.86887953,0.255678116,2.232193695,0.627336589,0.062900825
72.8735182,0.254224015,2.229038592,0.56333976,0.063058147
72.87815687,0.249053876,2.222081184,0.575057489,0.057630533
72.88279554,0.251073462,2.217227179,0.600295675,0.058810449
72.88743421,0.256485951,2.216822679,0.609309313,0.064946013
72.89207288,0.250588761,2.211725973,0.555227486,0.060226348
72.89671155,0.248649959,2.205496667,0.579564308,0.057394549
72.90135022,0.253416181,2.202988764,0.621027042,0.06109162
72.90598889,0.254547149,2.202098863,0.575958853,0.064238063
72.91062756,0.248326825,2.195788656,0.568747943,0.058102499
72.91526623,0.248649959,2.191500952,0.590380673,0.057787855
72.9199049,0.255112632,2.191581852,0.62282977,0.064080741
72.92454357,0.250669544,2.18972115,0.557030214,0.061563586
72.92918224,0.247034291,2.184543544,0.578662944,0.057237227
72.93382091,0.250750328,2.183249143,0.613816132,0.060147687
72.93845958,0.254870282,2.184381744,0.593084765,0.064788691
72.94309825,0.248246042,2.180983941,0.565142488,0.058731788
72.94773692,0.247357424,2.177424337,0.586775218,0.057473211
72.95237559,0.254304798,2.178556938,0.630942044,0.063058147
72.95701426,0.252285213,2.18001314,0.566945215,0.063058147
72.96165293,0.247680558,2.176696236,0.580465672,0.057787855
72.9662916,0.250023277,2.175725435,0.606605222,0.058653127
72.97093027,0.2557589,2.177586137,0.612013404,0.064867352
72.97556894,0.249780927,2.174592834,0.560635669,0.059990365
72.98020761,0.247761341,2.17135683,0.583169763,0.057394549
72.98484628,0.25317383,2.171761331,0.626435225,0.061642248
72.98948495,0.254385582,2.172732132,0.576860217,0.06400208
72.99412362,0.247761341,2.168525327,0.574156125,0.058023838
72.99876229,0.248892309,2.166260125,0.59669022,0.057709194
73.00340096,0.255678116,2.169010728,0.625533861,0.064080741
73.00803963,0.250831111,2.167959027,0.560635669,0.06109162
73.0126783,0.247680558,2.164237623,0.582268399,0.057079905
73.01731697,0.251558162,2.163994923,0.617421587,0.059911704
73.02195564,0.254789499,2.165127524,0.590380673,0.064631368
73.02659431,0.248003692,2.160839819,0.565142488,0.058574466
73.03123298,0.247761341,2.157361116,0.584972491,0.057001244
73.03587165,0.254143231,2.158493717,0.628237952,0.062743503
73.04051032,0.251800512,2.158089216,0.561537032,0.062507519
73.04514899,0.246872724,2.154772313,0.578662944,0.057237227
73.04978766,0.25010406,2.154448713,0.608407949,0.058967771
73.05442633,0.255274199,2.157927416,0.608407949,0.064788691
73.059065,0.249215443,2.155743114,0.561537032,0.059518399
73.06370367,0.247761341,2.152911611,0.583169763,0.057079905
73.06834234,0.253012264,2.154125112,0.627336589,0.061720909
73.07298101,0.25317383,2.155662214,0.572353398,0.063608774
73.07761968,0.247195857,2.15210261,0.574156125,0.058023838
73.08225835,0.248488392,2.149918308,0.59669022,0.058574466
73.08689702,0.255274199,2.152668911,0.621027042,0.064474046
73.09153569,0.250265627,2.151212709,0.558832941,0.061012959
73.09617436,0.246872724,2.148138506,0.580465672,0.057394549
73.10081303,0.251719729,2.147410405,0.618322951,0.060540992
73.1054517,0.254466365,2.149109307,0.586775218,0.064474046
73.11009037,0.247842125,2.146116004,0.566945215,0.058495805
73.11472904,0.247599774,2.144255302,0.586775218,0.057237227
73.11936771,0.254466365,2.146439604,0.628237952,0.063372791
73.12400638,0.251477379,2.146844104,0.560635669,0.062428858
73.12864505,0.247034291,2.145307003,0.578662944,0.057315888
73.13328372,0.250023277,2.145630603,0.608407949,0.059125093
73.13792239,0.255274199,2.149109307,0.604802494,0.064631368
73.14256106,0.248569176,2.147329505,0.562438396,0.059439737
73.14719973,0.246953507,2.146358704,0.584972491,0.057158566
73.1518384,0.252850697,2.148785707,0.63004068,0.061720909
73.15647707,0.252850697,2.15218351,0.575057489,0.06329413
73.16111574,0.247680558,2.151536309,0.581367036,0.057551872
73.16575441,0.249296226,2.152992511,0.606605222,0.058102499
73.17039308,0.255678116,2.158008316,0.627336589,0.064159402
73.17503175,0.250750328,2.158655517,0.566945215,0.060540992
73.17967042,0.247518991,2.157280216,0.590380673,0.057158566
73.18430909,0.252285213,2.160273519,0.629139316,0.060619654
73.18894776,0.254789499,2.165046624,0.592183401,0.064474046
73.19358643,0.248246042,2.164156723,0.578662944,0.058102499
73.1982251,0.248246042,2.165532024,0.600295675,0.057394549
73.20286377,0.255435766,2.172084931,0.640857045,0.063136808
73.20750244,0.251881296,2.179123239,0.578662944,0.061878231
73.21214111,0.247599774,2.18972115,0.608407949,0.057158566
73.21677978,0.250831111,2.206224767,0.648969319,0.059125093
73.22141845,0.255678116,2.222890185,0.643561137,0.064631368
73.22605712,0.24986171,2.232598195,0.612013404,0.059203754
73.23069579,0.249215443,2.2373713,0.634547499,0.057079905
73.23533446,0.25551655,2.241820805,0.672404778,0.062507519
73.23997313,0.254304798,2.242144406,0.601197039,0.063451452
73.2446118,0.248811526,2.2364814,0.600295675,0.057630533
73.24925047,0.250265627,2.231950995,0.618322951,0.058338482
73.25388914,0.256485951,2.231789195,0.628237952,0.064552707
73.25852781,0.250831111,2.22709699,0.568747943,0.060462331
73.26316648,0.248649959,2.220463183,0.588577946,0.057158566
73.26780515,0.253254614,2.21779348,0.627336589,0.060698315
73.27244382,0.255031849,2.216256378,0.584972491,0.064474046
73.27708249,0.249134659,2.210431572,0.572353398,0.057945177
73.28172116,0.248892309,2.205334866,0.592183401,0.057630533
73.28635983,0.255435766,2.204687666,0.627336589,0.063766097
73.2909985,0.251558162,2.201128062,0.558832941,0.061720909
73.29563717,0.247357424,2.194170655,0.578662944,0.057079905
73.30027584,0.250750328,2.190934651,0.612013404,0.059518399
73.30491451,0.254870282,2.191015551,0.595788856,0.065024674
73.30955318,0.248084475,2.185837946,0.562438396,0.058810449
73.31419185,0.247034291,2.181064841,0.583169763,0.057158566
73.31883052,0.253335397,2.181145741,0.626435225,0.062507519
73.32346919,0.252042863,2.17993224,0.564241124,0.062900825
73.32810786,0.246953507,2.174592834,0.575057489,0.057709194
73.33274653,0.248730742,2.172084931,0.601197039,0.058653127
73.3373852,0.254870282,2.173702933,0.612013404,0.064946013
73.34202387,0.248649959,2.17087143,0.559734305,0.059833043
73.34666254,0.246630373,2.166664625,0.584071127,0.057001244
73.35130121,0.251719729,2.166907326,0.625533861,0.061248942
73.35593988,0.253335397,2.168687128,0.580465672,0.06400208
73.36057855,0.247115074,2.165127524,0.572353398,0.058102499
73.36521722,0.247680558,2.163185922,0.593986129,0.058102499
73.36985589,0.254062448,2.166260125,0.626435225,0.064316724
73.37449456,0.250184844,2.167878127,0.566043851,0.061484925
73.37913323,0.24679194,2.17103323,0.595788856,0.057315888
73.3837719,0.251073462,2.18049854,0.63725159,0.059990365
73.38841057,0.2557589,2.193927954,0.621928406,0.064867352
73.39304924,0.24986171,2.202503363,0.598492948,0.05888911
73.39768791,0.249538577,2.209137171,0.619224315,0.057551872
73.40232658,0.256082034,2.216579978,0.657982957,0.063136808
73.40696525,0.254304798,2.219735082,0.585873855,0.063058147
73.41160392,0.24986171,2.216903579,0.594887492,0.057551872
73.41624259,0.251962079,2.214961977,0.619224315,0.058653127
73.42088126,0.257697702,2.216175478,0.621928406,0.064867352
73.42551993,0.251719729,2.211645073,0.568747943,0.059990365
73.4301586,0.249457793,2.207114668,0.588577946,0.057315888
73.43479727,0.254708715,2.206224767,0.63004068,0.061248942
73.43943594,0.255839683,2.206143867,0.578662944,0.063844758
73.44407461,0.249457793,2.201128062,0.575057489,0.057787855
73.44871328,0.249942494,2.196597657,0.59669022,0.057709194
73.45335195,0.256082034,2.197244858,0.62282977,0.064316724
73.45799062,0.251962079,2.194898755,0.558832941,0.061012959
73.46262929,0.248407609,2.18955935,0.582268399,0.057079905
73.46726796,0.25244678,2.188750349,0.617421587,0.059833043
73.47190663,0.255678116,2.19004475,0.590380673,0.064710029
73.4765453,0.249134659,2.186808747,0.566945215,0.058574466
73.48118397,0.248569176,2.183572743,0.587676582,0.057079905
73.48582264,0.255274199,2.184381744,0.63004068,0.063451452
73.49046131,0.253093047,2.183330043,0.56333976,0.063136808
73.49509998,0.248084475,2.178880538,0.579564308,0.057709194
73.49973865,0.250831111,2.177424337,0.608407949,0.059361076
73.50437732,0.256647517,2.179608639,0.609309313,0.065260657
73.50901599,0.24986171,2.177586137,0.564241124,0.059990365
73.51365466,0.248165258,2.177262537,0.58947931,0.057709194
73.51829333,0.254143231,2.181064841,0.635448863,0.062192875
73.522932,0.254466365,2.185271645,0.583169763,0.064474046
73.52757067,0.248730742,2.183815444,0.585873855,0.058259821
73.53220934,0.249942494,2.183491843,0.609309313,0.058417143
73.53684801,0.256162817,2.186808747,0.631843407,0.065024674
73.54148668,0.251396595,2.185676146,0.567846579,0.061484925
73.54612535,0.247922908,2.182116542,0.58947931,0.057630533
73.55076402,0.252527563,2.182116542,0.628237952,0.061012959
73.55540269,0.25551655,2.186485147,0.609309313,0.065181996
73.56004136,0.249134659,2.187132347,0.604802494,0.058653127
73.56468003,0.248730742,2.186566047,0.621928406,0.057866516
73.5693187,0.255597333,2.189073949,0.655278866,0.063766097
73.57395737,0.252850697,2.18931665,0.580465672,0.062507519
73.57859604,0.248569176,2.185028945,0.594887492,0.057473211
73.58323471,0.251235028,2.183330043,0.620125678,0.059282415
73.58787338,0.256162817,2.185190745,0.612013404,0.064867352
73.59251205,0.24961936,2.181226641,0.567846579,0.059282415
73.59715072,0.248165258,2.177181637,0.587676582,0.057079905
73.60178939,0.254062448,2.177586137,0.631843407,0.062271536
73.60642806,0.253981665,2.177990637,0.573254762,0.063608774
73.61106673,0.248003692,2.174107433,0.577761581,0.057630533
73.6157054,0.249457793,2.172408532,0.602098403,0.058338482
73.62034407,0.255920467,2.174431034,0.621027042,0.064474046
73.62498274,0.250346411,2.173136632,0.561537032,0.061012959
73.62962141,0.247599774,2.169819729,0.584972491,0.057315888
73.63426008,0.252042863,2.17046693,0.623731133,0.060776976
73.63889875,0.254708715,2.173055732,0.587676582,0.064474046
73.64353742,0.248084475,2.169819729,0.571452034,0.058023838
73.64817609,0.248326825,2.167473626,0.592183401,0.057709194
73.65281476,0.254547149,2.169738829,0.630942044,0.063608774
73.65745343,0.251558162,2.169253428,0.564241124,0.061720909
73.6620921,0.247518991,2.164561223,0.585873855,0.057158566
73.66673077,0.250911895,2.164803924,0.618322951,0.059125093
73.67136944,0.255193416,2.167878127,0.607506585,0.064788691
73.67600811,0.248892309,2.166017425,0.568747943,0.059203754
73.68064678,0.247518991,2.164237623,0.592183401,0.057158566
73.68528545,0.253577748,2.167150026,0.639054318,0.062350197
73.68992412,0.252527563,2.170305129,0.582268399,0.063451452
73.69456279,0.247438208,2.17079053,0.601197039,0.057315888
73.69920146,0.249215443,2.174511934,0.640857045,0.05818116
73.70384013,0.255678116,2.180983941,0.657982957,0.064710029
73.7084788,0.250184844,2.181388441,0.593986129,0.060069026
73.71311747,0.247680558,2.179365939,0.610210677,0.056922583
73.71775614,0.253012264,2.18057944,0.645363864,0.060540992
73.72239481,0.254789499,2.183087343,0.599394311,0.06400208
73.72703348,0.248407609,2.18041764,0.585873855,0.057630533
73.73167215,0.249134659,2.179123239,0.604802494,0.057237227
73.73631082,0.2562436,2.182440142,0.639955681,0.063844758
73.74094949,0.252608346,2.184462644,0.573254762,0.061720909
73.74558816,0.249053876,2.182844643,0.594887492,0.057237227
73.75022683,0.252850697,2.185271645,0.63004068,0.059282415
73.7548655,0.257293785,2.18996385,0.612013404,0.064631368
73.75950417,0.250669544,2.19012565,0.578662944,0.058810449
73.76414284,0.249942494,2.18988295,0.600295675,0.057079905
73.76878151,0.256405167,2.194494255,0.645363864,0.062192875
73.77342018,0.255597333,2.198134759,0.581367036,0.063058147
73.77805885,0.250265627,2.198053859,0.594887492,0.057394549
73.78269752,0.252608346,2.201208962,0.626435225,0.058417143
73.78733619,0.258909453,2.210755172,0.642659773,0.064474046
73.79197486,0.253496964,2.218602481,0.594887492,0.060226348
73.79661353,0.251800512,2.225317188,0.62282977,0.057158566
73.8012522,0.257455352,2.234297097,0.66339114,0.061170281
73.80589087,0.259232587,2.241578105,0.613816132,0.064159402
73.81052954,0.253093047,2.241254505,0.60390113,0.057866516
73.81516821,0.253900881,2.240445504,0.621928406,0.057315888
73.81980688,0.260363555,2.243519707,0.649870683,0.063608774
73.82444555,0.256324384,2.242953406,0.581367036,0.06109162
73.82908422,0.252608346,2.238746602,0.600295675,0.056607939
73.83372289,0.256324384,2.237614001,0.632744771,0.05959706
73.83836156,0.260121204,2.238099401,0.607506585,0.064474046
73.84300023,0.253416181,2.233083596,0.575057489,0.058731788
73.8476389,0.25268913,2.228714991,0.594887492,0.056843922
73.85227757,0.258747886,2.22766329,0.63725159,0.062350197
73.85691624,0.256970651,2.225478988,0.57055067,0.062350197
73.86155491,0.252285213,2.219654182,0.584071127,0.056843922
73.86619358,0.254385582,2.216822679,0.610210677,0.05818116
73.87083225,0.259878854,2.21803618,0.615618859,0.064238063
73.87547092,0.253900881,2.215690077,0.565142488,0.059125093
73.88010959,0.251881296,2.211806873,0.587676582,0.056371956
73.88474826,0.257051435,2.212130474,0.631843407,0.060855637
73.88938693,0.257859269,2.213101275,0.582268399,0.063451452
73.8940256,0.251881296,2.210593372,0.582268399,0.057394549
73.89866427,0.253093047,2.210755172,0.606605222,0.057001244
73.90330294,0.259636504,2.214072076,0.635448863,0.063530113
73.90794161,0.255193416,2.214881077,0.569649307,0.060540992
73.91258028,0.251881296,2.212454074,0.591282037,0.056765261
73.91721895,0.255839683,2.213586675,0.627336589,0.059518399
73.92185762,0.258990237,2.216660879,0.601197039,0.06400208
73.92649629,0.25244678,2.213748475,0.576860217,0.057787855
73.93113496,0.251962079,2.211725973,0.594887492,0.0566866
73.93577363,0.25858632,2.213505775,0.63725159,0.062350197
73.9404123,0.256324384,2.213586675,0.568747943,0.061720909
73.94505097,0.251881296,2.209622571,0.584071127,0.056450617
73.94968964,0.254062448,2.20840907,0.612914768,0.057787855
73.95432831,0.25931337,2.211078773,0.612914768,0.063451452
73.95896698,0.253254614,2.209379871,0.566945215,0.058653127
73.96360565,0.251881296,2.207761869,0.590380673,0.056293294
73.96824432,0.257697702,2.211968674,0.63725159,0.060934298
73.97288299,0.258020836,2.217388979,0.584972491,0.063215469
73.97752166,0.25293148,2.21771258,0.588577946,0.056922583
73.98216033,0.254304798,2.220705883,0.612914768,0.057237227
73.986799,0.261009822,2.228148691,0.63725159,0.063608774
73.99143767,0.256566734,2.231870095,0.576860217,0.059911704
73.99607634,0.253658531,2.233649897,0.600295675,0.0566866
74.00071501,0.25907102,2.237775801,0.638152954,0.059361076
74.00535368,0.262221573,2.242710706,0.604802494,0.063923419
74.00999235,0.255839683,2.241901705,0.584071127,0.057787855
74.01463102,0.255678116,2.240850004,0.602098403,0.0566866
74.01926969,0.26238314,2.243600607,0.641758409,0.062664841
74.02390836,0.259717287,2.243438807,0.572353398,0.061484925
74.02854703,0.254870282,2.238503902,0.588577946,0.0566866
74.0331857,0.257697702,2.235672399,0.615618859,0.058495805
74.03782437,0.262787057,2.236238699,0.609309313,0.064552707
74.04246304,0.2562436,2.231870095,0.566945215,0.058653127
74.04710171,0.254870282,2.22725879,0.587676582,0.0566866
74.05174038,0.260525122,2.227986891,0.632744771,0.061484925
74.05637905,0.259878854,2.226854289,0.574156125,0.062822164
74.06101772,0.254385582,2.221595784,0.579564308,0.057079905
74.06565639,0.256082034,2.219735082,0.604802494,0.057709194
74.07029506,0.26189844,2.222485685,0.627336589,0.063766097
74.07493373,0.257213001,2.222971085,0.57055067,0.059911704
74.0795724,0.255031849,2.221514884,0.594887492,0.056529278
74.08421107,0.259798071,2.222890185,0.633646135,0.060147687
74.08884974,0.261979223,2.225964388,0.594887492,0.064080741
74.09348841,0.25600125,2.222323885,0.578662944,0.057709194
74.09812708,0.25600125,2.219330581,0.597591584,0.057079905
74.10276575,0.26262549,2.221191283,0.635448863,0.063058147
74.10740442,0.259232587,2.220624983,0.566043851,0.061327603
74.11204309,0.254789499,2.216822679,0.585873855,0.056450617
74.11668176,0.258182402,2.216013678,0.616520223,0.059046432
74.12132043,0.262706274,2.217469879,0.604802494,0.064238063
74.1259591,0.256405167,2.214800177,0.567846579,0.058495805
74.13059777,0.254789499,2.211968674,0.588577946,0.0566866
74.13523644,0.260848255,2.213424875,0.633646135,0.061563586
74.13987511,0.259636504,2.214072076,0.571452034,0.06258618
74.14451378,0.254385582,2.210350672,0.580465672,0.056765261
74.14915245,0.2557589,2.209218071,0.605703858,0.057866516
74.15379112,0.261575306,2.212211374,0.621027042,0.063923419
74.15842979,0.255678116,2.210674272,0.565142488,0.059990365
74.16306846,0.253093047,2.20840907,0.588577946,0.056607939
74.16770713,0.258343969,2.210027071,0.629139316,0.06038367
74.1723458,0.260040421,2.213182175,0.585873855,0.063608774
74.17698447,0.253900881,2.209784371,0.576860217,0.057394549
74.18162314,0.253820098,2.20905627,0.597591584,0.057079905
74.18626181,0.260121204,2.212696774,0.633646135,0.063530113
74.19090048,0.256162817,2.213829376,0.568747943,0.061406264
74.19553915,0.252769913,2.212049574,0.590380673,0.057158566
74.20017782,0.256162817,2.213263075,0.62282977,0.059833043
74.20481649,0.260201988,2.21844068,0.607506585,0.065339318
74.20945516,0.254224015,2.21835978,0.575958853,0.059833043
74.21409383,0.25317383,2.21779348,0.597591584,0.058574466
74.2187325,0.25907102,2.221514884,0.641758409,0.063530113
74.22337117,0.257616918,2.224346387,0.576860217,0.063923419
74.22800984,0.252365996,2.222890185,0.587676582,0.058417143
74.23264851,0.254466365,2.222890185,0.612914768,0.059675721
74.23728718,0.260363555,2.226368889,0.621027042,0.065889946
74.24192585,0.254143231,2.224912687,0.567846579,0.060855637
74.24656452,0.252285213,2.222242984,0.590380673,0.058259821
74.25120319,0.257536135,2.223618286,0.632744771,0.062114214
74.25584186,0.258747886,2.225721688,0.586775218,0.065024674
74.26048053,0.25268913,2.223294686,0.579564308,0.059203754
74.2651192,0.252850697,2.222000284,0.602098403,0.05888911
74.26975787,0.259394154,2.226126189,0.633646135,0.064867352
74.27439654,0.255435766,2.22750149,0.568747943,0.061878231
74.27903521,0.251719729,2.226287989,0.592183401,0.057866516
74.28367388,0.255839683,2.229443092,0.627336589,0.060619654
74.28831255,0.259555721,2.235834199,0.604802494,0.065417979
74.29295122,0.253093047,2.236157799,0.577761581,0.059282415
74.29758989,0.25244678,2.235510599,0.598492948,0.057945177
74.30222856,0.25907102,2.239312903,0.642659773,0.063058147
74.30686723,0.257132218,2.241739905,0.575958853,0.063215469
74.3115059,0.252042863,2.238827502,0.58947931,0.057945177
74.31614457,0.254062448,2.238908402,0.615618859,0.059046432
74.32078324,0.259959638,2.242144406,0.619224315,0.065103335
74.32542191,0.253739314,2.241173605,0.569649307,0.059833043
74.33006058,0.251881296,2.238423002,0.592183401,0.057315888
74.33469925,0.257536135,2.240041003,0.635448863,0.06109162
74.33933792,0.258020836,2.241578105,0.584071127,0.063530113
74.34397659,0.252285213,2.238665702,0.582268399,0.057630533
74.34861526,0.253820098,2.237775801,0.60390113,0.057709194
74.35325393,0.260040421,2.241416305,0.631843407,0.064238063
74.3578926,0.255354983,2.242387106,0.568747943,0.06109162
74.36253127,0.251962079,2.241416305,0.593084765,0.057001244
74.36716994,0.256082034,2.244247808,0.63004068,0.059911704
74.37180861,0.259474937,2.249910814,0.60390113,0.064552707
74.37644728,0.253093047,2.250396214,0.583169763,0.058338482
74.38108595,0.252850697,2.251447915,0.605703858,0.057158566
74.38572462,0.259474937,2.258809823,0.651673411,0.063058147
74.39036329,0.257455352,2.266576231,0.590380673,0.062114214
74.39500196,0.25317383,2.27426174,0.615618859,0.056922583
74.39964063,0.255920467,2.286963053,0.649870683,0.059046432
74.4042793,0.261817656,2.305246472,0.655278866,0.064788691
74.40891797,0.256162817,2.326280495,0.626435225,0.059439737
74.41355664,0.255597333,2.364869836,0.688629326,0.057001244
74.41819531,0.26189844,2.427971903,0.78507525,0.061327603
74.42283398,0.263190974,2.498921278,0.766146611,0.063136808
74.42747265,0.258020836,2.548836631,0.772456157,0.057237227
74.43211132,0.259798071,2.579902264,0.776061613,0.057787855
74.43674999,0.266422311,2.597133982,0.764343883,0.064080741
74.44138866,0.261413739,2.598428383,0.674207505,0.060147687
74.44602733,0.258505536,2.591228276,0.674207505,0.056529278
74.450666,0.263029408,2.584675369,0.694037508,0.059911704
74.45530467,0.265614477,2.578850563,0.647166592,0.063844758
74.45994334,0.259474937,2.567605451,0.619224315,0.057787855
74.46458201,0.259474937,2.558382841,0.633646135,0.056922583
74.46922068,0.266260744,2.552881635,0.669700686,0.063058147
74.47385935,0.263271758,2.545762428,0.598492948,0.061642248
74.47849802,0.258909453,2.534598216,0.613816132,0.056607939
74.48313669,0.261817656,2.526831807,0.640857045,0.058495805
74.48777536,0.266745445,2.522301403,0.632744771,0.064552707
74.49241403,0.260282771,2.512916993,0.590380673,0.058731788
74.4970527,0.258909453,2.503370783,0.610210677,0.056371956
74.50169137,0.264645076,2.499002178,0.653476138,0.061484925
74.50633004,0.264564293,2.494633573,0.593986129,0.062822164
74.51096871,0.258909453,2.486462665,0.600295675,0.056843922
74.51560738,0.260363555,2.480718759,0.623731133,0.057551872
74.52024605,0.266583878,2.479262557,0.641758409,0.06400208
74.52488472,0.261332956,2.473275951,0.583169763,0.059833043
74.52952339,0.258343969,2.465509542,0.605703858,0.056765261
74.53416206,0.263029408,2.462435339,0.645363864,0.060147687
74.53880073,0.265129776,2.461869039,0.608407949,0.063923419
74.5434394,0.258990237,2.456367833,0.594887492,0.057551872
74.54807807,0.259555721,2.45361723,0.618322951,0.056843922
74.55271674,0.266260744,2.456125132,0.657982957,0.063058147
74.55735541,0.262867841,2.456206033,0.591282037,0.061563586
74.56199408,0.258909453,2.453131829,0.612914768,0.0566866
74.56663275,0.26238314,2.452646429,0.647166592,0.05888911
74.57127142,0.267149362,2.45410263,0.632744771,0.064316724
74.57591009,0.260282771,2.449248625,0.593986129,0.058495805
74.58054876,0.259394154,2.443828319,0.613816132,0.056765261
74.58518743,0.26521056,2.443262019,0.657982957,0.061406264
74.5898261,0.264321942,2.442129418,0.594887492,0.062822164
74.59446477,0.258909453,2.436709112,0.60390113,0.056765261
74.59910344,0.260767472,2.434120309,0.628237952,0.057787855
74.60374211,0.266826228,2.435981011,0.642659773,0.064238063
74.60838078,0.261736873,2.433311308,0.588577946,0.059675721
74.61301945,0.259394154,2.428700003,0.612013404,0.056293294
74.61765812,0.264402726,2.428133703,0.652574774,0.060147687
74.62229679,0.266341528,2.428780903,0.61111204,0.063530113
74.62693546,0.260282771,2.424897699,0.602098403,0.057315888
74.63157413,0.261171389,2.423603298,0.624632497,0.057001244
74.6362128,0.267957196,2.428052803,0.660687048,0.063215469
74.64085147,0.264321942,2.429670804,0.59669022,0.061012959
74.64549014,0.260444338,2.427001102,0.617421587,0.056607939
74.65012881,0.263756458,2.427243802,0.649870683,0.05888911
74.65476748,0.267957196,2.429185404,0.631843407,0.064080741
74.65940615,0.261413739,2.426434801,0.598492948,0.058338482
74.66404482,0.260929039,2.426030301,0.621928406,0.056843922
74.66868349,0.267795629,2.431450606,0.669700686,0.062114214
74.67332216,0.266826228,2.438327114,0.609309313,0.062822164
74.67796083,0.262060007,2.442291218,0.625533861,0.057237227
74.6825995,0.264887426,2.449086825,0.655278866,0.058338482
74.68723817,0.271026966,2.461302738,0.666996595,0.064631368
74.69187684,0.265372127,2.469959047,0.619224315,0.06038367
74.69651551,0.264079592,2.479667057,0.649870683,0.058731788
74.70115418,0.269653648,2.495685274,0.698544327,0.063844758
74.70579285,0.271269316,2.514292294,0.653476138,0.067069862
74.71043152,0.265937611,2.52917791,0.650772047,0.06109162
74.71507019,0.268441897,2.548836631,0.678714324,0.060855637
74.71970886,0.276277888,2.57626176,0.715670239,0.06691254
74.72434753,0.273450469,2.606841992,0.662489776,0.064238063
74.7289862,0.271511667,2.639040226,0.692234781,0.05959706
74.73362487,0.277085722,2.676254266,0.732796151,0.062271536
74.73826354,0.282982912,2.714843607,0.716571603,0.067227184
74.74290221,0.278943741,2.741702435,0.690432053,0.06109162
74.74754088,0.279832359,2.766134261,0.717472967,0.059911704
74.75217955,0.288880102,2.79355939,0.769752066,0.06549664
74.75681822,0.288314618,2.817910316,0.707557965,0.065260657
74.76145689,0.285244848,2.838054438,0.724683877,0.059754382
74.76609556,0.289284019,2.860949162,0.754428882,0.06109162
74.77073423,0.296150609,2.88716079,0.757132973,0.067148523
74.7753729,0.29073812,2.90633411,0.705755238,0.061720909
74.78001157,0.289930286,2.923808529,0.727387968,0.059282415
74.78465024,0.29663531,2.946056052,0.774258885,0.063608774
74.78928891,0.298897246,2.967899075,0.724683877,0.06620459
74.79392758,0.294696508,2.984564493,0.729190696,0.059833043
74.79856625,0.296796877,3.001634411,0.753527518,0.060147687
74.80320492,0.304471302,3.018623429,0.776962976,0.066440573
74.80784359,0.300432131,3.030596642,0.706656601,0.06329413
74.81248226,0.297443144,3.03820125,0.722881149,0.059361076
74.81712093,0.301967016,3.044268756,0.753527518,0.062271536
74.8217596,0.305359919,3.049769962,0.715670239,0.066755217
74.82639827,0.299381946,3.050012662,0.687727962,0.060698315
74.83103694,0.299058813,3.051064364,0.709360693,0.059203754
74.83567561,0.305521486,3.050336263,0.745415244,0.064946013
74.84031428,0.302694066,3.041275453,0.667897959,0.064159402
74.84495295,0.297927845,3.026389837,0.674207505,0.059046432
74.84959162,0.300351347,3.013203123,0.699445691,0.06038367
74.85423029,0.305279136,3.002038912,0.692234781,0.066361912
74.85886896,0.298493329,2.982622891,0.639955681,0.060855637
74.86350763,0.295989043,2.962236069,0.65618023,0.058653127
74.8681463,0.301239965,2.946460553,0.692234781,0.06329413
74.87278497,0.300108997,2.930523236,0.630942044,0.065103335
74.87742364,0.293484757,2.908680212,0.627336589,0.059203754
74.88206231,0.293484757,2.888374291,0.648067956,0.059125093
74.88670098,0.298978029,2.872194274,0.668799323,0.065181996
74.89133965,0.29332319,2.852535553,0.604802494,0.061563586
74.89597832,0.289122452,2.83109703,0.624632497,0.058023838
74.90061699,0.292919273,2.813218111,0.661588412,0.061248942
74.90525566,0.294454158,2.798332495,0.625533861,0.065260657
74.90989433,0.2869413,2.777622073,0.604802494,0.05888911
74.914533,0.286375816,2.758691453,0.62282977,0.058259821
74.91917167,0.291788305,2.745181139,0.66339114,0.063766097
74.92381034,0.288072268,2.729486522,0.594887492,0.06258618
74.92844901,0.282982912,2.710394102,0.612914768,0.057709194
74.93308768,0.284517797,2.694537685,0.6444625,0.059361076
74.93772635,0.288395401,2.682079072,0.636350226,0.065024674
74.94236502,0.282255861,2.664442853,0.593986129,0.059675721
74.94700369,0.279186091,2.647777436,0.614717496,0.057630533
74.95164236,0.28411388,2.635561523,0.657982957,0.062743503
74.95628103,0.282821345,2.622779309,0.59669022,0.063766097
74.9609197,0.276439455,2.60425319,0.601197039,0.057787855
74.96555837,0.277247289,2.588396773,0.623731133,0.058574466
74.97019704,0.282740562,2.576828061,0.639054318,0.064867352
74.97483571,0.276439455,2.560971644,0.579564308,0.060540992
74.97947438,0.273288902,2.543820826,0.600295675,0.057079905
74.98411305,0.276762589,2.530795912,0.638152954,0.060540992
74.98875172,0.27797434,2.5197126,0.597591584,0.064474046
74.99339039,0.271511667,2.503775283,0.583169763,0.057866516
74.99802906,0.271107749,2.489617768,0.60390113,0.057315888
75.00266773,0.277166506,2.479424357,0.639955681,0.063372791
75.0073064,0.272723418,2.468907346,0.571452034,0.061563586
75.01194507,0.267714846,2.456206033,0.593986129,0.057079905
75.01658374,0.271026966,2.449410425,0.632744771,0.059203754
75.02122241,0.275873971,2.449976726,0.627336589,0.064631368
75.02586108,0.269572865,2.445689021,0.593084765,0.058810449
75.03049975,0.267876413,2.439783315,0.612013404,0.056765261
75.03513842,0.273288902,2.43501021,0.651673411,0.061956892
75.03977709,0.272157934,2.426677501,0.584972491,0.062900825
75.04441576,0.266179961,2.413733488,0.590380673,0.057473211
75.04905443,0.267634062,2.402650176,0.61111204,0.058338482
75.0536931,0.272804201,2.395530968,0.621027042,0.064238063
75.05833177,0.266664661,2.383153255,0.56333976,0.059833043
75.06297044,0.262948624,2.369642941,0.584972491,0.056843922
75.06760911,0.267391712,2.360339431,0.625533861,0.060698315
75.07224778,0.268199546,2.352492123,0.582268399,0.063844758
75.07688645,0.261736873,2.340114409,0.571452034,0.057866516
75.08152512,0.261413739,2.329273798,0.593084765,0.057315888
75.08616379,0.267553279,2.324015292,0.627336589,0.063372791
75.09080246,0.263110191,2.315925284,0.561537032,0.061012959
75.09544113,0.258909453,2.305570073,0.582268399,0.056765261
75.1000798,0.262221573,2.298612665,0.616520223,0.059125093
75.10471847,0.26569526,2.295942963,0.600295675,0.064080741
75.10935714,0.258667103,2.288742855,0.569649307,0.05818116
75.11399581,0.257293785,2.281138247,0.591282037,0.057079905
75.11863448,0.263433325,2.279115745,0.635448863,0.062428858
75.12327315,0.261332956,2.276284242,0.571452034,0.06258618
75.12791182,0.2557589,2.269974035,0.585873855,0.057001244
75.13255049,0.257859269,2.26479643,0.613816132,0.058102499
75.13718916,0.263675675,2.264311029,0.621027042,0.064159402
75.14182783,0.257213001,2.259376124,0.568747943,0.059203754
75.1464665,0.254708715,2.253955818,0.591282037,0.056371956
75.15110517,0.259798071,2.252985017,0.633646135,0.060698315
75.15574384,0.261090605,2.253551318,0.585873855,0.063687435
75.16038251,0.255031849,2.249344513,0.582268399,0.057237227
75.16502118,0.255435766,2.247079311,0.605703858,0.057158566
75.16965985,0.261575306,2.250800715,0.639054318,0.063372791
75.17429852,0.257213001,2.253146817,0.576860217,0.060540992
75.17893719,0.253739314,2.254845719,0.604802494,0.056135972
75.18357586,0.257859269,2.261884026,0.647166592,0.059125093
75.18821453,0.261979223,2.27490894,0.630942044,0.063687435
75.1928532,0.255678116,2.286801253,0.612013404,0.057787855
75.19749187,0.255678116,2.30330487,0.643561137,0.056529278
75.20213054,0.263271758,2.336554806,0.713867512,0.061878231
75.20676921,0.264645076,2.40677608,0.715670239,0.061720909
75.21140788,0.266099177,2.520440701,0.814820255,0.056529278
75.21604655,0.275873971,2.667840657,0.921181181,0.05818116
75.22068522,0.2869413,2.812732711,0.959939824,0.064159402
75.22532389,0.285567982,2.920896125,0.913068907,0.059203754
75.22996256,0.284921714,2.979144187,0.893238904,0.056843922
75.23460123,0.290091853,2.997346707,0.868902082,0.060934298
75.2392399,0.289768719,2.9907938,0.757132973,0.063530113
75.24387857,0.283063696,2.966685574,0.709360693,0.057237227
75.24851724,0.283144479,2.939341345,0.698544327,0.057001244
75.25315591,0.288153051,2.914262318,0.699445691,0.063530113
75.25779458,0.282175078,2.883196685,0.615618859,0.06038367
75.26243325,0.277812773,2.84986585,0.621027042,0.056529278
75.26707192,0.280963327,2.820418219,0.647166592,0.059518399
75.27171059,0.283063696,2.795177392,0.609309313,0.06400208
75.27634926,0.275470054,2.76492076,0.581367036,0.057630533
75.28098793,0.27441987,2.73676753,0.597591584,0.056450617
75.2856266,0.279913142,2.714520007,0.638152954,0.062350197
75.29026527,0.275793188,2.691787082,0.568747943,0.06179957
75.29490394,0.270623049,2.666303555,0.585873855,0.056371956
75.29954261,0.272804201,2.645431333,0.615618859,0.057945177
75.30418128,0.277247289,2.630303017,0.621928406,0.06400208
75.30881995,0.270461482,2.613313999,0.591282037,0.05888911
75.31345862,0.268845814,2.598671084,0.620125678,0.056607939
75.31809729,0.273854386,2.587668672,0.660687048,0.060855637
75.32273596,0.273531252,2.577070761,0.601197039,0.062822164
75.32737463,0.267149362,2.560971644,0.600295675,0.056922583
75.3320133,0.267876413,2.545843328,0.618322951,0.057315888
75.33665197,0.273692819,2.534112815,0.635448863,0.063372791
75.34129064,0.267634062,2.518903599,0.57055067,0.059911704
75.34592931,0.264402726,2.50118648,0.58947931,0.056135972
75.35056798,0.268118763,2.486543565,0.625533861,0.059361076
75.35520665,0.270623049,2.475379353,0.590380673,0.063530113
75.35984532,0.263514108,2.459442036,0.572353398,0.057079905
75.36448399,0.262787057,2.444880021,0.593986129,0.056529278
75.36912266,0.268684247,2.435495611,0.633646135,0.062507519
75.37376133,0.265372127,2.423765098,0.56333976,0.061012959
75.3784,0.261252172,2.408798582,0.580465672,0.056214633
75.38303867,0.263837242,2.396663569,0.609309313,0.058259821
75.38767734,0.267957196,2.388492661,0.600295675,0.063923419
75.39231601,0.261171389,2.375953147,0.559734305,0.05818116
75.39695468,0.25907102,2.362442833,0.581367036,0.056214633
75.40159335,0.264483509,2.353786524,0.624632497,0.060934298
75.40623202,0.263837242,2.345939216,0.565142488,0.062192875
75.41087069,0.257455352,2.333318802,0.571452034,0.056450617
75.41550936,0.258747886,2.323287192,0.594887492,0.057001244
75.42014803,0.264321942,2.317462385,0.613816132,0.063372791
75.4247867,0.258747886,2.308401576,0.555227486,0.059361076
75.42942537,0.2557589,2.297803665,0.578662944,0.055899989
75.43406404,0.260282771,2.291412558,0.617421587,0.05959706
75.43870271,0.262060007,2.287043953,0.578662944,0.063136808
75.44334138,0.255112632,2.277578643,0.565142488,0.056922583
75.44798005,0.255112632,2.269650435,0.586775218,0.056135972
75.45261872,0.261413739,2.267466132,0.625533861,0.062192875
75.45725739,0.257697702,2.262207627,0.559734305,0.060540992
75.46189606,0.253496964,2.254845719,0.582268399,0.056057311
75.46653473,0.256970651,2.250477114,0.612914768,0.058338482
75.4711734,0.261090605,2.248859113,0.600295675,0.063687435
75.47581207,0.254143231,2.241659005,0.56333976,0.057945177
75.48045074,0.25293148,2.234944298,0.584972491,0.056057311
75.48508941,0.258747886,2.232759996,0.629139316,0.06109162
75.48972808,0.257374568,2.231141994,0.566043851,0.061956892
75.49436675,0.251962079,2.225802588,0.576860217,0.056371956
75.49900542,0.253335397,2.223375586,0.60390113,0.057158566
75.50364409,0.259474937,2.225964388,0.620125678,0.063451452
75.50828276,0.253577748,2.226935189,0.566945215,0.059046432
75.51292143,0.250992678,2.228148691,0.591282037,0.055899989
75.5175601,0.256162817,2.233973497,0.635448863,0.059833043
75.52219877,0.257455352,2.238099401,0.593084765,0.063058147
75.52683744,0.251881296,2.2366432,0.582268399,0.056607939
75.53147611,0.25268913,2.235186998,0.60390113,0.05597865
75.53611478,0.260444338,2.2366432,0.638152954,0.062507519
75.54075345,0.257051435,2.234216197,0.569649307,0.060226348
75.54539212,0.25268913,2.22782509,0.588577946,0.055742667
75.55003079,0.256647517,2.225721688,0.621928406,0.058102499
75.55466946,0.260686688,2.225964388,0.602098403,0.063136808
75.55930813,0.253577748,2.221514884,0.571452034,0.057315888
75.5639468,0.25293148,2.217065379,0.592183401,0.055899989
75.56858547,0.25931337,2.21835978,0.639054318,0.061248942
75.57322414,0.257778485,2.220382282,0.577761581,0.06179957
75.57786281,0.253093047,2.219815982,0.594887492,0.056057311
75.58250148,0.255597333,2.220948583,0.624632497,0.057079905
75.58714015,0.261171389,2.226449789,0.634547499,0.063530113
75.59177882,0.255193416,2.226530689,0.583169763,0.05888911
75.59641749,0.25293148,2.224184586,0.606605222,0.056214633
75.60105616,0.258424753,2.225559888,0.650772047,0.059754382
75.60569483,0.259232587,2.229443092,0.613816132,0.062822164
75.6103335,0.25293148,2.227986891,0.617421587,0.056607939
75.61497217,0.253658531,2.225074487,0.633646135,0.056450617
75.61961084,0.260282771,2.225964388,0.653476138,0.062822164
75.62424951,0.256162817,2.222728385,0.580465672,0.060147687
75.62888818,0.252204429,2.216499078,0.595788856,0.056057311
75.63352685,0.2562436,2.213829376,0.627336589,0.058653127
75.63816552,0.259798071,2.213586675,0.600295675,0.06329413
75.64280419,0.253416181,2.20881357,0.572353398,0.057315888
75.64744286,0.252850697,2.206952868,0.594887492,0.056135972
75.65208153,0.260121204,2.211159673,0.645363864,0.061563586
75.6567202,0.258747886,2.215932778,0.582268399,0.061406264
75.66135887,0.255031849,2.217550779,0.600295675,0.056057311
75.66599754,0.258747886,2.220786783,0.629139316,0.057315888
75.67063621,0.265614477,2.226773389,0.632744771,0.063372791
75.67527488,0.260282771,2.226611589,0.582268399,0.058653127
75.67991355,0.258101619,2.223456486,0.600295675,0.056135972
75.68455222,0.263110191,2.221757584,0.639054318,0.060305009
75.68919089,0.263433325,2.221029483,0.583169763,0.06258618
75.69382956,0.257374568,2.215609177,0.579564308,0.056529278
75.69846823,0.257859269,2.212454074,0.601197039,0.056607939
75.7031069,0.263675675,2.215447377,0.629139316,0.062979486
75.70774557,0.25858632,2.215770978,0.566945215,0.059990365
75.71238424,0.255597333,2.215042877,0.591282037,0.056057311
75.71702291,0.25907102,2.216660879,0.627336589,0.05888911
75.72166158,0.262060007,2.21844068,0.597591584,0.063372791
75.72630025,0.255597333,2.213829376,0.573254762,0.057158566
75.73093892,0.254627932,2.209622571,0.590380673,0.056135972
75.73557759,0.260767472,2.20857087,0.630942044,0.061563586
75.74021626,0.258182402,2.206143867,0.561537032,0.061012959
75.74485493,0.252769913,2.19918646,0.577761581,0.056057311
75.7494936,0.255354983,2.195222356,0.605703858,0.057551872
75.75413227,0.260040421,2.194898755,0.602098403,0.063608774
75.75877094,0.254062448,2.189235749,0.557931577,0.058338482
75.76340961,0.251881296,2.183410943,0.580465672,0.056057311
75.76804828,0.257051435,2.181954742,0.623731133,0.060776976
75.77268695,0.256809084,2.181226641,0.566945215,0.062428858
75.77732562,0.250669544,2.176129936,0.568747943,0.056293294
75.78196429,0.252204429,2.172165831,0.592183401,0.0566866
75.78660296,0.258263186,2.172813032,0.614717496,0.062979486
75.79124163,0.253335397,2.17054783,0.555227486,0.059361076
75.7958803,0.250023277,2.167878127,0.579564308,0.056057311
75.80051897,0.254708715,2.167959027,0.618322951,0.059439737
75.80515764,0.257455352,2.169253428,0.584972491,0.063058147
75.80979631,0.250911895,2.165774725,0.566945215,0.056843922
75.81443498,0.250507978,2.162781421,0.585873855,0.056135972
75.81907365,0.257213001,2.164075823,0.626435225,0.062114214
75.82371232,0.253658531,2.163509522,0.557931577,0.060698315
75.82835099,0.249296226,2.160192619,0.577761581,0.055899989
75.83298966,0.25244678,2.160516219,0.61111204,0.057787855
75.83762833,0.257293785,2.163752222,0.60390113,0.063215469
75.842267,0.250911895,2.16189152,0.564241124,0.057787855
75.84690567,0.249296226,2.159707218,0.586775218,0.055821328
75.85154434,0.255274199,2.162134221,0.631843407,0.060698315
75.85618301,0.254951066,2.164156723,0.572353398,0.062192875
75.86082168,0.24937701,2.16108252,0.578662944,0.056214633
75.86546035,0.250831111,2.159302718,0.602999766,0.057001244
75.87009902,0.257213001,2.16164882,0.619224315,0.063136808
75.87473769,0.251477379,2.160111719,0.559734305,0.059125093
75.87937636,0.249134659,2.156147614,0.581367036,0.055821328
75.88401503,0.253496964,2.155338613,0.621027042,0.059361076
75.8886537,0.2557589,2.156956615,0.582268399,0.062979486
75.89329237,0.249538577,2.153801512,0.567846579,0.0566866
75.89793104,0.24961936,2.150970009,0.587676582,0.056450617
75.90256971,0.256889868,2.153639712,0.627336589,0.062507519
75.90720838,0.253496964,2.154044212,0.560635669,0.060462331
75.91184705,0.249700143,2.149594707,0.580465672,0.056057311
75.91648572,0.253254614,2.149190207,0.612013404,0.05818116
75.92112439,0.257455352,2.15161721,0.59669022,0.063372791
75.92576306,0.251235028,2.147734005,0.558832941,0.057787855
75.93040173,0.249457793,2.143284501,0.579564308,0.056371956
75.9350404,0.256082034,2.1427182,0.623731133,0.061563586
75.93967907,0.254708715,2.143203601,0.561537032,0.062428858
75.94431774,0.248892309,2.138754096,0.571452034,0.056529278
75.94895641,0.251073462,2.136327093,0.59669022,0.057473211
75.95359508,0.257132218,2.138754096,0.609309313,0.063608774
75.95823375,0.251315812,2.136246193,0.554326122,0.059282415
75.96287242,0.248811526,2.132120289,0.577761581,0.056293294
75.96751109,0.253416181,2.131553988,0.618322951,0.060462331
75.97214976,0.25551655,2.13333379,0.575958853,0.063372791
75.97678843,0.248811526,2.129450586,0.566945215,0.056922583
75.9814271,0.249134659,2.127589884,0.58947931,0.056607939
75.98606577,0.256162817,2.130421387,0.624632497,0.062743503
75.99070444,0.252042863,2.130259587,0.557931577,0.06038367
75.99534311,0.248569176,2.127670784,0.580465672,0.056371956
75.99998178,0.252204429,2.128156185,0.615618859,0.058810449
76.00462045,0.256405167,2.131634888,0.59669022,0.063687435
76.00925912,0.249942494,2.129774186,0.566945215,0.057787855
76.01389779,0.248811526,2.128075285,0.588577946,0.056529278
76.01853646,0.255354983,2.131473088,0.634547499,0.06179957
76.02317513,0.253981665,2.133980991,0.57055067,0.062035553
76.0278138,0.248892309,2.132362989,0.583169763,0.056293294
76.03245247,0.250911895,2.132362989,0.609309313,0.057551872
76.03709114,0.257051435,2.136003493,0.617421587,0.063766097
76.04172981,0.250992678,2.135032692,0.565142488,0.059125093
76.04636848,0.24961936,2.131877589,0.586775218,0.056057311
76.05100715,0.254627932,2.13284839,0.629139316,0.06038367
76.05564582,0.255920467,2.134466391,0.581367036,0.063136808
76.06028449,0.250346411,2.130906788,0.575057489,0.057001244
76.06492316,0.250831111,2.129207886,0.59669022,0.056765261
76.06956183,0.257697702,2.132282089,0.628237952,0.063215469
76.0742005,0.253012264,2.132120289,0.562438396,0.060147687
76.07883917,0.249780927,2.128722485,0.584972491,0.056214633
76.08347784,0.25317383,2.129693286,0.619224315,0.058967771
76.08811651,0.256970651,2.132443889,0.594887492,0.063608774
76.09275518,0.250346411,2.129855086,0.567846579,0.057473211
76.09739385,0.249700143,2.127185384,0.586775218,0.056214633
76.10203252,0.256405167,2.128722485,0.629139316,0.06179957
76.10667119,0.253900881,2.128884285,0.561537032,0.061484925
76.11130986,0.249215443,2.124758381,0.576860217,0.056529278
76.11594853,0.251881296,2.123221279,0.60390113,0.057709194
76.1205872,0.257051435,2.125486482,0.605703858,0.06329413
76.12522587,0.250831111,2.123059479,0.557931577,0.058495805
76.12986454,0.248811526,2.120713377,0.580465672,0.056293294
76.13450321,0.254304798,2.123302179,0.625533861,0.06038367
76.13914188,0.254951066,2.126376383,0.575057489,0.062822164
76.14378055,0.248973093,2.12394938,0.575958853,0.056843922
76.14841922,0.24986171,2.12338308,0.598492948,0.056922583
76.15305789,0.256647517,2.127832584,0.624632497,0.063530113
76.15769656,0.251558162,2.129126986,0.562438396,0.060226348
76.16233523,0.248488392,2.127832584,0.586775218,0.056293294
76.1669739,0.252608346,2.130744987,0.624632497,0.059046432
76.17161257,0.2557589,2.135922593,0.594887492,0.063608774
76.17625124,0.248973093,2.135032692,0.572353398,0.057394549
76.18088991,0.248811526,2.134304591,0.592183401,0.056371956
76.18552858,0.255839683,2.137459695,0.632744771,0.062350197
76.19016725,0.25317383,2.139482197,0.564241124,0.06109162
76.19480592,0.248811526,2.137702395,0.582268399,0.056293294
76.19944459,0.251719729,2.138349595,0.610210677,0.057630533
76.20408326,0.256728301,2.141990099,0.608407949,0.063608774
76.20872193,0.250588761,2.140614798,0.562438396,0.05818116
76.2133606,0.249053876,2.138511396,0.584972491,0.055899989
76.21799927,0.254708715,2.140452998,0.629139316,0.060462331
76.22263794,0.254547149,2.1424755,0.573254762,0.062271536
76.22727661,0.248569176,2.139886697,0.575958853,0.056293294
76.23191528,0.250184844,2.139805797,0.598492948,0.056843922
76.23655395,0.256728301,2.144498002,0.620125678,0.062979486
76.24119262,0.251396595,2.144740702,0.560635669,0.059203754
76.24583129,0.248649959,2.1430418,0.584071127,0.055742667
76.25046996,0.252850697,2.145873303,0.624632497,0.058967771
76.25510863,0.255678116,2.149756508,0.58947931,0.063058147
76.2597473,0.249296226,2.147329505,0.571452034,0.056843922
76.26438597,0.249457793,2.146116004,0.590380673,0.056135972
76.26902464,0.256324384,2.150484608,0.631843407,0.062035553
76.27366331,0.253577748,2.152992511,0.565142488,0.060855637
76.27830198,0.24937701,2.15218351,0.585873855,0.055664006
76.28294065,0.252365996,2.155095913,0.617421587,0.057630533
76.28757932,0.257374568,2.160839819,0.609309313,0.063215469
76.29221799,0.251154245,2.160030818,0.568747943,0.057551872
76.29685666,0.249700143,2.158493717,0.58947931,0.055821328
76.30149533,0.256162817,2.160516219,0.631843407,0.060540992
76.306134,0.25551655,2.16189152,0.571452034,0.061720909
76.31077267,0.24986171,2.159221818,0.577761581,0.056057311
76.31541134,0.251558162,2.158008316,0.602098403,0.057079905
76.32005001,0.257940052,2.162376921,0.620125678,0.063215469
76.32468868,0.252365996,2.16164882,0.561537032,0.059282415
76.32932735,0.249457793,2.159949918,0.586775218,0.055742667
76.33396602,0.254789499,2.162862321,0.627336589,0.059361076
76.33860469,0.256889868,2.166745526,0.58947931,0.062900825
76.34324336,0.250992678,2.165451124,0.575958853,0.056843922
76.34788203,0.251073462,2.165774725,0.597591584,0.056293294
76.3525207,0.257778485,2.17070963,0.635448863,0.062192875
76.35715937,0.254708715,2.172893932,0.567846579,0.060619654
76.36179804,0.250184844,2.171761331,0.586775218,0.056293294
76.36643671,0.253820098,2.174916434,0.620125678,0.058417143
76.37107538,0.258424753,2.182844643,0.608407949,0.063844758
76.37571405,0.252123646,2.187375047,0.577761581,0.057787855
76.38035272,0.251558162,2.194494255,0.605703858,0.056293294
76.38499139,0.258020836,2.207519169,0.654377502,0.061170281
76.38963006,0.257213001,2.219896882,0.593986129,0.061878231
76.39426873,0.252285213,2.228067791,0.604802494,0.056057311
76.3989074,0.254627932,2.237533101,0.630942044,0.056843922
76.40354607,0.261171389,2.252014216,0.642659773,0.063451452
76.40818474,0.2557589,2.261803126,0.58947931,0.058810449
76.41282341,0.253335397,2.269003234,0.61111204,0.055664006
76.41746208,0.258505536,2.279277545,0.652574774,0.059361076
76.42210075,0.260525122,2.289713656,0.605703858,0.062900825
76.42673942,0.255112632,2.292383359,0.593084765,0.056843922
76.43137809,0.254870282,2.296266563,0.612013404,0.056293294
76.43601676,0.261817656,2.30273857,0.6444625,0.06258618
76.44065543,0.257616918,2.30322397,0.575958853,0.060226348
76.4452941,0.253981665,2.299907067,0.595788856,0.055821328
76.44993277,0.257940052,2.298289065,0.626435225,0.058338482
76.45457144,0.262221573,2.298208165,0.605703858,0.063530113
76.45921011,0.255435766,2.292140659,0.573254762,0.057315888
76.46384878,0.254062448,2.285506852,0.593986129,0.055742667
76.46848745,0.260201988,2.283241649,0.638152954,0.061327603
76.47312612,0.25907102,2.280733746,0.573254762,0.061642248
76.47776479,0.253739314,2.27507074,0.588577946,0.056135972
76.48240346,0.255597333,2.272967338,0.615618859,0.057473211
76.48704213,0.261413739,2.273695439,0.623731133,0.063608774
76.4916808,0.255435766,2.268517834,0.569649307,0.058810449
76.49631947,0.25317383,2.262450327,0.590380673,0.055899989
76.50095814,0.258263186,2.259942424,0.630942044,0.059990365
76.50559681,0.259555721,2.257758122,0.582268399,0.062664841
76.51023548,0.253093047,2.250315314,0.575958853,0.056529278
76.51487415,0.253658531,2.245299509,0.597591584,0.056529278
76.51951282,0.260201988,2.245299509,0.628237952,0.063136808
76.52415149,0.2557589,2.241901705,0.564241124,0.060226348
76.52879016,0.251719729,2.236157799,0.585873855,0.056135972
76.53342883,0.25600125,2.234135297,0.621928406,0.058810449
76.5380675,0.259474937,2.234297097,0.59669022,0.063608774
76.54270617,0.252527563,2.228957692,0.57055067,0.057709194
76.54734484,0.251881296,2.225398088,0.591282037,0.056214633
76.55198351,0.258667103,2.225964388,0.636350226,0.061956892
76.55662218,0.256566734,2.225802588,0.57055067,0.061720909
76.56126085,0.252123646,2.222566585,0.588577946,0.056450617
76.56589952,0.254466365,2.222485685,0.617421587,0.057945177
76.57053819,0.259798071,2.226207089,0.620125678,0.06400208
76.57517686,0.254062448,2.226126189,0.574156125,0.058967771
76.57981553,0.251962079,2.226207089,0.602098403,0.056293294
76.5844542,0.257616918,2.233892597,0.654377502,0.060698315
76.58909287,0.25907102,2.250234414,0.620125678,0.062979486
76.59373154,0.254062448,2.275960641,0.658884321,0.056765261
76.59837021,0.255435766,2.310019578,0.712064784,0.057001244
76.60300888,0.262948624,2.338496408,0.73009206,0.063530113
76.60764755,0.25858632,2.35038872,0.647166592,0.060462331
76.61228622,0.255193416,2.352168522,0.653476138,0.056765261
76.61692489,0.259636504,2.353624724,0.676911597,0.05959706
76.62156356,0.262463924,2.355323626,0.63725159,0.063687435
76.62620223,0.255920467,2.349175219,0.605703858,0.057630533
76.6308409,0.25551655,2.342298712,0.617421587,0.056450617
76.63547957,0.262060007,2.339224509,0.650772047,0.062900825
76.64011824,0.25931337,2.333966003,0.576860217,0.061720909
76.64475691,0.254547149,2.324581593,0.592183401,0.056765261
76.64939558,0.256970651,2.319323087,0.620125678,0.058417143
76.65403425,0.262302357,2.318999487,0.617421587,0.06400208
76.65867292,0.256162817,2.314307282,0.574156125,0.058338482
76.66331159,0.254547149,2.308644276,0.595788856,0.05597865
76.66795026,0.260444338,2.306864474,0.639054318,0.060698315
76.67258893,0.260282771,2.304680172,0.580465672,0.062743503
76.6772276,0.254708715,2.296751963,0.581367036,0.056765261
76.68186627,0.2557589,2.291250758,0.60390113,0.057079905
76.68650494,0.26189844,2.289875456,0.623731133,0.063136808
76.69114361,0.2562436,2.28437425,0.56333976,0.059754382
76.69578228,0.253335397,2.277335943,0.586775218,0.056057311
76.70042095,0.257940052,2.27442354,0.625533861,0.059282415
76.70505962,0.260121204,2.273452739,0.58947931,0.06329413
76.70969829,0.25317383,2.265929031,0.572353398,0.057158566
76.71433696,0.25317383,2.260104225,0.591282037,0.0566866
76.71897563,0.259717287,2.259699724,0.63004068,0.062664841
76.7236143,0.256485951,2.256706421,0.561537032,0.061012959
76.72825297,0.252042863,2.250396214,0.581367036,0.056450617
76.73289164,0.255597333,2.246836611,0.612914768,0.058417143
76.73753031,0.259878854,2.24618941,0.602999766,0.063844758
76.74216898,0.253254614,2.239960103,0.561537032,0.05818116
76.74680765,0.252204429,2.233973497,0.583169763,0.056214633
76.75144632,0.257859269,2.232031895,0.627336589,0.061248942
76.75608499,0.256889868,2.229604892,0.567846579,0.062114214
76.76072366,0.251558162,2.223213785,0.575958853,0.056371956
76.76536233,0.252769913,2.219006981,0.601197039,0.056922583
76.770001,0.258667103,2.219573282,0.617421587,0.063136808
76.77463967,0.25317383,2.215285577,0.558832941,0.059046432
76.77927834,0.250023277,2.209218071,0.582268399,0.05597865
76.78391701,0.254870282,2.206386568,0.621928406,0.05959706
76.78855568,0.256728301,2.205253966,0.582268399,0.062979486
76.79319435,0.25010406,2.19942916,0.568747943,0.056529278
76.79783302,0.250265627,2.195141456,0.588577946,0.056450617
76.80247169,0.256566734,2.194494255,0.623731133,0.062428858
76.80711036,0.252769913,2.191096451,0.555227486,0.060934298
76.81174903,0.248811526,2.184219944,0.575057489,0.056214633
76.8163877,0.251962079,2.18041764,0.606605222,0.05818116
76.82102637,0.256082034,2.179851339,0.593084765,0.063766097
76.82566504,0.24937701,2.174188333,0.557030214,0.057630533
76.83030371,0.248165258,2.167878127,0.577761581,0.056135972
76.83494238,0.254627932,2.166826426,0.621928406,0.061406264
76.83958105,0.253335397,2.164399423,0.558832941,0.062192875
76.84421972,0.247438208,2.158251017,0.569649307,0.056371956
76.84885839,0.24961936,2.154529613,0.594887492,0.057158566
76.85349706,0.255193416,2.154853213,0.607506585,0.063608774
76.85813573,0.24937701,2.15202171,0.553424758,0.058967771
76.8627744,0.246711157,2.148300306,0.578662944,0.056214633
76.86741307,0.252204429,2.148543006,0.621027042,0.059990365
76.87205174,0.253416181,2.150403708,0.576860217,0.062979486
76.87669041,0.247357424,2.146358704,0.568747943,0.056765261
76.88132908,0.247680558,2.1430418,0.590380673,0.056607939
76.88596775,0.254062448,2.144417102,0.623731133,0.062743503
76.89060642,0.250184844,2.143446301,0.558832941,0.060462331
76.89524509,0.246468807,2.139805797,0.579564308,0.056293294
76.89988376,0.250023277,2.138996796,0.613816132,0.05888911
76.90452243,0.254143231,2.141019298,0.593986129,0.063766097
76.9091611,0.247599774,2.136893394,0.56333976,0.058102499
76.91379977,0.246630373,2.13333379,0.582268399,0.056293294
76.91843844,0.253335397,2.134061891,0.627336589,0.061327603
76.92307711,0.251235028,2.134061891,0.561537032,0.061956892
76.92771578,0.246388023,2.129126986,0.573254762,0.056214633
76.93235445,0.248488392,2.127347184,0.600295675,0.057473211
76.93699312,0.254304798,2.129774186,0.606605222,0.063530113
76.94163179,0.247842125,2.126861783,0.555227486,0.058810449
76.94627046,0.245984106,2.122250478,0.578662944,0.055821328
76.95090913,0.251235028,2.123059479,0.621928406,0.059990365
76.9555478,0.252365996,2.124677481,0.572353398,0.062822164
76.96018647,0.24630724,2.120551577,0.568747943,0.056529278
76.96482514,0.247357424,2.119095375,0.590380673,0.056529278
76.96946381,0.254224015,2.122250478,0.620125678,0.063058147
76.97410248,0.249457793,2.122331378,0.55612885,0.059990365
76.97874115,0.24630724,2.120066176,0.579564308,0.056214633
76.98337982,0.250184844,2.120389776,0.616520223,0.058574466
76.98801849,0.253496964,2.125001081,0.593084765,0.063530113
76.99265716,0.247276641,2.124353881,0.569649307,0.057001244
76.99729583,0.24679194,2.125001081,0.591282037,0.056057311
77.0019345,0.253254614,2.129531486,0.634547499,0.061563586
77.00657317,0.250911895,2.132039389,0.566945215,0.061327603
77.01121184,0.245984106,2.130744987,0.581367036,0.056135972
77.01585051,0.248811526,2.131230388,0.610210677,0.057315888
77.02048918,0.254304798,2.135518092,0.61111204,0.063608774
77.02512785,0.248246042,2.134709092,0.564241124,0.058259821
77.02976652,0.246711157,2.13365739,0.586775218,0.055742667
77.03440519,0.25268913,2.138106895,0.631843407,0.060462331
77.03904386,0.253739314,2.145549703,0.582268399,0.062350197
77.04368253,0.248407609,2.150161008,0.587676582,0.056293294
77.0483212,0.249700143,2.155985814,0.613816132,0.0566866
77.05295987,0.256809084,2.165208424,0.640857045,0.062900825
77.05759854,0.252204429,2.168606228,0.577761581,0.059675721
77.06223721,0.249538577,2.168929828,0.598492948,0.056057311
77.06687588,0.254062448,2.172570332,0.633646135,0.059046432
77.07151455,0.257051435,2.178233338,0.60390113,0.063372791
77.07615322,0.250750328,2.179285039,0.582268399,0.057237227
77.08079189,0.250750328,2.181145741,0.602098403,0.056057311
77.08543056,0.257940052,2.187132347,0.643561137,0.062114214
77.09006923,0.255678116,2.190449251,0.575057489,0.06109162
77.0947079,0.251235028,2.18939755,0.592183401,0.056214633
77.09934657,0.254304798,2.190853751,0.619224315,0.058102499
77.10398524,0.259798071,2.195545956,0.614717496,0.063608774
77.10862391,0.253093047,2.194575155,0.569649307,0.058338482
77.11326258,0.251800512,2.192633553,0.591282037,0.05597865
77.11790125,0.257213001,2.195222356,0.634547499,0.060855637
77.12253992,0.257536135,2.196354957,0.576860217,0.06258618
77.12717859,0.251477379,2.193604354,0.580465672,0.056214633
77.13181726,0.25293148,2.193038053,0.602098403,0.057079905
77.13645593,0.259151803,2.196435857,0.623731133,0.063451452
77.1410946,0.253658531,2.196354957,0.564241124,0.059361076
77.14573327,0.251235028,2.195060556,0.586775218,0.055899989
77.15037194,0.255597333,2.197244858,0.625533861,0.059439737
77.15501061,0.257859269,2.201532562,0.590380673,0.063451452
77.15964928,0.251235028,2.200238161,0.574156125,0.057394549
77.16428795,0.252123646,2.19910556,0.593986129,0.056607939
77.16892662,0.258020836,2.202584264,0.632744771,0.062664841
77.17356529,0.254708715,2.202746064,0.565142488,0.06109162
77.17820396,0.250427194,2.199833661,0.584972491,0.056450617
77.18284263,0.253820098,2.201047162,0.616520223,0.058023838
77.1874813,0.258747886,2.205658467,0.606605222,0.063530113
77.19211997,0.252365996,2.204849466,0.566945215,0.057945177
77.19675864,0.251073462,2.204364065,0.590380673,0.055821328
77.20139731,0.257132218,2.20848997,0.634547499,0.060776976
77.20603598,0.256647517,2.212777674,0.574156125,0.062035553
77.21067465,0.251154245,2.212939475,0.582268399,0.056607939
77.21531332,0.252769913,2.215366477,0.608407949,0.056922583
77.21995199,0.258747886,2.222566585,0.625533861,0.063058147
77.22459066,0.253577748,2.225398088,0.568747943,0.05888911
77.22922933,0.251558162,2.225964388,0.591282037,0.055506684
77.233868,0.2562436,2.229038592,0.631843407,0.059203754
77.23850667,0.258424753,2.233164496,0.590380673,0.062900825
77.24314534,0.251881296,2.232112795,0.577761581,0.056607939
77.24778401,0.252365996,2.233083596,0.599394311,0.056135972
77.25242268,0.259151803,2.238018501,0.636350226,0.062350197
77.25706135,0.255435766,2.240688204,0.568747943,0.060147687
77.26170002,0.251396595,2.240121903,0.58947931,0.05597865
77.26633869,0.255193416,2.243357907,0.623731133,0.058023838
77.27097736,0.259878854,2.249910814,0.610210677,0.06329413
77.27561603,0.253496964,2.251609716,0.575958853,0.057551872
77.2802547,0.252850697,2.253227717,0.598492948,0.055899989
77.28489337,0.259636504,2.258648023,0.641758409,0.061012959
77.28953204,0.258263186,2.262450327,0.577761581,0.061720909
77.29417071,0.253658531,2.261075026,0.587676582,0.056135972
77.29880938,0.255597333,2.261155926,0.612013404,0.057079905
77.30344805,0.261494523,2.264715529,0.621027042,0.063058147
77.30808672,0.255435766,2.261884026,0.566043851,0.058810449
77.31272539,0.252769913,2.257353622,0.587676582,0.055821328
77.31736406,0.257859269,2.25573562,0.628237952,0.059518399
77.32200273,0.258990237,2.25605922,0.583169763,0.06258618
77.3266414,0.252769913,2.249910814,0.575057489,0.056607939
77.33128007,0.253496964,2.244571408,0.595788856,0.056607939
77.33591874,0.259798071,2.244086008,0.628237952,0.062822164
77.34055741,0.255354983,2.241416305,0.562438396,0.060147687
77.34519608,0.251558162,2.236319599,0.584071127,0.055742667
77.34983475,0.255597333,2.234701598,0.618322951,0.058259821
77.35447342,0.25931337,2.235995999,0.599394311,0.06329413
77.35911209,0.253254614,2.232112795,0.57055067,0.057709194
77.36375076,0.252285213,2.22790599,0.592183401,0.056135972
77.36838943,0.25858632,2.228148691,0.636350226,0.061406264
77.3730281,0.256970651,2.226287989,0.569649307,0.061563586
77.37766677,0.251962079,2.220220482,0.582268399,0.055899989
77.38230544,0.253739314,2.216013678,0.608407949,0.057630533
77.38694411,0.259555721,2.215851878,0.614717496,0.063608774
77.39158278,0.253496964,2.210836072,0.565142488,0.058653127
77.39622145,0.250750328,2.205982067,0.593986129,0.055899989
77.40086012,0.256082034,2.205820267,0.648067956,0.060147687
77.40549879,0.257132218,2.206710168,0.605703858,0.062743503
77.41013746,0.250911895,2.202179763,0.602098403,0.056765261
77.41477613,0.251477379,2.19878196,0.619224315,0.0566866
77.4194148,0.258020836,2.19959096,0.6444625,0.063215469
77.42405347,0.253416181,2.197406658,0.577761581,0.059990365
77.42869214,0.250346411,2.194008854,0.598492948,0.056135972
77.43333081,0.254304798,2.194008854,0.633646135,0.05888911
77.43796948,0.257374568,2.195222356,0.606605222,0.063451452
77.44260815,0.250669544,2.190853751,0.579564308,0.057158566
77.44724682,0.25010406,2.186485147,0.597591584,0.056135972
77.45188549,0.256647517,2.186646947,0.639054318,0.061956892
77.45652416,0.254385582,2.185271645,0.569649307,0.061642248
77.46116283,0.249700143,2.179770439,0.584071127,0.056607939
77.4658015,0.252123646,2.177505237,0.61111204,0.057866516
77.47044017,0.257455352,2.179285039,0.61111204,0.063923419
77.47507884,0.251073462,2.175806335,0.562438396,0.058495805
77.47971751,0.249053876,2.171923131,0.584972491,0.056057311
77.48435618,0.254547149,2.171842231,0.628237952,0.06038367
77.48899485,0.255112632,2.171599531,0.575057489,0.062350197
77.49363352,0.249215443,2.167069126,0.574156125,0.056607939
77.49827219,0.250184844,2.163994923,0.595788856,0.056922583
77.50291086,0.256809084,2.165693824,0.621027042,0.062979486
77.50754953,0.251881296,2.163509522,0.559734305,0.059911704
77.5121882,0.248649959,2.159464518,0.582268399,0.05597865
77.51682687,0.252608346,2.159464518,0.619224315,0.058967771
77.52146554,0.255435766,2.161972421,0.588577946,0.063451452
77.52610421,0.248730742,2.158412817,0.566945215,0.057315888
77.53074288,0.248892309,2.156956615,0.588577946,0.056529278
77.53538155,0.255274199,2.159140918,0.63004068,0.062192875
77.54002022,0.252608346,2.159707218,0.562438396,0.061248942
77.54465889,0.248084475,2.156875715,0.580465672,0.056293294
77.54929756,0.250669544,2.157280216,0.610210677,0.058023838
77.55393623,0.255597333,2.16124432,0.606605222,0.063844758
77.5585749,0.249215443,2.160678019,0.56333976,0.058259821
77.56321357,0.247518991,2.159383618,0.584071127,0.055899989
77.56785224,0.253577748,2.163266822,0.63004068,0.060540992
77.57249091,0.253335397,2.167311826,0.573254762,0.062271536
77.57712958,0.247680558,2.167473626,0.577761581,0.056450617
77.58176825,0.249053876,2.17103323,0.602999766,0.057079905
77.58640692,0.255112632,2.179689539,0.625533861,0.063215469
77.59104559,0.24986171,2.185028945,0.569649307,0.05959706
77.59568426,0.247599774,2.192633553,0.598492948,0.056135972
77.60032293,0.252204429,2.206062967,0.643561137,0.059675721
77.6049616,0.254870282,2.221353083,0.612013404,0.063608774
77.60960027,0.249215443,2.229685792,0.598492948,0.057079905
77.61423894,0.249538577,2.236076899,0.618322951,0.056371956
77.61887761,0.2557589,2.245380409,0.65618023,0.06258618
77.62351628,0.25293148,2.249991714,0.585873855,0.060934298
77.62815495,0.248488392,2.249910814,0.602098403,0.056293294
77.63279362,0.251719729,2.253551318,0.633646135,0.058338482
77.63743229,0.256647517,2.260589625,0.627336589,0.063687435
77.64207096,0.250911895,2.263178428,0.592183401,0.05818116
77.64670963,0.249296226,2.26503913,0.612013404,0.056214633
77.6513483,0.255274199,2.270702136,0.651673411,0.061406264
77.65598697,0.253981665,2.275798841,0.588577946,0.062428858
77.66062564,0.248973093,2.277578643,0.595788856,0.056450617
77.66526431,0.250346411,2.281947248,0.621027042,0.057237227
77.66990298,0.256082034,2.290522657,0.63725159,0.063687435
77.67454165,0.250184844,2.294891261,0.580465672,0.059282415
77.67918032,0.247922908,2.300149767,0.608407949,0.05597865
77.68381899,0.252204429,2.314954483,0.662489776,0.05959706
77.68845766,0.254708715,2.337930107,0.647166592,0.062822164
77.69309633,0.248407609,2.356456227,0.650772047,0.056607939
77.697735,0.248973093,2.365759737,0.659785685,0.056765261
77.70237367,0.255435766,2.374173346,0.682319779,0.06258618
77.70701234,0.251719729,2.376519448,0.602999766,0.06038367
77.71165101,0.247518991,2.373930645,0.615618859,0.055742667
77.71628968,0.250911895,2.375467747,0.642659773,0.058417143
77.72092835,0.255031849,2.377166649,0.62282977,0.063608774
77.72556702,0.248326825,2.372717144,0.584972491,0.057551872
77.73020569,0.247195857,2.367296838,0.602999766,0.056214633
77.73484436,0.25317383,2.366083337,0.645363864,0.061327603
77.73948303,0.251558162,2.363090034,0.579564308,0.061878231
77.7441217,0.246226456,2.354514625,0.586775218,0.056214633
77.74876037,0.248246042,2.347476317,0.612914768,0.057237227
77.75339904,0.254224015,2.345696515,0.621928406,0.063608774
77.75803771,0.248569176,2.339709909,0.567846579,0.059361076
77.76267638,0.245822539,2.332267101,0.590380673,0.056293294
77.76731505,0.251315812,2.328869298,0.630942044,0.059833043
77.77195372,0.252527563,2.324986093,0.584972491,0.062900825
77.77659239,0.246226456,2.316248884,0.576860217,0.056843922
77.78123106,0.246630373,2.307997075,0.59669022,0.056529278
77.78586973,0.253416181,2.303871171,0.627336589,0.063136808
77.7905084,0.249296226,2.296994664,0.562438396,0.060226348
77.79514707,0.244933922,2.286963053,0.583169763,0.056135972
77.79978574,0.248973093,2.280167446,0.616520223,0.058574466
77.80442441,0.252769913,2.276203342,0.593986129,0.064238063
77.80906308,0.24606489,2.266657132,0.564241124,0.05818116
77.81370175,0.245660972,2.257758122,0.584972491,0.056765261
77.81834042,0.251800512,2.253308617,0.628237952,0.062114214
77.82297909,0.250184844,2.248131012,0.56333976,0.062035553
77.82761776,0.245580189,2.238746602,0.576860217,0.056450617
77.83225643,0.247922908,2.232598195,0.602999766,0.058023838
77.8368951,0.253335397,2.229685792,0.608407949,0.064238063
77.84153377,0.247438208,2.222081184,0.557030214,0.059282415
77.84617244,0.246145673,2.213586675,0.579564308,0.056371956
77.85081111,0.251638945,2.209541671,0.62282977,0.060540992
77.85544978,0.252285213,2.207033768,0.573254762,0.063058147
77.86008845,0.24630724,2.19959096,0.569649307,0.057237227
77.86472712,0.247115074,2.194494255,0.593986129,0.057158566
77.86936579,0.253496964,2.194898755,0.625533861,0.063136808
77.87400446,0.248730742,2.193361654,0.56333976,0.060226348
77.87864313,0.245176272,2.191015551,0.591282037,0.056135972
77.8832818,0.249296226,2.193685254,0.632744771,0.058967771
77.88792047,0.253093047,2.201370762,0.613816132,0.063530113
77.89255914,0.246468807,2.206548368,0.601197039,0.057079905
77.89719781,0.245822539,2.216256378,0.63725159,0.055899989
77.90183648,0.25293148,2.228634091,0.685023871,0.06179957
77.90647515,0.250346411,2.234377997,0.61111204,0.061563586
77.91111382,0.245903323,2.230332993,0.618322951,0.056135972
77.91575249,0.248730742,2.227016089,0.639054318,0.057866516
77.92039116,0.254062448,2.226126189,0.631843407,0.063451452
77.92502983,0.247842125,2.219168781,0.578662944,0.058417143
77.9296685,0.24654959,2.211159673,0.595788856,0.055899989
77.93430717,0.252123646,2.207519169,0.636350226,0.060069026
77.93894584,0.252365996,2.204121365,0.580465672,0.062428858
77.94358451,0.246630373,2.196759457,0.578662944,0.056371956
77.94822318,0.247680558,2.191581852,0.601197039,0.056607939
77.95286185,0.254224015,2.191015551,0.625533861,0.063058147
77.95750052,0.248892309,2.187455948,0.56333976,0.05959706
77.96213919,0.246145673,2.182278342,0.588577946,0.05597865
77.96677786,0.24986171,2.182521042,0.627336589,0.05888911
77.97141653,0.253093047,2.186646947,0.599394311,0.063215469
77.9760552,0.245984106,2.185918846,0.582268399,0.056922583
77.98069387,0.245984106,2.187132347,0.606605222,0.056057311
77.98533254,0.252608346,2.195384156,0.652574774,0.061563586
77.98997121,0.249942494,2.205092166,0.594887492,0.060462331
77.99460988,0.245660972,2.217065379,0.629139316,0.055506684
77.99924855,0.248892309,2.244005108,0.680517052,0.057630533
78.00388722,0.253981665,2.283322549,0.6967416,0.063136808
78.00852589,0.247599774,2.322963591,0.67781296,0.057709194
78.01316456,0.246872724,2.366730538,0.724683877,0.055585345
78.01780323,0.25317383,2.417293091,0.790483433,0.060462331
78.0224419,0.253335397,2.475460253,0.756231609,0.061878231
78.02708057,0.247680558,2.547056829,0.795891616,0.056214633
78.03171924,0.25010406,2.63297272,0.840959805,0.056529278
78.03635791,0.256889868,2.721639214,0.876112992,0.062822164
78.04099658,0.252850697,2.807797805,0.840959805,0.059125093
78.04563525,0.251477379,2.912158916,0.919378454,0.055899989
78.05027392,0.256970651,3.012717723,1.000501194,0.059282415
78.05491259,0.259959638,3.087954803,0.958137096,0.063451452
78.05955126,0.253577748,3.147173665,0.924786637,0.057001244
78.06418993,0.254062448,3.1794528,0.903153906,0.056057311
78.0688286,0.261171389,3.18940351,0.890534813,0.062035553
78.07346727,0.258101619,3.177915698,0.775160249,0.060776976
78.07810594,0.253739314,3.147335466,0.75172479,0.055585345
78.08274461,0.256809084,3.111739428,0.740908425,0.057945177
78.08738328,0.260929039,3.07590069,0.695840236,0.063136808
78.09202195,0.254627932,3.033670845,0.630942044,0.057787855
78.09666062,0.253093047,2.992330901,0.633646135,0.055821328
78.10129929,0.258747886,2.957139364,0.66339114,0.060855637
78.10593796,0.257293785,2.921947827,0.593084765,0.061563586
78.11057663,0.251962079,2.883924786,0.594887492,0.055585345
78.1152153,0.253577748,2.84954225,0.613816132,0.056607939
78.11985397,0.259474937,2.82179352,0.625533861,0.062900825
78.12449264,0.253820098,2.790889688,0.566043851,0.058731788
78.12913131,0.250911895,2.759743155,0.58947931,0.055428023
78.13376998,0.255597333,2.733531527,0.630942044,0.059203754
78.13840865,0.256889868,2.709504201,0.58947931,0.062507519
78.14304732,0.250588761,2.68013747,0.575958853,0.056450617
78.14768599,0.251315812,2.653440442,0.594887492,0.05597865
78.15232466,0.257374568,2.63264912,0.628237952,0.062271536
78.15696333,0.253416181,2.610239796,0.559734305,0.060226348
78.161602,0.249134659,2.58564617,0.580465672,0.055585345
78.16624067,0.252769913,2.564531247,0.613816132,0.057709194
78.17087934,0.256809084,2.54778493,0.597591584,0.062979486
78.17551801,0.250346411,2.527236308,0.564241124,0.057079905
78.18015668,0.249457793,2.507739387,0.586775218,0.055899989
78.18479535,0.255274199,2.494148173,0.633646135,0.060698315
78.18943402,0.254062448,2.481285059,0.571452034,0.061170281
78.19407269,0.248407609,2.464215141,0.583169763,0.055664006
78.19871136,0.250346411,2.449167725,0.609309313,0.056450617
78.20335003,0.256566734,2.439459715,0.619224315,0.062743503
78.2079887,0.250507978,2.427082002,0.566945215,0.058574466
78.21262737,0.248649959,2.414785189,0.592183401,0.055428023
78.21726604,0.253254614,2.407665981,0.63725159,0.059125093
78.22190471,0.254789499,2.403297376,0.594887492,0.062428858
78.22654338,0.248811526,2.394721967,0.590380673,0.056135972
78.23118205,0.249296226,2.389382562,0.614717496,0.056293294
78.23582072,0.256162817,2.388978061,0.649870683,0.062271536
78.24045939,0.251800512,2.384366756,0.583169763,0.059675721
78.24509806,0.248407609,2.375710447,0.605703858,0.055506684
78.24973673,0.252042863,2.370451942,0.639955681,0.058023838
78.2543754,0.2557589,2.367782239,0.617421587,0.063136808
78.25901407,0.249215443,2.357750628,0.585873855,0.057158566
78.26365274,0.248730742,2.346748216,0.60390113,0.055428023
78.26829141,0.255112632,2.339224509,0.646265228,0.06109162
78.27293008,0.25293148,2.3310536,0.577761581,0.061327603
78.27756875,0.247438208,2.319808488,0.58947931,0.055585345
78.28220742,0.24961936,2.311556679,0.615618859,0.057079905
78.28684609,0.255435766,2.306540874,0.620125678,0.062664841
78.29148476,0.24986171,2.297641864,0.568747943,0.058023838
78.29612343,0.246953507,2.288257454,0.591282037,0.055349362
78.3007621,0.25244678,2.28405065,0.635448863,0.059675721
78.30540077,0.253093047,2.280733746,0.584972491,0.062035553
78.31003944,0.247195857,2.272077437,0.583169763,0.055899989
78.31467811,0.248084475,2.266090831,0.605703858,0.056057311
78.31931678,0.254304798,2.263906529,0.633646135,0.062664841
78.32395545,0.249780927,2.258971623,0.569649307,0.059439737
78.32859412,0.246145673,2.252014216,0.592183401,0.0552707
78.33323279,0.250427194,2.248535512,0.63004068,0.058102499
78.33787146,0.254062448,2.248697312,0.604802494,0.063136808
78.34251013,0.247276641,2.243438807,0.581367036,0.056765261
78.3471488,0.247034291,2.238908402,0.60390113,0.055428023
78.35178747,0.253900881,2.239717403,0.648067956,0.061327603
78.35642614,0.251962079,2.239555603,0.579564308,0.060619654
78.36106481,0.247115074,2.235106098,0.59669022,0.055428023
78.36570348,0.24986171,2.234135297,0.624632497,0.057079905
78.37034215,0.255435766,2.2366432,0.623731133,0.063058147
78.37498082,0.248811526,2.234135297,0.576860217,0.057709194
78.37961949,0.247195857,2.229038592,0.599394311,0.055585345
78.38425816,0.252769913,2.230252093,0.6444625,0.059990365
78.38889683,0.25317383,2.231708294,0.591282037,0.06179957
78.3935355,0.247599774,2.230332993,0.593986129,0.055821328
78.39817417,0.248892309,2.233164496,0.621027042,0.056293294
78.40281284,0.255678116,2.243277007,0.651673411,0.062900825
78.40745151,0.250669544,2.251852416,0.595788856,0.059361076
78.41209018,0.247842125,2.259295224,0.625533861,0.055506684
78.41672885,0.252365996,2.270540336,0.667897959,0.058495805
78.42136752,0.255435766,2.283565249,0.639955681,0.062743503
78.42600619,0.249134659,2.291817058,0.621928406,0.056607939
78.43064486,0.248730742,2.300958768,0.6444625,0.055349362
78.43528353,0.254951066,2.315439883,0.689530689,0.061248942
78.4399222,0.252769913,2.3316199,0.627336589,0.060226348
78.44456087,0.248246042,2.346748216,0.648969319,0.055742667
78.44919954,0.251315812,2.367863139,0.685925234,0.057079905
78.45383821,0.256889868,2.396501769,0.687727962,0.062822164
78.45847688,0.250831111,2.421904396,0.652574774,0.057315888
78.46311555,0.249296226,2.445122721,0.682319779,0.055349362
78.46775422,0.255031849,2.47246695,0.733697515,0.059990365
78.47239289,0.255112632,2.508386588,0.685925234,0.061484925
78.47703156,0.250184844,2.550050132,0.707557965,0.055585345
78.48167023,0.252123646,2.609511695,0.752626154,0.05597865
78.4863089,0.258424753,2.675121665,0.78507525,0.062271536
78.49094757,0.253658531,2.742592336,0.749922063,0.058495805
78.49558624,0.251800512,2.811195609,0.784173887,0.055192039
78.50022491,0.257051435,2.88756529,0.855381625,0.058574466
78.50486358,0.260929039,2.980923989,0.84456526,0.062664841
78.50950225,0.255031849,3.086175001,0.872507537,0.056135972
78.51414092,0.256889868,3.247894272,1.007712104,0.0552707
78.51877959,0.267472496,3.527161368,1.205110773,0.061642248
78.52341826,0.269572865,3.955850923,1.367356253,0.05959706
78.52805693,0.272238717,4.506618707,1.601710837,0.055034717
78.5326956,0.281367244,4.891136815,1.781082229,0.057079905
78.53733427,0.291465171,4.900602125,1.920793615,0.062979486
78.54197294,0.288637751,4.900602125,1.95053862,0.057079905
78.54661161,0.291222821,4.900602125,1.924399071,0.055349362
78.55125028,0.300836048,4.900602125,1.850487241,0.060226348
78.55588895,0.301320748,4.900602125,1.618836749,0.061327603
78.56052762,0.295827476,4.900602125,1.448478994,0.055664006
78.56516629,0.29663531,4.900602125,1.306063516,0.056214633
78.56980496,0.302209366,4.900602125,1.171760313,0.062979486
78.57444363,0.295665909,4.900602125,0.997797103,0.058810449
78.5790823,0.292111438,4.900602125,0.929293455,0.055506684
78.58372097,0.295504342,4.900602125,0.900449814,0.059203754
78.58835964,0.296231393,4.900602125,0.8112148,0.062664841
78.59299831,0.288880102,4.900602125,0.764343883,0.056293294
78.59763698,0.287749134,4.900602125,0.750823427,0.056057311
78.60227565,0.293242406,4.900602125,0.754428882,0.062035553
78.60691432,0.288395401,4.900602125,0.662489776,0.060147687
78.61155299,0.283386829,4.900602125,0.666095231,0.055585345
78.61619166,0.285406415,4.900602125,0.687727962,0.057945177
78.62083033,0.288476185,4.900602125,0.667897959,0.062979486
78.625469,0.281690377,4.900602125,0.630942044,0.057394549
78.63010767,0.279913142,4.900602125,0.650772047,0.055585345
78.63474634,0.286052682,4.900602125,0.698544327,0.060776976
78.63938501,0.285164064,4.900602125,0.640857045,0.061484925
78.64402368,0.280478626,4.900602125,0.655278866,0.055742667
78.64866235,0.282902129,4.88652551,0.680517052,0.056765261
78.65330102,0.288395401,4.82002564,0.686826598,0.063058147
78.65793969,0.282417428,4.715988129,0.627336589,0.058338482
78.66257836,0.279105308,4.612274219,0.645363864,0.055664006
78.66721703,0.283467613,4.515436817,0.685925234,0.059518399
78.6718557,0.283790746,4.422563518,0.638152954,0.062664841
78.67649437,0.276358672,4.327505917,0.626435225,0.056450617
78.68113304,0.275712404,4.237868622,0.640857045,0.056135972
78.68577171,0.281124893,4.155755035,0.666095231,0.06258618
78.69041038,0.276439455,4.074045949,0.593084765,0.059911704
78.69504905,0.271754017,3.993307663,0.609309313,0.055899989
78.69968772,0.27441987,3.919122284,0.639054318,0.058338482
78.70432639,0.276924156,3.850599912,0.614717496,0.06329413
78.70896506,0.269976782,3.779731436,0.584972491,0.057473211
78.71360373,0.26803798,3.713069766,0.60390113,0.055664006
78.7182424,0.274339086,3.653041902,0.647166592,0.060934298
78.72288107,0.271511667,3.595845541,0.582268399,0.061248942
78.72751974,0.265533694,3.537273879,0.595788856,0.055664006
78.73215841,0.266907012,3.483070822,0.62282977,0.057001244
78.73679708,0.271996367,3.43436897,0.628237952,0.062900825
78.74143575,0.26545291,3.383078316,0.577761581,0.058338482
78.74607442,0.263514108,3.332920262,0.598492948,0.055585345
78.75071309,0.26803798,3.288263415,0.641758409,0.060069026
78.75535176,0.267714846,3.246438071,0.593986129,0.062271536
78.75999043,0.261817656,3.200972222,0.590380673,0.055899989
78.7646291,0.261979223,3.158499677,0.61111204,0.055899989
78.76926777,0.267957196,3.121204738,0.639054318,0.062114214
78.77390644,0.262544707,3.083100797,0.575057489,0.058810449
78.77854511,0.25931337,3.044915957,0.597591584,0.055113378
78.78318378,0.262867841,3.01029072,0.632744771,0.057866516
78.78782245,0.265776044,2.978496987,0.605703858,0.062664841
78.79246112,0.258667103,2.943062749,0.579564308,0.056529278
78.79709979,0.257616918,2.909812814,0.600295675,0.055428023
78.80173846,0.263514108,2.883277586,0.643561137,0.061012959
78.80637713,0.260686688,2.856742357,0.575958853,0.060698315
78.8110158,0.255274199,2.827375626,0.593084765,0.055506684
78.81565447,0.257536135,2.801325799,0.621027042,0.056843922
78.82029314,0.26262549,2.780210876,0.621928406,0.062743503
78.82493181,0.256485951,2.754727349,0.575057489,0.057473211
78.82957048,0.254062448,2.730700024,0.598492948,0.055034717
78.83420915,0.259798071,2.712982905,0.643561137,0.059518399
78.83884782,0.259474937,2.695589386,0.58947931,0.061878231
78.84348649,0.253820098,2.673746363,0.590380673,0.055899989
78.84812516,0.254627932,2.653440442,0.612013404,0.056135972
78.85276383,0.260444338,2.638716626,0.63725159,0.062350197
78.8574025,0.25551655,2.620595007,0.575958853,0.058810449
78.86204117,0.251719729,2.600936286,0.598492948,0.0552707
78.86667984,0.2557589,2.586455171,0.63725159,0.05818116
78.87131851,0.258747886,2.574320158,0.604802494,0.06258618
78.87595718,0.251719729,2.556603039,0.583169763,0.056135972
78.88059585,0.251558162,2.539937621,0.601197039,0.055349362
78.88523452,0.258101619,2.529825111,0.642659773,0.060855637
78.88987319,0.254951066,2.518741799,0.574156125,0.060069026
78.89451186,0.250184844,2.503208982,0.592183401,0.055034717
78.89915053,0.25317383,2.492125671,0.621928406,0.0566866
78.9037892,0.257697702,2.484763763,0.617421587,0.062428858
78.90842787,0.251396595,2.473518651,0.574156125,0.057237227
78.91306654,0.249215443,2.46324434,0.598492948,0.055113378
78.91770521,0.255193416,2.457743134,0.6444625,0.059675721
78.92234388,0.254789499,2.452403729,0.58947931,0.061484925
78.92698255,0.248892309,2.443423819,0.595788856,0.055349362
78.93162122,0.250346411,2.435900111,0.620125678,0.055899989
78.93625989,0.2562436,2.433068608,0.640857045,0.062428858
78.94089856,0.250831111,2.428052803,0.582268399,0.058574466
78.94553723,0.248246042,2.421742596,0.607506585,0.055034717
78.9501759,0.252769913,2.420609995,0.648969319,0.058417143
78.95481457,0.255193416,2.422632497,0.613816132,0.062271536
78.95945324,0.248569176,2.420448195,0.599394311,0.055899989
78.96409191,0.248811526,2.419234693,0.623731133,0.055506684
78.96873058,0.25551655,2.422147096,0.662489776,0.061406264
78.97336925,0.252285213,2.422632497,0.595788856,0.059754382
78.97800792,0.248246042,2.421499896,0.621027042,0.0552707
78.98264659,0.251154245,2.427324702,0.662489776,0.057158566
78.98728526,0.255839683,2.437518113,0.660687048,0.062979486
78.99192393,0.25010406,2.445769922,0.649870683,0.057001244
78.9965626,0.249296226,2.461140938,0.719275694,0.055113378
79.00120127,0.2562436,2.489132368,0.826537984,0.060069026
79.00583994,0.2557589,2.5193081,0.794088888,0.061484925
79.01047861,0.250750328,2.544144426,0.800398435,0.055349362
79.01511728,0.252608346,2.568171751,0.801299798,0.056214633
79.01975595,0.258747886,2.591066476,0.789582069,0.062507519
79.02439462,0.253577748,2.609107195,0.713867512,0.05818116
79.02903329,0.251154245,2.627228814,0.723782513,0.054798734
79.03367196,0.256485951,2.650285338,0.758935701,0.05888911
79.03831063,0.258505536,2.674069964,0.713867512,0.062114214
79.0429493,0.251881296,2.693162384,0.698544327,0.056057311
79.04758797,0.252769913,2.712093004,0.715670239,0.055192039
79.05222664,0.259232587,2.732156225,0.745415244,0.061642248
79.05686531,0.25551655,2.746718241,0.675108869,0.05959706
79.06150398,0.251477379,2.753756548,0.689530689,0.054798734
79.06614265,0.255274199,2.758206053,0.715670239,0.057315888
79.07078132,0.259555721,2.761684757,0.692234781,0.062350197
79.07541999,0.253254614,2.757801552,0.650772047,0.056765261
79.08005866,0.25268913,2.756021751,0.666095231,0.054877395
79.08469733,0.258424753,2.762817358,0.706656601,0.06038367
79.089336,0.257455352,2.772120868,0.640857045,0.060698315
79.09397467,0.252123646,2.777298473,0.649870683,0.055349362
79.09861334,0.254143231,2.778673775,0.672404778,0.056057311
79.10325201,0.260121204,2.780291776,0.682319779,0.062350197
79.10789068,0.254385582,2.778107474,0.631843407,0.057787855
79.11252935,0.252123646,2.780858077,0.657982957,0.055034717
79.11716802,0.257778485,2.792588589,0.699445691,0.058967771
79.12180669,0.259394154,2.801972999,0.650772047,0.062114214
79.12644536,0.253335397,2.799465097,0.63725159,0.055664006
79.13108403,0.253658531,2.795500992,0.653476138,0.055585345
79.1357227,0.260605905,2.794691992,0.682319779,0.061956892
79.14036137,0.256082034,2.791698688,0.613816132,0.059282415
79.14500004,0.252365996,2.785469382,0.634547499,0.055192039
79.14963871,0.256162817,2.781262577,0.666996595,0.057709194
79.15427738,0.260121204,2.776489472,0.641758409,0.062664841
79.15891605,0.253658531,2.764111759,0.61111204,0.056529278
79.16355472,0.253012264,2.752381247,0.629139316,0.055034717
79.16819339,0.259232587,2.74623284,0.674207505,0.060540992
79.17283206,0.257374568,2.739760833,0.610210677,0.060540992
79.17747073,0.252365996,2.729486522,0.631843407,0.054956056
79.1821094,0.254547149,2.722448215,0.671503414,0.056214633
79.18674807,0.260767472,2.716461609,0.673306141,0.06258618
79.19138674,0.254224015,2.702870394,0.612914768,0.057709194
79.19602541,0.252285213,2.686609477,0.626435225,0.054956056
79.20066408,0.257778485,2.674069964,0.662489776,0.059361076
79.20530275,0.25858632,2.663067552,0.607506585,0.061956892
79.20994142,0.251962079,2.646402134,0.599394311,0.055428023
79.21458009,0.252769913,2.630464817,0.618322951,0.055506684
79.21921876,0.25931337,2.619462406,0.643561137,0.062114214
79.22385743,0.254385582,2.605628491,0.577761581,0.059203754
79.2284961,0.251235028,2.590904675,0.598492948,0.0552707
79.23313477,0.255920467,2.579174163,0.633646135,0.057787855
79.23777344,0.259394154,2.570436954,0.606605222,0.062428858
79.24241211,0.253254614,2.556845739,0.582268399,0.056529278
79.24705078,0.25268913,2.545034327,0.602999766,0.055349362
79.25168945,0.259151803,2.53888592,0.647166592,0.06109162
79.25632812,0.257132218,2.531119512,0.579564308,0.060776976
79.26096679,0.252769913,2.520521601,0.59669022,0.055034717
79.26560546,0.255839683,2.513240593,0.625533861,0.056450617
79.27024413,0.261494523,2.51073269,0.626435225,0.06258618
79.2748828,0.255274199,2.503370783,0.579564308,0.057551872
79.27952147,0.253900881,2.494229073,0.601197039,0.0552707
79.28416014,0.259636504,2.489375068,0.645363864,0.059675721
79.28879881,0.260121204,2.484682863,0.590380673,0.062114214
79.29343748,0.254547149,2.474004051,0.590380673,0.055742667
79.29807615,0.2557589,2.465428642,0.61111204,0.056135972
79.30271482,0.262221573,2.462597139,0.634547499,0.062428858
79.30735349,0.257293785,2.455397032,0.573254762,0.058731788
79.31199216,0.254547149,2.446255322,0.59669022,0.055113378
79.31663083,0.25907102,2.441320417,0.634547499,0.058259821
79.3212695,0.26214079,2.438731614,0.602999766,0.06258618
79.32590817,0.2562436,2.429994405,0.583169763,0.056529278
79.33054684,0.256809084,2.423279698,0.606605222,0.055585345
79.33518551,0.264725859,2.421499896,0.648969319,0.061170281
79.33982418,0.262463924,2.418506593,0.582268399,0.060540992
79.34446285,0.258101619,2.411549185,0.600295675,0.0552707
79.34910152,0.261575306,2.40620978,0.628237952,0.057315888
79.35374019,0.266422311,2.403540077,0.621027042,0.063058147
79.35837886,0.260121204,2.394155667,0.576860217,0.057473211
79.36301753,0.258101619,2.384366756,0.595788856,0.055349362
79.3676562,0.264241159,2.379108251,0.638152954,0.059990365
79.37229487,0.263837242,2.373526145,0.579564308,0.061642248
79.37693354,0.257293785,2.362847334,0.581367036,0.055428023
79.38157221,0.258667103,2.354919125,0.60390113,0.056135972
79.38621088,0.264564293,2.351359521,0.623731133,0.062428858
79.39084955,0.259151803,2.344321214,0.56333976,0.058417143
79.39548822,0.255678116,2.334855904,0.587676582,0.0552707
79.40012689,0.260121204,2.328464797,0.625533861,0.058967771
79.40476556,0.26189844,2.323691692,0.588577946,0.062428858
79.40940423,0.255597333,2.314226382,0.571452034,0.056135972
79.4140429,0.255678116,2.305246472,0.591282037,0.055506684
79.41868157,0.261656089,2.301282368,0.63004068,0.061484925
79.42332024,0.258343969,2.295133962,0.561537032,0.059911704
79.42795891,0.253416181,2.285506852,0.580465672,0.055113378
79.43259758,0.2562436,2.278549444,0.612013404,0.057237227
79.43723625,0.260605905,2.275394341,0.601197039,0.062979486
79.44187492,0.253900881,2.267547032,0.561537032,0.057158566
79.44651359,0.25244678,2.259214324,0.583169763,0.055349362
79.45115226,0.258424753,2.254926619,0.627336589,0.060069026
79.45579093,0.257051435,2.250638915,0.566945215,0.061327603
79.4604296,0.251638945,2.242225306,0.574156125,0.0552707
79.46506827,0.25293148,2.236238699,0.598492948,0.056214633
79.46970694,0.259151803,2.235025198,0.614717496,0.062192875
79.47434561,0.25317383,2.230171193,0.557931577,0.058338482
79.47898428,0.250346411,2.223537386,0.581367036,0.054956056
79.48362295,0.255274199,2.221029483,0.62282977,0.058653127
79.48826162,0.257536135,2.221353083,0.582268399,0.062035553
79.49290029,0.251315812,2.216418178,0.573254762,0.055742667
79.49753896,0.251073462,2.213424875,0.594887492,0.055428023
79.50217763,0.257859269,2.215447377,0.631843407,0.061563586
79.5068163,0.254385582,2.215285577,0.566043851,0.059675721
79.51145497,0.250507978,2.211564173,0.588577946,0.054877395
79.51609364,0.253496964,2.211321473,0.621027042,0.057630533
79.52073231,0.258263186,2.214881077,0.605703858,0.062822164
79.52537098,0.251558162,2.213101275,0.574156125,0.056922583
79.53000965,0.250831111,2.211321473,0.597591584,0.055192039
79.53464832,0.256889868,2.215366477,0.643561137,0.060226348
79.53928699,0.25551655,2.220544083,0.584972491,0.06109162
79.54392566,0.250588761,2.223132885,0.602098403,0.055506684
79.54856433,0.253093047,2.229362192,0.633646135,0.056450617
79.553203,0.25907102,2.235510599,0.640857045,0.062507519
79.55784167,0.253254614,2.234054397,0.582268399,0.05818116
79.56248034,0.250992678,2.230009393,0.602098403,0.055428023
79.56711901,0.256324384,2.228634091,0.641758409,0.059518399
79.57175768,0.257536135,2.228229591,0.59669022,0.062428858
79.57639635,0.251396595,2.222242984,0.588577946,0.057237227
79.58103502,0.252285213,2.216822679,0.610210677,0.057945177
79.58567369,0.25907102,2.216094578,0.639955681,0.065260657
79.59031236,0.254627932,2.212373174,0.571452034,0.063608774
79.59495103,0.250750328,2.204930366,0.590380673,0.060069026
79.5995897,0.254385582,2.201370762,0.623731133,0.06258618
79.60422837,0.258182402,2.201775263,0.606605222,0.067541828
79.60886704,0.251719729,2.197811159,0.578662944,0.061170281
79.61350571,0.250588761,2.193118954,0.598492948,0.059675721
79.61814438,0.257051435,2.192229053,0.639955681,0.065024674
79.62278305,0.254708715,2.19004475,0.571452034,0.064710029
79.62742172,0.249780927,2.182440142,0.583169763,0.05959706
79.63206039,0.251962079,2.178395138,0.606605222,0.060934298
79.63669906,0.257293785,2.179285039,0.612013404,0.066597895
79.64133773,0.250911895,2.174511934,0.562438396,0.061484925
79.6459764,0.248730742,2.169819729,0.585873855,0.058653127
79.65061507,0.253900881,2.168848928,0.627336589,0.062743503
79.65525374,0.254547149,2.167716327,0.576860217,0.065181996
79.65989241,0.248730742,2.161972421,0.574156125,0.058810449
79.66453108,0.249457793,2.158170116,0.59669022,0.058574466
79.66916975,0.25551655,2.159545418,0.624632497,0.064946013
79.67380842,0.251073462,2.156713915,0.561537032,0.061720909
79.67844709,0.247518991,2.151455409,0.583169763,0.057630533
79.68308576,0.251719729,2.149918308,0.619224315,0.060462331
79.68772443,0.254951066,2.151293609,0.593084765,0.065181996
79.6923631,0.248488392,2.147814905,0.568747943,0.059046432
79.69700177,0.248084475,2.144659802,0.58947931,0.057630533
79.70164044,0.254547149,2.146439604,0.633646135,0.062979486
79.70627911,0.252285213,2.146601404,0.568747943,0.062350197
79.71091778,0.247761341,2.143527201,0.587676582,0.057315888
79.71555645,0.250184844,2.1425564,0.614717496,0.058574466
79.72019512,0.255274199,2.143446301,0.612013404,0.064552707
79.72483379,0.248649959,2.139724897,0.564241124,0.059361076
79.72947246,0.24679194,2.135518092,0.584972491,0.0566866
79.73411113,0.252365996,2.135679893,0.628237952,0.060934298
79.7387498,0.25317383,2.136084393,0.573254762,0.063058147
79.74338847,0.247115074,2.130906788,0.573254762,0.057079905
79.74802714,0.248407609,2.128479785,0.595788856,0.057079905
79.75266581,0.254385582,2.130664087,0.620125678,0.063451452
79.75730448,0.249538577,2.128560685,0.557030214,0.059990365
79.76194315,0.24630724,2.125162881,0.581367036,0.056057311
79.76658182,0.250831111,2.125001081,0.620125678,0.059203754
79.77122049,0.253496964,2.127832584,0.588577946,0.063136808
79.77585916,0.247115074,2.125890982,0.568747943,0.057079905
79.78049783,0.246630373,2.124434781,0.58947931,0.056293294
79.7851365,0.253658531,2.127913484,0.630942044,0.062114214
79.78977517,0.250669544,2.129774186,0.56333976,0.060934298
79.79441384,0.246468807,2.128641585,0.583169763,0.056135972
79.79905251,0.249780927,2.129774186,0.612914768,0.057787855
79.80369118,0.254870282,2.135598993,0.610210677,0.06329413
79.80832985,0.248569176,2.137136094,0.568747943,0.057787855
79.81296852,0.247438208,2.139158596,0.593084765,0.055742667
79.81760719,0.253900881,2.147410405,0.639054318,0.06038367
79.82224586,0.254385582,2.158574617,0.585873855,0.061878231
79.82688453,0.249053876,2.165208424,0.593084765,0.056057311
79.8315232,0.250911895,2.174350134,0.618322951,0.056450617
79.83616187,0.258020836,2.188831249,0.639054318,0.062900825
79.84080054,0.253254614,2.197649358,0.580465672,0.059439737
79.84543921,0.250507978,2.202017963,0.602098403,0.055821328
79.85007788,0.255435766,2.207195568,0.639955681,0.059203754
79.85471655,0.257616918,2.213667575,0.602098403,0.062822164
79.85935522,0.251396595,2.213667575,0.585873855,0.056765261
79.86399389,0.251638945,2.212939475,0.605703858,0.056214633
79.86863256,0.258020836,2.219006981,0.645363864,0.061878231
79.87327123,0.255031849,2.222890185,0.577761581,0.060147687
79.8779099,0.250831111,2.225155388,0.598492948,0.055506684
79.88254857,0.254062448,2.230009393,0.631843407,0.057394549
79.88718724,0.25858632,2.239636503,0.623731133,0.062900825
79.89182591,0.252204429,2.24643211,0.590380673,0.057079905
79.89646458,0.250992678,2.257110921,0.616520223,0.055113378
79.90110325,0.256970651,2.272158337,0.665193867,0.060226348
79.90574192,0.256485951,2.286073152,0.604802494,0.061406264
79.91038059,0.250265627,2.29343506,0.612013404,0.055506684
79.91501926,0.252042863,2.297156464,0.631843407,0.056450617
79.91965793,0.258020836,2.299907067,0.641758409,0.062822164
79.9242966,0.252365996,2.295862063,0.580465672,0.058338482
79.92893527,0.24961936,2.288742855,0.597591584,0.055113378
79.93357394,0.254466365,2.284616951,0.634547499,0.058731788
79.93821261,0.256082034,2.281542747,0.591282037,0.062114214
79.94285128,0.249538577,2.273129138,0.576860217,0.05597865
79.94748995,0.249780927,2.265686331,0.59669022,0.055349362
79.95212862,0.255920467,2.262450327,0.63004068,0.061327603
79.95676729,0.251800512,2.256382821,0.562438396,0.059203754
79.96140596,0.247922908,2.246998411,0.581367036,0.054720073
79.96604463,0.251396595,2.241497205,0.612914768,0.057315888
79.9706833,0.25551655,2.239717403,0.598492948,0.062664841
79.97532197,0.248730742,2.231789195,0.564241124,0.056450617
79.97996064,0.247438208,2.224912687,0.584071127,0.054877395
79.98459931,0.253496964,2.221919384,0.628237952,0.060462331
79.98923798,0.252204429,2.217550779,0.56333976,0.061012959
79.99387665,0.247276641,2.20889447,0.574156125,0.055349362
79.99851532,0.249053876,2.202017963,0.598492948,0.056214633
80.00315399,0.254547149,2.200076361,0.607506585,0.062271536
80.00779266,0.248246042,2.192957153,0.553424758,0.057945177
80.01243133,0.24630724,2.185433445,0.575958853,0.055113378
80.01707,0.251235028,2.181712041,0.618322951,0.05888911
80.02170867,0.252285213,2.179851339,0.572353398,0.061720909
80.02634734,0.245984106,2.172327631,0.565142488,0.055742667
80.03098601,0.24679194,2.166664625,0.586775218,0.055506684
80.03562468,0.253012264,2.165774725,0.619224315,0.062192875
80.04026335,0.248892309,2.16181062,0.554326122,0.059675721
80.04490202,0.244853138,2.155500414,0.576860217,0.054956056
80.04954069,0.248811526,2.152992511,0.610210677,0.057709194
80.05417936,0.252365996,2.152830711,0.590380673,0.062743503
80.05881803,0.245984106,2.148138506,0.561537032,0.056922583
80.0634567,0.245337839,2.143203601,0.583169763,0.055899989
80.06809537,0.251881296,2.144417102,0.629139316,0.061484925
80.07273404,0.25010406,2.145549703,0.565142488,0.061406264
80.07737271,0.245014705,2.1423137,0.580465672,0.056135972
80.08201138,0.247276641,2.141423799,0.607506585,0.056922583
80.08665005,0.25293148,2.144174402,0.613816132,0.062900825
80.09128872,0.246630373,2.141990099,0.56333976,0.057945177
80.09592739,0.244772355,2.139320396,0.586775218,0.055506684
80.10056606,0.250588761,2.140129397,0.63004068,0.059518399
80.10520473,0.251315812,2.141585599,0.582268399,0.062350197
80.1098434,0.245337839,2.137702395,0.584972491,0.055821328
80.11448207,0.246872724,2.136488893,0.616520223,0.056135972
80.11912074,0.253416181,2.139401297,0.651673411,0.062271536
80.12375941,0.248811526,2.138268695,0.584972491,0.059282415
80.12839808,0.245822539,2.134061891,0.601197039,0.055428023
80.13303675,0.249942494,2.13333379,0.630942044,0.05818116
80.13767542,0.253093047,2.134628192,0.600295675,0.063058147
80.14231409,0.246468807,2.130825887,0.572353398,0.056607939
80.14695276,0.245741756,2.127751684,0.590380673,0.055585345
80.15159143,0.252365996,2.128884285,0.630942044,0.060934298
80.1562301,0.249942494,2.128237085,0.56333976,0.060698315
80.16086877,0.245257055,2.124272981,0.577761581,0.055506684
80.16550744,0.247842125,2.122169578,0.605703858,0.056843922
80.17014611,0.253012264,2.125081981,0.604802494,0.063058147
80.17478478,0.24679194,2.122250478,0.558832941,0.058102499
80.17942345,0.245337839,2.118690875,0.582268399,0.0552707
80.18406212,0.250831111,2.119338075,0.625533861,0.059911704
80.18870079,0.251073462,2.120875177,0.571452034,0.061720909
80.19333946,0.245499406,2.117315573,0.572353398,0.055585345
80.19797813,0.24679194,2.116506572,0.59669022,0.05597865
80.2026168,0.253496964,2.120632477,0.621027042,0.062507519
80.20725547,0.248488392,2.120066176,0.559734305,0.058653127
80.21189414,0.245257055,2.118043674,0.582268399,0.055113378
80.21653281,0.249296226,2.119661676,0.620125678,0.058259821
80.22117148,0.252769913,2.122493179,0.587676582,0.062271536
80.22581015,0.24630724,2.119257175,0.566945215,0.056057311
80.23044882,0.24606489,2.116911073,0.587676582,0.0552707
80.23508749,0.252608346,2.118609975,0.628237952,0.060855637
80.23972616,0.249538577,2.118205474,0.559734305,0.059833043
80.24436483,0.245499406,2.11456497,0.577761581,0.055192039
80.2490035,0.248246042,2.11432227,0.608407949,0.056607939
80.25364217,0.253093047,2.117234673,0.60390113,0.062428858
80.25828084,0.246468807,2.115212171,0.560635669,0.057158566
80.26291951,0.244772355,2.112461568,0.584071127,0.054956056
80.26755818,0.250831111,2.11391777,0.628237952,0.059675721
80.27219685,0.250911895,2.115859372,0.571452034,0.061406264
80.27683552,0.245257055,2.112785168,0.575958853,0.0552707
80.28147419,0.246630373,2.110924466,0.600295675,0.056057311
80.28611286,0.252850697,2.11399867,0.620125678,0.062350197
80.29075153,0.247518991,2.11432227,0.56333976,0.058574466
80.2953902,0.244933922,2.112704268,0.588577946,0.055034717
80.30002887,0.249053876,2.116830173,0.630942044,0.058338482
80.30466754,0.251638945,2.125001081,0.598492948,0.062271536
80.30930621,0.244853138,2.126619083,0.586775218,0.05597865
80.31394488,0.245418622,2.131392188,0.61111204,0.0552707
80.31858355,0.251800512,2.142070999,0.65618023,0.061248942
80.32322222,0.248649959,2.150080108,0.594887492,0.059675721
80.32786089,0.244772355,2.156956615,0.621027042,0.054956056
80.33249956,0.248246042,2.169415228,0.657982957,0.057001244
80.33713823,0.252850697,2.188264948,0.653476138,0.062507519
80.3417769,0.24630724,2.211887773,0.630942044,0.056922583
80.34641557,0.245822539,2.252904117,0.693136145,0.055034717
80.35105424,0.25268913,2.337040206,0.822932529,0.059990365
80.35569291,0.253416181,2.480961459,0.87791572,0.061248942
80.36033158,0.249134659,2.636613224,0.978868463,0.055349362
80.36497025,0.251558162,2.781424378,1.059991204,0.056135972
80.36960892,0.260121204,2.905120609,1.084328026,0.062428858
80.37424759,0.255597333,2.994110703,0.99959983,0.057945177
80.37888626,0.25317383,3.036987749,0.958137096,0.055113378
80.38352493,0.258424753,3.048475561,0.925688,0.058967771
80.3881636,0.260444338,3.044511457,0.821129802,0.062114214
80.39280227,0.253739314,3.027684239,0.765245247,0.055899989
80.39744094,0.253981665,3.010857021,0.76344252,0.055428023
80.40207961,0.261090605,2.996699506,0.778765704,0.061642248
80.40671828,0.257293785,2.975827284,0.688629326,0.059439737
80.41135695,0.252527563,2.946541453,0.683221143,0.055349362
80.41599562,0.255678116,2.917498322,0.692234781,0.057394549
80.42063429,0.259959638,2.889345092,0.65618023,0.062507519
80.42527296,0.25317383,2.857146858,0.608407949,0.056922583
80.42991163,0.251719729,2.825676724,0.620125678,0.055585345
80.4345503,0.258101619,2.799950497,0.655278866,0.060540992
80.43918897,0.256324384,2.77462877,0.587676582,0.060934298
80.44382764,0.251235028,2.744695739,0.593986129,0.055585345
80.44846631,0.252769913,2.719454912,0.616520223,0.056450617
80.45310498,0.258101619,2.698339989,0.62282977,0.062664841
80.45774365,0.25268913,2.673180063,0.566945215,0.057945177
80.46238232,0.250346411,2.647372935,0.588577946,0.054720073
80.46702099,0.255112632,2.626419813,0.627336589,0.058653127
80.47165966,0.256405167,2.607408293,0.580465672,0.061720909
80.47629833,0.249700143,2.583623668,0.573254762,0.055664006
80.480937,0.250427194,2.562427845,0.593986129,0.0552707
80.48557567,0.256485951,2.547299529,0.625533861,0.06179957
80.49021434,0.252204429,2.52933971,0.558832941,0.059203754
80.49485301,0.248569176,2.508952889,0.580465672,0.054877395
80.49949168,0.252285213,2.492530171,0.613816132,0.057315888
80.50413035,0.255920467,2.479990658,0.592183401,0.062114214
80.50876902,0.249296226,2.461707238,0.56333976,0.056450617
80.51340769,0.248246042,2.44447552,0.584071127,0.055034717
80.51804636,0.254466365,2.432745008,0.628237952,0.060462331
80.52268503,0.25268913,2.421014495,0.562438396,0.060540992
80.5273237,0.247761341,2.404672678,0.575057489,0.055192039
80.53196237,0.24986171,2.391324164,0.602098403,0.056450617
80.53660104,0.254951066,2.382506054,0.605703858,0.062192875
80.54123971,0.248811526,2.36883394,0.557030214,0.057315888
80.54587838,0.246953507,2.355161825,0.580465672,0.054641412
80.55051705,0.252527563,2.346181916,0.623731133,0.058574466
80.55515572,0.253496964,2.338334608,0.573254762,0.061170281
80.55979439,0.247195857,2.324905193,0.569649307,0.0552707
80.56443306,0.247276641,2.313983682,0.591282037,0.055428023
80.56907173,0.254304798,2.308886976,0.619224315,0.061720909
80.5737104,0.250184844,2.300635168,0.55612885,0.058810449
80.57834907,0.246145673,2.290441757,0.578662944,0.054641412
80.58298774,0.24986171,2.28421245,0.614717496,0.057630533
80.58762641,0.252850697,2.280248346,0.588577946,0.062035553
80.59226508,0.246145673,2.271106636,0.564241124,0.056135972
80.59690375,0.245741756,2.263097528,0.584972491,0.054956056
80.60154242,0.252285213,2.259537924,0.628237952,0.060698315
80.60618109,0.249942494,2.25541202,0.560635669,0.060226348
80.61081976,0.245499406,2.24659391,0.577761581,0.054956056
80.61545843,0.248246042,2.241011804,0.606605222,0.056293294
80.6200971,0.253577748,2.237856701,0.606605222,0.062428858
80.62473577,0.247761341,2.230413893,0.558832941,0.057394549
80.62937444,0.245903323,2.223213785,0.581367036,0.054562751
80.63401311,0.251477379,2.219006981,0.625533861,0.059125093
80.63865178,0.251638945,2.215204677,0.571452034,0.061012959
80.64329045,0.245660972,2.207195568,0.571452034,0.055113378
80.64792912,0.24630724,2.200966262,0.594887492,0.055192039
80.65256779,0.25293148,2.199914561,0.618322951,0.061720909
80.65720646,0.247922908,2.194979656,0.55612885,0.058102499
80.66184513,0.244691571,2.188345848,0.579564308,0.054562751
80.6664838,0.248488392,2.184867145,0.618322951,0.057630533
80.67112247,0.251638945,2.184705345,0.587676582,0.061878231
80.67576114,0.244691571,2.178718738,0.566945215,0.055742667
80.68039981,0.244772355,2.173541133,0.588577946,0.054720073
80.68503848,0.251638945,2.174026533,0.631843407,0.06038367
80.68967715,0.248892309,2.173055732,0.564241124,0.059439737
80.69431582,0.244691571,2.169657929,0.584071127,0.054641412
80.69895449,0.247357424,2.172004031,0.616520223,0.056293294
80.70359316,0.252285213,2.178718738,0.616520223,0.061956892
80.70823183,0.245822539,2.180983941,0.575958853,0.0566866
80.7128705,0.244853138,2.184139044,0.598492948,0.05448409
80.71750917,0.250750328,2.190934651,0.643561137,0.059203754
80.72214784,0.251073462,2.197244858,0.587676582,0.060619654
80.72678651,0.244933922,2.198701059,0.592183401,0.054877395
80.73142518,0.246388023,2.201370762,0.613816132,0.0552707
80.73606385,0.252527563,2.206791068,0.632744771,0.061642248
80.74070252,0.247680558,2.206791068,0.57055067,0.057787855
80.74534119,0.245095489,2.202746064,0.590380673,0.054326768
80.74997986,0.249457793,2.200885362,0.627336589,0.057945177
80.75461853,0.251881296,2.199914561,0.58947931,0.061563586
80.7592572,0.245418622,2.194008854,0.571452034,0.055428023
80.76389587,0.244933922,2.18964025,0.58947931,0.054877395
80.76853454,0.251881296,2.188426749,0.628237952,0.061012959
80.77317321,0.248649959,2.185271645,0.559734305,0.059282415
80.77781188,0.244287654,2.179123239,0.580465672,0.054405429
80.78245055,0.247195857,2.176049035,0.61111204,0.056607939
80.78708922,0.252204429,2.176210836,0.602098403,0.061956892
80.79172789,0.245741756,2.172651232,0.56333976,0.056371956
80.79636656,0.244772355,2.168525327,0.584972491,0.054405429
80.80100523,0.251073462,2.168687128,0.630942044,0.059361076
80.8056439,0.250507978,2.169091628,0.571452034,0.060305009
80.81028257,0.244772355,2.164399423,0.578662944,0.054562751
80.81492124,0.246872724,2.16189152,0.602999766,0.055349362
80.81955991,0.253335397,2.164723023,0.620125678,0.061406264
80.82419858,0.247357424,2.162053321,0.561537032,0.057315888
80.82883725,0.244933922,2.156552115,0.582268399,0.054012123
80.83347592,0.24986171,2.154853213,0.621928406,0.058023838
80.83811459,0.251800512,2.155015013,0.581367036,0.061406264
80.84275326,0.245337839,2.149756508,0.567846579,0.054956056
80.84739193,0.245499406,2.145954204,0.588577946,0.054562751
80.8520306,0.252527563,2.146682304,0.624632497,0.060855637
80.85666927,0.248649959,2.144902502,0.557931577,0.05888911
80.86130794,0.244530005,2.140452998,0.578662944,0.054405429
80.86594661,0.248165258,2.139805797,0.612013404,0.056765261
80.87058528,0.252769913,2.1422328,0.598492948,0.062114214
80.87522395,0.246468807,2.139239496,0.566043851,0.056135972
80.87986262,0.245418622,2.135841693,0.586775218,0.054248106
80.88450129,0.252204429,2.137783295,0.631843407,0.059833043
80.88913996,0.251235028,2.139158596,0.571452034,0.060305009
80.89377863,0.24630724,2.136488893,0.583169763,0.054562751
80.8984173,0.248892309,2.136893394,0.61111204,0.055742667
80.90305597,0.255031849,2.141666499,0.625533861,0.062114214
80.90769464,0.249296226,2.141342899,0.568747943,0.057473211
80.91233331,0.247034291,2.139077696,0.58947931,0.05448409
80.91697198,0.252042863,2.140291198,0.63004068,0.058417143
80.92161065,0.253254614,2.141909199,0.584972491,0.061484925
80.92624932,0.246953507,2.138349595,0.575958853,0.055192039
80.93088799,0.247276641,2.135922593,0.59669022,0.054720073
80.93552666,0.254143231,2.138511396,0.629139316,0.06109162
80.94016533,0.250184844,2.138349595,0.56333976,0.058495805
80.944804,0.246468807,2.136246193,0.585873855,0.054562751
80.94944267,0.250184844,2.137864195,0.621928406,0.057237227
80.95408134,0.254224015,2.1426373,0.60390113,0.062035553
80.95872001,0.248246042,2.142151899,0.575057489,0.056057311
80.96335868,0.247438208,2.1423946,0.59669022,0.05448409
80.96799735,0.254385582,2.148462106,0.641758409,0.060147687
80.97263602,0.252365996,2.154448713,0.578662944,0.060069026
80.97727469,0.247922908,2.157522916,0.593986129,0.054720073
80.98191336,0.250427194,2.164723023,0.62282977,0.056450617
80.98655203,0.256647517,2.176453536,0.632744771,0.062271536
80.9911907,0.251477379,2.185676146,0.590380673,0.057315888
80.99582937,0.250588761,2.194736955,0.618322951,0.054562751
81.00046804,0.256889868,2.20905627,0.661588412,0.058417143
81.00510671,0.258263186,2.222404785,0.613816132,0.06109162
81.00974538,0.253254614,2.228876791,0.61111204,0.055192039
81.01438405,0.254385582,2.235591499,0.63004068,0.055428023
81.01902272,0.261171389,2.243357907,0.65618023,0.061720909
81.02366139,0.2562436,2.244086008,0.586775218,0.058495805
81.02830006,0.252850697,2.239232002,0.602999766,0.05448409
81.03293873,0.256728301,2.237856701,0.634547499,0.057315888
81.0375774,0.260282771,2.237856701,0.606605222,0.062271536
81.04221607,0.253416181,2.232112795,0.582268399,0.056371956
81.04685474,0.252769913,2.226207089,0.60390113,0.055034717
81.05149341,0.25907102,2.224589087,0.645363864,0.060462331
81.05613208,0.256566734,2.220624983,0.573254762,0.059754382
81.06077075,0.251719729,2.211887773,0.584972491,0.054877395
81.06540942,0.253900881,2.206871968,0.609309313,0.056371956
81.07004809,0.25907102,2.205415767,0.609309313,0.062035553
81.07468676,0.25268913,2.198539259,0.560635669,0.056922583
81.07932543,0.250346411,2.191662752,0.582268399,0.05448409
81.0839641,0.2557589,2.18947845,0.625533861,0.058810449
81.08860277,0.2562436,2.187779548,0.573254762,0.06109162
81.09324144,0.250346411,2.181145741,0.573254762,0.054956056
81.09788011,0.251073462,2.177181637,0.59669022,0.055192039
81.10251878,0.257697702,2.179204139,0.62282977,0.061720909
81.10715745,0.252769913,2.178718738,0.56333976,0.05818116
81.11179612,0.25010406,2.176453536,0.586775218,0.054405429
81.11643479,0.254143231,2.176615336,0.623731133,0.057473211
81.12107346,0.257213001,2.178637838,0.592183401,0.061956892
81.12571213,0.250588761,2.174916434,0.571452034,0.055821328
81.1303508,0.249942494,2.172004031,0.591282037,0.054798734
81.13498947,0.256728301,2.173460233,0.633646135,0.060540992
81.13962814,0.253335397,2.173864733,0.565142488,0.059675721
81.14426681,0.248973093,2.169415228,0.583169763,0.054562751
81.14890548,0.251719729,2.167959027,0.612013404,0.056293294
81.15354415,0.256324384,2.17095233,0.608407949,0.062114214
81.15818282,0.250265627,2.168201727,0.565142488,0.056922583
81.16282149,0.248892309,2.165046624,0.587676582,0.054798734
81.16746016,0.254224015,2.167150026,0.634547499,0.059361076
81.17209883,0.254385582,2.170224229,0.580465672,0.060698315
81.1767375,0.248649959,2.170224229,0.584972491,0.054720073
81.18137617,0.249538577,2.17135683,0.608407949,0.055349362
81.18601484,0.255839683,2.175968135,0.628237952,0.061642248
81.19065351,0.250265627,2.175887235,0.567846579,0.057945177
81.19529218,0.247195857,2.174188333,0.590380673,0.054248106
81.19993085,0.251881296,2.174592834,0.628237952,0.057394549
81.20456952,0.254627932,2.177181637,0.593986129,0.061563586
81.20920819,0.248246042,2.175078234,0.577761581,0.055428023
81.21384686,0.247842125,2.174269234,0.597591584,0.054562751
81.21848553,0.254224015,2.178152438,0.639054318,0.060305009
81.2231242,0.250669544,2.179689539,0.571452034,0.059125093
81.22776287,0.246711157,2.177828837,0.592183401,0.054326768
81.23240154,0.24961936,2.18001314,0.624632497,0.056529278
81.23704021,0.254627932,2.187051447,0.617421587,0.061878231
81.24167888,0.248084475,2.188750349,0.581367036,0.056135972
81.24631755,0.24679194,2.190772851,0.605703858,0.053933462
81.25095622,0.25293148,2.198377459,0.650772047,0.059046432
81.25559489,0.252123646,2.206548368,0.593084765,0.060226348
81.26023356,0.246226456,2.213667575,0.607506585,0.05448409
81.26487223,0.248003692,2.224265487,0.63725159,0.055113378
81.2695109,0.254547149,2.245056809,0.66339114,0.061484925
81.27414957,0.249215443,2.274099939,0.63004068,0.057473211
81.27878824,0.246388023,2.319889388,0.690432053,0.054090784
81.28342691,0.252204429,2.390919663,0.77065343,0.057630533
81.28806558,0.255112632,2.468017445,0.754428882,0.061170281
81.29270425,0.24961936,2.534274615,0.754428882,0.055034717
81.29734292,0.250346411,2.593897979,0.781469795,0.054326768
81.30198159,0.257455352,2.649476338,0.820228438,0.060619654
81.30662026,0.253496964,2.687337578,0.74451388,0.058574466
81.31125893,0.25010406,2.703922095,0.745415244,0.053933462
81.3158976,0.254062448,2.710636802,0.75172479,0.056450617
81.32053627,0.258424753,2.709342401,0.706656601,0.061720909
81.32517494,0.251719729,2.695023086,0.648969319,0.05597865
81.32981361,0.250346411,2.68013747,0.653476138,0.054012123
81.33445228,0.256728301,2.668406958,0.687727962,0.059282415
81.33909095,0.255839683,2.655058443,0.617421587,0.059911704
81.34372962,0.250184844,2.636613224,0.620125678,0.054405429
81.34836829,0.251719729,2.619866906,0.638152954,0.055349362
81.35300696,0.257778485,2.606032991,0.643561137,0.061563586
81.35764563,0.251558162,2.586293371,0.582268399,0.057079905
81.3622843,0.249457793,2.565421148,0.599394311,0.054326768
81.36692297,0.254708715,2.54827033,0.635448863,0.058023838
81.37156164,0.255839683,2.533546515,0.588577946,0.061406264
81.37620031,0.249457793,2.513887794,0.579564308,0.054877395
81.38083898,0.249780927,2.497303276,0.601197039,0.055113378
81.38547765,0.256082034,2.485653664,0.634547499,0.061248942
81.39011632,0.251558162,2.473275951,0.57055067,0.058574466
81.39475499,0.248407609,2.459280236,0.593986129,0.054248106
81.39939366,0.251800512,2.449572226,0.63004068,0.056765261
81.40403233,0.25600125,2.443262019,0.610210677,0.061878231
81.408671,0.249457793,2.431531506,0.578662944,0.05597865
81.41330967,0.248407609,2.418749293,0.59669022,0.054326768
81.41794834,0.255031849,2.410254784,0.639054318,0.059675721
81.42258701,0.253093047,2.400465873,0.572353398,0.059833043
81.42722568,0.248084475,2.386551059,0.584071127,0.054326768
81.43186435,0.25010406,2.375063247,0.609309313,0.055428023
81.43650302,0.255274199,2.367782239,0.615618859,0.061642248
81.44114169,0.249538577,2.356860727,0.56333976,0.057001244
81.44578036,0.247518991,2.346101016,0.585873855,0.054326768
81.45041903,0.253012264,2.339790809,0.628237952,0.058495805
81.4550577,0.253658531,2.335179504,0.580465672,0.061248942
81.45969637,0.247438208,2.325633294,0.574156125,0.055113378
81.46433504,0.248165258,2.317624186,0.59669022,0.054877395
81.46897371,0.254870282,2.313983682,0.626435225,0.06109162
81.47361238,0.250588761,2.308077975,0.561537032,0.05818116
81.47825105,0.247357424,2.299664367,0.584972491,0.053933462
81.48288972,0.250992678,2.295538462,0.620125678,0.056922583
81.48752839,0.254466365,2.29367776,0.595788856,0.061720909
81.49216706,0.247922908,2.286639453,0.569649307,0.055821328
81.49680573,0.247518991,2.281219147,0.592183401,0.054326768
81.5014444,0.254224015,2.280491046,0.638152954,0.059990365
81.50608307,0.251962079,2.278711244,0.571452034,0.059911704
81.51072174,0.246953507,2.273776339,0.587676582,0.054248106
81.51536041,0.249457793,2.270702136,0.615618859,0.055742667
81.51999908,0.254951066,2.271268436,0.617421587,0.061720909
81.52463775,0.249053876,2.267627933,0.569649307,0.056607939
81.52927642,0.247195857,2.263016628,0.593084765,0.053854801
81.53391509,0.253012264,2.262693027,0.63725159,0.058495805
81.53855376,0.253335397,2.262612127,0.584071127,0.060855637
81.54319243,0.247680558,2.257677222,0.584071127,0.054877395
81.5478311,0.248811526,2.25541202,0.606605222,0.054720073
81.55246977,0.255435766,2.256787321,0.633646135,0.061406264
81.55710844,0.250831111,2.25533112,0.571452034,0.057945177
81.56174711,0.247438208,2.252095116,0.59669022,0.053540157
81.56638578,0.252365996,2.252580517,0.636350226,0.0566866
81.57102445,0.255435766,2.25573562,0.606605222,0.06109162
81.57566312,0.248811526,2.251447915,0.583169763,0.0552707
81.58030179,0.248649959,2.247807412,0.602098403,0.053933462
81.58494046,0.25551655,2.248211912,0.643561137,0.059911704
81.58957913,0.252527563,2.247322011,0.574156125,0.059046432
81.5942178,0.248246042,2.242710706,0.590380673,0.053697479
81.59885647,0.251073462,2.239474703,0.617421587,0.055821328
81.60349514,0.2562436,2.239636503,0.612914768,0.061484925
81.60813381,0.249780927,2.234377997,0.567846579,0.056135972
81.61277248,0.248003692,2.228876791,0.58947931,0.053933462
81.61741115,0.253496964,2.22733969,0.632744771,0.058417143
81.62204982,0.253658531,2.226449789,0.575958853,0.060147687
81.62668849,0.247842125,2.220786783,0.578662944,0.054405429
81.63132716,0.249053876,2.217146279,0.602999766,0.054720073
81.63596583,0.254870282,2.218602481,0.623731133,0.060776976
81.6406045,0.249700143,2.216013678,0.56333976,0.057473211
81.64524317,0.246872724,2.211968674,0.586775218,0.053854801
81.64988184,0.251396595,2.211887773,0.627336589,0.057158566
81.65452051,0.253820098,2.213263075,0.592183401,0.061563586
81.65915918,0.247518991,2.210027071,0.573254762,0.0552707
81.66379785,0.247518991,2.20816637,0.594887492,0.054090784
81.66843652,0.253658531,2.210997873,0.635448863,0.059990365
81.67307519,0.250992678,2.212454074,0.568747943,0.058495805
81.67771386,0.246872724,2.209622571,0.588577946,0.054012123
81.68235253,0.24986171,2.210350672,0.620125678,0.056057311
81.6869912,0.254224015,2.213667575,0.61111204,0.061642248
81.69162987,0.248488392,2.211725973,0.569649307,0.055821328
81.69626854,0.247195857,2.209137171,0.591282037,0.053933462
81.70090721,0.252769913,2.210269772,0.634547499,0.058810449
81.70554588,0.252608346,2.210997873,0.574156125,0.060069026
81.71018455,0.24654959,2.206629268,0.580465672,0.054248106
81.71482322,0.248649959,2.204768566,0.60390113,0.055192039
81.71946189,0.254708715,2.206791068,0.621928406,0.06109162
81.72410056,0.249457793,2.204525866,0.56333976,0.057237227
81.72873923,0.246468807,2.200642662,0.585873855,0.053854801
81.7333779,0.251315812,2.200157261,0.625533861,0.057630533
81.73801657,0.253254614,2.200885362,0.586775218,0.06109162
81.74265524,0.247195857,2.197487558,0.572353398,0.054720073
81.74729391,0.247115074,2.194656055,0.593084765,0.054248106
81.75193258,0.253739314,2.196354957,0.630942044,0.060540992
81.75657125,0.250265627,2.195384156,0.56333976,0.058653127
81.76120992,0.245984106,2.191500952,0.584071127,0.053697479
81.76584859,0.248892309,2.192309953,0.617421587,0.055899989
81.77048726,0.253739314,2.195060556,0.605703858,0.061327603
81.77512593,0.247680558,2.192633553,0.568747943,0.055664006
81.7797646,0.245822539,2.191015551,0.58947931,0.053933462
81.78440327,0.25244678,2.193361654,0.635448863,0.05888911
81.78904194,0.251154245,2.194898755,0.574156125,0.059518399
81.79368061,0.245903323,2.192795353,0.583169763,0.054169445
81.79831928,0.247518991,2.192552653,0.608407949,0.055034717
81.80295795,0.253658531,2.195950457,0.621027042,0.061327603
81.80759662,0.248246042,2.193766154,0.565142488,0.057079905
81.81223529,0.245499406,2.191339152,0.586775218,0.053618818
81.81687396,0.250911895,2.191662752,0.628237952,0.057630533
81.82151263,0.25244678,2.192957153,0.584972491,0.060698315
81.8261513,0.246226456,2.18996385,0.574156125,0.054720073
81.83078997,0.246630373,2.187941348,0.594887492,0.054248106
81.83542864,0.25317383,2.190934651,0.63004068,0.060619654
81.84006731,0.24937701,2.191177351,0.564241124,0.05818116
81.84470598,0.245499406,2.188345848,0.584972491,0.05377614
81.84934465,0.249134659,2.188993049,0.618322951,0.056371956
81.85398332,0.253739314,2.192067252,0.599394311,0.061563586
81.85862199,0.247115074,2.190287451,0.568747943,0.055585345
81.86326066,0.246630373,2.188912149,0.590380673,0.053933462
81.86789933,0.253093047,2.192309953,0.635448863,0.059203754
81.872538,0.251396595,2.195222356,0.573254762,0.059361076
81.87717667,0.246468807,2.194494255,0.585873855,0.053697479
81.88181534,0.248973093,2.195626856,0.613816132,0.054877395
81.88645401,0.255031849,2.201047162,0.62282977,0.061406264
81.89109268,0.248892309,2.201451662,0.57055067,0.0566866
81.89573135,0.246872724,2.201370762,0.593986129,0.053933462
81.90037002,0.252285213,2.204687666,0.638152954,0.057866516
81.90500869,0.253577748,2.210188872,0.593986129,0.060619654
81.90964736,0.247922908,2.213263075,0.591282037,0.054562751
81.91428603,0.248730742,2.217388979,0.615618859,0.054562751
81.9189247,0.255920467,2.225398088,0.647166592,0.060776976
81.92356337,0.252042863,2.230575693,0.583169763,0.057945177
81.92820204,0.248649959,2.232112795,0.604802494,0.054012123
81.93284071,0.252527563,2.234701598,0.63725159,0.056922583
81.93747938,0.256485951,2.238018501,0.612013404,0.061563586
81.94211805,0.249942494,2.234863398,0.583169763,0.055506684
81.94675672,0.249053876,2.231303794,0.601197039,0.054326768
81.95139539,0.255597333,2.232436395,0.642659773,0.059990365
81.95603406,0.253496964,2.231465594,0.575057489,0.059675721
81.96067273,0.248569176,2.225964388,0.58947931,0.054641412
81.9653114,0.251477379,2.222890185,0.615618859,0.055742667
81.96995007,0.256728301,2.223699186,0.618322951,0.061720909
81.97458874,0.250507978,2.219654182,0.57055067,0.056765261
81.97922741,0.249053876,2.215285577,0.592183401,0.054169445
81.98386608,0.254385582,2.214800177,0.635448863,0.058495805
81.98850475,0.254385582,2.217146279,0.584972491,0.061012959
81.99314342,0.249134659,2.214152976,0.584071127,0.054956056
81.99778209,0.250507978,2.214719276,0.608407949,0.054877395
82.00242076,0.257051435,2.220705883,0.638152954,0.061484925
82.00705943,0.25268913,2.223051985,0.578662944,0.058259821
82.0116981,0.249780927,2.225559888,0.604802494,0.054169445
82.01633677,0.254547149,2.235025198,0.649870683,0.057079905
82.02097544,0.25907102,2.252985017,0.641758409,0.061878231
82.02561411,0.253496964,2.267789733,0.625533861,0.055585345
82.03025278,0.254062448,2.282432648,0.655278866,0.054956056
82.03489145,0.261171389,2.296832864,0.688629326,0.060619654
82.03953012,0.25907102,2.302334069,0.61111204,0.059833043
82.04416879,0.254547149,2.299259866,0.616520223,0.054877395
82.04880746,0.257616918,2.295700262,0.635448863,0.056214633
82.05344613,0.262302357,2.294324961,0.626435225,0.061956892
82.0580848,0.25600125,2.286396752,0.576860217,0.056843922
82.06272347,0.253577748,2.277497743,0.594887492,0.054405429
82.06736214,0.259232587,2.272562838,0.635448863,0.059046432
82.07200081,0.259232587,2.267870633,0.576860217,0.061012959
82.07663948,0.253093047,2.259537924,0.575958853,0.054877395
82.08127815,0.254062448,2.252580517,0.598492948,0.054956056
82.08591682,0.260525122,2.249910814,0.619224315,0.061563586
82.09055549,0.255031849,2.243843307,0.557931577,0.057945177
82.09519416,0.251800512,2.235753299,0.578662944,0.054169445
82.09983283,0.256405167,2.231222894,0.617421587,0.057394549
82.1044715,0.258505536,2.228876791,0.584071127,0.06179957
82.10911017,0.252123646,2.222081184,0.565142488,0.055506684
82.11374884,0.251558162,2.216337278,0.584972491,0.05448409
82.11838751,0.257697702,2.215285577,0.627336589,0.060226348
82.12302618,0.254951066,2.212373174,0.558832941,0.059361076
82.12766485,0.250184844,2.206467468,0.577761581,0.054405429
82.13230352,0.252850697,2.203878665,0.609309313,0.056450617
82.13694219,0.257455352,2.206224767,0.605703858,0.061878231
82.14158086,0.251235028,2.205092166,0.566945215,0.056450617
82.14621953,0.24986171,2.204849466,0.591282037,0.054405429
82.1508582,0.255839683,2.209137171,0.63725159,0.059125093
82.15549687,0.255112632,2.211968674,0.580465672,0.060226348
82.16013554,0.249457793,2.210431572,0.585873855,0.05448409
82.16477421,0.251315812,2.210916972,0.609309313,0.055113378
82.16941288,0.257455352,2.214557476,0.626435225,0.061720909
82.17405155,0.252285213,2.213263075,0.568747943,0.057237227
82.17869022,0.249942494,2.209784371,0.590380673,0.054090784
82.18332889,0.254547149,2.209784371,0.629139316,0.057551872
82.18796756,0.256485951,2.211321473,0.588577946,0.061327603
82.19260623,0.250507978,2.206952868,0.573254762,0.055113378
82.1972449,0.250588761,2.203474165,0.593084765,0.054641412
82.20188357,0.256889868,2.204849466,0.63004068,0.060540992
82.20652224,0.253335397,2.203797765,0.56333976,0.059046432
82.21116091,0.249457793,2.19959096,0.582268399,0.054562751
82.21579958,0.252850697,2.19934826,0.613816132,0.056607939
82.22043825,0.256889868,2.201613463,0.601197039,0.062035553
82.22507692,0.250507978,2.198053859,0.564241124,0.056450617
82.22971559,0.249134659,2.195222356,0.585873855,0.054720073
82.23435426,0.255597333,2.196921258,0.630942044,0.059439737
82.23899293,0.254627932,2.198215659,0.569649307,0.06038367
82.2436316,0.248730742,2.194332455,0.578662944,0.054562751
82.24827027,0.250911895,2.192714453,0.602098403,0.055664006
82.25290894,0.257455352,2.195545956,0.617421587,0.061720909
82.25754761,0.251315812,2.193361654,0.559734305,0.057630533
82.26218628,0.248730742,2.18955935,0.583169763,0.054405429
82.26682495,0.253496964,2.189235749,0.623731133,0.05888911
82.27146362,0.255354983,2.191015551,0.582268399,0.062192875
82.27610229,0.248811526,2.187941348,0.572353398,0.0566866
82.28074096,0.249215443,2.185757046,0.593084765,0.057079905
82.28537963,0.255920467,2.187860448,0.629139316,0.063844758
82.2900183,0.252042863,2.187455948,0.562438396,0.061720909
82.29465697,0.248326825,2.184381744,0.584071127,0.057158566
82.29929564,0.251638945,2.183977244,0.618322951,0.059518399
82.30393431,0.25551655,2.186727847,0.601197039,0.064474046
82.30857298,0.248730742,2.183653644,0.569649307,0.058574466
82.31321165,0.247842125,2.181388441,0.590380673,0.057158566
82.31785032,0.254062448,2.184867145,0.636350226,0.06258618
82.32248899,0.252527563,2.190287451,0.575958853,0.062743503
82.32712766,0.247680558,2.197406658,0.601197039,0.057158566
82.33176633,0.249296226,2.213505775,0.643561137,0.05818116
82.336405,0.2557589,2.234701598,0.666095231,0.064238063
82.34104367,0.250427194,2.251852416,0.621928406,0.059361076
82.34568234,0.248326825,2.262450327,0.645363864,0.0566866
82.35032101,0.253820098,2.271106636,0.680517052,0.060855637
82.35495968,0.255274199,2.275151641,0.623731133,0.063766097
82.35959835,0.248730742,2.270944836,0.604802494,0.057394549
82.36423702,0.249457793,2.264391929,0.617421587,0.056922583
82.36887569,0.25600125,2.262612127,0.642659773,0.062979486
82.37351436,0.251396595,2.257596322,0.573254762,0.060147687
82.37815303,0.247680558,2.248940013,0.590380673,0.056135972
82.3827917,0.251315812,2.242953406,0.621027042,0.058810449
82.38743037,0.255031849,2.240445504,0.595788856,0.063451452
82.39206904,0.248730742,2.232031895,0.566945215,0.057551872
82.39670771,0.247842125,2.223941886,0.586775218,0.056057311
82.40134638,0.254304798,2.220867683,0.629139316,0.061484925
82.40598505,0.252285213,2.216660879,0.562438396,0.061406264
82.41062372,0.247438208,2.209541671,0.575958853,0.05597865
82.41526239,0.24961936,2.204040465,0.602098403,0.057158566
82.41990106,0.255031849,2.202665164,0.605703858,0.06329413
82.42453973,0.248973093,2.196759457,0.55612885,0.058102499
82.4291784,0.247115074,2.190691951,0.577761581,0.055428023
82.43381707,0.252365996,2.188184048,0.621027042,0.059439737
82.43845574,0.252769913,2.187375047,0.57055067,0.062192875
82.44309441,0.24679194,2.180903041,0.568747943,0.055585345
82.44773308,0.247761341,2.176453536,0.590380673,0.05597865
82.45237175,0.254224015,2.176049035,0.618322951,0.06258618
82.45701042,0.249296226,2.172084931,0.555227486,0.059518399
82.46164909,0.24606489,2.166745526,0.579564308,0.055349362
82.46628776,0.25010406,2.165046624,0.617421587,0.058495805
82.47092643,0.253254614,2.166341025,0.590380673,0.062979486
82.4755651,0.24679194,2.163671322,0.566945215,0.056607939
82.48020377,0.24654959,2.16108252,0.587676582,0.055506684
82.48484244,0.253254614,2.163590422,0.630942044,0.06109162
82.48948111,0.250831111,2.165208424,0.565142488,0.060698315
82.49411978,0.246630373,2.164156723,0.582268399,0.055428023
82.49875845,0.249457793,2.166098325,0.612914768,0.056922583
82.50339712,0.254951066,2.172408532,0.613816132,0.062822164
82.50803579,0.248326825,2.174269234,0.566945215,0.057473211
82.51267446,0.247115074,2.175401835,0.591282037,0.055585345
82.51731313,0.253012264,2.181226641,0.636350226,0.059990365
82.5219518,0.253981665,2.187294147,0.583169763,0.061720909
82.52659047,0.248165258,2.187455948,0.584071127,0.055428023
82.53122914,0.24961936,2.18972115,0.607506585,0.055899989
82.53586781,0.256324384,2.195950457,0.631843407,0.062114214
82.54050648,0.251881296,2.198539259,0.571452034,0.058967771
82.54514515,0.249134659,2.19951006,0.593986129,0.054798734
82.54978382,0.25317383,2.203716865,0.632744771,0.058102499
82.55442249,0.256162817,2.210188872,0.602999766,0.062507519
82.55906116,0.250346411,2.210431572,0.583169763,0.056293294
82.56369983,0.250023277,2.210997873,0.605703858,0.0552707
82.5683385,0.256809084,2.216499078,0.647166592,0.06109162
82.57297717,0.253981665,2.219249681,0.578662944,0.059990365
82.57761584,0.250023277,2.21819798,0.595788856,0.054956056
82.58225451,0.253254614,2.220301382,0.625533861,0.056922583
82.58689318,0.258343969,2.226287989,0.620125678,0.062900825
82.59153185,0.251962079,2.226449789,0.578662944,0.056922583
82.59617052,0.251154245,2.225559888,0.600295675,0.055034717
82.60080919,0.257536135,2.228310491,0.645363864,0.059990365
82.60544786,0.257697702,2.231627394,0.585873855,0.06109162
82.61008653,0.251881296,2.229604892,0.590380673,0.055428023
82.6147252,0.253900881,2.230656593,0.614717496,0.055899989
82.61936387,0.260282771,2.2364814,0.632744771,0.062114214
82.62400254,0.255031849,2.239232002,0.573254762,0.058417143
82.62864121,0.252285213,2.238423002,0.595788856,0.054877395
82.63327988,0.257213001,2.241416305,0.635448863,0.058259821
82.63791855,0.260121204,2.244652308,0.599394311,0.062271536
82.64255722,0.253416181,2.242387106,0.584071127,0.055899989
82.64719589,0.253739314,2.239798303,0.602999766,0.055349362
82.65183456,0.260525122,2.241901705,0.639955681,0.061170281
82.65647323,0.256970651,2.240930904,0.57055067,0.059833043
82.6611119,0.25293148,2.235995999,0.588577946,0.054877395
82.66575057,0.255597333,2.232840896,0.618322951,0.056843922
82.67038924,0.259878854,2.234297097,0.606605222,0.062350197
82.67502791,0.253416181,2.229281292,0.566945215,0.056765261
82.67966658,0.252769913,2.223456486,0.588577946,0.054720073
82.68430525,0.25858632,2.222081184,0.631843407,0.059911704
82.68894392,0.257051435,2.220382282,0.57055067,0.060776976
82.69358259,0.251558162,2.214152976,0.576860217,0.054798734
82.69822126,0.253012264,2.210107972,0.601197039,0.055899989
82.70285993,0.25882867,2.210674272,0.615618859,0.062350197
82.7074986,0.253093047,2.206062967,0.557931577,0.057945177
82.71213727,0.250346411,2.19967186,0.579564308,0.055034717
82.71677594,0.254708715,2.197811159,0.619224315,0.058731788
82.72141461,0.256405167,2.196435857,0.578662944,0.06179957
82.72605328,0.250265627,2.190853751,0.566945215,0.055349362
82.73069195,0.250346411,2.186646947,0.587676582,0.054877395
82.73533062,0.256728301,2.186404246,0.623731133,0.061248942
82.73996929,0.252608346,2.183168243,0.55612885,0.059125093
82.74460796,0.248326825,2.178071538,0.576860217,0.054877395
82.74924663,0.251881296,2.175968135,0.61111204,0.056922583
82.7538853,0.255920467,2.176777136,0.59669022,0.062271536
82.75852397,0.24937701,2.173055732,0.56333976,0.056450617
82.76316264,0.248407609,2.169577029,0.585873855,0.054641412
82.76780131,0.254708715,2.17119503,0.632744771,0.059990365
82.77243998,0.253335397,2.172084931,0.571452034,0.060226348
82.77707865,0.248326825,2.167878127,0.584972491,0.054798734
82.78171732,0.250427194,2.166421925,0.610210677,0.056057311
82.78635599,0.256485951,2.17046693,0.621928406,0.062114214
82.79099466,0.250346411,2.168848928,0.566043851,0.057394549
82.79563333,0.247761341,2.165936525,0.587676582,0.054405429
82.800272,0.25293148,2.167797227,0.629139316,0.058495805
82.80491067,0.254547149,2.170062429,0.583169763,0.061248942
82.80954934,0.248246042,2.167392726,0.575057489,0.055349362
82.81418801,0.248811526,2.165855625,0.597591584,0.054641412
82.81882668,0.255435766,2.169010728,0.631843407,0.061170281
82.82346535,0.251396595,2.169738829,0.567846579,0.058653127
82.82810402,0.247599774,2.167473626,0.590380673,0.054405429
82.83274269,0.251396595,2.167473626,0.623731133,0.056765261
82.83738136,0.25551655,2.169981529,0.600295675,0.061642248
82.84202003,0.248892309,2.167392726,0.57055067,0.056135972
82.8466587,0.248003692,2.165774725,0.590380673,0.054562751
82.85129737,0.254385582,2.168929828,0.634547499,0.060147687
82.85593604,0.252850697,2.17135683,0.57055067,0.059911704
82.86057471,0.248084475,2.170143329,0.583169763,0.054405429
82.86521338,0.250265627,2.17046693,0.608407949,0.055428023
82.86985205,0.25600125,2.172813032,0.613816132,0.061878231
82.87449072,0.249780927,2.17103323,0.561537032,0.057158566
82.87912939,0.247680558,2.166664625,0.583169763,0.054562751
82.88376806,0.252608346,2.166260125,0.624632497,0.058495805
82.88840673,0.253416181,2.166179225,0.574156125,0.060855637
82.8930454,0.247195857,2.16140612,0.57055067,0.054641412
82.89768407,0.247922908,2.158655517,0.593084765,0.054720073
82.90232274,0.254385582,2.160192619,0.620125678,0.061170281
82.90696141,0.250184844,2.158251017,0.55612885,0.058653127
82.91160008,0.246145673,2.153477911,0.577761581,0.05448409
82.91623875,0.24986171,2.152749811,0.612013404,0.057394549
82.92087742,0.25293148,2.154206012,0.586775218,0.061720909
82.92551609,0.24654959,2.150646408,0.561537032,0.05597865
82.93015476,0.245741756,2.146925005,0.581367036,0.054720073
82.93479343,0.252608346,2.148704806,0.625533861,0.060226348
82.9394321,0.250265627,2.148704806,0.558832941,0.059833043
82.94407077,0.245580189,2.145064303,0.574156125,0.054562751
82.94870944,0.248003692,2.144255302,0.602999766,0.056214633
82.95334811,0.253416181,2.147086805,0.604802494,0.062192875
82.95798678,0.247276641,2.145630603,0.558832941,0.056922583
82.96262545,0.245095489,2.1429609,0.582268399,0.054562751
82.96726412,0.250346411,2.144174402,0.625533861,0.058731788
82.97190279,0.251154245,2.145387903,0.572353398,0.060855637
82.97654146,0.245176272,2.141909199,0.571452034,0.054877395
82.98118013,0.246226456,2.139401297,0.593986129,0.055113378
82.9858188,0.252769913,2.140452998,0.620125678,0.061484925
82.99045747,0.248003692,2.138187795,0.55612885,0.05818116
82.99509614,0.244933922,2.134547291,0.578662944,0.05448409
82.99973481,0.248811526,2.134466391,0.616520223,0.057473211
83.00437348,0.252365996,2.137297894,0.588577946,0.061956892
83.00901215,0.246630373,2.136650694,0.575057489,0.055506684
83.01365082,0.247680558,2.138996796,0.600295675,0.054562751
83.01828949,0.255112632,2.145307003,0.643561137,0.06038367
83.02292816,0.252608346,2.147653105,0.574156125,0.059203754
83.02756683,0.248003692,2.144659802,0.588577946,0.054405429
83.0322055,0.250750328,2.143931701,0.615618859,0.056293294
83.03684417,0.25600125,2.147329505,0.608407949,0.061956892
83.04148284,0.249780927,2.144174402,0.564241124,0.0566866
83.04612151,0.247922908,2.140614798,0.584972491,0.054326768
83.05076018,0.253981665,2.141666499,0.627336589,0.059203754
83.05539885,0.253900881,2.1426373,0.57055067,0.060776976
83.06003752,0.247922908,2.138511396,0.574156125,0.054956056
83.06467619,0.249053876,2.137297894,0.598492948,0.055349362
83.06931486,0.25551655,2.139805797,0.618322951,0.06179957
83.07395353,0.250265627,2.138268695,0.558832941,0.058102499
83.0785922,0.247276641,2.134789992,0.584972491,0.05448409
83.08323087,0.252042863,2.136084393,0.624632497,0.057551872
83.08786954,0.254547149,2.138511396,0.590380673,0.061563586
83.09250821,0.248084475,2.135922593,0.574156125,0.055034717
83.09714688,0.247842125,2.134709092,0.595788856,0.054562751
83.10178555,0.254062448,2.138349595,0.635448863,0.060540992
83.10642422,0.251073462,2.139886697,0.567846579,0.059203754
83.11106289,0.246630373,2.139643997,0.588577946,0.054641412
83.11570156,0.250023277,2.1429609,0.623731133,0.056529278
83.12034023,0.254789499,2.150403708,0.616520223,0.062428858
83.1249789,0.248649959,2.153073411,0.582268399,0.056371956
83.12961757,0.247761341,2.158574617,0.607506585,0.054641412
83.13425624,0.253658531,2.169334328,0.653476138,0.059361076
83.13889491,0.25293148,2.18009404,0.597591584,0.060855637
83.14353358,0.247842125,2.193199854,0.620125678,0.054798734
83.14817225,0.250023277,2.226126189,0.680517052,0.055664006
83.15281092,0.257697702,2.282756249,0.740908425,0.06179957
83.15744959,0.253416181,2.334775004,0.70395251,0.057630533
83.16208826,0.252123646,2.372555344,0.728289332,0.054405429
83.16672693,0.256809084,2.396663569,0.745415244,0.057945177
83.1713656,0.258424753,2.40629068,0.67781296,0.061484925
83.17600427,0.252042863,2.401517575,0.641758409,0.055192039
83.18064294,0.252123646,2.392456765,0.6444625,0.054641412
83.18528161,0.25858632,2.384933057,0.666095231,0.06109162
83.18992028,0.254224015,2.373930645,0.587676582,0.059203754
83.19455895,0.24986171,2.35936863,0.599394311,0.054326768
83.19919762,0.25293148,2.347799918,0.626435225,0.056607939
83.20383629,0.257536135,2.339062708,0.606605222,0.062192875
83.20847496,0.250831111,2.325633294,0.568747943,0.056135972
83.21311363,0.249215443,2.313012881,0.587676582,0.054405429
83.2177523,0.255597333,2.305084672,0.63004068,0.059518399
83.22239097,0.254224015,2.298208165,0.566043851,0.060305009
83.22702964,0.248407609,2.286639453,0.575057489,0.054720073
83.23166831,0.250184844,2.277093243,0.601197039,0.055506684
83.23630698,0.2557589,2.272562838,0.612914768,0.06179957
83.24094565,0.24986171,2.264311029,0.558832941,0.057473211
83.24558432,0.247276641,2.254522119,0.580465672,0.054405429
83.25022299,0.252204429,2.249020913,0.621928406,0.058259821
83.25486166,0.253496964,2.244733208,0.577761581,0.06109162
83.25950033,0.247195857,2.235510599,0.569649307,0.055113378
83.264139,0.247680558,2.22790599,0.590380673,0.054956056
83.26877767,0.254466365,2.224912687,0.623731133,0.061248942
83.27341634,0.250265627,2.219573282,0.557030214,0.059046432
83.27805501,0.24679194,2.211968674,0.580465672,0.054562751
83.28269368,0.250184844,2.20816637,0.614717496,0.057001244
83.28733235,0.254224015,2.20848997,0.595788856,0.062035553
83.29197102,0.247761341,2.202179763,0.564241124,0.05597865
83.29660969,0.24679194,2.195060556,0.584071127,0.05448409
83.30124836,0.253093047,2.192795353,0.626435225,0.059833043
83.30588703,0.251073462,2.18939755,0.561537032,0.059833043
83.3105257,0.245984106,2.181712041,0.573254762,0.05448409
83.31516437,0.247680558,2.176049035,0.599394311,0.055664006
83.31980304,0.253496964,2.174511934,0.607506585,0.061720909
83.32444171,0.247761341,2.169657929,0.557030214,0.056765261
83.32908038,0.245418622,2.162862321,0.580465672,0.054326768
83.33371905,0.250669544,2.16116342,0.623731133,0.058653127
83.33835772,0.251719729,2.160354419,0.576860217,0.06109162
83.34299639,0.245580189,2.155581314,0.572353398,0.055113378
83.34763506,0.246226456,2.15169811,0.594887492,0.055034717
83.35227373,0.252850697,2.152911611,0.625533861,0.061248942
83.3569124,0.248569176,2.15177901,0.56333976,0.058653127
83.36155107,0.245822539,2.151050909,0.59669022,0.054720073
83.36618974,0.250669544,2.155419514,0.639955681,0.057158566
83.37082841,0.254385582,2.16108252,0.616520223,0.062114214
83.37546708,0.247842125,2.159140918,0.586775218,0.055821328
83.38010575,0.247599774,2.156390315,0.60390113,0.054562751
83.38474442,0.253981665,2.156471215,0.642659773,0.060069026
83.38938309,0.251558162,2.153963312,0.571452034,0.059990365
83.39402176,0.246711157,2.147895806,0.584071127,0.05448409
83.39866043,0.249134659,2.144578902,0.608407949,0.05597865
83.4032991,0.254385582,2.144740702,0.608407949,0.062035553
83.40793777,0.247761341,2.140533898,0.559734305,0.056843922
83.41257644,0.245822539,2.136246193,0.582268399,0.05448409
83.41721511,0.251962079,2.135922593,0.626435225,0.05888911
83.42185378,0.25268913,2.136246193,0.575057489,0.060934298
83.42649245,0.247115074,2.131392188,0.575958853,0.054877395
83.43113112,0.248569176,2.128398885,0.597591584,0.055428023
83.43576979,0.254870282,2.130583187,0.623731133,0.061642248
83.44040846,0.24937701,2.129207886,0.559734305,0.058338482
83.44504713,0.24654959,2.125001081,0.583169763,0.054641412
83.4496858,0.250588761,2.124434781,0.621027042,0.057787855
83.45432447,0.253658531,2.126214583,0.590380673,0.061956892
83.45896314,0.24679194,2.12354488,0.567846579,0.055821328
83.46360181,0.246226456,2.120713377,0.587676582,0.054956056
83.46824048,0.252527563,2.121117877,0.629139316,0.060855637
83.47287915,0.25010406,2.120632477,0.559734305,0.060069026
83.47751782,0.245176272,2.116182972,0.576860217,0.054798734
83.48215649,0.247922908,2.11440317,0.605703858,0.056371956
83.48679516,0.252850697,2.116668372,0.60390113,0.062035553
83.49143383,0.246953507,2.11472677,0.559734305,0.056765261
83.4960725,0.244933922,2.113027869,0.582268399,0.054720073
83.50071117,0.250588761,2.116021172,0.629139316,0.059282415
83.50534984,0.251154245,2.119661676,0.575958853,0.06109162
83.50998851,0.245257055,2.119661676,0.579564308,0.0552707
83.51462718,0.24679194,2.121845978,0.60390113,0.055585345
83.51926585,0.253093047,2.129693286,0.626435225,0.062114214
83.52390452,0.248084475,2.133738291,0.567846579,0.058495805
83.52854319,0.245257055,2.134466391,0.592183401,0.054798734
83.53318186,0.249457793,2.139482197,0.631843407,0.057945177
83.53782053,0.252850697,2.149028407,0.601197039,0.062035553
83.5424592,0.246388023,2.155743114,0.58947931,0.055821328
83.54709787,0.246711157,2.165774725,0.612013404,0.054956056
83.55173654,0.253254614,2.181873842,0.654377502,0.060934298
83.55637521,0.250427194,2.196597657,0.590380673,0.05959706
83.56101388,0.246468807,2.206871968,0.613816132,0.054720073
83.56565255,0.250023277,2.21803618,0.649870683,0.056765261
83.57029122,0.2562436,2.230090293,0.647166592,0.062271536
83.57492989,0.250750328,2.234216197,0.605703858,0.056607939
83.57956856,0.249942494,2.235510599,0.623731133,0.054641412
83.58420723,0.256082034,2.2372904,0.664292504,0.059675721
83.5888459,0.255597333,2.235267898,0.597591584,0.060934298
83.59348457,0.24986171,2.227016089,0.59669022,0.054956056
83.59812324,0.251638945,2.220544083,0.615618859,0.055506684
83.60276191,0.258020836,2.217469879,0.626435225,0.061563586
83.60740058,0.253012264,2.209218071,0.56333976,0.057709194
83.61203925,0.249700143,2.200157261,0.584071127,0.054562751
83.61667792,0.254385582,2.195141456,0.621928406,0.058102499
83.62131659,0.256566734,2.192229053,0.583169763,0.061406264
83.62595526,0.249942494,2.184948045,0.567846579,0.055585345
83.63059393,0.249780927,2.178395138,0.587676582,0.054720073
83.6352326,0.256082034,2.176129936,0.625533861,0.060619654
83.63987127,0.25244678,2.172084931,0.55612885,0.059203754
83.64450994,0.248488392,2.164480323,0.575057489,0.054326768
83.64914861,0.251558162,2.158898217,0.605703858,0.056529278
83.65378728,0.255839683,2.156633015,0.592183401,0.061720909
83.65842595,0.248811526,2.149756508,0.555227486,0.056214633
83.66306462,0.247680558,2.1427182,0.576860217,0.054562751
83.66770329,0.253416181,2.140291198,0.621027042,0.059675721
83.67234196,0.25244678,2.137945095,0.559734305,0.060619654
83.67698063,0.247115074,2.131553988,0.568747943,0.055034717
83.6816193,0.248569176,2.126619083,0.594887492,0.055585345
83.68625797,0.254143231,2.126699983,0.608407949,0.062114214
83.69089664,0.248488392,2.122250478,0.552523395,0.057709194
83.69553531,0.245903323,2.117315573,0.574156125,0.054956056
83.70017398,0.250588761,2.115697571,0.616520223,0.058338482
83.70481265,0.252285213,2.115454871,0.573254762,0.061720909
83.70945132,0.245984106,2.110681766,0.56333976,0.055664006
83.71408999,0.246630373,2.107041262,0.584972491,0.055349362
83.71872866,0.253012264,2.107526663,0.620125678,0.061563586
83.72336733,0.249134659,2.105665961,0.553424758,0.059046432
83.728006,0.245257055,2.101782757,0.575057489,0.054798734
83.73264467,0.248811526,2.100973756,0.610210677,0.057079905
83.73728334,0.252850697,2.103967059,0.592183401,0.062271536
83.74192201,0.24630724,2.100811956,0.560635669,0.056293294
83.74656068,0.245257055,2.099274854,0.583169763,0.054877395
83.75119935,0.251719729,2.101944557,0.629139316,0.06038367
83.75583802,0.250184844,2.103886159,0.568747943,0.060462331
83.76047669,0.245257055,2.103562559,0.586775218,0.054956056
83.76511536,0.247842125,2.106960362,0.617421587,0.056529278
83.76975403,0.253820098,2.11391777,0.627336589,0.062428858
83.7743927,0.248084475,2.115535771,0.573254762,0.057315888
83.77903137,0.246468807,2.115535771,0.59669022,0.054720073
83.78367004,0.251881296,2.119499875,0.639054318,0.058653127
83.78830871,0.25317383,2.12403028,0.591282037,0.061563586
83.79294738,0.247357424,2.122654979,0.583169763,0.055192039
83.79758605,0.247922908,2.122250478,0.60390113,0.054956056
83.80222472,0.254547149,2.125567382,0.631843407,0.061406264
83.80686339,0.250346411,2.125243782,0.564241124,0.058653127
83.81150206,0.246711157,2.121360577,0.584071127,0.05448409
83.81614073,0.250507978,2.119823476,0.617421587,0.057315888
83.8207794,0.253900881,2.120632477,0.594887492,0.062271536
83.82541807,0.247195857,2.116506572,0.566043851,0.056529278
83.83005674,0.24654959,2.112704268,0.584972491,0.055034717
83.83469541,0.253012264,2.113351469,0.629139316,0.060147687
83.83933408,0.251315812,2.112218868,0.562438396,0.060226348
83.84397275,0.24630724,2.107283963,0.578662944,0.054956056
83.84861142,0.248488392,2.10518056,0.605703858,0.056529278
83.85325009,0.253981665,2.107931163,0.61111204,0.062428858
83.85788876,0.247922908,2.106151361,0.562438396,0.057315888
83.86252743,0.246226456,2.104209759,0.58947931,0.054877395
83.8671661,0.251962079,2.107364863,0.635448863,0.059282415
83.87180477,0.252365996,2.111490767,0.586775218,0.061878231
83.87644344,0.246468807,2.110600866,0.585873855,0.055742667
83.88108211,0.247680558,2.111167167,0.606605222,0.055585345
83.88572078,0.254224015,2.114888571,0.63004068,0.062035553
83.89035945,0.24961936,2.113027869,0.56333976,0.058967771
83.89499812,0.246226456,2.108092963,0.582268399,0.054798734
83.89963679,0.250184844,2.105827761,0.615618859,0.057866516
83.90427546,0.253577748,2.105504161,0.584972491,0.062271536
83.90891413,0.24679194,2.099598454,0.559734305,0.05597865
83.9135528,0.246468807,2.094582649,0.579564308,0.054720073
83.91819147,0.253012264,2.094501749,0.621928406,0.060462331
83.92283014,0.250427194,2.093126447,0.555227486,0.059675721
83.92746881,0.245337839,2.088110642,0.571452034,0.054720073
83.93210748,0.247761341,2.08624994,0.601197039,0.056293294
83.93674615,0.253093047,2.088191542,0.600295675,0.062350197
83.94138482,0.247034291,2.08560274,0.554326122,0.056843922
83.94602349,0.245499406,2.082690336,0.576860217,0.054405429
83.95066216,0.251235028,2.084470138,0.621027042,0.058810449
83.95530083,0.251396595,2.086897141,0.568747943,0.060934298
83.9599395,0.24606489,2.085279139,0.572353398,0.055192039
83.96457817,0.247115074,2.085279139,0.598492948,0.055349362
83.96921684,0.253739314,2.091993846,0.623731133,0.062114214
83.97385551,0.248246042,2.096200651,0.565142488,0.058653127
83.97849418,0.245257055,2.097818652,0.58947931,0.054877395
83.98313285,0.249700143,2.101701857,0.629139316,0.057787855
83.98777152,0.252527563,2.107931163,0.598492948,0.062192875
83.99241019,0.24606489,2.107364863,0.581367036,0.055899989
83.99704886,0.245903323,2.106555862,0.599394311,0.054798734
84.00168753,0.252285213,2.109306465,0.636350226,0.060934298
84.0063262,0.249134659,2.109306465,0.564241124,0.059675721
84.01096487,0.244449221,2.10469516,0.581367036,0.054562751
84.01560354,0.247438208,2.102510857,0.609309313,0.056843922
84.02024221,0.252123646,2.10469516,0.602098403,0.062428858
84.02488088,0.246145673,2.102349057,0.560635669,0.056765261
84.02951955,0.244449221,2.098789453,0.582268399,0.054720073
84.03415822,0.250184844,2.100245655,0.626435225,0.059439737
84.03879689,0.25010406,2.101620956,0.568747943,0.061170281
84.04343556,0.244368438,2.098627653,0.574156125,0.055113378
84.04807423,0.246145673,2.098465853,0.598492948,0.055585345
84.0527129,0.252850697,2.102915358,0.617421587,0.061878231
84.05735157,0.247518991,2.103481658,0.561537032,0.057945177
84.06199024,0.244449221,2.101297356,0.584071127,0.05448409
84.06662891,0.249134659,2.103400758,0.62282977,0.057787855
84.07126758,0.251558162,2.107122162,0.586775218,0.062035553
84.07590625,0.245014705,2.10485696,0.571452034,0.055742667
84.08054492,0.245418622,2.104047959,0.592183401,0.055113378
84.08518359,0.252042863,2.106232261,0.63004068,0.060934298
84.08982226,0.248246042,2.106798562,0.562438396,0.059203754
84.09446093,0.244368438,2.103643459,0.581367036,0.054562751
84.0990996,0.247518991,2.102106357,0.612013404,0.056607939
84.10373827,0.252123646,2.10453336,0.600295675,0.062271536
84.10837694,0.245418622,2.102915358,0.56333976,0.056450617
84.11301561,0.244287654,2.099841155,0.584071127,0.054641412
84.11765428,0.250507978,2.102349057,0.629139316,0.060069026
84.12229295,0.24961936,2.10501876,0.57055067,0.060776976
84.12693162,0.243802954,2.102429957,0.581367036,0.055034717
84.13157029,0.245660972,2.102672658,0.606605222,0.055899989
84.13620896,0.251558162,2.108335664,0.620125678,0.062035553
84.14084763,0.246226456,2.111005366,0.566945215,0.057551872
84.1454863,0.24347982,2.111005366,0.592183401,0.054405429
84.15012497,0.248326825,2.11448407,0.631843407,0.05818116
84.15476364,0.250507978,2.119580776,0.590380673,0.061720909
84.15940231,0.243964521,2.119823476,0.578662944,0.0552707
84.16404098,0.244287654,2.120956077,0.599394311,0.0552707
84.16867965,0.250911895,2.127266284,0.636350226,0.061327603
84.17331832,0.246872724,2.129693286,0.569649307,0.059203754
84.17795699,0.24299512,2.129774186,0.592183401,0.054720073
84.18259566,0.246711157,2.134385491,0.626435225,0.057079905
84.18723433,0.251235028,2.1429609,0.612013404,0.062428858
84.191873,0.244853138,2.146682304,0.581367036,0.056293294
84.19651167,0.244206871,2.149594707,0.604802494,0.054641412
84.20115034,0.250750328,2.156956615,0.649870683,0.060069026
84.20578901,0.24961936,2.16156792,0.585873855,0.060698315
84.21042768,0.244045304,2.161001619,0.597591584,0.054720073
84.21506635,0.246630373,2.16172972,0.621027042,0.056214633
84.21970502,0.252527563,2.166017425,0.628237952,0.06258618
84.22434369,0.246388023,2.165532024,0.574156125,0.057945177
84.22898236,0.243560604,2.165208424,0.600295675,0.054877395
84.23362103,0.249053876,2.173217532,0.653476138,0.058653127
84.2382597,0.250831111,2.187536848,0.621928406,0.061878231
84.24289837,0.244530005,2.196435857,0.621928406,0.055585345
84.24753704,0.245176272,2.203555065,0.641758409,0.0552707
84.25217571,0.251638945,2.209703471,0.664292504,0.061642248
84.25681438,0.247599774,2.20840907,0.58947931,0.058967771
84.26145305,0.24372217,2.202341563,0.60390113,0.054720073
84.26609172,0.247438208,2.199833661,0.633646135,0.057158566
84.27073039,0.251154245,2.19918646,0.606605222,0.062035553
84.27536906,0.244368438,2.193199854,0.574156125,0.056214633
84.28000773,0.243560604,2.187536848,0.593084765,0.055034717
84.2846464,0.250346411,2.186808747,0.636350226,0.06038367
84.28928507,0.248488392,2.185028945,0.568747943,0.060147687
84.29392374,0.24323747,2.18057944,0.584071127,0.054641412
84.29856241,0.245741756,2.179689539,0.614717496,0.056214633
84.30320108,0.251396595,2.184705345,0.62282977,0.062114214
84.30783975,0.245337839,2.188507649,0.577761581,0.057237227
84.31247842,0.243318253,2.193361654,0.60390113,0.054720073
84.31711709,0.249134659,2.202017963,0.648969319,0.059046432
84.32175576,0.24937701,2.210512472,0.599394311,0.061563586
84.32639443,0.24372217,2.212130474,0.595788856,0.0552707
84.3310331,0.244449221,2.211725973,0.613816132,0.055034717
84.33567177,0.250911895,2.212858574,0.636350226,0.061484925
84.34031044,0.24654959,2.20865177,0.567846579,0.058810449
84.34494911,0.243075903,2.201208962,0.585873855,0.054956056
84.34958778,0.247276641,2.196112257,0.619224315,0.057787855
84.35422645,0.250346411,2.193847054,0.590380673,0.062271536
84.35886512,0.243883737,2.185433445,0.564241124,0.055899989
84.36350379,0.243399037,2.179204139,0.584972491,0.055034717
84.36814246,0.249780927,2.177505237,0.628237952,0.060147687
84.37278113,0.247357424,2.175320935,0.56333976,0.059675721
84.3774198,0.242348852,2.170305129,0.579564308,0.054720073
84.38205847,0.245499406,2.168444427,0.609309313,0.056293294
84.38669714,0.250588761,2.168929828,0.608407949,0.062114214
84.39133581,0.244368438,2.163428622,0.559734305,0.057079905
84.39597448,0.242510419,2.155985814,0.580465672,0.054405429
84.40061315,0.247518991,2.153316111,0.62282977,0.058810449
84.40525182,0.248165258,2.15185991,0.567846579,0.061012959
84.40989049,0.241944935,2.144659802,0.568747943,0.055034717
84.41452916,0.243156686,2.139401297,0.591282037,0.0552707
84.41916783,0.24937701,2.138834996,0.615618859,0.061642248
84.4238065,0.244368438,2.134789992,0.551622031,0.05818116
84.42844517,0.240975534,2.129126986,0.575057489,0.05448409
84.43308384,0.245741756,2.127913484,0.612914768,0.057630533
84.43772251,0.248811526,2.128722485,0.582268399,0.061720909
84.44236118,0.242106502,2.12394938,0.56333976,0.055664006
84.44699985,0.241944935,2.120066176,0.585873855,0.054877395
84.45163852,0.248649959,2.120308876,0.627336589,0.060540992
84.45627719,0.24630724,2.119095375,0.558832941,0.05959706
84.46091586,0.241944935,2.11432227,0.576860217,0.054405429
84.46555453,0.244933922,2.112704268,0.606605222,0.056135972
84.4701932,0.249942494,2.11464587,0.601197039,0.061878231
84.47483187,0.243560604,2.111652567,0.557030214,0.056371956
84.47947054,0.242106502,2.108012063,0.578662944,0.054720073
84.48410921,0.247599774,2.107688463,0.623731133,0.059361076
84.48874788,0.247518991,2.107526663,0.565142488,0.061170281
84.49338655,0.241621801,2.103724359,0.57055067,0.054956056
84.49802522,0.243318253,2.101540056,0.594887492,0.055349362
84.50266389,0.249700143,2.104209759,0.616520223,0.06179957
84.50730256,0.244691571,2.102996258,0.55612885,0.057787855
84.51194123,0.241702585,2.099760255,0.578662944,0.05448409
84.5165799,0.246630373,2.100164755,0.618322951,0.057945177
84.52121857,0.249053876,2.102429957,0.583169763,0.06179957
84.52585724,0.242752769,2.099355754,0.566043851,0.055664006
84.53049591,0.24299512,2.097171452,0.586775218,0.054877395
84.53513458,0.249134659,2.099193954,0.627336589,0.060698315
84.53977325,0.245903323,2.099032154,0.558832941,0.059675721
84.54441192,0.241944935,2.09522985,0.577761581,0.054720073
84.54905059,0.245014705,2.094501749,0.610210677,0.056607939
84.55368926,0.249457793,2.097333252,0.600295675,0.06179957
84.55832793,0.243156686,2.094582649,0.560635669,0.056371956
84.5629666,0.241621801,2.092721947,0.583169763,0.054405429
84.56760527,0.247680558,2.09539165,0.628237952,0.059361076
84.57224394,0.247034291,2.098465853,0.568747943,0.060540992
84.57688261,0.241217884,2.09595795,0.575958853,0.054956056
84.58152128,0.242833553,2.096281551,0.602098403,0.055506684
84.58615995,0.24937701,2.101863657,0.620125678,0.061720909
84.59079862,0.244206871,2.103967059,0.565142488,0.057551872
84.59543729,0.241621801,2.105908661,0.591282037,0.054326768
84.60007596,0.24630724,2.115616671,0.647166592,0.057945177
84.60471463,0.248973093,2.137459695,0.63725159,0.061406264
84.6093533,0.243560604,2.160839819,0.650772047,0.055192039
84.61399197,0.244368438,2.18017494,0.676010233,0.054798734
84.61863064,0.251073462,2.194089755,0.6967416,0.061406264
84.62326931,0.247195857,2.198458359,0.612914768,0.058967771
84.62790798,0.24372217,2.195869556,0.620125678,0.05448409
84.63254665,0.247115074,2.194494255,0.643561137,0.056843922
84.63718532,0.251719729,2.196597657,0.621027042,0.061956892
84.64182399,0.245903323,2.193118954,0.581367036,0.056135972
84.64646266,0.244610788,2.18964025,0.598492948,0.054562751
84.65110133,0.250669544,2.190691951,0.639955681,0.059911704
84.65574,0.24986171,2.18996385,0.575057489,0.060462331
84.66037867,0.244206871,2.183896344,0.584071127,0.055192039
84.66501734,0.24654959,2.18066034,0.610210677,0.05597865
84.66965601,0.25268913,2.181550241,0.621027042,0.062035553
84.67429468,0.246468807,2.178395138,0.566043851,0.057787855
84.67893335,0.244530005,2.174754634,0.588577946,0.054641412
84.68357202,0.249457793,2.174835534,0.632744771,0.058495805
84.68821069,0.251235028,2.177828837,0.593986129,0.061563586
84.69284936,0.245095489,2.175320935,0.58947931,0.055428023
84.69748803,0.245499406,2.173298433,0.61111204,0.054956056
84.7021267,0.252527563,2.176615336,0.641758409,0.061406264
84.70676537,0.248892309,2.176049035,0.574156125,0.058810449
84.71140404,0.245257055,2.172570332,0.594887492,0.05448409
84.71604271,0.249538577,2.173136632,0.629139316,0.057001244
84.72068138,0.253739314,2.175968135,0.610210677,0.062035553
84.72532005,0.248407609,2.173783833,0.580465672,0.056057311
84.72995872,0.249215443,2.171923131,0.602999766,0.054720073
84.73459739,0.257132218,2.174997334,0.647166592,0.060226348
84.73923606,0.255920467,2.177019836,0.580465672,0.060305009
84.74387473,0.251396595,2.175563635,0.594887492,0.055034717
84.7485134,0.254224015,2.178071538,0.623731133,0.056135972
84.75315207,0.260605905,2.187536848,0.634547499,0.061878231
84.75779074,0.255354983,2.194089755,0.586775218,0.057630533
84.76242941,0.253577748,2.19942916,0.61111204,0.054798734
84.76706808,0.258909453,2.206791068,0.655278866,0.058810449
84.77170675,0.260848255,2.213910276,0.605703858,0.061563586
84.77634542,0.255274199,2.213182175,0.597591584,0.0552707
84.78098409,0.256324384,2.211564173,0.616520223,0.055349362
84.78562276,0.26238314,2.213991176,0.642659773,0.061956892
84.79026143,0.257697702,2.212615874,0.575958853,0.058810449
84.7949001,0.254062448,2.20881357,0.59669022,0.054798734
84.79953877,0.257374568,2.20881357,0.630942044,0.057630533
84.80417744,0.260686688,2.211645073,0.605703858,0.062035553
84.80881611,0.254224015,2.20824727,0.580465672,0.056135972
84.81345478,0.253658531,2.205739367,0.600295675,0.054877395
84.81809345,0.259474937,2.20889447,0.643561137,0.060540992
84.82273212,0.256970651,2.210512472,0.576860217,0.060147687
84.82737079,0.252608346,2.20889447,0.593084765,0.055034717
84.83200946,0.254547149,2.210350672,0.623731133,0.056371956
84.83664813,0.260040421,2.21771258,0.626435225,0.062271536
84.8412868,0.253900881,2.220463183,0.580465672,0.057158566
84.84592547,0.252204429,2.222647485,0.605703858,0.05448409
84.85056414,0.258263186,2.230252093,0.650772047,0.058653127
84.85520281,0.258747886,2.240445504,0.602098403,0.060855637
84.85984148,0.253739314,2.247645611,0.605703858,0.054798734
84.86448015,0.255435766,2.260589625,0.634547499,0.055034717
84.86911882,0.263029408,2.280733746,0.666996595,0.061563586
84.87375749,0.25858632,2.296590163,0.608407949,0.058102499
84.87839616,0.256082034,2.311556679,0.635448863,0.054248106
84.88303483,0.26189844,2.3308918,0.67781296,0.057237227
84.8876735,0.266260744,2.353867424,0.655278866,0.061720909
84.89231217,0.260848255,2.371584543,0.634547499,0.055506684
84.89695084,0.261736873,2.389139861,0.653476138,0.054405429
84.90158951,0.26876503,2.40620978,0.692234781,0.06038367
84.90622818,0.266745445,2.416564991,0.618322951,0.059518399
84.91086685,0.26238314,2.420852695,0.630942044,0.054405429
84.91550552,0.26521056,2.426192101,0.658884321,0.056214633
84.92014419,0.270623049,2.43525291,0.653476138,0.061956892
84.92478286,0.264806643,2.439702415,0.608407949,0.056607939
84.92942153,0.263352541,2.443423819,0.629139316,0.054405429
84.9340602,0.269007381,2.448035124,0.673306141,0.059125093
84.93869887,0.268684247,2.451271127,0.615618859,0.060855637
84.94333754,0.262867841,2.447711524,0.617421587,0.054956056
84.94797621,0.264160375,2.445527221,0.639054318,0.055192039
84.95261488,0.270299915,2.446093522,0.657982957,0.061484925
84.95725355,0.264887426,2.441967617,0.592183401,0.057945177
84.96189222,0.261332956,2.433634909,0.612013404,0.05448409
84.96653089,0.265614477,2.427891003,0.647166592,0.058102499
84.97116956,0.267553279,2.424250499,0.610210677,0.062035553
84.97580823,0.261090605,2.414866089,0.590380673,0.055742667
84.9804469,0.260848255,2.40629068,0.608407949,0.054641412
84.98508557,0.267310929,2.402488376,0.646265228,0.060855637
84.98972424,0.263110191,2.396420869,0.576860217,0.059439737
84.99436291,0.258343969,2.386389259,0.594887492,0.05448409
84.99900158,0.261090605,2.380888053,0.625533861,0.056529278
85.00364025,0.265614477,2.37878465,0.615618859,0.062192875
85.00827892,0.258909453,2.370775542,0.576860217,0.0566866
85.01291759,0.256809084,2.362604633,0.597591584,0.054562751
85.01755626,0.262787057,2.35928773,0.640857045,0.059439737
85.02219493,0.262060007,2.357588828,0.583169763,0.060855637
85.0268336,0.255839683,2.351197721,0.591282037,0.054720073
85.03147227,0.257051435,2.346748216,0.616520223,0.055349362
85.03611094,0.263271758,2.347638117,0.633646135,0.061956892
85.04074961,0.257536135,2.344078514,0.577761581,0.057866516
85.04538828,0.254547149,2.338577308,0.600295675,0.054326768
85.05002695,0.25931337,2.336635706,0.639054318,0.058023838
85.05466562,0.261332956,2.336878406,0.601197039,0.061720909
85.05930429,0.254385582,2.332267101,0.587676582,0.055349362
85.06394296,0.254870282,2.328788397,0.608407949,0.054877395
85.06858163,0.261171389,2.328788397,0.6444625,0.061012959
85.0732203,0.257132218,2.326604095,0.579564308,0.059125093
85.07785897,0.25317383,2.324096192,0.60390113,0.05448409
85.08249764,0.256970651,2.329273798,0.642659773,0.0566866
85.08713631,0.261979223,2.341166111,0.63725159,0.062114214
85.09177498,0.2557589,2.348932519,0.606605222,0.056371956
85.09641365,0.254708715,2.355242725,0.629139316,0.054405429
85.10105232,0.261090605,2.362038333,0.668799323,0.059675721
85.10569099,0.260121204,2.363413634,0.601197039,0.060540992
85.11032966,0.254708715,2.356537127,0.605703858,0.054877395
85.11496833,0.2562436,2.34974152,0.625533861,0.055742667
85.119607,0.261979223,2.345858316,0.633646135,0.062114214
85.12424567,0.256162817,2.337606507,0.574156125,0.057630533
85.12888434,0.253496964,2.328707497,0.594887492,0.054562751
85.13352301,0.258424753,2.32166919,0.634547499,0.058338482
85.13816168,0.259717287,2.316734285,0.58947931,0.061956892
85.14280035,0.253416181,2.306945374,0.578662944,0.055664006
85.14743902,0.253577748,2.299421666,0.600295675,0.055034717
85.15207769,0.259959638,2.297156464,0.631843407,0.061170281
85.15671636,0.255597333,2.292787859,0.565142488,0.058810449
85.16135503,0.251477379,2.285183251,0.586775218,0.054877395
85.1659937,0.255274199,2.281623647,0.621928406,0.057473211
85.17063237,0.259151803,2.280491046,0.602999766,0.062743503
85.17527104,0.25244678,2.27490894,0.573254762,0.056765261
85.17990971,0.251558162,2.268922334,0.593986129,0.055349362
85.18454838,0.257374568,2.268032433,0.639955681,0.060540992
85.18918705,0.256162817,2.268113333,0.577761581,0.060934298
85.19382572,0.251235028,2.265929031,0.59669022,0.0552707
85.19846439,0.25317383,2.26528183,0.624632497,0.056843922
85.20310306,0.259151803,2.269326834,0.631843407,0.062664841
85.20774173,0.25317383,2.267870633,0.580465672,0.058023838
85.2123804,0.250588761,2.266090831,0.60390113,0.054877395
85.21701907,0.256162817,2.269569535,0.647166592,0.058810449
85.22165774,0.256889868,2.27474714,0.602098403,0.06179957
85.22629641,0.250507978,2.277902243,0.599394311,0.055742667
85.23093508,0.251719729,2.284859651,0.625533861,0.055506684
85.23557375,0.25858632,2.296590163,0.661588412,0.06179957
85.24021242,0.254224015,2.306864474,0.602999766,0.05888911
85.24485109,0.250992678,2.315520783,0.630942044,0.054877395
85.24948976,0.255354983,2.327251296,0.67060205,0.057709194
85.25412843,0.259636504,2.342056012,0.648969319,0.062428858
85.2587671,0.253739314,2.352653923,0.626435225,0.056607939
85.26340577,0.253820098,2.367215938,0.651673411,0.055506684
85.26804444,0.261817656,2.389220762,0.701248419,0.061012959
85.27268311,0.262221573,2.421257196,0.652574774,0.060619654
85.27732178,0.258909453,2.450462126,0.672404778,0.055349362
85.28196045,0.26262549,2.480880559,0.70395251,0.0566866
85.28659912,0.269653648,2.515748496,0.708459329,0.062979486
85.29123779,0.265372127,2.540827522,0.653476138,0.057709194
85.29587646,0.264645076,2.555146838,0.666095231,0.055113378
85.30051513,0.270461482,2.563398646,0.698544327,0.059361076
85.3051538,0.270784616,2.565663849,0.63725159,0.061956892
85.30979247,0.26496821,2.556764839,0.626435225,0.055899989
85.31443114,0.265776044,2.546490528,0.643561137,0.055821328
85.31906981,0.2718348,2.53872412,0.666095231,0.062114214
85.32370848,0.266987795,2.526346407,0.598492948,0.059046432
85.32834715,0.263352541,2.510975391,0.617421587,0.055349362
85.33298582,0.267391712,2.498678578,0.648067956,0.058102499
85.33762449,0.269815215,2.488889667,0.613816132,0.06258618
85.34226316,0.262948624,2.47295235,0.584071127,0.056293294
85.34690183,0.261656089,2.456610533,0.600295675,0.0552707
85.3515405,0.267310929,2.445041821,0.639955681,0.06109162
85.35617917,0.264160375,2.433230408,0.569649307,0.060540992
85.36081784,0.258990237,2.41624139,0.584972491,0.055113378
85.36545651,0.261252172,2.403620977,0.612914768,0.056765261
85.37009518,0.266099177,2.395611868,0.61111204,0.062428858
85.37473385,0.25931337,2.382425154,0.565142488,0.057237227
85.37937252,0.256889868,2.36931934,0.586775218,0.055034717
85.38401119,0.262221573,2.361714732,0.630942044,0.059439737
85.38864986,0.26189844,2.354110124,0.575958853,0.061642248
85.39328853,0.256324384,2.341732411,0.577761581,0.055349362
85.3979272,0.256889868,2.331862601,0.601197039,0.055585345
85.40256587,0.262948624,2.327817596,0.623731133,0.061956892
85.40720454,0.257536135,2.320293888,0.56333976,0.058574466
85.41184321,0.254466365,2.31220388,0.587676582,0.055034717
85.41648188,0.25882867,2.309615077,0.629139316,0.05818116
85.42112055,0.261575306,2.308644276,0.59669022,0.062428858
85.42575922,0.254708715,2.303628471,0.580465672,0.05597865
85.43039789,0.254708715,2.299178966,0.600295675,0.055349362
85.43503656,0.261413739,2.298936266,0.642659773,0.06109162
85.43967523,0.258343969,2.295376662,0.573254762,0.059675721
85.4443139,0.253254614,2.288257454,0.591282037,0.055113378
85.44895257,0.256162817,2.283403449,0.619224315,0.057079905
85.45359124,0.261009822,2.280814647,0.612013404,0.062507519
85.45822991,0.253820098,2.272562838,0.567846579,0.056843922
85.46286858,0.252365996,2.263825629,0.587676582,0.055192039
85.46750725,0.258343969,2.259376124,0.631843407,0.059361076
85.47214592,0.257616918,2.25565472,0.575057489,0.060855637
85.47678459,0.251558162,2.247160211,0.580465672,0.055113378
85.48142326,0.25268913,2.241739905,0.605703858,0.055821328
85.48606193,0.258909453,2.240688204,0.625533861,0.062114214
85.4907006,0.25317383,2.235348798,0.566945215,0.058653127
85.49533927,0.25010406,2.229604892,0.590380673,0.054798734
85.49997794,0.254627932,2.22782509,0.63004068,0.058338482
85.50461661,0.257293785,2.228310491,0.594887492,0.062035553
85.50925528,0.250750328,2.223780086,0.581367036,0.055821328
85.51389395,0.250911895,2.220705883,0.60390113,0.055192039
85.51853262,0.257616918,2.223375586,0.643561137,0.061012959
85.52317129,0.254304798,2.223537386,0.577761581,0.059518399
85.52780996,0.250750328,2.221919384,0.599394311,0.054877395
85.53244863,0.253981665,2.223699186,0.633646135,0.057079905
85.5370873,0.25907102,2.228553191,0.621928406,0.062271536
85.54172597,0.252850697,2.22766329,0.584972491,0.056922583
85.54636464,0.251962079,2.225883488,0.605703858,0.054877395
85.55100331,0.25858632,2.226935189,0.648969319,0.059754382
85.55564198,0.257778485,2.226287989,0.584972491,0.060855637
85.56028065,0.252608346,2.219735082,0.593084765,0.055113378
85.56491932,0.254385582,2.215366477,0.618322951,0.055742667
85.56955799,0.260363555,2.214961977,0.630942044,0.061956892
85.57419666,0.254547149,2.210188872,0.573254762,0.057709194
85.57883533,0.251719729,2.203635965,0.594887492,0.054405429
85.583474,0.256485951,2.200723562,0.631843407,0.058338482
85.58811267,0.258020836,2.19894376,0.58947931,0.061563586
85.59275134,0.251558162,2.192552653,0.576860217,0.055585345
85.59739001,0.251719729,2.186970547,0.59669022,0.055349362
85.60202868,0.258263186,2.187536848,0.631843407,0.061248942
85.60666735,0.254224015,2.185190745,0.566043851,0.059046432
85.61130602,0.250507978,2.181064841,0.586775218,0.054877395
85.61594469,0.253658531,2.18025584,0.620125678,0.057315888
85.62058336,0.258101619,2.183168243,0.604802494,0.062507519
85.62522203,0.251396595,2.18049854,0.572353398,0.056607939
85.6298607,0.250427194,2.176858036,0.593986129,0.054720073
85.63449937,0.256728301,2.177667037,0.639054318,0.059990365
85.63913804,0.25551655,2.178556938,0.576860217,0.060619654
85.64377671,0.250265627,2.174754634,0.588577946,0.055034717
85.64841538,0.252527563,2.172974832,0.614717496,0.056057311
85.65305405,0.258424753,2.174431034,0.624632497,0.062428858
85.65769272,0.252769913,2.171680431,0.57055067,0.057394549
85.66233139,0.250669544,2.166664625,0.592183401,0.054326768
85.66697006,0.255839683,2.165370224,0.632744771,0.058731788
85.67160873,0.257132218,2.165855625,0.586775218,0.061327603
85.6762474,0.250750328,2.161001619,0.578662944,0.055428023
85.68088607,0.251477379,2.157199315,0.598492948,0.055113378
85.68552474,0.257940052,2.157846516,0.63004068,0.061406264
85.69016341,0.253820098,2.155662214,0.56333976,0.058574466
85.69480208,0.24986171,2.150322808,0.584071127,0.054405429
85.69944075,0.253739314,2.148462106,0.618322951,0.057001244
85.70407942,0.257132218,2.149432907,0.597591584,0.061956892
85.70871809,0.250588761,2.144417102,0.57055067,0.055899989
85.71335676,0.249457793,2.141019298,0.591282037,0.054720073
85.71799543,0.256324384,2.1423946,0.635448863,0.060069026
85.7226341,0.254224015,2.1427991,0.57055067,0.060462331
85.72727277,0.249134659,2.138754096,0.582268399,0.054798734
85.73191144,0.251477379,2.136246193,0.610210677,0.055899989
85.73655011,0.257051435,2.137621495,0.614717496,0.061956892
85.74118878,0.250992678,2.135032692,0.565142488,0.057315888
85.74582745,0.248730742,2.131796689,0.587676582,0.054798734
85.75046612,0.254224015,2.13325289,0.63004068,0.058810449
85.75510479,0.255031849,2.134628192,0.581367036,0.06109162
85.75974346,0.248649959,2.130664087,0.578662944,0.055034717
85.76438213,0.249134659,2.128803385,0.600295675,0.055034717
85.7690208,0.255920467,2.132443889,0.63004068,0.061406264
85.77365947,0.251477379,2.133819191,0.57055067,0.058417143
85.77829814,0.247922908,2.135275392,0.59669022,0.054720073
85.78293681,0.251881296,2.139482197,0.63725159,0.057315888
85.78757548,0.255435766,2.146763204,0.612013404,0.062114214
85.79221415,0.248811526,2.146035104,0.584071127,0.056057311
85.79685282,0.248488392,2.144417102,0.601197039,0.054956056
85.80149149,0.255112632,2.146439604,0.642659773,0.060226348
85.80613016,0.252769913,2.147734005,0.575057489,0.059833043
85.81076883,0.247518991,2.145226103,0.591282037,0.054720073
85.8154075,0.249942494,2.145630603,0.617421587,0.056057311
85.82004617,0.255435766,2.149594707,0.618322951,0.062035553
85.82468484,0.24937701,2.148704806,0.57055067,0.056922583
85.82932351,0.247599774,2.147086805,0.593986129,0.054641412
85.83396218,0.253496964,2.149999208,0.638152954,0.059046432
85.83860085,0.253739314,2.153477911,0.585873855,0.061327603
85.84323952,0.248084475,2.15169811,0.586775218,0.055034717
85.84787819,0.249538577,2.15234531,0.610210677,0.0552707
85.85251686,0.25600125,2.157118415,0.635448863,0.06179957
85.85715553,0.251315812,2.159140918,0.575057489,0.058574466
85.8617942,0.248326825,2.161001619,0.601197039,0.05448409
85.86643287,0.252850697,2.166907326,0.639054318,0.057394549
85.87107154,0.25600125,2.174916434,0.61111204,0.061878231
85.87571021,0.249538577,2.179285039,0.593986129,0.055742667
85.88034888,0.249215443,2.184705345,0.616520223,0.054798734
85.88498755,0.256162817,2.196354957,0.66339114,0.060540992
85.88962622,0.254385582,2.214557476,0.606605222,0.059675721
85.89426489,0.251396595,2.236319599,0.639054318,0.054641412
85.89890356,0.255597333,2.267627933,0.688629326,0.056607939
85.90354223,0.261494523,2.308886976,0.707557965,0.062428858
85.9081809,0.258263186,2.348366218,0.676010233,0.056765261
85.91281957,0.259798071,2.389787062,0.708459329,0.054720073
85.91745824,0.268603463,2.433634909,0.757132973,0.059833043
85.92209691,0.2713501,2.47279055,0.704853874,0.061406264
85.92673558,0.267714846,2.50110558,0.709360693,0.055428023
85.93137425,0.270542266,2.526184607,0.732796151,0.056057311
85.93601292,0.278620607,2.553043435,0.749922063,0.062350197
85.94065159,0.273935169,2.56687735,0.676911597,0.058731788
85.94529026,0.271511667,2.572783056,0.685023871,0.055349362
85.94992893,0.276358672,2.575129159,0.705755238,0.058417143
85.9545676,0.278459041,2.571731355,0.651673411,0.062664841
85.95920627,0.271511667,2.558544641,0.621928406,0.056214633
85.96384494,0.271754017,2.545357927,0.633646135,0.055506684
85.96848361,0.277408856,2.535407217,0.666996595,0.061327603
85.97312228,0.273935169,2.523514904,0.594887492,0.059990365
85.97776095,0.269007381,2.508143888,0.610210677,0.055034717
85.98239962,0.271430883,2.494714473,0.63725159,0.057394549
85.98703829,0.276116321,2.483873862,0.625533861,0.063058147
85.99167696,0.26876503,2.467855645,0.585873855,0.057473211
85.99631563,0.267068579,2.45337453,0.612013404,0.055349362
86.0009543,0.272319501,2.442695718,0.660687048,0.060226348
86.00559297,0.270946183,2.431936007,0.600295675,0.061563586
86.01023164,0.264564293,2.41624139,0.60390113,0.055742667
86.01487031,0.26569526,2.402407476,0.623731133,0.056135972
86.01950898,0.271511667,2.392861265,0.633646135,0.062743503
86.02414765,0.265048993,2.379027351,0.572353398,0.058731788
86.02878632,0.261171389,2.363332734,0.593084765,0.055034717
86.03342499,0.26569526,2.352815723,0.630942044,0.058810449
86.03806366,0.266987795,2.343997614,0.58947931,0.062271536
86.04270233,0.259717287,2.330082799,0.575057489,0.05597865
86.047341,0.259636504,2.317705086,0.593986129,0.055585345
86.05197967,0.266099177,2.310100478,0.629139316,0.061642248
86.05661834,0.261656089,2.300392467,0.560635669,0.059518399
86.06125701,0.257051435,2.287852954,0.580465672,0.054877395
86.06589568,0.259798071,2.278711244,0.612914768,0.057079905
86.07053435,0.263837242,2.273290939,0.598492948,0.062664841
86.07517302,0.257051435,2.262935728,0.564241124,0.056922583
86.07981169,0.255597333,2.253389517,0.585873855,0.055034717
86.08445036,0.261252172,2.247807412,0.629139316,0.060698315
86.08908903,0.259555721,2.241820805,0.566043851,0.061406264
86.0937277,0.253820098,2.231384694,0.576860217,0.055192039
86.09836637,0.255435766,2.223860986,0.602999766,0.056371956
86.10300504,0.261252172,2.220301382,0.614717496,0.062271536
86.10764371,0.255112632,2.213505775,0.559734305,0.057787855
86.11228238,0.252204429,2.205253966,0.583169763,0.054956056
86.11692105,0.257132218,2.200885362,0.623731133,0.058574466
86.12155972,0.257940052,2.198620159,0.580465672,0.061484925
86.12619839,0.251558162,2.191824552,0.572353398,0.055349362
86.13083706,0.251719729,2.185918846,0.593986129,0.055034717
86.13547573,0.258020836,2.184543544,0.628237952,0.06109162
86.1401144,0.254143231,2.181469341,0.562438396,0.058810449
86.14475307,0.250346411,2.175159134,0.584071127,0.054798734
86.14939174,0.253739314,2.172408532,0.617421587,0.057079905
86.15403041,0.257293785,2.172246731,0.597591584,0.061956892
86.15866908,0.250346411,2.165774725,0.566945215,0.056450617
86.16330775,0.249457793,2.160678019,0.587676582,0.054798734
86.16794642,0.255435766,2.159788118,0.631843407,0.060305009
86.17258509,0.254143231,2.158008316,0.566043851,0.060462331
86.17722376,0.248892309,2.15226441,0.578662944,0.054956056
86.18186243,0.250669544,2.148057606,0.604802494,0.056057311
86.1865011,0.256728301,2.148138506,0.612914768,0.062114214
86.19113977,0.250265627,2.143689001,0.561537032,0.057158566
86.19577844,0.247922908,2.138187795,0.584071127,0.054248106
86.20041711,0.253012264,2.138187795,0.626435225,0.058338482
86.20505578,0.254143231,2.138349595,0.579564308,0.061170281
86.20969445,0.247922908,2.134304591,0.575057489,0.055192039
86.21433312,0.248892309,2.131715788,0.597591584,0.0552707
86.21897179,0.255435766,2.134061891,0.628237952,0.061327603
86.22361046,0.251073462,2.13292929,0.564241124,0.058495805
86.22824913,0.247842125,2.130016887,0.588577946,0.054405429
86.2328878,0.251719729,2.129612386,0.62282977,0.057473211
86.23752647,0.255435766,2.13284839,0.598492948,0.062192875
86.24216514,0.249053876,2.130016887,0.572353398,0.055899989
86.24680381,0.248730742,2.127347184,0.592183401,0.054720073
86.25144248,0.255031849,2.129288786,0.635448863,0.060305009
86.25608115,0.253012264,2.130421387,0.568747943,0.060226348
86.26071982,0.248003692,2.126780883,0.584071127,0.054720073
86.26535849,0.250831111,2.126052782,0.612013404,0.056057311
86.26999716,0.2562436,2.128722485,0.614717496,0.062114214
86.27463583,0.250023277,2.127347184,0.567846579,0.057079905
86.2792745,0.248407609,2.125243782,0.591282037,0.054405429
86.28391317,0.253981665,2.127589884,0.635448863,0.058810449
86.28855184,0.254789499,2.129774186,0.583169763,0.061012959
86.29319051,0.249134659,2.126780883,0.582268399,0.055113378
86.29782918,0.250265627,2.125081981,0.60390113,0.055192039
86.30246785,0.256809084,2.127832584,0.628237952,0.061563586
86.30710652,0.251962079,2.127185384,0.564241124,0.058495805
86.31174519,0.248649959,2.124353881,0.586775218,0.054562751
86.31638386,0.252769913,2.12403028,0.621928406,0.057630533
86.32102253,0.255597333,2.125971882,0.593986129,0.062192875
86.3256612,0.24961936,2.12346398,0.572353398,0.055664006
86.33029987,0.249134659,2.121845978,0.592183401,0.054641412
86.33493854,0.25551655,2.125081981,0.634547499,0.060540992
86.33957721,0.252769913,2.126457283,0.566945215,0.059833043
86.34421588,0.248084475,2.12394938,0.585873855,0.054720073
86.34885455,0.251154245,2.12394938,0.615618859,0.056450617
86.35349322,0.256162817,2.127589884,0.612914768,0.062271536
86.35813189,0.249942494,2.125243782,0.568747943,0.057001244
86.36277056,0.248084475,2.12362578,0.592183401,0.054562751
86.36740923,0.253820098,2.126861783,0.636350226,0.059125093
86.3720479,0.253820098,2.130583187,0.583169763,0.061012959
86.37668657,0.248084475,2.129774186,0.585873855,0.055349362
86.38132524,0.24961936,2.131311288,0.610210677,0.055742667
86.38596391,0.255678116,2.137459695,0.633646135,0.062114214
86.39060258,0.250507978,2.140291198,0.574156125,0.058495805
86.39524125,0.247761341,2.140452998,0.597591584,0.054877395
86.39987992,0.252285213,2.144336202,0.636350226,0.058102499
86.40451859,0.255193416,2.149271107,0.602098403,0.062035553
86.40915726,0.248730742,2.148866607,0.583169763,0.056057311
86.41379593,0.248407609,2.148381206,0.602999766,0.0552707
86.4184346,0.255112632,2.151131809,0.642659773,0.06109162
86.42307327,0.252123646,2.150161008,0.571452034,0.060069026
86.42771194,0.247438208,2.146035104,0.588577946,0.055113378
86.43235061,0.250507978,2.144255302,0.617421587,0.057158566
86.43698928,0.255597333,2.145954204,0.609309313,0.062507519
86.44162795,0.248730742,2.141747399,0.567846579,0.056922583
86.44626662,0.247357424,2.137702395,0.588577946,0.054720073
86.45090529,0.253335397,2.136974294,0.632744771,0.059361076
86.45554396,0.253012264,2.136327093,0.574156125,0.060855637
86.46018263,0.247115074,2.131149488,0.578662944,0.055192039
86.4648213,0.248326825,2.128075285,0.602999766,0.055742667
86.46945997,0.255031849,2.128803385,0.620125678,0.062035553
86.47409864,0.249942494,2.125567382,0.561537032,0.058023838
86.47873731,0.247195857,2.120713377,0.585873855,0.054798734
86.48337598,0.252769913,2.120066176,0.625533861,0.058338482
86.48801465,0.255274199,2.121926878,0.588577946,0.062035553
86.49265332,0.248730742,2.117558273,0.574156125,0.055899989
86.49729199,0.249457793,2.11472677,0.594887492,0.055192039
86.50193066,0.25600125,2.115940272,0.633646135,0.061327603
86.50656933,0.25244678,2.114888571,0.565142488,0.059361076
86.511208,0.248488392,2.110519966,0.584071127,0.054641412
86.51584667,0.251558162,2.109063764,0.614717496,0.056765261
86.52048534,0.256082034,2.110762666,0.602098403,0.062350197
86.52512401,0.24937701,2.107688463,0.565142488,0.056450617
86.52976268,0.248003692,2.103805259,0.586775218,0.054641412
86.53440135,0.254143231,2.10501876,0.630942044,0.059754382
86.53904002,0.253254614,2.105908661,0.569649307,0.060698315
86.54367869,0.248003692,2.103319858,0.579564308,0.055192039
86.54831736,0.24986171,2.101944557,0.604802494,0.05597865
86.55295603,0.255597333,2.10469516,0.619224315,0.061878231
86.5575947,0.249780927,2.104128859,0.562438396,0.057787855
86.56223337,0.247276641,2.102106357,0.585873855,0.054956056
86.56687204,0.252608346,2.103805259,0.625533861,0.058731788
86.57151071,0.253981665,2.105504161,0.584972491,0.06179957
86.57614938,0.247680558,2.102753558,0.573254762,0.055428023
86.58078805,0.247922908,2.101135556,0.593986129,0.055034717
86.58542672,0.254466365,2.103967059,0.63004068,0.061327603
86.59006539,0.250750328,2.104047959,0.564241124,0.059203754
86.59470406,0.24654959,2.101054656,0.584972491,0.055192039
86.59934273,0.24986171,2.101297356,0.619224315,0.057473211
86.6039814,0.254224015,2.103967059,0.600295675,0.062350197
86.60862007,0.247599774,2.101054656,0.567846579,0.056293294
86.61325874,0.246388023,2.098384953,0.588577946,0.054798734
86.61789741,0.25317383,2.099193954,0.633646135,0.060069026
86.62253608,0.251638945,2.100164755,0.569649307,0.060305009
86.62717475,0.246145673,2.096443351,0.582268399,0.055034717
86.63181342,0.248084475,2.096119751,0.607506585,0.055899989
86.63645209,0.253981665,2.098870354,0.617421587,0.062114214
86.64109076,0.248003692,2.097495052,0.565142488,0.057394549
86.64572943,0.245822539,2.094259049,0.588577946,0.05448409
86.6503681,0.250911895,2.094663549,0.629139316,0.058338482
86.65500677,0.252204429,2.096524251,0.583169763,0.061406264
86.65964544,0.24630724,2.093530948,0.575958853,0.055113378
86.66428411,0.246388023,2.091427546,0.597591584,0.0552707
86.66892278,0.25293148,2.094420849,0.629139316,0.061563586
86.67356145,0.248811526,2.094259049,0.56333976,0.058731788
86.67820012,0.245014705,2.090375845,0.585873855,0.054562751
86.68283879,0.249296226,2.091184845,0.621027042,0.057158566
86.68747746,0.252769913,2.094097249,0.598492948,0.062507519
86.69211613,0.246468807,2.092074746,0.571452034,0.056057311
86.6967548,0.245903323,2.089728644,0.592183401,0.054720073
86.70139347,0.252123646,2.092721947,0.636350226,0.060226348
86.70603214,0.250346411,2.094016348,0.57055067,0.060147687
86.71067081,0.245660972,2.091670246,0.587676582,0.054877395
86.71530948,0.248084475,2.092560147,0.617421587,0.056135972
86.71994815,0.253658531,2.098223153,0.62282977,0.062271536
86.72458682,0.247518991,2.098465853,0.575057489,0.057079905
86.72922549,0.245499406,2.097980453,0.599394311,0.054641412
86.73386416,0.251235028,2.100245655,0.642659773,0.059125093
86.73850283,0.252204429,2.103886159,0.593986129,0.061563586
86.7431415,0.24606489,2.101378256,0.593986129,0.055034717
86.74778017,0.246711157,2.101135556,0.619224315,0.055113378
86.75241884,0.253496964,2.10477606,0.645363864,0.061406264
86.75705751,0.248973093,2.10493786,0.578662944,0.058417143
86.76169618,0.245984106,2.102025457,0.59669022,0.05448409
86.76633485,0.24986171,2.102753558,0.630942044,0.057473211
86.77097352,0.253093047,2.10469516,0.602098403,0.062035553
86.77561219,0.24630724,2.102025457,0.575057489,0.05597865
86.78025086,0.245984106,2.100083855,0.593986129,0.054956056
86.78488953,0.25268913,2.102025457,0.635448863,0.060698315
86.7895282,0.250346411,2.101863657,0.567846579,0.059990365
86.79416687,0.245580189,2.098142253,0.583169763,0.054877395
86.79880554,0.248407609,2.096928752,0.61111204,0.056450617
86.80344421,0.253658531,2.100164755,0.61111204,0.062428858
86.80808288,0.247357424,2.098465853,0.566043851,0.056922583
86.81272155,0.245741756,2.097656852,0.590380673,0.054720073
86.81736022,0.251719729,2.102834458,0.636350226,0.059282415
86.82199889,0.252769913,2.107931163,0.585873855,0.061012959
86.82663756,0.247276641,2.107526663,0.588577946,0.054877395
86.83127623,0.248326825,2.108497464,0.610210677,0.055506684
86.8359149,0.254627932,2.113027869,0.633646135,0.061720909
86.84055357,0.250184844,2.113108769,0.569649307,0.058417143
86.84519224,0.246872724,2.110681766,0.591282037,0.054720073
86.84983091,0.251719729,2.112785168,0.628237952,0.057787855
86.85446958,0.254385582,2.115212171,0.59669022,0.061720909
86.85910825,0.247922908,2.112461568,0.576860217,0.055506684
86.86374692,0.247680558,2.111005366,0.59669022,0.054641412
86.86838559,0.254627932,2.11432227,0.639054318,0.060855637
86.87302426,0.251396595,2.115212171,0.57055067,0.05959706
86.87766293,0.247115074,2.112299768,0.587676582,0.054562751
86.8823016,0.250184844,2.112461568,0.617421587,0.056371956
86.88694027,0.254951066,2.116021172,0.612013404,0.062192875
86.89157894,0.248730742,2.113108769,0.569649307,0.0566866
86.89621761,0.247438208,2.111005366,0.592183401,0.054798734
86.90085628,0.25317383,2.113108769,0.636350226,0.059439737
86.90549495,0.25293148,2.115050371,0.578662944,0.060934298
86.91013362,0.247438208,2.111895267,0.583169763,0.054720073
86.91477229,0.248488392,2.110277266,0.606605222,0.055428023
86.91941096,0.255112632,2.113108769,0.627336589,0.061563586
86.92404963,0.249780927,2.112137968,0.566945215,0.057709194
86.9286883,0.247034291,2.108578364,0.590380673,0.054248106
86.93332697,0.251719729,2.109953665,0.629139316,0.057787855
86.93796564,0.253981665,2.112137968,0.593084765,0.061720909
86.94260431,0.247518991,2.109549165,0.576860217,0.055585345
86.94724298,0.247276641,2.107526663,0.597591584,0.054641412
86.95188165,0.253820098,2.109872765,0.636350226,0.060619654
86.95652032,0.250669544,2.110196366,0.567846579,0.058967771
86.96115899,0.24630724,2.106717662,0.588577946,0.054326768
86.96579766,0.24961936,2.106879462,0.619224315,0.056607939
86.97043633,0.254062448,2.109144664,0.609309313,0.061878231
86.975075,0.247922908,2.106636762,0.57055067,0.056450617
86.97971367,0.246388023,2.103724359,0.591282037,0.054326768
86.98435234,0.252123646,2.104128859,0.635448863,0.059439737
86.98899101,0.251315812,2.104371559,0.575057489,0.060540992
86.99362968,0.24630724,2.100569255,0.582268399,0.054877395
86.99826835,0.248003692,2.099032154,0.607506585,0.055428023
87.00290702,0.253981665,2.102268157,0.623731133,0.06179957
87.00754569,0.248730742,2.101216456,0.566945215,0.057551872
87.01218436,0.245660972,2.097980453,0.588577946,0.054798734
87.01682303,0.250588761,2.098223153,0.629139316,0.057787855
87.0214617,0.252285213,2.100407455,0.588577946,0.061170281
87.02610037,0.24606489,2.097090552,0.575958853,0.055192039
87.03073904,0.24654959,2.094987149,0.597591584,0.054720073
87.03537771,0.25317383,2.097333252,0.633646135,0.060698315
87.04001638,0.249134659,2.097737752,0.566043851,0.058810449
87.04465505,0.245418622,2.094501749,0.584972491,0.054248106
87.04929372,0.248730742,2.093530948,0.617421587,0.056843922
87.05393239,0.252769913,2.09522985,0.602098403,0.062035553
87.05857106,0.24630724,2.092074746,0.566945215,0.056057311
87.06320973,0.245257055,2.088515143,0.586775218,0.054326768
87.0678484,0.251558162,2.089485944,0.631843407,0.059675721
87.07248707,0.250184844,2.090133144,0.569649307,0.060226348
87.07712574,0.245095489,2.087058941,0.581367036,0.054405429
87.08176441,0.247357424,2.085117339,0.605703858,0.055821328
87.08640308,0.25293148,2.087867942,0.616520223,0.061878231
87.09104175,0.247276641,2.08592634,0.562438396,0.057394549
87.09568042,0.245176272,2.083499337,0.585873855,0.054405429
87.10031909,0.25010406,2.084389238,0.627336589,0.05818116
87.10495776,0.251477379,2.087139841,0.582268399,0.061327603
87.10959643,0.245418622,2.083822938,0.575057489,0.054956056
87.1142351,0.246145673,2.082447636,0.597591584,0.054798734
87.11887377,0.253012264,2.08560274,0.630942044,0.061012959
87.12351244,0.248730742,2.08584544,0.565142488,0.058574466
87.12815111,0.244933922,2.082852137,0.586775218,0.054169445
87.13278978,0.248730742,2.083337537,0.620125678,0.057079905
87.13742845,0.252527563,2.08624994,0.601197039,0.062035553
87.14206712,0.245984106,2.084955539,0.57055067,0.055899989
87.14670579,0.245257055,2.082366736,0.592183401,0.054641412
87.15134446,0.251881296,2.084712839,0.636350226,0.060226348
87.15598313,0.250346411,2.086735341,0.57055067,0.06038367
87.1606218,0.244772355,2.084389238,0.584071127,0.054798734
87.16526047,0.246953507,2.084065638,0.61111204,0.056057311
87.16989914,0.25293148,2.087625242,0.617421587,0.061956892
87.17453781,0.24654959,2.085440939,0.566043851,0.057079905
87.17917648,0.244530005,2.083175737,0.58947931,0.05448409
87.18381515,0.250427194,2.08584544,0.632744771,0.058731788
87.18845382,0.251154245,2.089324143,0.584972491,0.061642248
87.19309249,0.245095489,2.087544342,0.581367036,0.055113378
87.19773116,0.246468807,2.087544342,0.60390113,0.055034717
87.20236983,0.25317383,2.091912946,0.633646135,0.061563586
87.2070085,0.248730742,2.093288248,0.568747943,0.058653127
87.21164717,0.245903323,2.092721947,0.592183401,0.054405429
87.21628584,0.250184844,2.094501749,0.628237952,0.057158566
87.22092451,0.253820098,2.099274854,0.602999766,0.062271536
87.22556318,0.247195857,2.098304053,0.578662944,0.055899989
87.23020185,0.24679194,2.096847851,0.599394311,0.054562751
87.23484052,0.253496964,2.100326555,0.643561137,0.06038367
87.23947919,0.251235028,2.102268157,0.575958853,0.060147687
87.24411786,0.246872724,2.100488355,0.593084765,0.054798734
87.24875653,0.24986171,2.102106357,0.62282977,0.056057311
87.2533952,0.255678116,2.108092963,0.625533861,0.062035553
87.25803387,0.24961936,2.108254764,0.578662944,0.057079905
87.26267254,0.248730742,2.109063764,0.601197039,0.054562751
87.26731121,0.255031849,2.113675069,0.646265228,0.05888911
87.27194988,0.25600125,2.119985276,0.59669022,0.061248942
87.27658855,0.250992678,2.120956077,0.598492948,0.055113378
87.28122722,0.25317383,2.124272981,0.62282977,0.055349362
87.28586589,0.259878854,2.13349559,0.649870683,0.061563586
87.29050456,0.255597333,2.137702395,0.586775218,0.058417143
87.29514323,0.25244678,2.140533898,0.61111204,0.054798734
87.2997819,0.257374568,2.147734005,0.651673411,0.057394549
87.30442057,0.261252172,2.162943222,0.629139316,0.062035553
87.30905924,0.256485951,2.17993224,0.620125678,0.055821328
87.31369791,0.257374568,2.195626856,0.6444625,0.054798734
87.31833658,0.264725859,2.210188872,0.684122507,0.060619654
87.32297525,0.262463924,2.218926081,0.612013404,0.059990365
87.32761392,0.258263186,2.219249681,0.621027042,0.054877395
87.33225259,0.260767472,2.218602481,0.641758409,0.056843922
87.33689126,0.265533694,2.21852158,0.630942044,0.062428858
87.34152993,0.259636504,2.211806873,0.581367036,0.056765261
87.3461686,0.257536135,2.205011266,0.599394311,0.054798734
87.35080727,0.262787057,2.201613463,0.639955681,0.059361076
87.35544594,0.26262549,2.19886286,0.582268399,0.060934298
87.36008461,0.256324384,2.190772851,0.582268399,0.054956056
87.36472328,0.257132218,2.183653644,0.604802494,0.055506684
87.36936195,0.263271758,2.182035642,0.625533861,0.06179957
87.37400062,0.257132218,2.175968135,0.564241124,0.058259821
87.37863929,0.253496964,2.168848928,0.586775218,0.054877395
87.38327796,0.257940052,2.165370224,0.623731133,0.05818116
87.38791663,0.260444338,2.164237623,0.588577946,0.062271536
87.3925553,0.253658531,2.157765616,0.57055067,0.055899989
87.39719397,0.253093047,2.15218351,0.590380673,0.055192039
87.40183264,0.25907102,2.150970009,0.63004068,0.061248942
87.40647131,0.255839683,2.147734005,0.562438396,0.060069026
87.41110998,0.250911895,2.141181098,0.581367036,0.055034717
87.41574865,0.253739314,2.138511396,0.612914768,0.056922583
87.42038732,0.258101619,2.139158596,0.604802494,0.062271536
87.42502599,0.251315812,2.133819191,0.56333976,0.0566866
87.42966466,0.249700143,2.128803385,0.585873855,0.055113378
87.43430333,0.255193416,2.129046086,0.631843407,0.059675721
87.438942,0.254385582,2.128641585,0.574156125,0.061170281
87.44358067,0.248569176,2.124272981,0.581367036,0.055192039
87.44821934,0.25010406,2.121845978,0.605703858,0.055742667
87.45285801,0.256324384,2.12411118,0.62282977,0.062035553
87.45749668,0.250427194,2.122250478,0.564241124,0.058102499
87.46213535,0.247518991,2.117881874,0.587676582,0.054877395
87.46677402,0.25244678,2.119095375,0.628237952,0.058259821
87.47141269,0.254951066,2.122250478,0.591282037,0.061563586
87.47605136,0.248084475,2.120956077,0.578662944,0.055585345
87.48069003,0.248246042,2.121684178,0.602999766,0.055034717
87.4853287,0.255274199,2.129369686,0.642659773,0.061248942
87.48996737,0.251962079,2.135922593,0.577761581,0.059518399
87.49460604,0.247842125,2.137216994,0.59669022,0.055034717
87.49924471,0.251235028,2.139158596,0.628237952,0.057079905
87.50388338,0.255839683,2.141909199,0.612914768,0.06258618
87.50852205,0.249053876,2.138511396,0.575958853,0.056765261
87.51316072,0.247842125,2.135194492,0.594887492,0.054877395
87.51779939,0.253981665,2.135113592,0.638152954,0.059754382
87.52243806,0.252527563,2.134628192,0.575057489,0.060540992
87.52707673,0.247195857,2.129207886,0.583169763,0.054956056
87.5317154,0.249215443,2.126861783,0.608407949,0.05597865
87.53635407,0.254708715,2.127670784,0.620125678,0.062271536
87.54099274,0.248973093,2.124353881,0.564241124,0.057630533
87.54563141,0.24654959,2.119580776,0.587676582,0.054720073
87.55027008,0.250831111,2.118286374,0.627336589,0.05818116
87.55490875,0.252769913,2.118852675,0.584071127,0.06179957
87.55954742,0.246468807,2.11399867,0.574156125,0.055428023
87.56418609,0.246711157,2.110358166,0.595788856,0.0552707
87.56882476,0.253658531,2.111167167,0.63004068,0.061248942
87.57346343,0.249538577,2.109144664,0.56333976,0.058967771
87.5781021,0.245822539,2.105423261,0.584972491,0.055034717
87.58274077,0.249538577,2.10461426,0.618322951,0.057237227
87.58737944,0.253416181,2.106232261,0.600295675,0.062350197
87.59201811,0.247115074,2.102834458,0.568747943,0.056293294
87.59665678,0.245822539,2.100407455,0.58947931,0.055034717
87.60129545,0.25244678,2.102429957,0.635448863,0.060226348
87.60593412,0.251073462,2.103562559,0.57055067,0.060462331
87.61057279,0.245822539,2.100083855,0.584071127,0.055113378
87.61521146,0.247680558,2.099436654,0.61111204,0.056135972
87.61985013,0.253577748,2.102591758,0.621027042,0.062271536
87.6244888,0.247680558,2.101054656,0.568747943,0.057709194
87.62912747,0.245418622,2.097737752,0.591282037,0.054798734
87.63376614,0.250427194,2.098384953,0.631843407,0.058810449
87.63840481,0.251558162,2.100002955,0.584972491,0.061406264
87.64304348,0.245176272,2.096443351,0.579564308,0.055428023
87.64768215,0.246145673,2.094744449,0.602098403,0.055349362
87.65232082,0.25244678,2.097171452,0.632744771,0.061484925
87.65695949,0.248326825,2.096605151,0.567846579,0.058810449
87.66159816,0.244610788,2.094097249,0.590380673,0.054562751
87.66623683,0.248973093,2.094906249,0.626435225,0.057315888
87.6708755,0.25244678,2.098384953,0.604802494,0.061956892
87.67551417,0.24654959,2.096686051,0.576860217,0.05597865
87.68015284,0.245580189,2.094582649,0.59669022,0.054641412
87.68479151,0.25244678,2.097171452,0.639054318,0.060305009
87.68943018,0.250346411,2.098546753,0.572353398,0.059911704
87.69406885,0.245741756,2.094987149,0.586775218,0.054877395
87.69870752,0.248326825,2.093854548,0.613816132,0.056057311
87.70334619,0.253739314,2.096524251,0.618322951,0.062114214
87.70798486,0.247438208,2.09579615,0.57055067,0.057158566
87.71262353,0.245741756,2.094501749,0.593084765,0.054798734
87.7172622,0.251073462,2.097818652,0.63725159,0.059046432
87.72190087,0.251962079,2.101459156,0.586775218,0.061170281
87.72653954,0.245903323,2.100164755,0.584972491,0.055113378
87.73117821,0.247195857,2.100731056,0.608407949,0.055192039
87.73581688,0.254143231,2.10518056,0.635448863,0.061563586
87.74045555,0.250023277,2.107688463,0.573254762,0.058417143
87.74509422,0.247357424,2.107364863,0.59669022,0.054641412
87.74973289,0.251558162,2.110115466,0.633646135,0.057630533
87.75437156,0.255354983,2.11464587,0.607506585,0.061878231
87.75901023,0.249215443,2.11440317,0.584071127,0.055742667
87.7636489,0.249053876,2.11472677,0.604802494,0.054641412
87.76828757,0.2557589,2.119742576,0.648067956,0.060540992
87.77292624,0.253739314,2.123302179,0.580465672,0.05959706
87.77756491,0.249457793,2.122574079,0.598492948,0.05448409
87.78220358,0.25244678,2.125486482,0.628237952,0.056135972
87.78684225,0.258101619,2.131715788,0.627336589,0.062350197
87.79148092,0.251315812,2.132282089,0.581367036,0.056843922
87.79611959,0.249780927,2.132686589,0.604802494,0.054248106
87.80075826,0.255839683,2.137783295,0.657081593,0.05888911
87.80539693,0.256162817,2.145387903,0.615618859,0.060776976
87.8100356,0.250427194,2.146196904,0.621027042,0.054956056
87.81467427,0.251719729,2.146763204,0.636350226,0.0552707
87.81931294,0.258020836,2.150403708,0.653476138,0.061563586
87.82395161,0.253012264,2.150646408,0.586775218,0.05818116
87.82859028,0.249942494,2.148381206,0.605703858,0.054641412
87.83322895,0.254627932,2.149999208,0.640857045,0.057473211
87.83786762,0.257132218,2.153477911,0.606605222,0.062035553
87.84250629,0.250911895,2.150727309,0.588577946,0.055742667
87.84714496,0.250831111,2.150403708,0.61111204,0.054798734
87.85178363,0.257859269,2.155500414,0.653476138,0.060698315
87.8564223,0.254951066,2.158008316,0.584972491,0.059675721
87.86106097,0.250750328,2.155824014,0.602098403,0.054877395
87.86569964,0.253577748,2.157118415,0.630942044,0.056293294
87.87033831,0.258667103,2.16132522,0.623731133,0.062428858
87.87497698,0.252285213,2.159949918,0.580465672,0.057158566
87.87961565,0.250750328,2.158412817,0.602098403,0.054877395
87.88425432,0.257051435,2.16189152,0.647166592,0.059675721
87.88889299,0.256485951,2.164318523,0.590380673,0.061012959
87.89353166,0.251154245,2.163266822,0.59669022,0.0552707
87.89817033,0.252850697,2.165289324,0.621928406,0.05597865
87.902809,0.259878854,2.174107433,0.643561137,0.062271536
87.90744767,0.254547149,2.18001314,0.587676582,0.058338482
87.91208634,0.251800512,2.184786245,0.61111204,0.054720073
87.91672501,0.256647517,2.192714453,0.649870683,0.05818116
87.92136368,0.25907102,2.199914561,0.612914768,0.061878231
87.92600235,0.252527563,2.19902466,0.594887492,0.055899989
87.93064102,0.252850697,2.197406658,0.612914768,0.055113378
87.93527969,0.25882867,2.19926736,0.648969319,0.061170281
87.93991836,0.255354983,2.197325758,0.579564308,0.059439737
87.94455703,0.251073462,2.192229053,0.598492948,0.054720073
87.9491957,0.254385582,2.18939755,0.629139316,0.0566866
87.95383437,0.258990237,2.190368351,0.616520223,0.062035553
87.95847304,0.252285213,2.185676146,0.577761581,0.0566866
87.96311171,0.251235028,2.180983941,0.598492948,0.054720073
87.96775038,0.257051435,2.180983941,0.642659773,0.059361076
87.97238905,0.256324384,2.179042339,0.580465672,0.060540992
87.97702772,0.250265627,2.172246731,0.586775218,0.054877395
87.98166639,0.251800512,2.168120827,0.61111204,0.055664006
87.98630506,0.257859269,2.168606228,0.625533861,0.062271536
87.99094373,0.25244678,2.164884824,0.568747943,0.058102499
87.9955824,0.24961936,2.159302718,0.592183401,0.054877395
88.00022107,0.254627932,2.157442016,0.632744771,0.058417143
88.00485974,0.256405167,2.157361116,0.591282037,0.061956892
88.00949841,0.250346411,2.15218351,0.580465672,0.055428023
88.01413708,0.250588761,2.148704806,0.601197039,0.055034717
88.01877575,0.256889868,2.149190207,0.634547499,0.061484925
88.02341442,0.252850697,2.146601404,0.567846579,0.059439737
88.02805309,0.248973093,2.141423799,0.588577946,0.054641412
88.03269176,0.252608346,2.139482197,0.621928406,0.057315888
88.03733043,0.256728301,2.140695698,0.606605222,0.062664841
88.0419691,0.250184844,2.136650694,0.572353398,0.056529278
88.04660777,0.249296226,2.13333379,0.594887492,0.054877395
88.05124644,0.25551655,2.134951792,0.639955681,0.060069026
88.05588511,0.254304798,2.136407993,0.579564308,0.060776976
88.06052378,0.249053876,2.133980991,0.592183401,0.055113378
88.06516245,0.251558162,2.135841693,0.620125678,0.056135972
88.06980112,0.257697702,2.141423799,0.633646135,0.062192875
88.07443979,0.252204429,2.142070999,0.581367036,0.057551872
88.07907846,0.24986171,2.140452998,0.60390113,0.054720073
88.08371713,0.255597333,2.142070999,0.642659773,0.05888911
88.0883558,0.256647517,2.143769901,0.594887492,0.062114214
88.09299447,0.250346411,2.139724897,0.586775218,0.055585345
88.09763314,0.250588761,2.137864195,0.607506585,0.055349362
88.10227181,0.257213001,2.140291198,0.639955681,0.061484925
88.10691048,0.252769913,2.139967597,0.574156125,0.058967771
88.11154915,0.249296226,2.137136094,0.59669022,0.054720073
88.11618782,0.253254614,2.138349595,0.630942044,0.057315888
88.12082649,0.257132218,2.141585599,0.610210677,0.062114214
88.12546516,0.250427194,2.139239496,0.578662944,0.05597865
88.13010383,0.249780927,2.136003493,0.598492948,0.054877395
88.1347425,0.25600125,2.136650694,0.641758409,0.060226348
88.13938117,0.254143231,2.136165293,0.575057489,0.060226348
88.14401984,0.249215443,2.132039389,0.588577946,0.054562751
88.14865851,0.251154245,2.129774186,0.615618859,0.056135972
88.15329718,0.256809084,2.131958489,0.621027042,0.062114214
88.15793585,0.250831111,2.130906788,0.57055067,0.057237227
88.16257452,0.248326825,2.128803385,0.594887492,0.054877395
88.16721319,0.253658531,2.131230388,0.639955681,0.058731788
88.17185186,0.254627932,2.134951792,0.593084765,0.061327603
88.17649053,0.248488392,2.13309109,0.58947931,0.055192039
88.1811292,0.249296226,2.131149488,0.61111204,0.055113378
88.18576787,0.255839683,2.133980991,0.638152954,0.061327603
88.19040654,0.251154245,2.13276749,0.572353398,0.058731788
88.19504521,0.247922908,2.129046086,0.593986129,0.05448409
88.19968388,0.251881296,2.128075285,0.628237952,0.057394549
88.20432255,0.255354983,2.130825887,0.602098403,0.061956892
88.20896122,0.248730742,2.127508984,0.575958853,0.055742667
88.21359989,0.248165258,2.124758381,0.59669022,0.054641412
88.21823856,0.254951066,2.125567382,0.638152954,0.060540992
88.22287723,0.252285213,2.125162881,0.57055067,0.060069026
88.2275159,0.247438208,2.120875177,0.586775218,0.054877395
88.23215457,0.24986171,2.119499875,0.614717496,0.056135972
88.23679324,0.255354983,2.122250478,0.616520223,0.061956892
88.24143191,0.249296226,2.120066176,0.57055067,0.056843922
88.24607058,0.247842125,2.118448174,0.595788856,0.054641412
88.25070925,0.253254614,2.121684178,0.642659773,0.05888911
88.25534792,0.253981665,2.125001081,0.592183401,0.061012959
88.25998659,0.248326825,2.122250478,0.591282037,0.055034717
88.26462526,0.249457793,2.121279677,0.613816132,0.055192039
88.26926393,0.2557589,2.124596581,0.63725159,0.061720909
88.2739026,0.250992678,2.12378758,0.573254762,0.058574466
88.27854127,0.247922908,2.120389776,0.595788856,0.054956056
88.28317994,0.252204429,2.119985276,0.632744771,0.05818116
88.28781861,0.255031849,2.121360577,0.602098403,0.062664841
88.29245728,0.248407609,2.118286374,0.580465672,0.057001244
88.29709595,0.248003692,2.116182972,0.601197039,0.05597865
88.30173462,0.254627932,2.117153773,0.640857045,0.061956892
88.30637329,0.251638945,2.116425672,0.571452034,0.061327603
88.31101196,0.246953507,2.111652567,0.587676582,0.05597865
88.31565063,0.249457793,2.110277266,0.615618859,0.057787855
88.3202893,0.254951066,2.111248067,0.61111204,0.063687435
88.32492797,0.248488392,2.107607563,0.566945215,0.058338482
88.32956664,0.247115074,2.103481658,0.58947931,0.055821328
88.33420531,0.25293148,2.104290659,0.634547499,0.060855637
88.33884398,0.25317383,2.10509966,0.576860217,0.062664841
88.34348265,0.247115074,2.101216456,0.581367036,0.056450617
88.34812132,0.248246042,2.099113054,0.604802494,0.056765261
88.35275999,0.254385582,2.101540056,0.626435225,0.062900825
88.35739866,0.249134659,2.100407455,0.566043851,0.059203754
88.36203733,0.246145673,2.097171452,0.588577946,0.055585345
88.366676,0.250507978,2.097656852,0.627336589,0.058653127
88.37131467,0.253335397,2.099598454,0.592183401,0.062979486
88.37595334,0.24679194,2.096038851,0.575057489,0.056922583
88.38059201,0.247034291,2.094906249,0.59669022,0.05597865
88.38523068,0.253820098,2.098546753,0.63725159,0.061720909
88.38986935,0.250911895,2.098870354,0.569649307,0.060305009
88.39450802,0.24679194,2.09539165,0.588577946,0.055506684
88.39914669,0.249700143,2.09579615,0.620125678,0.057394549
88.40378536,0.254708715,2.099679354,0.612013404,0.062979486
88.40842403,0.248246042,2.098384953,0.571452034,0.057315888
88.4130627,0.247195857,2.096847851,0.592183401,0.055192039
88.41770137,0.252850697,2.099517554,0.63725159,0.060147687
88.42234004,0.252608346,2.101863657,0.578662944,0.061642248
88.42697871,0.247034291,2.099598454,0.584972491,0.055585345
88.43161738,0.248730742,2.099355754,0.610210677,0.056450617
88.43625605,0.255112632,2.103562559,0.627336589,0.06258618
88.44089472,0.249538577,2.103238958,0.569649307,0.058338482
88.44553339,0.246872724,2.101944557,0.593084765,0.055113378
88.45017206,0.251396595,2.104209759,0.633646135,0.058574466
88.45481073,0.253981665,2.108173863,0.593986129,0.061956892
88.4594494,0.247842125,2.105989561,0.580465672,0.055742667
88.46408807,0.247922908,2.10526146,0.602098403,0.055113378
88.46872674,0.254951066,2.108092963,0.639054318,0.061248942
88.47336541,0.251315812,2.109144664,0.571452034,0.059125093
88.47800408,0.247276641,2.106798562,0.592183401,0.054562751
88.48264275,0.250669544,2.106394062,0.623731133,0.056922583
88.48728142,0.255354983,2.109791865,0.610210677,0.062428858
88.49192009,0.248730742,2.107364863,0.574156125,0.0566866
88.49655876,0.247518991,2.104371559,0.593986129,0.055034717
88.50119743,0.253739314,2.106151361,0.638152954,0.059911704
88.5058361,0.25317383,2.107769363,0.576860217,0.060855637
88.51047477,0.248246042,2.104371559,0.587676582,0.054798734
88.51511344,0.250346411,2.104371559,0.613816132,0.055899989
88.51975211,0.256324384,2.108982864,0.626435225,0.061956892
88.52439078,0.250911895,2.109063764,0.573254762,0.057709194
88.52902945,0.248730742,2.109144664,0.601197039,0.054641412
88.53366812,0.254304798,2.114888571,0.650772047,0.058574466
88.53830679,0.256485951,2.122897679,0.610210677,0.06179957
88.54294546,0.250831111,2.124839281,0.601197039,0.055506684
88.54758413,0.251962079,2.127266284,0.621928406,0.055034717
88.5522228,0.259232587,2.135760793,0.657081593,0.061484925
88.55686147,0.256324384,2.1429609,0.591282037,0.059125093
88.56150014,0.253820098,2.149432907,0.614717496,0.054641412
88.56613881,0.258909453,2.160678019,0.651673411,0.057079905
88.57077748,0.263998809,2.174592834,0.635448863,0.062271536
88.57541615,0.258747886,2.181631141,0.60390113,0.056214633
88.58005482,0.259232587,2.189073949,0.624632497,0.05448409
88.58469349,0.267391712,2.200238161,0.666996595,0.059911704
88.58933216,0.266583878,2.20857087,0.599394311,0.060147687
88.59397083,0.262544707,2.210916972,0.61111204,0.054641412
88.5986095,0.265048993,2.213424875,0.636350226,0.055742667
88.60324817,0.270703832,2.218764281,0.642659773,0.061878231
88.60788684,0.264725859,2.217227179,0.587676582,0.057315888
88.61252551,0.261979223,2.212454074,0.605703858,0.054562751
88.61716418,0.266907012,2.210593372,0.6444625,0.058810449
88.62180285,0.267957196,2.20848997,0.594887492,0.061563586
88.62644152,0.261332956,2.201289862,0.587676582,0.055428023
88.63108019,0.261332956,2.196193157,0.608407949,0.055034717
88.63571886,0.267553279,2.195545956,0.639054318,0.061327603
88.64035753,0.262544707,2.191420052,0.573254762,0.058810449
88.6449962,0.258505536,2.184705345,0.593986129,0.054641412
88.64963487,0.261979223,2.182116542,0.63004068,0.057630533
88.65427354,0.26545291,2.183087343,0.608407949,0.062350197
88.65891221,0.25858632,2.178556938,0.580465672,0.056450617
88.66355088,0.257213001,2.174026533,0.600295675,0.054877395
88.66818955,0.263190974,2.172974832,0.643561137,0.060226348
88.67282822,0.260848255,2.17062873,0.575057489,0.060462331
88.67746689,0.255920467,2.164884824,0.587676582,0.055428023
88.68210556,0.257697702,2.16164882,0.614717496,0.0566866
88.68674423,0.26262549,2.161972421,0.618322951,0.06258618
88.6913829,0.256809084,2.157442016,0.568747943,0.057237227
88.69602157,0.254143231,2.152830711,0.590380673,0.054562751
88.70066024,0.258990237,2.15169811,0.634547499,0.05888911
88.70529891,0.259232587,2.151374509,0.584071127,0.061170281
88.70993758,0.253012264,2.146277804,0.582268399,0.055192039
88.71457625,0.254224015,2.1426373,0.604802494,0.055506684
88.71921492,0.260525122,2.143931701,0.632744771,0.061720909
88.72385359,0.255597333,2.141261999,0.568747943,0.05888911
88.72849226,0.251800512,2.136731594,0.592183401,0.054562751
88.73313093,0.255920467,2.136003493,0.628237952,0.057630533
88.7377696,0.259151803,2.137216994,0.602098403,0.062271536
88.74240827,0.252042863,2.13365739,0.577761581,0.056057311
88.74704694,0.251315812,2.130825887,0.598492948,0.055113378
88.75168561,0.257616918,2.133980991,0.642659773,0.060776976
88.75632428,0.255031849,2.135356292,0.576860217,0.059833043
88.76096295,0.250265627,2.13349559,0.595788856,0.054720073
88.76560162,0.252608346,2.135841693,0.624632497,0.056450617
88.77024029,0.257778485,2.141342899,0.624632497,0.062114214
88.77487896,0.251558162,2.141100198,0.578662944,0.0566866
88.77951763,0.249296226,2.141342899,0.601197039,0.054326768
88.7841563,0.255274199,2.145307003,0.646265228,0.059125093
88.78879497,0.255354983,2.148381206,0.593084765,0.061248942
88.79343364,0.24937701,2.147005905,0.595788856,0.055349362
88.79807231,0.250588761,2.148381206,0.620125678,0.055349362
88.80271098,0.256889868,2.154448713,0.6444625,0.062114214
88.80734965,0.251962079,2.157037515,0.584071127,0.058338482
88.81198832,0.248892309,2.156228514,0.605703858,0.054720073
88.81662699,0.25317383,2.157361116,0.641758409,0.057787855
88.82126566,0.2557589,2.158979117,0.606605222,0.062192875
88.82590433,0.24937701,2.155176813,0.585873855,0.056057311
88.830543,0.248973093,2.15194081,0.60390113,0.055034717
88.83518167,0.255354983,2.15202171,0.642659773,0.061327603
88.83982034,0.252769913,2.150161008,0.574156125,0.060147687
88.84445901,0.248246042,2.144578902,0.592183401,0.054720073
88.84909768,0.250750328,2.141747399,0.621928406,0.056607939
88.85373635,0.255678116,2.143446301,0.615618859,0.062271536
88.85837502,0.249296226,2.138430496,0.573254762,0.056843922
88.86301369,0.247842125,2.133819191,0.593986129,0.055113378
88.86765236,0.253739314,2.134223691,0.638152954,0.059675721
88.87229103,0.253416181,2.134304591,0.581367036,0.061012959
88.8769297,0.247438208,2.130664087,0.586775218,0.055034717
88.88156837,0.24937701,2.129450586,0.610210677,0.055585345
88.88620704,0.2557589,2.13333379,0.63004068,0.062350197
88.89084571,0.250346411,2.13301019,0.572353398,0.058338482
88.89548438,0.247438208,2.130259587,0.593986129,0.0552707
88.90012305,0.25244678,2.131149488,0.633646135,0.058810449
88.90476172,0.254466365,2.134061891,0.59669022,0.062271536
88.90940039,0.248165258,2.131230388,0.581367036,0.055742667
88.91403906,0.248003692,2.128965185,0.602098403,0.055113378
88.91867773,0.255112632,2.131634888,0.639955681,0.06109162
88.9233164,0.251719729,2.131230388,0.572353398,0.059203754
88.92795507,0.247761341,2.127185384,0.591282037,0.054326768
88.93259374,0.250911895,2.125567382,0.621928406,0.056293294
88.93723241,0.255678116,2.127508984,0.610210677,0.061878231
88.94187108,0.248892309,2.12419208,0.572353398,0.056135972
88.94650975,0.247357424,2.120470676,0.593986129,0.05448409
88.95114842,0.253416181,2.120794277,0.638152954,0.059439737
88.95578709,0.25268913,2.120713377,0.576860217,0.06038367
88.96042576,0.247357424,2.116102072,0.584972491,0.054641412
88.96506443,0.248730742,2.113594169,0.610210677,0.055506684
88.9697031,0.254951066,2.114969471,0.623731133,0.06179957
88.97434177,0.249134659,2.112785168,0.566945215,0.057473211
88.97898044,0.246630373,2.108740164,0.58947931,0.054405429
88.98361911,0.252042863,2.108740164,0.63004068,0.058023838
88.98825778,0.253739314,2.110358166,0.588577946,0.061642248
88.99289645,0.247518991,2.105989561,0.578662944,0.0552707
88.99753512,0.247357424,2.103238958,0.599394311,0.054720073
89.00217379,0.254224015,2.10518056,0.634547499,0.061170281
89.00681246,0.250831111,2.105504161,0.569649307,0.058967771
89.01145113,0.246953507,2.102753558,0.592183401,0.054405429
89.0160898,0.250265627,2.102672658,0.624632497,0.056765261
89.02072847,0.254304798,2.105423261,0.608407949,0.061878231
89.02536714,0.247761341,2.102187257,0.575057489,0.056135972
89.03000581,0.24679194,2.099193954,0.59669022,0.054562751
89.03464448,0.253335397,2.101701857,0.640857045,0.059675721
89.03928315,0.25244678,2.103400758,0.578662944,0.060462331
89.04392182,0.247518991,2.101054656,0.591282037,0.054798734
89.04856049,0.249134659,2.100488355,0.618322951,0.056057311
89.05319916,0.25551655,2.10509966,0.63004068,0.062428858
89.05783783,0.24986171,2.105827761,0.580465672,0.058023838
89.0624765,0.247518991,2.105504161,0.605703858,0.055585345
89.06711517,0.253093047,2.108821064,0.648969319,0.060305009
89.07175384,0.254870282,2.113755969,0.605703858,0.065181996
89.07639251,0.248892309,2.113432369,0.598492948,0.059990365
89.08103118,0.249700143,2.115778472,0.62282977,0.060462331
89.08566985,0.257132218,2.125162881,0.657982957,0.067305845
89.09030852,0.253739314,2.134142791,0.59669022,0.064788691
89.09494719,0.251073462,2.143284501,0.624632497,0.06038367
89.09958586,0.255920467,2.155581314,0.66339114,0.062900825
89.10422453,0.260605905,2.170224229,0.641758409,0.06769915
89.1088632,0.254385582,2.177505237,0.610210677,0.061642248
89.11350187,0.253658531,2.181469341,0.628237952,0.060069026
89.11814054,0.260040421,2.187294147,0.67060205,0.065417979
89.12277921,0.258667103,2.193199854,0.60390113,0.065339318
89.12741788,0.253820098,2.196112257,0.618322951,0.059675721
89.13205655,0.256324384,2.202260663,0.646265228,0.060698315
89.13669522,0.262060007,2.213505775,0.653476138,0.066755217
89.14133389,0.256647517,2.221919384,0.604802494,0.061563586
89.14597256,0.255597333,2.230090293,0.631843407,0.058731788
89.15061123,0.261494523,2.242872506,0.678714324,0.062900825
89.1552499,0.262867841,2.260104225,0.636350226,0.065181996
89.15988857,0.257859269,2.275637041,0.639054318,0.059046432
89.16452724,0.259798071,2.296671063,0.67060205,0.058574466
89.16916591,0.267876413,2.329111998,0.709360693,0.064788691
89.17380458,0.26521056,2.362281033,0.650772047,0.062114214
89.17844325,0.263756458,2.393023066,0.680517052,0.058259821
89.18308192,0.269411298,2.422794297,0.716571603,0.060698315
89.18772059,0.274258303,2.450381226,0.686826598,0.06549664
89.19235926,0.269492081,2.469716347,0.665193867,0.059046432
89.19699793,0.269492081,2.486139064,0.682319779,0.05818116
89.2016366,0.277328073,2.503289883,0.722881149,0.063372791
89.20627527,0.276197105,2.513402393,0.650772047,0.062900825
89.21091394,0.271996367,2.515991196,0.657081593,0.057473211
89.21555261,0.274581436,2.515910296,0.675108869,0.058810449
89.22019128,0.280074709,2.514939495,0.666996595,0.064946013
89.22482995,0.273369685,2.504584284,0.612013404,0.059990365
89.22946862,0.2713501,2.49172117,0.626435225,0.057079905
89.23410729,0.276439455,2.480152458,0.661588412,0.061327603
89.23874596,0.276277888,2.467532045,0.602098403,0.063844758
89.24338463,0.269653648,2.449572226,0.597591584,0.057709194
89.2480233,0.270057565,2.433311308,0.617421587,0.057551872
89.25266197,0.276035538,2.421985296,0.639955681,0.063923419
89.25730064,0.270057565,2.407261481,0.576860217,0.060462331
89.26193931,0.266583878,2.391647764,0.597591584,0.056607939
89.26657798,0.270219132,2.379431851,0.633646135,0.05959706
89.27121665,0.272238717,2.369400241,0.602999766,0.064080741
89.27585532,0.26521056,2.354352825,0.580465672,0.057709194
89.28049399,0.264402726,2.341570611,0.600295675,0.0566866
89.28513266,0.270380699,2.332914302,0.641758409,0.062507519
89.28977133,0.266664661,2.323448992,0.572353398,0.061642248
89.29441,0.261575306,2.310343178,0.58947931,0.056450617
89.29904867,0.263756458,2.300473367,0.618322951,0.058102499
89.30368734,0.268361113,2.294891261,0.614717496,0.064080741
89.30832601,0.261494523,2.28437425,0.57055067,0.058653127
89.31296468,0.25931337,2.273776339,0.593986129,0.056057311
89.31760335,0.264402726,2.268598734,0.639054318,0.060619654
89.32224202,0.263756458,2.263502028,0.583169763,0.062350197
89.32688069,0.257778485,2.253146817,0.587676582,0.056529278
89.33151936,0.25858632,2.245865809,0.610210677,0.0566866
89.33615803,0.264402726,2.243519707,0.630942044,0.063058147
89.3407967,0.25907102,2.2364814,0.571452034,0.059361076
89.34543537,0.25551655,2.22750149,0.593084765,0.055742667
89.35007404,0.259878854,2.221838484,0.63004068,0.058967771
89.35471271,0.26189844,2.219330581,0.595788856,0.062822164
89.35935138,0.255920467,2.210674272,0.578662944,0.056529278
89.36399005,0.254708715,2.203716865,0.599394311,0.056057311
89.36862872,0.261009822,2.201047162,0.639054318,0.061642248
89.37326739,0.258020836,2.196597657,0.569649307,0.060226348
89.37790606,0.253335397,2.189073949,0.588577946,0.05597865
89.38254473,0.255920467,2.184219944,0.620125678,0.057709194
89.3871834,0.260363555,2.183410943,0.612013404,0.063136808
89.39182207,0.253658531,2.177505237,0.572353398,0.057473211
89.39646074,0.252204429,2.171923131,0.594887492,0.0552707
89.40109941,0.258020836,2.170224229,0.639955681,0.060147687
89.40573808,0.257536135,2.168525327,0.580465672,0.061720909
89.41037675,0.251638945,2.162943222,0.587676582,0.055664006
89.41501542,0.25293148,2.158898217,0.612013404,0.056371956
89.41965409,0.259232587,2.159626318,0.627336589,0.062743503
89.42429276,0.253416181,2.155662214,0.567846579,0.058810449
89.42893143,0.249942494,2.149432907,0.590380673,0.055506684
89.4335701,0.254708715,2.147086805,0.630942044,0.059203754
89.43820877,0.256728301,2.147167705,0.592183401,0.062664841
89.44284744,0.25010406,2.141909199,0.578662944,0.056607939
89.44748611,0.250346411,2.137945095,0.598492948,0.055428023
89.45212478,0.257051435,2.138349595,0.636350226,0.061878231
89.45676345,0.25317383,2.136812494,0.568747943,0.059911704
89.46140212,0.248973093,2.132039389,0.58947931,0.055428023
89.46604079,0.252527563,2.130906788,0.62282977,0.057787855
89.47067946,0.256728301,2.13333379,0.610210677,0.063058147
89.47531813,0.250023277,2.130421387,0.575958853,0.057158566
89.4799568,0.249134659,2.128075285,0.598492948,0.0552707
89.48459547,0.255112632,2.130340487,0.642659773,0.06038367
89.48923414,0.254143231,2.131473088,0.581367036,0.060855637
89.49387281,0.248569176,2.127428084,0.590380673,0.055349362
89.49851148,0.250507978,2.125405582,0.613816132,0.056450617
89.50315015,0.256485951,2.127994384,0.626435225,0.062743503
89.50778882,0.250507978,2.125648282,0.57055067,0.05818116
89.51242749,0.248246042,2.122412279,0.593986129,0.054877395
89.51706616,0.253012264,2.123302179,0.634547499,0.058653127
89.52170483,0.254224015,2.12411118,0.591282037,0.062035553
89.5263435,0.247842125,2.120308876,0.582268399,0.055821328
89.53098217,0.248569176,2.118609975,0.602999766,0.055821328
89.53562084,0.255193416,2.121522378,0.638152954,0.061406264
89.54025951,0.251154245,2.120956077,0.57055067,0.059282415
89.54489818,0.247276641,2.118367274,0.592183401,0.055034717
89.54953685,0.250750328,2.118367274,0.625533861,0.057473211
89.55417552,0.254789499,2.121603278,0.608407949,0.062350197
89.55881419,0.248084475,2.120875177,0.577761581,0.056765261
89.56345286,0.247357424,2.120147076,0.600295675,0.055428023
89.56809153,0.254062448,2.12370668,0.645363864,0.060698315
89.5727302,0.25244678,2.125486482,0.581367036,0.060934298
89.57736887,0.247438208,2.12378758,0.593986129,0.0552707
89.58200754,0.249538577,2.124353881,0.621928406,0.056057311
89.58664621,0.255354983,2.128965185,0.63004068,0.062507519
89.59128488,0.249457793,2.129126986,0.578662944,0.057709194
89.59592355,0.247276641,2.128479785,0.602098403,0.055113378
89.60056222,0.252527563,2.132362989,0.645363864,0.058967771
89.60520089,0.254224015,2.137055194,0.599394311,0.061563586
89.60983956,0.247357424,2.136246193,0.594887492,0.055428023
89.61447823,0.248488392,2.136650694,0.616520223,0.055506684
89.6191169,0.255193416,2.141585599,0.647166592,0.061563586
89.62375557,0.251477379,2.14288,0.581367036,0.058967771
89.62839424,0.247922908,2.141747399,0.602999766,0.054877395
89.63303291,0.251881296,2.144255302,0.638152954,0.057709194
89.63767158,0.2557589,2.148300306,0.613816132,0.062507519
89.64231025,0.249457793,2.146844104,0.585873855,0.056371956
89.64694892,0.24961936,2.145468803,0.606605222,0.054877395
89.65158759,0.256647517,2.149675607,0.649870683,0.060698315
89.65622626,0.255678116,2.15226441,0.584071127,0.060462331
89.66086493,0.25268913,2.150484608,0.602098403,0.055192039
89.6655036,0.258424753,2.151050909,0.631843407,0.056293294
89.67014227,0.267714846,2.155419514,0.63725159,0.062743503
89.67478094,0.264806643,2.153639712,0.586775218,0.057630533
89.67941961,0.264564293,2.151293609,0.608407949,0.055192039
89.68405828,0.271107749,2.152668911,0.648969319,0.059203754
89.68869695,0.271754017,2.155095913,0.595788856,0.061956892
89.69333562,0.265372127,2.15169811,0.592183401,0.055585345
89.69797429,0.265533694,2.150727309,0.613816132,0.055664006
89.70261296,0.272400284,2.153801512,0.643561137,0.062035553
89.70725163,0.267230145,2.154772313,0.583169763,0.058653127
89.7118903,0.263433325,2.153154311,0.605703858,0.055113378
89.71652897,0.267391712,2.154691413,0.639955681,0.058023838
89.72116764,0.269895998,2.156794815,0.61111204,0.06258618
89.72580631,0.263029408,2.153963312,0.588577946,0.055821328
89.73044498,0.26214079,2.154044212,0.612013404,0.0552707
89.73508365,0.268603463,2.159302718,0.657081593,0.061170281
89.73972232,0.266341528,2.16189152,0.58947931,0.060226348
89.74436099,0.261171389,2.160192619,0.606605222,0.055192039
89.74899966,0.262948624,2.16116342,0.634547499,0.056843922
89.75363833,0.267795629,2.167878127,0.633646135,0.062664841
89.758277,0.261413739,2.170224229,0.588577946,0.057315888
89.76291567,0.259798071,2.17095233,0.613816132,0.055113378
89.76755434,0.265372127,2.176210836,0.661588412,0.05959706
89.77219301,0.265614477,2.186242446,0.612914768,0.061484925
89.77683168,0.259959638,2.195869556,0.621928406,0.055821328
89.78147035,0.260848255,2.205415767,0.642659773,0.05597865
89.78610902,0.267149362,2.212777674,0.659785685,0.062271536
89.79074769,0.262060007,2.211159673,0.592183401,0.058731788
89.79538636,0.25858632,2.206224767,0.609309313,0.055034717
89.80002503,0.26262549,2.204040465,0.643561137,0.058102499
89.8046637,0.264806643,2.203474165,0.606605222,0.062428858
89.80930237,0.257940052,2.196274057,0.584972491,0.056371956
89.81394104,0.257455352,2.19012565,0.60390113,0.0552707
89.81857971,0.263594891,2.188103148,0.643561137,0.06109162
89.82321838,0.260201988,2.185514345,0.575057489,0.059911704
89.82785705,0.255435766,2.179042339,0.593986129,0.054956056
89.83249572,0.258424753,2.175644535,0.624632497,0.056922583
89.83713439,0.263110191,2.175806335,0.618322951,0.062350197
89.84177306,0.256324384,2.170305129,0.575958853,0.056843922
89.84641173,0.254627932,2.163833122,0.59669022,0.054798734
89.8510504,0.260121204,2.16164882,0.639955681,0.059675721
89.85568907,0.259555721,2.160030818,0.580465672,0.061012959
89.86032774,0.253820098,2.153558812,0.585873855,0.055034717
89.86496641,0.254951066,2.149271107,0.608407949,0.05597865
89.86960508,0.261009822,2.149352007,0.626435225,0.062192875
89.87424375,0.255274199,2.145145203,0.568747943,0.058338482
89.87888242,0.252204429,2.139643997,0.592183401,0.054798734
89.88352109,0.256970651,2.138025995,0.63004068,0.058417143
89.88815976,0.259151803,2.138592296,0.594887492,0.061878231
89.89279843,0.252769913,2.13357649,0.582268399,0.055664006
89.8974371,0.252850697,2.129774186,0.602999766,0.055192039
89.90207577,0.25931337,2.131392188,0.639955681,0.061406264
89.90671444,0.255678116,2.130178687,0.572353398,0.059439737
89.91135311,0.251396595,2.125405582,0.591282037,0.055034717
89.91599178,0.254143231,2.122654979,0.62282977,0.057001244
89.92063045,0.258343969,2.12362578,0.612914768,0.062192875
89.92526912,0.251881296,2.120551577,0.575958853,0.056843922
89.92990779,0.250507978,2.117477373,0.598492948,0.055034717
89.93454646,0.256324384,2.118933575,0.642659773,0.059911704
89.93918513,0.255354983,2.120066176,0.581367036,0.061012959
89.9438238,0.24961936,2.116102072,0.588577946,0.055428023
89.94846247,0.251719729,2.11440317,0.613816132,0.056293294
89.95310114,0.257374568,2.116911073,0.628237952,0.062507519
89.95773981,0.252123646,2.11480767,0.571452034,0.058102499
89.96237848,0.24961936,2.110681766,0.594887492,0.055034717
89.96701715,0.254385582,2.110277266,0.634547499,0.058495805
89.97165582,0.256324384,2.111005366,0.592183401,0.062114214
89.97629449,0.24937701,2.106798562,0.582268399,0.055821328
89.98093316,0.24986171,2.103805259,0.602999766,0.0552707
89.98557183,0.256082034,2.105989561,0.639054318,0.061563586
89.9902105,0.252285213,2.105423261,0.574156125,0.059439737
89.99484917,0.248084475,2.101782757,0.594887492,0.055034717
89.99948784,0.251558162,2.101216456,0.626435225,0.057237227
90.00412651,0.25551655,2.103481658,0.610210677,0.062192875
90.00876518,0.248811526,2.101135556,0.579564308,0.056607939
90.01340385,0.247518991,2.099355754,0.604802494,0.054798734
90.01804252,0.254062448,2.102510857,0.648969319,0.059911704
90.02268119,0.25268913,2.104209759,0.584071127,0.060619654
90.02731986,0.247357424,2.102187257,0.594887492,0.055113378
90.03195853,0.249215443,2.102915358,0.621027042,0.055821328
90.0365972,0.254789499,2.108578364,0.631843407,0.062035553
90.04123587,0.249215443,2.11464587,0.587676582,0.057394549
90.04587454,0.247357424,2.126619083,0.621928406,0.054405429
90.05051321,0.25244678,2.145145203,0.671503414,0.058259821
90.05515188,0.254143231,2.165612924,0.631843407,0.061012959
90.05979055,0.248246042,2.176938936,0.625533861,0.054877395
90.06442922,0.248811526,2.185271645,0.6444625,0.054798734
90.06906789,0.255435766,2.194251555,0.669700686,0.061012959
90.07370656,0.251154245,2.196921258,0.597591584,0.058495805
90.07834523,0.247518991,2.194008854,0.613816132,0.054169445
90.0829839,0.251154245,2.192390853,0.642659773,0.057158566
90.08762257,0.254870282,2.193442554,0.617421587,0.062035553
90.09226124,0.248407609,2.18939755,0.585873855,0.055742667
90.09689991,0.247599774,2.185514345,0.605703858,0.054562751
90.10153858,0.253739314,2.186161546,0.647166592,0.059911704
90.10617725,0.251719729,2.186080646,0.581367036,0.060069026
90.11081592,0.246872724,2.183087343,0.59669022,0.054326768
90.11545459,0.24937701,2.186404246,0.627336589,0.055664006
90.12009326,0.255193416,2.196354957,0.63725159,0.062035553
90.12473193,0.248649959,2.205173066,0.592183401,0.056922583
90.1293706,0.246711157,2.214476576,0.618322951,0.054248106
90.13400927,0.25244678,2.226773389,0.66339114,0.058338482
90.13864794,0.253335397,2.239070202,0.614717496,0.061170281
90.14328661,0.247438208,2.243843307,0.61111204,0.054877395
90.14792528,0.248407609,2.24675571,0.631843407,0.054720073
90.15256395,0.255112632,2.251690616,0.658884321,0.061248942
90.15720262,0.250507978,2.252742317,0.592183401,0.058338482
90.16184129,0.247034291,2.249425413,0.613816132,0.054326768
90.16647996,0.250911895,2.248859113,0.649870683,0.057079905
90.17111863,0.254304798,2.251609716,0.624632497,0.061878231
90.1757573,0.248326825,2.248292812,0.600295675,0.055664006
90.18039597,0.248165258,2.245137709,0.621027042,0.054798734
90.18503464,0.255112632,2.248535512,0.666095231,0.06038367
90.18967331,0.252850697,2.250234414,0.602098403,0.059911704
90.19431198,0.247680558,2.248131012,0.623731133,0.054562751
90.19895065,0.250588761,2.249101813,0.653476138,0.056057311
90.20358932,0.255920467,2.252985017,0.653476138,0.061956892
90.20822799,0.250023277,2.250638915,0.606605222,0.056922583
90.21286666,0.248569176,2.247322011,0.629139316,0.054248106
90.21750533,0.254062448,2.247402911,0.672404778,0.058967771
90.222144,0.254789499,2.247402911,0.615618859,0.061012959
90.22678267,0.248892309,2.241901705,0.612914768,0.055034717
90.23142134,0.250265627,2.2372904,0.630942044,0.055034717
90.23606001,0.256485951,2.235591499,0.650772047,0.061720909
90.24069868,0.252285213,2.229847592,0.584972491,0.058023838
90.24533735,0.249296226,2.222000284,0.604802494,0.054248106
90.24997602,0.253900881,2.218602481,0.639955681,0.057315888
90.25461469,0.257293785,2.215851878,0.608407949,0.061563586
90.25925336,0.251315812,2.209137171,0.585873855,0.055585345
90.26389203,0.251396595,2.202584264,0.604802494,0.054720073
90.2685307,0.258263186,2.200885362,0.645363864,0.060619654
90.27316937,0.255678116,2.197568458,0.575057489,0.059518399
90.27780804,0.250750328,2.18931665,0.593084765,0.054562751
90.28244671,0.253416181,2.184948045,0.621027042,0.056293294
90.28708538,0.258020836,2.183572743,0.615618859,0.062271536
90.29172405,0.251558162,2.177181637,0.571452034,0.056765261
90.29636272,0.24986171,2.17046693,0.593986129,0.05448409
90.30100139,0.2557589,2.167959027,0.63725159,0.059282415
90.30564006,0.255274199,2.166421925,0.580465672,0.060698315
90.31027873,0.24961936,2.160030818,0.584071127,0.054720073
90.3149174,0.250992678,2.154772313,0.607506585,0.0552707
90.31955607,0.257213001,2.154367812,0.627336589,0.061563586
90.32419474,0.252285213,2.150808209,0.566945215,0.057709194
90.32883341,0.248973093,2.145711503,0.590380673,0.054248106
90.33347208,0.253496964,2.143446301,0.63004068,0.057473211
90.33811075,0.255839683,2.143931701,0.594887492,0.061406264
90.34274942,0.249053876,2.139320396,0.578662944,0.0552707
90.34738809,0.248730742,2.135356292,0.600295675,0.054720073
90.35202676,0.255678116,2.136165293,0.639955681,0.060855637
90.35666543,0.252204429,2.134547291,0.571452034,0.059282415
90.3613041,0.247922908,2.129288786,0.591282037,0.054562751
90.36594277,0.250911895,2.127428084,0.621928406,0.056371956
90.37058144,0.255274199,2.129693286,0.612013404,0.061956892
90.37522011,0.249053876,2.125081981,0.573254762,0.056135972
90.37985878,0.247438208,2.121360577,0.594887492,0.054090784
90.38449745,0.253739314,2.122250478,0.639955681,0.059361076
90.38913612,0.253012264,2.122978579,0.580465672,0.060226348
90.39377479,0.247357424,2.118690875,0.587676582,0.054326768
90.39841346,0.248973093,2.117720074,0.612013404,0.055192039
90.40305213,0.255274199,2.121522378,0.63004068,0.061563586
90.4076908,0.250023277,2.122331378,0.575057489,0.057473211
90.41232947,0.247438208,2.123059479,0.601197039,0.054169445
90.41696814,0.252365996,2.127832584,0.642659773,0.057866516
90.42160681,0.254547149,2.134223691,0.606605222,0.061406264
90.42624548,0.248084475,2.134142791,0.593986129,0.055349362
90.43088415,0.248569176,2.135194492,0.614717496,0.054720073
90.43552282,0.255112632,2.139401297,0.649870683,0.060698315
90.44016149,0.251558162,2.139401297,0.579564308,0.058731788
90.44480016,0.247357424,2.136407993,0.598492948,0.054405429
90.44943883,0.250911895,2.136246193,0.629139316,0.056607939
90.4540775,0.255112632,2.138996796,0.613816132,0.061642248
90.45871617,0.248649959,2.136003493,0.578662944,0.05597865
90.46335484,0.247518991,2.13309109,0.599394311,0.054090784
90.46799351,0.253981665,2.134385491,0.642659773,0.059203754
90.47263218,0.25293148,2.134304591,0.579564308,0.060069026
90.47727085,0.247357424,2.130097787,0.58947931,0.054248106
90.48190952,0.24937701,2.128156185,0.614717496,0.055506684
90.48654819,0.255112632,2.131068588,0.626435225,0.061484925
90.49118686,0.249296226,2.129531486,0.572353398,0.057158566
90.49582553,0.247115074,2.127185384,0.59669022,0.053854801
90.5004642,0.252527563,2.131068588,0.640857045,0.057709194
90.50510287,0.254789499,2.137297894,0.600295675,0.060776976
90.50974154,0.248569176,2.137864195,0.591282037,0.05448409
90.51438021,0.249296226,2.139077696,0.612914768,0.054248106
90.51901888,0.256324384,2.144498002,0.647166592,0.060698315
90.52365755,0.252204429,2.147167705,0.582268399,0.058495805
90.52829622,0.248569176,2.147572205,0.606605222,0.054169445
90.53293489,0.252608346,2.15169811,0.642659773,0.056607939
90.53757356,0.257293785,2.160192619,0.625533861,0.061720909
90.54221223,0.250911895,2.163347722,0.59669022,0.055821328
90.5468509,0.250184844,2.166826426,0.619224315,0.054248106
90.55148957,0.256809084,2.173379333,0.660687048,0.059754382
90.55612824,0.255031849,2.176534436,0.593084765,0.059754382
90.56076691,0.249942494,2.173702933,0.602098403,0.054248106
90.56540558,0.251881296,2.172489432,0.627336589,0.0552707
90.57004425,0.257697702,2.175725435,0.633646135,0.061248942
90.57468292,0.251558162,2.174350134,0.582268399,0.056765261
90.57932159,0.249457793,2.172246731,0.60390113,0.054012123
90.58396026,0.254547149,2.173702933,0.645363864,0.058102499
90.58859893,0.256162817,2.175563635,0.597591584,0.061012959
90.5932376,0.250023277,2.172813032,0.592183401,0.054720073
90.59787627,0.250669544,2.17070963,0.613816132,0.05448409
90.60251494,0.257051435,2.172813032,0.642659773,0.060855637
90.60715361,0.25268913,2.17054783,0.576860217,0.058338482
90.61179228,0.24937701,2.165532024,0.59669022,0.053933462
90.61643095,0.253254614,2.163590422,0.631843407,0.0566866
90.62106962,0.257132218,2.164318523,0.607506585,0.061327603
90.62570829,0.250427194,2.159060017,0.581367036,0.055506684
90.63034696,0.250265627,2.155257713,0.602098403,0.054012123
90.63498563,0.256970651,2.155743114,0.646265228,0.059675721
90.6396243,0.254627932,2.156066714,0.579564308,0.059282415
90.64426297,0.250023277,2.15161721,0.594887492,0.054090784
90.64890164,0.253093047,2.150646408,0.623731133,0.055506684
90.65354031,0.259474937,2.152749811,0.627336589,0.061563586
90.65817898,0.253820098,2.149594707,0.578662944,0.056450617
90.66281765,0.252769913,2.144578902,0.599394311,0.053697479
90.66745632,0.259555721,2.144174402,0.641758409,0.058259821
90.67209499,0.261575306,2.143931701,0.592183401,0.060698315
90.67673366,0.25907102,2.140048497,0.599394311,0.054720073
90.68137233,0.265533694,2.139805797,0.63004068,0.055034717
90.686011,0.277812773,2.144578902,0.662489776,0.061012959
90.69064967,0.279670792,2.145226103,0.602098403,0.057709194
90.69528834,0.280963327,2.14288,0.624632497,0.054326768
90.69992701,0.288476185,2.1429609,0.658884321,0.057473211
90.70456568,0.292676922,2.144336202,0.623731133,0.061878231
90.70920435,0.285729548,2.139482197,0.594887492,0.055506684
90.71384302,0.285244848,2.134870892,0.61111204,0.054405429
90.71848169,0.291545955,2.135194492,0.649870683,0.060226348
90.72312036,0.287829917,2.134061891,0.580465672,0.059361076
90.72775903,0.282821345,2.128237085,0.595788856,0.054405429
90.7323977,0.284840931,2.126376383,0.624632497,0.056057311
90.73703637,0.289122452,2.127589884,0.621027042,0.06179957
90.74167504,0.282013511,2.12419208,0.575057489,0.056371956
90.74631371,0.279590008,2.120066176,0.598492948,0.054169445
90.75095238,0.284437014,2.120066176,0.643561137,0.058653127
90.75559105,0.283548396,2.121765078,0.58947931,0.060226348
90.76022972,0.277166506,2.118124574,0.590380673,0.054562751
90.76486839,0.277812773,2.115940272,0.613816132,0.055034717
90.76950706,0.283144479,2.118609975,0.635448863,0.061563586
90.77414573,0.277651206,2.117720074,0.574156125,0.057866516
90.7787844,0.274581436,2.113675069,0.59669022,0.053854801
90.78342307,0.278539824,2.113836869,0.635448863,0.057315888
90.78806174,0.280478626,2.116102072,0.602999766,0.06179957
90.79270041,0.273935169,2.113351469,0.584972491,0.055428023
90.79733908,0.273612035,2.111409867,0.606605222,0.054326768
90.80197775,0.279832359,2.11456497,0.648067956,0.060147687
90.80661642,0.276681805,2.115454871,0.580465672,0.05888911
90.81125509,0.271511667,2.112704268,0.599394311,0.054090784
90.81589376,0.274339086,2.11440317,0.629139316,0.056371956
90.82053243,0.278943741,2.118609975,0.624632497,0.061878231
90.8251711,0.272561851,2.117558273,0.583169763,0.056057311
90.82980977,0.271026966,2.116991973,0.60390113,0.054169445
90.83444844,0.277166506,2.120956077,0.648067956,0.059203754
90.83908711,0.276924156,2.12346398,0.590380673,0.060540992
90.84372578,0.271511667,2.121845978,0.595788856,0.054405429
90.84836445,0.273531252,2.122574079,0.621027042,0.055113378
90.85300312,0.281609594,2.128641585,0.640857045,0.061484925
90.85764179,0.27821669,2.130906788,0.584972491,0.057473211
90.86228046,0.277166506,2.131958489,0.612914768,0.054090784
90.86691913,0.283790746,2.137540595,0.655278866,0.057315888
90.8715578,0.288880102,2.143608101,0.620125678,0.061248942
90.87619647,0.28718365,2.144174402,0.607506585,0.055192039
90.88083514,0.291949872,2.148704806,0.632744771,0.054248106
90.88547381,0.301563099,2.159626318,0.672404778,0.06038367
90.89011248,0.300836048,2.170386029,0.608407949,0.058810449
90.89475115,0.298816462,2.181873842,0.632744771,0.054248106
90.89938982,0.303582684,2.196678557,0.666996595,0.056057311
90.90402849,0.309964574,2.214152976,0.65618023,0.061642248
90.90866716,0.304632868,2.22758239,0.619224315,0.056057311
90.91330583,0.303986601,2.240607304,0.639955681,0.053933462
90.9179445,0.310206924,2.254683919,0.685023871,0.059125093
90.92258317,0.30915674,2.264634629,0.619224315,0.059990365
90.92722184,0.3030172,2.265929031,0.623731133,0.05448409
90.93186051,0.303663467,2.266009931,0.645363864,0.055349362
90.93649918,0.308752823,2.268194233,0.65618023,0.06179957
90.94113785,0.301805449,2.26487733,0.59669022,0.057315888
90.94577652,0.297927845,2.259537924,0.615618859,0.054090784
90.95041519,0.301805449,2.257191821,0.650772047,0.057945177
90.95505386,0.302451716,2.254926619,0.604802494,0.061170281
90.95969253,0.294858075,2.24635121,0.592183401,0.055034717
90.9643312,0.293888674,2.239070202,0.61111204,0.05448409
90.96896987,0.298978029,2.236400499,0.643561137,0.060698315
90.97360854,0.293484757,2.230494793,0.575057489,0.058810449
90.97824721,0.288314618,2.221676684,0.59669022,0.054169445
90.98288588,0.290414987,2.216256378,0.630942044,0.056293294
90.98752455,0.293403973,2.216013678,0.615618859,0.061484925
90.99216322,0.285487198,2.210512472,0.583169763,0.055821328
90.99680189,0.282902129,2.204849466,0.605703858,0.054012123
91.00144056,0.287991484,2.203797765,0.648969319,0.059361076
91.00607923,0.285002498,2.202988764,0.587676582,0.059833043
91.0107179,0.278539824,2.19878196,0.600295675,0.054248106
91.01535657,0.279832359,2.198620159,0.628237952,0.055506684
91.01999524,0.284840931,2.202260663,0.639054318,0.062035553
91.02463391,0.27797434,2.203150564,0.591282037,0.057158566
91.02927258,0.27490457,2.20881357,0.626435225,0.054326768
91.03391125,0.279832359,2.222081184,0.679615688,0.058259821
91.03854992,0.28080176,2.2366432,0.63725159,0.061248942
91.04318859,0.273773602,2.242629806,0.631843407,0.055113378
91.04782726,0.273612035,2.244733208,0.648067956,0.054877395
91.05246593,0.279428442,2.246998411,0.672404778,0.06109162
91.0571046,0.274339086,2.243681507,0.600295675,0.058731788
91.06174327,0.269815215,2.237452201,0.617421587,0.054562751
91.06638194,0.273288902,2.233649897,0.648969319,0.057158566
91.07102061,0.276277888,2.231384694,0.623731133,0.061642248
91.07565928,0.269249731,2.224184586,0.592183401,0.055664006
91.08029795,0.267553279,2.217388979,0.610210677,0.05448409
91.08493662,0.273369685,2.215770978,0.652574774,0.059675721
91.08957529,0.270461482,2.213020375,0.585873855,0.059833043
91.09421396,0.264725859,2.206224767,0.599394311,0.05448409
91.09885263,0.266099177,2.202503363,0.626435225,0.055742667
91.1034913,0.270946183,2.202584264,0.630942044,0.062192875
91.10812997,0.264160375,2.19886286,0.581367036,0.057079905
91.11276864,0.261979223,2.195788656,0.607506585,0.054326768
91.11740731,0.267068579,2.198053859,0.654377502,0.058967771
91.12204598,0.267230145,2.201694363,0.604802494,0.061170281
91.12668465,0.260929039,2.199833661,0.600295675,0.054877395
91.13132332,0.261090605,2.197730258,0.621928406,0.055034717
91.13596199,0.267068579,2.19967186,0.648067956,0.061406264
91.14060066,0.261979223,2.198377459,0.580465672,0.058338482
91.14523933,0.258424753,2.193199854,0.601197039,0.054090784
91.149878,0.262463924,2.192471753,0.63725159,0.057079905
91.15451667,0.265372127,2.194089755,0.609309313,0.06179957
91.15915534,0.25858632,2.19020655,0.583169763,0.055585345
91.16379401,0.257536135,2.188022248,0.60390113,0.054326768
91.16843268,0.264079592,2.189235749,0.648067956,0.060069026
91.17307135,0.261494523,2.18947845,0.580465672,0.059282415
91.17771002,0.256647517,2.185595246,0.597591584,0.054090784
91.18234869,0.258747886,2.185109845,0.625533861,0.055742667
91.18698736,0.264241159,2.187213247,0.625533861,0.061956892
91.19162603,0.257697702,2.183977244,0.577761581,0.0566866
91.1962647,0.255597333,2.18033674,0.600295675,0.054012123
91.20090337,0.260848255,2.18009404,0.642659773,0.058417143
91.20554204,0.261252172,2.179689539,0.58947931,0.060698315
91.21018071,0.255031849,2.174026533,0.590380673,0.054562751
91.21481938,0.255678116,2.17119503,0.613816132,0.054877395
91.21945805,0.262221573,2.172570332,0.636350226,0.060855637
91.22409672,0.256728301,2.169415228,0.573254762,0.057473211
91.22873539,0.253416181,2.164399423,0.595788856,0.05377614
91.23337406,0.257778485,2.162943222,0.633646135,0.057079905
91.23801273,0.260444338,2.163752222,0.602098403,0.061563586
91.2426514,0.253739314,2.158736417,0.580465672,0.055113378
91.24729007,0.253335397,2.154286912,0.599394311,0.054248106
91.25192874,0.260121204,2.153720612,0.639955681,0.060305009
91.25656741,0.257132218,2.151131809,0.571452034,0.059125093
91.26120608,0.252042863,2.145468803,0.588577946,0.054090784
91.26584475,0.255193416,2.1426373,0.618322951,0.055899989
91.27048342,0.259717287,2.143365401,0.613816132,0.061563586
91.27512209,0.253093047,2.138754096,0.571452034,0.056293294
91.27976076,0.251396595,2.13349559,0.593986129,0.054169445
91.28439943,0.257293785,2.133819191,0.638152954,0.058731788
91.2890381,0.256809084,2.13357649,0.582268399,0.060462331
91.29367677,0.250911895,2.128560685,0.586775218,0.054405429
91.29831544,0.251962079,2.125405582,0.610210677,0.054720073
91.30295411,0.257616918,2.126295483,0.630942044,0.06109162
91.30759278,0.25244678,2.12386848,0.569649307,0.057551872
91.31223145,0.249134659,2.119661676,0.592183401,0.054090784
91.31687012,0.253254614,2.118367274,0.629139316,0.057394549
91.32150879,0.256082034,2.118933575,0.593986129,0.061170281
91.32614746,0.248973093,2.11407957,0.575958853,0.054877395
91.33078613,0.248730742,2.110196366,0.59669022,0.054090784
91.3354248,0.255112632,2.110358166,0.634547499,0.060069026
91.34006347,0.251881296,2.108659264,0.566043851,0.058574466
91.34470214,0.247438208,2.103643459,0.584972491,0.053933462
91.34934081,0.250669544,2.102268157,0.616520223,0.056214633
91.35397948,0.254870282,2.103886159,0.606605222,0.061484925
91.35861815,0.248246042,2.100164755,0.568747943,0.056057311
91.36325682,0.246872724,2.096686051,0.58947931,0.05377614
91.36789549,0.252608346,2.097495052,0.634547499,0.058731788
91.37253416,0.251719729,2.098061353,0.574156125,0.059911704
91.37717283,0.24630724,2.093935448,0.581367036,0.053933462
91.3818115,0.247842125,2.092236547,0.606605222,0.054720073
91.38645017,0.253900881,2.094501749,0.62282977,0.061012959
91.39108884,0.248649959,2.092964647,0.565142488,0.057315888
91.39572751,0.245903323,2.090618545,0.588577946,0.053854801
91.40036618,0.250831111,2.091993846,0.629139316,0.057709194
91.40500485,0.253093047,2.09514895,0.590380673,0.060619654
91.40964352,0.24654959,2.092479247,0.576860217,0.054641412
91.41428219,0.24679194,2.090294944,0.59669022,0.053933462
91.41892086,0.253658531,2.092398347,0.632744771,0.060147687
91.42355953,0.249942494,2.091912946,0.565142488,0.058574466
91.4281982,0.245418622,2.087706142,0.584071127,0.053933462
91.43283687,0.248811526,2.08624994,0.616520223,0.056293294
91.43747554,0.253093047,2.088434243,0.602098403,0.061248942
91.44211421,0.24679194,2.085440939,0.566945215,0.055113378
91.44675288,0.245903323,2.081962236,0.58947931,0.053540157
91.45139155,0.252285213,2.083175737,0.635448863,0.058653127
91.45603022,0.250992678,2.084389238,0.573254762,0.059439737
91.46066889,0.245499406,2.081557735,0.583169763,0.054012123
91.46530756,0.247680558,2.080263334,0.610210677,0.054798734
91.46994623,0.253739314,2.083094837,0.621928406,0.061012959
91.4745849,0.247761341,2.081638635,0.566043851,0.056843922
91.47922357,0.244933922,2.077998131,0.588577946,0.053854801
91.48386224,0.249780927,2.077512731,0.629139316,0.057709194
91.48850091,0.251558162,2.078564432,0.584972491,0.060855637
91.49313958,0.245176272,2.074114927,0.575958853,0.054798734
91.49777825,0.245580189,2.071040724,0.595788856,0.05448409
91.50241692,0.252042863,2.072820526,0.628237952,0.060698315
91.50705559,0.247599774,2.071768825,0.562438396,0.05818116
91.51169426,0.244449221,2.06740022,0.583169763,0.053618818
91.51633293,0.247922908,2.066510319,0.617421587,0.056057311
91.5209716,0.251719729,2.068937322,0.597591584,0.06109162
91.52561027,0.245499406,2.066672119,0.566945215,0.055113378
91.53024894,0.244772355,2.063355216,0.588577946,0.053854801
91.53488761,0.250669544,2.065135018,0.633646135,0.059125093
91.53952628,0.249134659,2.066429419,0.568747943,0.059125093
91.54416495,0.243964521,2.062869815,0.582268399,0.05377614
91.54880362,0.246226456,2.062384415,0.609309313,0.054877395
91.55344229,0.251719729,2.065863119,0.617421587,0.060855637
91.55808096,0.245741756,2.064487817,0.566945215,0.056057311
91.56271963,0.243802954,2.061737214,0.588577946,0.053146851
91.5673583,0.249296226,2.063355216,0.631843407,0.057551872
91.57199697,0.250184844,2.06675302,0.584071127,0.060147687
91.57663564,0.244126087,2.064083317,0.578662944,0.054090784
91.58127431,0.244853138,2.063193416,0.600295675,0.053933462
91.58591298,0.251396595,2.066591219,0.63004068,0.06038367
91.59055165,0.247195857,2.06707662,0.565142488,0.057237227
91.59519032,0.24372217,2.063921517,0.586775218,0.053146851
91.59982899,0.247761341,2.064568717,0.621928406,0.056293294
91.60446766,0.251073462,2.068128321,0.597591584,0.06109162
91.60910633,0.244449221,2.065135018,0.571452034,0.054798734
91.613745,0.243883737,2.063031616,0.592183401,0.053304174
91.61838367,0.250427194,2.065863119,0.634547499,0.059203754
91.62302234,0.248569176,2.067966521,0.57055067,0.058810449
91.62766101,0.243641387,2.068047421,0.586775218,0.053540157
91.63229968,0.246388023,2.071687925,0.619224315,0.054956056
91.63693835,0.251962079,2.080263334,0.625533861,0.061170281
91.64157702,0.24654959,2.083984738,0.580465672,0.05597865
91.64621569,0.245095489,2.08649264,0.60390113,0.053382835
91.65085436,0.250911895,2.091346646,0.645363864,0.058102499
91.65549303,0.251235028,2.09514895,0.593084765,0.06038367
91.6601317,0.245095489,2.093126447,0.590380673,0.054012123
91.66477037,0.24630724,2.092721947,0.61111204,0.054248106
91.66940904,0.252608346,2.096443351,0.636350226,0.060540992
91.67404771,0.247761341,2.097899553,0.575057489,0.057158566
91.67868638,0.245257055,2.099436654,0.602098403,0.053382835
91.68332505,0.249538577,2.106717662,0.645363864,0.056529278
91.68796372,0.252285213,2.117720074,0.623731133,0.060698315
91.69260239,0.245660972,2.119985276,0.599394311,0.054720073
91.69724106,0.245095489,2.119499875,0.613816132,0.054012123
91.70187973,0.252285213,2.120956077,0.650772047,0.059518399
91.7065184,0.249296226,2.119742576,0.577761581,0.058574466
91.71115707,0.244530005,2.11391777,0.592183401,0.054012123
91.71579574,0.247518991,2.111167167,0.618322951,0.055742667
91.72043441,0.25268913,2.111733467,0.613816132,0.061327603
91.72507308,0.245984106,2.107688463,0.569649307,0.055585345
91.72971175,0.244045304,2.103805259,0.590380673,0.053382835
91.73435042,0.249942494,2.103967059,0.634547499,0.058102499
91.73898909,0.250184844,2.104371559,0.580465672,0.059911704
91.74362776,0.244206871,2.100811956,0.583169763,0.054090784
91.74826643,0.245741756,2.099598454,0.607506585,0.054326768
91.7529051,0.251719729,2.102591758,0.63004068,0.060698315
91.75754377,0.247115074,2.102106357,0.571452034,0.057001244
91.76218244,0.244206871,2.099598454,0.594887492,0.053382835
91.76682111,0.249053876,2.101782757,0.633646135,0.057079905
91.77145978,0.251558162,2.106798562,0.602098403,0.061012959
91.77609845,0.245095489,2.105908661,0.586775218,0.054798734
91.78073712,0.245499406,2.106555862,0.608407949,0.053854801
91.78537579,0.252365996,2.113027869,0.650772047,0.060069026
91.79001446,0.24961936,2.121845978,0.593084765,0.058495805
91.79465313,0.245984106,2.134870892,0.63004068,0.054090784
91.7992918,0.250346411,2.153154311,0.676911597,0.056135972
91.80393047,0.255920467,2.169334328,0.67060205,0.061720909
91.80856914,0.249296226,2.171518631,0.618322951,0.05597865
91.81320781,0.248084475,2.169819729,0.63004068,0.05377614
91.81784648,0.253820098,2.17119503,0.665193867,0.058653127
91.82248515,0.253658531,2.17062873,0.599394311,0.060069026
91.82712382,0.247842125,2.165127524,0.602999766,0.053854801
91.83176249,0.249700143,2.161001619,0.621928406,0.054562751
91.83640116,0.255839683,2.162053321,0.636350226,0.061170281
91.84103983,0.250507978,2.157684716,0.575057489,0.057079905
91.8456785,0.247518991,2.15210261,0.595788856,0.053540157
91.85031717,0.252204429,2.150161008,0.634547499,0.057001244
91.85495584,0.254385582,2.150080108,0.594887492,0.060855637
91.85959451,0.247922908,2.144983402,0.580465672,0.054562751
91.86423318,0.248084475,2.141828299,0.602098403,0.054012123
91.86887185,0.254951066,2.143284501,0.639955681,0.060226348
91.87351052,0.251962079,2.140857498,0.571452034,0.058495805
91.87814919,0.247922908,2.136246193,0.590380673,0.053933462
91.88278786,0.250831111,2.134223691,0.621928406,0.056371956
91.88742653,0.255112632,2.135032692,0.610210677,0.06179957
91.8920652,0.248569176,2.131149488,0.575958853,0.055899989
91.89670387,0.247842125,2.127104484,0.598492948,0.053933462
91.90134254,0.253981665,2.128237085,0.642659773,0.058810449
91.90598121,0.252850697,2.128075285,0.579564308,0.059754382
91.91061988,0.247438208,2.12386848,0.588577946,0.054248106
91.91525855,0.249538577,2.122493179,0.612914768,0.055192039
91.91989722,0.255435766,2.124272981,0.625533861,0.061327603
91.92453589,0.249700143,2.122574079,0.569649307,0.057237227
91.92917456,0.247357424,2.118852675,0.592183401,0.053933462
91.93381323,0.252365996,2.119176275,0.633646135,0.057630533
91.9384519,0.254143231,2.122331378,0.594887492,0.060855637
91.94309057,0.248084475,2.121036977,0.586775218,0.054562751
91.94772924,0.248649959,2.121684178,0.607506585,0.054248106
91.95236791,0.255112632,2.125810082,0.639955681,0.060540992
91.95700658,0.251315812,2.125162881,0.571452034,0.058259821
91.96164525,0.247438208,2.119418975,0.590380673,0.053854801
91.96628392,0.250831111,2.117558273,0.62282977,0.055899989
91.97092259,0.254547149,2.118448174,0.60390113,0.061012959
91.97556126,0.248407609,2.113189669,0.57055067,0.055192039
91.98019993,0.246711157,2.108578364,0.591282037,0.053933462
91.9848386,0.253254614,2.108335664,0.634547499,0.059046432
91.98947727,0.251235028,2.106879462,0.57055067,0.059439737
91.99411594,0.246145673,2.101135556,0.583169763,0.054012123
91.99875461,0.248003692,2.098223153,0.609309313,0.054877395
92.00339328,0.253900881,2.099274854,0.619224315,0.061248942
92.00803195,0.248165258,2.096119751,0.566043851,0.056922583
92.01267062,0.245580189,2.092236547,0.58947931,0.05377614
92.01730929,0.250992678,2.093126447,0.631843407,0.057787855
92.02194796,0.252285213,2.094825349,0.584972491,0.060540992
92.02658663,0.245984106,2.091184845,0.579564308,0.054012123
92.0312253,0.246872724,2.088757843,0.601197039,0.05377614
92.03586397,0.253658531,2.091427546,0.632744771,0.06038367
92.04050264,0.249457793,2.091346646,0.566043851,0.057866516
92.04514131,0.245741756,2.087220741,0.587676582,0.053540157
92.04977998,0.249457793,2.087139841,0.623731133,0.056057311
92.05441865,0.25293148,2.090699445,0.601197039,0.061170281
92.05905732,0.24679194,2.088757843,0.574156125,0.054956056
92.06369599,0.245984106,2.088272442,0.595788856,0.053854801
92.06833466,0.252285213,2.091589346,0.641758409,0.05888911
92.07297333,0.250427194,2.094259049,0.575057489,0.059046432
92.077612,0.245822539,2.091751146,0.591282037,0.05377614
92.08225067,0.248084475,2.092236547,0.618322951,0.054562751
92.08688934,0.253981665,2.096200651,0.623731133,0.060540992
92.09152801,0.247761341,2.094906249,0.572353398,0.055821328
92.09616668,0.245903323,2.092155646,0.594887492,0.05306819
92.10080535,0.251396595,2.092964647,0.63725159,0.057787855
92.10544402,0.252204429,2.094906249,0.585873855,0.060147687
92.11008269,0.246226456,2.091265746,0.582268399,0.053933462
92.11472136,0.247357424,2.088596043,0.60390113,0.053933462
92.11936003,0.254304798,2.090861245,0.630942044,0.060226348
92.1239987,0.249457793,2.089000543,0.566945215,0.057473211
92.12863737,0.246145673,2.085117339,0.588577946,0.053225513
92.13327604,0.250346411,2.083903838,0.624632497,0.056214633
92.13791471,0.253900881,2.085117339,0.598492948,0.060855637
92.14255338,0.247438208,2.082043136,0.573254762,0.054720073
92.14719205,0.247034291,2.078483532,0.592183401,0.053854801
92.15183072,0.253254614,2.078968932,0.634547499,0.059518399
92.15646939,0.250588761,2.078240832,0.566945215,0.058967771
92.16110806,0.245984106,2.074034027,0.582268399,0.054090784
92.16574673,0.248326825,2.072092425,0.610210677,0.055428023
92.1703854,0.253658531,2.073467727,0.609309313,0.061170281
92.17502407,0.247115074,2.069989023,0.562438396,0.055899989
92.17966274,0.245337839,2.06683392,0.584972491,0.053618818
92.18430141,0.250831111,2.06731932,0.63004068,0.058259821
92.18894008,0.250831111,2.067885621,0.576860217,0.059911704
92.19357875,0.245014705,2.064164217,0.577761581,0.054012123
92.19821742,0.24630724,2.062303515,0.600295675,0.054248106
92.20285609,0.252527563,2.064002417,0.624632497,0.060540992
92.20749476,0.247761341,2.062384415,0.562438396,0.057079905
92.21213343,0.244530005,2.059310212,0.585873855,0.053382835
92.2167721,0.248569176,2.059957412,0.624632497,0.056450617
92.22141077,0.251881296,2.063355216,0.593084765,0.060619654
92.22604944,0.245499406,2.061090014,0.573254762,0.054562751
92.23068811,0.245418622,2.058743911,0.593986129,0.053854801
92.23532678,0.251962079,2.060523713,0.634547499,0.059439737
92.23996545,0.248730742,2.060928213,0.566043851,0.058731788
92.24460412,0.244206871,2.05777311,0.584071127,0.053933462
92.24924279,0.247518991,2.05761131,0.613816132,0.055428023
92.25388146,0.252123646,2.060281013,0.607506585,0.061170281
92.25852013,0.245741756,2.05809671,0.565142488,0.055899989
92.2631588,0.244368438,2.055912408,0.585873855,0.05377614
92.26779747,0.25010406,2.057287709,0.63004068,0.058495805
92.27243614,0.250023277,2.058258511,0.573254762,0.059833043
92.27707481,0.244449221,2.054375306,0.578662944,0.05377614
92.28171348,0.24654959,2.052271904,0.602999766,0.054641412
92.28635215,0.253658531,2.055103407,0.624632497,0.060934298
92.29099082,0.248569176,2.053728106,0.564241124,0.057237227
92.29562949,0.245499406,2.051462903,0.587676582,0.053540157
92.30026816,0.250346411,2.052595504,0.627336589,0.057158566
92.30490683,0.25268913,2.055346107,0.590380673,0.060776976
92.3095455,0.246388023,2.052029204,0.575057489,0.054562751
92.31418417,0.245822539,2.050896603,0.595788856,0.053854801
92.31882284,0.252850697,2.053485405,0.634547499,0.060069026
92.32346151,0.249215443,2.054375306,0.566945215,0.058259821
92.32810018,0.244933922,2.050977503,0.585873855,0.053540157
92.33273885,0.247922908,2.051462903,0.617421587,0.055742667
92.33737752,0.252365996,2.055346107,0.606605222,0.061248942
92.34201619,0.245741756,2.053647206,0.568747943,0.055506684
92.34665486,0.244449221,2.052433704,0.592183401,0.053461496
92.35129353,0.250588761,2.055265207,0.636350226,0.058574466
92.3559322,0.249942494,2.05744951,0.576860217,0.059518399
92.36057087,0.244530005,2.056478709,0.584972491,0.05377614
92.36520954,0.245903323,2.05777311,0.608407949,0.055034717
92.36984821,0.252285213,2.063031616,0.624632497,0.060776976
92.37448688,0.247034291,2.063436116,0.567846579,0.0566866
92.37912555,0.244530005,2.063678816,0.593084765,0.053304174
92.38376422,0.24961936,2.06707662,0.633646135,0.057237227
92.38840289,0.251558162,2.071930625,0.594887492,0.060619654
92.39304156,0.245580189,2.072092425,0.583169763,0.054326768
92.39768023,0.245580189,2.072982326,0.605703858,0.053854801
92.4023189,0.252850697,2.080020634,0.642659773,0.059833043
92.40695757,0.249134659,2.083822938,0.575057489,0.058102499
92.41159624,0.245257055,2.083337537,0.594887492,0.053304174
92.41623491,0.248569176,2.085440939,0.625533861,0.055742667
92.42087358,0.252850697,2.088676943,0.608407949,0.061012959
92.42551225,0.246468807,2.08584544,0.572353398,0.0552707
92.43015092,0.245660972,2.082771237,0.590380673,0.053618818
92.43478959,0.251396595,2.083094837,0.634547499,0.058810449
92.43942826,0.250023277,2.082609436,0.569649307,0.059282415
92.44406693,0.245014705,2.077431831,0.580465672,0.053540157
92.4487056,0.246872724,2.075166628,0.604802494,0.054562751
92.45334427,0.252769913,2.077350931,0.615618859,0.060934298
92.45798294,0.247195857,2.073791327,0.560635669,0.056450617
92.46262161,0.244530005,2.069503622,0.583169763,0.053461496
92.46726028,0.249457793,2.069584523,0.624632497,0.057473211
92.47189895,0.251073462,2.070474423,0.581367036,0.060619654
92.47653762,0.244933922,2.066024919,0.572353398,0.054326768
92.48117629,0.244853138,2.063921517,0.594887492,0.054248106
92.48581496,0.251800512,2.066105819,0.628237952,0.060462331
92.49045363,0.247357424,2.064973218,0.56333976,0.057945177
92.4950923,0.243560604,2.061818114,0.584972491,0.053618818
92.49973097,0.247680558,2.062950715,0.620125678,0.05597865
92.50436964,0.252123646,2.066186719,0.601197039,0.06109162
92.50900831,0.245014705,2.064245117,0.571452034,0.055349362
92.51364698,0.244449221,2.063112516,0.593084765,0.053697479
92.51828565,0.250669544,2.066510319,0.638152954,0.059125093
92.52292432,0.248973093,2.069260922,0.575958853,0.059125093
92.52756299,0.244045304,2.068613721,0.593986129,0.05377614
92.53220166,0.246145673,2.071121624,0.62282977,0.055113378
92.53684033,0.251558162,2.075247529,0.628237952,0.060855637
92.541479,0.245984106,2.073953127,0.574156125,0.055899989
92.54611767,0.24347982,2.070555324,0.593084765,0.053382835
92.55075634,0.248973093,2.070798024,0.632744771,0.057945177
92.55539501,0.249780927,2.071607025,0.583169763,0.060226348
92.56003368,0.24347982,2.067885621,0.578662944,0.054090784
92.56467235,0.244287654,2.065944019,0.599394311,0.053933462
92.56931102,0.250911895,2.068775522,0.63004068,0.06038367
92.57394969,0.24654959,2.068290121,0.566043851,0.057551872
92.57858836,0.243156686,2.065944019,0.588577946,0.053697479
92.58322703,0.246630373,2.066510319,0.626435225,0.056293294
92.5878657,0.250507978,2.071121624,0.602098403,0.060855637
92.59250437,0.24347982,2.069422722,0.576860217,0.055034717
92.59714304,0.243075903,2.069018222,0.598492948,0.053854801
92.60178171,0.24961936,2.073144126,0.643561137,0.059361076
92.60642038,0.247761341,2.077674531,0.579564308,0.058810449
92.61105905,0.24299512,2.081800435,0.601197039,0.053540157
92.61569772,0.245660972,2.094987149,0.643561137,0.055034717
92.62033639,0.251558162,2.121603278,0.66339114,0.061012959
92.62497506,0.245741756,2.143689001,0.627336589,0.05597865
92.62961373,0.244126087,2.16189152,0.655278866,0.053540157
92.6342524,0.250023277,2.181712041,0.70395251,0.057787855
92.63889107,0.250831111,2.199752761,0.657081593,0.060226348
92.64352974,0.245257055,2.208004569,0.662489776,0.054012123
92.64816841,0.246872724,2.213748475,0.684122507,0.054169445
92.65280708,0.253900881,2.222323885,0.704853874,0.06038367
92.65744575,0.24961936,2.224508187,0.633646135,0.057158566
92.66208442,0.246872724,2.224022786,0.647166592,0.053146851
92.66672309,0.251558162,2.226611589,0.67781296,0.056293294
92.67136176,0.255031849,2.228957692,0.641758409,0.060855637
92.67600043,0.248811526,2.224103686,0.613816132,0.05448409
92.6806391,0.248569176,2.218602481,0.626435225,0.053697479
92.68527777,0.254951066,2.216579978,0.661588412,0.059675721
92.68991644,0.252285213,2.213343975,0.588577946,0.058653127
92.69455511,0.248165258,2.205982067,0.60390113,0.05377614
92.69919378,0.250507978,2.202179763,0.631843407,0.055742667
92.70383245,0.255920467,2.202017963,0.627336589,0.061248942
92.70847112,0.249296226,2.196840357,0.582268399,0.055821328
92.71310979,0.247680558,2.191824552,0.60390113,0.053382835
92.71774846,0.253577748,2.190853751,0.647166592,0.058023838
92.72238713,0.253658531,2.190772851,0.591282037,0.059911704
92.7270258,0.248084475,2.186727847,0.593986129,0.05377614
92.73166447,0.24937701,2.185028945,0.617421587,0.054405429
92.73630314,0.255920467,2.187941348,0.639054318,0.061012959
92.74094181,0.250831111,2.186242446,0.577761581,0.057315888
92.74558048,0.247922908,2.182116542,0.601197039,0.053697479
92.75021915,0.25268913,2.181064841,0.63725159,0.0566866
92.75485782,0.255031849,2.180983941,0.602098403,0.060698315
92.75949649,0.248326825,2.174188333,0.583169763,0.054562751
92.76413516,0.248407609,2.169091628,0.602098403,0.053933462
92.76877383,0.254951066,2.168768028,0.641758409,0.059911704
92.7734125,0.251558162,2.166826426,0.573254762,0.058653127
92.77805117,0.247599774,2.16140612,0.593084765,0.053697479
92.78268984,0.251154245,2.160030818,0.625533861,0.055899989
92.78732851,0.255597333,2.164156723,0.619224315,0.061878231
92.79196718,0.24937701,2.163914023,0.578662944,0.056057311
92.79660585,0.248165258,2.16172972,0.600295675,0.054012123
92.80124452,0.254062448,2.162619621,0.641758409,0.059125093
92.80588319,0.253254614,2.16164882,0.582268399,0.060462331
92.81052186,0.247438208,2.155985814,0.586775218,0.054248106
92.81516053,0.249134659,2.15218351,0.609309313,0.055113378
92.8197992,0.254951066,2.152588011,0.626435225,0.061248942
92.82443787,0.24937701,2.148623906,0.566945215,0.057315888
92.82907654,0.24630724,2.1427991,0.58947931,0.053618818
92.83371521,0.251477379,2.141261999,0.629139316,0.057394549
92.83835388,0.253739314,2.141100198,0.58947931,0.061170281
92.84299255,0.246953507,2.134709092,0.575057489,0.054720073
92.84763122,0.246953507,2.129774186,0.594887492,0.054012123
92.85226989,0.253335397,2.129046086,0.632744771,0.060305009
92.85690856,0.249780927,2.125890982,0.564241124,0.058574466
92.86154723,0.245014705,2.119418975,0.584071127,0.054090784
92.8661859,0.248730742,2.116425672,0.616520223,0.056057311
92.87082457,0.253335397,2.116344772,0.60390113,0.061406264
92.87546324,0.246872724,2.111895267,0.567846579,0.055585345
92.88010191,0.244933922,2.107769363,0.590380673,0.05377614
92.88474058,0.251073462,2.107688463,0.635448863,0.058731788
92.88937925,0.250184844,2.107122162,0.573254762,0.059754382
92.89401792,0.244772355,2.102510857,0.583169763,0.054090784
92.89865659,0.246388023,2.099760255,0.609309313,0.055034717
92.90329526,0.252042863,2.100569255,0.621928406,0.060934298
92.90793393,0.246711157,2.097495052,0.566043851,0.0566866
92.9125726,0.243964521,2.092802847,0.58947931,0.053540157
92.91721127,0.24937701,2.091346646,0.63004068,0.057237227
92.92184994,0.250831111,2.091589346,0.591282037,0.060462331
92.92648861,0.244530005,2.088353342,0.58947931,0.05448409
92.93112728,0.244449221,2.087544342,0.624632497,0.054012123
92.93576595,0.251315812,2.091023045,0.666095231,0.060462331
92.94040462,0.247115074,2.089971344,0.59669022,0.057787855
92.94504329,0.243318253,2.08584544,0.61111204,0.053697479
92.94968196,0.247034291,2.083661137,0.639054318,0.056135972
92.95432063,0.251073462,2.084955539,0.616520223,0.060855637
92.9589593,0.244045304,2.080829634,0.579564308,0.0552707
92.96359797,0.243399037,2.07678463,0.59669022,0.053854801
92.96823664,0.250023277,2.07702733,0.638152954,0.059046432
92.97287531,0.248003692,2.07686553,0.572353398,0.059361076
92.97751398,0.242591203,2.072496926,0.584071127,0.053618818
92.98215265,0.244368438,2.070474423,0.610210677,0.054720073
92.98679132,0.25010406,2.071930625,0.618322951,0.06109162
92.99142999,0.244045304,2.069584523,0.566043851,0.056371956
92.99606866,0.241864152,2.065458618,0.587676582,0.053618818
93.00070733,0.24679194,2.065458618,0.63004068,0.057473211
93.005346,0.248165258,2.06748112,0.584071127,0.060698315
93.00998467,0.242268069,2.064083317,0.578662944,0.054326768
93.01462334,0.242429636,2.062303515,0.601197039,0.05377614
93.01926201,0.249134659,2.065539518,0.632744771,0.060147687
93.02390068,0.245176272,2.065782218,0.566945215,0.057787855
93.02853935,0.241783368,2.063759716,0.58947931,0.05377614
93.03317802,0.245741756,2.066429419,0.624632497,0.056214633
93.03781669,0.249296226,2.070474423,0.60390113,0.06109162
93.04245536,0.24323747,2.069989023,0.575958853,0.055113378
93.04709403,0.242429636,2.069989023,0.599394311,0.053697479
93.0517327,0.24937701,2.074519428,0.6444625,0.059125093
93.05637137,0.247357424,2.077189131,0.580465672,0.059203754
93.06101004,0.242268069,2.07662283,0.59669022,0.053854801
93.06564871,0.244933922,2.079535233,0.626435225,0.055349362
93.07028738,0.250669544,2.086978041,0.635448863,0.06109162
93.07492605,0.244691571,2.090861245,0.58947931,0.056135972
93.07956472,0.243156686,2.094259049,0.615618859,0.053382835
93.08420339,0.248569176,2.108173863,0.673306141,0.057787855
93.08884206,0.250346411,2.138106895,0.672404778,0.059911704
93.09348073,0.245822539,2.185837946,0.730993423,0.054248106
93.0981194,0.246711157,2.236319599,0.778765704,0.054248106
93.10275807,0.254385582,2.273614539,0.798595707,0.060619654
93.10739674,0.24961936,2.289470956,0.705755238,0.057394549
93.11203541,0.246388023,2.289632756,0.692234781,0.053540157
93.11667408,0.250427194,2.285183251,0.70395251,0.056371956
93.12131275,0.253416181,2.281057347,0.657081593,0.060855637
93.12595142,0.246872724,2.270621236,0.617421587,0.054877395
93.13059009,0.246468807,2.261560426,0.628237952,0.054090784
93.13522876,0.25317383,2.257758122,0.666095231,0.05959706
93.13986743,0.250750328,2.252095116,0.593986129,0.059125093
93.1445061,0.24630724,2.242306206,0.60390113,0.054012123
93.14914477,0.249053876,2.235025198,0.628237952,0.0552707
93.15378344,0.254385582,2.230090293,0.624632497,0.06109162
93.15842211,0.248246042,2.220463183,0.574156125,0.056135972
93.16306078,0.247195857,2.210755172,0.593986129,0.053382835
93.16769945,0.252527563,2.204687666,0.636350226,0.057945177
93.17233812,0.252608346,2.19951006,0.580465672,0.06038367
93.17697679,0.246872724,2.18964025,0.582268399,0.054169445
93.18161546,0.248246042,2.182440142,0.605703858,0.054326768
93.18625413,0.254627932,2.179365939,0.628237952,0.060540992
93.1908928,0.249942494,2.172570332,0.566043851,0.057001244
93.19553147,0.24679194,2.163509522,0.588577946,0.053382835
93.20017014,0.251073462,2.159464518,0.627336589,0.0566866
93.20480881,0.253739314,2.156713915,0.594887492,0.060934298
93.20944748,0.247115074,2.149028407,0.574156125,0.055113378
93.21408615,0.246630373,2.1425564,0.593986129,0.05377614
93.21872482,0.253012264,2.140129397,0.635448863,0.059675721
93.22336349,0.250184844,2.136003493,0.566945215,0.05888911
93.22800216,0.245741756,2.129126986,0.584972491,0.053618818
93.23264083,0.248569176,2.125324682,0.614717496,0.055664006
93.2372795,0.253739314,2.125405582,0.610210677,0.061248942
93.24191817,0.247195857,2.121117877,0.568747943,0.05597865
93.24655684,0.245741756,2.116506572,0.590380673,0.053854801
93.25119551,0.251558162,2.115778472,0.635448863,0.058495805
93.25583418,0.251154245,2.115050371,0.578662944,0.060069026
93.26047285,0.245660972,2.110843566,0.584071127,0.053854801
93.26511152,0.246711157,2.107850263,0.608407949,0.054641412
93.26975019,0.252769913,2.108740164,0.626435225,0.061012959
93.27438886,0.247680558,2.10485696,0.566043851,0.057394549
93.27902753,0.244368438,2.099274854,0.58947931,0.05377614
93.2836662,0.248973093,2.097980453,0.63004068,0.057158566
93.28830487,0.251396595,2.098546753,0.593084765,0.061170281
93.29294354,0.245176272,2.093207348,0.575958853,0.054956056
93.29758221,0.245418622,2.089243243,0.594887492,0.054169445
93.30222088,0.251477379,2.089324143,0.632744771,0.060462331
93.30685955,0.248003692,2.086573541,0.565142488,0.058967771
93.31149822,0.243560604,2.081315035,0.584972491,0.054012123
93.31613689,0.24654959,2.078968932,0.615618859,0.056057311
93.32077556,0.251477379,2.080910535,0.607506585,0.061720909
93.32541423,0.244933922,2.077431831,0.571452034,0.055821328
93.3300529,0.243641387,2.073872227,0.592183401,0.054169445
93.33469157,0.24961936,2.075166628,0.63725159,0.059125093
93.33933024,0.249134659,2.07678463,0.576860217,0.060147687
93.34396891,0.243641387,2.072658726,0.584071127,0.054090784
93.34860758,0.245499406,2.070959824,0.607506585,0.055113378
93.35324625,0.251477379,2.073872227,0.62282977,0.061720909
93.35788492,0.246145673,2.071687925,0.566043851,0.057079905
93.36252359,0.24323747,2.067723821,0.58947931,0.053854801
93.36716226,0.248165258,2.068047421,0.63004068,0.057394549
93.37180093,0.24986171,2.069827223,0.588577946,0.061012959
93.3764396,0.243964521,2.066024919,0.576860217,0.054877395
93.38107827,0.244206871,2.063597916,0.597591584,0.054248106
93.38571694,0.251073462,2.066510319,0.635448863,0.060540992
93.39035561,0.247357424,2.06715752,0.568747943,0.058495805
93.39499428,0.24347982,2.064649617,0.590380673,0.054012123
93.39963295,0.246872724,2.066429419,0.623731133,0.056450617
93.40427162,0.250992678,2.070555324,0.608407949,0.061642248
93.40891029,0.244530005,2.068371021,0.574156125,0.055664006
93.41354896,0.24347982,2.06707662,0.594887492,0.054248106
93.41818763,0.249942494,2.071202524,0.639955681,0.059439737
93.4228263,0.248730742,2.073629527,0.577761581,0.060147687
93.42746497,0.24347982,2.071687925,0.58947931,0.054326768
93.43210364,0.245580189,2.071445224,0.613816132,0.055113378
93.43674231,0.251315812,2.075813829,0.625533861,0.061484925
93.44138098,0.245580189,2.075328429,0.57055067,0.0566866
93.44601965,0.24347982,2.072982326,0.593084765,0.053854801
93.45065832,0.248407609,2.074438528,0.632744771,0.057787855
93.45529699,0.249700143,2.07686553,0.588577946,0.060934298
93.45993566,0.243641387,2.073305926,0.578662944,0.054877395
93.46457433,0.244045304,2.071364324,0.599394311,0.054562751
93.469213,0.250427194,2.074357628,0.632744771,0.060855637
93.47385167,0.246630373,2.073872227,0.566043851,0.058417143
93.47849034,0.243075903,2.070474423,0.585873855,0.054090784
93.48312901,0.24679194,2.069665423,0.621027042,0.056214633
93.48776768,0.250507978,2.071930625,0.600295675,0.061484925
93.49240635,0.24347982,2.068613721,0.57055067,0.055349362
93.49704502,0.24299512,2.065701318,0.590380673,0.053854801
93.50168369,0.24937701,2.068613721,0.635448863,0.059911704
93.50632236,0.247438208,2.069827223,0.57055067,0.059439737
93.51096103,0.242671986,2.066429419,0.584972491,0.054012123
93.5155997,0.244610788,2.066510319,0.61111204,0.055428023
93.52023837,0.250507978,2.071607025,0.619224315,0.061327603
93.52487704,0.244368438,2.072416026,0.57055067,0.056765261
93.52951571,0.242429636,2.072011525,0.594887492,0.053933462
93.53415438,0.248407609,2.075813829,0.639054318,0.058023838
93.53879305,0.249296226,2.081962236,0.591282037,0.060619654
93.54343172,0.243399037,2.083256637,0.588577946,0.054720073
93.54807039,0.244287654,2.085440939,0.612013404,0.054562751
93.55270906,0.251073462,2.090052244,0.641758409,0.060934298
93.55734773,0.246872724,2.090537645,0.576860217,0.058023838
93.5619864,0.24347982,2.088757843,0.597591584,0.054090784
93.56662507,0.247599774,2.091184845,0.633646135,0.056371956
93.57126374,0.251315812,2.096605151,0.606605222,0.06109162
93.57590241,0.244691571,2.094339949,0.578662944,0.055192039
93.58054108,0.244206871,2.091184845,0.59669022,0.054248106
93.58517975,0.251154245,2.092560147,0.639054318,0.059518399
93.58981842,0.248488392,2.091103945,0.571452034,0.059282415
93.59445709,0.243883737,2.085440939,0.584972491,0.054012123
93.59909576,0.246468807,2.082690336,0.612013404,0.055664006
93.60373443,0.251477379,2.083822938,0.612914768,0.061642248
93.6083731,0.245741756,2.079049833,0.566043851,0.056371956
93.61301177,0.243641387,2.074438528,0.587676582,0.054012123
93.61765044,0.248973093,2.073791327,0.63004068,0.058338482
93.62228911,0.24961936,2.073872227,0.577761581,0.060619654
93.62692778,0.243641387,2.068856422,0.576860217,0.054562751
93.63156645,0.244530005,2.065215918,0.599394311,0.055113378
93.63620512,0.251558162,2.06683392,0.623731133,0.061642248
93.64084379,0.24630724,2.064245117,0.561537032,0.058102499
93.64548246,0.242591203,2.059067511,0.584071127,0.054326768
93.65012113,0.247034291,2.058501211,0.621928406,0.057551872
93.6547598,0.250265627,2.060361913,0.592183401,0.062114214
93.65939847,0.24347982,2.055588808,0.571452034,0.056371956
93.66403714,0.24299512,2.052191004,0.591282037,0.055664006
93.66867581,0.249780927,2.053647206,0.632744771,0.061642248
93.67331448,0.247034291,2.052757305,0.566043851,0.060698315
93.67795315,0.242429636,2.048955001,0.583169763,0.05597865
93.68259182,0.245095489,2.047417899,0.612013404,0.057866516
93.68723049,0.249942494,2.049035901,0.609309313,0.063844758
93.69186916,0.244206871,2.045718997,0.564241124,0.058417143
93.69650783,0.241944935,2.041673993,0.584972491,0.056135972
93.7011465,0.247922908,2.042968394,0.629139316,0.060776976
93.70578517,0.247680558,2.042887494,0.573254762,0.062822164
93.71042384,0.241702585,2.038195289,0.575958853,0.056371956
93.71506251,0.242914336,2.035768287,0.599394311,0.056765261
93.71970118,0.248973093,2.038195289,0.620125678,0.063451452
93.72433985,0.244287654,2.037305388,0.558832941,0.059675721
93.72897852,0.241379451,2.033664884,0.581367036,0.055899989
93.73361719,0.245660972,2.034069385,0.619224315,0.059125093
93.73825586,0.248488392,2.035444686,0.584972491,0.063215469
93.74289453,0.241864152,2.031642382,0.568747943,0.057001244
93.7475332,0.241621801,2.02937718,0.58947931,0.056057311
93.75217187,0.248165258,2.031885083,0.63004068,0.061878231
93.75681054,0.244772355,2.032208683,0.561537032,0.060698315
93.76144921,0.240894751,2.02929628,0.582268399,0.055585345
93.76608788,0.244206871,2.02961988,0.612013404,0.057945177
93.77072655,0.248246042,2.033017684,0.60390113,0.063136808
93.77536522,0.242187285,2.031076082,0.56333976,0.057473211
93.78000389,0.241217884,2.028972679,0.584972491,0.055506684
93.78464256,0.24679194,2.030671581,0.630942044,0.06038367
93.78928123,0.246468807,2.031804182,0.571452034,0.061720909
93.7939199,0.240571617,2.02913448,0.577761581,0.055664006
93.79855857,0.242025719,2.028244579,0.602098403,0.056057311
93.80319724,0.248407609,2.031399682,0.620125678,0.062428858
93.80783591,0.24299512,2.030186181,0.561537032,0.058259821
93.81247458,0.24041005,2.027597378,0.584972491,0.055113378
93.81711325,0.245337839,2.028325479,0.623731133,0.058495805
93.82175192,0.247680558,2.031076082,0.584972491,0.062350197
93.82639059,0.241217884,2.027678278,0.571452034,0.056293294
93.83102926,0.241864152,2.025736676,0.593986129,0.0552707
93.83566793,0.248649959,2.028082778,0.632744771,0.061484925
93.8403066,0.245984106,2.028487279,0.566043851,0.059675721
93.84494527,0.242833553,2.024442275,0.590380673,0.054877395
93.84958394,0.246468807,2.024361375,0.621928406,0.056843922
93.85422261,0.251315812,2.027678278,0.608407949,0.062350197
93.85886128,0.244691571,2.024118674,0.57055067,0.056607939
93.86349995,0.24323747,2.020882671,0.58947931,0.054720073
93.86813862,0.249700143,2.022824273,0.632744771,0.059833043
93.87277729,0.247922908,2.023633274,0.568747943,0.060462331
93.87741596,0.242914336,2.019588269,0.577761581,0.054877395
93.88205463,0.244691571,2.018374768,0.602098403,0.055349362
93.8866933,0.250346411,2.020639971,0.613816132,0.062035553
93.89133197,0.244368438,2.018941069,0.558832941,0.057630533
93.89597064,0.241944935,2.015866866,0.582268399,0.054405429
93.90060931,0.246872724,2.016999467,0.623731133,0.058023838
93.90524798,0.248488392,2.01983097,0.582268399,0.061563586
93.90988665,0.242025719,2.017242167,0.573254762,0.055192039
93.91452532,0.242671986,2.015705065,0.594887492,0.054877395
93.91916399,0.249215443,2.019102869,0.629139316,0.061170281
93.92380266,0.245014705,2.019264669,0.561537032,0.058967771
93.92844133,0.241379451,2.016028666,0.582268399,0.054562751
93.93308,0.244933922,2.016837667,0.615618859,0.056922583
93.93771867,0.249053876,2.019345569,0.59669022,0.061956892
93.94235734,0.242106502,2.016514066,0.56333976,0.056214633
93.94699601,0.241137101,2.013278063,0.584972491,0.054720073
93.95163468,0.247518991,2.015219665,0.63004068,0.059990365
93.95627335,0.245741756,2.015705065,0.566043851,0.060147687
93.96091202,0.2406524,2.011983661,0.578662944,0.054562751
93.96555069,0.24299512,2.01068926,0.606605222,0.055585345
93.97018936,0.248246042,2.013278063,0.614717496,0.061878231
93.97482803,0.242348852,2.011174661,0.561537032,0.057315888
93.9794667,0.240248483,2.008666758,0.584972491,0.054248106
93.98410537,0.245418622,2.009880259,0.626435225,0.05818116
93.98874404,0.246145673,2.011498261,0.578662944,0.061012959
93.99338271,0.2401677,2.007615057,0.573254762,0.054798734
93.99802138,0.241056318,2.006563356,0.595788856,0.054562751
94.00266005,0.247357424,2.009556659,0.626435225,0.061012959
94.00729872,0.24323747,2.009152158,0.560635669,0.058495805
94.01193739,0.239279082,2.005349854,0.581367036,0.05448409
94.01657606,0.24323747,2.005430754,0.616520223,0.056922583
94.02121473,0.246872724,2.008181357,0.593084765,0.061563586
94.0258534,0.240490834,2.004945354,0.564241124,0.055899989
94.03049207,0.239359866,2.002761052,0.584972491,0.054405429
94.03513074,0.246226456,2.005754355,0.629139316,0.059911704
94.03976941,0.244045304,2.005754355,0.562438396,0.059518399
94.04440808,0.239279082,2.002032951,0.577761581,0.054326768
94.04904675,0.241298668,2.00098125,0.604802494,0.055428023
94.05368542,0.246630373,2.004055453,0.608407949,0.061484925
94.05832409,0.240571617,2.002680152,0.558832941,0.056450617
94.06296276,0.238471248,2.000172249,0.581367036,0.054405429
94.06760143,0.244045304,2.00146665,0.625533861,0.058574466
94.0722401,0.244530005,2.003084652,0.575057489,0.061012959
94.07687877,0.238794382,1.999767748,0.573254762,0.054877395
94.08151744,0.239440649,1.998958748,0.595788856,0.054720073
94.08615611,0.246145673,2.002680152,0.62282977,0.060934298
94.09079478,0.241379451,2.002518351,0.559734305,0.057787855
94.09543345,0.238067331,2.000334049,0.581367036,0.054012123
94.10007212,0.241702585,2.000576749,0.619224315,0.056843922
94.10471079,0.245176272,2.004459953,0.591282037,0.061170281
94.10934946,0.238713598,2.002275651,0.567846579,0.055034717
94.11398813,0.238632815,2.00106215,0.590380673,0.054012123
94.1186268,0.244933922,2.005349854,0.634547499,0.059675721
94.12326547,0.242752769,2.007695957,0.568747943,0.058967771
94.12790414,0.237986548,2.006563356,0.585873855,0.054012123
94.13254281,0.24041005,2.007372357,0.614717496,0.055506684
94.13718148,0.245499406,2.011740961,0.613816132,0.061406264
94.14182015,0.239359866,2.012064562,0.567846579,0.056057311
94.14645882,0.237582631,2.01052746,0.58947931,0.053618818
94.15109749,0.24347982,2.013116263,0.634547499,0.058338482
94.15573616,0.243560604,2.016271366,0.581367036,0.06038367
94.16037483,0.237582631,2.015219665,0.582268399,0.05448409
94.1650135,0.239036732,2.015057865,0.606605222,0.054641412
94.16965217,0.245741756,2.02023547,0.632744771,0.060855637
94.17429084,0.240733184,2.021691672,0.572353398,0.057473211
94.17892951,0.237986548,2.021529872,0.59669022,0.053933462
94.18356818,0.242671986,2.026464777,0.640857045,0.056843922
94.18820685,0.245822539,2.034473885,0.614717496,0.060855637
94.19284552,0.239844566,2.036496387,0.59669022,0.055034717
94.19748419,0.239279082,2.037709889,0.620125678,0.054012123
94.20212286,0.245580189,2.043615595,0.662489776,0.059911704
94.20676153,0.243156686,2.0482269,0.593986129,0.058810449
94.2114002,0.239198299,2.047822399,0.610210677,0.054012123
94.21603887,0.241783368,2.0487123,0.63725159,0.055899989
94.22067754,0.247357424,2.053000005,0.628237952,0.061878231
94.22531621,0.240975534,2.051382003,0.584972491,0.055821328
94.22995488,0.239036732,2.049440401,0.607506585,0.053933462
94.23459355,0.245337839,2.051705604,0.649870683,0.058810449
94.23923222,0.244933922,2.053000005,0.588577946,0.060069026
94.24387089,0.239682999,2.049683101,0.592183401,0.054090784
94.24850956,0.241298668,2.0479842,0.613816132,0.054641412
94.25314823,0.247518991,2.050411202,0.630942044,0.060934298
94.2577869,0.241864152,2.0483078,0.57055067,0.057551872
94.26242557,0.239279082,2.044990896,0.591282037,0.054169445
94.26706424,0.243883737,2.045071797,0.629139316,0.057551872
94.27170291,0.246145673,2.047336999,0.592183401,0.061170281
94.27634158,0.239763783,2.043696495,0.575958853,0.054877395
94.28098025,0.23992535,2.041350393,0.595788856,0.054012123
94.28561892,0.246468807,2.043615595,0.634547499,0.060540992
94.29025759,0.243641387,2.044020095,0.566945215,0.058967771
94.29489626,0.239198299,2.040703192,0.586775218,0.053933462
94.29953493,0.242268069,2.041512193,0.619224315,0.056293294
94.3041736,0.246711157,2.044100995,0.609309313,0.061720909
94.30881227,0.240329267,2.041997593,0.57055067,0.055899989
94.31345094,0.239844566,2.040784092,0.592183401,0.054012123
94.31808961,0.245822539,2.042806594,0.63725159,0.059203754
94.32272828,0.244933922,2.044990896,0.576860217,0.059754382
94.32736695,0.239763783,2.042321194,0.584071127,0.054248106
94.33200562,0.240975534,2.040945892,0.608407949,0.054877395
94.33664429,0.247276641,2.043453795,0.62282977,0.061406264
94.34128296,0.241864152,2.042159393,0.565142488,0.057237227
94.34592163,0.239117515,2.03916609,0.586775218,0.053933462
94.3505603,0.244287654,2.03916609,0.626435225,0.057630533
94.35519897,0.245903323,2.040622292,0.584071127,0.060934298
94.35983764,0.239198299,2.036253687,0.572353398,0.054956056
94.36447631,0.239359866,2.033745785,0.592183401,0.054326768
94.36911498,0.24630724,2.036091887,0.627336589,0.060698315
94.37375365,0.242591203,2.035201986,0.560635669,0.058417143
94.37839232,0.238875165,2.030590681,0.580465672,0.054090784
94.38303099,0.242591203,2.02937718,0.613816132,0.056293294
94.38766966,0.246388023,2.032451383,0.598492948,0.061563586
94.39230833,0.239844566,2.02929628,0.564241124,0.055899989
94.396947,0.239521433,2.026302977,0.584972491,0.054248106
94.40158567,0.245257055,2.028082778,0.63004068,0.059439737
94.40622434,0.243964521,2.028810879,0.567846579,0.059754382
94.41086301,0.238794382,2.024199574,0.578662944,0.054326768
94.41550168,0.241056318,2.023471474,0.60390113,0.055428023
94.42014035,0.24679194,2.026788377,0.614717496,0.061484925
94.42477902,0.241056318,2.024927675,0.560635669,0.0566866
94.42941769,0.238471248,2.021206271,0.584071127,0.053933462
94.43405636,0.24323747,2.022096172,0.625533861,0.057866516
94.43869503,0.244933922,2.024037774,0.580465672,0.060776976
94.4433337,0.238471248,2.02031637,0.574156125,0.054562751
94.44797237,0.238794382,2.018779269,0.595788856,0.054562751
94.45261104,0.245257055,2.021287171,0.627336589,0.061012959
94.45724971,0.241217884,2.021206271,0.561537032,0.058495805
94.46188838,0.237582631,2.018617468,0.584071127,0.053854801
94.46652705,0.241298668,2.018698369,0.619224315,0.056843922
94.47116572,0.245337839,2.022177072,0.600295675,0.061484925
94.47580439,0.238955949,2.02031637,0.572353398,0.055428023
94.48044306,0.238471248,2.018941069,0.594887492,0.054090784
94.48508173,0.245014705,2.022419772,0.639955681,0.059675721
94.4897204,0.243318253,2.025008575,0.576860217,0.059439737
94.49435907,0.238794382,2.024361375,0.593986129,0.054090784
94.49899774,0.241056318,2.026383877,0.626435225,0.055506684
94.50363641,0.247034291,2.031885083,0.633646135,0.061406264
94.50827508,0.241056318,2.032532283,0.582268399,0.056765261
94.51291375,0.239521433,2.031885083,0.602098403,0.05377614
94.51755242,0.244610788,2.034069385,0.640857045,0.058023838
94.52219109,0.245660972,2.036334587,0.58947931,0.060226348
94.52682976,0.239198299,2.033341284,0.583169763,0.05448409
94.53146843,0.240329267,2.030914282,0.60390113,0.054562751
94.5361071,0.247115074,2.033988485,0.631843407,0.061170281
94.54074577,0.242591203,2.033826685,0.566945215,0.058102499
94.54538444,0.239198299,2.02986258,0.588577946,0.054012123
94.55002311,0.243318253,2.031237882,0.623731133,0.0566866
94.55466178,0.24630724,2.034716586,0.597591584,0.061642248
94.55930045,0.240086917,2.032532283,0.573254762,0.0552707
94.56393912,0.23992535,2.030752481,0.593986129,0.054012123
94.56857779,0.246630373,2.033341284,0.63725159,0.060069026
94.57321646,0.244045304,2.035040186,0.57055067,0.059675721
94.57785513,0.239117515,2.032289583,0.585873855,0.054405429
94.5824938,0.241460235,2.032451383,0.613816132,0.055899989
94.58713247,0.246953507,2.035444686,0.614717496,0.061406264
94.59177114,0.240813967,2.033826685,0.567846579,0.056450617
94.59640981,0.238632815,2.030995182,0.591282037,0.054248106
94.60104848,0.244449221,2.033260384,0.633646135,0.058574466
94.60568715,0.244933922,2.035849187,0.580465672,0.060540992
94.61032582,0.238471248,2.032532283,0.581367036,0.05448409
94.61496449,0.2401677,2.030995182,0.60390113,0.054798734
94.61960316,0.246468807,2.033745785,0.628237952,0.061406264
94.62424183,0.241541018,2.032774983,0.565142488,0.057709194
94.6288805,0.238148114,2.030752481,0.586775218,0.053854801
94.63351917,0.242268069,2.031318782,0.624632497,0.056922583
94.63815784,0.245984106,2.034231185,0.594887492,0.061406264
94.64279651,0.239682999,2.031561482,0.573254762,0.055113378
94.64743518,0.239682999,2.02929628,0.594887492,0.054090784
94.65207385,0.245741756,2.032774983,0.63725159,0.059911704
94.65671252,0.242833553,2.033988485,0.569649307,0.059125093
94.66135119,0.238309681,2.031885083,0.587676582,0.053933462
94.66598986,0.241137101,2.033179484,0.618322951,0.055821328
94.67062853,0.24606489,2.038114389,0.614717496,0.061720909
94.6752672,0.240006133,2.038437989,0.572353398,0.056450617
94.67990587,0.238794382,2.03924699,0.594887492,0.054248106
94.68454454,0.244933922,2.044829096,0.640857045,0.058810449
94.68918321,0.245014705,2.050087602,0.584972491,0.060540992
94.69382188,0.239440649,2.050006702,0.58947931,0.054405429
94.69846055,0.241460235,2.052757305,0.615618859,0.055113378
94.70309922,0.248003692,2.062222615,0.643561137,0.061484925
94.70773789,0.24372217,2.070312623,0.587676582,0.057473211
94.71237656,0.241702585,2.080101534,0.619224315,0.054012123
94.71701523,0.247518991,2.097252352,0.66339114,0.057866516
94.7216539,0.250507978,2.116668372,0.630942044,0.061406264
94.72629257,0.245176272,2.131553988,0.62282977,0.055428023
94.73093124,0.246630373,2.150080108,0.65618023,0.054562751
94.73556991,0.254143231,2.168687128,0.6967416,0.060619654
94.74020858,0.251315812,2.178961439,0.620125678,0.059046432
94.74484725,0.247034291,2.18001314,0.63004068,0.054090784
94.74948592,0.250427194,2.182925543,0.653476138,0.056371956
94.75412459,0.255193416,2.187536848,0.639955681,0.061956892
94.75876326,0.248892309,2.185999746,0.597591584,0.056450617
94.76340193,0.247518991,2.184624445,0.618322951,0.054248106
94.7680406,0.253820098,2.188184048,0.66339114,0.059282415
94.77267927,0.253254614,2.191420052,0.60390113,0.060540992
94.77731794,0.247842125,2.18931665,0.612013404,0.05448409
94.78195661,0.24961936,2.188669449,0.635448863,0.055585345
94.78659528,0.255678116,2.193927954,0.651673411,0.062114214
94.79123395,0.250184844,2.195545956,0.59669022,0.057630533
94.79587262,0.248246042,2.195545956,0.621027042,0.054326768
94.80051129,0.25317383,2.199752761,0.660687048,0.057787855
94.80514996,0.255112632,2.204283165,0.621027042,0.061484925
94.80978863,0.249053876,2.205011266,0.609309313,0.055113378
94.8144273,0.24937701,2.20857087,0.631843407,0.054405429
94.81906597,0.256162817,2.216822679,0.668799323,0.060698315
94.82370464,0.252769913,2.223860986,0.60390113,0.05888911
94.82834331,0.24937701,2.230656593,0.630942044,0.054326768
94.83298198,0.253900881,2.245461309,0.675108869,0.0566866
94.83762065,0.259636504,2.268436933,0.672404778,0.062114214
94.84225932,0.254062448,2.288014754,0.649870683,0.056293294
94.84689799,0.253820098,2.306702674,0.676010233,0.054798734
94.85153666,0.261736873,2.330244599,0.724683877,0.059911704
94.85617533,0.261736873,2.35006512,0.664292504,0.060776976
94.860814,0.257213001,2.363575434,0.674207505,0.055192039
94.86545267,0.259555721,2.376357648,0.692234781,0.056057311
94.87009134,0.265372127,2.388411761,0.6967416,0.062428858
94.87473001,0.259798071,2.393265766,0.63725159,0.057945177
94.87936868,0.257697702,2.401032174,0.662489776,0.054720073
94.88400735,0.263190974,2.420933595,0.707557965,0.058495805
94.88864602,0.264564293,2.44407102,0.666095231,0.06179957
94.89328469,0.259151803,2.461707238,0.659785685,0.055742667
94.89792336,0.260848255,2.486705365,0.687727962,0.055113378
94.90256203,0.268118763,2.522382303,0.73009206,0.061484925
94.9072007,0.264645076,2.555308638,0.666996595,0.059282415
94.91183937,0.261009822,2.587749572,0.691333417,0.054798734
94.91647804,0.265291343,2.622617509,0.729190696,0.057630533
94.92111671,0.269976782,2.654087642,0.708459329,0.062428858
94.92575538,0.264241159,2.682645373,0.681418415,0.056371956
94.93039405,0.264483509,2.710879503,0.701248419,0.054720073
94.93503272,0.271430883,2.734906828,0.742711153,0.06038367
94.93967139,0.270138348,2.754080149,0.676010233,0.060619654
94.94431006,0.26569526,2.763949959,0.684122507,0.054877395
94.94894873,0.267876413,2.767914063,0.702149782,0.056135972
94.9535874,0.273450469,2.770098366,0.702149782,0.062507519
94.95822607,0.267553279,2.764435359,0.646265228,0.057237227
94.96286474,0.26545291,2.754970049,0.665193867,0.054641412
94.96750341,0.269976782,2.74647554,0.704853874,0.059046432
94.97214208,0.270542266,2.736039429,0.652574774,0.061720909
94.97678075,0.264160375,2.719778512,0.639955681,0.055506684
94.98141942,0.264483509,2.703922095,0.658884321,0.0552707
94.98605809,0.270865399,2.692515183,0.685925234,0.061484925
94.99069676,0.266179961,2.678843069,0.617421587,0.058574466
94.99533543,0.262544707,2.66144955,0.63725159,0.054641412
94.9999741,0.266179961,2.649638138,0.676010233,0.057787855
95.00461277,0.269976782,2.64251893,0.653476138,0.062507519
95.00925144,0.26262549,2.630788418,0.63004068,0.056214633
95.01389011,0.26214079,2.622860209,0.657982957,0.055113378
95.01852878,0.269168947,2.62375011,0.715670239,0.060540992
95.02316745,0.268684247,2.630545717,0.674207505,0.060305009
95.02780612,0.265614477,2.646563934,0.721979786,0.055034717
95.03244479,0.268926597,2.67042946,0.775160249,0.056529278
95.03708346,0.276116321,2.697369188,0.788680705,0.062743503
95.04172213,0.271430883,2.714277306,0.735500242,0.05818116
95.0463608,0.271754017,2.733531527,0.765245247,0.055506684
95.05099947,0.278943741,2.758772353,0.817524347,0.059754382
95.05563814,0.282013511,2.776004072,0.766146611,0.062114214
95.06027681,0.277085722,2.780615377,0.758935701,0.056135972
95.06491548,0.278297474,2.780858077,0.769752066,0.056371956
95.06955415,0.285325631,2.777945674,0.774258885,0.063058147
95.07419282,0.28055941,2.766862362,0.690432053,0.059754382
95.07883149,0.276924156,2.748093542,0.694037508,0.055585345
95.08347016,0.280155492,2.72746402,0.712064784,0.058653127
95.08810883,0.282255861,2.7078862,0.669700686,0.063136808
95.0927475,0.27514692,2.682726273,0.635448863,0.057079905
95.09738617,0.273854386,2.658860748,0.645363864,0.056371956
95.10202484,0.278943741,2.638312126,0.678714324,0.062743503
95.10666351,0.275631621,2.614851101,0.602098403,0.061720909
95.11130218,0.270299915,2.587587772,0.613816132,0.056057311
95.11594085,0.272561851,2.565340248,0.640857045,0.057158566
95.12057952,0.276681805,2.546814129,0.63725159,0.062900825
95.12521819,0.269249731,2.523029503,0.588577946,0.057473211
95.12985686,0.266907012,2.499163978,0.61111204,0.055113378
95.13449553,0.2713501,2.480395158,0.652574774,0.059990365
95.1391342,0.270623049,2.462597139,0.592183401,0.061956892
95.14377287,0.264321942,2.441077717,0.58947931,0.056214633
95.14841154,0.265372127,2.421014495,0.609309313,0.056765261
95.15305021,0.270299915,2.407180581,0.63004068,0.062900825
95.15768888,0.264321942,2.390838763,0.57055067,0.058967771
95.16232755,0.260040421,2.372474444,0.593084765,0.055428023
95.16696622,0.263110191,2.358236029,0.630942044,0.058810449
95.17160489,0.265048993,2.345939216,0.598492948,0.063058147
95.17624356,0.258343969,2.329920999,0.578662944,0.056371956
95.18088223,0.257374568,2.315197183,0.598492948,0.055428023
95.1855209,0.263271758,2.305570073,0.639054318,0.061563586
95.19015957,0.259717287,2.29303056,0.57055067,0.060305009
95.19479824,0.254547149,2.277255043,0.58947931,0.055899989
95.19943691,0.256647517,2.26520093,0.620125678,0.058102499
95.20407558,0.260848255,2.256949121,0.61111204,0.064316724
95.20871425,0.253981665,2.244086008,0.568747943,0.058495805
95.21335292,0.252042863,2.230494793,0.588577946,0.056214633
95.21799159,0.257536135,2.222000284,0.632744771,0.060776976
95.22263026,0.256647517,2.213505775,0.573254762,0.062035553
95.22726893,0.250427194,2.200238161,0.578662944,0.056057311
95.2319076,0.251073462,2.19012565,0.600295675,0.057079905
95.23654627,0.256970651,2.184219944,0.617421587,0.063766097
95.24118494,0.250669544,2.174835534,0.557030214,0.059675721
95.24582361,0.247922908,2.163994923,0.579564308,0.055899989
95.25046228,0.252365996,2.156794815,0.619224315,0.059125093
95.25510095,0.253900881,2.151212709,0.583169763,0.063058147
95.25973962,0.247034291,2.141181098,0.569649307,0.057001244
95.26437829,0.246630373,2.132282089,0.590380673,0.056607939
95.26901696,0.253012264,2.127913484,0.628237952,0.062979486
95.27365563,0.249134659,2.122574079,0.559734305,0.06109162
95.2782943,0.244449221,2.113108769,0.580465672,0.056057311
95.28293297,0.247438208,2.107688463,0.612914768,0.05818116
95.28757164,0.251962079,2.105665961,0.600295675,0.063766097
95.29221031,0.245095489,2.099113054,0.564241124,0.057866516
95.29684898,0.243318253,2.092074746,0.585873855,0.056135972
95.30148765,0.249215443,2.089647744,0.630942044,0.060934298
95.30612632,0.248246042,2.087220741,0.568747943,0.061720909
95.31076499,0.242591203,2.078888032,0.576860217,0.055899989
95.31540366,0.244206871,2.072820526,0.602098403,0.056765261
95.32004233,0.250831111,2.071687925,0.616520223,0.063058147
95.324681,0.244933922,2.066105819,0.561537032,0.058417143
95.32931967,0.242187285,2.059310212,0.584972491,0.055113378
95.33395834,0.246872724,2.056964109,0.627336589,0.058810449
95.33859701,0.248407609,2.056964109,0.586775218,0.062350197
95.34323568,0.241944935,2.053485405,0.578662944,0.056214633
95.34787435,0.242187285,2.051301103,0.601197039,0.055742667
95.35251302,0.248569176,2.053242705,0.635448863,0.061956892
95.35715169,0.244368438,2.051867404,0.567846579,0.059833043
95.36179036,0.2401677,2.0479033,0.586775218,0.0552707
95.36642903,0.243560604,2.046851598,0.618322951,0.058102499
95.3710677,0.247761341,2.0483887,0.601197039,0.062822164
95.37570637,0.241541018,2.044829096,0.569649307,0.057158566
95.38034504,0.240571617,2.041512193,0.591282037,0.055742667
95.38498371,0.246711157,2.042806594,0.636350226,0.060540992
95.38962238,0.245257055,2.043049294,0.571452034,0.061248942
95.39426105,0.23992535,2.03900429,0.583169763,0.055349362
95.39889972,0.241864152,2.036496387,0.608407949,0.056371956
95.40353839,0.247842125,2.038357089,0.617421587,0.062350197
95.40817706,0.241460235,2.035849187,0.565142488,0.057551872
95.41281573,0.238632815,2.032451383,0.588577946,0.054562751
95.4174544,0.243964521,2.033341284,0.631843407,0.058731788
95.42209307,0.245014705,2.035525586,0.584972491,0.061720909
95.42673174,0.238309681,2.031804182,0.579564308,0.0552707
95.43137041,0.238955949,2.02978168,0.602098403,0.055349362
95.43600908,0.245418622,2.032532283,0.633646135,0.061248942
95.44064775,0.241217884,2.032613183,0.569649307,0.05888911
95.44528642,0.237744197,2.030267081,0.593084765,0.054798734
95.44992509,0.241621801,2.032289583,0.627336589,0.057551872
95.45456376,0.245741756,2.038195289,0.604802494,0.062507519
95.45920243,0.238875165,2.039651491,0.576860217,0.056529278
95.4638411,0.238228898,2.040784092,0.599394311,0.054720073
95.46847977,0.245095489,2.046851598,0.643561137,0.060226348
95.47311844,0.242671986,2.050896603,0.579564308,0.060147687
95.47775711,0.238067331,2.051624703,0.59669022,0.054877395
95.48239578,0.240490834,2.056964109,0.628237952,0.055742667
95.48703445,0.246145673,2.069180022,0.63725159,0.062271536
95.49167312,0.24041005,2.075409329,0.587676582,0.057315888
95.49631179,0.237905764,2.078645332,0.612013404,0.054326768
95.50095046,0.243399037,2.084308338,0.655278866,0.058653127
95.50558913,0.244368438,2.089081443,0.60390113,0.061248942
95.5102278,0.238228898,2.087139841,0.599394311,0.055034717
95.51486647,0.239036732,2.085440939,0.619224315,0.055113378
95.51950514,0.245337839,2.088110642,0.645363864,0.061642248
95.52414381,0.241056318,2.086573541,0.581367036,0.05818116
95.52878248,0.237905764,2.082528536,0.602098403,0.054641412
95.53342115,0.241864152,2.081719535,0.636350226,0.057079905
95.53805982,0.244933922,2.082124036,0.607506585,0.062035553
95.54269849,0.238552032,2.07702733,0.582268399,0.055742667
95.54733716,0.238067331,2.072901426,0.602999766,0.054248106
95.55197583,0.244853138,2.072577826,0.643561137,0.060462331
95.5566145,0.242591203,2.070393523,0.575057489,0.059833043
95.56125317,0.238228898,2.064649617,0.58947931,0.054720073
95.56589184,0.241137101,2.061251814,0.618322951,0.056371956
95.57053051,0.246872724,2.061575414,0.616520223,0.062035553
95.57516918,0.240571617,2.057045009,0.569649307,0.056765261
95.57980785,0.238875165,2.051867404,0.590380673,0.054562751
95.58444652,0.244368438,2.050896603,0.632744771,0.058967771
95.58908519,0.244691571,2.050734803,0.577761581,0.060934298
95.59372386,0.238875165,2.044586396,0.578662944,0.054877395
95.59836253,0.240006133,2.041512193,0.600295675,0.055192039
95.6030012,0.246388023,2.042321194,0.624632497,0.061878231
95.60763987,0.241217884,2.039732391,0.564241124,0.058102499
95.61227854,0.238471248,2.034635685,0.588577946,0.054326768
95.61691721,0.242671986,2.033907585,0.628237952,0.057630533
95.62155588,0.245660972,2.036091887,0.599394311,0.062114214
95.62619455,0.239198299,2.033664884,0.581367036,0.055506684
95.63083322,0.239279082,2.031885083,0.602999766,0.054720073
95.63547189,0.246388023,2.035121086,0.6444625,0.060776976
95.64011056,0.24372217,2.034797486,0.576860217,0.059990365
95.64474923,0.239359866,2.031076082,0.593986129,0.054720073
95.6493879,0.242187285,2.02961988,0.623731133,0.056529278
95.65402657,0.247518991,2.030914282,0.616520223,0.062114214
95.65866524,0.241056318,2.026707477,0.57055067,0.056529278
95.66330391,0.239521433,2.021772572,0.590380673,0.054562751
95.66794258,0.244772355,2.020801771,0.633646135,0.059203754
95.67258125,0.244853138,2.019588269,0.574156125,0.060619654
95.67721992,0.239036732,2.013197163,0.577761581,0.054720073
95.68185859,0.240329267,2.009233059,0.600295675,0.055034717
95.68649726,0.246388023,2.01068926,0.619224315,0.061484925
95.69113593,0.240571617,2.007453257,0.559734305,0.057787855
95.6957746,0.237824981,2.002518351,0.583169763,0.054326768
95.70041327,0.242671986,2.001952051,0.62282977,0.057630533
95.70505194,0.244449221,2.003650953,0.586775218,0.061720909
95.70969061,0.238067331,1.998877848,0.572353398,0.055349362
95.71432928,0.237905764,1.996127245,0.593986129,0.054798734
95.71896795,0.244772355,1.998311547,0.633646135,0.060698315
95.72360662,0.241460235,1.997340746,0.566043851,0.058967771
95.72824529,0.237421064,1.993457542,0.588577946,0.054405429
95.73288396,0.240813967,1.993538442,0.621928406,0.0566866
95.73752263,0.245418622,1.996046345,0.610210677,0.061956892
95.7421613,0.239198299,1.993053041,0.572353398,0.056135972
95.74679997,0.23734028,1.988927137,0.591282037,0.054326768
95.75143864,0.243641387,1.989088937,0.633646135,0.059125093
95.75607731,0.242671986,1.987632736,0.57055067,0.060305009
95.76071598,0.23709793,1.98205063,0.576860217,0.054720073
95.76535465,0.238632815,1.979219127,0.598492948,0.055428023
95.76999332,0.244772355,1.979461827,0.612013404,0.061720909
95.77463199,0.238552032,1.975902223,0.554326122,0.057394549
95.77927066,0.236047746,1.971371818,0.576860217,0.054169445
95.78390933,0.240813967,1.970158317,0.617421587,0.057630533
95.788548,0.242591203,1.971048218,0.575958853,0.061563586
95.79318667,0.235966962,1.966760513,0.565142488,0.055428023
95.79782534,0.236209312,1.964576211,0.586775218,0.054720073
95.80246401,0.24299512,1.966356013,0.621928406,0.061170281
95.80710268,0.239198299,1.965061612,0.55612885,0.059046432
95.81174135,0.234916778,1.960854807,0.576860217,0.054405429
95.81638002,0.238552032,1.960693007,0.610210677,0.056607939
95.82101869,0.242591203,1.962958209,0.595788856,0.061484925
95.82565736,0.236290096,1.960288507,0.562438396,0.055821328
95.83029603,0.235078345,1.956809803,0.583169763,0.054562751
95.8349347,0.241217884,1.958670505,0.628237952,0.059282415
95.83957337,0.240248483,1.959075005,0.566043851,0.059833043
95.84421204,0.235159128,1.955596302,0.575958853,0.054326768
95.84885071,0.236936363,1.954787301,0.602098403,0.055349362
95.85348938,0.242510419,1.957295203,0.612013404,0.061642248
95.85812805,0.236613229,1.954787301,0.558832941,0.057079905
95.86276672,0.234593644,1.950742296,0.580465672,0.05377614
95.86740539,0.239521433,1.951227697,0.621928406,0.057787855
95.87204406,0.241217884,1.953007499,0.577761581,0.060934298
95.87668273,0.234755211,1.949286095,0.57055067,0.054720073
95.8813214,0.235078345,1.947829893,0.592183401,0.054562751
95.88596007,0.241702585,1.951065897,0.624632497,0.060934298
95.89059874,0.237582631,1.951308597,0.559734305,0.058417143
95.89523741,0.234512861,1.948315294,0.580465672,0.054090784
95.89987608,0.237986548,1.948072594,0.615618859,0.056607939
95.90451475,0.242268069,1.951227697,0.594887492,0.061563586
95.90915342,0.235401478,1.950014196,0.566043851,0.05597865
95.91379209,0.234512861,1.948396194,0.585873855,0.054562751
95.91843076,0.241298668,1.950418696,0.63004068,0.059833043
95.92306943,0.239279082,1.952279398,0.565142488,0.060147687
95.9277081,0.234593644,1.950014196,0.578662944,0.054562751
95.93234677,0.236774796,1.949771495,0.605703858,0.055742667
95.93698544,0.242429636,1.953007499,0.612013404,0.061956892
95.94162411,0.236128529,1.951632197,0.561537032,0.0566866
95.94626278,0.234108943,1.950499596,0.586775218,0.05448409
95.95090145,0.239763783,1.9539783,0.63004068,0.058653127
95.95554012,0.240490834,1.958104204,0.583169763,0.06109162
95.96017879,0.234189727,1.956971603,0.581367036,0.054956056
95.96481746,0.234916778,1.957052503,0.602098403,0.054956056
95.96945613,0.241621801,1.960612107,0.63004068,0.061012959
95.9740948,0.23734028,1.961582908,0.566945215,0.058653127
95.97873347,0.233866593,1.959560406,0.587676582,0.054641412
95.98337214,0.237582631,1.960612107,0.623731133,0.057630533
95.98801081,0.241137101,1.964252611,0.597591584,0.062192875
95.99264948,0.234674427,1.962634609,0.571452034,0.056135972
95.99728815,0.234351294,1.960935707,0.592183401,0.054877395
96.00192682,0.241056318,1.96368631,0.634547499,0.060540992
96.00656549,0.238713598,1.964495311,0.566945215,0.059911704
96.01120416,0.233866593,1.961502008,0.582268399,0.054798734
96.01584283,0.236209312,1.960126706,0.610210677,0.056214633
96.0204815,0.242106502,1.96368631,0.61111204,0.061878231
96.02512017,0.236370879,1.961340208,0.564241124,0.056765261
96.02975884,0.23427051,1.958589605,0.586775218,0.054248106
96.03439751,0.239682999,1.959641306,0.63004068,0.058731788
96.03903618,0.2401677,1.961582908,0.576860217,0.061248942
96.04367485,0.233866593,1.957295203,0.575958853,0.055034717
96.04831352,0.234997561,1.955110901,0.598492948,0.055034717
96.05295219,0.241702585,1.957942404,0.62282977,0.061327603
96.05759086,0.236936363,1.956971603,0.560635669,0.058259821
96.06222953,0.233705026,1.953492899,0.584071127,0.054326768
96.0668682,0.237986548,1.9538165,0.62282977,0.057473211
96.07150687,0.241298668,1.956648003,0.591282037,0.061878231
96.07614554,0.235159128,1.953492899,0.571452034,0.055349362
96.08078421,0.235159128,1.951146797,0.591282037,0.054720073
96.08542288,0.241944935,1.9538165,0.632744771,0.060855637
96.09006155,0.239440649,1.9544637,0.565142488,0.059675721
96.09470022,0.235320695,1.951632197,0.583169763,0.05448409
96.09933889,0.237824981,1.950580496,0.612914768,0.056057311
96.10397756,0.24323747,1.9543828,0.608407949,0.06179957
96.10861623,0.236613229,1.952441198,0.565142488,0.056450617
96.1132549,0.235078345,1.949933296,0.585873855,0.05448409
96.11789357,0.241056318,1.951793998,0.63004068,0.058967771
96.12253224,0.2406524,1.953492899,0.573254762,0.060226348
96.12717091,0.235078345,1.950499596,0.578662944,0.054641412
96.13180958,0.236451663,1.949447895,0.602098403,0.055113378
96.13644825,0.242752769,1.952845699,0.623731133,0.061484925
96.14108692,0.237744197,1.953250199,0.56333976,0.058023838
96.14572559,0.234835994,1.951146797,0.586775218,0.054090784
96.15036426,0.239844566,1.952602998,0.625533861,0.057551872
96.15500293,0.241944935,1.955596302,0.591282037,0.061642248
96.1596416,0.235482262,1.953169299,0.574156125,0.055428023
96.16428027,0.235886179,1.950823197,0.594887492,0.054877395
96.16891894,0.242510419,1.9539783,0.632744771,0.060934298
96.17355761,0.239440649,1.955030001,0.56333976,0.059203754
96.17819628,0.234997561,1.951632197,0.582268399,0.054641412
96.18283495,0.238471248,1.951308597,0.612013404,0.056293294
96.18747362,0.243156686,1.9541401,0.602999766,0.062114214
96.19211229,0.236774796,1.951874898,0.56333976,0.0566866
96.19675096,0.235320695,1.948315294,0.584071127,0.054562751
96.20138963,0.241621801,1.950014196,0.629139316,0.059754382
96.2060283,0.240975534,1.951389497,0.569649307,0.061170281
96.21066697,0.235724612,1.947344493,0.575958853,0.055034717
96.21530564,0.23734028,1.945888291,0.600295675,0.055664006
96.21994431,0.243560604,1.948153494,0.615618859,0.062192875
96.22458298,0.237824981,1.945969191,0.557931577,0.05818116
96.22922165,0.235159128,1.942409588,0.581367036,0.05448409
96.23386032,0.240006133,1.943703989,0.621027042,0.058102499
96.23849899,0.241702585,1.945564691,0.581367036,0.061563586
96.24313766,0.235643828,1.942247787,0.568747943,0.055428023
96.24777633,0.235886179,1.939820785,0.58947931,0.054798734
96.252415,0.242429636,1.942247787,0.627336589,0.061248942
96.25705367,0.238632815,1.942005087,0.559734305,0.059361076
96.26169234,0.234674427,1.938607284,0.581367036,0.054405429
96.26633101,0.237986548,1.938526384,0.613816132,0.0566866
96.27096968,0.242510419,1.941519687,0.599394311,0.061956892
96.27560835,0.236047746,1.939254484,0.564241124,0.056293294
96.28024702,0.234835994,1.937393782,0.586775218,0.054877395
96.28488569,0.241217884,1.938930884,0.63004068,0.059911704
96.28952436,0.239844566,1.940387085,0.567846579,0.060698315
96.29416303,0.234916778,1.936989282,0.578662944,0.054641412
96.2988017,0.236613229,1.935937581,0.602999766,0.055742667
96.30344037,0.242429636,1.938688184,0.615618859,0.06179957
96.30807904,0.236451663,1.937151082,0.559734305,0.057630533
96.31271771,0.234593644,1.934238679,0.581367036,0.054562751
96.31735638,0.239440649,1.93512858,0.623731133,0.058338482
96.32199505,0.241056318,1.937070182,0.580465672,0.061406264
96.32663372,0.234755211,1.934238679,0.573254762,0.055349362
96.33127239,0.235320695,1.933348778,0.594887492,0.055192039
96.33591106,0.241864152,1.936989282,0.629139316,0.061012959
96.34054973,0.237905764,1.937231982,0.56333976,0.058653127
96.3451884,0.23427051,1.93488588,0.584972491,0.054405429
96.34982707,0.237744197,1.93529038,0.620125678,0.056765261
96.35446574,0.241944935,1.939416284,0.599394311,0.062114214
96.35910441,0.235482262,1.937636483,0.568747943,0.055899989
96.36374308,0.234593644,1.93553308,0.58947931,0.054562751
96.36838175,0.240975534,1.937960083,0.633646135,0.059990365
96.37302042,0.239440649,1.939173584,0.568747943,0.060226348
96.37765909,0.233866593,1.935694881,0.581367036,0.054562751
96.38229776,0.236047746,1.93480498,0.608407949,0.055349362
96.38693643,0.242025719,1.937555582,0.614717496,0.061642248
96.3915751,0.236128529,1.93561398,0.56333976,0.056922583
96.39621377,0.233947377,1.932944278,0.584972491,0.054248106
96.40085244,0.238955949,1.934157779,0.625533861,0.058495805
96.40549111,0.240006133,1.936746582,0.577761581,0.061248942
96.41012978,0.233866593,1.933025178,0.571452034,0.055113378
96.41476845,0.234755211,1.931083576,0.593084765,0.055034717
96.41940712,0.241217884,1.933834179,0.621928406,0.061327603
96.42404579,0.23685558,1.933348778,0.557030214,0.058653127
96.42868446,0.233301109,1.929789174,0.578662944,0.054562751
96.43332313,0.23685558,1.930112775,0.613816132,0.057158566
96.4379618,0.240733184,1.932863378,0.58947931,0.062114214
96.44260047,0.233947377,1.929950974,0.564241124,0.055899989
96.44723914,0.233381893,1.928171173,0.584972491,0.054562751
96.45187781,0.239682999,1.930517275,0.628237952,0.060305009
96.45651648,0.237824981,1.931002676,0.561537032,0.059833043
96.46115515,0.232654842,1.927443072,0.576860217,0.054562751
96.46579382,0.235078345,1.926472271,0.60390113,0.055899989
96.47043249,0.240490834,1.929708274,0.606605222,0.06179957
96.47507116,0.23427051,1.927685772,0.558832941,0.056922583
96.47970983,0.232331708,1.925016069,0.580465672,0.054405429
96.4843485,0.238067331,1.926472271,0.623731133,0.058731788
96.48898717,0.238309681,1.927928472,0.572353398,0.060855637
96.49362584,0.232493275,1.924530669,0.57055067,0.054798734
96.49826451,0.233381893,1.922427266,0.593986129,0.055113378
96.50290318,0.23992535,1.92533967,0.619224315,0.061720909
96.50754185,0.234916778,1.924935169,0.555227486,0.058338482
96.51218052,0.231685441,1.922103666,0.578662944,0.054326768
96.51681919,0.236047746,1.921860966,0.614717496,0.057630533
96.52145786,0.239198299,1.924207068,0.584972491,0.061956892
96.52609653,0.232170141,1.921456465,0.564241124,0.055742667
96.5307352,0.232170141,1.919676664,0.584071127,0.054720073
96.53537387,0.238955949,1.922346366,0.626435225,0.06038367
96.54001254,0.236128529,1.923155367,0.560635669,0.059911704
96.54465121,0.231523874,1.919919364,0.577761581,0.05448409
96.54928988,0.234189727,1.919272163,0.606605222,0.056293294
96.55392855,0.239521433,1.922993567,0.605703858,0.062192875
96.55856722,0.233301109,1.920971065,0.561537032,0.057001244
96.56320589,0.231523874,1.918058662,0.583169763,0.05448409
96.56784456,0.237663414,1.919353063,0.627336589,0.059046432
96.57248323,0.237582631,1.921941866,0.571452034,0.060855637
96.5771219,0.232008575,1.918544062,0.573254762,0.054798734
96.58176057,0.233139542,1.917087861,0.59669022,0.054956056
96.58639924,0.239198299,1.920485664,0.617421587,0.061248942
96.59103791,0.233866593,1.920323864,0.557931577,0.057945177
96.59567658,0.231039174,1.917896862,0.579564308,0.054326768
96.60031525,0.235724612,1.918058662,0.618322951,0.057866516
96.60495392,0.238228898,1.920323864,0.584071127,0.061878231
96.60959259,0.231927791,1.917735061,0.565142488,0.055585345
96.61423126,0.232250925,1.91595526,0.584972491,0.054326768
96.61886993,0.239036732,1.918220462,0.625533861,0.06038367
96.6235086,0.236047746,1.918786763,0.557931577,0.059361076
96.62814727,0.231362307,1.915712559,0.576860217,0.05448409
96.63278594,0.234189727,1.915712559,0.607506585,0.056214633
96.63742461,0.238955949,1.918624962,0.600295675,0.062035553
96.64206328,0.232412492,1.917330561,0.560635669,0.056214633
96.64670195,0.231119957,1.915631659,0.583169763,0.054012123
96.65134062,0.237421064,1.918705862,0.628237952,0.059361076
96.65597929,0.237178713,1.920404764,0.569649307,0.060540992
96.66061796,0.231443091,1.917330561,0.575958853,0.054562751
96.66525663,0.233220326,1.91652156,0.599394311,0.055428023
96.6698953,0.239521433,1.920728365,0.618322951,0.061720909
96.67453397,0.23378581,1.921132865,0.560635669,0.057394549
96.67917264,0.231281524,1.918948563,0.584071127,0.054012123
96.68381131,0.236209312,1.920647465,0.624632497,0.057709194
96.68844998,0.238632815,1.924368868,0.586775218,0.061327603
96.69308865,0.232574059,1.923236267,0.573254762,0.055034717
96.69772732,0.233139542,1.922831767,0.593084765,0.054641412
96.70236599,0.239602216,1.92614867,0.63004068,0.060855637
96.70700466,0.236370879,1.92606777,0.562438396,0.058967771
96.71164333,0.232412492,1.923721668,0.583169763,0.054326768
96.716282,0.235966962,1.924368868,0.616520223,0.056529278
96.72092067,0.240571617,1.928090272,0.604802494,0.061878231
96.72555934,0.234189727,1.926391371,0.566945215,0.056214633
96.73019801,0.233139542,1.925177869,0.588577946,0.054248106
96.73483668,0.239844566,1.928899273,0.633646135,0.059203754
96.73947535,0.238794382,1.930759975,0.571452034,0.060147687
96.74411402,0.23354346,1.928252073,0.580465672,0.054405429
96.74875269,0.235724612,1.928171173,0.605703858,0.055664006
96.75339136,0.242106502,1.932297077,0.618322951,0.06179957
96.75803003,0.236290096,1.931568976,0.56333976,0.057709194
96.7626687,0.233866593,1.928818373,0.585873855,0.054405429
96.76730737,0.239279082,1.930921775,0.625533861,0.057945177
96.77194604,0.241137101,1.933429678,0.583169763,0.061170281
96.77658471,0.235320695,1.930759975,0.572353398,0.055428023
96.78122338,0.235643828,1.929708274,0.593084765,0.055034717
96.78586205,0.24299512,1.933267878,0.628237952,0.061406264
96.79050072,0.239521433,1.934724079,0.561537032,0.059046432
96.79513939,0.235724612,1.932216177,0.583169763,0.054562751
96.79977806,0.239359866,1.933025178,0.616520223,0.056765261
96.80441673,0.24372217,1.936746582,0.597591584,0.062192875
96.8090554,0.23734028,1.933834179,0.566945215,0.056057311
96.81369407,0.236532446,1.932539777,0.587676582,0.054562751
96.81833274,0.242752769,1.936018481,0.632744771,0.059990365
96.82297141,0.241379451,1.938607284,0.569649307,0.060462331
96.82761008,0.235966962,1.936989282,0.582268399,0.054798734
96.83224875,0.238552032,1.937717383,0.608407949,0.055742667
96.83688742,0.244206871,1.942085987,0.617421587,0.062114214
96.84152609,0.238552032,1.942166887,0.565142488,0.057551872
96.84616476,0.236209312,1.941438787,0.587676582,0.054798734
96.85080343,0.241541018,1.94491749,0.630942044,0.05888911
96.8554421,0.242752769,1.948962495,0.584071127,0.061484925
96.86008077,0.236451663,1.946859092,0.578662944,0.055428023
96.86471944,0.237421064,1.946859092,0.601197039,0.055192039
96.86935811,0.243883737,1.951955798,0.632744771,0.061720909
96.87399678,0.239682999,1.9536547,0.566945215,0.059125093
96.87863545,0.236290096,1.951632197,0.58947931,0.054798734
96.88327412,0.23992535,1.9536547,0.623731133,0.057551872
96.88791279,0.243802954,1.958266004,0.602098403,0.06258618
96.89255146,0.237178713,1.956728903,0.574156125,0.056529278
96.89719013,0.236613229,1.956648003,0.59669022,0.055428023
96.9018288,0.243156686,1.961582908,0.639955681,0.060776976
96.90646747,0.241137101,1.965385212,0.575057489,0.060619654
96.91110614,0.236128529,1.965223412,0.58947931,0.055428023
96.91574481,0.238552032,1.967326814,0.616520223,0.056922583
96.92038348,0.244206871,1.973717921,0.620125678,0.062743503
96.92502215,0.238552032,1.975012322,0.572353398,0.057709194
96.92966082,0.236128529,1.975335923,0.594887492,0.055192039
96.93429949,0.242268069,1.980270828,0.638152954,0.059675721
96.93893816,0.242833553,1.985610233,0.587676582,0.061720909
96.94357683,0.23685558,1.984073132,0.584972491,0.055899989
96.9482155,0.237744197,1.984477632,0.606605222,0.055664006
96.95285417,0.243883737,1.989250737,0.633646135,0.062192875
96.95749284,0.239359866,1.989978838,0.568747943,0.059203754
96.96213151,0.235966962,1.989250737,0.590380673,0.0552707
96.96677018,0.240490834,1.99175864,0.626435225,0.058023838
96.97140885,0.243641387,1.996774445,0.598492948,0.062743503
96.97604752,0.236613229,1.996208145,0.575057489,0.056843922
96.98068619,0.236290096,1.996127245,0.59669022,0.0552707
96.98532486,0.242833553,2.00081945,0.639054318,0.06109162
96.98996353,0.23992535,2.004055453,0.571452034,0.060540992
96.9946022,0.235159128,2.003650953,0.587676582,0.055192039
96.99924087,0.237582631,2.004864454,0.616520223,0.057315888
97.00387954,0.243075903,2.01036566,0.617421587,0.062900825
97.00851821,0.236694013,2.011417361,0.571452034,0.057630533
97.01315688,0.234835994,2.01052746,0.594887492,0.055034717
97.01779555,0.240329267,2.014410664,0.639054318,0.059833043
97.02243422,0.240248483,2.018212968,0.584972491,0.061484925
97.02707289,0.234512861,2.017808468,0.586775218,0.055664006
97.03171156,0.235643828,2.01966917,0.61111204,0.05597865
97.03635023,0.242106502,2.025413076,0.634547499,0.062350197
97.0409889,0.237421064,2.027597378,0.571452034,0.058731788
97.04562757,0.234432077,2.027435578,0.593986129,0.054956056
97.05026624,0.238713598,2.030995182,0.631843407,0.058495805
97.05490491,0.241460235,2.037062688,0.599394311,0.062743503
97.05954358,0.235239911,2.037224488,0.580465672,0.056135972
97.06418225,0.234755211,2.038276189,0.600295675,0.055192039
97.06882092,0.241460235,2.043534695,0.641758409,0.061248942
97.07345959,0.238390465,2.046932498,0.574156125,0.060069026
97.07809826,0.23354346,2.047256099,0.593986129,0.055113378
97.08273693,0.236532446,2.050006702,0.625533861,0.056922583
97.0873756,0.241541018,2.056397809,0.620125678,0.062507519
97.09201427,0.234997561,2.05761131,0.579564308,0.057158566
97.09665294,0.233220326,2.059472012,0.602999766,0.055113378
97.10129161,0.238955949,2.06699572,0.648067956,0.059754382
97.10593028,0.238632815,2.074438528,0.591282037,0.061406264
97.11056895,0.233220326,2.07670373,0.59669022,0.055113378
97.11520762,0.234351294,2.080748734,0.620125678,0.056057311
97.11984629,0.240894751,2.086978041,0.638152954,0.062350197
97.12448496,0.235563045,2.087787042,0.578662944,0.058574466
97.12912363,0.232654842,2.08633084,0.601197039,0.055034717
97.1337623,0.237259497,2.088029742,0.639955681,0.058653127
97.13840097,0.239521433,2.090456745,0.602999766,0.062428858
97.14303964,0.233220326,2.087787042,0.587676582,0.056135972
97.14767831,0.233381893,2.08649264,0.608407949,0.055428023
97.15231698,0.240329267,2.091265746,0.645363864,0.061642248
97.15695565,0.237017147,2.094339949,0.577761581,0.059990365
97.16159432,0.232493275,2.09547255,0.597591584,0.055506684
97.16623299,0.235805395,2.101216456,0.630942044,0.057551872
97.17087166,0.240329267,2.112057068,0.62282977,0.062664841
97.17551033,0.23402816,2.118124574,0.586775218,0.057079905
97.180149,0.232897192,2.12386848,0.609309313,0.054877395
97.18478767,0.238955949,2.132605689,0.655278866,0.060226348
97.18942634,0.237824981,2.139563097,0.592183401,0.061327603
97.19406501,0.232493275,2.139967597,0.601197039,0.055428023
97.19870368,0.234189727,2.140776598,0.624632497,0.055821328
97.20334235,0.240006133,2.146439604,0.63725159,0.062192875
97.20798102,0.234674427,2.147976706,0.581367036,0.05818116
97.21261969,0.232089358,2.150322808,0.605703858,0.055192039
97.21725836,0.23709793,2.160192619,0.650772047,0.058653127
97.22189703,0.238875165,2.174673734,0.614717496,0.061956892
97.2265357,0.232654842,2.182682842,0.605703858,0.055899989
97.23117437,0.232977976,2.191420052,0.628237952,0.055585345
97.23581304,0.239844566,2.205739367,0.665193867,0.061484925
97.24045171,0.236128529,2.219006981,0.602098403,0.059439737
97.24509038,0.232331708,2.228229591,0.623731133,0.055034717
97.24972905,0.236290096,2.239636503,0.65618023,0.057473211
97.25436772,0.240490834,2.25573562,0.641758409,0.06258618
97.25900639,0.234351294,2.266414431,0.610210677,0.056843922
97.26364506,0.233220326,2.276769642,0.634547499,0.055034717
97.26828373,0.239117515,2.290360857,0.678714324,0.060540992
97.2729224,0.237663414,2.300149767,0.61111204,0.061012959
97.27756107,0.232493275,2.304518372,0.62282977,0.054956056
97.28219974,0.234432077,2.311799379,0.645363864,0.055821328
97.28683841,0.240733184,2.325147894,0.655278866,0.062271536
97.29147708,0.234755211,2.336716606,0.605703858,0.057630533
97.29611575,0.232816409,2.346262816,0.629139316,0.054798734
97.30075442,0.238228898,2.356618027,0.666996595,0.058653127
97.30539309,0.239602216,2.364627135,0.619224315,0.061406264
97.31003176,0.23378581,2.363737235,0.612013404,0.0552707
97.31467043,0.234351294,2.364384435,0.631843407,0.055192039
97.3193091,0.241056318,2.369642941,0.662489776,0.061406264
97.32394777,0.236774796,2.370937342,0.59669022,0.058967771
97.32858644,0.233139542,2.368024939,0.617421587,0.054720073
97.33322511,0.237017147,2.365517036,0.648969319,0.057079905
97.33786378,0.240571617,2.364869836,0.623731133,0.062114214
97.34250245,0.23378581,2.357265228,0.593986129,0.056135972
97.34714112,0.233058759,2.349417919,0.614717496,0.054641412
97.35177979,0.239279082,2.344078514,0.655278866,0.060305009
97.35641846,0.237744197,2.336393006,0.586775218,0.060147687
97.36105713,0.232816409,2.323691692,0.600295675,0.054720073
97.3656958,0.234593644,2.313579181,0.626435225,0.055899989
97.37033447,0.2406524,2.307349875,0.63004068,0.061956892
97.37497314,0.235320695,2.296023863,0.578662944,0.057237227
97.37961181,0.232493275,2.284778751,0.601197039,0.054405429
97.38425048,0.237744197,2.277578643,0.643561137,0.058810449
97.38888915,0.238390465,2.270944836,0.593084765,0.061484925
97.39352782,0.232816409,2.259457024,0.58947931,0.055113378
97.39816649,0.233462676,2.249506313,0.61111204,0.055349362
97.40280516,0.2401677,2.244328708,0.638152954,0.061878231
97.40744383,0.235966962,2.235672399,0.573254762,0.05888911
97.4120825,0.232977976,2.224022786,0.593986129,0.05448409
97.41672117,0.236774796,2.216013678,0.627336589,0.057630533
97.42135984,0.24041005,2.211078773,0.601197039,0.062192875
97.42599851,0.23402816,2.200723562,0.576860217,0.056135972
97.43063718,0.232816409,2.191581852,0.595788856,0.055113378
97.43527585,0.239521433,2.188345848,0.639054318,0.060855637
97.43991452,0.237178713,2.184381744,0.572353398,0.060305009
97.44455319,0.232412492,2.176372636,0.58947931,0.055192039
97.44919186,0.234674427,2.169577029,0.617421587,0.056371956
97.45383053,0.240329267,2.166179225,0.616520223,0.062271536
97.4584692,0.234351294,2.158170116,0.569649307,0.057315888
97.46310787,0.232574059,2.149999208,0.592183401,0.054641412
97.46774654,0.237905764,2.145711503,0.636350226,0.059046432
97.47238521,0.238552032,2.1427182,0.583169763,0.061170281
97.47702388,0.232816409,2.134951792,0.584071127,0.055349362
97.48166255,0.233866593,2.128965185,0.607506585,0.055428023
97.48630122,0.24041005,2.127185384,0.631843407,0.061642248
97.49093989,0.235563045,2.122978579,0.568747943,0.058338482
97.49557856,0.232331708,2.11472677,0.591282037,0.054798734
97.50021723,0.236451663,2.110681766,0.628237952,0.057945177
97.5048559,0.239198299,2.110762666,0.59669022,0.062035553
97.50949457,0.232735625,2.103886159,0.575958853,0.055899989
97.51413324,0.232735625,2.097495052,0.59669022,0.055113378
97.51877191,0.239521433,2.096281551,0.639054318,0.060934298
97.52341058,0.236613229,2.093450048,0.571452034,0.059911704
97.52804925,0.232170141,2.086654441,0.588577946,0.054641412
97.53268792,0.235159128,2.082285836,0.619224315,0.0566866
97.53732659,0.240248483,2.082528536,0.616520223,0.062428858
97.54196526,0.233705026,2.078483532,0.575958853,0.056765261
97.54660393,0.232493275,2.074438528,0.601197039,0.054641412
97.5512426,0.238228898,2.075004828,0.648969319,0.059282415
97.55588127,0.238067331,2.075004828,0.594887492,0.061248942
97.56051994,0.232574059,2.070312623,0.602098403,0.0552707
97.56515861,0.233866593,2.067966521,0.625533861,0.055742667
97.56979728,0.240733184,2.069665423,0.647166592,0.062114214
97.57443595,0.235482262,2.068128321,0.586775218,0.05818116
97.57907462,0.232816409,2.064406917,0.609309313,0.05448409
97.58371329,0.237421064,2.064487817,0.648067956,0.058023838
97.58835196,0.240006133,2.06715752,0.610210677,0.062114214
97.59299063,0.233866593,2.063355216,0.593084765,0.055742667
97.5976293,0.233301109,2.060604613,0.612013404,0.054798734
97.60226797,0.240490834,2.061818114,0.648969319,0.061012959
97.60690664,0.23734028,2.060685513,0.579564308,0.059518399
97.61154531,0.233058759,2.056155108,0.599394311,0.054877395
97.61618398,0.236290096,2.055265207,0.628237952,0.057079905
97.62082265,0.241056318,2.056964109,0.617421587,0.062350197
97.62546132,0.234674427,2.052838205,0.576860217,0.056450617
97.63009999,0.233301109,2.049116801,0.59669022,0.054798734
97.63473866,0.239763783,2.049925802,0.640857045,0.059911704
97.63937733,0.239117515,2.050330302,0.580465672,0.06109162
97.644016,0.233381893,2.046527998,0.587676582,0.0552707
97.64865467,0.234916778,2.044667296,0.612013404,0.05597865
97.65329334,0.240813967,2.046932498,0.627336589,0.062114214
97.65793201,0.235320695,2.043696495,0.568747943,0.057866516
97.66257068,0.232816409,2.039570591,0.592183401,0.054877395
97.66720935,0.237663414,2.03916609,0.633646135,0.05818116
97.67184802,0.239763783,2.041188592,0.593084765,0.061720909
97.67648669,0.233462676,2.037467188,0.581367036,0.055742667
97.68112536,0.233301109,2.034959286,0.602098403,0.055113378
97.68576403,0.24041005,2.037224488,0.638152954,0.061484925
97.6904027,0.236613229,2.036658188,0.572353398,0.059439737
97.69504137,0.232412492,2.034150285,0.594887492,0.055192039
97.69968004,0.236128529,2.036415487,0.628237952,0.057158566
97.70431871,0.240894751,2.041512193,0.615618859,0.062428858
97.70895738,0.23427051,2.041754893,0.583169763,0.056607939
97.71359605,0.233058759,2.042321194,0.60390113,0.055113378
97.71823472,0.239279082,2.0480651,0.650772047,0.060226348
97.72287339,0.238309681,2.053647206,0.590380673,0.060855637
97.72751206,0.233058759,2.054051706,0.602098403,0.054956056
97.73215073,0.234997561,2.05761131,0.630942044,0.056135972
97.7367894,0.240813967,2.065620418,0.6444625,0.062507519
97.74142807,0.235320695,2.068047421,0.590380673,0.057787855
97.74606674,0.233139542,2.067723821,0.612013404,0.054956056
97.75070541,0.238390465,2.072577826,0.655278866,0.058810449
97.75534408,0.240006133,2.079939734,0.613816132,0.06179957
97.75998275,0.233381893,2.080829634,0.605703858,0.0552707
97.76462142,0.234108943,2.083175737,0.628237952,0.055113378
97.76926009,0.240894751,2.090133144,0.661588412,0.061563586
97.77389876,0.236694013,2.09579615,0.595788856,0.059518399
97.77853743,0.233220326,2.099355754,0.621928406,0.055192039
97.7831761,0.237501847,2.10526146,0.655278866,0.057630533
97.78781477,0.241298668,2.112704268,0.634547499,0.062664841