#Digilent WaveForms Oscilloscope Acquisition,,,,
#Device Name: Discovery3,,,,
#Serial Number: SN:210415BB0163,,,,
#Device Plus: Discovery3,,,,
#Serial Plus: SN:210415BB0594,,,,
#Date Time: 2025-03-28 15:30:07.431.414.280,,,,
#Sample rate: 215.579Hz,,,,
#Samples: 12502,,,,
#Trigger: Source: Channel 1 Type: Edge Condition: Rising Level: 0 V Hyst.: Auto HoldOff: 0 s,,,,
#Channel 1: Range: 500 mV/div Offset: -1.5 V Sample Mode: Average,,,,
#Channel 2: Range: 500 mV/div Offset: -2.25 V Sample Mode: Average,,,,
#Channel 3: Range: 1 V/div Offset: 1 V Sample Mode: Average,,,,
#Channel 4: Range: 200 mV/div Offset: -820 mV Sample Mode: Average,,,,
,,,,
#,,,,
#Time (s),Channel 1 (V),Channel 2 (V),Channel 3 (V),Channel 4 (V)
40.97338461,1.41370843,2.196840357,-0.895066839,0.768176022
40.97802328,0.202522627,1.45417757,0.497540204,0.045988694
40.98266195,0.196383087,1.451184267,0.44886656,0.041033046
40.98730062,0.194767418,1.447624663,0.469597927,0.038673214
40.99193929,0.200260691,1.448110063,0.512863388,0.042999573
40.99657796,0.200826175,1.448433664,0.461485653,0.04575271
41.00121663,0.195171335,1.44463136,0.458781561,0.039538485
41.0058553,0.196059953,1.442527957,0.48221702,0.039538485
41.01049397,0.20260341,1.44471226,0.509257933,0.046303338
41.01513264,0.197675621,1.442770658,0.446162468,0.043235556
41.01977131,0.194282718,1.438482953,0.467795199,0.039459824
41.02440998,0.198645022,1.437593052,0.50384975,0.042606267
41.02904865,0.201714792,1.439049254,0.477710201,0.047483254
41.03368732,0.195656036,1.43597505,0.454274742,0.041269029
41.03832599,0.195090552,1.433952548,0.473203382,0.040167774
41.04296466,0.201553226,1.436055951,0.516468843,0.045831371
41.04760333,0.198564239,1.43589415,0.449767924,0.045674049
41.052242,0.19363645,1.431444646,0.465992472,0.040403757
41.05688067,0.196625437,1.431201945,0.494836113,0.041819657
41.06151934,0.201714792,1.433467148,0.494836113,0.047404593
41.06615801,0.195332902,1.431201945,0.44886656,0.041976979
41.07079668,0.193474884,1.428289542,0.470499291,0.039695808
41.07543535,0.19953364,1.429260343,0.513764752,0.044336811
41.08007402,0.199452857,1.430069344,0.459682925,0.046224677
41.08471269,0.193959584,1.42650974,0.458781561,0.040167774
41.08935136,0.195494469,1.424729939,0.481315656,0.040325096
41.09399003,0.201310875,1.42650974,0.504751114,0.046853965
41.0986287,0.196383087,1.425215339,0.442557013,0.043235556
41.10326737,0.193313317,1.422222036,0.464189744,0.039538485
41.10790604,0.197837188,1.422302936,0.501145659,0.042606267
41.11254471,0.200583825,1.424649038,0.471400654,0.046696643
41.11718338,0.194201934,1.421898436,0.451570651,0.040639741
41.12182205,0.194282718,1.419471433,0.471400654,0.039538485
41.12646072,0.200987742,1.422788337,0.513764752,0.045359405
41.13109939,0.197675621,1.424082738,0.446162468,0.044022167
41.13573806,0.19315175,1.420280434,0.46328838,0.039223841
41.14037673,0.19597917,1.419633233,0.492132021,0.041426351
41.1450154,0.200664608,1.422869237,0.48942793,0.046932627
41.14965407,0.194444285,1.420037734,0.445261105,0.041583673
41.15429274,0.192990183,1.417610731,0.465992472,0.039302502
41.15893141,0.198645022,1.419390533,0.511060661,0.044179489
41.16357008,0.198564239,1.420846734,0.453373379,0.045674049
41.16820875,0.192586266,1.41655903,0.456978834,0.039538485
41.17284742,0.194201934,1.414536528,0.479512928,0.040010452
41.17748609,0.200341474,1.417287131,0.500244295,0.04646066
41.18212476,0.194928985,1.415507329,0.439852922,0.042448945
41.18676343,0.192182349,1.412109525,0.462387016,0.03914518
41.1914021,0.197594838,1.412675826,0.499342932,0.042606267
41.19604077,0.199695207,1.415102828,0.465992472,0.046303338
41.20067944,0.192990183,1.411785925,0.44886656,0.039774469
41.20531811,0.193555667,1.410976924,0.469597927,0.039381163
41.20995678,0.199937557,1.413323026,0.510159297,0.045202083
41.21459545,0.196383087,1.413889327,0.443458377,0.044022167
41.21923412,0.192343916,1.410976924,0.46328838,0.039223841
41.22387279,0.195817603,1.411462324,0.493033385,0.041111707
41.22851146,0.200018341,1.414860128,0.486723839,0.046696643
41.23315013,0.193717234,1.413565727,0.446162468,0.040718402
41.2377888,0.192101566,1.412028625,0.469597927,0.038909197
41.24242747,0.198968156,1.415507329,0.513764752,0.043864845
41.24706614,0.198241105,1.417448931,0.456978834,0.045123422
41.25170481,0.193070967,1.41663993,0.464189744,0.039223841
41.25634348,0.195252119,1.418015231,0.48942793,0.03985313
41.26098215,0.201391659,1.424487238,0.508356569,0.046224677
41.26562082,0.196625437,1.42602434,0.451570651,0.042291623
41.27025949,0.194686635,1.42594344,0.475006109,0.038909197
41.27489816,0.200664608,1.430392945,0.51556748,0.042527606
41.27953683,0.203088111,1.436945852,0.477710201,0.045988694
41.2841755,0.197594838,1.438644753,0.465091108,0.039538485
41.28881417,0.198321889,1.439615554,0.485822475,0.038909197
41.29345284,0.205269263,1.44479316,0.521877026,0.045123422
41.29809151,0.202199493,1.448110063,0.455176106,0.043628861
41.30273018,0.198321889,1.447139262,0.474104746,0.038830536
41.30736885,0.20211871,1.448514564,0.505652478,0.040954385
41.31200752,0.20615788,1.452559568,0.492132021,0.046067355
41.31664619,0.199452857,1.450617966,0.455176106,0.040718402
41.32128486,0.198402672,1.448676364,0.475006109,0.038830536
41.32592353,0.204299862,1.449970765,0.519172935,0.044022167
41.3305622,0.20284576,1.449728065,0.45607747,0.044808778
41.33520087,0.197594838,1.446168461,0.464189744,0.03914518
41.33983954,0.200018341,1.44487406,0.487625202,0.039931791
41.34447821,0.205511613,1.446087561,0.500244295,0.046146016
41.34911688,0.199372073,1.443822359,0.444359741,0.041662335
41.35375555,0.197271704,1.439534654,0.466893835,0.03843723
41.35839422,0.202280276,1.439291954,0.506553842,0.042448945
41.36303289,0.203572811,1.440343655,0.464189744,0.046067355
41.36767156,0.196948571,1.436379551,0.454274742,0.039538485
41.37231023,0.197756405,1.434680649,0.475006109,0.039223841
41.3769489,0.204138295,1.436945852,0.510159297,0.045280744
41.38158757,0.199937557,1.436298651,0.442557013,0.043156895
41.38622624,0.196544654,1.432577247,0.464189744,0.038830536
41.39086491,0.19977599,1.432658147,0.498441568,0.040797063
41.39550358,0.204057512,1.43589415,0.48221702,0.046224677
41.40014225,0.197029354,1.433224448,0.449767924,0.040246435
41.40478092,0.19622152,1.431444646,0.470499291,0.038830536
41.40941959,0.20260341,1.432900847,0.514666116,0.043943506
41.41405826,0.200422258,1.433628948,0.451570651,0.044494133
41.41869693,0.195171335,1.430716545,0.46328838,0.038909197
41.4233356,0.197271704,1.430473845,0.488526566,0.03985313
41.42797427,0.203411244,1.434518849,0.499342932,0.045910033
41.43261294,0.196787004,1.433305348,0.446162468,0.041505012
41.43725161,0.195009769,1.431282846,0.470499291,0.038515892
41.44189028,0.200260691,1.433709848,0.513764752,0.042448945
41.44652895,0.201472442,1.437754852,0.472302018,0.045595388
41.45116762,0.195332902,1.436784051,0.465992472,0.039538485
41.45580629,0.195817603,1.43589415,0.485822475,0.03914518
41.46044496,0.20211871,1.439615554,0.516468843,0.045674049
41.46508363,0.197433271,1.439858255,0.44886656,0.042999573
41.4697223,0.194121151,1.438159353,0.471400654,0.038909197
41.47436097,0.198160322,1.440100955,0.508356569,0.041111707
41.47899964,0.201714792,1.44455046,0.488526566,0.046224677
41.48363831,0.195171335,1.443417858,0.458781561,0.040325096
41.48827698,0.194525068,1.441152656,0.477710201,0.038751875
41.49291565,0.201149308,1.443417858,0.520074299,0.044100828
41.49755432,0.198887373,1.443256058,0.453373379,0.044179489
41.50219299,0.193798017,1.440020055,0.465091108,0.038673214
41.50683166,0.196544654,1.438482953,0.492132021,0.039931791
41.51147033,0.201795576,1.441799857,0.498441568,0.04575271
41.516109,0.195494469,1.440829056,0.447965196,0.041111707
41.52074767,0.193878801,1.438644753,0.470499291,0.038515892
41.52538634,0.19953364,1.440748156,0.511962024,0.042448945
41.53002501,0.200260691,1.442770658,0.46328838,0.045595388
41.53466368,0.194686635,1.439939155,0.457880198,0.039223841
41.53930235,0.195413686,1.439211054,0.479512928,0.039066519
41.54394102,0.201795576,1.442204357,0.508356569,0.045438066
41.54857969,0.197110138,1.441718957,0.445261105,0.042527606
41.55321836,0.193798017,1.440020055,0.467795199,0.038279908
41.55785703,0.198241105,1.441961657,0.502948387,0.041190368
41.5624957,0.201634009,1.44455046,0.478611565,0.045988694
41.56713437,0.194525068,1.441314456,0.452472015,0.040010452
41.57177304,0.194767418,1.438887454,0.471400654,0.038909197
41.57641171,0.201230092,1.440262755,0.514666116,0.044179489
41.58105038,0.198887373,1.440100955,0.447063832,0.044100828
41.58568905,0.194201934,1.436703151,0.461485653,0.038673214
41.59032772,0.19670622,1.43540875,0.490329294,0.040010452
41.59496639,0.201876359,1.437997553,0.493033385,0.045988694
41.59960506,0.195898386,1.436055951,0.444359741,0.041190368
41.60424373,0.194201934,1.433305348,0.468696563,0.038201247
41.6088824,0.199856774,1.434923349,0.511962024,0.042684928
41.61352107,0.200099124,1.43589415,0.460584289,0.045202083
41.61815974,0.194363501,1.432253647,0.458781561,0.039066519
41.62279841,0.195171335,1.429988444,0.480414292,0.039223841
41.62743708,0.201714792,1.432739047,0.507455206,0.045674049
41.63207575,0.196948571,1.431606446,0.444359741,0.042291623
41.63671442,0.193959584,1.428451343,0.465992472,0.038673214
41.64135309,0.198321889,1.428936743,0.50384975,0.041269029
41.64599176,0.201391659,1.432172746,0.475907473,0.045831371
41.65063043,0.194767418,1.429907544,0.453373379,0.039774469
41.6552691,0.194686635,1.428127742,0.474104746,0.038594553
41.65990777,0.201714792,1.431201945,0.516468843,0.04425815
41.66454644,0.19904894,1.431606446,0.449767924,0.043707522
41.66918511,0.194767418,1.429745744,0.466893835,0.038594553
41.67382378,0.197675621,1.429179443,0.495737476,0.040325096
41.67846245,0.202926544,1.432658147,0.494836113,0.04646066
41.68310112,0.196140736,1.431040145,0.44886656,0.041111707
41.68773979,0.194363501,1.427723242,0.470499291,0.038594553
41.69237846,0.200664608,1.428370442,0.513764752,0.043156895
41.69701713,0.200583825,1.428694043,0.457880198,0.044887439
41.7016558,0.195009769,1.42586254,0.459682925,0.039302502
41.70629447,0.196625437,1.425053539,0.483118383,0.039223841
41.71093314,0.20284576,1.427561442,0.507455206,0.045516727
41.71557181,0.197271704,1.426590641,0.446162468,0.042291623
41.72021048,0.194605852,1.423435537,0.468696563,0.03843723
41.72484915,0.19953364,1.423840038,0.504751114,0.041898318
41.72948782,0.201634009,1.42570074,0.474104746,0.045910033
41.73412649,0.195413686,1.422626536,0.454274742,0.039774469
41.73876516,0.195494469,1.420199534,0.474104746,0.038830536
41.74340383,0.20211871,1.422383836,0.51556748,0.044887439
41.7480425,0.198887373,1.422464736,0.447965196,0.043628861
41.75268117,0.194848202,1.419390533,0.464189744,0.038830536
41.75731984,0.198241105,1.418986032,0.494836113,0.040954385
41.76195851,0.202926544,1.421089435,0.488526566,0.04646066
41.76659718,0.196302303,1.419147833,0.446162468,0.040954385
41.77123585,0.194525068,1.416073629,0.467795199,0.039066519
41.77587452,0.200583825,1.417691631,0.511962024,0.043707522
41.78051319,0.199695207,1.418338832,0.454274742,0.045202083
41.78515186,0.194121151,1.414860128,0.457880198,0.03914518
41.78979053,0.195736819,1.413970227,0.48221702,0.039459824
41.7944292,0.201795576,1.41680173,0.501145659,0.04575271
41.79906787,0.196302303,1.415345529,0.442557013,0.041898318
41.80370654,0.193959584,1.412756726,0.465091108,0.038594553
41.80834521,0.198725806,1.413080326,0.50384975,0.041976979
41.81298388,0.200503041,1.415021928,0.467795199,0.045910033
41.81762255,0.194201934,1.412594926,0.451570651,0.039695808
41.82226122,0.194282718,1.410491523,0.471400654,0.039066519
41.82689989,0.200826175,1.413242126,0.511060661,0.045123422
41.83153856,0.197271704,1.414212927,0.443458377,0.043392878
41.83617723,0.19363645,1.411057824,0.46328838,0.038830536
41.8408159,0.197110138,1.411219624,0.494836113,0.040561079
41.84545457,0.201472442,1.413970227,0.485822475,0.046224677
41.85009324,0.195171335,1.411866825,0.447063832,0.040954385
41.85473191,0.194121151,1.410248823,0.467795199,0.039066519
41.85937058,0.200018341,1.412109525,0.511962024,0.043471539
41.86400925,0.199210506,1.413727527,0.452472015,0.044651455
41.86864792,0.193959584,1.410248823,0.459682925,0.038751875
41.87328659,0.196544654,1.408711722,0.484019747,0.039695808
41.87792526,0.202926544,1.411705025,0.500244295,0.045910033
41.88256393,0.197433271,1.409925223,0.443458377,0.041976979
41.8872026,0.195171335,1.406446519,0.465992472,0.038594553
41.89184127,0.200179907,1.40749822,0.504751114,0.042370284
41.89647994,0.201876359,1.409763423,0.465992472,0.045516727
41.90111861,0.195898386,1.40685102,0.453373379,0.039223841
41.90575728,0.196302303,1.405799318,0.473203382,0.038987858
41.91039595,0.203007327,1.409358922,0.510159297,0.045044761
41.91503462,0.198806589,1.408873522,0.443458377,0.043078234
41.91967329,0.195252119,1.405718418,0.46328838,0.038594553
41.92431196,0.198483456,1.406203819,0.495737476,0.040954385
41.92895063,0.203249677,1.408307221,0.48221702,0.046067355
41.9335893,0.196867787,1.406203819,0.446162468,0.040561079
41.93822797,0.195817603,1.404504917,0.466893835,0.038751875
41.94286664,0.201957143,1.40693192,0.511962024,0.0435502
41.94750531,0.200179907,1.407902721,0.450669287,0.044572794
41.95214398,0.194767418,1.404747617,0.459682925,0.038673214
41.95678265,0.197352488,1.404585817,0.485822475,0.039617147
41.96142132,0.203007327,1.408307221,0.498441568,0.045831371
41.96605999,0.197110138,1.40677012,0.443458377,0.041740996
41.97069866,0.195252119,1.404909418,0.465992472,0.038515892
41.97533733,0.200503041,1.406365619,0.506553842,0.042291623
41.979976,0.201714792,1.409197122,0.465091108,0.045516727
41.98461467,0.195171335,1.406365619,0.454274742,0.039381163
41.98925334,0.19597917,1.404666717,0.475006109,0.039066519
41.99389201,0.202522627,1.407821821,0.508356569,0.045359405
41.99853068,0.198321889,1.40693192,0.442557013,0.043078234
42.00316935,0.194121151,1.404262217,0.46328838,0.038594553
42.00780802,0.198160322,1.404666717,0.495737476,0.041111707
42.01244669,0.201714792,1.40749822,0.478611565,0.046146016
42.01708536,0.195171335,1.405313918,0.447965196,0.040482418
42.02172403,0.194121151,1.403857716,0.468696563,0.038515892
42.0263627,0.200745391,1.40741732,0.512863388,0.043786184
42.03100137,0.198564239,1.408307221,0.449767924,0.044415472
42.03564004,0.193474884,1.405071218,0.461485653,0.038830536
42.04027871,0.195898386,1.404990318,0.487625202,0.039538485
42.04491738,0.201391659,1.409035322,0.497540204,0.045831371
42.04955605,0.194848202,1.40725552,0.445261105,0.041111707
42.05419472,0.19315175,1.404909418,0.466893835,0.038201247
42.05883339,0.198402672,1.406284719,0.508356569,0.042134301
42.06347206,0.19929129,1.408711722,0.462387016,0.045044761
42.06811073,0.1933941,1.405475718,0.454274742,0.03914518
42.0727494,0.194201934,1.404019517,0.475006109,0.038751875
42.07738807,0.200503041,1.406122919,0.506553842,0.045202083
42.08202674,0.196140736,1.406284719,0.442557013,0.042527606
42.08666541,0.192263132,1.404100417,0.46328838,0.03843723
42.09130408,0.196383087,1.405313918,0.498441568,0.040718402
42.09594275,0.200341474,1.408954422,0.477710201,0.045595388
42.10058142,0.19363645,1.406527419,0.449767924,0.039695808
42.10522009,0.193232533,1.404828517,0.471400654,0.038279908
42.10985876,0.200099124,1.407902721,0.517370207,0.044022167
42.11449743,0.197271704,1.408307221,0.453373379,0.043943506
42.1191361,0.192828616,1.405799318,0.465992472,0.038673214
42.12377477,0.195171335,1.404828517,0.492132021,0.03985313
42.12841344,0.200987742,1.408226321,0.495737476,0.045910033
42.13305211,0.194282718,1.405799318,0.446162468,0.040718402
42.13769078,0.192828616,1.404909418,0.473203382,0.038122586
42.14232945,0.198645022,1.409116222,0.526383845,0.04205564
42.14696812,0.19929129,1.414860128,0.483118383,0.0449661
42.15160679,0.193313317,1.413970227,0.477710201,0.038987858
42.15624546,0.193959584,1.413970227,0.494836113,0.038830536
42.16088413,0.201149308,1.41704443,0.519172935,0.045044761
42.1655228,0.19597917,1.416073629,0.449767924,0.042134301
42.17016147,0.192747833,1.412514026,0.468696563,0.037886603
42.17480014,0.197190921,1.412433126,0.502047023,0.040954385
42.17943881,0.200260691,1.414536528,0.475006109,0.045674049
42.18407748,0.193555667,1.411138724,0.447965196,0.039538485
42.18871615,0.1929094,1.408226321,0.467795199,0.03843723
42.19335482,0.200018341,1.410572424,0.510159297,0.044179489
42.19799349,0.197433271,1.409763423,0.444359741,0.043471539
42.20263216,0.192424699,1.406203819,0.459682925,0.038515892
42.20727083,0.195090552,1.406284719,0.487625202,0.03985313
42.2119095,0.200422258,1.408873522,0.48942793,0.045988694
42.21654817,0.194121151,1.406689219,0.441655649,0.040954385
42.22118684,0.192263132,1.404100417,0.464189744,0.038201247
42.22582551,0.197756405,1.404747617,0.507455206,0.042684928
42.23046418,0.198160322,1.405961119,0.455176106,0.044808778
42.23510285,0.192020782,1.401916114,0.454274742,0.038594553
42.23974152,0.193555667,1.401026213,0.476808837,0.039066519
42.24438019,0.200018341,1.403372316,0.502047023,0.045280744
42.24901886,0.194848202,1.402077915,0.439852922,0.042212962
42.25365753,0.192020782,1.399408212,0.46328838,0.038358569
42.2582962,0.196383087,1.399893612,0.500244295,0.04134769
42.26293487,0.199210506,1.402239715,0.469597927,0.045910033
42.26757354,0.192586266,1.399893612,0.447965196,0.039931791
42.27221221,0.192586266,1.39779021,0.468696563,0.03843723
42.27685088,0.199452857,1.400459913,0.511962024,0.044415472
42.28148955,0.196383087,1.401268914,0.444359741,0.043628861
42.28612822,0.192020782,1.39762841,0.460584289,0.038751875
42.29076689,0.194928985,1.39770931,0.48942793,0.040325096
42.29540556,0.200341474,1.401268914,0.488526566,0.046067355
42.30004423,0.1933941,1.399327312,0.444359741,0.040639741
42.3046829,0.192101566,1.39762841,0.465992472,0.038279908
42.30932157,0.198160322,1.399731812,0.508356569,0.043235556
42.31396024,0.197433271,1.401511614,0.455176106,0.044808778
42.31859891,0.191697648,1.399246412,0.456978834,0.038909197
42.32323758,0.1933941,1.39803291,0.479512928,0.039223841
42.32787625,0.200018341,1.400945313,0.502047023,0.045438066
42.33251492,0.194525068,1.400055412,0.440754286,0.041740996
42.33715359,0.191455298,1.397143009,0.46328838,0.038358569
42.34179226,0.196544654,1.398599211,0.500244295,0.041898318
42.34643093,0.198645022,1.401268914,0.467795199,0.045831371
42.3510696,0.192343916,1.398518311,0.449767924,0.03985313
42.35570827,0.192505483,1.396738509,0.468696563,0.038830536
42.36034694,0.198887373,1.399246412,0.509257933,0.044651455
42.36498561,0.195817603,1.399893612,0.442557013,0.0435502
42.36962428,0.192101566,1.39770931,0.462387016,0.038515892
42.37426295,0.195332902,1.399003711,0.493934749,0.040246435
42.37890162,0.200099124,1.403695916,0.48942793,0.046224677
42.38354029,0.193959584,1.402967815,0.44886656,0.040403757
42.38817896,0.192182349,1.401592514,0.469597927,0.038515892
42.39281763,0.198725806,1.404019517,0.512863388,0.043392878
42.3974563,0.197917972,1.406527419,0.455176106,0.044730116
42.40209497,0.192505483,1.404019517,0.461485653,0.038673214
42.40673364,0.194121151,1.404424017,0.484921111,0.039381163
42.41137231,0.200503041,1.409116222,0.504751114,0.045831371
42.41601098,0.194686635,1.409197122,0.446162468,0.041976979
42.42064965,0.192505483,1.40757912,0.469597927,0.038515892
42.42528832,0.197594838,1.409278022,0.508356569,0.042134301
42.42992699,0.199452857,1.413242126,0.471400654,0.045674049
42.43456566,0.1933941,1.410815124,0.45607747,0.039695808
42.43920433,0.193878801,1.409601623,0.476808837,0.03914518
42.443843,0.200664608,1.413646627,0.51556748,0.045044761
42.44848167,0.19670622,1.414455628,0.44886656,0.043471539
42.45312034,0.1929094,1.412352225,0.468696563,0.038673214
42.45775901,0.196140736,1.413323026,0.500244295,0.040718402
42.46239768,0.200583825,1.41688263,0.48942793,0.046224677
42.46703635,0.194121151,1.415911829,0.451570651,0.040639741
42.47167502,0.1933941,1.415669129,0.475006109,0.038673214
42.47631369,0.19977599,1.419309633,0.520074299,0.043786184
42.48095236,0.199210506,1.423678237,0.460584289,0.0449661
42.48559103,0.193878801,1.423840038,0.469597927,0.038751875
42.4902297,0.195898386,1.426590641,0.495737476,0.039459824
42.49486837,0.201714792,1.435004249,0.513764752,0.04575271
42.49950704,0.196302303,1.438806553,0.458781561,0.041740996
42.50414571,0.193717234,1.439615554,0.480414292,0.038594553
42.50878438,0.199129723,1.443094258,0.519172935,0.042134301
42.51342305,0.200664608,1.448919064,0.480414292,0.045438066
42.51806172,0.194121151,1.451669667,0.475006109,0.039381163
42.52270039,0.194605852,1.458707975,0.502047023,0.039066519
42.52733906,0.201634009,1.469224986,0.538101574,0.045516727
42.53197773,0.197675621,1.475616093,0.468696563,0.043235556
42.5366164,0.194121151,1.476425093,0.484921111,0.038673214
42.54125507,0.197271704,1.476910494,0.514666116,0.040718402
42.54589374,0.201068525,1.479499297,0.495737476,0.045831371
42.55053241,0.194444285,1.476020593,0.456978834,0.040325096
42.55517108,0.193798017,1.472460989,0.475006109,0.038515892
42.55980975,0.200583825,1.47310819,0.517370207,0.043786184
42.56444842,0.19929129,1.471894689,0.454274742,0.044336811
42.56908709,0.193798017,1.466474383,0.462387016,0.038515892
42.57372576,0.195817603,1.46364288,0.488526566,0.039695808
42.57836443,0.202199493,1.465665382,0.502047023,0.045831371
42.5830031,0.19622152,1.462429379,0.447965196,0.041190368
42.58764177,0.193717234,1.457818074,0.469597927,0.03843723
42.59228044,0.199129723,1.457575373,0.511060661,0.04205564
42.59691911,0.200341474,1.458303474,0.466893835,0.045674049
42.60155778,0.193959584,1.453449469,0.456978834,0.039381163
42.60619645,0.194282718,1.449970765,0.476808837,0.038987858
42.61083512,0.201068525,1.450941566,0.510159297,0.045202083
42.61547379,0.196948571,1.448999964,0.443458377,0.042920912
42.62011246,0.1933941,1.444145959,0.46328838,0.038279908
42.62475113,0.197190921,1.442770658,0.49663884,0.040875724
42.6293898,0.200987742,1.443822359,0.477710201,0.045831371
42.63402847,0.194525068,1.439696454,0.446162468,0.040246435
42.63866714,0.193474884,1.436379551,0.465992472,0.038515892
42.64330581,0.199937557,1.437754852,0.511060661,0.043864845
42.64794448,0.198321889,1.437269452,0.447063832,0.043943506
42.65258315,0.193070967,1.431930046,0.458781561,0.038515892
42.65722182,0.195494469,1.430231144,0.485822475,0.039617147
42.66186049,0.200826175,1.432577247,0.493934749,0.045831371
42.66649916,0.195009769,1.429907544,0.442557013,0.041111707
42.67113783,0.1929094,1.426590641,0.465992472,0.03843723
42.6757765,0.198483456,1.426914241,0.508356569,0.042527606
42.68041517,0.19904894,1.428127742,0.461485653,0.045359405
42.68505384,0.192990183,1.424568138,0.45607747,0.039066519
42.68969251,0.194121151,1.421979336,0.477710201,0.039066519
42.69433118,0.201068525,1.425377139,0.508356569,0.045123422
42.69896985,0.196383087,1.424810839,0.443458377,0.042606267
42.70360852,0.1929094,1.421089435,0.465992472,0.038279908
42.70824719,0.196867787,1.421817535,0.501145659,0.040875724
42.71288586,0.200422258,1.425296239,0.478611565,0.045831371
42.71752453,0.193878801,1.422464736,0.451570651,0.039695808
42.7221632,0.19363645,1.420765834,0.471400654,0.038358569
42.72680187,0.200260691,1.424325438,0.516468843,0.043943506
42.73144054,0.197352488,1.42594344,0.451570651,0.043786184
42.73607921,0.193070967,1.423516437,0.465992472,0.038201247
42.74071788,0.196059953,1.423840038,0.493934749,0.03985313
42.74535655,0.201149308,1.428855843,0.499342932,0.046146016
42.74999522,0.194928985,1.427804142,0.451570651,0.040954385
42.75463389,0.19315175,1.426833341,0.474104746,0.038279908
42.75927256,0.19904894,1.430392945,0.518271571,0.042684928
42.76391123,0.19904894,1.433548048,0.467795199,0.045044761
42.7685499,0.193070967,1.431363746,0.465091108,0.039066519
42.77318857,0.194201934,1.430231144,0.484921111,0.038909197
42.77782724,0.200826175,1.433628948,0.511962024,0.045674049
42.78246591,0.195575253,1.432739047,0.447965196,0.042842251
42.78710458,0.192343916,1.430231144,0.468696563,0.038358569
42.79174325,0.19670622,1.430554745,0.504751114,0.041505012
42.79638192,0.199695207,1.432415447,0.477710201,0.046224677
42.80102059,0.193717234,1.429260343,0.452472015,0.040010452
42.80565926,0.192747833,1.427156941,0.472302018,0.038594553
42.81029793,0.19953364,1.429583944,0.51556748,0.044572794
42.8149366,0.197110138,1.429583944,0.447063832,0.044100828
42.81957527,0.192424699,1.42610524,0.462387016,0.039066519
42.82421394,0.195332902,1.425215339,0.491230657,0.040246435
42.82885261,0.200179907,1.428208642,0.492132021,0.045910033
42.83349128,0.194121151,1.42618614,0.445261105,0.041190368
42.83812995,0.192667049,1.423435537,0.466893835,0.038673214
42.84276862,0.198483456,1.424810839,0.511060661,0.042999573
42.84740729,0.198483456,1.42594344,0.458781561,0.045359405
42.85204596,0.192747833,1.422464736,0.458781561,0.039066519
42.85668463,0.194201934,1.420927635,0.481315656,0.039302502
42.8613233,0.200422258,1.423597337,0.504751114,0.045910033
42.86596197,0.195575253,1.423516437,0.443458377,0.042527606
42.87060064,0.192343916,1.420118634,0.465992472,0.038594553
42.87523931,0.196948571,1.420523134,0.502948387,0.041662335
42.87987798,0.199372073,1.423031037,0.472302018,0.045910033
42.88451665,0.192828616,1.419552333,0.450669287,0.039695808
42.88915532,0.192667049,1.41639723,0.471400654,0.038830536
42.89379399,0.199452857,1.418824232,0.512863388,0.044730116
42.89843266,0.196544654,1.418905132,0.444359741,0.043943506
42.90307133,0.192020782,1.415588229,0.461485653,0.039066519
42.90771,0.195252119,1.415021928,0.490329294,0.040875724
42.91234867,0.200260691,1.418338832,0.487625202,0.046381999
42.91698734,0.193717234,1.415830929,0.444359741,0.040954385
42.92162601,0.192343916,1.413484827,0.467795199,0.038594553
42.92626468,0.198160322,1.415426429,0.511962024,0.043471539
42.93090335,0.197837188,1.41672083,0.456978834,0.044887439
42.93554202,0.192101566,1.414293827,0.459682925,0.03914518
42.94018069,0.194040368,1.413565727,0.483118383,0.039695808
42.94481936,0.200583825,1.41680173,0.504751114,0.04575271
42.94945803,0.194848202,1.41631633,0.445261105,0.042134301
42.9540967,0.192424699,1.413161226,0.467795199,0.038515892
42.95873537,0.197837188,1.414860128,0.507455206,0.04205564
42.96337404,0.200099124,1.418177032,0.475006109,0.045910033
42.96801271,0.193555667,1.41655903,0.458781561,0.03985313
42.97265138,0.193798017,1.415426429,0.478611565,0.038987858
42.97729005,0.200503041,1.418419732,0.519172935,0.044651455
42.98192872,0.196948571,1.419875933,0.451570651,0.043628861
42.98656739,0.192990183,1.418338832,0.471400654,0.03843723
42.99120606,0.196544654,1.418824232,0.500244295,0.040561079
42.99584473,0.200745391,1.422788337,0.493033385,0.046224677
43.0004834,0.194525068,1.421817535,0.452472015,0.040561079
43.00512207,0.19315175,1.420361334,0.474104746,0.038515892
43.00976074,0.199614424,1.424972639,0.520975662,0.043392878
43.01439941,0.198887373,1.429826644,0.465091108,0.044808778
43.01903808,0.193313317,1.430959245,0.474104746,0.038909197
43.02367675,0.195494469,1.432819947,0.497540204,0.039695808
43.02831542,0.201957143,1.438725653,0.513764752,0.045988694
43.03295409,0.19622152,1.439049254,0.454274742,0.041976979
43.03759276,0.19315175,1.436864951,0.475907473,0.038358569
43.04223143,0.19904894,1.439858255,0.51556748,0.041819657
43.0468701,0.200745391,1.446249361,0.484921111,0.045831371
43.05150877,0.194767418,1.450213466,0.480414292,0.03985313
43.05614744,0.196059953,1.459840576,0.511060661,0.039223841
43.06078611,0.203653594,1.474078991,0.553424758,0.045280744
43.06542478,0.199856774,1.481279099,0.483118383,0.043628861
43.07006345,0.196383087,1.482007199,0.49663884,0.038987858
43.07470212,0.199937557,1.483544301,0.521877026,0.041426351
43.07934079,0.204299862,1.486375804,0.504751114,0.046696643
43.08397946,0.197514055,1.483382501,0.46328838,0.041033046
43.08861813,0.19670622,1.480712798,0.481315656,0.038830536
43.0932568,0.202684193,1.481764499,0.52277839,0.044179489
43.09789547,0.201472442,1.481359999,0.459682925,0.044887439
43.10253414,0.195656036,1.477234094,0.467795199,0.039302502
43.10717281,0.197675621,1.475130692,0.492132021,0.040010452
43.11181148,0.203492028,1.477314994,0.504751114,0.046224677
43.11645015,0.197917972,1.474968892,0.44886656,0.041976979
43.12108882,0.195332902,1.471409288,0.471400654,0.038909197
43.12572749,0.200179907,1.47310819,0.512863388,0.042606267
43.13036616,0.201795576,1.476991394,0.473203382,0.046146016
43.13500483,0.195413686,1.475454292,0.464189744,0.039774469
43.1396435,0.195817603,1.475292492,0.484921111,0.039538485
43.14428217,0.202522627,1.479256596,0.521877026,0.045438066
43.14892084,0.198806589,1.480631898,0.455176106,0.043471539
43.15355951,0.194928985,1.480065597,0.476808837,0.038830536
43.15819818,0.198645022,1.4825735,0.511060661,0.041426351
43.16283685,0.203007327,1.487670205,0.494836113,0.046696643
43.16747552,0.196140736,1.487751105,0.462387016,0.040954385
43.17211419,0.195171335,1.488236506,0.484019747,0.039617147
43.17675286,0.201714792,1.493656812,0.528186573,0.044808778
43.18139153,0.199937557,1.497863616,0.465992472,0.045359405
43.1860302,0.195090552,1.498510817,0.476808837,0.039931791
43.19066887,0.197271704,1.500209719,0.502948387,0.041111707
43.19530754,0.202764977,1.505387324,0.514666116,0.047797898
43.19994621,0.196948571,1.506277225,0.459682925,0.044022167
43.20458488,0.194686635,1.504416523,0.48221702,0.041426351
43.20922355,0.200422258,1.505953625,0.521877026,0.045438066
43.21386222,0.201230092,1.507976127,0.476808837,0.048348526
43.21850089,0.194848202,1.504254723,0.468696563,0.042291623
43.22313956,0.195656036,1.502798521,0.488526566,0.042134301
43.22777823,0.202280276,1.505387324,0.520975662,0.048191204
43.2324169,0.197837188,1.504012023,0.454274742,0.045595388
43.23705557,0.194444285,1.50126142,0.476808837,0.041190368
43.24169424,0.198645022,1.502070421,0.511962024,0.043864845
43.24633291,0.202199493,1.506115425,0.493033385,0.049135137
43.25097158,0.195413686,1.504821024,0.464189744,0.04276359
43.25561025,0.195090552,1.504740123,0.484019747,0.041269029
43.26024892,0.201553226,1.508380627,0.5299893,0.046539321
43.26488759,0.199614424,1.509513228,0.465992472,0.047011288
43.26952626,0.194928985,1.505953625,0.477710201,0.040875724
43.27416493,0.197029354,1.505387324,0.502948387,0.041819657
43.2788036,0.202764977,1.508542427,0.508356569,0.048033882
43.28344227,0.196059953,1.505953625,0.455176106,0.043156895
43.28808094,0.194444285,1.502313121,0.476808837,0.040403757
43.29271961,0.19977599,1.503283922,0.520074299,0.044730116
43.29735828,0.200583825,1.505306424,0.474104746,0.047247271
43.30199695,0.194444285,1.502313121,0.470499291,0.040797063
43.30663562,0.195656036,1.500290619,0.491230657,0.040561079
43.31127429,0.202522627,1.503283922,0.520074299,0.047011288
43.31591296,0.197352488,1.50174682,0.454274742,0.044179489
43.32055163,0.194121151,1.498268117,0.475006109,0.040325096
43.3251903,0.198079539,1.499077117,0.511060661,0.042527606
43.32982897,0.201795576,1.502394021,0.486723839,0.04716861
43.33446764,0.195575253,1.499886118,0.460584289,0.041111707
43.33910631,0.195009769,1.497620916,0.481315656,0.03985313
43.34374498,0.201553226,1.500533319,0.523679754,0.045359405
43.34838365,0.19929129,1.50150412,0.456978834,0.045202083
43.35302232,0.195171335,1.498510817,0.471400654,0.039695808
43.35766099,0.197837188,1.497782716,0.497540204,0.040954385
43.36229966,0.203168894,1.499724318,0.499342932,0.047089949
43.36693833,0.196787004,1.496326515,0.449767924,0.042370284
43.371577,0.195332902,1.49203881,0.471400654,0.039695808
43.37621567,0.200745391,1.491391609,0.513764752,0.043786184
43.38085434,0.201230092,1.491148909,0.46328838,0.045988694
43.38549301,0.195252119,1.485728603,0.459682925,0.03985313
43.39013168,0.196544654,1.4826544,0.483118383,0.040089113
43.39477035,0.202522627,1.484272402,0.511060661,0.046539321
43.39940902,0.197594838,1.4828162,0.44886656,0.043235556
43.40404769,0.194444285,1.478852096,0.471400654,0.039459824
43.40868636,0.199372073,1.478366695,0.507455206,0.042134301
43.41332503,0.202522627,1.479094796,0.478611565,0.046696643
43.4179637,0.195656036,1.474402591,0.454274742,0.040561079
43.42260237,0.195009769,1.469144086,0.473203382,0.039302502
43.42724104,0.201553226,1.469144086,0.514666116,0.045044761
43.43187971,0.198645022,1.467364284,0.447063832,0.044415472
43.43651838,0.193878801,1.461296777,0.461485653,0.039223841
43.44115705,0.197029354,1.457818074,0.490329294,0.040797063
43.44579572,0.201957143,1.458707975,0.48942793,0.046617982
43.45043439,0.195252119,1.45450117,0.442557013,0.041190368
43.45507306,0.193717234,1.449485365,0.464189744,0.038830536
43.45971173,0.199614424,1.449404465,0.509257933,0.043707522
43.4643504,0.199614424,1.449161764,0.457880198,0.045595388
43.46898907,0.193878801,1.44446956,0.459682925,0.03985313
43.47362774,0.195090552,1.442851558,0.481315656,0.039931791
43.47826641,0.201310875,1.44471226,0.505652478,0.046224677
43.48290508,0.196140736,1.442204357,0.443458377,0.042606267
43.48754375,0.192747833,1.438240253,0.465091108,0.03914518
43.49218242,0.197594838,1.438159353,0.502948387,0.04205564
43.49682109,0.200179907,1.440424555,0.473203382,0.046381999
43.50145976,0.193555667,1.436864951,0.452472015,0.040089113
43.50609843,0.193474884,1.433871648,0.472302018,0.039223841
43.5107371,0.200422258,1.43573235,0.512863388,0.045044761
43.51537577,0.196867787,1.43508515,0.446162468,0.043943506
43.52001444,0.192343916,1.430797445,0.46328838,0.03914518
43.52465311,0.195817603,1.430392945,0.492132021,0.040875724
43.52929178,0.200260691,1.432010946,0.488526566,0.046617982
43.53393045,0.193798017,1.428451343,0.444359741,0.041426351
43.53856912,0.192343916,1.424729939,0.465091108,0.03914518
43.54320779,0.198645022,1.42586254,0.509257933,0.043943506
43.54784646,0.198241105,1.426590641,0.452472015,0.045202083
43.55248513,0.192505483,1.423354637,0.457880198,0.039459824
43.5571238,0.194444285,1.422383836,0.481315656,0.040010452
43.56176247,0.200745391,1.424972639,0.502047023,0.046381999
43.56640114,0.195413686,1.423435537,0.442557013,0.042212962
43.57103981,0.192505483,1.420684934,0.465091108,0.038909197
43.57567848,0.196948571,1.420604034,0.504751114,0.041976979
43.58031715,0.199210506,1.423192837,0.472302018,0.045831371
43.58495582,0.192586266,1.420765834,0.456978834,0.039695808
43.58959449,0.193313317,1.419390533,0.477710201,0.038909197
43.59423316,0.199614424,1.422141136,0.516468843,0.0449661
43.59887183,0.196140736,1.422302936,0.44886656,0.043471539
43.6035105,0.192101566,1.419309633,0.466893835,0.038673214
43.60814917,0.195656036,1.419956834,0.497540204,0.040482418
43.61278784,0.200099124,1.423678237,0.48942793,0.046067355
43.61742651,0.193474884,1.421655735,0.44886656,0.040561079
43.62206518,0.192182349,1.418743332,0.469597927,0.038751875
43.62670385,0.198483456,1.419956834,0.512863388,0.043707522
43.63134252,0.197433271,1.420927635,0.455176106,0.044887439
43.63598119,0.191939999,1.417368031,0.460584289,0.03914518
43.64061986,0.194121151,1.415507329,0.483118383,0.039695808
43.64525853,0.200099124,1.417691631,0.500244295,0.046224677
43.6498972,0.194282718,1.41647813,0.443458377,0.041898318
43.65453587,0.192020782,1.414132027,0.465992472,0.038830536
43.65917454,0.196948571,1.414860128,0.506553842,0.042448945
43.66381321,0.198887373,1.41680173,0.468696563,0.045910033
43.66845188,0.192667049,1.414293827,0.45607747,0.039617147
43.67309055,0.19315175,1.413484827,0.477710201,0.038909197
43.67772922,0.200099124,1.41696353,0.516468843,0.045202083
43.68236789,0.19622152,1.418338832,0.449767924,0.043314217
43.68700656,0.192424699,1.417934331,0.474104746,0.038751875
43.69164523,0.197029354,1.423678237,0.516468843,0.040797063
43.6962839,0.202037926,1.439049254,0.52277839,0.046303338
43.70092257,0.197271704,1.452883168,0.500244295,0.040954385
43.70556124,0.197675621,1.467606984,0.526383845,0.039066519
43.71019991,0.204138295,1.480793698,0.56333976,0.044179489
43.71483858,0.202441843,1.485890403,0.48942793,0.044887439
43.71947725,0.197352488,1.482088099,0.486723839,0.038987858
43.72411592,0.199614424,1.478690296,0.504751114,0.040089113
43.72875459,0.205269263,1.479580197,0.513764752,0.046224677
43.73339326,0.199210506,1.476182393,0.454274742,0.041898318
43.73803193,0.196948571,1.471247488,0.473203382,0.038830536
43.7426706,0.20260341,1.469386786,0.511962024,0.042448945
43.74730927,0.203330461,1.469467686,0.469597927,0.045831371
43.75194794,0.196948571,1.464290081,0.458781561,0.039695808
43.75658661,0.197433271,1.460406876,0.478611565,0.039302502
43.76122528,0.203815161,1.461539478,0.512863388,0.045516727
43.76586395,0.199372073,1.459355175,0.447063832,0.043078234
43.77050262,0.195736819,1.454986571,0.466893835,0.038751875
43.77514129,0.199372073,1.453530369,0.500244295,0.04134769
43.77977996,0.202926544,1.454905671,0.483118383,0.046775304
43.78441863,0.19646387,1.450860666,0.450669287,0.040639741
43.7890573,0.195413686,1.447786463,0.471400654,0.03914518
43.79369597,0.201957143,1.448514564,0.516468843,0.044336811
43.79833464,0.200099124,1.449323565,0.452472015,0.0449661
43.80297331,0.194525068,1.44479316,0.46328838,0.039223841
43.80761198,0.197271704,1.443256058,0.488526566,0.040561079
43.81225065,0.203007327,1.44535946,0.498441568,0.046775304
43.81688932,0.196787004,1.443256058,0.444359741,0.041898318
43.82152799,0.194686635,1.440100955,0.468696563,0.038987858
43.82616666,0.200179907,1.440990856,0.510159297,0.043471539
43.83080533,0.201068525,1.442285257,0.465091108,0.045988694
43.835444,0.195009769,1.438644753,0.459682925,0.039931791
43.84008267,0.195898386,1.437431252,0.481315656,0.039538485
43.84472134,0.203088111,1.441476256,0.51556748,0.046303338
43.84936001,0.198160322,1.441638057,0.451570651,0.043392878
43.85399868,0.194121151,1.440424555,0.474104746,0.039459824
43.85863735,0.197998755,1.442042557,0.508356569,0.041976979
43.86327602,0.201876359,1.446653862,0.48942793,0.046853965
43.86791469,0.195575253,1.446249361,0.459682925,0.040482418
43.87255336,0.195413686,1.446168461,0.480414292,0.039223841
43.87719203,0.202199493,1.450294366,0.524581117,0.044651455
43.8818307,0.200099124,1.452964069,0.459682925,0.044887439
43.88646937,0.195252119,1.451346067,0.472302018,0.039538485
43.89110804,0.197837188,1.451265167,0.498441568,0.040639741
43.89574671,0.203572811,1.45482477,0.504751114,0.046696643
43.90038538,0.197271704,1.45393487,0.453373379,0.041819657
43.90502405,0.195898386,1.451993267,0.475006109,0.039381163
43.90966272,0.202037926,1.45458207,0.517370207,0.043314217
43.91430139,0.20236106,1.455876472,0.467795199,0.045595388
43.91894006,0.196059953,1.452074168,0.462387016,0.039381163
43.92357873,0.197029354,1.450617966,0.484019747,0.039695808
43.9282174,0.203572811,1.45409667,0.513764752,0.045988694
43.93285607,0.198725806,1.453853969,0.450669287,0.043156895
43.93749474,0.195736819,1.451993267,0.473203382,0.038830536
43.94213341,0.200260691,1.45401577,0.509257933,0.041898318
43.94677208,0.203330461,1.458141674,0.485822475,0.046696643
43.95141075,0.196544654,1.457251773,0.461485653,0.040561079
43.95604942,0.19670622,1.457089973,0.483118383,0.039223841
43.96068809,0.203088111,1.460973177,0.525482481,0.0449661
43.96532676,0.200906958,1.46380468,0.459682925,0.044572794
43.96996543,0.19646387,1.462105778,0.476808837,0.039066519
43.9746041,0.199210506,1.46412828,0.505652478,0.040718402
43.97924277,0.204461429,1.470033987,0.508356569,0.046539321
43.98388144,0.198645022,1.471166588,0.461485653,0.041662335
43.98852011,0.196948571,1.472541889,0.485822475,0.039066519
43.99315878,0.203249677,1.477557695,0.5299893,0.043628861
43.99779745,0.203492028,1.482168999,0.478611565,0.045202083
44.00243612,0.198241105,1.4824117,0.476808837,0.039538485
44.00707479,0.199856774,1.483867901,0.499342932,0.03985313
44.01171346,0.206561798,1.490906209,0.526383845,0.046224677
44.01635213,0.201553226,1.494951213,0.465091108,0.042920912
44.0209908,0.198321889,1.496164714,0.486723839,0.039223841
44.02562947,0.203249677,1.500047918,0.524581117,0.042134301
44.03026814,0.20615788,1.504982824,0.495737476,0.046303338
44.03490681,0.19977599,1.504254723,0.475006109,0.040325096
44.03954548,0.19953364,1.505953625,0.494836113,0.039223841
44.04418415,0.206400231,1.512344731,0.536298847,0.045202083
44.04882282,0.203492028,1.515823435,0.469597927,0.043943506
44.05346149,0.19904894,1.517036936,0.48942793,0.038909197
44.05810016,0.202522627,1.523913444,0.521877026,0.040639741
44.06273883,0.207935116,1.537181058,0.528186573,0.046775304
44.0673775,0.202522627,1.548021669,0.490329294,0.041269029
44.07201617,0.201876359,1.563716286,0.52277839,0.038830536
44.07665484,0.208823733,1.589685214,0.584071127,0.043471539
44.08129351,0.210924102,1.621964348,0.558832941,0.045438066
44.08593218,0.207611982,1.654000782,0.575958853,0.039459824
44.09057085,0.213024471,1.697848628,0.613816132,0.039774469
44.09520952,0.223445532,1.754559588,0.666996595,0.046224677
44.09984819,0.22150673,1.804070441,0.621027042,0.042527606
44.10448686,0.220698896,1.849455389,0.648067956,0.039223841
44.10912553,0.227807837,1.890633533,0.686826598,0.042370284
44.1137642,0.233139542,1.927443072,0.647166592,0.046381999
44.11840287,0.227969404,1.950661396,0.621928406,0.040246435
44.12304154,0.228373321,1.961502008,0.621928406,0.039617147
44.12768021,0.235320695,1.967407714,0.640857045,0.045123422
44.13231888,0.231847008,1.96376721,0.555227486,0.044022167
44.13695755,0.226838436,1.952764799,0.554326122,0.039459824
44.14159622,0.229585072,1.941843287,0.566945215,0.041190368
44.14623489,0.233381893,1.932135277,0.547115212,0.046853965
44.15087356,0.226030602,1.915793459,0.495737476,0.041269029
44.15551223,0.224172583,1.898561741,0.510159297,0.039223841
44.1601509,0.229423505,1.884889627,0.547115212,0.043943506
44.16478957,0.227969404,1.871783813,0.485822475,0.045438066
44.16942824,0.222152997,1.853014993,0.485822475,0.039774469
44.17406691,0.223283965,1.836996776,0.505652478,0.040403757
44.17870558,0.228454104,1.825266263,0.523679754,0.04646066
44.18334425,0.222152997,1.809652547,0.461485653,0.042606267
44.18798292,0.219002444,1.792016328,0.48221702,0.039066519
44.19262159,0.222395348,1.778748714,0.518271571,0.042606267
44.19726026,0.2240918,1.768231703,0.48221702,0.046617982
44.20189893,0.217063642,1.752294386,0.465091108,0.040246435
44.2065376,0.215851891,1.73716607,0.484921111,0.039695808
44.21117627,0.222072214,1.72770076,0.52277839,0.04575271
44.21581494,0.217225209,1.715808447,0.454274742,0.044336811
44.22045361,0.212458987,1.701650932,0.474104746,0.039381163
44.22509228,0.21512484,1.692185622,0.504751114,0.041426351
44.22973095,0.218840877,1.684500114,0.494836113,0.046932627
44.23436962,0.211085669,1.673012302,0.455176106,0.041426351
44.23900829,0.209308434,1.66160539,0.476808837,0.039223841
44.24364696,0.21536719,1.656913185,0.523679754,0.044336811
44.24828563,0.213589955,1.653434481,0.466893835,0.045359405
44.2529243,0.207935116,1.648095075,0.479512928,0.039538485
44.25756297,0.209550784,1.645829873,0.506553842,0.040010452
44.26220164,0.215205623,1.647366975,0.523679754,0.046381999
44.26684031,0.2089853,1.643726471,0.465992472,0.042448945
44.27147898,0.205996314,1.637092664,0.486723839,0.039302502
44.27611765,0.211004886,1.634099361,0.526383845,0.043471539
44.28075632,0.212862904,1.632157759,0.488526566,0.046853965
44.28539499,0.206238664,1.625362151,0.483118383,0.040954385
44.29003366,0.206723364,1.620508146,0.510159297,0.041269029
44.29467233,0.213428388,1.620022746,0.546213848,0.048427187
44.299311,0.20874295,1.615815941,0.475006109,0.047247271
44.30394967,0.204865346,1.607159632,0.491230657,0.042842251
44.30858834,0.208177466,1.602062927,0.520074299,0.044887439
44.31322701,0.211651153,1.599878624,0.501145659,0.050472375
44.31786568,0.204946129,1.592759417,0.464189744,0.044336811
44.32250435,0.203492028,1.585478409,0.483118383,0.042920912
44.32714302,0.209793134,1.583051406,0.526383845,0.047876559
44.33178169,0.208015899,1.580462604,0.465091108,0.048112543
44.33642036,0.20260341,1.573747897,0.473203382,0.042370284
44.34105903,0.204461429,1.570430993,0.497540204,0.043392878
44.3456977,0.209793134,1.570188293,0.509257933,0.049528442
44.35033637,0.204299862,1.565253388,0.453373379,0.0449661
44.35497504,0.20236106,1.560561183,0.476808837,0.041426351
44.35961371,0.207854332,1.560156682,0.518271571,0.045280744
44.36425238,0.208823733,1.560803883,0.475907473,0.048269865
44.36889105,0.203330461,1.557001579,0.467795199,0.041976979
44.37352972,0.204380645,1.556677979,0.492132021,0.041819657
44.37816839,0.211408803,1.564039886,0.532693391,0.047955221
44.38280706,0.207611982,1.570430993,0.472302018,0.045831371
44.38744573,0.204380645,1.574071497,0.497540204,0.041111707
44.3920844,0.209066084,1.578682802,0.530890664,0.0435502
44.39672307,0.212620554,1.583294107,0.508356569,0.048741831
44.40136174,0.205511613,1.580058103,0.474104746,0.042606267
44.40600041,0.204622996,1.575527699,0.491230657,0.040954385
44.41063908,0.210681752,1.573909697,0.531792028,0.046381999
44.41527775,0.208419816,1.572129895,0.465091108,0.04646066
44.41991642,0.203249677,1.566143289,0.475006109,0.040875724
44.42455509,0.205188479,1.561693784,0.499342932,0.041662335
44.42919376,0.210681752,1.560399382,0.505652478,0.047797898
44.43383243,0.204461429,1.554331876,0.452472015,0.043235556
44.4384711,0.202199493,1.547455369,0.473203382,0.040482418
44.44310977,0.207288848,1.545271066,0.512863388,0.044336811
44.44774844,0.207611982,1.543329464,0.465992472,0.047325932
44.45238711,0.201310875,1.536533857,0.460584289,0.040954385
44.45702578,0.201957143,1.532084352,0.483118383,0.040718402
44.46166445,0.2085006,1.532165253,0.51556748,0.046617982
44.46630312,0.203007327,1.52998095,0.450669287,0.044100828
44.47094179,0.199452857,1.525693246,0.473203382,0.040167774
44.47558046,0.203492028,1.526097746,0.508356569,0.042684928
44.48021913,0.206884931,1.529252849,0.488526566,0.047797898
44.4848578,0.199856774,1.527392147,0.46328838,0.041583673
44.48949647,0.199210506,1.527634848,0.484921111,0.040246435
44.49413514,0.20543083,1.531194451,0.529087936,0.045438066
44.49877381,0.203088111,1.535401256,0.465091108,0.045516727
44.50341248,0.198402672,1.536938358,0.48221702,0.040010452
44.50805115,0.201068525,1.542277763,0.511060661,0.041269029
44.51268982,0.205996314,1.550853172,0.518271571,0.047247271
44.51732849,0.200099124,1.555140877,0.470499291,0.042606267
44.52196716,0.198079539,1.559266781,0.493934749,0.039695808
44.52660583,0.203895945,1.568003991,0.539904302,0.043786184
44.5312445,0.204299862,1.574637798,0.48942793,0.04646066
44.53588317,0.198321889,1.576174899,0.486723839,0.040246435
44.54052184,0.19953364,1.580381704,0.511962024,0.040167774
44.54516051,0.20615788,1.590736915,0.544411121,0.046775304
44.54979918,0.200664608,1.597775222,0.484019747,0.043786184
44.55443785,0.198079539,1.600849425,0.506553842,0.03985313
44.55907652,0.202764977,1.604328129,0.539904302,0.042448945
44.56371519,0.205996314,1.608939434,0.509257933,0.046696643
44.56835386,0.19904894,1.607725933,0.484019747,0.040954385
44.57299253,0.199372073,1.611204636,0.511060661,0.039617147
44.5776312,0.207046498,1.622449748,0.56333976,0.045280744
44.58226987,0.204622996,1.632885859,0.499342932,0.044808778
44.58690854,0.200745391,1.639681467,0.519172935,0.039695808
44.59154721,0.204138295,1.649389477,0.549819303,0.041269029
44.59618588,0.209470001,1.659825588,0.546213848,0.047011288
44.60082455,0.203249677,1.664032392,0.497540204,0.04205564
44.60546322,0.201714792,1.665003193,0.513764752,0.039381163
44.61010189,0.207450415,1.667187496,0.549819303,0.043864845
44.61474056,0.207450415,1.667187496,0.491230657,0.045988694
44.61937923,0.201149308,1.659744688,0.486723839,0.040246435
44.6240179,0.203007327,1.653191781,0.504751114,0.040246435
44.62865657,0.209470001,1.650441178,0.525482481,0.04646066
44.63329524,0.204299862,1.643807371,0.459682925,0.043156895
44.63793391,0.200745391,1.634746561,0.479512928,0.039302502
44.64257258,0.205350046,1.629245355,0.516468843,0.042606267
44.64721125,0.207935116,1.627061053,0.484921111,0.046539321
44.65184992,0.201230092,1.618809244,0.462387016,0.040639741
44.65648859,0.200906958,1.612337238,0.481315656,0.03985313
44.66112726,0.207611982,1.610072035,0.523679754,0.045359405
44.66576593,0.204219078,1.60521803,0.455176106,0.044494133
44.6704046,0.19977599,1.596319021,0.472302018,0.039381163
44.67504327,0.203088111,1.590332414,0.501145659,0.040875724
44.67968194,0.207450415,1.588552612,0.497540204,0.046932627
44.68432061,0.200664608,1.580786204,0.453373379,0.041426351
44.68895928,0.19904894,1.572048995,0.473203382,0.039381163
44.69359795,0.205350046,1.56735679,0.516468843,0.044022167
44.69823662,0.204380645,1.562260084,0.459682925,0.045674049
44.70287529,0.198483456,1.553684675,0.461485653,0.040089113
44.70751396,0.199937557,1.546969968,0.484019747,0.039931791
44.71215263,0.20591553,1.544623866,0.504751114,0.04646066
44.7167913,0.200341474,1.537342858,0.444359741,0.042684928
44.72142997,0.197352488,1.528767449,0.465091108,0.039223841
44.72606864,0.202441843,1.524479744,0.50384975,0.042527606
44.73070731,0.204703779,1.521648241,0.469597927,0.046539321
44.73534598,0.197837188,1.513396433,0.452472015,0.040089113
44.73998465,0.198160322,1.506762626,0.471400654,0.039459824
44.74462332,0.204784562,1.504821024,0.511962024,0.045438066
44.74926199,0.201068525,1.500452419,0.445261105,0.044022167
44.75390066,0.197029354,1.493171411,0.46328838,0.03914518
44.75853933,0.200422258,1.489773608,0.493033385,0.041111707
44.763178,0.204622996,1.488964607,0.486723839,0.046539321
44.76781667,0.198079539,1.483625201,0.446162468,0.041269029
44.77245534,0.19670622,1.478447596,0.467795199,0.038909197
44.77709401,0.202764977,1.477638595,0.513764752,0.043943506
44.78173268,0.202037926,1.476586894,0.45607747,0.045123422
44.78637135,0.196383087,1.470842987,0.462387016,0.039302502
44.79101002,0.198079539,1.467606984,0.484921111,0.040246435
44.79564869,0.203895945,1.467687884,0.502948387,0.046539321
44.80028736,0.198645022,1.464370981,0.444359741,0.042212962
44.80492603,0.195817603,1.458950675,0.465992472,0.03914518
44.8095647,0.200987742,1.458303474,0.505652478,0.042527606
44.81420337,0.203168894,1.458869775,0.467795199,0.046539321
44.81884204,0.197675621,1.455067471,0.455176106,0.040246435
44.82348071,0.198160322,1.452155068,0.475907473,0.039538485
44.82811938,0.205188479,1.453530369,0.514666116,0.04575271
44.83275805,0.201634009,1.452235968,0.447063832,0.043786184
44.83739672,0.197756405,1.447381963,0.466893835,0.038830536
44.84203539,0.201391659,1.446815662,0.497540204,0.041190368
44.84667406,0.20543083,1.448595464,0.487625202,0.046853965
44.85131273,0.199614424,1.44535946,0.450669287,0.040797063
44.8559514,0.198321889,1.442204357,0.471400654,0.038673214
44.86059007,0.204622996,1.442366157,0.51556748,0.044336811
44.86522874,0.202926544,1.442689758,0.45607747,0.045202083
44.86986741,0.197998755,1.439049254,0.465091108,0.039223841
44.87450608,0.200179907,1.437754852,0.48942793,0.040246435
44.87914475,0.20615788,1.441152656,0.505652478,0.046539321
44.88378342,0.200583825,1.439372854,0.450669287,0.042212962
44.88842209,0.19904894,1.437835752,0.473203382,0.038830536
44.89306076,0.204622996,1.439777355,0.513764752,0.042999573
44.89769943,0.20615788,1.442527957,0.473203382,0.046539321
44.9023381,0.200341474,1.440181855,0.46328838,0.03985313
44.90697677,0.201068525,1.438159353,0.48221702,0.039538485
44.91161544,0.207773549,1.442123457,0.517370207,0.045988694
44.91625411,0.203572811,1.442285257,0.451570651,0.043628861
44.92089278,0.200099124,1.439211054,0.470499291,0.039302502
44.92553145,0.204299862,1.439372854,0.501145659,0.041976979
44.93017012,0.209308434,1.441880757,0.485822475,0.047089949
44.93480879,0.203007327,1.439615554,0.452472015,0.040797063
44.93944746,0.202199493,1.437269452,0.472302018,0.039066519
44.94408613,0.209066084,1.440181855,0.516468843,0.044572794
44.9487248,0.206965715,1.441799857,0.454274742,0.044887439
44.95336347,0.202199493,1.439696454,0.465992472,0.039538485
44.95800214,0.204299862,1.438644753,0.491230657,0.040639741
44.96264081,0.210116268,1.442527957,0.502047023,0.046932627
44.96727948,0.204057512,1.440262755,0.449767924,0.042134301
44.97191815,0.202037926,1.437593052,0.472302018,0.038987858
44.97655682,0.207531199,1.439291954,0.514666116,0.043078234
44.98119549,0.208177466,1.441799857,0.469597927,0.046381999
44.98583416,0.20236106,1.439211054,0.462387016,0.039617147
44.99047283,0.203088111,1.437107652,0.483118383,0.039459824
44.9951115,0.209712351,1.439939155,0.516468843,0.045831371
44.99975017,0.205592397,1.439939155,0.450669287,0.043235556
45.00438884,0.202199493,1.436703151,0.470499291,0.039066519
45.00902751,0.205996314,1.436460451,0.50384975,0.041976979
45.01366618,0.209712351,1.439049254,0.483118383,0.047011288
45.01830485,0.203168894,1.436864951,0.452472015,0.040561079
45.02294352,0.20260341,1.434033448,0.473203382,0.039381163
45.02758219,0.208581383,1.436379551,0.516468843,0.044651455
45.03222086,0.206642581,1.436298651,0.451570651,0.045044761
45.03685953,0.201553226,1.433062647,0.465091108,0.03914518
45.0414982,0.203330461,1.431525546,0.490329294,0.040797063
45.04613687,0.208339033,1.434033448,0.497540204,0.046853965
45.05077554,0.20260341,1.432091846,0.447063832,0.042134301
45.05541421,0.200583825,1.429664844,0.468696563,0.039223841
45.06005288,0.205511613,1.430716545,0.511060661,0.043392878
45.06469155,0.20567318,1.432496347,0.464189744,0.045988694
45.06933022,0.199856774,1.429341243,0.459682925,0.03985313
45.07396889,0.200745391,1.427804142,0.481315656,0.03985313
45.07860756,0.207288848,1.430716545,0.511962024,0.045988694
45.08324623,0.20211871,1.430392945,0.44886656,0.043235556
45.0878849,0.198725806,1.428127742,0.470499291,0.039381163
45.09252357,0.202926544,1.430231144,0.506553842,0.042212962
45.09716224,0.206642581,1.434680649,0.484019747,0.046853965
45.10180091,0.19977599,1.433305348,0.457880198,0.040797063
45.10643958,0.199210506,1.431282846,0.476808837,0.039302502
45.11107825,0.20567318,1.433790748,0.519172935,0.045202083
45.11571692,0.20260341,1.434518849,0.452472015,0.045280744
45.12035559,0.197998755,1.430554745,0.466893835,0.040010452
45.12499426,0.200341474,1.429422144,0.493934749,0.041583673
45.12963293,0.206077097,1.432819947,0.497540204,0.048348526
45.1342716,0.199372073,1.430473845,0.449767924,0.043628861
45.13891027,0.197433271,1.427804142,0.471400654,0.041505012
45.14354894,0.203088111,1.428936743,0.512863388,0.046067355
45.14818761,0.20284576,1.430716545,0.46328838,0.048348526
45.15282628,0.197110138,1.428532243,0.46328838,0.042134301
45.15746495,0.198564239,1.428451343,0.487625202,0.042684928
45.16210362,0.204946129,1.431849146,0.516468843,0.048820492
45.16674229,0.199372073,1.431201945,0.453373379,0.045595388
45.17138096,0.196383087,1.428370442,0.473203382,0.041426351
45.17601963,0.201068525,1.429260343,0.507455206,0.044494133
45.1806583,0.203572811,1.431768246,0.478611565,0.048977814
45.18529697,0.197190921,1.429341243,0.455176106,0.042527606
45.18993564,0.196867787,1.426833341,0.474104746,0.041190368
45.19457431,0.203249677,1.428936743,0.51556748,0.047247271
45.19921298,0.200503041,1.429179443,0.447965196,0.046696643
45.20385165,0.196059953,1.427237841,0.466893835,0.040954385
45.20849032,0.198968156,1.428046842,0.499342932,0.042370284
45.21312899,0.204299862,1.432415447,0.500244295,0.048269865
45.21776766,0.197998755,1.431687346,0.45607747,0.042920912
45.22240633,0.196544654,1.429664844,0.476808837,0.040403757
45.227045,0.202522627,1.432415447,0.520074299,0.045202083
45.23168367,0.203007327,1.434761549,0.466893835,0.046932627
45.23632234,0.196948571,1.432172746,0.466893835,0.040718402
45.24096101,0.198321889,1.430716545,0.488526566,0.041190368
45.24559968,0.204622996,1.433709848,0.511962024,0.047483254
45.25023835,0.199452857,1.432658147,0.449767924,0.043943506
45.25487702,0.19670622,1.430231144,0.473203382,0.040246435
45.25951569,0.201310875,1.431040145,0.511060661,0.043078234
45.26415436,0.204461429,1.434923349,0.479512928,0.047561915
45.26879303,0.197271704,1.433628948,0.462387016,0.04134769
45.2734317,0.197756405,1.433790748,0.484019747,0.040561079
45.27807037,0.204703779,1.438159353,0.524581117,0.046067355
45.28270904,0.200826175,1.439049254,0.454274742,0.045044761
45.28734771,0.196544654,1.43548965,0.471400654,0.039931791
45.29198638,0.19953364,1.435004249,0.500244295,0.041740996
45.29662505,0.204138295,1.438240253,0.494836113,0.047719237
45.30126372,0.197675621,1.436379551,0.450669287,0.042291623
45.30590239,0.195817603,1.434114349,0.470499291,0.039931791
45.31054106,0.201957143,1.43532785,0.512863388,0.044572794
45.31517973,0.201310875,1.436541351,0.456978834,0.046381999
45.3198184,0.195736819,1.432172746,0.461485653,0.040325096
45.32445707,0.197190921,1.429826644,0.484921111,0.040875724
45.32909574,0.203249677,1.431687346,0.50384975,0.047247271
45.33373441,0.197110138,1.430069344,0.444359741,0.043156895
45.33837308,0.194605852,1.42650974,0.465992472,0.039617147
45.34301175,0.199372073,1.426995141,0.50384975,0.043314217
45.34765042,0.201553226,1.428046842,0.467795199,0.047011288
45.35228909,0.194848202,1.423678237,0.451570651,0.040561079
45.35692776,0.195090552,1.421170335,0.472302018,0.040010452
45.36156643,0.201714792,1.423031037,0.511962024,0.046067355
45.3662051,0.198160322,1.422788337,0.443458377,0.044494133
45.37084377,0.194040368,1.419390533,0.46328838,0.039931791
45.37548244,0.197594838,1.419147833,0.494836113,0.042134301
45.38012111,0.201957143,1.422383836,0.486723839,0.047247271
45.38475978,0.195009769,1.419795033,0.44886656,0.041819657
45.38939845,0.193959584,1.418824232,0.471400654,0.03985313
45.39403712,0.200099124,1.422141136,0.516468843,0.044651455
45.39867579,0.199129723,1.426914241,0.461485653,0.045910033
45.40331446,0.193798017,1.427480541,0.472302018,0.040561079
45.40795313,0.19622152,1.430392945,0.499342932,0.041111707
45.4125918,0.202037926,1.436703151,0.51556748,0.046932627
45.41723047,0.19622152,1.437107652,0.45607747,0.043156895
45.42186914,0.193878801,1.434276149,0.475006109,0.039617147
45.42650781,0.198968156,1.434761549,0.512863388,0.042999573
45.43114648,0.201068525,1.436055951,0.470499291,0.046696643
45.43578515,0.194605852,1.431768246,0.456978834,0.040089113
45.44042382,0.195090552,1.429017643,0.475907473,0.03985313
45.44506249,0.20211871,1.431444646,0.511962024,0.045831371
45.44970116,0.197998755,1.430635645,0.444359741,0.044100828
45.45433983,0.194121151,1.426833341,0.465091108,0.039381163
45.4589785,0.197594838,1.426671541,0.49663884,0.041662335
45.46361717,0.201714792,1.429179443,0.483118383,0.046617982
45.46825584,0.195009769,1.427076041,0.44886656,0.041033046
45.47289451,0.194121151,1.424810839,0.468696563,0.039381163
45.47753318,0.200906958,1.427237841,0.514666116,0.044572794
45.48217185,0.198887373,1.429017643,0.454274742,0.045280744
45.48681052,0.193717234,1.42650974,0.46328838,0.039695808
45.49144919,0.196059953,1.42634794,0.488526566,0.040561079
45.49608786,0.201634009,1.429907544,0.501145659,0.046696643
45.50072653,0.195575253,1.428855843,0.445261105,0.042448945
45.5053652,0.193232533,1.42602434,0.467795199,0.039381163
45.51000387,0.198321889,1.427076041,0.507455206,0.043156895
45.51464254,0.200018341,1.430069344,0.465091108,0.046539321
45.51928121,0.193717234,1.426752441,0.45607747,0.040246435
45.52391988,0.194282718,1.424487238,0.476808837,0.039774469
45.52855855,0.201149308,1.427399641,0.510159297,0.045910033
45.53319722,0.19670622,1.42634794,0.442557013,0.043707522
45.53783589,0.1929094,1.422222036,0.462387016,0.039381163
45.54247456,0.19670622,1.421251235,0.495737476,0.041976979
45.54711323,0.200422258,1.423111937,0.476808837,0.046932627
45.5517519,0.193798017,1.420361334,0.444359741,0.040954385
45.55639057,0.19315175,1.417448931,0.465091108,0.039302502
45.56102924,0.19953364,1.418905132,0.508356569,0.045044761
45.56566791,0.197190921,1.418743332,0.445261105,0.045123422
45.57030658,0.192343916,1.414860128,0.456978834,0.03914518
45.57494525,0.194363501,1.413727527,0.483118383,0.040482418
45.57958392,0.199695207,1.41647813,0.493033385,0.046696643
45.58422259,0.193555667,1.414293827,0.441655649,0.04205564
45.58886126,0.191455298,1.411543225,0.465091108,0.039381163
45.59349993,0.197029354,1.412433126,0.507455206,0.043314217
45.5981386,0.197837188,1.414455628,0.461485653,0.046224677
45.60277727,0.191455298,1.411138724,0.453373379,0.040010452
45.60741594,0.192343916,1.408792622,0.475006109,0.039931791
45.61205461,0.19929129,1.411462324,0.506553842,0.046224677
45.61669328,0.194605852,1.411300524,0.440754286,0.043628861
45.62133195,0.190728247,1.40766002,0.46328838,0.039538485
45.62597062,0.195090552,1.408711722,0.501145659,0.041898318
45.63060929,0.198564239,1.412514026,0.481315656,0.046775304
45.63524796,0.192020782,1.410410623,0.455176106,0.040482418
45.63988663,0.191778432,1.409197122,0.475006109,0.039302502
45.6445253,0.198402672,1.411785925,0.517370207,0.045359405
45.64916397,0.195413686,1.412514026,0.451570651,0.044572794
45.65380264,0.190809031,1.409601623,0.46328838,0.03914518
45.65844131,0.193555667,1.409601623,0.48942793,0.040403757
45.66307998,0.198806589,1.412594926,0.493934749,0.046539321
45.66771865,0.192182349,1.411138724,0.443458377,0.041583673
45.67235732,0.190728247,1.408145421,0.466893835,0.038830536
45.67699599,0.19646387,1.410653324,0.511060661,0.042999573
45.68163466,0.196787004,1.413161226,0.462387016,0.045831371
45.68627333,0.190970598,1.410896024,0.459682925,0.039695808
45.690912,0.192343916,1.411057824,0.481315656,0.039617147
45.69555067,0.198806589,1.414779228,0.510159297,0.046224677
45.70018934,0.194121151,1.415021928,0.445261105,0.042920912
45.70482801,0.191455298,1.412594926,0.465992472,0.039223841
45.70946668,0.195736819,1.413808427,0.502047023,0.041976979
45.71410535,0.198645022,1.417529831,0.476808837,0.046303338
45.71874402,0.192343916,1.41631633,0.451570651,0.040561079
45.72338269,0.192101566,1.414617428,0.471400654,0.038987858
45.72802136,0.19929129,1.418177032,0.513764752,0.044887439
45.73266003,0.195898386,1.418905132,0.446162468,0.044572794
45.7372987,0.191536082,1.415507329,0.460584289,0.039381163
45.74193737,0.194525068,1.414455628,0.486723839,0.040954385
45.74657604,0.199452857,1.417610731,0.488526566,0.047011288
45.75121471,0.193070967,1.415345529,0.440754286,0.041740996
45.75585338,0.191455298,1.411785925,0.46328838,0.039302502
45.76049205,0.197352488,1.413161226,0.506553842,0.043628861
45.76513072,0.197433271,1.414779228,0.454274742,0.045674049
45.76976939,0.191536082,1.411947725,0.453373379,0.039538485
45.77440806,0.192667049,1.410167923,0.476808837,0.03985313
45.77904673,0.199452857,1.413403927,0.500244295,0.046539321
45.7836854,0.194201934,1.413242126,0.438951558,0.042920912
45.78832407,0.190970598,1.410087023,0.461485653,0.03914518
45.79296274,0.195332902,1.411138724,0.499342932,0.042212962
45.79760141,0.198079539,1.413565727,0.469597927,0.046539321
45.80224008,0.191455298,1.411947725,0.449767924,0.040246435
45.80687875,0.191616865,1.411785925,0.470499291,0.039223841
45.81151742,0.198725806,1.41688263,0.512863388,0.045123422
45.81615609,0.195252119,1.418338832,0.446162468,0.04425815
45.82079476,0.190809031,1.415345529,0.46328838,0.039223841
45.82543343,0.194282718,1.415669129,0.492132021,0.040954385
45.8300721,0.199452857,1.419795033,0.48942793,0.046539321
45.83471077,0.192747833,1.418581532,0.446162468,0.041269029
45.83934944,0.191212948,1.417287131,0.467795199,0.039223841
45.84398811,0.197756405,1.420118634,0.511962024,0.0435502
45.84862678,0.197271704,1.422222036,0.457880198,0.045595388
45.85326545,0.191859215,1.420604034,0.464189744,0.039695808
45.85790412,0.19315175,1.420442234,0.48942793,0.039931791
45.86254279,0.19929129,1.42570074,0.510159297,0.046381999
45.86718146,0.193959584,1.425215339,0.447965196,0.042606267
45.87182013,0.191132165,1.422383836,0.469597927,0.038909197
45.8764588,0.196544654,1.424325438,0.507455206,0.042291623
45.88109747,0.198968156,1.428127742,0.474104746,0.046303338
45.88573614,0.192343916,1.426914241,0.457880198,0.040246435
45.89037481,0.192667049,1.427076041,0.478611565,0.039538485
45.89501348,0.199937557,1.432819947,0.521877026,0.045359405
45.89965215,0.19646387,1.436541351,0.45607747,0.043943506
45.90429082,0.192263132,1.436217751,0.476808837,0.038909197
45.90892949,0.196140736,1.438321153,0.507455206,0.041033046
45.91356816,0.200583825,1.442851558,0.499342932,0.046696643
45.91820683,0.194363501,1.442123457,0.456978834,0.041033046
45.9228455,0.193232533,1.440424555,0.478611565,0.038909197
45.92748417,0.19904894,1.443094258,0.521877026,0.043943506
45.93212284,0.198321889,1.44446956,0.464189744,0.045359405
45.93676151,0.193232533,1.442042557,0.467795199,0.039695808
45.94140018,0.195171335,1.441638057,0.491230657,0.040246435
45.94603885,0.200987742,1.444307759,0.508356569,0.04646066
45.95067752,0.195252119,1.442770658,0.449767924,0.042527606
45.95531619,0.192586266,1.438887454,0.471400654,0.038751875
45.95995486,0.197514055,1.439130154,0.509257933,0.042291623
45.96459353,0.19929129,1.440748156,0.469597927,0.046303338
45.9692322,0.193070967,1.437026752,0.454274742,0.040089113
45.97387087,0.193313317,1.433628948,0.473203382,0.039066519
45.97850954,0.199937557,1.43516605,0.510159297,0.045438066
45.98314821,0.196059953,1.433709848,0.441655649,0.043786184
45.98778688,0.192343916,1.429179443,0.460584289,0.038751875
45.99242555,0.195575253,1.427804142,0.492132021,0.040954385
45.99706422,0.199937557,1.430069344,0.480414292,0.04646066
46.00170289,0.192990183,1.426914241,0.444359741,0.040718402
46.00634156,0.192020782,1.423759138,0.465091108,0.038751875
46.01098023,0.198564239,1.425377139,0.509257933,0.043786184
46.0156189,0.196948571,1.42570074,0.44886656,0.044730116
46.02025757,0.192020782,1.422141136,0.456978834,0.039223841
46.02489624,0.193798017,1.420765834,0.481315656,0.040167774
46.02953491,0.199452857,1.424729939,0.495737476,0.046381999
46.03417358,0.193798017,1.423031037,0.440754286,0.041898318
46.03881225,0.191455298,1.420361334,0.46328838,0.038909197
46.04345092,0.196625437,1.421493935,0.50384975,0.042448945
46.04808959,0.198321889,1.423273737,0.46328838,0.045988694
46.05272826,0.192505483,1.421008535,0.453373379,0.039695808
46.05736693,0.192505483,1.420765834,0.475006109,0.039066519
46.0620056,0.199372073,1.424163638,0.511060661,0.045438066
46.06664427,0.195494469,1.424972639,0.444359741,0.0435502
46.07128294,0.191697648,1.423516437,0.465091108,0.038909197
46.07592161,0.195656036,1.425377139,0.498441568,0.041111707
46.08056028,0.199210506,1.429422144,0.484019747,0.046617982
46.08519895,0.1929094,1.428694043,0.449767924,0.040875724
46.08983762,0.192343916,1.427642342,0.470499291,0.03914518
46.09447629,0.19904894,1.430635645,0.513764752,0.044651455
46.09911496,0.196948571,1.431444646,0.449767924,0.044808778
46.10375363,0.191616865,1.427885042,0.460584289,0.039223841
46.1083923,0.193959584,1.427076041,0.484921111,0.040482418
46.11303097,0.199695207,1.429664844,0.494836113,0.046381999
46.11766964,0.193555667,1.427480541,0.440754286,0.041819657
46.12230831,0.191374515,1.424487238,0.46328838,0.038830536
46.12694698,0.19646387,1.425053539,0.502948387,0.042920912
46.13158565,0.197271704,1.426995141,0.459682925,0.04575271
46.13622432,0.191455298,1.423516437,0.451570651,0.039302502
46.14086299,0.192343916,1.421332135,0.472302018,0.039223841
46.14550166,0.198725806,1.424001838,0.50384975,0.04575271
46.15014033,0.194201934,1.423597337,0.438951558,0.043314217
46.154779,0.190809031,1.420846734,0.459682925,0.039066519
46.15941767,0.194444285,1.420604034,0.494836113,0.041505012
46.16405634,0.197998755,1.422869237,0.475006109,0.046303338
46.16869501,0.191455298,1.420684934,0.446162468,0.040482418
46.17333368,0.190970598,1.418500632,0.465992472,0.038909197
46.17797235,0.197271704,1.420846734,0.510159297,0.044572794
46.18261102,0.195656036,1.422626536,0.446162468,0.044651455
46.18724969,0.190566681,1.420765834,0.461485653,0.039223841
46.19188836,0.19315175,1.422626536,0.48942793,0.040403757
46.19652703,0.198645022,1.427237841,0.498441568,0.046539321
46.2011657,0.192101566,1.428289542,0.449767924,0.041426351
46.20580437,0.190243547,1.429745744,0.475006109,0.038673214
46.21044304,0.196059953,1.43589415,0.518271571,0.043078234
46.21508171,0.197029354,1.442770658,0.472302018,0.045831371
46.21972038,0.190889814,1.44519766,0.471400654,0.039695808
46.22435905,0.192182349,1.449080864,0.49663884,0.03914518
46.22899772,0.198402672,1.458303474,0.527285209,0.04575271
46.23363639,0.193878801,1.466231683,0.467795199,0.042842251
46.23827506,0.190809031,1.47310819,0.494836113,0.038830536
46.24291373,0.195494469,1.485971304,0.533594755,0.041898318
46.2475524,0.198968156,1.502555821,0.511060661,0.04646066
46.25219107,0.192101566,1.515823435,0.493033385,0.040403757
46.25682974,0.192182349,1.534834955,0.521877026,0.039223841
46.26146841,0.199452857,1.569379292,0.58947931,0.044651455
46.26610708,0.197433271,1.629649856,0.571452034,0.044651455
46.27074575,0.193474884,1.730694063,0.66339114,0.038830536
46.27538442,0.197594838,1.8597297,0.752626154,0.040403757
46.28002309,0.204865346,1.986176534,0.785976614,0.046696643
46.28466176,0.19953364,2.091346646,0.766146611,0.041426351
46.28930043,0.198887373,2.169253428,0.77786434,0.038909197
46.2939391,0.203734378,2.217469879,0.782371159,0.043628861
46.29857777,0.204461429,2.235510599,0.674207505,0.046067355
46.30321644,0.19904894,2.228229591,0.623731133,0.039931791
46.30785511,0.200583825,2.211806873,0.607506585,0.03985313
46.31249378,0.207046498,2.194736955,0.605703858,0.046381999
46.31713245,0.201553226,2.172084931,0.521877026,0.042920912
46.32177112,0.198321889,2.146116004,0.5299893,0.038830536
46.32640979,0.203088111,2.123140379,0.554326122,0.041898318
46.33104846,0.20567318,2.101378256,0.513764752,0.046381999
46.33568713,0.198725806,2.074519428,0.481315656,0.040561079
46.3403258,0.198402672,2.047741499,0.494836113,0.039538485
46.34496447,0.205269263,2.025817576,0.5299893,0.045202083
46.34960314,0.201957143,2.002275651,0.457880198,0.044572794
46.35424181,0.197594838,1.975255022,0.471400654,0.03914518
46.35888048,0.200018341,1.953007499,0.498441568,0.040797063
46.36351915,0.204946129,1.93520948,0.494836113,0.046775304
46.36815782,0.198645022,1.912881056,0.44886656,0.041426351
46.37279649,0.197029354,1.891038033,0.470499291,0.039223841
46.37743516,0.202199493,1.873806315,0.512863388,0.043707522
46.38207383,0.201876359,1.857464498,0.458781561,0.045831371
46.3867125,0.196544654,1.837482176,0.460584289,0.039695808
46.39135117,0.197190921,1.819684157,0.483118383,0.039774469
46.39598984,0.203411244,1.806982844,0.506553842,0.046303338
46.40062851,0.198241105,1.791450028,0.447965196,0.042527606
46.40526718,0.194928985,1.77486551,0.471400654,0.039066519
46.40990585,0.199614424,1.763054097,0.510159297,0.042134301
46.41454452,0.20236106,1.753831488,0.477710201,0.046224677
46.41918319,0.195575253,1.739431272,0.457880198,0.040403757
46.42382186,0.195494469,1.726972659,0.478611565,0.039381163
46.42846053,0.201553226,1.720338852,0.518271571,0.045280744
46.4330992,0.198806589,1.712491544,0.451570651,0.043943506
46.43773787,0.194363501,1.701570032,0.471400654,0.039538485
46.44237654,0.197352488,1.695340726,0.502948387,0.041190368
46.44701521,0.201795576,1.692347422,0.498441568,0.046853965
46.45165388,0.195494469,1.686037216,0.459682925,0.041190368
46.45629255,0.194444285,1.682234912,0.483118383,0.038909197
46.46093122,0.200664608,1.684095614,0.531792028,0.044336811
46.46556989,0.199372073,1.685875416,0.476808837,0.045674049
46.47020856,0.194121151,1.685066415,0.485822475,0.039774469
46.47484723,0.196625437,1.686684416,0.513764752,0.040010452
46.4794859,0.20236106,1.691862022,0.535397483,0.046539321
46.48412457,0.19670622,1.692671023,0.475907473,0.042684928
46.48876324,0.194121151,1.691214821,0.495737476,0.03914518
46.49340191,0.199210506,1.693480024,0.533594755,0.042606267
46.49804058,0.201310875,1.697282328,0.499342932,0.04646066
46.50267925,0.195252119,1.693722724,0.481315656,0.040482418
46.50731792,0.195413686,1.688868719,0.498441568,0.03985313
46.51195659,0.202441843,1.689273219,0.534496119,0.045831371
46.51659526,0.19904894,1.687412517,0.465992472,0.044022167
46.52123393,0.194928985,1.68061691,0.484019747,0.039459824
46.5258726,0.198483456,1.676652806,0.513764752,0.041426351
46.53051127,0.20284576,1.674225803,0.499342932,0.04716861
46.53514994,0.196544654,1.664841393,0.456978834,0.041269029
46.53978861,0.195494469,1.654809783,0.475006109,0.039381163
46.54442728,0.202199493,1.648661376,0.517370207,0.044022167
46.54906595,0.200583825,1.641946669,0.45607747,0.045202083
46.55370462,0.194686635,1.629811656,0.460584289,0.039459824
46.55834329,0.196544654,1.620103646,0.483118383,0.040403757
46.56298196,0.202199493,1.61452154,0.498441568,0.046775304
46.56762063,0.196059953,1.604732629,0.440754286,0.042448945
46.5722593,0.193717234,1.593811118,0.461485653,0.039302502
46.57689797,0.199129723,1.587177311,0.501145659,0.043235556
46.58153664,0.200745391,1.581999705,0.461485653,0.046303338
46.58617531,0.194040368,1.571644494,0.449767924,0.039774469
46.59081398,0.194363501,1.562826385,0.470499291,0.039538485
46.59545265,0.200503041,1.559185881,0.506553842,0.045595388
46.60009132,0.19646387,1.552552074,0.438951558,0.043628861
46.60472999,0.192667049,1.544219365,0.459682925,0.039381163
46.60936866,0.19670622,1.53912266,0.493033385,0.041505012
46.61400733,0.200341474,1.537666458,0.480414292,0.046853965
46.618646,0.193717234,1.531598952,0.446162468,0.040954385
46.62328467,0.193070967,1.526178646,0.468696563,0.039381163
46.62792334,0.199856774,1.524479744,0.513764752,0.044651455
46.63256201,0.198241105,1.522133642,0.450669287,0.045202083
46.63720068,0.19315175,1.515095334,0.458781561,0.039381163
46.64183935,0.195090552,1.510160429,0.483118383,0.040010452
46.64647802,0.201472442,1.508623328,0.493934749,0.04646066
46.65111669,0.195494469,1.502879421,0.438050194,0.041976979
46.65575536,0.193313317,1.496569215,0.461485653,0.039223841
46.66039403,0.198241105,1.494304012,0.501145659,0.042999573
46.6650327,0.19929129,1.49228151,0.458781561,0.046224677
46.66967137,0.192828616,1.485000502,0.449767924,0.040089113
46.67431004,0.19363645,1.480631898,0.470499291,0.039538485
46.67894871,0.200260691,1.480631898,0.504751114,0.045831371
46.68358738,0.195494469,1.477395894,0.438050194,0.043471539
46.68822605,0.192020782,1.471813789,0.458781561,0.038987858
46.69286472,0.196140736,1.468335085,0.491230657,0.041662335
46.69750339,0.19929129,1.468739585,0.474104746,0.046617982
46.70214206,0.192343916,1.463319279,0.442557013,0.040561079
46.70678073,0.191939999,1.458869775,0.46328838,0.039223841
46.7114194,0.198564239,1.459355175,0.508356569,0.044494133
46.71605807,0.19670622,1.458303474,0.443458377,0.044808778
46.72069674,0.191616865,1.45393487,0.45607747,0.039381163
46.72533541,0.193959584,1.452235968,0.483118383,0.040482418
46.72997408,0.199372073,1.45409667,0.491230657,0.047011288
46.73461275,0.192990183,1.451184267,0.439852922,0.04205564
46.73925142,0.191132165,1.446734762,0.462387016,0.039459824
46.74389009,0.197029354,1.446653862,0.50384975,0.043235556
46.74852876,0.197756405,1.447462863,0.456978834,0.045910033
46.75316743,0.191132165,1.443256058,0.449767924,0.040246435
46.7578061,0.192263132,1.440586355,0.472302018,0.03985313
46.76244477,0.19904894,1.441638057,0.502948387,0.045831371
46.76708344,0.194605852,1.439777355,0.439852922,0.043314217
46.77172211,0.190647464,1.436217751,0.462387016,0.039066519
46.77636078,0.195090552,1.436379551,0.499342932,0.041740996
46.78099945,0.198160322,1.439939155,0.477710201,0.046539321
46.78563812,0.191536082,1.437026752,0.449767924,0.040639741
46.79027679,0.190970598,1.434518849,0.469597927,0.039223841
46.79491546,0.197837188,1.43597505,0.511962024,0.044730116
46.79955413,0.195171335,1.43597505,0.446162468,0.044730116
46.8041928,0.190405114,1.431849146,0.457880198,0.039223841
46.80883147,0.193070967,1.430231144,0.484921111,0.040718402
46.81347014,0.198321889,1.432739047,0.488526566,0.046696643
46.81810881,0.192505483,1.430554745,0.438951558,0.041740996
46.82274748,0.190243547,1.427399641,0.460584289,0.03914518
46.82738615,0.196302303,1.428127742,0.502948387,0.043314217
46.83202482,0.196625437,1.429503044,0.453373379,0.045674049
46.83666349,0.190647464,1.42610524,0.450669287,0.039695808
46.84130216,0.191536082,1.424244538,0.471400654,0.039931791
46.84594083,0.198160322,1.426590641,0.498441568,0.045910033
46.8505795,0.1929094,1.425538939,0.436247467,0.04276359
46.85521817,0.189435713,1.422222036,0.458781561,0.039223841
46.85985684,0.193878801,1.422464736,0.495737476,0.042212962
46.86449551,0.197271704,1.425538939,0.470499291,0.046696643
46.86913418,0.190647464,1.422788337,0.446162468,0.040561079
46.87377285,0.19032433,1.421089435,0.465992472,0.039223841
46.87841152,0.197190921,1.423192837,0.508356569,0.045123422
46.88305019,0.194040368,1.424082738,0.441655649,0.044415472
46.88768886,0.189678063,1.420604034,0.456978834,0.039381163
46.89232753,0.192667049,1.419956834,0.484019747,0.041033046
46.8969662,0.197594838,1.423678237,0.484921111,0.047089949
46.90160487,0.191293731,1.421493935,0.438951558,0.041898318
46.90624354,0.190243547,1.419552333,0.460584289,0.039302502
46.91088221,0.195898386,1.421332135,0.505652478,0.043943506
46.91552088,0.196140736,1.423759138,0.452472015,0.046381999
46.92015955,0.190405114,1.420846734,0.452472015,0.040089113
46.92479822,0.191293731,1.419552333,0.475006109,0.040167774
46.92943689,0.197675621,1.423435537,0.500244295,0.046617982
46.93407556,0.192747833,1.422626536,0.438951558,0.043235556
46.93871423,0.18983963,1.420604034,0.461485653,0.039695808
46.9433529,0.194201934,1.421898436,0.498441568,0.04276359
46.94799157,0.197271704,1.42561984,0.469597927,0.047089949
46.95263024,0.190647464,1.423840038,0.449767924,0.040639741
46.95726891,0.190647464,1.422545636,0.471400654,0.03985313
46.96190758,0.197352488,1.427642342,0.514666116,0.045674049
46.96654625,0.194282718,1.430392945,0.447965196,0.044572794
46.97118492,0.19008198,1.429503044,0.466893835,0.039381163
46.97582359,0.192747833,1.431201945,0.497540204,0.041111707
46.98046226,0.198241105,1.436055951,0.494836113,0.046932627
46.98510093,0.191778432,1.43548965,0.453373379,0.041583673
46.9897396,0.190647464,1.434195249,0.475006109,0.039695808
46.99437827,0.196948571,1.437431252,0.518271571,0.044494133
46.99901694,0.196948571,1.439696454,0.461485653,0.045910033
47.00365561,0.191051381,1.436703151,0.462387016,0.03985313
47.00829428,0.193232533,1.43597505,0.484019747,0.040403757
47.01293295,0.199210506,1.438240253,0.50384975,0.046617982
47.01757162,0.1933941,1.436703151,0.442557013,0.042920912
47.02221029,0.190728247,1.433548048,0.464189744,0.039223841
47.02684896,0.195736819,1.434842449,0.502047023,0.042606267
47.03148763,0.198160322,1.437350352,0.466893835,0.046539321
47.0361263,0.191697648,1.43508515,0.449767924,0.040246435
47.04076497,0.192020782,1.433062647,0.469597927,0.039459824
47.04540364,0.198645022,1.43589415,0.511962024,0.045595388
47.05004231,0.195090552,1.436460451,0.444359741,0.04425815
47.05468098,0.191455298,1.434518849,0.46328838,0.039617147
47.05931965,0.194767418,1.434842449,0.494836113,0.041111707
47.06395832,0.199452857,1.439534654,0.486723839,0.046932627
47.06859699,0.193070967,1.438563853,0.447063832,0.041111707
47.07323566,0.192020782,1.436379551,0.466893835,0.039381163
47.07787433,0.198160322,1.437997553,0.511060661,0.044022167
47.082513,0.197756405,1.440020055,0.451570651,0.045516727
47.08715167,0.192505483,1.437188552,0.457880198,0.039538485
47.09179034,0.194444285,1.436945852,0.481315656,0.040246435
47.09642901,0.200745391,1.440586355,0.500244295,0.04646066
47.10106768,0.195171335,1.440586355,0.444359741,0.042291623
47.10570635,0.192667049,1.439049254,0.467795199,0.038987858
47.11034502,0.197756405,1.441799857,0.507455206,0.04276359
47.11498369,0.199695207,1.446006661,0.469597927,0.046539321
47.11962236,0.193313317,1.44479316,0.45607747,0.040246435
47.12426103,0.194444285,1.44519766,0.477710201,0.039695808
47.1288997,0.201149308,1.449889865,0.516468843,0.045674049
47.13353837,0.197190921,1.453044969,0.451570651,0.044179489
47.13817704,0.193878801,1.452802268,0.474104746,0.039459824
47.14281571,0.197756405,1.457979874,0.510159297,0.041898318
47.14745438,0.202441843,1.466959783,0.502047023,0.047404593
47.15209305,0.196544654,1.471409288,0.471400654,0.041819657
47.15673172,0.196140736,1.477314994,0.498441568,0.039223841
47.16137039,0.203572811,1.486133104,0.548016576,0.044336811
47.16600906,0.203088111,1.494627613,0.48942793,0.045516727
47.17064773,0.198806589,1.499643418,0.497540204,0.039538485
47.1752864,0.201230092,1.505144624,0.520975662,0.040639741
47.17992507,0.208177466,1.516389736,0.532693391,0.046932627
47.18456374,0.203572811,1.526178646,0.479512928,0.042134301
47.18920241,0.202684193,1.540578861,0.510159297,0.039223841
47.19384108,0.209631567,1.563473586,0.55612885,0.043156895
47.19847975,0.21181272,1.585640209,0.518271571,0.046381999
47.20311842,0.206319447,1.603600028,0.512863388,0.040089113
47.20775709,0.207692765,1.617676643,0.5299893,0.039774469
47.21239576,0.214963273,1.628840855,0.557030214,0.045988694
47.21703443,0.210600969,1.630539757,0.481315656,0.043786184
47.2216731,0.206400231,1.626090252,0.493934749,0.039538485
47.22631177,0.210197051,1.623096949,0.520975662,0.041898318
47.23095044,0.213589955,1.621317147,0.499342932,0.046932627
47.23558911,0.206723364,1.613227138,0.464189744,0.040954385
47.24022778,0.20567318,1.605784331,0.48221702,0.039302502
47.24486645,0.211974287,1.602467427,0.523679754,0.04425815
47.24950512,0.209470001,1.598017922,0.457880198,0.045280744
47.25414379,0.204057512,1.588148112,0.465992472,0.039774469
47.25878246,0.206319447,1.580543504,0.48942793,0.040639741
47.26342113,0.211247236,1.576903,0.498441568,0.047011288
47.2680598,0.204380645,1.568812991,0.442557013,0.042134301
47.27269847,0.202199493,1.559913982,0.46328838,0.039066519
47.27733714,0.207046498,1.556354378,0.504751114,0.043628861
47.28197581,0.207773549,1.552875674,0.459682925,0.046224677
47.28661448,0.201310875,1.544219365,0.452472015,0.039931791
47.29125315,0.201876359,1.537666458,0.473203382,0.039695808
47.29589182,0.208177466,1.535643956,0.504751114,0.045988694
47.30053049,0.203492028,1.531275352,0.439852922,0.043471539
47.30516916,0.198968156,1.523670744,0.461485653,0.039381163
47.30980783,0.202926544,1.519383039,0.494836113,0.041898318
47.3144465,0.20591553,1.517360537,0.474104746,0.046539321
47.31908517,0.198887373,1.510079529,0.442557013,0.040561079
47.32372384,0.197998755,1.502960322,0.461485653,0.038987858
47.32836251,0.204138295,1.500128819,0.506553842,0.044730116
47.33300118,0.201310875,1.496892815,0.441655649,0.044651455
47.33763985,0.196383087,1.489773608,0.454274742,0.039302502
47.34227852,0.198645022,1.485809503,0.48221702,0.040561079
47.34691719,0.203572811,1.485890403,0.488526566,0.046303338
47.35155586,0.197029354,1.481198198,0.438951558,0.041740996
47.35619453,0.195009769,1.475454292,0.459682925,0.038987858
47.3608332,0.200664608,1.473755391,0.502948387,0.043078234
47.36547187,0.200745391,1.47318909,0.453373379,0.045910033
47.37011054,0.194282718,1.466231683,0.44886656,0.039459824
47.37474921,0.195171335,1.462024878,0.469597927,0.039617147
47.37938788,0.201391659,1.461943978,0.498441568,0.045988694
47.38402655,0.196383087,1.458546174,0.434444739,0.042999573
47.38866522,0.192667049,1.452235968,0.455176106,0.038909197
47.39330389,0.196544654,1.450294366,0.490329294,0.041426351
47.39794256,0.199614424,1.449808965,0.465992472,0.046224677
47.40258123,0.192667049,1.445440361,0.439852922,0.040246435
47.4072199,0.192020782,1.440748156,0.459682925,0.038909197
47.41185857,0.198806589,1.440505455,0.50384975,0.044651455
47.41649724,0.195736819,1.439211054,0.438050194,0.044651455
47.42113591,0.191293731,1.433709848,0.452472015,0.039381163
47.42577458,0.194040368,1.432253647,0.48221702,0.040718402
47.43041325,0.19904894,1.434923349,0.485822475,0.046617982
47.43505192,0.192667049,1.431525546,0.438050194,0.041662335
47.43969059,0.190728247,1.427480541,0.460584289,0.03914518
47.44432926,0.196867787,1.428451343,0.50384975,0.043392878
47.44896793,0.196544654,1.429907544,0.452472015,0.045910033
47.4536066,0.190809031,1.42570074,0.451570651,0.039931791
47.45824527,0.192263132,1.423031037,0.473203382,0.039931791
47.46288394,0.198806589,1.42570074,0.499342932,0.046224677
47.46752261,0.1933941,1.424729939,0.435346103,0.042999573
47.47216128,0.18959728,1.421089435,0.456978834,0.039066519
47.47679995,0.194444285,1.420846734,0.493033385,0.041740996
47.48143862,0.196787004,1.421898436,0.465091108,0.046224677
47.48607729,0.190001197,1.417691631,0.441655649,0.040325096
47.49071596,0.189758846,1.415345529,0.462387016,0.039381163
47.49535463,0.196544654,1.418419732,0.505652478,0.044887439
47.4999933,0.193474884,1.418500632,0.438951558,0.044336811
47.50463197,0.188789445,1.414860128,0.456978834,0.039066519
47.50927064,0.191616865,1.414051127,0.486723839,0.040875724
47.51390931,0.196867787,1.417691631,0.484921111,0.046775304
47.51854798,0.19008198,1.414051127,0.438951558,0.041426351
47.52318665,0.188385528,1.411300524,0.459682925,0.039302502
47.52782532,0.194363501,1.412918526,0.50384975,0.043707522
47.53246399,0.194363501,1.414455628,0.449767924,0.04575271
47.53710266,0.188547095,1.411219624,0.450669287,0.039774469
47.54174133,0.190001197,1.410896024,0.473203382,0.039931791
47.54638,0.19622152,1.414132027,0.49663884,0.046067355
47.55101867,0.191212948,1.413565727,0.437148831,0.042606267
47.55565734,0.188304745,1.410653324,0.460584289,0.039066519
47.56029601,0.192747833,1.411381424,0.499342932,0.042370284
47.56493468,0.195817603,1.414617428,0.467795199,0.046539321
47.56957335,0.189354929,1.413242126,0.449767924,0.040403757
47.57421202,0.189435713,1.412837626,0.469597927,0.039302502
47.57885069,0.195898386,1.41623543,0.511962024,0.045280744
47.58348936,0.192424699,1.418338832,0.444359741,0.043786184
47.58812803,0.188223961,1.41680173,0.461485653,0.038909197
47.5927667,0.191697648,1.418419732,0.492132021,0.041111707
47.59740537,0.196302303,1.422950137,0.486723839,0.046932627
47.60204404,0.189516496,1.422141136,0.444359741,0.041583673
47.60668271,0.188385528,1.421574835,0.465992472,0.039223841
47.61132138,0.194686635,1.425538939,0.511060661,0.044415472
47.61596005,0.194444285,1.430150244,0.455176106,0.045831371
47.62059872,0.189516496,1.430878345,0.460584289,0.039538485
47.62523739,0.191455298,1.433709848,0.484921111,0.039931791
47.62987606,0.197917972,1.440424555,0.506553842,0.046303338
47.63451473,0.1929094,1.442527957,0.447965196,0.042842251
47.6391534,0.190162763,1.441799857,0.467795199,0.039302502
47.64379207,0.195171335,1.443498758,0.504751114,0.043078234
47.64843074,0.197433271,1.446734762,0.467795199,0.046539321
47.65306941,0.190889814,1.443984159,0.452472015,0.040167774
47.65770808,0.191132165,1.442285257,0.472302018,0.039302502
47.66234675,0.197998755,1.445521261,0.511962024,0.045202083
47.66698542,0.193798017,1.446168461,0.444359741,0.043864845
47.67162409,0.189758846,1.444307759,0.464189744,0.039302502
47.67626276,0.19315175,1.44479316,0.494836113,0.041426351
47.68090143,0.197756405,1.447543763,0.484921111,0.047089949
47.6855401,0.190809031,1.44487406,0.445261105,0.04134769
47.69017877,0.18983963,1.442770658,0.465992472,0.039459824
47.69481744,0.196383087,1.44446956,0.510159297,0.044494133
47.69945611,0.194201934,1.44446956,0.450669287,0.045516727
47.70409478,0.189112579,1.440505455,0.456978834,0.039774469
47.70873345,0.191132165,1.439453754,0.48221702,0.040639741
47.71337212,0.197190921,1.441799857,0.49663884,0.047089949
47.71801079,0.191212948,1.440100955,0.440754286,0.042842251
47.72264946,0.188870229,1.436784051,0.46328838,0.039459824
47.72728813,0.193798017,1.437512152,0.502047023,0.042999573
47.7319268,0.195736819,1.439939155,0.462387016,0.046696643
47.73656547,0.189274146,1.437754852,0.450669287,0.040482418
47.74120414,0.190485897,1.436541351,0.471400654,0.039695808
47.74584281,0.196948571,1.440424555,0.509257933,0.045910033
47.75048148,0.192263132,1.441314456,0.442557013,0.043943506
47.75512015,0.188547095,1.439049254,0.46328838,0.039381163
47.75975882,0.192828616,1.439534654,0.494836113,0.041819657
47.76439749,0.196544654,1.443741459,0.480414292,0.046932627
47.76903616,0.190001197,1.443094258,0.447063832,0.040954385
47.77367483,0.189274146,1.443013358,0.468696563,0.039774469
47.7783135,0.195736819,1.447381963,0.514666116,0.044730116
47.78295217,0.194605852,1.451265167,0.451570651,0.045359405
47.78759084,0.189516496,1.450294366,0.461485653,0.039774469
47.79222951,0.192263132,1.452074168,0.487625202,0.040718402
47.79686818,0.198321889,1.458707975,0.500244295,0.046775304
47.80150685,0.192586266,1.460245076,0.447063832,0.042448945
47.80614552,0.190405114,1.461377677,0.469597927,0.039695808
47.81078419,0.19646387,1.467930584,0.511962024,0.043235556
47.81542286,0.197756405,1.475616093,0.471400654,0.046539321
47.82006153,0.191697648,1.480065597,0.466893835,0.040246435
47.8247002,0.193555667,1.490178108,0.495737476,0.039931791
47.82933887,0.201553226,1.509594129,0.538101574,0.04575271
47.83397754,0.198725806,1.532812453,0.481315656,0.043628861
47.83861621,0.196948571,1.553765575,0.506553842,0.039774469
47.84325488,0.201957143,1.579168202,0.550720667,0.042134301
47.84789355,0.206723364,1.606755132,0.538101574,0.046853965
47.85253222,0.200987742,1.627222853,0.509257933,0.040875724
47.85717089,0.202684193,1.650198478,0.534496119,0.039381163
47.86180956,0.210520185,1.674953904,0.576860217,0.044887439
47.86644823,0.209470001,1.68967772,0.50384975,0.045359405
47.8710869,0.204703779,1.692994623,0.506553842,0.039695808
47.87572557,0.207046498,1.694612625,0.523679754,0.040875724
47.88036424,0.212701337,1.695907026,0.523679754,0.046853965
47.88500291,0.206238664,1.688868719,0.464189744,0.042448945
47.88964158,0.203895945,1.679160708,0.479512928,0.039538485
47.89428025,0.209066084,1.672607801,0.517370207,0.043628861
47.89891892,0.209308434,1.666216695,0.466893835,0.046381999
47.90355759,0.203249677,1.654000782,0.457880198,0.040639741
47.90819626,0.203249677,1.64316017,0.477710201,0.040246435
47.91283493,0.209470001,1.637416264,0.505652478,0.046146016
47.9174736,0.204542212,1.629002655,0.441655649,0.043314217
47.92211227,0.200503041,1.616867642,0.46328838,0.039302502
47.92675094,0.204057512,1.609991135,0.49663884,0.04205564
47.93138961,0.207288848,1.60481353,0.475006109,0.046853965
47.93602828,0.200099124,1.594458319,0.445261105,0.040797063
47.94066695,0.19904894,1.585478409,0.465091108,0.039538485
47.94530562,0.205107696,1.579491803,0.507455206,0.045280744
47.94994429,0.202199493,1.572857996,0.441655649,0.044887439
47.95458296,0.197029354,1.562502785,0.455176106,0.039302502
47.95922163,0.19929129,1.555788078,0.483118383,0.040718402
47.9638603,0.204542212,1.552390274,0.487625202,0.046775304
47.96849897,0.197756405,1.544057565,0.437148831,0.041662335
47.97313764,0.196059953,1.535239456,0.456978834,0.03914518
47.97777631,0.201068525,1.530628151,0.501145659,0.043235556
47.98241498,0.201149308,1.527796648,0.451570651,0.04575271
47.98705365,0.195171335,1.519625739,0.44886656,0.03985313
47.99169232,0.196059953,1.514367234,0.470499291,0.039538485
47.99633099,0.202280276,1.512830132,0.497540204,0.046146016
48.00096966,0.196948571,1.507895227,0.433543375,0.043078234
48.00560833,0.193555667,1.500047918,0.455176106,0.03914518
48.010247,0.197998755,1.496164714,0.490329294,0.041976979
48.01488567,0.200260691,1.494142212,0.46328838,0.046381999
48.01952434,0.193878801,1.487023005,0.439852922,0.040246435
48.02416301,0.193313317,1.481036398,0.460584289,0.038987858
48.02880168,0.199614424,1.480389198,0.502948387,0.044651455
48.03344035,0.196625437,1.477800395,0.437148831,0.044022167
48.03807902,0.191939999,1.472056489,0.453373379,0.038987858
48.04271769,0.194525068,1.468254185,0.481315656,0.040482418
48.04735636,0.19929129,1.468173285,0.481315656,0.046539321
48.05199503,0.192667049,1.463076579,0.435346103,0.04134769
48.0566337,0.190970598,1.457251773,0.457880198,0.038909197
48.06127237,0.196383087,1.455957372,0.501145659,0.043314217
48.06591104,0.196383087,1.45474387,0.447965196,0.045202083
48.07054971,0.190647464,1.448757264,0.447965196,0.039381163
48.07518838,0.191859215,1.44446956,0.469597927,0.039617147
48.07982705,0.198241105,1.44479316,0.493033385,0.045988694
48.08446572,0.192182349,1.441314456,0.431740648,0.042684928
48.08910439,0.189031796,1.43565145,0.453373379,0.038751875
48.09374306,0.193959584,1.433952548,0.48942793,0.041976979
48.09838173,0.196383087,1.434518849,0.460584289,0.046696643
48.1030204,0.189678063,1.430716545,0.443458377,0.040246435
48.10765907,0.189516496,1.428370442,0.466893835,0.03914518
48.11229774,0.19646387,1.431849146,0.510159297,0.045123422
48.11693641,0.193555667,1.431606446,0.442557013,0.044022167
48.12157508,0.189516496,1.427804142,0.457880198,0.038987858
48.12621375,0.192101566,1.42561984,0.485822475,0.040954385
48.13085242,0.196625437,1.42626704,0.481315656,0.046617982
48.13549109,0.19008198,1.422707436,0.437148831,0.041033046
48.14012976,0.188708662,1.418905132,0.458781561,0.038673214
48.14476843,0.195009769,1.419875933,0.502948387,0.043314217
48.1494071,0.194605852,1.420199534,0.447063832,0.0449661
48.15404577,0.188627879,1.415588229,0.44886656,0.03914518
48.15868444,0.189758846,1.413161226,0.473203382,0.039695808
48.16332311,0.19597917,1.415264629,0.493033385,0.045910033
48.16796178,0.190566681,1.412756726,0.432642012,0.042134301
48.17260045,0.187416127,1.407821821,0.454274742,0.038830536
48.17723912,0.192424699,1.40709372,0.492132021,0.041819657
48.18187779,0.194928985,1.409035322,0.458781561,0.045988694
48.18651646,0.188547095,1.405475718,0.441655649,0.039695808
48.19115513,0.188789445,1.403048716,0.461485653,0.03914518
48.1957938,0.195575253,1.405313918,0.501145659,0.045123422
48.20043247,0.191939999,1.404828517,0.434444739,0.043628861
48.20507114,0.187900828,1.401107114,0.453373379,0.038909197
48.20970981,0.190728247,1.400136312,0.483118383,0.041190368
48.21434848,0.195575253,1.402725115,0.476808837,0.046303338
48.21898715,0.188708662,1.399408212,0.438050194,0.040875724
48.22362582,0.18725456,1.396900309,0.457880198,0.038673214
48.22826449,0.193798017,1.39811381,0.502047023,0.043943506
48.23290316,0.192586266,1.399327312,0.444359741,0.045280744
48.23754183,0.186931427,1.396253108,0.451570651,0.039538485
48.2421805,0.189031796,1.395363207,0.475907473,0.040167774
48.24681917,0.195494469,1.399003711,0.493033385,0.046696643
48.25145784,0.189678063,1.39795201,0.434444739,0.042134301
48.25609651,0.187658477,1.395525008,0.457880198,0.038830536
48.26073518,0.192182349,1.396819409,0.497540204,0.042291623
48.26537385,0.193878801,1.399570012,0.459682925,0.046303338
48.27001252,0.187658477,1.398518311,0.450669287,0.039774469
48.27465119,0.188547095,1.400136312,0.476808837,0.039538485
48.27928986,0.195494469,1.40701282,0.51556748,0.045595388
48.28392853,0.191212948,1.409035322,0.447063832,0.043471539
48.2885672,0.187577694,1.405961119,0.464189744,0.039302502
48.29320587,0.191132165,1.406122919,0.493033385,0.041583673
48.29784454,0.195090552,1.408630821,0.479512928,0.046853965
48.30248321,0.188547095,1.405961119,0.441655649,0.040797063
48.30712188,0.187658477,1.402886915,0.462387016,0.03914518
48.31176055,0.194525068,1.404019517,0.505652478,0.044336811
48.31639922,0.1929094,1.404424017,0.443458377,0.045123422
48.32103789,0.187416127,1.399812712,0.452472015,0.039302502
48.32567656,0.189274146,1.39770931,0.476808837,0.040325096
48.33031523,0.195090552,1.400459913,0.48942793,0.046381999
48.3349539,0.189354929,1.398275611,0.433543375,0.042134301
48.33959257,0.186931427,1.394716007,0.45607747,0.039066519
48.34423124,0.192101566,1.395120507,0.495737476,0.042842251
48.34886991,0.193717234,1.396900309,0.453373379,0.045910033
48.35350858,0.187335344,1.393259805,0.442557013,0.03985313
48.35814725,0.187900828,1.390832803,0.46328838,0.039538485
48.36278592,0.194282718,1.393583406,0.498441568,0.045988694
48.36742459,0.19008198,1.393987906,0.432642012,0.043628861
48.37206326,0.186608293,1.391075503,0.453373379,0.039066519
48.37670193,0.190485897,1.391075503,0.486723839,0.041426351
48.3813406,0.194282718,1.394311506,0.471400654,0.046775304
48.38597927,0.187658477,1.392289004,0.437148831,0.040797063
48.39061794,0.186608293,1.389376601,0.458781561,0.039066519
48.39525661,0.193070967,1.392369904,0.50384975,0.044336811
48.39989528,0.191051381,1.393987906,0.441655649,0.044730116
48.40453395,0.186446726,1.391480003,0.453373379,0.038987858
48.40917262,0.188708662,1.391318203,0.479512928,0.040010452
48.41381129,0.194686635,1.394877807,0.48942793,0.04646066
48.41844996,0.188223961,1.393098005,0.436247467,0.041819657
48.42308863,0.186123593,1.390104702,0.457880198,0.038909197
48.4277273,0.191859215,1.391156403,0.498441568,0.042920912
48.43236597,0.192505483,1.393421605,0.453373379,0.046224677
48.43700464,0.187092994,1.390347402,0.445261105,0.039931791
48.44164331,0.187820044,1.3883249,0.465992472,0.039774469
48.44628198,0.194121151,1.390590102,0.498441568,0.045831371
48.45092065,0.190001197,1.389538401,0.432642012,0.043235556
48.45555932,0.186608293,1.385331597,0.454274742,0.038987858
48.46019799,0.19032433,1.385493397,0.488526566,0.041583673
48.46483666,0.193555667,1.388244,0.468696563,0.046932627
48.46947533,0.187092994,1.386625998,0.439852922,0.040875724
48.474114,0.18652751,1.384279896,0.460584289,0.03914518
48.47875267,0.19315175,1.387192299,0.504751114,0.044651455
48.48339134,0.191051381,1.3881631,0.438951558,0.044730116
48.48803001,0.185962026,1.384765296,0.452472015,0.039381163
48.49266868,0.188385528,1.383875395,0.478611565,0.040639741
48.49730735,0.193959584,1.386949598,0.484921111,0.046617982
48.50194602,0.187900828,1.384927096,0.433543375,0.041662335
48.50658469,0.185881242,1.382985494,0.45607747,0.038987858
48.51122336,0.191051381,1.384522596,0.497540204,0.043235556
48.51586203,0.192263132,1.387111399,0.44886656,0.04575271
48.5205007,0.186608293,1.384603496,0.446162468,0.039459824
48.52513937,0.18725456,1.383389995,0.468696563,0.03985313
48.52977804,0.193798017,1.386787798,0.498441568,0.046224677
48.53441671,0.188951012,1.386625998,0.434444739,0.042999573
48.53905538,0.185881242,1.384441696,0.45607747,0.038909197
48.54369405,0.190243547,1.384846196,0.492132021,0.041740996
48.54833272,0.19315175,1.3885676,0.466893835,0.046696643
48.55297139,0.18676986,1.387192299,0.441655649,0.040482418
48.55761006,0.186446726,1.385088897,0.462387016,0.039066519
48.56224873,0.193313317,1.389295701,0.506553842,0.044730116
48.5668874,0.190405114,1.390751903,0.441655649,0.044651455
48.57152607,0.185800459,1.389214801,0.457880198,0.039381163
48.57616474,0.188789445,1.391318203,0.488526566,0.040561079
48.58080341,0.194201934,1.39795201,0.494836113,0.046696643
48.58544208,0.188304745,1.401430714,0.453373379,0.041583673
48.59008075,0.186931427,1.403776816,0.476808837,0.039302502
48.59471942,0.192828616,1.408064521,0.516468843,0.043628861
48.59935809,0.193070967,1.411300524,0.462387016,0.04575271
48.60399676,0.18725456,1.409197122,0.458781561,0.039459824
48.60863543,0.188547095,1.409763423,0.479512928,0.039931791
48.6132741,0.195090552,1.413727527,0.50384975,0.046381999
48.61791277,0.19032433,1.413565727,0.441655649,0.042999573
48.62255144,0.187658477,1.412514026,0.464189744,0.039223841
48.62719011,0.192667049,1.41688263,0.50384975,0.042370284
48.63182878,0.195898386,1.42561984,0.479512928,0.046696643
48.63646745,0.189920413,1.431768246,0.462387016,0.040482418
48.64110612,0.190566681,1.441638057,0.48942793,0.039538485
48.64574479,0.198079539,1.458141674,0.538101574,0.045280744
48.65038346,0.19597917,1.47318909,0.477710201,0.04425815
48.65502213,0.1933941,1.484434202,0.499342932,0.039223841
48.6596608,0.196867787,1.495598414,0.528186573,0.041269029
48.66429947,0.202684193,1.507895227,0.521877026,0.047089949
48.66893814,0.19597917,1.510403129,0.473203382,0.041426351
48.67357681,0.194363501,1.509675029,0.486723839,0.03914518
48.67821548,0.200583825,1.511778431,0.524581117,0.043943506
48.68285415,0.200179907,1.511454831,0.465091108,0.045595388
48.68749282,0.194605852,1.506277225,0.464189744,0.039538485
48.69213149,0.19597917,1.502879421,0.484019747,0.039695808
48.69677016,0.201957143,1.503688422,0.504751114,0.046224677
48.70140883,0.19646387,1.500290619,0.442557013,0.04276359
48.7060475,0.19363645,1.494789413,0.46328838,0.038830536
48.71068617,0.197998755,1.492847811,0.500244295,0.042370284
48.71532484,0.200503041,1.493009611,0.465992472,0.046539321
48.71996351,0.19363645,1.487993806,0.447965196,0.040246435
48.72460218,0.193798017,1.483948801,0.467795199,0.039538485
48.72924085,0.200099124,1.484191502,0.508356569,0.045202083
48.73387952,0.196787004,1.481845399,0.439852922,0.043786184
48.73851819,0.192505483,1.476182393,0.456978834,0.039223841
48.74315686,0.195413686,1.47359359,0.486723839,0.040718402
48.74779553,0.199856774,1.474887992,0.480414292,0.046853965
48.7524342,0.192990183,1.469872186,0.439852922,0.041190368
48.75707287,0.191697648,1.464451881,0.460584289,0.038909197
48.76171154,0.197594838,1.46340018,0.504751114,0.043864845
48.76635021,0.197110138,1.46364288,0.447063832,0.045359405
48.77098888,0.191293731,1.458950675,0.451570651,0.039538485
48.77562755,0.193232533,1.455552871,0.475907473,0.040325096
48.78026622,0.199210506,1.456604572,0.495737476,0.046381999
48.78490489,0.193798017,1.453692169,0.438050194,0.042527606
48.78954356,0.191455298,1.449728065,0.460584289,0.039066519
48.79418223,0.196302303,1.449080864,0.499342932,0.042527606
48.7988209,0.198241105,1.450375266,0.462387016,0.04646066
48.80345957,0.191859215,1.446492062,0.447965196,0.040089113
48.80809824,0.192020782,1.443660559,0.467795199,0.039381163
48.81273691,0.199210506,1.445925761,0.506553842,0.045516727
48.81737558,0.195575253,1.44527856,0.439852922,0.044022167
48.82201425,0.191293731,1.441799857,0.458781561,0.039223841
48.82665292,0.194767418,1.442204357,0.490329294,0.041269029
48.83129159,0.199210506,1.44535946,0.480414292,0.046539321
48.83593026,0.192505483,1.443336958,0.444359741,0.041269029
48.84056893,0.191778432,1.442042557,0.465992472,0.039223841
48.8452076,0.198160322,1.44455046,0.511962024,0.044336811
48.84984627,0.196948571,1.446572962,0.451570651,0.045438066
48.85448494,0.191778432,1.444145959,0.461485653,0.03985313
48.85912361,0.193798017,1.442851558,0.486723839,0.040403757
48.86376228,0.200099124,1.446006661,0.501145659,0.046775304
48.86840095,0.194040368,1.44503586,0.444359741,0.042448945
48.87303962,0.191859215,1.442285257,0.465992472,0.039302502
48.87767829,0.197029354,1.443013358,0.504751114,0.043156895
48.88231696,0.198483456,1.44479316,0.464189744,0.046696643
48.88695563,0.192505483,1.441638057,0.452472015,0.040325096
48.8915943,0.193232533,1.438968354,0.472302018,0.039695808
48.89623297,0.200099124,1.442042557,0.509257933,0.045988694
48.90087164,0.196140736,1.443984159,0.446162468,0.043864845
48.90551031,0.192828616,1.443984159,0.470499291,0.039381163
48.91014898,0.197029354,1.448676364,0.506553842,0.041505012
48.91478765,0.201068525,1.456038272,0.492132021,0.047011288
48.91942632,0.194767418,1.458707975,0.458781561,0.041111707
48.92406499,0.193959584,1.458707975,0.476808837,0.039381163
48.92870366,0.200260691,1.462024878,0.519172935,0.044808778
48.93334233,0.198725806,1.462510279,0.454274742,0.045438066
48.937981,0.193070967,1.457413573,0.462387016,0.039774469
48.94261967,0.195171335,1.455471971,0.486723839,0.040639741
48.94725834,0.201068525,1.456604572,0.495737476,0.047011288
48.95189701,0.194686635,1.452802268,0.439852922,0.042606267
48.95653568,0.192586266,1.447867363,0.461485653,0.039381163
48.96117435,0.197675621,1.446734762,0.500244295,0.043235556
48.96581302,0.198725806,1.446492062,0.45607747,0.046381999
48.97045169,0.192505483,1.441476256,0.447965196,0.040482418
48.97509036,0.193313317,1.439130154,0.468696563,0.040010452
48.97972903,0.200099124,1.440586355,0.502047023,0.046303338
48.9843677,0.195494469,1.439211054,0.438050194,0.043628861
48.98900637,0.191859215,1.43597505,0.461485653,0.039302502
48.99364504,0.195656036,1.436298651,0.49663884,0.042134301
48.99828371,0.199210506,1.439372854,0.476808837,0.047089949
49.00292238,0.192505483,1.43573235,0.444359741,0.041111707
49.00756105,0.191455298,1.433305348,0.465091108,0.039381163
49.01219972,0.197998755,1.434923349,0.509257933,0.045202083
49.01683839,0.195494469,1.435004249,0.442557013,0.045202083
49.02147706,0.190809031,1.431282846,0.455176106,0.039538485
49.02611573,0.193474884,1.430150244,0.48221702,0.040954385
49.0307544,0.199129723,1.432253647,0.48942793,0.047011288
49.03539307,0.192586266,1.429583944,0.440754286,0.042134301
49.04003174,0.190647464,1.42634794,0.465992472,0.039459824
49.04467041,0.196059953,1.427804142,0.511962024,0.043628861
49.04930908,0.196867787,1.428451343,0.465091108,0.046224677
49.05394775,0.190485897,1.424244538,0.459682925,0.040089113
49.05858642,0.191697648,1.421493935,0.478611565,0.040089113
49.06322509,0.197837188,1.422788337,0.506553842,0.046303338
49.06786376,0.193232533,1.420765834,0.439852922,0.0435502
49.07250243,0.190162763,1.417610731,0.461485653,0.039695808
49.0771411,0.194040368,1.41663993,0.494836113,0.042212962
49.08177977,0.197271704,1.419228733,0.469597927,0.047011288
49.08641844,0.190485897,1.415911829,0.442557013,0.041033046
49.09105711,0.190001197,1.413080326,0.46328838,0.039774469
49.09569578,0.19646387,1.414860128,0.505652478,0.045123422
49.10033445,0.193798017,1.414374728,0.438951558,0.044887439
49.10497312,0.189031796,1.411462324,0.453373379,0.039695808
49.10961179,0.191536082,1.410087023,0.480414292,0.041111707
49.11425046,0.196544654,1.413161226,0.483118383,0.046853965
49.11888913,0.190405114,1.411543225,0.434444739,0.041898318
49.1235278,0.188708662,1.410248823,0.45607747,0.039617147
49.12816647,0.194444285,1.412352225,0.499342932,0.043707522
49.13280514,0.194444285,1.414374728,0.447965196,0.04646066
49.13744381,0.188062395,1.410167923,0.444359741,0.039931791
49.14208248,0.189758846,1.408064521,0.466893835,0.040010452
49.14672115,0.196059953,1.408630821,0.493033385,0.046775304
49.15135982,0.190889814,1.40685102,0.42993792,0.043392878
49.15599849,0.187416127,1.402806015,0.452472015,0.039459824
49.16063716,0.192020782,1.402482415,0.487625202,0.042370284
49.16527583,0.194525068,1.404019517,0.459682925,0.046617982
49.1699145,0.187658477,1.399974512,0.436247467,0.040482418
49.17455317,0.187658477,1.39746661,0.457880198,0.039538485
49.17919184,0.194363501,1.398518311,0.501145659,0.045202083
49.18383051,0.191132165,1.398518311,0.433543375,0.044572794
49.18846918,0.186365943,1.394473306,0.451570651,0.039223841
49.19310785,0.189354929,1.393098005,0.479512928,0.040797063
49.19774652,0.194201934,1.396010408,0.478611565,0.046696643
49.20238519,0.187658477,1.393583406,0.432642012,0.041505012
49.20702386,0.186689076,1.389862002,0.454274742,0.03914518
49.21166253,0.192747833,1.390509202,0.498441568,0.043628861
49.2163012,0.192182349,1.392289004,0.442557013,0.045910033
49.22093987,0.18676986,1.389133901,0.443458377,0.039774469
49.22557854,0.188143178,1.387839499,0.466893835,0.040089113
49.23021721,0.194444285,1.390347402,0.491230657,0.046539321
49.23485588,0.18959728,1.390023802,0.430839284,0.042606267
49.23949455,0.187092994,1.386868698,0.454274742,0.038987858
49.24413322,0.192182349,1.387111399,0.492132021,0.042291623
49.24877189,0.195656036,1.389376601,0.461485653,0.046381999
49.25341056,0.18983963,1.387273199,0.441655649,0.040010452
49.25804923,0.190728247,1.385897897,0.461485653,0.03914518
49.2626879,0.197756405,1.3886485,0.50384975,0.045359405
49.26732657,0.194525068,1.389781102,0.437148831,0.043943506
49.27196524,0.190728247,1.387596799,0.45607747,0.039066519
49.27660391,0.194040368,1.387839499,0.487625202,0.041190368
49.28124258,0.19904894,1.391560903,0.483118383,0.046853965
49.28588125,0.192586266,1.390590102,0.440754286,0.041111707
49.29051992,0.191132165,1.389619301,0.461485653,0.038909197
49.29515859,0.197433271,1.392369904,0.50384975,0.043471539
49.29979726,0.196544654,1.394554207,0.446162468,0.045202083
49.30443593,0.191132165,1.392289004,0.451570651,0.039302502
49.3090746,0.192586266,1.391560903,0.475006109,0.039931791
49.31371327,0.198725806,1.396738509,0.494836113,0.046617982
49.31835194,0.193717234,1.399570012,0.438050194,0.042684928
49.32299061,0.191455298,1.402401515,0.466893835,0.039302502
49.32762928,0.19646387,1.408792622,0.509257933,0.042448945
49.33226795,0.198241105,1.414941028,0.471400654,0.046146016
49.33690662,0.192182349,1.415507329,0.45607747,0.040010452
49.34154529,0.193232533,1.41696353,0.480414292,0.039381163
49.34618396,0.200099124,1.423597337,0.520975662,0.045910033
49.35082263,0.196544654,1.428532243,0.456978834,0.044336811
49.3554613,0.192747833,1.431282846,0.477710201,0.039538485
49.36009997,0.196544654,1.436217751,0.508356569,0.041426351
49.36473864,0.200987742,1.440909956,0.497540204,0.046932627
49.36937731,0.194040368,1.438644753,0.454274742,0.041190368
49.37401598,0.192343916,1.434680649,0.470499291,0.039381163
49.37865465,0.198321889,1.433871648,0.511060661,0.04425815
49.38329332,0.197190921,1.432900847,0.447063832,0.045359405
49.38793199,0.191051381,1.427804142,0.452472015,0.03985313
49.39257066,0.1929094,1.424729939,0.474104746,0.040246435
49.39720933,0.198968156,1.425377139,0.48942793,0.04646066
49.401848,0.193232533,1.422626536,0.431740648,0.042527606
49.40648667,0.190162763,1.417934331,0.455176106,0.039381163
49.41112534,0.195252119,1.417529831,0.494836113,0.042999573
49.41576401,0.19646387,1.418662432,0.45607747,0.046303338
49.42040268,0.189758846,1.414698328,0.442557013,0.039931791
49.42504135,0.190405114,1.412675826,0.46328838,0.039381163
49.42968002,0.196948571,1.415183728,0.500244295,0.04575271
49.43431869,0.192586266,1.414051127,0.433543375,0.044022167
49.43895736,0.188870229,1.411138724,0.455176106,0.039381163
49.44359603,0.192505483,1.412352225,0.487625202,0.041426351
49.4482347,0.196383087,1.415183728,0.473203382,0.04716861
49.45287337,0.189678063,1.412756726,0.437148831,0.041269029
49.45751204,0.188870229,1.409844323,0.457880198,0.039617147
49.46215071,0.195090552,1.411462324,0.50384975,0.044572794
49.46678938,0.1933941,1.411381424,0.439852922,0.045202083
49.47142805,0.187820044,1.40733642,0.44886656,0.039774469
49.47606672,0.189920413,1.404990318,0.473203382,0.040718402
49.48070539,0.196140736,1.406608319,0.484921111,0.046539321
49.48534406,0.189920413,1.404100417,0.430839284,0.04205564
49.48998273,0.187496911,1.401511614,0.454274742,0.03914518
49.4946214,0.192424699,1.403048716,0.497540204,0.043078234
49.49926007,0.194040368,1.405556618,0.456978834,0.046224677
49.50389874,0.187739261,1.403048716,0.451570651,0.039695808
49.50853741,0.188547095,1.401430714,0.475006109,0.039538485
49.51317608,0.194848202,1.404424017,0.507455206,0.045831371
49.51781475,0.190809031,1.404504917,0.439852922,0.043471539
49.52245342,0.187416127,1.400217213,0.459682925,0.038909197
49.52709209,0.191212948,1.399650912,0.491230657,0.041269029
49.53173076,0.194282718,1.400783513,0.471400654,0.046617982
49.53636943,0.187658477,1.39754751,0.438951558,0.041033046
49.5410081,0.186850643,1.393583406,0.457880198,0.039223841
49.54564677,0.1933941,1.394554207,0.501145659,0.044494133
49.55028544,0.191051381,1.394068806,0.436247467,0.044572794
49.55492411,0.185719675,1.389862002,0.447063832,0.038909197
49.55956278,0.187900828,1.3884058,0.472302018,0.040089113
49.56420145,0.193555667,1.390104702,0.480414292,0.046224677
49.56884012,0.187335344,1.387596799,0.429036557,0.041662335
49.57347879,0.184992625,1.384279896,0.450669287,0.039066519
49.57811746,0.190001197,1.385655197,0.493033385,0.043235556
49.58275613,0.191212948,1.387434999,0.447965196,0.045988694
49.5873948,0.185315758,1.384927096,0.443458377,0.039695808
49.59203347,0.186285159,1.384765296,0.465992472,0.039538485
49.59667214,0.192667049,1.3884867,0.497540204,0.045910033
49.60131081,0.188223961,1.389942902,0.433543375,0.043314217
49.60594948,0.185315758,1.388891201,0.456978834,0.039066519
49.61058815,0.189274146,1.390832803,0.491230657,0.04205564
49.61522682,0.1929094,1.394796907,0.468696563,0.046853965
49.61986549,0.185719675,1.391965404,0.439852922,0.040561079
49.62450416,0.185881242,1.389781102,0.458781561,0.039617147
49.62914283,0.192505483,1.391641803,0.501145659,0.0449661
49.6337815,0.189920413,1.392046304,0.435346103,0.044651455
49.63842017,0.184669491,1.388891201,0.449767924,0.039302502
49.64305884,0.187658477,1.3886485,0.476808837,0.040954385
49.64769751,0.192667049,1.391560903,0.480414292,0.047089949
49.65233618,0.18676986,1.390266502,0.432642012,0.041819657
49.65697485,0.185073408,1.3885676,0.456978834,0.039223841
49.66161352,0.190970598,1.391399103,0.502047023,0.043392878
49.66625219,0.191293731,1.395120507,0.45607747,0.045910033
49.67089086,0.186204376,1.393745206,0.454274742,0.039459824
49.67552953,0.18725456,1.393502505,0.473203382,0.03985313
49.6801682,0.193878801,1.397062109,0.498441568,0.046146016
49.68480687,0.188870229,1.395848608,0.433543375,0.043314217
49.68944554,0.185881242,1.392046304,0.454274742,0.03914518
49.69408421,0.190162763,1.393098005,0.491230657,0.042370284
49.69872288,0.19315175,1.397304809,0.465091108,0.046853965
49.70336155,0.18676986,1.396010408,0.442557013,0.040718402
49.70800022,0.18652751,1.395363207,0.46328838,0.039302502
49.71263889,0.193474884,1.399812712,0.506553842,0.044887439
49.71727756,0.190728247,1.402401515,0.439852922,0.044651455
49.72191623,0.185962026,1.400621713,0.453373379,0.039695808
49.7265549,0.188870229,1.400621713,0.481315656,0.040875724
49.73119357,0.194444285,1.404100417,0.480414292,0.046932627
49.73583224,0.187820044,1.401592514,0.433543375,0.041819657
49.74047091,0.186123593,1.39779021,0.455176106,0.039066519
49.74510958,0.192020782,1.39811381,0.49663884,0.043943506
49.74974825,0.192182349,1.398599211,0.442557013,0.04575271
49.75438692,0.186365943,1.394311506,0.443458377,0.039695808
49.75902559,0.187496911,1.392289004,0.465992472,0.039774469
49.76366426,0.193232533,1.395039607,0.490329294,0.04646066
49.76830293,0.187900828,1.393340705,0.429036557,0.043235556
49.7729416,0.185154191,1.389376601,0.451570651,0.039066519
49.77758027,0.189678063,1.389700201,0.48942793,0.04205564
49.78221894,0.192101566,1.391803604,0.458781561,0.046539321
49.78685761,0.185881242,1.3884058,0.438050194,0.040010452
49.79149628,0.185719675,1.385493397,0.458781561,0.039381163
49.79613495,0.192667049,1.3881631,0.498441568,0.045280744
49.80077362,0.18959728,1.388244,0.431740648,0.044179489
49.80541229,0.184911841,1.384846196,0.449767924,0.03914518
49.81005096,0.188304745,1.384279896,0.479512928,0.040954385
49.81468963,0.193070967,1.387111399,0.475907473,0.046775304
49.8193283,0.186689076,1.385412497,0.433543375,0.04134769
49.82396697,0.185315758,1.382823694,0.45607747,0.038830536
49.82860564,0.190809031,1.385493397,0.502047023,0.043864845
49.83324431,0.190243547,1.3887294,0.447063832,0.045516727
49.83788298,0.185234975,1.387192299,0.451570651,0.039459824
49.84252165,0.187335344,1.387192299,0.475006109,0.040167774
49.84716032,0.193717234,1.390751903,0.494836113,0.046303338
49.85179899,0.188304745,1.390104702,0.434444739,0.042448945
49.85643766,0.185315758,1.387273199,0.456978834,0.039459824
49.86107633,0.190566681,1.3886485,0.49663884,0.042606267
49.865715,0.192424699,1.391156403,0.461485653,0.046539321
49.87035367,0.186365943,1.389133901,0.444359741,0.040167774
49.87499234,0.186285159,1.3880013,0.465992472,0.039381163
49.87963101,0.1929094,1.391803604,0.506553842,0.045202083
49.88426968,0.189678063,1.393017105,0.438951558,0.043786184
49.88890835,0.185234975,1.389376601,0.45607747,0.039223841
49.89354702,0.188304745,1.389538401,0.484019747,0.041426351
49.89818569,0.192747833,1.391560903,0.475006109,0.046932627
49.90282436,0.185962026,1.3881631,0.434444739,0.041111707
49.90746303,0.185234975,1.385007996,0.45607747,0.039302502
49.9121017,0.191293731,1.386383298,0.499342932,0.043707522
49.91674037,0.190405114,1.387677699,0.439852922,0.045123422
49.92137904,0.184750274,1.383956295,0.447063832,0.039223841
49.92601771,0.186446726,1.382095593,0.471400654,0.040246435
49.93065638,0.192343916,1.385088897,0.488526566,0.046303338
49.93529505,0.18725456,1.384037195,0.431740648,0.042291623
49.93993372,0.184911841,1.381529293,0.454274742,0.038987858
49.94457239,0.189758846,1.382742794,0.494836113,0.042684928
49.94921106,0.191778432,1.384522596,0.45607747,0.045910033
49.95384973,0.185315758,1.381286592,0.442557013,0.039695808
49.9584884,0.186042809,1.37926409,0.461485653,0.039538485
49.96312707,0.192424699,1.382904594,0.498441568,0.045674049
49.96776574,0.188789445,1.382985494,0.431740648,0.043628861
49.97240441,0.185073408,1.379506791,0.452472015,0.03914518
49.97704308,0.188708662,1.380315791,0.484921111,0.041269029
49.98168175,0.192828616,1.383956295,0.471400654,0.046696643
49.98632042,0.186365943,1.382095593,0.436247467,0.040875724
49.99095909,0.185477325,1.380073091,0.45607747,0.039066519
49.99559776,0.191455298,1.382014693,0.501145659,0.044494133
50.00023643,0.190243547,1.383551795,0.438951558,0.045359405
50.0048751,0.185073408,1.380801192,0.44886656,0.039066519
50.00951377,0.187335344,1.380073091,0.473203382,0.040010452
50.01415244,0.193232533,1.383389995,0.486723839,0.046696643
50.01879111,0.18701221,1.382176493,0.430839284,0.042212962
50.02342978,0.184992625,1.379587691,0.453373379,0.039223841
50.02806845,0.190243547,1.380962992,0.493934749,0.042999573
50.03270712,0.191616865,1.383389995,0.450669287,0.046381999
50.03734579,0.185558109,1.380720292,0.441655649,0.040010452
50.04198446,0.186204376,1.378455089,0.46328838,0.039695808
50.04662313,0.192343916,1.381771993,0.49663884,0.046067355
50.0512618,0.188304745,1.383389995,0.430839284,0.043864845
50.05590047,0.184992625,1.381286592,0.454274742,0.039302502
50.06053914,0.188951012,1.383794495,0.491230657,0.041740996
50.06517781,0.192828616,1.3884867,0.475006109,0.046696643
50.06981648,0.186608293,1.387758599,0.441655649,0.040639741
50.07445515,0.185800459,1.387515899,0.464189744,0.039381163
50.07909382,0.192020782,1.391399103,0.510159297,0.044572794
50.08373249,0.190162763,1.395120507,0.447965196,0.044808778
50.08837116,0.185154191,1.395201407,0.465091108,0.039381163
50.09300983,0.187496911,1.39803291,0.494836113,0.040561079
50.0976485,0.193232533,1.403938617,0.504751114,0.046696643
50.10228717,0.186931427,1.404019517,0.449767924,0.04205564
50.10692584,0.185315758,1.402320615,0.469597927,0.039066519
50.11156451,0.190728247,1.403372316,0.506553842,0.042999573
50.11620318,0.191132165,1.405233018,0.457880198,0.045988694
50.12084185,0.185073408,1.401754314,0.447965196,0.040167774
50.12548052,0.186285159,1.400217213,0.468696563,0.039617147
50.13011919,0.192828616,1.403776816,0.499342932,0.045910033
50.13475786,0.188385528,1.403048716,0.433543375,0.043707522
50.13939653,0.184911841,1.399650912,0.454274742,0.039459824
50.1440352,0.188870229,1.400298113,0.48942793,0.041898318
50.14867387,0.192828616,1.403938617,0.468696563,0.046696643
50.15331254,0.186285159,1.401268914,0.440754286,0.040482418
50.15795121,0.185638892,1.400217213,0.461485653,0.038987858
50.16258988,0.192424699,1.403210516,0.506553842,0.044494133
50.16722855,0.190405114,1.404262217,0.442557013,0.044415472
50.17186722,0.185558109,1.402806015,0.457880198,0.038909197
50.17650589,0.188143178,1.403938617,0.486723839,0.040246435
50.18114456,0.19363645,1.408388121,0.48942793,0.046853965
50.18578323,0.187335344,1.405880219,0.437148831,0.041819657
50.1904219,0.185800459,1.404343117,0.459682925,0.03914518
50.19506057,0.191212948,1.40677012,0.502948387,0.043235556
50.19969924,0.191859215,1.408954422,0.454274742,0.045910033
50.20433791,0.186042809,1.407821821,0.454274742,0.039617147
50.20897658,0.187416127,1.409358922,0.476808837,0.039617147
50.21361525,0.194121151,1.414536528,0.504751114,0.046146016
50.21825392,0.189354929,1.41704443,0.442557013,0.0435502
50.22289259,0.186689076,1.417934331,0.468696563,0.039302502
50.22753126,0.190970598,1.422545636,0.508356569,0.042291623
50.23216993,0.194767418,1.429664844,0.484019747,0.046775304
50.2368086,0.188062395,1.430878345,0.458781561,0.040639741
50.24144727,0.188062395,1.431606446,0.478611565,0.039381163
50.24608594,0.194928985,1.436298651,0.519172935,0.045202083
50.25072461,0.192263132,1.438725653,0.449767924,0.044730116
50.25536328,0.187658477,1.436379551,0.465091108,0.039695808
50.26000195,0.190243547,1.436945852,0.492132021,0.041190368
50.26464062,0.195736819,1.440990856,0.492132021,0.047089949
50.26927929,0.188870229,1.439372854,0.442557013,0.041740996
50.27391796,0.187739261,1.438078453,0.465992472,0.039302502
50.27855663,0.19363645,1.440829056,0.509257933,0.043786184
50.2831953,0.193555667,1.442770658,0.455176106,0.046224677
50.28783397,0.187900828,1.439777355,0.455176106,0.040089113
50.29247264,0.189112579,1.438321153,0.477710201,0.040325096
50.29711131,0.19597917,1.441071756,0.502047023,0.046775304
50.30174998,0.190566681,1.439696454,0.439852922,0.043314217
50.30638865,0.187658477,1.436055951,0.461485653,0.040403757
50.31102732,0.192424699,1.436784051,0.498441568,0.042920912
50.31566599,0.194848202,1.438644753,0.467795199,0.047247271
50.32030466,0.187900828,1.434276149,0.445261105,0.040875724
50.32494333,0.187981611,1.431768246,0.465091108,0.039931791
50.329582,0.195090552,1.432334547,0.506553842,0.045674049
50.33422067,0.191939999,1.431121045,0.438951558,0.044336811
50.33885934,0.187335344,1.427723242,0.456978834,0.039617147
50.34349801,0.190405114,1.426752441,0.486723839,0.041583673
50.34813668,0.195494469,1.429664844,0.484921111,0.04716861
50.35277535,0.188951012,1.426833341,0.441655649,0.041976979
50.35741402,0.187900828,1.424810839,0.464189744,0.039617147
50.36205269,0.19363645,1.42650974,0.509257933,0.044415472
50.36669136,0.193313317,1.427480541,0.454274742,0.045988694
50.37133003,0.187981611,1.423920938,0.456978834,0.040089113
50.3759687,0.190405114,1.422626536,0.479512928,0.040325096
50.38060737,0.196625437,1.424972639,0.499342932,0.046932627
50.38524604,0.191132165,1.423678237,0.438951558,0.043392878
50.38988471,0.188466312,1.419390533,0.460584289,0.040089113
50.39452338,0.192667049,1.419471433,0.497540204,0.04276359
50.39916205,0.195090552,1.421332135,0.46328838,0.046775304
50.40380072,0.188304745,1.418015231,0.445261105,0.040797063
50.40843939,0.188951012,1.415507329,0.465992472,0.039695808
50.41307806,0.195898386,1.418905132,0.505652478,0.045674049
50.41771673,0.192182349,1.419147833,0.438951558,0.044730116
50.4223554,0.188385528,1.415669129,0.458781561,0.039774469
50.42699407,0.191455298,1.415507329,0.490329294,0.041740996
50.43163274,0.195898386,1.418581532,0.481315656,0.047325932
50.43627141,0.189193362,1.415507329,0.439852922,0.041583673
50.44091008,0.188143178,1.412837626,0.461485653,0.039538485
50.44554875,0.194121151,1.415102828,0.504751114,0.044887439
50.45018742,0.193070967,1.417610731,0.447063832,0.045831371
50.45482609,0.187900828,1.414860128,0.453373379,0.040010452
50.45946476,0.189678063,1.414779228,0.477710201,0.040482418
50.46410343,0.195736819,1.420118634,0.494836113,0.047011288
50.4687421,0.18983963,1.421413035,0.438050194,0.042999573
50.47338077,0.18725456,1.422464736,0.462387016,0.039459824
50.47801944,0.192101566,1.428289542,0.504751114,0.042999573
50.48265811,0.194121151,1.434195249,0.466893835,0.046696643
50.48729678,0.188062395,1.43540875,0.454274742,0.040561079
50.49193545,0.188143178,1.437754852,0.475006109,0.039931791
50.49657412,0.194848202,1.44495496,0.512863388,0.045988694
50.50121279,0.191132165,1.448271864,0.447063832,0.044179489
50.50585146,0.187577694,1.448514564,0.466893835,0.039617147
50.51049013,0.191212948,1.451507867,0.498441568,0.041662335
50.5151288,0.19597917,1.457898974,0.486723839,0.04716861
50.51976747,0.18959728,1.457818074,0.450669287,0.041033046
50.52440614,0.188870229,1.457494473,0.471400654,0.039302502
50.52904481,0.195252119,1.461134977,0.517370207,0.044572794
50.53368348,0.194121151,1.465018181,0.456978834,0.045359405
50.53832215,0.189031796,1.465988982,0.468696563,0.039617147
50.54296082,0.191778432,1.47286549,0.498441568,0.040639741
50.54759949,0.197998755,1.484353302,0.520074299,0.046853965
50.55223816,0.193070967,1.49252421,0.470499291,0.042684928
50.55687683,0.191536082,1.500047918,0.495737476,0.039223841
50.5615155,0.197029354,1.507652527,0.531792028,0.042999573
50.56615417,0.198725806,1.512587432,0.484019747,0.046539321
50.57079284,0.192343916,1.509675029,0.469597927,0.040325096
50.57543151,0.192990183,1.508057027,0.484921111,0.039774469
50.58007018,0.199695207,1.508461527,0.51556748,0.045910033
50.58470885,0.195009769,1.506439025,0.446162468,0.043707522
50.58934752,0.190970598,1.50134232,0.465091108,0.039459824
50.59398619,0.195332902,1.499238918,0.497540204,0.041898318
50.59862486,0.198968156,1.500209719,0.479512928,0.046932627
50.60326353,0.192424699,1.495922014,0.445261105,0.041033046
50.6079022,0.191616865,1.49179611,0.465992472,0.039381163
50.61254087,0.198321889,1.491472509,0.509257933,0.044887439
50.61717954,0.19622152,1.490987109,0.445261105,0.045202083
50.62181821,0.190809031,1.485000502,0.45607747,0.039774469
50.62645688,0.1929094,1.482007199,0.48221702,0.040639741
50.63109555,0.198402672,1.4826544,0.493033385,0.047089949
50.63573422,0.192424699,1.479741997,0.439852922,0.041898318
50.64037289,0.190243547,1.475211592,0.46328838,0.039381163
50.64501156,0.195736819,1.474483491,0.50384975,0.043392878
50.64965023,0.196948571,1.474887992,0.457880198,0.04646066
50.6542889,0.190001197,1.470114887,0.449767924,0.040246435
50.65892757,0.190809031,1.466878883,0.471400654,0.040089113
50.66356624,0.197190921,1.467283384,0.502948387,0.04646066
50.66820491,0.192343916,1.464775481,0.437148831,0.043786184
50.67284358,0.188708662,1.459840576,0.458781561,0.039538485
50.67748225,0.1929094,1.458627075,0.491230657,0.042291623
50.68212092,0.196140736,1.460083276,0.469597927,0.04716861
50.68675959,0.189354929,1.456280972,0.440754286,0.041269029
50.69139826,0.188547095,1.452802268,0.460584289,0.039774469
50.69603693,0.194848202,1.453773069,0.504751114,0.045595388
50.7006756,0.192505483,1.453692169,0.439852922,0.045202083
50.70531427,0.187900828,1.450294366,0.454274742,0.039774469
50.70995294,0.19008198,1.448514564,0.481315656,0.041269029
50.71459161,0.196302303,1.451022466,0.487625202,0.047483254
50.71923028,0.189920413,1.448838164,0.438951558,0.042606267
50.72386895,0.187820044,1.446087561,0.460584289,0.039695808
50.72850762,0.193313317,1.446168461,0.502948387,0.043786184
50.73314629,0.193878801,1.447139262,0.454274742,0.046224677
50.73778496,0.187416127,1.442123457,0.449767924,0.040089113
50.74242363,0.188789445,1.439696454,0.472302018,0.040010452
50.7470623,0.195332902,1.442042557,0.501145659,0.04646066
50.75170097,0.190405114,1.440505455,0.438050194,0.043392878
50.75633964,0.186931427,1.436055951,0.459682925,0.039381163
50.76097831,0.191293731,1.436298651,0.495737476,0.042606267
50.76561698,0.194444285,1.438968354,0.471400654,0.04716861
50.77025565,0.187416127,1.436136851,0.446162468,0.041111707
50.77489432,0.18725456,1.433467148,0.465091108,0.03985313
50.77953299,0.193959584,1.43557055,0.509257933,0.045438066
50.78417166,0.191212948,1.43516605,0.442557013,0.044730116
50.78881033,0.186608293,1.431201945,0.457880198,0.039695808
50.793449,0.189435713,1.430635645,0.488526566,0.04134769
50.79808767,0.194848202,1.434195249,0.493033385,0.046932627
50.80272634,0.188385528,1.433467148,0.447063832,0.041898318
50.80736501,0.186850643,1.431040145,0.469597927,0.039538485
50.81200368,0.192505483,1.432658147,0.512863388,0.044100828
50.81664235,0.192182349,1.434680649,0.459682925,0.046381999
50.82128102,0.186204376,1.431282846,0.458781561,0.040561079
50.82591969,0.187496911,1.430554745,0.481315656,0.040403757
50.83055836,0.194282718,1.43532785,0.506553842,0.046775304
50.83519703,0.188870229,1.43532785,0.443458377,0.043786184
50.8398357,0.186042809,1.433790748,0.465992472,0.03985313
50.84447437,0.191293731,1.438482953,0.506553842,0.042920912
50.84911304,0.19363645,1.444065059,0.477710201,0.047325932
50.85375171,0.187092994,1.44519766,0.457880198,0.040875724
50.85839038,0.187496911,1.446572962,0.480414292,0.039931791
50.86302905,0.194686635,1.451993267,0.520975662,0.045674049
50.86766772,0.191697648,1.453044969,0.450669287,0.044887439
50.87230639,0.18725456,1.450537066,0.467795199,0.039617147
50.87694506,0.19008198,1.449728065,0.495737476,0.041426351
50.88158373,0.195413686,1.451912367,0.492132021,0.047325932
50.8862224,0.188789445,1.448838164,0.447965196,0.041898318
50.89086107,0.18725456,1.445683061,0.469597927,0.039931791
50.89549974,0.193555667,1.447139262,0.512863388,0.044730116
50.90013841,0.192828616,1.447786463,0.456978834,0.04646066
50.90477708,0.187496911,1.44463136,0.459682925,0.040875724
50.90941575,0.188870229,1.443013358,0.484019747,0.041426351
50.91405442,0.195575253,1.447462863,0.508356569,0.047876559
50.91869309,0.190001197,1.447948263,0.447965196,0.044022167
50.92333176,0.187496911,1.447786463,0.473203382,0.040718402
50.92797043,0.192020782,1.451346067,0.514666116,0.044022167
50.9326091,0.194686635,1.455714671,0.484019747,0.048112543
50.93724777,0.188547095,1.45474387,0.465992472,0.041898318
50.94188644,0.188466312,1.453449469,0.486723839,0.041033046
50.94652511,0.195332902,1.45482477,0.523679754,0.046775304
50.95116378,0.191939999,1.453530369,0.451570651,0.045516727
50.95580245,0.187981611,1.448029163,0.466893835,0.040718402
50.96044112,0.191051381,1.44479316,0.494836113,0.042134301
50.96507979,0.195494469,1.445440361,0.484019747,0.048033882
50.96971846,0.189031796,1.440181855,0.440754286,0.042448945
50.97435713,0.187658477,1.434437949,0.458781561,0.040167774
50.9789958,0.193878801,1.432900847,0.501145659,0.045123422
50.98363447,0.192505483,1.432172746,0.441655649,0.046617982
50.98827314,0.187092994,1.42626704,0.446162468,0.040875724
50.99291181,0.188789445,1.422545636,0.470499291,0.041269029
50.99755048,0.195009769,1.422707436,0.48942793,0.047719237
51.00218915,0.189354929,1.419147833,0.430839284,0.043628861
51.00682782,0.186446726,1.414698328,0.454274742,0.03985313
51.01146649,0.191374515,1.413080326,0.493033385,0.0435502
51.01610516,0.193070967,1.413403927,0.45607747,0.047561915
51.02074383,0.18676986,1.408226321,0.441655649,0.041190368
51.0253825,0.187092994,1.405313918,0.461485653,0.040639741
51.03002117,0.19363645,1.406042019,0.498441568,0.046617982
51.03465984,0.189920413,1.404019517,0.430839284,0.044730116
51.03929851,0.185881242,1.399570012,0.450669287,0.039774469
51.04393718,0.189435713,1.398518311,0.483118383,0.04205564
51.04857585,0.193959584,1.400459913,0.470499291,0.047483254
51.05321452,0.18725456,1.396900309,0.432642012,0.043156895
51.05785319,0.18652751,1.393745206,0.455176106,0.041505012
51.06249186,0.192747833,1.394554207,0.499342932,0.04646066
51.06713053,0.191051381,1.394635107,0.439852922,0.047325932
51.0717692,0.186204376,1.390671002,0.447965196,0.041583673
51.07640787,0.188385528,1.389133901,0.473203382,0.042448945
51.08104654,0.194121151,1.391318203,0.488526566,0.048427187
51.08568521,0.188304745,1.389376601,0.432642012,0.044179489
51.09032388,0.185881242,1.386545098,0.455176106,0.040954385
51.09496255,0.191132165,1.386383298,0.495737476,0.044651455
51.09960122,0.192505483,1.388972101,0.453373379,0.047876559
51.10423989,0.186446726,1.385574297,0.442557013,0.041740996
51.10887856,0.186931427,1.384037195,0.46328838,0.04134769
51.11351723,0.1933941,1.386140598,0.500244295,0.047089949
51.1181559,0.18959728,1.386706898,0.435346103,0.045202083
51.12279457,0.185881242,1.384441696,0.45607747,0.040718402
51.12743324,0.189516496,1.385169797,0.48942793,0.042999573
51.13207191,0.19363645,1.3883249,0.473203382,0.048191204
51.13671058,0.18701221,1.386625998,0.438951558,0.042606267
51.14134925,0.186204376,1.384441696,0.459682925,0.040718402
51.14598792,0.192424699,1.386221498,0.50384975,0.046146016
51.15062659,0.190889814,1.386949598,0.439852922,0.046224677
51.15526526,0.186123593,1.383309095,0.451570651,0.040482418
51.15990393,0.188223961,1.383389995,0.477710201,0.04134769
51.1645426,0.194121151,1.387515899,0.488526566,0.047719237
51.16918127,0.188143178,1.385897897,0.435346103,0.043156895
51.17381994,0.18652751,1.383228195,0.458781561,0.040167774
51.17845861,0.191939999,1.384684396,0.500244295,0.044179489
51.18309728,0.192828616,1.386545098,0.454274742,0.047089949
51.18773595,0.186365943,1.383309095,0.446162468,0.040875724
51.19237462,0.187658477,1.382742794,0.466893835,0.040561079
51.19701329,0.194201934,1.386383298,0.499342932,0.046775304
51.20165196,0.189678063,1.386059698,0.432642012,0.04425815
51.20629063,0.186446726,1.382904594,0.454274742,0.039931791
51.2109293,0.190405114,1.384684396,0.48942793,0.042527606
51.21556797,0.194121151,1.390104702,0.472302018,0.047876559
51.22020664,0.187739261,1.390671002,0.445261105,0.041662335
51.22484531,0.187496911,1.391237303,0.467795199,0.040010452
51.22948398,0.193959584,1.395120507,0.511962024,0.045831371
51.23412265,0.191939999,1.396738509,0.446162468,0.045831371
51.23876132,0.187577694,1.394311506,0.456978834,0.040089113
51.24339999,0.190162763,1.394311506,0.483118383,0.041190368
51.24803866,0.196302303,1.39803291,0.48942793,0.047325932
51.25267733,0.19008198,1.397143009,0.438050194,0.042370284
51.257316,0.188143178,1.395201407,0.461485653,0.040089113
51.26195467,0.193959584,1.39779021,0.502948387,0.043864845
51.26659334,0.195171335,1.400540813,0.45607747,0.046696643
51.27123201,0.189193362,1.39762841,0.451570651,0.040561079
51.27587068,0.190485897,1.39746661,0.474104746,0.040797063
51.28050935,0.197514055,1.402077915,0.50384975,0.046932627
51.28514802,0.192828616,1.403695916,0.440754286,0.043943506
51.28978669,0.189516496,1.404019517,0.46328838,0.040089113
51.29442536,0.194201934,1.409844323,0.501145659,0.042684928
51.29906403,0.197837188,1.420037734,0.481315656,0.047561915
51.3037027,0.192343916,1.424729939,0.460584289,0.04134769
51.30834137,0.192586266,1.430878345,0.48221702,0.040167774
51.31298004,0.200018341,1.441638057,0.527285209,0.045831371
51.31761871,0.197756405,1.448838164,0.461485653,0.045516727
51.32225738,0.193717234,1.451103367,0.475006109,0.040246435
51.32689605,0.196867787,1.45450117,0.499342932,0.041662335
51.33153472,0.202280276,1.459436075,0.498441568,0.047797898
51.33617339,0.196383087,1.457009073,0.447063832,0.042370284
51.34081206,0.194282718,1.453530369,0.466893835,0.03985313
51.34545073,0.200260691,1.453853969,0.507455206,0.044336811
51.3500894,0.201068525,1.452964069,0.453373379,0.04646066
51.35472807,0.194686635,1.446977462,0.450669287,0.040482418
51.35936674,0.195494469,1.442770658,0.472302018,0.040561079
51.36400541,0.201714792,1.442689758,0.49663884,0.046775304
51.36864408,0.19622152,1.439453754,0.432642012,0.0435502
51.37328275,0.1929094,1.433467148,0.454274742,0.039459824
51.37792142,0.196948571,1.431444646,0.491230657,0.042527606
51.38256009,0.199614424,1.431930046,0.462387016,0.047011288
51.38719876,0.192990183,1.426995141,0.439852922,0.041033046
51.39183743,0.192586266,1.423111937,0.460584289,0.039774469
51.3964761,0.199129723,1.423435537,0.50384975,0.045595388
51.40111477,0.195494469,1.421332135,0.435346103,0.044808778
51.40575344,0.190728247,1.415911829,0.451570651,0.039931791
51.41039211,0.194040368,1.414293827,0.480414292,0.041269029
51.41503078,0.198806589,1.415669129,0.479512928,0.047089949
51.41966945,0.191859215,1.411624125,0.434444739,0.041819657
51.42430812,0.190485897,1.408145421,0.456978834,0.039774469
51.42894679,0.196544654,1.408064521,0.501145659,0.044179489
51.43358546,0.195736819,1.408792622,0.447063832,0.046381999
51.43822413,0.19008198,1.404100417,0.44886656,0.040089113
51.4428628,0.191536082,1.401997014,0.472302018,0.040482418
51.44750147,0.197594838,1.404262217,0.494836113,0.046853965
51.45214014,0.191697648,1.402239715,0.434444739,0.043235556
51.45677881,0.189112579,1.399408212,0.456978834,0.039617147
51.46141748,0.193798017,1.399327312,0.494836113,0.04276359
51.46605615,0.19597917,1.401268914,0.462387016,0.047089949
51.47069482,0.189435713,1.39762841,0.443458377,0.040639741
51.47533349,0.189516496,1.394796907,0.46328838,0.039695808
51.47997216,0.19622152,1.396981209,0.50384975,0.045910033
51.48461083,0.1929094,1.396738509,0.437148831,0.044808778
51.4892495,0.188304745,1.393340705,0.453373379,0.039931791
51.49388817,0.191374515,1.392046304,0.483118383,0.041898318
51.49852684,0.19622152,1.394149706,0.476808837,0.047561915
51.50316551,0.189516496,1.392208104,0.436247467,0.041976979
51.50780418,0.188466312,1.391480003,0.458781561,0.03985313
51.51244285,0.195009769,1.394230606,0.504751114,0.044572794
51.51708152,0.194201934,1.396738509,0.447965196,0.046067355
51.52172019,0.189031796,1.395363207,0.455176106,0.040089113
51.52635886,0.191051381,1.396334008,0.478611565,0.040954385
51.53099753,0.197271704,1.401107114,0.498441568,0.047325932
51.5356362,0.191455298,1.400298113,0.438050194,0.042999573
51.54027487,0.188708662,1.397143009,0.459682925,0.039459824
51.54491354,0.193232533,1.397062109,0.497540204,0.043314217
51.54955221,0.195656036,1.399408212,0.461485653,0.046932627
51.55419088,0.189031796,1.396657609,0.44886656,0.040482418
51.55882955,0.189516496,1.395444108,0.471400654,0.040089113
51.56346822,0.196059953,1.399084611,0.511060661,0.046067355
51.56810689,0.192182349,1.399893612,0.443458377,0.044494133
51.57274556,0.188304745,1.397062109,0.462387016,0.039617147
51.57738423,0.191778432,1.39770931,0.492132021,0.041976979
51.5820229,0.196140736,1.400136312,0.480414292,0.047325932
51.58666157,0.189678063,1.398275611,0.441655649,0.041898318
51.59130024,0.188466312,1.395525008,0.462387016,0.040167774
51.59593891,0.194848202,1.39770931,0.508356569,0.044887439
51.60057758,0.193959584,1.401673414,0.452472015,0.045910033
51.60521625,0.187981611,1.401754314,0.46328838,0.040403757
51.60985492,0.190243547,1.403372316,0.486723839,0.041033046
51.61449359,0.196383087,1.408145421,0.500244295,0.047247271
51.61913226,0.19008198,1.40685102,0.440754286,0.043156895
51.62377093,0.187658477,1.403695916,0.462387016,0.039774469
51.6284096,0.192586266,1.403534116,0.499342932,0.0435502
51.63304827,0.194121151,1.404909418,0.459682925,0.046696643
51.63768694,0.187739261,1.400459913,0.445261105,0.040718402
51.64232561,0.188223961,1.398275611,0.465992472,0.039931791
51.64696428,0.195009769,1.400217213,0.502047023,0.046224677
51.65160295,0.190970598,1.399489112,0.436247467,0.044336811
51.65624162,0.187092994,1.396091308,0.456978834,0.039538485
51.66088029,0.190889814,1.395848608,0.48942793,0.04205564
51.66551896,0.195009769,1.398518311,0.474104746,0.047483254
51.67015763,0.188304745,1.396334008,0.439852922,0.041583673
51.6747963,0.187416127,1.393259805,0.460584289,0.039931791
51.67943497,0.193555667,1.394149706,0.50384975,0.045202083
51.68407364,0.192424699,1.394716007,0.439852922,0.045516727
51.68871231,0.186850643,1.391156403,0.449767924,0.040246435
51.69335098,0.189354929,1.390185602,0.475006109,0.041033046
51.69798965,0.195171335,1.392046304,0.486723839,0.04716861
51.70262832,0.189031796,1.389214801,0.433543375,0.042291623
51.70726699,0.18701221,1.385897897,0.45607747,0.039695808
51.71190566,0.191697648,1.386868698,0.495737476,0.043628861
51.71654433,0.193313317,1.389376601,0.453373379,0.04646066
51.721183,0.186931427,1.386383298,0.444359741,0.040718402
51.72582167,0.187658477,1.383956295,0.466893835,0.040167774
51.73046034,0.193959584,1.386949598,0.500244295,0.046381999
51.73509901,0.18983963,1.386706898,0.435346103,0.043707522
51.73973768,0.186285159,1.384360796,0.45607747,0.039617147
51.74437635,0.190162763,1.384846196,0.491230657,0.042134301
51.74901502,0.193878801,1.387839499,0.472302018,0.047089949
51.75365369,0.187577694,1.385816997,0.441655649,0.04134769
51.75829236,0.186689076,1.383551795,0.461485653,0.039617147
51.76293103,0.192747833,1.385655197,0.504751114,0.045359405
51.7675697,0.191051381,1.386545098,0.439852922,0.045202083
51.77220837,0.186365943,1.383228195,0.453373379,0.03985313
51.77684704,0.188627879,1.382580994,0.479512928,0.041111707
51.78148571,0.194121151,1.385655197,0.486723839,0.047089949
51.78612438,0.188223961,1.384927096,0.436247467,0.042212962
51.79076305,0.186123593,1.383713595,0.458781561,0.039538485
51.79540172,0.191697648,1.386221498,0.502047023,0.043864845
51.80004039,0.192343916,1.389538401,0.454274742,0.046539321
51.80467906,0.186850643,1.386706898,0.44886656,0.040246435
51.80931773,0.187335344,1.385088897,0.471400654,0.040246435
51.8139564,0.193878801,1.3886485,0.501145659,0.046853965
51.81859507,0.189031796,1.389214801,0.438050194,0.043943506
51.82323374,0.186042809,1.387515899,0.461485653,0.039617147
51.82787241,0.190405114,1.389538401,0.498441568,0.042527606
51.83251108,0.193717234,1.393987906,0.475907473,0.047325932
51.83714975,0.187416127,1.393098005,0.449767924,0.041111707
51.84178842,0.18701221,1.393017105,0.470499291,0.03985313
51.84642709,0.193798017,1.399408212,0.516468843,0.045595388
51.85106576,0.191132165,1.404262217,0.451570651,0.045438066
51.85570443,0.18676986,1.405799318,0.467795199,0.039931791
51.8603431,0.189516496,1.408307221,0.494836113,0.041505012
51.86498177,0.194848202,1.412999426,0.494836113,0.047247271
51.86962044,0.188304745,1.411138724,0.443458377,0.042212962
51.87425911,0.186689076,1.40725552,0.46328838,0.039931791
51.87889778,0.192828616,1.40757912,0.50384975,0.044022167
51.88353645,0.192828616,1.40766002,0.451570651,0.046303338
51.88817512,0.187092994,1.402967815,0.44886656,0.040167774
51.89281379,0.188143178,1.400298113,0.470499291,0.040718402
51.89745246,0.194444285,1.402806015,0.49663884,0.046932627
51.90209113,0.189193362,1.401107114,0.432642012,0.043707522
51.9067298,0.185800459,1.396576709,0.45607747,0.039774469
51.91136847,0.190647464,1.396576709,0.492132021,0.042527606
51.91600714,0.1933941,1.398356511,0.464189744,0.047011288
51.92064581,0.18701221,1.394473306,0.440754286,0.041111707
51.92528448,0.186850643,1.391884504,0.460584289,0.03985313
51.92992315,0.193959584,1.393421605,0.502948387,0.045516727
51.93456182,0.190243547,1.393987906,0.436247467,0.0449661
51.93920049,0.185881242,1.390590102,0.453373379,0.039931791
51.94383916,0.188789445,1.389538401,0.48221702,0.041662335
51.94847783,0.194121151,1.392369904,0.48221702,0.047325932
51.9531165,0.187900828,1.390994603,0.438951558,0.042134301
51.95775517,0.186446726,1.389214801,0.460584289,0.039617147
51.96239384,0.192424699,1.389862002,0.504751114,0.044100828
51.96703251,0.192182349,1.391480003,0.449767924,0.046146016
51.97167118,0.186446726,1.3887294,0.450669287,0.040246435
51.97630985,0.188304745,1.386868698,0.473203382,0.040089113
51.98094852,0.194444285,1.389457501,0.49663884,0.047011288
51.98558719,0.189354929,1.3883249,0.434444739,0.043392878
51.99022586,0.186365943,1.385655197,0.457880198,0.039774469
51.99486453,0.191132165,1.386706898,0.49663884,0.04276359
51.9995032,0.193798017,1.388891201,0.464189744,0.047089949
52.00414187,0.187173777,1.385736097,0.445261105,0.040718402
52.00878054,0.187335344,1.385007996,0.465091108,0.03985313
52.01341921,0.194121151,1.3887294,0.506553842,0.046067355
52.01805788,0.190970598,1.389619301,0.439852922,0.044730116
52.02269655,0.186689076,1.387273199,0.457880198,0.039695808
52.02733522,0.189758846,1.3880013,0.488526566,0.041505012
52.03197389,0.194121151,1.391156403,0.483118383,0.047247271
52.03661256,0.188466312,1.389376601,0.442557013,0.041662335
52.04125123,0.186850643,1.3880013,0.464189744,0.039931791
52.0458899,0.192747833,1.390509202,0.508356569,0.045044761
52.05052857,0.192182349,1.392612605,0.451570651,0.046539321
52.05516724,0.18676986,1.390428302,0.45607747,0.040167774
52.05980591,0.188627879,1.390994603,0.480414292,0.040639741
52.06444458,0.194848202,1.395282307,0.500244295,0.04716861
52.06908325,0.189354929,1.396495809,0.444359741,0.043235556
52.07372192,0.18676986,1.39819471,0.473203382,0.039695808
52.07836059,0.191859215,1.403372316,0.517370207,0.042999573
52.08299926,0.193717234,1.410815124,0.484921111,0.046932627
52.08763793,0.18725456,1.411705025,0.465992472,0.040875724
52.0922766,0.187496911,1.412514026,0.487625202,0.040167774
52.09691527,0.194040368,1.417287131,0.525482481,0.045910033
52.10155394,0.190647464,1.418177032,0.452472015,0.044651455
52.10619261,0.18652751,1.415345529,0.467795199,0.039774469
52.11083128,0.190647464,1.414779228,0.497540204,0.041898318
52.11546995,0.194444285,1.41631633,0.485822475,0.047404593
52.12010862,0.187981611,1.412999426,0.444359741,0.041662335
52.12474729,0.18676986,1.409197122,0.464189744,0.039695808
52.12938596,0.1929094,1.409763423,0.506553842,0.045123422
52.13402463,0.191939999,1.409439822,0.446162468,0.045674049
52.1386633,0.18652751,1.404181317,0.452472015,0.040167774
52.14330197,0.188304745,1.401673414,0.476808837,0.040718402
52.14794064,0.194525068,1.404504917,0.492132021,0.047247271
52.15257931,0.188547095,1.401592514,0.435346103,0.042999573
52.15721798,0.186123593,1.397223909,0.457880198,0.039538485
52.16185665,0.191212948,1.39811381,0.498441568,0.043392878
52.16649532,0.193070967,1.399246412,0.458781561,0.046617982
52.17113399,0.187173777,1.396172208,0.446162468,0.040482418
52.17577266,0.187658477,1.394230606,0.467795199,0.039931791
52.18041133,0.194201934,1.396414909,0.504751114,0.046224677
52.18505,0.190243547,1.396172208,0.438050194,0.044179489
52.18968867,0.186285159,1.393017105,0.457880198,0.039617147
52.19432734,0.189920413,1.393502505,0.491230657,0.042134301
52.19896601,0.1933941,1.396172208,0.476808837,0.047404593
52.20360468,0.187496911,1.393583406,0.442557013,0.041662335
52.20824335,0.186446726,1.391237303,0.462387016,0.039617147
52.21288202,0.192990183,1.393098005,0.507455206,0.044572794
52.21752069,0.191616865,1.393502505,0.446162468,0.045438066
52.22215936,0.18652751,1.390023802,0.454274742,0.03985313
52.22679803,0.188708662,1.389457501,0.479512928,0.040797063
52.2314367,0.194363501,1.392855305,0.492132021,0.047089949
52.23607537,0.188708662,1.391399103,0.437148831,0.04276359
52.24071404,0.186850643,1.389295701,0.459682925,0.039774469
52.24535271,0.192020782,1.391237303,0.502948387,0.0435502
52.24999138,0.19315175,1.394392406,0.460584289,0.046696643
52.25463005,0.187658477,1.393017105,0.451570651,0.040561079
52.25926872,0.188708662,1.392531704,0.474104746,0.040403757
52.26390739,0.195413686,1.396900309,0.508356569,0.04646066
52.26854606,0.190809031,1.396576709,0.441655649,0.044179489
52.27318473,0.187416127,1.393664306,0.460584289,0.040246435
52.2778234,0.191051381,1.394068806,0.493934749,0.042684928
52.28246207,0.194928985,1.397143009,0.475907473,0.047561915
52.28710074,0.188547095,1.395120507,0.445261105,0.041819657
52.29173941,0.187981611,1.393583406,0.466893835,0.03985313
52.29637808,0.194525068,1.397062109,0.512863388,0.045359405
52.30101675,0.192828616,1.399731812,0.44886656,0.045674049
52.30565542,0.187820044,1.398518311,0.460584289,0.040089113
52.31029409,0.19032433,1.398680111,0.486723839,0.041190368
52.31493276,0.196140736,1.403129616,0.494836113,0.047483254
52.31957143,0.18983963,1.401997014,0.442557013,0.04276359
52.3242101,0.187658477,1.399731812,0.466893835,0.039931791
52.32884877,0.19363645,1.401349814,0.509257933,0.04425815
52.33348744,0.194444285,1.403615016,0.46328838,0.047247271
52.33812611,0.188304745,1.401026213,0.456978834,0.041505012
52.34276478,0.189274146,1.399246412,0.477710201,0.041662335
52.34740345,0.19597917,1.401997014,0.507455206,0.048584509
52.35204212,0.191455298,1.401107114,0.441655649,0.046067355
52.35668079,0.187981611,1.396981209,0.462387016,0.041662335
52.36131946,0.192020782,1.396819409,0.497540204,0.044415472
52.36595813,0.195413686,1.399408212,0.474104746,0.049607103
52.3705968,0.188789445,1.396010408,0.447063832,0.0435502
52.37523547,0.188466312,1.393098005,0.466893835,0.042370284
52.37987414,0.195090552,1.395201407,0.511060661,0.048033882
52.38451281,0.192667049,1.395605908,0.446162468,0.047404593
52.38915148,0.187658477,1.391399103,0.459682925,0.042370284
52.39379015,0.190728247,1.390994603,0.487625202,0.043471539
52.39842882,0.196059953,1.394149706,0.492132021,0.049685764
52.40306749,0.19008198,1.393259805,0.444359741,0.044572794
52.40770616,0.188385528,1.390428302,0.465992472,0.041898318
52.41234483,0.193959584,1.391237303,0.508356569,0.045910033
52.4169835,0.194121151,1.393664306,0.457880198,0.048584509
52.42162217,0.188385528,1.390266502,0.454274742,0.042448945
52.42626084,0.19008198,1.3886485,0.476808837,0.042291623
52.43089951,0.196140736,1.391318203,0.50384975,0.04866317
52.43553818,0.190970598,1.390023802,0.440754286,0.045359405
52.44017685,0.188223961,1.387515899,0.461485653,0.041583673
52.44481552,0.193070967,1.3884058,0.497540204,0.044336811
52.44945419,0.195656036,1.390832803,0.471400654,0.048741831
52.45409286,0.188951012,1.3880013,0.447965196,0.042684928
52.45873153,0.188466312,1.386140598,0.467795199,0.041583673
52.4633702,0.195009769,1.389133901,0.511060661,0.04716861
52.46800887,0.192667049,1.390347402,0.444359741,0.04646066
52.47264754,0.188466312,1.387677699,0.462387016,0.041033046
52.47728621,0.190809031,1.387354099,0.491230657,0.042842251
52.48192488,0.195817603,1.391722704,0.492132021,0.048505848
52.48656355,0.189920413,1.391884504,0.447965196,0.043235556
52.49120222,0.188789445,1.390266502,0.470499291,0.040875724
52.49584089,0.194686635,1.393098005,0.51556748,0.045516727
52.50047956,0.194767418,1.396495809,0.462387016,0.047404593
52.50511823,0.188870229,1.395120507,0.46328838,0.041426351
52.5097569,0.191051381,1.396334008,0.486723839,0.041740996
52.51439557,0.197271704,1.401592514,0.510159297,0.047955221
52.51903424,0.192263132,1.402806015,0.44886656,0.044651455
52.52367291,0.189435713,1.401754314,0.471400654,0.040718402
52.52831158,0.194201934,1.403453216,0.507455206,0.043943506
52.53295025,0.19670622,1.40677012,0.475907473,0.048033882
52.53758892,0.190243547,1.404666717,0.45607747,0.041976979
52.54222759,0.190243547,1.403534116,0.475006109,0.041111707
52.54686626,0.197110138,1.40693192,0.516468843,0.046932627
52.55150493,0.193555667,1.40709372,0.44886656,0.045910033
52.5561436,0.189354929,1.403615016,0.465992472,0.040797063
52.56078227,0.1929094,1.403129616,0.494836113,0.042684928
52.56542094,0.197433271,1.405718418,0.490329294,0.048269865
52.57005961,0.190970598,1.404181317,0.447063832,0.043235556
52.57469828,0.19008198,1.403048716,0.468696563,0.040718402
52.57933695,0.196383087,1.406042019,0.513764752,0.045359405
52.58397562,0.195736819,1.408630821,0.457880198,0.047089949
52.58861429,0.190647464,1.408145421,0.46328838,0.041033046
52.59325296,0.192343916,1.409682523,0.488526566,0.041583673
52.59789163,0.198402672,1.415183728,0.509257933,0.047876559
52.6025303,0.192747833,1.41655903,0.451570651,0.044100828
52.60716897,0.19008198,1.416154529,0.475006109,0.040403757
52.61180764,0.195252119,1.419228733,0.514666116,0.043864845
52.61644631,0.197514055,1.424810839,0.480414292,0.047797898
52.62108498,0.191132165,1.424972639,0.465091108,0.041269029
52.62572365,0.191939999,1.425538939,0.487625202,0.040403757
52.63036232,0.198564239,1.430716545,0.526383845,0.046617982
52.63500099,0.195009769,1.432819947,0.457880198,0.045044761
52.63963966,0.190889814,1.432172746,0.475006109,0.040482418
52.64427833,0.194121151,1.433871648,0.504751114,0.042527606
52.648917,0.198887373,1.440181855,0.498441568,0.047955221
52.65355567,0.192667049,1.442770658,0.465091108,0.042448945
52.65819434,0.191616865,1.446168461,0.48942793,0.040403757
52.66283301,0.197917972,1.45417757,0.533594755,0.045359405
52.66747168,0.196948571,1.459355175,0.473203382,0.046617982
52.67211035,0.191939999,1.459840576,0.479512928,0.040718402
52.67674902,0.19363645,1.462186678,0.502047023,0.041505012
52.68138769,0.200099124,1.468658685,0.518271571,0.047797898
52.68602636,0.194525068,1.470438487,0.461485653,0.043471539
52.69066503,0.191859215,1.469386786,0.48221702,0.040403757
52.6953037,0.197756405,1.471328388,0.520074299,0.04425815
52.69994237,0.199129723,1.47326999,0.478611565,0.047561915
52.70458104,0.192828616,1.469305886,0.46328838,0.041426351
52.70921971,0.1933941,1.466393483,0.483118383,0.041190368
52.71385838,0.200583825,1.467526084,0.517370207,0.047089949
52.71849705,0.196059953,1.466069882,0.449767924,0.045280744
52.72313572,0.192424699,1.460406876,0.469597927,0.040875724
52.72777439,0.196059953,1.458060774,0.501145659,0.042920912
52.73241306,0.199856774,1.458384374,0.486723839,0.048505848
52.73705173,0.19363645,1.45401577,0.452472015,0.042684928
52.7416904,0.192343916,1.449970765,0.472302018,0.041033046
52.74632907,0.199129723,1.449889865,0.51556748,0.045831371
52.75096774,0.197352488,1.447948263,0.453373379,0.046224677
52.75560641,0.191939999,1.442851558,0.46328838,0.040639741
52.76024508,0.194121151,1.439615554,0.487625202,0.041740996
52.76488375,0.199695207,1.440020055,0.499342932,0.048112543
52.76952242,0.193798017,1.436784051,0.444359741,0.043786184
52.77416109,0.191697648,1.432172746,0.467795199,0.040875724
52.77879976,0.19670622,1.431606446,0.508356569,0.044651455
52.78343843,0.198079539,1.432981747,0.465992472,0.047483254
52.7880771,0.191859215,1.428451343,0.456978834,0.041505012
52.79271577,0.192747833,1.424810839,0.477710201,0.041269029
52.79735444,0.199210506,1.42586254,0.510159297,0.047247271
52.80199311,0.194928985,1.423111937,0.444359741,0.045044761
52.80663178,0.191293731,1.418500632,0.464189744,0.040718402
52.81127045,0.195090552,1.41704443,0.498441568,0.043235556
52.81590912,0.19904894,1.418581532,0.480414292,0.048269865
52.82054779,0.192263132,1.415830929,0.450669287,0.042212962
52.82518646,0.191616865,1.413080326,0.471400654,0.040875724
52.82982513,0.197998755,1.415183728,0.51556748,0.045910033
52.8344638,0.19597917,1.41647813,0.452472015,0.046303338
52.83910247,0.190647464,1.412190425,0.464189744,0.040875724
52.84374114,0.19315175,1.410410623,0.490329294,0.041898318
52.84837981,0.198887373,1.413080326,0.498441568,0.048033882
52.85301848,0.192505483,1.410896024,0.446162468,0.043314217
52.85765715,0.190566681,1.406608319,0.468696563,0.040403757
52.86229582,0.195817603,1.40749822,0.511962024,0.044572794
52.86693449,0.196948571,1.408388121,0.465992472,0.047247271
52.87157316,0.190809031,1.405394818,0.459682925,0.041190368
52.87621183,0.192020782,1.403615016,0.481315656,0.040718402
52.8808505,0.198321889,1.405718418,0.511962024,0.047247271
52.88548917,0.193878801,1.405071218,0.446162468,0.044336811
52.89012784,0.190405114,1.401430714,0.467795199,0.040482418
52.89476651,0.194605852,1.401430714,0.502948387,0.043156895
52.89940518,0.197837188,1.403615016,0.480414292,0.047955221
52.90404385,0.191374515,1.402077915,0.454274742,0.041898318
52.90868252,0.190889814,1.400945313,0.476808837,0.040718402
52.91332119,0.197756405,1.404990318,0.520975662,0.046067355
52.91795986,0.195413686,1.40709372,0.455176106,0.045910033
52.92259853,0.190647464,1.405718418,0.472302018,0.040875724
52.9272372,0.193555667,1.408226321,0.502948387,0.042212962
52.93187587,0.199452857,1.415426429,0.508356569,0.048269865
52.93651454,0.193474884,1.418743332,0.460584289,0.043235556
52.94115321,0.191697648,1.420037734,0.484921111,0.040561079
52.94579188,0.197837188,1.424406338,0.526383845,0.0449661
52.95043055,0.198079539,1.426995141,0.473203382,0.047089949
52.95506922,0.191859215,1.423031037,0.468696563,0.040954385
52.95970789,0.19315175,1.420442234,0.488526566,0.040954385
52.96434656,0.19977599,1.422464736,0.514666116,0.047719237
52.96898523,0.194363501,1.420604034,0.449767924,0.044494133
52.9736239,0.191455298,1.417448931,0.473203382,0.040482418
52.97826257,0.195817603,1.417853431,0.509257933,0.0435502
52.98290124,0.198806589,1.420361334,0.481315656,0.048112543
52.98753991,0.192505483,1.41688263,0.457880198,0.041976979
52.99217858,0.192263132,1.414617428,0.477710201,0.040718402
52.99681725,0.198806589,1.41655903,0.520074299,0.046617982
53.00145592,0.195656036,1.41688263,0.451570651,0.046146016
53.00609459,0.191374515,1.413080326,0.467795199,0.040482418
53.01073326,0.193959584,1.411462324,0.495737476,0.042212962
53.01537193,0.199452857,1.414779228,0.497540204,0.048033882
53.0200106,0.193070967,1.413080326,0.451570651,0.04276359
53.02464927,0.191293731,1.410734224,0.475907473,0.040639741
53.02928794,0.197675621,1.412918526,0.518271571,0.045044761
53.03392661,0.197514055,1.415102828,0.465992472,0.046932627
53.03856528,0.191616865,1.413403927,0.467795199,0.040718402
53.04320395,0.193555667,1.414374728,0.493033385,0.041269029
53.04784262,0.200099124,1.421008535,0.520074299,0.047483254
53.05248129,0.194605852,1.422626536,0.457880198,0.044022167
53.05711996,0.191939999,1.422302936,0.479512928,0.040246435
53.06175863,0.19670622,1.423273737,0.51556748,0.043471539
53.0663973,0.199210506,1.42594344,0.48221702,0.047719237
53.07103597,0.19315175,1.422788337,0.461485653,0.041269029
53.07567464,0.193313317,1.419633233,0.480414292,0.040482418
53.08031331,0.199937557,1.421736635,0.520975662,0.046303338
53.08495198,0.196948571,1.421898436,0.451570651,0.045516727
53.08959065,0.192747833,1.418662432,0.469597927,0.040639741
53.09422932,0.195898386,1.418743332,0.499342932,0.041976979
53.09886799,0.200422258,1.421170335,0.493934749,0.047640576
53.10350666,0.193555667,1.417934331,0.450669287,0.042606267
53.10814533,0.192263132,1.415021928,0.473203382,0.040325096
53.112784,0.198645022,1.41647813,0.516468843,0.045123422
53.11742267,0.197756405,1.418257932,0.461485653,0.046853965
53.12206134,0.192424699,1.41663993,0.467795199,0.040639741
53.12670001,0.193878801,1.418338832,0.492132021,0.041269029
53.13133868,0.200018341,1.424810839,0.516468843,0.047640576
53.13597735,0.194686635,1.428289542,0.46328838,0.043707522
53.14061602,0.192505483,1.431040145,0.491230657,0.040325096
53.14525469,0.197594838,1.436945852,0.532693391,0.043786184
53.14989336,0.19977599,1.441799857,0.493934749,0.047797898
53.15453203,0.193070967,1.439939155,0.473203382,0.041583673
53.1591707,0.193555667,1.438482953,0.488526566,0.040875724
53.16380937,0.200341474,1.440748156,0.525482481,0.046932627
53.16844804,0.196787004,1.439453754,0.455176106,0.045359405
53.17308671,0.192343916,1.43524695,0.473203382,0.040875724
53.17772538,0.19597917,1.434518849,0.50384975,0.042842251
53.18236405,0.200745391,1.437269452,0.493934749,0.048269865
53.18700272,0.194040368,1.43540875,0.453373379,0.042448945
53.19164139,0.193070967,1.432739047,0.475006109,0.040561079
53.19628006,0.19977599,1.434114349,0.519172935,0.045831371
53.20091873,0.199129723,1.435004249,0.459682925,0.047089949
53.2055574,0.194121151,1.431687346,0.465992472,0.040797063
53.21019607,0.195656036,1.430716545,0.490329294,0.041505012
53.21483474,0.20211871,1.434195249,0.508356569,0.048033882
53.21947341,0.196059953,1.434195249,0.451570651,0.043392878
53.22411208,0.193798017,1.432253647,0.474104746,0.040561079
53.22875075,0.198887373,1.434518849,0.514666116,0.04425815
53.23338942,0.200664608,1.438644753,0.475907473,0.047876559
53.23802809,0.194282718,1.437512152,0.465091108,0.041583673
53.24266676,0.194928985,1.439211054,0.487625202,0.041033046
53.24730543,0.201795576,1.445521261,0.5299893,0.047483254
53.2519441,0.197675621,1.448757264,0.465992472,0.045202083
53.25658277,0.194121151,1.449404465,0.485822475,0.040482418
53.26122144,0.197271704,1.451912367,0.51556748,0.04276359
53.26586011,0.201230092,1.455957372,0.500244295,0.048191204
53.27049878,0.194686635,1.45450117,0.462387016,0.042684928
53.27513745,0.193878801,1.452559568,0.481315656,0.040639741
53.27977612,0.200260691,1.45450117,0.524581117,0.045831371
53.28441479,0.198968156,1.45433937,0.461485653,0.046381999
53.28905346,0.193878801,1.450537066,0.469597927,0.040718402
53.29369213,0.195898386,1.449080864,0.493934749,0.041898318
53.2983308,0.201553226,1.450698866,0.504751114,0.047876559
53.30296947,0.195656036,1.447139262,0.449767924,0.043707522
53.30760814,0.193555667,1.441880757,0.469597927,0.040561079
53.31224681,0.198241105,1.440990856,0.510159297,0.044494133
53.31688548,0.199372073,1.440829056,0.466893835,0.04716861
53.32152415,0.193070967,1.436217751,0.456978834,0.041111707
53.32616282,0.193555667,1.432496347,0.476808837,0.041190368
53.33080149,0.200099124,1.432739047,0.511060661,0.047325932
53.33544016,0.195736819,1.430635645,0.446162468,0.045123422
53.34007883,0.191859215,1.42594344,0.465992472,0.040797063
53.3447175,0.195898386,1.425134439,0.499342932,0.043235556
53.34935617,0.19977599,1.42634794,0.481315656,0.048112543
53.35399484,0.1929094,1.421413035,0.449767924,0.042684928
53.35863351,0.192182349,1.417691631,0.470499291,0.040797063
53.36327218,0.198483456,1.419228733,0.514666116,0.046146016
53.36791085,0.196140736,1.418743332,0.451570651,0.046775304
53.37254952,0.191212948,1.413970227,0.46328838,0.041033046
53.37718819,0.1933941,1.411947725,0.48942793,0.041819657
53.38182686,0.19904894,1.413565727,0.498441568,0.048112543
53.38646553,0.192667049,1.411300524,0.447063832,0.043235556
53.3911042,0.190566681,1.40766002,0.468696563,0.040089113
53.39574287,0.196302303,1.407902721,0.511060661,0.044336811
53.40038154,0.197190921,1.409358922,0.46328838,0.047089949
53.40502021,0.190970598,1.405880219,0.457880198,0.040954385
53.40965888,0.192020782,1.404019517,0.479512928,0.041033046
53.41429755,0.198483456,1.405718418,0.510159297,0.047483254
53.41893622,0.194040368,1.405071218,0.445261105,0.044808778
53.42357489,0.190566681,1.401673414,0.466893835,0.040482418
53.42821356,0.194686635,1.401997014,0.501145659,0.043156895
53.43285223,0.198079539,1.404585817,0.479512928,0.047955221
53.4374909,0.191697648,1.402158815,0.452472015,0.04205564
53.44212957,0.190809031,1.400055412,0.473203382,0.040875724
53.44676824,0.197514055,1.402158815,0.518271571,0.046381999
53.45140691,0.195171335,1.402725115,0.451570651,0.046067355
53.45604558,0.19008198,1.399731812,0.465992472,0.040639741
53.46068425,0.193070967,1.399165511,0.493033385,0.041976979
53.46532292,0.198321889,1.401916114,0.498441568,0.048112543
53.46996159,0.192343916,1.399731812,0.44886656,0.042842251
53.47460026,0.190162763,1.396981209,0.469597927,0.040246435
53.47923893,0.19622152,1.398841911,0.512863388,0.044808778
53.4838776,0.19670622,1.401188014,0.46328838,0.047719237
53.48851627,0.190889814,1.399003711,0.46328838,0.041111707
53.49315494,0.192182349,1.398841911,0.485822475,0.041111707
53.49779361,0.198564239,1.402563315,0.513764752,0.047640576
53.50243228,0.19363645,1.402725115,0.450669287,0.044494133
53.50707095,0.190728247,1.400540813,0.472302018,0.040561079
53.51170962,0.195252119,1.401835214,0.508356569,0.0435502
53.51634829,0.197837188,1.405071218,0.481315656,0.048112543
53.52098696,0.191859215,1.403453216,0.456978834,0.042212962
53.52562563,0.192182349,1.401430714,0.477710201,0.040797063
53.5302643,0.199129723,1.405233018,0.520074299,0.046617982
53.53490297,0.19646387,1.40701282,0.455176106,0.046067355
53.53954164,0.191778432,1.404343117,0.471400654,0.040797063
53.54418031,0.194605852,1.405071218,0.498441568,0.042370284
53.54881898,0.200018341,1.408954422,0.497540204,0.048348526
53.55345765,0.193070967,1.40741732,0.451570651,0.043156895
53.55809632,0.191536082,1.405880219,0.472302018,0.040718402
53.56273499,0.197756405,1.407983621,0.516468843,0.045202083
53.56737366,0.197433271,1.409197122,0.462387016,0.047325932
53.57201233,0.191616865,1.405799318,0.464189744,0.041033046
53.576651,0.192828616,1.404828517,0.486723839,0.041269029
53.58128967,0.19929129,1.40757912,0.511060661,0.047561915
53.58592834,0.193959584,1.406122919,0.447965196,0.04425815
53.59056701,0.191455298,1.403210516,0.469597927,0.040561079
53.59520568,0.195898386,1.403857716,0.506553842,0.043471539
53.59984435,0.198321889,1.406042019,0.475006109,0.047876559
53.60448302,0.191374515,1.403615016,0.455176106,0.041740996
53.60912169,0.191697648,1.401026213,0.475907473,0.041190368
53.61376036,0.198483456,1.403372316,0.516468843,0.046853965
53.61839903,0.195009769,1.403857716,0.44886656,0.04575271
53.6230377,0.190970598,1.400459913,0.465992472,0.040561079
53.62767637,0.193717234,1.399408212,0.495737476,0.042291623
53.63231504,0.198321889,1.402563315,0.492132021,0.048191204
53.63695371,0.192020782,1.400459913,0.449767924,0.042606267
53.64159238,0.190566681,1.39746661,0.470499291,0.040718402
53.64623105,0.196544654,1.399327312,0.514666116,0.045280744
53.65086972,0.196059953,1.400217213,0.458781561,0.047089949
53.65550839,0.190809031,1.397304809,0.462387016,0.041033046
53.66014706,0.191939999,1.396414909,0.484921111,0.041583673
53.66478573,0.198321889,1.399731812,0.504751114,0.047955221
53.6694244,0.1929094,1.398275611,0.445261105,0.044100828
53.67406307,0.18959728,1.394796907,0.468696563,0.040639741
53.67870174,0.194525068,1.395525008,0.506553842,0.043628861
53.68334041,0.196948571,1.398356511,0.471400654,0.047955221
53.68797908,0.190647464,1.395686808,0.45607747,0.041583673
53.69261775,0.190728247,1.393987906,0.476808837,0.040954385
53.69725642,0.197514055,1.396172208,0.514666116,0.046696643
53.70189509,0.194040368,1.396738509,0.447965196,0.045280744
53.70653376,0.189920413,1.393583406,0.466893835,0.040875724
53.71117243,0.193232533,1.394068806,0.498441568,0.042842251
53.7158111,0.198160322,1.398518311,0.490329294,0.048584509
53.72044977,0.191455298,1.396576709,0.451570651,0.04276359
53.72508844,0.190243547,1.396172208,0.473203382,0.040718402
53.72972711,0.196625437,1.399489112,0.518271571,0.045516727
53.73436578,0.195656036,1.403210516,0.459682925,0.046696643
53.73900445,0.190162763,1.403938617,0.469597927,0.041033046
53.74364312,0.192101566,1.408711722,0.500244295,0.041662335
53.74828179,0.198079539,1.419633233,0.523679754,0.047876559
53.75292046,0.192990183,1.427318741,0.470499291,0.043864845
53.75755913,0.190405114,1.431363746,0.493934749,0.040403757
53.7621978,0.195332902,1.43581325,0.530890664,0.044022167
53.76683647,0.196948571,1.438887454,0.487625202,0.047797898
53.77147514,0.190809031,1.43589415,0.471400654,0.041505012
53.77611381,0.191697648,1.434437949,0.48942793,0.040875724
53.78075248,0.198241105,1.436460451,0.524581117,0.047089949
53.78539115,0.194282718,1.436217751,0.456978834,0.044887439
53.79002982,0.190809031,1.432334547,0.475006109,0.040482418
53.79466849,0.194444285,1.431040145,0.507455206,0.04276359
53.79930716,0.198645022,1.433628948,0.493033385,0.048112543
53.80394583,0.192263132,1.430959245,0.457880198,0.042291623
53.8085845,0.191616865,1.428289542,0.477710201,0.040561079
53.81322317,0.197756405,1.430392945,0.52277839,0.045910033
53.81786184,0.19622152,1.431525546,0.460584289,0.047089949
53.82250051,0.190809031,1.427399641,0.469597927,0.041111707
53.82713918,0.193232533,1.425377139,0.495737476,0.041583673
53.83177785,0.19904894,1.427965942,0.509257933,0.047955221
53.83641652,0.193313317,1.426590641,0.454274742,0.043471539
53.84105519,0.190970598,1.423678237,0.477710201,0.040482418
53.84569386,0.196140736,1.424810839,0.518271571,0.044179489
53.85033253,0.197352488,1.427642342,0.475907473,0.047561915
53.8549712,0.191293731,1.424972639,0.465091108,0.041662335
53.85960987,0.191859215,1.423192837,0.485822475,0.041111707
53.86424854,0.198564239,1.42570074,0.519172935,0.047404593
53.86888721,0.194201934,1.424001838,0.452472015,0.045359405
53.87352588,0.190809031,1.420361334,0.472302018,0.040561079
53.87816455,0.194605852,1.419552333,0.506553842,0.043156895
53.88280322,0.198079539,1.422302936,0.48942793,0.048112543
53.88744189,0.191697648,1.419552333,0.457880198,0.042527606
53.89208056,0.191697648,1.417368031,0.478611565,0.041111707
53.89671923,0.197998755,1.420199534,0.52277839,0.046617982
53.9013579,0.19622152,1.421332135,0.457880198,0.047089949
53.90599657,0.191697648,1.417691631,0.470499291,0.040954385
53.91063524,0.194201934,1.41680173,0.498441568,0.042448945
53.91527391,0.199937557,1.421170335,0.508356569,0.048427187
53.91991258,0.194605852,1.421008535,0.45607747,0.043786184
53.92455125,0.193070967,1.420199534,0.480414292,0.040797063
53.92918992,0.198483456,1.422707436,0.52277839,0.0449661
53.93382859,0.19953364,1.425377139,0.476808837,0.047955221
53.93846726,0.193232533,1.423273737,0.470499291,0.041740996
53.94310593,0.194282718,1.423354637,0.491230657,0.04134769
53.9477446,0.200906958,1.42650974,0.521877026,0.047640576
53.95238327,0.196383087,1.42634794,0.45607747,0.044887439
53.95702194,0.192747833,1.423597337,0.476808837,0.041111707
53.96166061,0.197190921,1.424729939,0.511962024,0.043471539
53.96629928,0.200341474,1.428289542,0.490329294,0.048269865
53.97093795,0.193555667,1.425215339,0.461485653,0.042606267
53.97557662,0.193313317,1.423759138,0.480414292,0.040875724
53.98021529,0.200260691,1.427156941,0.526383845,0.046381999
53.98485396,0.197756405,1.428370442,0.459682925,0.046539321
53.98949263,0.1929094,1.424810839,0.475006109,0.041269029
53.9941313,0.195575253,1.424649038,0.502948387,0.042448945
53.99876997,0.201310875,1.429017643,0.506553842,0.048348526
54.00340864,0.194605852,1.427561442,0.457880198,0.043392878
54.00804731,0.192747833,1.424649038,0.480414292,0.040954385
54.01268598,0.198483456,1.426590641,0.521877026,0.045123422
54.01732465,0.198564239,1.427642342,0.471400654,0.047325932
54.02196332,0.192505483,1.424487238,0.468696563,0.041111707
54.02660199,0.193959584,1.423031037,0.491230657,0.041426351
54.03124066,0.200583825,1.426671541,0.520074299,0.047404593
54.03587933,0.195171335,1.42618614,0.456978834,0.044179489
54.040518,0.192343916,1.423597337,0.478611565,0.040325096
54.04515667,0.196787004,1.425538939,0.514666116,0.043156895
54.04979534,0.199937557,1.428694043,0.48942793,0.048112543
54.05443401,0.193555667,1.428289542,0.468696563,0.041898318
54.05907268,0.193717234,1.430392945,0.493033385,0.040875724
54.06371135,0.200987742,1.438482953,0.540805665,0.046775304
54.06835002,0.198241105,1.44511676,0.476808837,0.045831371
54.07298869,0.194928985,1.447786463,0.495737476,0.040639741
54.07762736,0.197917972,1.450456166,0.52277839,0.042291623
54.08226603,0.203330461,1.455471971,0.518271571,0.048191204
54.0869047,0.197190921,1.453853969,0.468696563,0.043156895
54.09154337,0.195575253,1.449728065,0.486723839,0.040403757
54.09618204,0.201634009,1.450213466,0.528186573,0.045359405
54.10082071,0.201391659,1.450698866,0.474104746,0.047640576
54.10545938,0.195494469,1.446006661,0.473203382,0.04205564
54.11009805,0.19670622,1.443094258,0.493934749,0.042291623
54.11473672,0.202764977,1.44455046,0.517370207,0.048820492
54.11937539,0.197594838,1.442285257,0.454274742,0.045438066
54.12401406,0.194444285,1.437916653,0.476808837,0.041583673
54.12865273,0.19929129,1.437593052,0.513764752,0.044572794
54.1332914,0.201634009,1.439372854,0.483118383,0.048899153
54.13793007,0.194848202,1.43524695,0.462387016,0.042684928
54.14256874,0.195009769,1.432496347,0.48221702,0.041740996
54.14720741,0.201634009,1.433790748,0.523679754,0.047955221
54.15184608,0.198241105,1.433386248,0.455176106,0.046381999
54.15648475,0.193798017,1.429745744,0.474104746,0.041740996
54.16112342,0.197271704,1.430069344,0.504751114,0.043392878
54.16576209,0.201957143,1.433467148,0.502047023,0.049213798
54.17040076,0.195494469,1.432577247,0.459682925,0.043471539
54.17503943,0.194525068,1.430635645,0.481315656,0.041190368
54.1796781,0.200341474,1.431849146,0.524581117,0.046303338
54.18431677,0.199372073,1.432900847,0.467795199,0.047719237
54.18895544,0.193959584,1.429503044,0.470499291,0.041819657
54.19359411,0.195575253,1.427804142,0.494836113,0.041976979
54.19823278,0.201553226,1.429503044,0.51556748,0.048348526
54.20287145,0.195656036,1.427237841,0.455176106,0.044651455
54.20751012,0.1929094,1.424001838,0.476808837,0.040954385
54.21214879,0.197675621,1.424244538,0.51556748,0.04425815
54.21678746,0.199937557,1.42618614,0.481315656,0.048427187
54.22142613,0.193474884,1.423111937,0.464189744,0.042212962
54.2260648,0.193717234,1.420199534,0.484921111,0.041269029
54.23070347,0.200341474,1.422464736,0.52277839,0.047247271
54.23534214,0.196787004,1.422141136,0.45607747,0.045988694
54.23998081,0.192990183,1.418338832,0.475907473,0.040797063
54.24461948,0.196544654,1.418500632,0.507455206,0.043078234
54.24925815,0.200826175,1.420765834,0.498441568,0.04866317
54.25389682,0.194444285,1.417853431,0.457880198,0.042999573
54.25853549,0.193232533,1.414617428,0.477710201,0.040797063
54.26317416,0.199614424,1.415992729,0.521877026,0.046067355
54.26781283,0.197917972,1.41672083,0.46328838,0.046696643
54.2724515,0.192505483,1.412514026,0.469597927,0.041269029
54.27709017,0.194121151,1.411219624,0.493934749,0.041740996
54.28172884,0.200260691,1.413970227,0.510159297,0.048427187
54.28636751,0.194282718,1.412190425,0.452472015,0.044336811
54.29100618,0.191132165,1.408145421,0.475006109,0.040954385
54.29564485,0.196787004,1.408711722,0.514666116,0.04425815
54.30028352,0.198321889,1.410572424,0.476808837,0.047955221
54.30492219,0.192101566,1.406527419,0.461485653,0.041819657
54.30956086,0.192505483,1.404424017,0.483118383,0.041426351
54.31419953,0.199372073,1.40757912,0.520074299,0.047561915
54.3188382,0.194767418,1.40677012,0.453373379,0.045516727
54.32347687,0.191051381,1.403048716,0.472302018,0.040954385
54.32811554,0.194525068,1.403048716,0.50384975,0.042999573
54.33275421,0.198645022,1.405799318,0.491230657,0.048505848
54.33739288,0.192020782,1.403291416,0.455176106,0.04276359
54.34203155,0.190970598,1.399974512,0.475907473,0.040875724
54.34667022,0.197675621,1.402077915,0.520074299,0.045831371
54.35130889,0.196140736,1.402886915,0.457880198,0.046617982
54.35594756,0.190809031,1.399408212,0.466893835,0.040954385
54.36058623,0.193070967,1.399003711,0.493033385,0.041976979
54.3652249,0.199452857,1.401997014,0.504751114,0.048033882
54.36986357,0.193474884,1.400621713,0.450669287,0.043628861
54.37450224,0.190566681,1.39803291,0.474104746,0.040561079
54.37914091,0.196059953,1.399974512,0.51556748,0.044572794
54.38377958,0.197514055,1.402725115,0.475907473,0.047876559
54.38841825,0.190970598,1.400945313,0.464189744,0.041740996
54.39305692,0.191778432,1.399408212,0.485822475,0.041190368
54.39769559,0.198241105,1.402320615,0.518271571,0.047561915
54.40233426,0.193798017,1.402401515,0.452472015,0.045123422
54.40697293,0.19032433,1.399731812,0.472302018,0.041033046
54.4116116,0.194363501,1.400702613,0.506553842,0.043156895
54.41625027,0.198079539,1.403453216,0.488526566,0.048269865
54.42088894,0.191293731,1.401268914,0.45607747,0.042448945
54.42552761,0.190405114,1.398599211,0.476808837,0.040954385
54.43016628,0.197110138,1.400459913,0.520975662,0.046224677
54.43480495,0.195090552,1.401107114,0.457880198,0.046617982
54.43944362,0.190647464,1.39762841,0.467795199,0.040954385
54.44408229,0.192667049,1.396172208,0.493934749,0.041976979
54.44872096,0.197998755,1.399084611,0.502948387,0.048112543
54.45335963,0.192505483,1.39738571,0.450669287,0.043707522
54.4579983,0.190485897,1.394311506,0.473203382,0.040561079
54.46263697,0.195898386,1.395120507,0.51556748,0.044808778
54.46727564,0.197110138,1.39779021,0.471400654,0.047404593
54.47191431,0.191132165,1.395282307,0.465992472,0.04134769
54.47655298,0.191697648,1.394068806,0.488526566,0.041269029
54.48119165,0.198321889,1.39770931,0.520975662,0.047483254
54.48583032,0.193959584,1.398518311,0.456978834,0.044651455
54.49046899,0.19032433,1.396253108,0.480414292,0.040875724
54.49510766,0.194363501,1.396657609,0.520975662,0.043314217
54.49974633,0.197837188,1.400621713,0.502948387,0.048191204
54.504385,0.191697648,1.399003711,0.473203382,0.042448945
54.50902367,0.190970598,1.396576709,0.48942793,0.041190368
54.51366234,0.198079539,1.39779021,0.5299893,0.046696643
54.51830101,0.195494469,1.398437411,0.461485653,0.046303338
54.52293968,0.190809031,1.395605908,0.473203382,0.041190368
54.52757835,0.19363645,1.395525008,0.499342932,0.042134301
54.53221702,0.198887373,1.39787111,0.502948387,0.048348526
54.53685569,0.1929094,1.396334008,0.452472015,0.043628861
54.54149436,0.191697648,1.394230606,0.475006109,0.040954385
54.54613303,0.197433271,1.396172208,0.518271571,0.045044761
54.5507717,0.197110138,1.398761011,0.469597927,0.047719237
54.55541037,0.191536082,1.39770931,0.468696563,0.041269029
54.56004904,0.192828616,1.39795201,0.490329294,0.041269029
54.56468771,0.19929129,1.402077915,0.516468843,0.047876559
54.56932638,0.194201934,1.401349814,0.452472015,0.045044761
54.57396505,0.190889814,1.39803291,0.474104746,0.041111707
54.57860372,0.195090552,1.398599211,0.510159297,0.043786184
54.58324239,0.198806589,1.401916114,0.483118383,0.048269865
54.58788106,0.191859215,1.399570012,0.457880198,0.041976979
54.59251973,0.191697648,1.398841911,0.479512928,0.041111707
54.5971584,0.198564239,1.402644215,0.521877026,0.046853965
54.60179707,0.195656036,1.404181317,0.455176106,0.046381999
54.60643574,0.191536082,1.401673414,0.471400654,0.04134769
54.61107441,0.194040368,1.401188014,0.501145659,0.042842251
54.61571308,0.198968156,1.405475718,0.50384975,0.048741831
54.62035175,0.192505483,1.404990318,0.458781561,0.043628861
54.62499042,0.191293731,1.403372316,0.479512928,0.041111707
54.62962909,0.196948571,1.405475718,0.523679754,0.045516727
54.63426776,0.19646387,1.40749822,0.470499291,0.047640576
54.63890643,0.191132165,1.405152118,0.471400654,0.041662335
54.6435451,0.192343916,1.404828517,0.493934749,0.041898318
54.64818377,0.199129723,1.409358922,0.519172935,0.048505848
54.65282244,0.194040368,1.410167923,0.462387016,0.0449661
54.65746111,0.191051381,1.410734224,0.490329294,0.041111707
54.66209978,0.196059953,1.41672083,0.533594755,0.04425815
54.66673845,0.198725806,1.422950137,0.502948387,0.048269865
54.67137712,0.192343916,1.422222036,0.481315656,0.042527606
54.67601579,0.192343916,1.421736635,0.500244295,0.04134769
54.68065446,0.19953364,1.425458039,0.539904302,0.047011288
54.68529313,0.19646387,1.427076041,0.470499291,0.046303338
54.6899318,0.192343916,1.423920938,0.486723839,0.041426351
54.69457047,0.195413686,1.423516437,0.514666116,0.043314217
54.69920914,0.199856774,1.42610524,0.506553842,0.048899153
54.70384781,0.193717234,1.422626536,0.460584289,0.043156895
54.70848648,0.192343916,1.418581532,0.480414292,0.041190368
54.71312515,0.198321889,1.418743332,0.523679754,0.04575271
54.71776382,0.198079539,1.419956834,0.466893835,0.04716861
54.72240249,0.192343916,1.415669129,0.469597927,0.041426351
54.72704116,0.193717234,1.413161226,0.492132021,0.041898318
54.73167983,0.200260691,1.415507329,0.511962024,0.048269865
54.7363185,0.194525068,1.414051127,0.452472015,0.044494133
54.74095717,0.191616865,1.410410623,0.474104746,0.040875724
54.74559584,0.196383087,1.410572424,0.512863388,0.04425815
54.75023451,0.198241105,1.411947725,0.476808837,0.048112543
54.75487318,0.191778432,1.40749822,0.459682925,0.041976979
54.75951185,0.192343916,1.404666717,0.479512928,0.041111707
54.76415052,0.198968156,1.40701282,0.519172935,0.046932627
54.76878919,0.195009769,1.40701282,0.451570651,0.045674049
54.77342786,0.190970598,1.403048716,0.470499291,0.040718402
54.77806653,0.194525068,1.402886915,0.501145659,0.042606267
54.7827052,0.198806589,1.404828517,0.492132021,0.048427187
54.78734387,0.192182349,1.402482415,0.452472015,0.042684928
54.79198254,0.191051381,1.399165511,0.472302018,0.040718402
54.79662121,0.197271704,1.400459913,0.516468843,0.045595388
54.80125988,0.196140736,1.401511614,0.458781561,0.046539321
54.80589855,0.190970598,1.39819471,0.465992472,0.040718402
54.81053722,0.1929094,1.397223909,0.491230657,0.041505012
54.81517589,0.199129723,1.400702613,0.510159297,0.047876559
54.81981456,0.19363645,1.399570012,0.453373379,0.043786184
54.82445323,0.191132165,1.397304809,0.475907473,0.040403757
54.8290919,0.19597917,1.39819471,0.51556748,0.043943506
54.83373057,0.197917972,1.400702613,0.477710201,0.047955221
54.83836924,0.191374515,1.398275611,0.46328838,0.041583673
54.84300791,0.192020782,1.396334008,0.483118383,0.041033046
54.84764658,0.198564239,1.400540813,0.523679754,0.046932627
54.85228525,0.194848202,1.401997014,0.460584289,0.045044761
54.85692392,0.191132165,1.399731812,0.481315656,0.040561079
54.86156259,0.195252119,1.401188014,0.511962024,0.04276359
54.86620126,0.198887373,1.404990318,0.497540204,0.048112543
54.87083993,0.192747833,1.403048716,0.460584289,0.042448945
54.8754786,0.191697648,1.401511614,0.48221702,0.040639741
54.88011727,0.198241105,1.404262217,0.528186573,0.045595388
54.88475594,0.196625437,1.405718418,0.465992472,0.04646066
54.88939461,0.192020782,1.403210516,0.473203382,0.040639741
54.89403328,0.193798017,1.401916114,0.497540204,0.042134301
54.89867195,0.19977599,1.404585817,0.510159297,0.048269865
54.90331062,0.194040368,1.402967815,0.453373379,0.0435502
54.90794929,0.191697648,1.400055412,0.475006109,0.040246435
54.91258796,0.196625437,1.400136312,0.51556748,0.044179489
54.91722663,0.198079539,1.402482415,0.473203382,0.047640576
54.9218653,0.191778432,1.399327312,0.462387016,0.041190368
54.92650397,0.192586266,1.39762841,0.484019747,0.040954385
54.93114264,0.19929129,1.400702613,0.518271571,0.04716861
54.93578131,0.195171335,1.400459913,0.451570651,0.044887439
54.94041998,0.191697648,1.397223909,0.472302018,0.040482418
54.94505865,0.195575253,1.39779021,0.506553842,0.043156895
54.94969732,0.19929129,1.401107114,0.488526566,0.048112543
54.95433599,0.192828616,1.399003711,0.45607747,0.042291623
54.95897466,0.192505483,1.397143009,0.476808837,0.040482418
54.96361333,0.199372073,1.400459913,0.521877026,0.045831371
54.968252,0.197271704,1.402886915,0.457880198,0.046224677
54.97289067,0.192182349,1.400298113,0.470499291,0.040797063
54.97752934,0.194363501,1.399974512,0.49663884,0.041740996
54.98216801,0.199937557,1.403291416,0.504751114,0.047719237
54.98680668,0.193555667,1.401916114,0.451570651,0.042920912
54.99144535,0.192020782,1.399003711,0.474104746,0.040089113
54.99608402,0.197594838,1.400298113,0.516468843,0.044336811
55.00072269,0.198321889,1.402482415,0.471400654,0.04716861
55.00536136,0.192586266,1.399165511,0.465091108,0.040954385
55.01000003,0.1929094,1.39795201,0.486723839,0.040561079
55.0146387,0.19904894,1.401026213,0.518271571,0.047011288
55.01927737,0.194686635,1.400379013,0.453373379,0.044494133
55.02391604,0.191374515,1.39770931,0.473203382,0.040561079
55.02855471,0.195252119,1.39770931,0.507455206,0.043078234
55.03319338,0.198887373,1.399489112,0.485822475,0.047876559
55.03783205,0.192667049,1.396414909,0.45607747,0.041976979
55.04247072,0.192343916,1.394635107,0.476808837,0.040403757
55.04710939,0.198968156,1.395929508,0.520975662,0.045910033
55.05174806,0.196302303,1.396657609,0.455176106,0.045910033
55.05638673,0.191616865,1.393340705,0.468696563,0.040639741
55.0610254,0.194363501,1.392369904,0.495737476,0.041976979
55.06566407,0.19977599,1.395282307,0.501145659,0.047955221
55.07030274,0.193878801,1.393745206,0.453373379,0.042920912
55.07494141,0.191939999,1.390913703,0.475006109,0.040325096
55.07958008,0.197190921,1.392531704,0.517370207,0.044730116
55.08421875,0.198160322,1.393826106,0.466893835,0.047247271
55.08885742,0.191697648,1.390832803,0.461485653,0.040954385
55.09349609,0.192990183,1.388972101,0.484019747,0.040797063
55.09813476,0.19977599,1.391641803,0.511962024,0.04716861
55.10277343,0.194848202,1.391399103,0.447063832,0.044100828
55.1074121,0.191616865,1.3884058,0.469597927,0.040325096
55.11205077,0.195171335,1.3885676,0.505652478,0.043156895
55.11668944,0.198241105,1.390266502,0.478611565,0.047719237
55.12132811,0.191778432,1.387354099,0.453373379,0.041740996
55.12596678,0.191455298,1.384522596,0.471400654,0.040482418
55.13060545,0.197998755,1.387515899,0.51556748,0.045910033
55.13524412,0.195332902,1.3879204,0.449767924,0.045280744
55.13988279,0.190728247,1.384765296,0.465992472,0.040010452
55.14452146,0.193717234,1.384441696,0.493934749,0.041583673
55.14916013,0.198806589,1.387354099,0.494836113,0.047719237
55.1537988,0.192667049,1.385088897,0.447965196,0.042527606
55.15843747,0.190728247,1.382742794,0.469597927,0.040089113
55.16307614,0.196625437,1.384118095,0.512863388,0.044808778
55.16771481,0.196302303,1.384927096,0.460584289,0.046932627
55.17235348,0.190485897,1.381529293,0.461485653,0.040246435
55.17699215,0.191859215,1.380558492,0.484019747,0.040561079
55.18163082,0.198160322,1.383956295,0.510159297,0.047011288
55.18626949,0.193313317,1.383389995,0.447063832,0.043628861
55.19090816,0.190405114,1.381124792,0.470499291,0.039774469
55.19554683,0.194525068,1.381771993,0.508356569,0.04276359
55.2001855,0.196787004,1.384765296,0.478611565,0.04716861
55.20482417,0.190566681,1.382095593,0.456978834,0.040954385
55.20946284,0.19032433,1.381124792,0.476808837,0.039931791
55.21410151,0.19670622,1.384684396,0.519172935,0.04575271
55.21874018,0.193474884,1.385978797,0.452472015,0.045044761
55.22337885,0.188951012,1.383066394,0.471400654,0.039695808
55.22801752,0.192263132,1.384603496,0.502948387,0.041583673
55.23265619,0.197675621,1.390509202,0.502948387,0.047247271
55.23729486,0.190970598,1.392127204,0.462387016,0.041976979
55.24193353,0.19008198,1.394796907,0.48942793,0.039459824
55.2465722,0.196383087,1.400136312,0.533594755,0.044179489
55.25121087,0.195817603,1.403938617,0.475006109,0.046224677
55.25584954,0.189758846,1.402401515,0.475006109,0.040167774
55.26048821,0.191859215,1.402239715,0.495737476,0.040561079
55.26512688,0.198160322,1.404909418,0.514666116,0.046853965
55.26976555,0.192505483,1.403291416,0.454274742,0.043156895
55.27440422,0.18959728,1.400217213,0.475006109,0.039617147
55.27904289,0.194848202,1.401511614,0.512863388,0.042999573
55.28368156,0.196948571,1.403372316,0.477710201,0.047089949
55.28832023,0.190485897,1.399246412,0.459682925,0.040718402
55.2929589,0.190889814,1.39795201,0.481315656,0.040325096
55.29759757,0.197433271,1.400136312,0.520975662,0.046224677
55.30223624,0.194121151,1.400379013,0.453373379,0.044730116
55.30687491,0.189758846,1.397143009,0.475006109,0.03985313
55.31151358,0.19315175,1.399731812,0.51556748,0.041976979
55.31615225,0.198645022,1.40709372,0.518271571,0.047876559
55.32079092,0.192586266,1.408226321,0.477710201,0.041898318
55.32542959,0.191455298,1.40757912,0.494836113,0.03985313
55.33006826,0.197917972,1.409601623,0.534496119,0.044808778
55.33470693,0.197029354,1.410976924,0.472302018,0.046146016
55.3393456,0.191697648,1.40757912,0.475006109,0.040403757
55.34398427,0.193474884,1.406689219,0.49663884,0.041269029
55.34862294,0.199452857,1.409439822,0.511060661,0.047404593
55.35326161,0.194040368,1.407902721,0.451570651,0.043235556
55.35790028,0.191132165,1.404666717,0.473203382,0.03985313
55.36253895,0.196544654,1.405152118,0.512863388,0.0435502
55.36717762,0.198160322,1.40677012,0.473203382,0.047325932
55.37181629,0.191616865,1.403695916,0.459682925,0.041033046
55.37645496,0.192343916,1.401673414,0.480414292,0.040639741
55.38109363,0.198645022,1.404585817,0.518271571,0.046617982
55.3857323,0.194605852,1.403776816,0.451570651,0.044651455
55.39037097,0.190405114,1.400136312,0.471400654,0.040089113
55.39500964,0.194525068,1.400379013,0.502948387,0.042527606
55.39964831,0.198564239,1.403453216,0.48942793,0.047719237
55.40428698,0.192424699,1.400540813,0.452472015,0.041976979
55.40892565,0.191616865,1.39746661,0.473203382,0.040167774
55.41356432,0.197837188,1.399003711,0.516468843,0.045438066
55.41820299,0.196625437,1.399974512,0.455176106,0.04646066
55.42284166,0.191212948,1.396253108,0.465091108,0.040718402
55.42748033,0.193070967,1.395605908,0.490329294,0.041583673
55.432119,0.199210506,1.399246412,0.50384975,0.047797898
55.43675767,0.19315175,1.39738571,0.449767924,0.043156895
55.44139634,0.191212948,1.394311506,0.472302018,0.040167774
55.44603501,0.196059953,1.395525008,0.512863388,0.044100828
55.45067368,0.197594838,1.396657609,0.471400654,0.047325932
55.45531235,0.190970598,1.393583406,0.461485653,0.040954385
55.45995102,0.192020782,1.392855305,0.481315656,0.040718402
55.46458969,0.198321889,1.395444108,0.516468843,0.046696643
55.46922836,0.194444285,1.394958707,0.44886656,0.044494133
55.47386703,0.190970598,1.391480003,0.470499291,0.040167774
55.4785057,0.194605852,1.391156403,0.50384975,0.042448945
55.48314437,0.198241105,1.393907006,0.486723839,0.047483254
55.48778304,0.191859215,1.392369904,0.454274742,0.041662335
55.49242171,0.191616865,1.389376601,0.475006109,0.040010452
55.49706038,0.197837188,1.391399103,0.520074299,0.045674049
55.50169905,0.195817603,1.392208104,0.455176106,0.045674049
55.50633772,0.190566681,1.3886485,0.467795199,0.040089113
55.51097639,0.192828616,1.387596799,0.492132021,0.041426351
55.51561506,0.198402672,1.390590102,0.502047023,0.047247271
55.52025373,0.192586266,1.389295701,0.449767924,0.04276359
55.5248924,0.190566681,1.386787798,0.473203382,0.039931791
55.52953107,0.196302303,1.3885676,0.516468843,0.043864845
55.53416974,0.197190921,1.392127204,0.471400654,0.046853965
55.53880841,0.191212948,1.390509202,0.465091108,0.040561079
55.54344708,0.192182349,1.389700201,0.487625202,0.040403757
55.54808575,0.198645022,1.393987906,0.519172935,0.046696643
55.55272442,0.194201934,1.394473306,0.456978834,0.044100828
55.55736309,0.190889814,1.393421605,0.479512928,0.040010452
55.56200176,0.195413686,1.395848608,0.51556748,0.042842251
55.56664043,0.198725806,1.400459913,0.493033385,0.047561915
55.5712791,0.192182349,1.399327312,0.464189744,0.041819657
55.57591777,0.191697648,1.398275611,0.484921111,0.040403757
55.58055644,0.198483456,1.401430714,0.529087936,0.045988694
55.58519511,0.19597917,1.403129616,0.462387016,0.046224677
55.58983378,0.191132165,1.401268914,0.475907473,0.040561079
55.59447245,0.194121151,1.401997014,0.502047023,0.04205564
55.59911112,0.200018341,1.40693192,0.509257933,0.048033882
55.60374979,0.19363645,1.407821821,0.461485653,0.043156895
55.60838846,0.192263132,1.40757912,0.486723839,0.040561079
55.61302713,0.197756405,1.413080326,0.5299893,0.044887439
55.6176658,0.198160322,1.417368031,0.479512928,0.047483254
55.62230447,0.192505483,1.41631633,0.475907473,0.041426351
55.62694314,0.193878801,1.417125331,0.497540204,0.041190368
55.63158181,0.200583825,1.422545636,0.526383845,0.047404593
55.63622048,0.195575253,1.424649038,0.46328838,0.044572794
55.64085915,0.192263132,1.424325438,0.484921111,0.040561079
55.64549782,0.196948571,1.427561442,0.520975662,0.043392878
55.65013649,0.199856774,1.432981747,0.495737476,0.048033882
55.65477516,0.1933941,1.433143547,0.470499291,0.042134301
55.65941383,0.193555667,1.433143547,0.48942793,0.041111707
55.6640525,0.200422258,1.437512152,0.532693391,0.046696643
55.66869117,0.197433271,1.439453754,0.465992472,0.046067355
55.67332984,0.193313317,1.437269452,0.481315656,0.040797063
55.67796851,0.196302303,1.437835752,0.509257933,0.042134301
55.68260718,0.201230092,1.441638057,0.510159297,0.048112543
55.68724585,0.194767418,1.439211054,0.46328838,0.042842251
55.69188452,0.193232533,1.436703151,0.483118383,0.040639741
55.69652319,0.198887373,1.438159353,0.525482481,0.045044761
55.70116186,0.19904894,1.440181855,0.474104746,0.047247271
55.70580053,0.193717234,1.439696454,0.477710201,0.041269029
55.7104392,0.195413686,1.441880757,0.504751114,0.041269029
55.71507787,0.20236106,1.450294366,0.532693391,0.047876559
55.71971654,0.197837188,1.456038272,0.474104746,0.044336811
55.72435521,0.195736819,1.458788875,0.497540204,0.040639741
55.72899388,0.200341474,1.462267578,0.532693391,0.0435502
55.73363255,0.203007327,1.466393483,0.501145659,0.047876559
55.73827122,0.196544654,1.46356198,0.479512928,0.042134301
55.74290989,0.19646387,1.461539478,0.497540204,0.041111707
55.74754856,0.203492028,1.464775481,0.539002938,0.046775304
55.75218723,0.200260691,1.466150783,0.471400654,0.045831371
55.7568259,0.195898386,1.46364288,0.491230657,0.040875724
55.76146457,0.198806589,1.464532781,0.520074299,0.042684928
55.76610324,0.204057512,1.470276687,0.516468843,0.048269865
55.77074191,0.197190921,1.470600287,0.474104746,0.043156895
55.77538058,0.195817603,1.471004788,0.49663884,0.040875724
55.78001925,0.20211871,1.477072294,0.541707029,0.045359405
55.78465792,0.201634009,1.484757802,0.48942793,0.047089949
55.78929659,0.196140736,1.490906209,0.499342932,0.041111707
55.79393526,0.198402672,1.507814327,0.539904302,0.041662335
55.79857393,0.204784562,1.538232759,0.586775218,0.047876559
55.8032126,0.200179907,1.575689499,0.548016576,0.044022167
55.80785127,0.197756405,1.603761828,0.575958853,0.040246435
55.81248994,0.202522627,1.62390595,0.606605222,0.043864845
55.81712861,0.204946129,1.637011764,0.558832941,0.048191204
55.82176728,0.198241105,1.638548865,0.526383845,0.04205564
55.82640595,0.198160322,1.637173564,0.536298847,0.041426351
55.83104462,0.204784562,1.640166867,0.571452034,0.047011288
55.83568329,0.200906958,1.644130971,0.504751114,0.04575271
55.84032196,0.196544654,1.646557974,0.518271571,0.040875724
55.84496063,0.200018341,1.65238278,0.548016576,0.04276359
55.8495993,0.204622996,1.660472789,0.538101574,0.048269865
55.85423797,0.197998755,1.659340187,0.493033385,0.042606267
55.85887664,0.196544654,1.654162582,0.508356569,0.040482418
55.86351531,0.202280276,1.649146777,0.548016576,0.045280744
55.86815398,0.201472442,1.64307927,0.483118383,0.046853965
55.87279265,0.195898386,1.632238659,0.485822475,0.040797063
55.87743132,0.197917972,1.623096949,0.506553842,0.041583673
55.88206999,0.203734378,1.617272143,0.520975662,0.047797898
55.88670866,0.197675621,1.608373133,0.461485653,0.043786184
55.89134733,0.195332902,1.597370722,0.483118383,0.040325096
55.895986,0.200422258,1.590656015,0.523679754,0.043864845
55.90062467,0.201472442,1.585559309,0.48221702,0.047797898
55.90526334,0.195413686,1.575042298,0.468696563,0.041111707
55.90990201,0.19597917,1.566628689,0.487625202,0.040718402
55.91454068,0.20236106,1.562340985,0.523679754,0.047089949
55.91917935,0.198321889,1.556273478,0.455176106,0.045202083
55.92381802,0.193717234,1.546889068,0.475907473,0.040167774
55.92845669,0.197352488,1.540174361,0.506553842,0.04276359
55.93309536,0.201714792,1.537909159,0.493934749,0.047876559
55.93773403,0.195090552,1.53022365,0.458781561,0.042370284
55.9423727,0.193959584,1.523185343,0.479512928,0.040639741
55.94701137,0.200260691,1.52043474,0.524581117,0.045674049
55.95165004,0.198645022,1.516956036,0.464189744,0.046146016
55.95628871,0.193313317,1.509513228,0.474104746,0.040325096
55.96092738,0.195736819,1.505953625,0.502047023,0.041505012
55.96556605,0.201391659,1.506196325,0.51556748,0.047955221
55.97020472,0.195413686,1.50182772,0.459682925,0.043628861
55.97484339,0.193070967,1.495274813,0.481315656,0.040325096
55.97948206,0.198645022,1.493252311,0.520975662,0.044022167
55.98412073,0.199210506,1.49211971,0.478611565,0.047404593
55.9887594,0.192990183,1.486052204,0.466893835,0.040875724
55.99339807,0.193717234,1.481117298,0.486723839,0.040718402
55.99803674,0.200503041,1.481521799,0.52277839,0.046853965
56.00267541,0.196625437,1.477800395,0.45607747,0.044808778
56.00731408,0.192343916,1.471571088,0.475006109,0.040797063
56.01195275,0.196140736,1.468335085,0.508356569,0.042684928
56.01659142,0.200018341,1.468173285,0.490329294,0.047876559
56.02123009,0.193070967,1.462672079,0.459682925,0.041898318
56.02586876,0.192343916,1.457656273,0.481315656,0.040561079
56.03050743,0.198887373,1.458141674,0.527285209,0.045831371
56.0351461,0.197190921,1.457898974,0.465091108,0.045831371
56.03978477,0.192101566,1.453853969,0.477710201,0.040403757
56.04442344,0.194040368,1.452559568,0.50384975,0.041426351
56.04906211,0.199937557,1.456523672,0.513764752,0.047561915
56.05370078,0.193555667,1.45482477,0.461485653,0.043156895
56.05833945,0.191859215,1.452316868,0.485822475,0.040325096
56.06297812,0.197433271,1.45482477,0.530890664,0.044415472
56.06761679,0.198806589,1.457009073,0.488526566,0.047797898
56.07225546,0.192667049,1.45393487,0.481315656,0.041426351
56.07689413,0.193798017,1.452074168,0.501145659,0.041033046
56.0815328,0.200503041,1.45474387,0.530890664,0.047247271
56.08617147,0.195898386,1.453206769,0.46328838,0.044730116
56.09081014,0.191939999,1.448352764,0.483118383,0.040403757
56.09544881,0.196383087,1.447058362,0.517370207,0.043156895
56.10008748,0.199937557,1.448676364,0.493934749,0.048112543
56.10472615,0.1933941,1.44511676,0.465091108,0.042134301
56.10936482,0.192505483,1.442042557,0.484019747,0.040718402
56.11400349,0.199614424,1.443336958,0.527285209,0.046224677
56.11864216,0.196948571,1.442366157,0.462387016,0.046146016
56.12328083,0.192343916,1.437350352,0.476808837,0.040954385
56.1279195,0.194767418,1.434923349,0.502948387,0.042212962
56.13255817,0.199937557,1.436945852,0.506553842,0.048427187
56.13719684,0.193717234,1.434276149,0.456978834,0.043235556
56.14183551,0.191939999,1.430878345,0.480414292,0.040403757
56.14647418,0.197756405,1.431121045,0.52277839,0.044730116
56.15111285,0.198241105,1.432253647,0.473203382,0.047089949
56.15575152,0.191859215,1.427642342,0.468696563,0.041033046
56.16039019,0.192747833,1.424891739,0.490329294,0.041190368
56.16502886,0.199614424,1.42634794,0.518271571,0.047561915
56.16966753,0.194767418,1.425296239,0.454274742,0.044730116
56.1743062,0.191455298,1.420361334,0.475907473,0.040403757
56.17894487,0.195898386,1.419956834,0.511962024,0.043235556
56.18358354,0.198887373,1.421251235,0.486723839,0.047561915
56.18822221,0.192020782,1.41696353,0.460584289,0.041505012
56.19286088,0.191859215,1.413889327,0.481315656,0.040639741
56.19749955,0.198645022,1.415911829,0.523679754,0.046696643
56.20213822,0.195817603,1.415102828,0.45607747,0.046146016
56.20677689,0.190809031,1.411543225,0.471400654,0.040875724
56.21141556,0.193474884,1.410329723,0.500244295,0.042370284
56.21605423,0.198483456,1.412352225,0.501145659,0.048112543
56.2206929,0.192020782,1.409763423,0.45607747,0.042920912
56.22533157,0.190728247,1.40685102,0.478611565,0.040561079
56.22997024,0.19670622,1.408064521,0.521877026,0.045044761
56.23460891,0.196787004,1.409682523,0.468696563,0.047325932
56.23924758,0.191212948,1.40749822,0.469597927,0.041033046
56.24388625,0.192828616,1.40709372,0.493033385,0.041583673
56.24852492,0.198968156,1.410248823,0.518271571,0.048033882
56.25316359,0.193798017,1.409844323,0.45607747,0.044415472
56.25780226,0.190970598,1.40725552,0.477710201,0.041033046
56.26244093,0.195494469,1.408145421,0.51556748,0.044022167
56.2670796,0.198564239,1.410734224,0.485822475,0.048112543
56.27171827,0.191939999,1.40757912,0.465091108,0.041898318
56.27635694,0.192020782,1.405718418,0.484019747,0.041190368
56.28099561,0.198564239,1.408711722,0.527285209,0.046853965
56.28563428,0.195898386,1.408873522,0.459682925,0.046067355
56.29027295,0.191374515,1.405637518,0.477710201,0.040797063
56.29491162,0.194282718,1.405718418,0.507455206,0.042448945
56.29955029,0.19904894,1.409197122,0.504751114,0.04866317
56.30418896,0.192828616,1.40766002,0.460584289,0.043235556
56.30882763,0.191616865,1.405637518,0.481315656,0.041269029
56.3134663,0.197917972,1.408307221,0.528186573,0.045674049
56.31810497,0.197514055,1.410976924,0.473203382,0.047325932
56.32274364,0.191859215,1.409601623,0.477710201,0.041583673
56.32738231,0.194201934,1.410491523,0.502047023,0.041976979
56.33202098,0.200260691,1.415426429,0.52277839,0.048112543
56.33665965,0.195171335,1.415750029,0.462387016,0.044494133
56.34129832,0.192101566,1.413403927,0.484019747,0.041269029
56.34593699,0.196948571,1.415750029,0.521877026,0.044415472
56.35057566,0.19929129,1.419228733,0.487625202,0.048269865
56.35521433,0.192667049,1.416154529,0.469597927,0.042212962
56.359853,0.193070967,1.415183728,0.490329294,0.041583673
56.36449167,0.19977599,1.419714133,0.530890664,0.048033882
56.36913034,0.196059953,1.422141136,0.465992472,0.046146016
56.37376901,0.192020782,1.421736635,0.484921111,0.041269029
56.37840768,0.195736819,1.424810839,0.51556748,0.043235556
56.38304635,0.200099124,1.430392945,0.508356569,0.048899153
56.38768502,0.193798017,1.431363746,0.467795199,0.043471539
56.39232369,0.192424699,1.430473845,0.48942793,0.041269029
56.39696236,0.198806589,1.433548048,0.534496119,0.046224677
56.40160103,0.197675621,1.436298651,0.475006109,0.047640576
56.4062397,0.192343916,1.434923349,0.48221702,0.041426351
56.41087837,0.193959584,1.436460451,0.506553842,0.042134301
56.41551704,0.200422258,1.443094258,0.525482481,0.048584509
56.42015571,0.194525068,1.447786463,0.473203382,0.044494133
56.42479438,0.192182349,1.456442772,0.505652478,0.041033046
56.42943305,0.197675621,1.47367449,0.55612885,0.044494133
56.43407172,0.199452857,1.493495012,0.528186573,0.048112543
56.43871039,0.1933941,1.503607522,0.517370207,0.041740996
56.44334906,0.194121151,1.509675029,0.5299893,0.041033046
56.44798773,0.200745391,1.515499835,0.558832941,0.047483254
56.4526264,0.196383087,1.515095334,0.484019747,0.045516727
56.45726507,0.192828616,1.51088853,0.498441568,0.040797063
56.46190374,0.196544654,1.509998629,0.527285209,0.043078234
56.46654241,0.200906958,1.510322229,0.511060661,0.048820492
56.47118108,0.194201934,1.505549124,0.472302018,0.04276359
56.47581975,0.193070967,1.50182772,0.493934749,0.040954385
56.48045842,0.199452857,1.502798521,0.538101574,0.045910033
56.48509709,0.198079539,1.502879421,0.476808837,0.046775304
56.48973576,0.193070967,1.499238918,0.484921111,0.041111707
56.49437443,0.194767418,1.497297316,0.510159297,0.042212962
56.4990131,0.201230092,1.50126142,0.524581117,0.048505848
56.50365177,0.195171335,1.499643418,0.470499291,0.044022167
56.50829044,0.193070967,1.497459116,0.493934749,0.040875724
56.51292911,0.198645022,1.499077117,0.534496119,0.044336811
56.51756778,0.199937557,1.50174682,0.493033385,0.048112543
56.52220645,0.194040368,1.500856919,0.487625202,0.041740996
56.52684512,0.195252119,1.502555821,0.518271571,0.041426351
56.53148379,0.202280276,1.509432328,0.557030214,0.047719237
56.53612246,0.198160322,1.512830132,0.490329294,0.04575271
56.54076113,0.194605852,1.511940231,0.508356569,0.040954385
56.5453998,0.199210506,1.513800933,0.53720021,0.0435502
56.55003847,0.202441843,1.517684137,0.516468843,0.048741831
56.55467714,0.196140736,1.516066135,0.481315656,0.042842251
56.55931581,0.195494469,1.514771734,0.497540204,0.041111707
56.56395448,0.201795576,1.517441437,0.539002938,0.046224677
56.56859315,0.200018341,1.519059439,0.475907473,0.04716861
56.57323182,0.194928985,1.516389736,0.486723839,0.041505012
56.57787049,0.197271704,1.515823435,0.511060661,0.042212962
56.58250916,0.202926544,1.518978539,0.520975662,0.048584509
56.58714783,0.196787004,1.517603237,0.468696563,0.043943506
56.5917865,0.194767418,1.515338035,0.491230657,0.040954385
56.59642517,0.200099124,1.515742535,0.532693391,0.045202083
56.60106384,0.200664608,1.516227936,0.484921111,0.048033882
56.60570251,0.194605852,1.51137393,0.475907473,0.041740996
56.61034118,0.195736819,1.507652527,0.495737476,0.041662335
56.61497985,0.202280276,1.507571626,0.526383845,0.047719237
56.61961852,0.197271704,1.504740123,0.460584289,0.045516727
56.62425719,0.193798017,1.498429917,0.48221702,0.041190368
56.62889586,0.197756405,1.496245614,0.517370207,0.043943506
56.63353453,0.201472442,1.496811915,0.495737476,0.048977814
56.6381732,0.194605852,1.490825309,0.467795199,0.042842251
56.64281187,0.194282718,1.486133104,0.487625202,0.041426351
56.64745054,0.200906958,1.485162303,0.530890664,0.047089949
56.65208921,0.198564239,1.483301601,0.465091108,0.046696643
56.65672788,0.193555667,1.477395894,0.476808837,0.041111707
56.66136655,0.19597917,1.473755391,0.502948387,0.042527606
56.66600522,0.200906958,1.47294639,0.508356569,0.048741831
56.67064389,0.194121151,1.467930584,0.458781561,0.043864845
56.67528256,0.192667049,1.462348478,0.481315656,0.041269029
56.67992123,0.198079539,1.460973177,0.523679754,0.045831371
56.6845599,0.198564239,1.460083276,0.474104746,0.048348526
56.68919857,0.192586266,1.453773069,0.469597927,0.042134301
56.69383724,0.193474884,1.449728065,0.491230657,0.041662335
56.69847591,0.199937557,1.450294366,0.519172935,0.048348526
56.70311458,0.195332902,1.446411162,0.455176106,0.045438066
56.70775325,0.192020782,1.440909956,0.476808837,0.041662335
56.71239192,0.196059953,1.439453754,0.513764752,0.043943506
56.71703059,0.19929129,1.440100955,0.487625202,0.048505848
56.72166926,0.192667049,1.434923349,0.46328838,0.042448945
56.72630793,0.192586266,1.431687346,0.483118383,0.04134769
56.7309466,0.199210506,1.431930046,0.526383845,0.047011288
56.73558527,0.196059953,1.431282846,0.460584289,0.046539321
56.74022394,0.191616865,1.426590641,0.475006109,0.041111707
56.74486261,0.194444285,1.424568138,0.502948387,0.04276359
56.74950128,0.199937557,1.425458039,0.50384975,0.04866317
56.75413995,0.192747833,1.421170335,0.456978834,0.0435502
56.75877862,0.191051381,1.41680173,0.477710201,0.041190368
56.76341729,0.197271704,1.417206231,0.520975662,0.045359405
56.76805596,0.196787004,1.418015231,0.469597927,0.047797898
56.77269463,0.191293731,1.413808427,0.468696563,0.041819657
56.7773333,0.192424699,1.411705025,0.493033385,0.041819657
56.78197197,0.198887373,1.413889327,0.518271571,0.048033882
56.78661064,0.193959584,1.413565727,0.456978834,0.044887439
56.79124931,0.191051381,1.411138724,0.480414292,0.041033046
56.79588798,0.195656036,1.412271325,0.520074299,0.043864845
56.80052665,0.198241105,1.414941028,0.493033385,0.048112543
56.80516532,0.192263132,1.412756726,0.472302018,0.04205564
56.80980399,0.192424699,1.411381424,0.493934749,0.041111707
56.81444266,0.198806589,1.415507329,0.534496119,0.046932627
56.81908133,0.195898386,1.417610731,0.466893835,0.045910033
56.82372,0.191697648,1.415750029,0.484019747,0.041190368
56.82835867,0.194767418,1.41672083,0.511962024,0.042842251
56.83299734,0.19977599,1.420927635,0.508356569,0.048584509
56.83763601,0.1933941,1.420118634,0.465091108,0.043156895
56.84227468,0.192343916,1.418338832,0.484921111,0.041033046
56.84691335,0.198160322,1.420684934,0.5299893,0.04575271
56.85155202,0.197917972,1.422545636,0.474104746,0.047483254
56.85619069,0.192667049,1.419633233,0.476808837,0.041583673
56.86082936,0.194121151,1.419147833,0.500244295,0.041898318
56.86546803,0.200745391,1.423031037,0.520975662,0.048269865
56.8701067,0.195171335,1.421736635,0.461485653,0.044651455
56.87474537,0.192828616,1.419066933,0.483118383,0.041111707
56.87938404,0.197594838,1.420118634,0.520975662,0.044179489
56.88402271,0.199452857,1.421251235,0.485822475,0.048269865
56.88866138,0.192990183,1.41688263,0.468696563,0.041976979
56.89330005,0.19315175,1.414860128,0.488526566,0.041426351
56.89793872,0.200422258,1.417368031,0.528186573,0.047325932
56.90257739,0.19670622,1.417287131,0.461485653,0.045831371
56.90721606,0.192343916,1.413727527,0.479512928,0.041269029
56.91185473,0.195332902,1.412675826,0.510159297,0.043078234
56.9164934,0.200260691,1.414455628,0.501145659,0.048741831
56.92113207,0.193878801,1.411219624,0.462387016,0.043078234
56.92577074,0.1929094,1.408873522,0.48221702,0.041111707
56.93040941,0.19904894,1.410491523,0.526383845,0.046224677
56.93504808,0.198241105,1.411300524,0.467795199,0.047483254
56.93968675,0.192505483,1.40757912,0.474104746,0.041583673
56.94432542,0.194525068,1.405718418,0.497540204,0.04205564
56.94896409,0.200503041,1.408226321,0.514666116,0.04866317
56.95360276,0.195009769,1.40701282,0.45607747,0.044415472
56.95824143,0.192101566,1.404181317,0.479512928,0.040954385
56.9628801,0.197029354,1.404262217,0.519172935,0.044336811
56.96751877,0.198968156,1.405961119,0.480414292,0.047876559
56.97215744,0.192667049,1.402320615,0.465091108,0.041819657
56.97679611,0.192828616,1.399489112,0.484921111,0.040954385
56.98143478,0.199210506,1.401592514,0.52277839,0.047404593
56.98607345,0.195494469,1.400540813,0.45607747,0.045831371
56.99071212,0.191616865,1.396576709,0.476808837,0.041111707
56.99535079,0.195575253,1.396091308,0.508356569,0.043314217
56.99998946,0.19953364,1.398518311,0.49663884,0.048584509
57.00462813,0.192667049,1.396010408,0.460584289,0.042999573
57.0092668,0.191859215,1.393421605,0.48221702,0.041111707
57.01390547,0.198321889,1.395444108,0.526383845,0.046146016
57.01854414,0.19670622,1.396819409,0.465992472,0.046932627
57.02318281,0.191697648,1.393017105,0.475006109,0.041111707
57.02782148,0.193555667,1.393098005,0.502948387,0.042291623
57.03246015,0.199372073,1.397143009,0.517370207,0.048505848
57.03709882,0.1933941,1.396091308,0.461485653,0.044022167
57.04173749,0.191293731,1.392774405,0.483118383,0.041111707
57.04637616,0.196544654,1.394554207,0.523679754,0.044730116
57.05101483,0.197998755,1.396738509,0.480414292,0.048112543
57.0556535,0.192020782,1.394149706,0.470499291,0.041740996
57.06029217,0.192505483,1.393178905,0.491230657,0.041426351
57.06493084,0.199452857,1.396576709,0.526383845,0.047404593
57.06956951,0.195252119,1.397062109,0.46328838,0.045438066
57.07420818,0.192101566,1.395686808,0.485822475,0.041269029
57.07884685,0.196059953,1.396900309,0.519172935,0.043314217
57.08348552,0.199695207,1.400702613,0.500244295,0.048584509
57.08812419,0.193070967,1.398437411,0.465992472,0.042684928
57.09276286,0.192424699,1.396334008,0.484921111,0.041426351
57.09740153,0.198887373,1.39762841,0.528186573,0.046696643
57.1020402,0.197271704,1.398680111,0.465091108,0.046775304
57.10667887,0.192101566,1.395767708,0.475907473,0.041190368
57.11131754,0.194605852,1.395525008,0.501145659,0.042212962
57.11595621,0.200341474,1.39795201,0.510159297,0.048584509
57.12059488,0.194201934,1.396738509,0.457880198,0.043943506
57.12523355,0.192101566,1.393745206,0.481315656,0.040954385
57.12987222,0.197756405,1.395686808,0.523679754,0.045123422
57.13451089,0.198806589,1.39803291,0.479512928,0.047797898
57.13914956,0.192747833,1.395363207,0.473203382,0.041583673
57.14378823,0.193798017,1.394473306,0.494836113,0.04134769
57.1484269,0.200503041,1.39795201,0.526383845,0.047719237
57.15306557,0.19597917,1.39754751,0.461485653,0.045202083
57.15770424,0.1929094,1.394716007,0.484019747,0.040797063
57.16234291,0.196867787,1.395525008,0.520975662,0.043707522
57.16698158,0.200826175,1.398841911,0.500244295,0.048505848
57.17162025,0.194040368,1.396738509,0.470499291,0.042370284
57.17625892,0.193959584,1.395444108,0.490329294,0.041505012
57.18089759,0.200099124,1.39762841,0.533594755,0.046775304
57.18553626,0.197917972,1.398437411,0.467795199,0.046775304
57.19017493,0.192828616,1.395282307,0.480414292,0.041190368
57.1948136,0.195332902,1.394554207,0.507455206,0.042527606
57.19945227,0.200906958,1.397304809,0.511962024,0.048584509
57.20409094,0.194363501,1.395848608,0.462387016,0.043786184
57.20872961,0.192667049,1.393745206,0.484921111,0.040718402
57.21336828,0.198483456,1.395525008,0.526383845,0.045202083
57.21800695,0.198483456,1.398356511,0.476808837,0.048191204
57.22264562,0.192828616,1.395120507,0.473203382,0.04205564
57.22728429,0.193959584,1.393826106,0.493934749,0.041898318
57.23192296,0.199937557,1.395767708,0.52277839,0.048112543
57.23656163,0.195252119,1.394473306,0.458781561,0.044887439
57.2412003,0.192343916,1.391803604,0.479512928,0.040954385
57.24583897,0.196625437,1.392936205,0.516468843,0.044022167
57.25047764,0.199372073,1.395444108,0.490329294,0.048584509
57.25511631,0.19315175,1.393098005,0.465992472,0.042527606
57.25975498,0.193070967,1.391965404,0.485822475,0.041426351
57.26439365,0.19953364,1.394311506,0.5299893,0.047011288
57.26903232,0.19670622,1.394958707,0.465091108,0.046617982
57.27367099,0.192182349,1.391884504,0.480414292,0.041269029
57.27830966,0.195252119,1.391965404,0.508356569,0.042842251
57.28294833,0.200422258,1.395686808,0.508356569,0.048820492
57.287587,0.194201934,1.393745206,0.461485653,0.043786184
57.29222567,0.192586266,1.391480003,0.48221702,0.041426351
57.29686434,0.198483456,1.393421605,0.526383845,0.045831371
57.30150301,0.198483456,1.395686808,0.473203382,0.047955221
57.30614168,0.192747833,1.392369904,0.471400654,0.041976979
57.31078035,0.194040368,1.390994603,0.493934749,0.04205564
57.31541902,0.200422258,1.393421605,0.518271571,0.048505848
57.32005769,0.195009769,1.392046304,0.456978834,0.045123422
57.32469636,0.192020782,1.3881631,0.477710201,0.041505012
57.32933503,0.196544654,1.389053001,0.51556748,0.044415472
57.3339737,0.19929129,1.392046304,0.485822475,0.048191204
57.33861237,0.1929094,1.389214801,0.465091108,0.042291623
57.34325104,0.1929094,1.387030499,0.485822475,0.04134769
57.34788971,0.199614424,1.389457501,0.527285209,0.047011288
57.35252838,0.196787004,1.390509202,0.460584289,0.046067355
57.35716705,0.192182349,1.387758599,0.479512928,0.04134769
57.36180572,0.195656036,1.3888103,0.508356569,0.042920912
57.36644439,0.200341474,1.392450804,0.505652478,0.048820492
57.37108306,0.194363501,1.390671002,0.46328838,0.0435502
57.37572173,0.193070967,1.389376601,0.484921111,0.041269029
57.3803604,0.198887373,1.391803604,0.529087936,0.045910033
57.38499907,0.198645022,1.393907006,0.473203382,0.047561915
57.38963774,0.1929094,1.390832803,0.475907473,0.041976979
57.39427641,0.194282718,1.390023802,0.499342932,0.042606267
57.39891508,0.200583825,1.393017105,0.520074299,0.048584509
57.40355375,0.194928985,1.392208104,0.458781561,0.0449661
57.40819242,0.192343916,1.389214801,0.481315656,0.04134769
57.41283109,0.196625437,1.389457501,0.519172935,0.044651455
57.41746976,0.19904894,1.391480003,0.484921111,0.048505848
57.42210843,0.192667049,1.3888103,0.465992472,0.042134301
57.4267471,0.193070967,1.386706898,0.485822475,0.041505012
57.43138577,0.199372073,1.3888103,0.525482481,0.047404593
57.43602444,0.196383087,1.389295701,0.458781561,0.045910033
57.44066311,0.192101566,1.386059698,0.477710201,0.041505012
57.44530178,0.195494469,1.385978797,0.508356569,0.043628861
57.44994045,0.200260691,1.389376601,0.500244295,0.049292459
57.45457912,0.193555667,1.386545098,0.462387016,0.043392878
57.45921779,0.192182349,1.383956295,0.483118383,0.041505012
57.46385646,0.198160322,1.386868698,0.527285209,0.046224677
57.46849513,0.197594838,1.388972101,0.469597927,0.047483254
57.4731338,0.192020782,1.386706898,0.476808837,0.041898318
57.47777247,0.194121151,1.387273199,0.501145659,0.042606267
57.48241114,0.199856774,1.390913703,0.518271571,0.049056476
57.48704981,0.194363501,1.390023802,0.460584289,0.045044761
57.49168848,0.191778432,1.387273199,0.483118383,0.041583673
57.49632715,0.19646387,1.387515899,0.52277839,0.045044761
57.50096582,0.198241105,1.390185602,0.484921111,0.04866317
57.50560449,0.192101566,1.387354099,0.469597927,0.042291623
57.51024316,0.19315175,1.386221498,0.490329294,0.041819657
57.51488183,0.19953364,1.3888103,0.527285209,0.048112543
57.5195205,0.195656036,1.389295701,0.460584289,0.046224677
57.52415917,0.191616865,1.386221498,0.480414292,0.04134769
57.52879784,0.195332902,1.386949598,0.512863388,0.043707522
57.53343651,0.19904894,1.390347402,0.500244295,0.049135137
57.53807518,0.192828616,1.3884867,0.465992472,0.043156895
57.54271385,0.191939999,1.386949598,0.487625202,0.041662335
57.54735252,0.198160322,1.389700201,0.532693391,0.046932627
57.55199119,0.196787004,1.391641803,0.471400654,0.047876559
57.55662986,0.191374515,1.389781102,0.480414292,0.04205564
57.56126853,0.1933941,1.389781102,0.506553842,0.042920912
57.5659072,0.19953364,1.396819409,0.524581117,0.049449781
57.57054587,0.193959584,1.400621713,0.475006109,0.045044761
57.57518454,0.192020782,1.404262217,0.501145659,0.041583673
57.57982321,0.197271704,1.410491523,0.543509757,0.045595388
57.58446188,0.198321889,1.416073629,0.501145659,0.048584509
57.58910055,0.192263132,1.415183728,0.488526566,0.042370284
57.59373922,0.193070967,1.415021928,0.506553842,0.042134301
57.59837789,0.200099124,1.418015231,0.538101574,0.048191204
57.60301656,0.195494469,1.41688263,0.470499291,0.045910033
57.60765523,0.192101566,1.413080326,0.48942793,0.041583673
57.6122939,0.195736819,1.413403927,0.520074299,0.044179489
57.61693257,0.199856774,1.416073629,0.501145659,0.04937112
57.62157124,0.193798017,1.413808427,0.468696563,0.043471539
57.62620991,0.192828616,1.411300524,0.488526566,0.04205564
57.63084858,0.19929129,1.413403927,0.532693391,0.047325932
57.63548725,0.197433271,1.414455628,0.468696563,0.047561915
57.64012592,0.192505483,1.411543225,0.480414292,0.042134301
57.64476459,0.195252119,1.411138724,0.506553842,0.043156895
57.64940326,0.200664608,1.414293827,0.516468843,0.04937112
57.65404193,0.194767418,1.413727527,0.46328838,0.044572794
57.6586806,0.1929094,1.411381424,0.485822475,0.041505012
57.66331927,0.198645022,1.413323026,0.527285209,0.045910033
57.66795794,0.199856774,1.41647813,0.481315656,0.048977814
57.67259661,0.193474884,1.412837626,0.474104746,0.04276359
57.67723528,0.194040368,1.410087023,0.494836113,0.042448945
57.68187395,0.200987742,1.412594926,0.524581117,0.048505848
57.68651262,0.196140736,1.412028625,0.460584289,0.04575271
57.69115129,0.1929094,1.408388121,0.48221702,0.041426351
57.69578996,0.197433271,1.409116222,0.517370207,0.044100828
57.70042863,0.200664608,1.411381424,0.494836113,0.049135137
57.7050673,0.193959584,1.408145421,0.466893835,0.042999573
57.70970597,0.193798017,1.406527419,0.486723839,0.041819657
57.71434464,0.200503041,1.408226321,0.529087936,0.047089949
57.71898331,0.197998755,1.408145421,0.46328838,0.047011288
57.72362198,0.1933941,1.404828517,0.477710201,0.041740996
57.72826065,0.195736819,1.404100417,0.504751114,0.043078234
57.73289932,0.200987742,1.40733642,0.510159297,0.049056476
57.73753799,0.194848202,1.405718418,0.461485653,0.044415472
57.74217666,0.192667049,1.403048716,0.484921111,0.041662335
57.74681533,0.198564239,1.404262217,0.529087936,0.045831371
57.751454,0.19904894,1.406446519,0.479512928,0.048269865
57.75609267,0.192828616,1.404343117,0.476808837,0.042212962
57.76073134,0.193717234,1.403372316,0.498441568,0.04205564
57.76537001,0.200583825,1.406122919,0.525482481,0.048348526
57.77000868,0.195575253,1.405961119,0.461485653,0.045359405
57.77464735,0.192020782,1.404181317,0.485822475,0.041583673
57.77928602,0.19646387,1.40749822,0.524581117,0.044494133
57.78392469,0.199614424,1.413242126,0.500244295,0.049213798
57.78856336,0.193313317,1.415264629,0.483118383,0.043078234
57.79320203,0.193232533,1.418581532,0.505652478,0.041898318
57.7978407,0.19953364,1.424487238,0.546213848,0.047483254
57.80247937,0.196867787,1.426833341,0.475907473,0.046932627
57.80711804,0.192747833,1.424082738,0.490329294,0.041583673
57.81175671,0.195656036,1.423273737,0.51556748,0.043392878
57.81639538,0.200826175,1.427076041,0.51556748,0.049135137
57.82103405,0.194282718,1.424568138,0.467795199,0.044100828
57.82567272,0.192990183,1.421655735,0.490329294,0.04134769
57.83031139,0.19904894,1.423678237,0.533594755,0.045988694
57.83495006,0.19904894,1.424891739,0.479512928,0.048269865
57.83958873,0.1933941,1.421655735,0.479512928,0.041819657
57.8442274,0.195090552,1.421413035,0.502948387,0.042448945
57.84886607,0.201553226,1.424568138,0.526383845,0.048820492
57.85350474,0.195898386,1.423678237,0.465091108,0.045516727
57.85814341,0.1933941,1.420846734,0.487625202,0.041583673
57.86278208,0.197998755,1.421817535,0.525482481,0.044572794
57.86742075,0.200745391,1.423597337,0.493033385,0.049056476
57.87205942,0.194040368,1.420604034,0.472302018,0.043078234
57.87669809,0.193798017,1.418581532,0.493033385,0.041740996
57.88133676,0.201068525,1.420846734,0.534496119,0.047640576
57.88597543,0.197352488,1.420280434,0.467795199,0.046775304
57.8906141,0.193474884,1.41623543,0.484921111,0.041976979
57.89525277,0.196625437,1.416154529,0.51556748,0.043707522
57.89989144,0.201230092,1.418986032,0.511060661,0.049607103
57.90453011,0.195090552,1.41647813,0.468696563,0.04425815
57.90916878,0.194121151,1.414374728,0.490329294,0.041976979
57.91380745,0.200422258,1.415992729,0.535397483,0.04646066
57.91844612,0.19953364,1.417853431,0.478611565,0.048191204
57.92308479,0.194040368,1.414698328,0.483118383,0.042291623
57.92772346,0.196140736,1.414455628,0.508356569,0.042920912
57.93236213,0.20236106,1.418905132,0.532693391,0.049292459
57.9370008,0.19670622,1.418257932,0.473203382,0.045438066
57.94163947,0.194040368,1.415588229,0.494836113,0.04205564
57.94627814,0.198806589,1.41639723,0.530890664,0.045202083
57.95091681,0.200745391,1.418338832,0.493934749,0.049056476
57.95555548,0.194605852,1.415183728,0.475907473,0.042920912
57.96019415,0.195252119,1.412837626,0.494836113,0.042212962
57.96483282,0.201472442,1.415426429,0.533594755,0.048269865
57.96947149,0.197514055,1.415183728,0.465992472,0.046775304
57.97411016,0.192990183,1.411300524,0.484019747,0.04205564
57.97874883,0.196867787,1.411785925,0.51556748,0.044022167
57.9833875,0.201310875,1.414455628,0.506553842,0.049292459
57.98802617,0.195009769,1.413242126,0.466893835,0.043864845
57.99266484,0.193798017,1.411624125,0.490329294,0.041819657
57.99730351,0.200018341,1.413970227,0.536298847,0.046617982
58.00194218,0.199372073,1.41623543,0.476808837,0.048112543
58.00658085,0.194282718,1.414617428,0.484019747,0.041898318
58.01121952,0.195898386,1.415183728,0.507455206,0.042684928
58.01585819,0.201957143,1.418581532,0.524581117,0.049135137
58.02049686,0.196625437,1.417853431,0.465992472,0.045044761
58.02513553,0.194121151,1.416154529,0.48942793,0.041976979
58.0297742,0.198806589,1.417934331,0.530890664,0.045202083
58.03441287,0.200422258,1.420927635,0.491230657,0.049135137
58.03905154,0.194282718,1.419228733,0.477710201,0.04276359
58.04369021,0.195009769,1.418500632,0.498441568,0.04205564
58.04832888,0.201634009,1.422950137,0.535397483,0.048269865
58.05296755,0.197998755,1.425053539,0.469597927,0.046617982
58.05760622,0.193959584,1.424568138,0.491230657,0.041740996
58.06224489,0.198402672,1.427561442,0.526383845,0.043943506
58.06688356,0.202926544,1.43516605,0.51556748,0.049449781
58.07152223,0.19670622,1.438725653,0.483118383,0.0435502
58.0761609,0.195898386,1.443094258,0.507455206,0.04205564
58.08079957,0.202441843,1.451669667,0.553424758,0.046932627
58.08543824,0.201553226,1.457251773,0.48942793,0.048112543
58.09007691,0.19646387,1.456766373,0.49663884,0.042448945
58.09471558,0.198564239,1.457494473,0.518271571,0.043314217
58.09935425,0.204057512,1.461296777,0.529087936,0.049607103
58.10399292,0.198321889,1.459031575,0.471400654,0.045359405
58.10863159,0.196059953,1.455795572,0.493033385,0.04205564
58.11327026,0.201391659,1.455552871,0.532693391,0.045910033
58.11790893,0.20260341,1.457009073,0.490329294,0.049135137
58.1225476,0.19646387,1.453206769,0.479512928,0.042920912
58.12718627,0.197352488,1.451507867,0.499342932,0.042370284
58.13182494,0.204299862,1.453611269,0.534496119,0.048820492
58.13646361,0.198968156,1.452478668,0.467795199,0.046303338
58.14110228,0.195332902,1.448757264,0.488526566,0.041740996
58.14574095,0.199695207,1.447786463,0.521877026,0.044336811
58.15037962,0.202764977,1.449566265,0.50384975,0.049528442
58.15501829,0.19622152,1.446087561,0.471400654,0.043471539
58.15965696,0.195817603,1.442932458,0.490329294,0.041819657
58.16429563,0.20260341,1.44535946,0.536298847,0.047404593
58.1689343,0.200422258,1.445925761,0.472302018,0.047719237
58.17357297,0.195656036,1.442204357,0.484921111,0.042134301
58.17821164,0.197837188,1.441071756,0.511962024,0.042920912
58.18285031,0.203815161,1.444145959,0.520975662,0.049056476
58.18748898,0.197352488,1.442608858,0.468696563,0.044415472
58.19212765,0.195736819,1.440990856,0.492132021,0.041819657
58.19676632,0.201230092,1.443094258,0.536298847,0.045595388
58.20140499,0.202441843,1.448110063,0.498441568,0.048505848
58.20604366,0.197514055,1.452802268,0.502948387,0.042684928
58.21068233,0.199614424,1.462995679,0.544411121,0.042527606
58.215321,0.207288848,1.479903797,0.593986129,0.048741831
58.21995967,0.203895945,1.489530907,0.5299893,0.046067355
58.22459834,0.200987742,1.49228151,0.542608393,0.041819657
58.22923701,0.205269263,1.494304012,0.566945215,0.044572794
58.23387568,0.208581383,1.496973715,0.534496119,0.04937112
58.23851435,0.201795576,1.493009611,0.49663884,0.043314217
58.24315302,0.200987742,1.487912906,0.510159297,0.042212962
58.24779169,0.207046498,1.487589305,0.549819303,0.047404593
58.25243036,0.204461429,1.486052204,0.479512928,0.04716861
58.25706903,0.199856774,1.480470098,0.491230657,0.042134301
58.2617077,0.20236106,1.476425093,0.516468843,0.0435502
58.26634637,0.207369632,1.476425093,0.519172935,0.049607103
58.27098504,0.200826175,1.471085688,0.468696563,0.044808778
58.27562371,0.199372073,1.466231683,0.490329294,0.042212962
58.28026238,0.204622996,1.465422682,0.533594755,0.046224677
58.28490105,0.204461429,1.465503582,0.483118383,0.04866317
58.28953972,0.198402672,1.460325976,0.479512928,0.042684928
58.29417839,0.199452857,1.457251773,0.50384975,0.042606267
58.29881706,0.20615788,1.459516975,0.532693391,0.048899153
58.30345573,0.200906958,1.457575373,0.467795199,0.046146016
58.3080944,0.197110138,1.453287669,0.48942793,0.042134301
58.31273307,0.201634009,1.453853969,0.527285209,0.044808778
58.31737174,0.204299862,1.455714671,0.501145659,0.04937112
58.32201041,0.197837188,1.453773069,0.478611565,0.043471539
58.32664908,0.197594838,1.452964069,0.501145659,0.042448945
58.33128775,0.203976728,1.456038272,0.544411121,0.047719237
58.33592642,0.201230092,1.457575373,0.478611565,0.047325932
58.34056509,0.19670622,1.455714671,0.495737476,0.041819657
58.34520376,0.198968156,1.456604572,0.524581117,0.043471539
58.34984243,0.204299862,1.459759676,0.524581117,0.049607103
58.3544811,0.197675621,1.457251773,0.476808837,0.04425815
58.35911977,0.196302303,1.453206769,0.49663884,0.041819657
58.36375844,0.201634009,1.452721368,0.538101574,0.046303338
58.36839711,0.201795576,1.452397768,0.484019747,0.04866317
58.37303578,0.195817603,1.446977462,0.48221702,0.042527606
58.37767445,0.197433271,1.44479316,0.504751114,0.042448945
58.38231312,0.203815161,1.446411162,0.529087936,0.048899153
58.38695179,0.198564239,1.444388659,0.467795199,0.045438066
58.39159046,0.195494469,1.439939155,0.490329294,0.041819657
58.39622913,0.199937557,1.439696454,0.527285209,0.045123422
58.4008678,0.202522627,1.441799857,0.494836113,0.049292459
58.40550647,0.195898386,1.436945852,0.474104746,0.043156895
58.41014514,0.196059953,1.433224448,0.491230657,0.041898318
58.41478381,0.202684193,1.434033448,0.532693391,0.047797898
58.41942248,0.199210506,1.432496347,0.464189744,0.04716861
58.42406115,0.194282718,1.427237841,0.480414292,0.042134301
58.42869982,0.197756405,1.42570074,0.510159297,0.043786184
58.43333849,0.202037926,1.427156941,0.506553842,0.049449781
58.43797716,0.195332902,1.422869237,0.46328838,0.044100828
58.44261583,0.193878801,1.419390533,0.484019747,0.041583673
58.4472545,0.200099124,1.419390533,0.528186573,0.046539321
58.45189317,0.19953364,1.419390533,0.472302018,0.047876559
58.45653184,0.193798017,1.415021928,0.476808837,0.04205564
58.46117051,0.195009769,1.413484827,0.500244295,0.042370284
58.46580918,0.201472442,1.415345529,0.520975662,0.048977814
58.47044785,0.195817603,1.413484827,0.462387016,0.045123422
58.47508652,0.193555667,1.410815124,0.484921111,0.041583673
58.47972519,0.198402672,1.411300524,0.525482481,0.045123422
58.48436386,0.200341474,1.413808427,0.48942793,0.048899153
58.48900253,0.193878801,1.410410623,0.473203382,0.042212962
58.4936412,0.194201934,1.407902721,0.491230657,0.041898318
58.49827987,0.200583825,1.409682523,0.530890664,0.047797898
58.50291854,0.196625437,1.409358922,0.46328838,0.046617982
58.50755721,0.19315175,1.406608319,0.48221702,0.04134769
58.51219588,0.19670622,1.406689219,0.513764752,0.0435502
58.51683455,0.200906958,1.410734224,0.504751114,0.049056476
58.52147322,0.194444285,1.409358922,0.467795199,0.0435502
58.52611189,0.193878801,1.40757912,0.488526566,0.041819657
58.53075056,0.200179907,1.409520722,0.533594755,0.046696643
58.53538923,0.19904894,1.410572424,0.472302018,0.047955221
58.5400279,0.193878801,1.406608319,0.478611565,0.041898318
58.54466657,0.195736819,1.405233018,0.502948387,0.042842251
58.54930524,0.201795576,1.408630821,0.519172935,0.048977814
58.55394391,0.196059953,1.40677012,0.461485653,0.044651455
58.55858258,0.193555667,1.403534116,0.484019747,0.041662335
58.56322125,0.198887373,1.404504917,0.52277839,0.045280744
58.56785992,0.200745391,1.406689219,0.484019747,0.048584509
58.57249859,0.194121151,1.402886915,0.470499291,0.042291623
58.57713726,0.194686635,1.401107114,0.491230657,0.041898318
58.58177593,0.201149308,1.404504917,0.529087936,0.048033882
58.5864146,0.196787004,1.402806015,0.462387016,0.046067355
58.59105327,0.192990183,1.398761011,0.481315656,0.041505012
58.59569194,0.196383087,1.398761011,0.514666116,0.043786184
58.60033061,0.200503041,1.401349814,0.501145659,0.049135137
58.60496928,0.193959584,1.398680111,0.465992472,0.043471539
58.60960795,0.192747833,1.397062109,0.486723839,0.041583673
58.61424662,0.19953364,1.399650912,0.532693391,0.046853965
58.61888529,0.198160322,1.400702613,0.471400654,0.047404593
58.62352396,0.193232533,1.39754751,0.481315656,0.041898318
58.62816263,0.195090552,1.39770931,0.506553842,0.04276359
58.6328013,0.200987742,1.402482415,0.520975662,0.049292459
58.63743997,0.195171335,1.403210516,0.469597927,0.044494133
58.64207864,0.193232533,1.401997014,0.493934749,0.041426351
58.64671731,0.198725806,1.404585817,0.535397483,0.045516727
58.65135598,0.199856774,1.40741732,0.491230657,0.048505848
58.65599465,0.193959584,1.406042019,0.480414292,0.042527606
58.66063332,0.194605852,1.404990318,0.501145659,0.042212962
58.66527199,0.200906958,1.409358922,0.535397483,0.048269865
58.66991066,0.196948571,1.411947725,0.469597927,0.045910033
58.67454933,0.193555667,1.411624125,0.491230657,0.041505012
58.679188,0.197352488,1.413484827,0.524581117,0.044100828
58.68382667,0.201472442,1.41688263,0.505652478,0.048899153
58.68846534,0.194525068,1.414860128,0.474104746,0.043156895
58.69310401,0.194040368,1.413080326,0.493033385,0.041662335
58.69774268,0.201068525,1.41655903,0.536298847,0.047089949
58.70238135,0.199129723,1.418500632,0.473203382,0.047483254
58.70702002,0.194040368,1.416073629,0.485822475,0.041819657
58.71165869,0.196544654,1.416073629,0.511060661,0.042920912
58.71629736,0.20211871,1.420361334,0.520074299,0.049213798
58.72093603,0.195736819,1.419956834,0.468696563,0.044179489
58.7255747,0.194121151,1.419228733,0.492132021,0.041269029
58.73021337,0.199695207,1.422383836,0.533594755,0.045123422
58.73485204,0.200422258,1.424487238,0.486723839,0.048505848
58.73949071,0.194605852,1.421979336,0.480414292,0.042448945
58.74412938,0.195252119,1.420523134,0.501145659,0.042291623
58.74876805,0.202280276,1.423678237,0.531792028,0.048584509
58.75340672,0.197433271,1.423678237,0.466893835,0.045674049
58.75804539,0.194121151,1.421008535,0.488526566,0.041426351
58.76268406,0.197756405,1.421413035,0.52277839,0.044415472
58.76732273,0.201391659,1.426752441,0.502948387,0.049135137
58.7719614,0.194767418,1.428936743,0.480414292,0.042999573
58.77660007,0.194605852,1.432739047,0.50384975,0.041740996
58.78123874,0.201149308,1.440505455,0.550720667,0.047404593
58.78587741,0.198968156,1.446492062,0.486723839,0.047404593
58.79051608,0.193959584,1.446492062,0.498441568,0.041898318
58.79515475,0.19646387,1.446168461,0.52277839,0.043156895
58.79979342,0.201876359,1.448676364,0.523679754,0.049056476
58.80443209,0.195817603,1.445925761,0.472302018,0.044179489
58.80907076,0.193959584,1.442042557,0.493033385,0.041505012
58.81370943,0.19977599,1.441233556,0.534496119,0.045988694
58.8183481,0.200099124,1.441395356,0.48221702,0.048505848
58.82298677,0.193798017,1.436622251,0.479512928,0.04205564
58.82762544,0.195009769,1.434276149,0.502047023,0.042448945
58.83226411,0.201149308,1.43532785,0.528186573,0.048741831
58.83690278,0.19597917,1.434276149,0.464189744,0.045595388
58.84154145,0.19315175,1.431121045,0.486723839,0.041740996
58.84618012,0.197675621,1.431282846,0.523679754,0.044651455
58.85081879,0.200422258,1.433467148,0.49663884,0.048899153
58.85545746,0.193717234,1.430392945,0.473203382,0.043078234
58.86009613,0.1933941,1.428613143,0.493934749,0.042212962
58.8647348,0.200260691,1.431363746,0.536298847,0.047955221
58.86937347,0.197514055,1.433386248,0.470499291,0.047247271
58.87401214,0.19315175,1.432415447,0.48942793,0.041898318
58.87865081,0.196140736,1.433952548,0.519172935,0.043471539
58.88328948,0.201149308,1.438968354,0.520074299,0.049449781
58.88792815,0.194605852,1.439777355,0.475006109,0.043943506
58.89256682,0.1933941,1.439049254,0.498441568,0.041583673
58.89720549,0.199695207,1.443175158,0.543509757,0.046224677
58.90184416,0.199372073,1.447058362,0.491230657,0.048741831
58.90648283,0.194201934,1.445602161,0.491230657,0.042370284
58.9111215,0.195252119,1.445602161,0.513764752,0.042291623
58.91576017,0.201714792,1.449161764,0.536298847,0.048820492
58.92039884,0.19646387,1.448514564,0.475006109,0.045516727
58.92503751,0.19363645,1.445844861,0.498441568,0.041819657
58.92967618,0.198321889,1.447058362,0.53720021,0.045044761
58.93431485,0.200503041,1.449970765,0.505652478,0.049135137
58.93895352,0.194121151,1.447058362,0.485822475,0.042999573
58.94359219,0.194040368,1.443903259,0.505652478,0.041819657
58.94823086,0.200341474,1.44511676,0.546213848,0.047876559
58.95286953,0.197190921,1.44511676,0.481315656,0.046853965
58.9575082,0.1929094,1.442285257,0.506553842,0.041898318
58.96214687,0.196302303,1.442608858,0.538101574,0.043628861
58.96678554,0.201068525,1.445763961,0.5299893,0.049135137
58.97142421,0.194121151,1.441880757,0.481315656,0.043864845
58.97606288,0.193232533,1.437269452,0.499342932,0.041740996
58.98070155,0.19953364,1.437107652,0.539904302,0.046539321
58.98534022,0.198160322,1.437269452,0.479512928,0.048112543
58.98997889,0.19315175,1.434033448,0.483118383,0.041976979
58.99461756,0.195009769,1.432334547,0.506553842,0.042606267
58.99925623,0.201310875,1.43516605,0.525482481,0.048899153
59.0038949,0.195575253,1.434033448,0.465992472,0.045359405
59.00853357,0.193232533,1.429907544,0.486723839,0.041583673
59.01317224,0.197675621,1.430231144,0.525482481,0.045202083
59.01781091,0.19953364,1.431201945,0.48942793,0.049056476
59.02244958,0.193474884,1.427076041,0.472302018,0.042527606
59.02708825,0.193717234,1.423759138,0.493934749,0.041740996
59.03172692,0.200260691,1.425377139,0.532693391,0.047955221
59.03636559,0.19670622,1.424244538,0.464189744,0.046539321
59.04100426,0.192586266,1.419552333,0.484019747,0.04205564
59.04564293,0.196302303,1.418500632,0.51556748,0.044887439
59.0502816,0.201472442,1.421251235,0.506553842,0.050551036
59.05492027,0.194848202,1.418096132,0.470499291,0.045202083
59.05955894,0.194040368,1.415992729,0.492132021,0.043707522
59.06419761,0.200179907,1.418177032,0.538101574,0.049292459
59.06883628,0.19929129,1.419471433,0.481315656,0.051101663
59.07347495,0.194040368,1.41655903,0.492132021,0.046696643
59.07811362,0.196544654,1.41696353,0.517370207,0.04866317
59.08275229,0.202764977,1.420927635,0.533594755,0.056057311
59.08739096,0.196867787,1.420280434,0.476808837,0.053146851
59.09202963,0.194686635,1.417691631,0.499342932,0.050472375
59.0966683,0.199695207,1.418905132,0.538101574,0.05448409
59.10130697,0.201472442,1.421736635,0.49663884,0.058102499
59.10594564,0.195090552,1.418177032,0.48221702,0.051809613
59.11058431,0.196140736,1.417206231,0.501145659,0.051101663
59.11522298,0.202684193,1.420765834,0.539904302,0.057001244
59.11986165,0.198564239,1.422141136,0.474104746,0.054720073
59.12450032,0.194525068,1.420684934,0.494836113,0.05007907
59.12913899,0.198887373,1.421979336,0.525482481,0.051809613
59.13377766,0.202764977,1.425296239,0.510159297,0.057001244
59.13841633,0.196302303,1.424163638,0.475006109,0.050787019
59.143055,0.195332902,1.422950137,0.493934749,0.048820492
59.14769367,0.202037926,1.42642884,0.539002938,0.053697479
59.15233234,0.200745391,1.430878345,0.483118383,0.054169445
59.15697101,0.195736819,1.433305348,0.497540204,0.047955221
59.16160968,0.198402672,1.437997553,0.525482481,0.048427187
59.16624835,0.204622996,1.443984159,0.535397483,0.054562751
59.17088702,0.198483456,1.443822359,0.478611565,0.050000408
59.17552569,0.196544654,1.442851558,0.501145659,0.046696643
59.18016436,0.201957143,1.446249361,0.543509757,0.050315053
59.18480303,0.203007327,1.450617966,0.502948387,0.053382835
59.1894417,0.197110138,1.450132566,0.494836113,0.046932627
59.19408037,0.197837188,1.451184267,0.513764752,0.046067355
59.19871904,0.204299862,1.456119172,0.545312484,0.052202919
59.20335771,0.199856774,1.457898974,0.478611565,0.050157731
59.20799638,0.196383087,1.456280972,0.499342932,0.045988694
59.21263505,0.200422258,1.457818074,0.531792028,0.048191204
59.21727372,0.204219078,1.460730477,0.511060661,0.052832207
59.22191239,0.197837188,1.456685472,0.475907473,0.046696643
59.22655106,0.196787004,1.452883168,0.493033385,0.044730116
59.23118973,0.203007327,1.452883168,0.534496119,0.050157731
59.2358284,0.200987742,1.451588767,0.467795199,0.050157731
59.24046707,0.195817603,1.445925761,0.477710201,0.044336811
59.24510574,0.197917972,1.442527957,0.502948387,0.045280744
59.24974441,0.203572811,1.443579659,0.510159297,0.051101663
59.25438308,0.197433271,1.438887454,0.459682925,0.046224677
59.25902175,0.195252119,1.433871648,0.480414292,0.043314217
59.26366042,0.201068525,1.433386248,0.524581117,0.047325932
59.26829909,0.201553226,1.434114349,0.477710201,0.05007907
59.27293776,0.195575253,1.430716545,0.472302018,0.043943506
59.27757643,0.196140736,1.428532243,0.493033385,0.043864845
59.2822151,0.203088111,1.431121045,0.524581117,0.049921747
59.28685377,0.197998755,1.430069344,0.46328838,0.047011288
59.29149244,0.194605852,1.42634794,0.485822475,0.042842251
59.29613111,0.198645022,1.42602434,0.520975662,0.045831371
59.30076978,0.201957143,1.427480541,0.495737476,0.050236392
59.30540845,0.195332902,1.424001838,0.466893835,0.04425815
59.31004712,0.194848202,1.420765834,0.486723839,0.043314217
59.31468579,0.201230092,1.421898436,0.529087936,0.048505848
59.31932446,0.198725806,1.421332135,0.46328838,0.048112543
59.32396313,0.194121151,1.41647813,0.476808837,0.042606267
59.3286018,0.19670622,1.414455628,0.504751114,0.043943506
59.33324047,0.201714792,1.41663993,0.507455206,0.050000408
59.33787914,0.195898386,1.413484827,0.458781561,0.044887439
59.34251781,0.193717234,1.409763423,0.480414292,0.042212962
59.34715648,0.199614424,1.409844323,0.523679754,0.046381999
59.35179515,0.199452857,1.410248823,0.471400654,0.048977814
59.35643382,0.193878801,1.40685102,0.469597927,0.043156895
59.36107249,0.194848202,1.405880219,0.493033385,0.042842251
59.36571116,0.201391659,1.408307221,0.520074299,0.049135137
59.37034983,0.196383087,1.40757912,0.457880198,0.045674049
59.3749885,0.1929094,1.404504917,0.481315656,0.041662335
59.37962717,0.197433271,1.404828517,0.518271571,0.044887439
59.38426584,0.200422258,1.40766002,0.491230657,0.049135137
59.38890451,0.19315175,1.404585817,0.468696563,0.042999573
59.39354318,0.193070967,1.402967815,0.488526566,0.041898318
59.39818185,0.199937557,1.405556618,0.5299893,0.047719237
59.40282052,0.196867787,1.405313918,0.46328838,0.046696643
59.40745919,0.192505483,1.402401515,0.479512928,0.041740996
59.41209786,0.195494469,1.402725115,0.508356569,0.043786184
59.41673653,0.200503041,1.406284719,0.508356569,0.049056476
59.4213752,0.194040368,1.405152118,0.465091108,0.043628861
59.42601387,0.192828616,1.404585817,0.486723839,0.041583673
59.43065254,0.198806589,1.407983621,0.533594755,0.046067355
59.43529121,0.198160322,1.411138724,0.481315656,0.048033882
59.43992988,0.192828616,1.410248823,0.484019747,0.042212962
59.44456855,0.194686635,1.411624125,0.508356569,0.04276359
59.44920722,0.201149308,1.415750029,0.5299893,0.048348526
59.45384589,0.195656036,1.415669129,0.467795199,0.045438066
59.45848456,0.192747833,1.412999426,0.48942793,0.041662335
59.46312323,0.197190921,1.413727527,0.526383845,0.045202083
59.4677619,0.199695207,1.41655903,0.494836113,0.049213798
59.47240057,0.193232533,1.414374728,0.476808837,0.042999573
59.47703924,0.19315175,1.412756726,0.49663884,0.041898318
59.48167791,0.199856774,1.415911829,0.538101574,0.047797898
59.48631658,0.19646387,1.41696353,0.469597927,0.046303338
59.49095525,0.191939999,1.412999426,0.486723839,0.041269029
59.49559392,0.195817603,1.413403927,0.516468843,0.043078234
59.50023259,0.200906958,1.41663993,0.509257933,0.048820492
59.50487126,0.194282718,1.414455628,0.467795199,0.043314217
59.50950993,0.193070967,1.412433126,0.48942793,0.041505012
59.5141486,0.19904894,1.414132027,0.532693391,0.046067355
59.51878727,0.198079539,1.415264629,0.474104746,0.047561915
59.52342594,0.193070967,1.411866825,0.478611565,0.041662335
59.52806461,0.195090552,1.410734224,0.502948387,0.042134301
59.53270328,0.201068525,1.413323026,0.521877026,0.048741831
59.53734195,0.195494469,1.411219624,0.46328838,0.045044761
59.54198062,0.19363645,1.408226321,0.485822475,0.041426351
59.54661929,0.198483456,1.408549921,0.523679754,0.044651455
59.55125796,0.200018341,1.410491523,0.486723839,0.048427187
59.55589663,0.19363645,1.40741732,0.471400654,0.042291623
59.5605353,0.193878801,1.405475718,0.492132021,0.041505012
59.56517397,0.200664608,1.408307221,0.530890664,0.047797898
59.56981264,0.196544654,1.40766002,0.46328838,0.046146016
59.57445131,0.192747833,1.404181317,0.483118383,0.041662335
59.57908998,0.196059953,1.403372316,0.513764752,0.043786184
59.58372865,0.200583825,1.406689219,0.50384975,0.049056476
59.58836732,0.193717234,1.404343117,0.465992472,0.043235556
59.59300599,0.192747833,1.401673414,0.486723839,0.041505012
59.59764466,0.199372073,1.403291416,0.5299893,0.046539321
59.60228333,0.198160322,1.404585817,0.470499291,0.047561915
59.606922,0.19315175,1.401997014,0.478611565,0.041898318
59.61156067,0.195090552,1.401026213,0.502047023,0.042606267
59.61619934,0.201230092,1.403372316,0.518271571,0.048899153
59.62083801,0.195332902,1.402644215,0.461485653,0.044730116
59.62547668,0.192263132,1.399165511,0.484019747,0.041583673
59.63011535,0.197675621,1.400136312,0.524581117,0.044730116
59.63475402,0.199210506,1.403210516,0.484019747,0.048505848
59.63939269,0.1933941,1.400702613,0.472302018,0.042212962
59.64403136,0.1933941,1.399650912,0.493033385,0.041583673
59.64867003,0.200664608,1.403210516,0.5299893,0.047719237
59.6533087,0.19622152,1.403776816,0.464189744,0.045831371
59.65794737,0.192505483,1.401268914,0.484921111,0.041190368
59.66258604,0.196140736,1.401916114,0.518271571,0.043471539
59.66722471,0.200099124,1.405718418,0.504751114,0.048820492
59.67186338,0.1933941,1.403938617,0.470499291,0.042920912
59.67650205,0.192343916,1.402967815,0.490329294,0.041269029
59.68114072,0.199372073,1.405961119,0.535397483,0.046539321
59.68577939,0.197029354,1.40709372,0.471400654,0.047089949
59.69041806,0.192020782,1.404828517,0.48221702,0.041505012
59.69505673,0.194201934,1.404666717,0.507455206,0.042370284
59.6996954,0.199937557,1.408307221,0.518271571,0.048584509
59.70433407,0.194040368,1.40741732,0.464189744,0.043864845
59.70897274,0.191939999,1.405637518,0.486723839,0.041269029
59.71361141,0.197514055,1.40717462,0.529087936,0.045280744
59.71825008,0.198806589,1.410896024,0.484921111,0.048191204
59.72288875,0.192586266,1.409358922,0.476808837,0.041898318
59.72752742,0.193232533,1.409439822,0.498441568,0.041976979
59.73216609,0.200099124,1.414293827,0.532693391,0.047955221
59.73680476,0.195332902,1.415750029,0.468696563,0.045674049
59.74144343,0.192343916,1.415830929,0.493033385,0.04134769
59.7460821,0.196867787,1.419795033,0.531792028,0.043786184
59.75072077,0.200179907,1.426752441,0.514666116,0.048505848
59.75535944,0.193878801,1.428370442,0.484921111,0.042606267
59.75999811,0.19363645,1.430716545,0.504751114,0.041269029
59.76463678,0.200503041,1.438968354,0.551622031,0.046696643
59.76927545,0.198483456,1.447462863,0.491230657,0.046617982
59.77391412,0.1933941,1.450213466,0.504751114,0.041505012
59.77855279,0.19622152,1.45458207,0.5299893,0.042842251
59.78319146,0.201876359,1.46380468,0.535397483,0.049056476
59.78783013,0.195817603,1.468496885,0.485822475,0.044100828
59.7924688,0.193798017,1.471651988,0.508356569,0.041505012
59.79710747,0.199695207,1.479499297,0.551622031,0.045438066
59.80174614,0.200260691,1.489207307,0.50384975,0.048348526
59.80638481,0.194525068,1.493333211,0.500244295,0.042134301
59.81102348,0.195656036,1.499724318,0.523679754,0.042212962
59.81566215,0.202037926,1.509189628,0.551622031,0.048584509
59.82030082,0.197271704,1.514367234,0.485822475,0.045674049
59.82493949,0.194121151,1.517117837,0.507455206,0.041426351
59.82957816,0.198725806,1.521810042,0.543509757,0.044179489
59.83421683,0.201795576,1.528120248,0.518271571,0.049056476
59.8388555,0.195252119,1.528524749,0.491230657,0.04276359
59.84349417,0.194848202,1.527958448,0.508356569,0.041269029
59.84813284,0.201957143,1.530547251,0.549819303,0.04716861
59.85277151,0.19904894,1.530304551,0.481315656,0.047089949
59.85741018,0.194282718,1.524398844,0.493934749,0.041898318
59.86204885,0.196867787,1.521324641,0.520074299,0.043078234
59.86668752,0.201795576,1.521243741,0.520975662,0.049135137
59.87132619,0.195090552,1.515499835,0.472302018,0.044179489
59.87596486,0.193798017,1.510160429,0.493934749,0.041583673
59.88060353,0.19953364,1.508785128,0.536298847,0.046146016
59.8852422,0.199372073,1.507328926,0.483118383,0.048427187
59.88988087,0.193717234,1.500776019,0.48221702,0.04205564
59.89451954,0.194848202,1.495922014,0.50384975,0.042448945
59.89915821,0.201714792,1.495922014,0.529087936,0.048741831
59.90379688,0.196544654,1.49203881,0.465992472,0.045831371
59.90843555,0.1933941,1.486052204,0.488526566,0.041898318
59.91307422,0.197998755,1.484191502,0.525482481,0.044808778
59.91771289,0.200664608,1.484191502,0.497540204,0.049449781
59.92235156,0.194121151,1.477962195,0.475006109,0.043314217
59.92699023,0.193959584,1.47310819,0.494836113,0.042212962
59.9316289,0.200745391,1.47351269,0.536298847,0.048033882
59.93626757,0.197352488,1.471166588,0.469597927,0.047089949
59.94090624,0.1929094,1.465179981,0.487625202,0.041898318
59.94554491,0.195898386,1.462833879,0.517370207,0.043707522
59.95018358,0.200745391,1.464775481,0.51556748,0.049764425
59.95482225,0.194363501,1.462024878,0.475006109,0.044336811
59.95946092,0.193232533,1.460568677,0.502948387,0.042212962
59.96409959,0.199695207,1.463157479,0.549819303,0.046853965
59.96873826,0.199937557,1.46404738,0.492132021,0.04866317
59.97337693,0.194040368,1.459597876,0.491230657,0.042291623
59.9780156,0.195413686,1.456604572,0.511060661,0.042527606
59.98265427,0.201472442,1.457251773,0.530890664,0.048899153
59.98729294,0.19622152,1.45417757,0.468696563,0.045280744
59.99193161,0.1933941,1.449647165,0.48942793,0.041819657
59.99657028,0.198079539,1.448676364,0.526383845,0.045044761
60.00120895,0.200664608,1.449808965,0.493033385,0.049056476
60.00584762,0.194444285,1.446168461,0.474104746,0.042999573
60.01048629,0.194767418,1.442689758,0.493934749,0.041976979
60.01512496,0.201230092,1.442770658,0.532693391,0.048033882
60.01976363,0.197433271,1.441638057,0.465091108,0.047089949
60.0244023,0.19363645,1.438078453,0.484019747,0.041976979
60.02904097,0.196948571,1.436541351,0.514666116,0.043864845
60.03367964,0.201310875,1.438563853,0.507455206,0.049764425
60.03831831,0.195009769,1.434195249,0.465992472,0.044022167
60.04295698,0.1933941,1.430473845,0.487625202,0.041898318
60.04759565,0.199937557,1.430554745,0.5299893,0.046381999
60.05223432,0.198968156,1.430878345,0.470499291,0.048112543
60.05687299,0.193070967,1.42586254,0.475907473,0.042291623
60.06151166,0.194928985,1.423192837,0.499342932,0.042920912
60.06615033,0.200906958,1.424649038,0.517370207,0.049292459
60.070789,0.195171335,1.421898436,0.457880198,0.045044761
60.07542767,0.192586266,1.418177032,0.481315656,0.041740996
60.08006634,0.197594838,1.417287131,0.520074299,0.045123422
60.08470501,0.19929129,1.419228733,0.484019747,0.048741831
60.08934368,0.19315175,1.415264629,0.469597927,0.042684928
60.09398235,0.193555667,1.412837626,0.491230657,0.041740996
60.09862102,0.200341474,1.414860128,0.528186573,0.048269865
60.10325969,0.196383087,1.415021928,0.462387016,0.046539321
60.10789836,0.192586266,1.411057824,0.480414292,0.041662335
60.11253703,0.195817603,1.409763423,0.512863388,0.043707522
60.1171757,0.200260691,1.412109525,0.501145659,0.049135137
60.12181437,0.193959584,1.409682523,0.464189744,0.043392878
60.12645304,0.192667049,1.406446519,0.484921111,0.04134769
60.13109171,0.198806589,1.408145421,0.5299893,0.046696643
60.13573038,0.197514055,1.409682523,0.470499291,0.047561915
60.14036905,0.192505483,1.40741732,0.480414292,0.041898318
60.14500772,0.194605852,1.40693192,0.506553842,0.042370284
60.14964639,0.200503041,1.410896024,0.520074299,0.048741831
60.15428506,0.194928985,1.409844323,0.465091108,0.044494133
60.15892373,0.192667049,1.407902721,0.487625202,0.041583673
60.1635624,0.197756405,1.410248823,0.528186573,0.045202083
60.16820107,0.19929129,1.413808427,0.487625202,0.048741831
60.17283974,0.193555667,1.411543225,0.477710201,0.042212962
60.17747841,0.193959584,1.410976924,0.498441568,0.041740996
60.18211708,0.200503041,1.414455628,0.532693391,0.048112543
60.18675575,0.196544654,1.413970227,0.465091108,0.046067355
60.19139442,0.192747833,1.410653324,0.484921111,0.041662335
60.19603309,0.196867787,1.411624125,0.518271571,0.043943506
60.20067176,0.200987742,1.414293827,0.502047023,0.049213798
60.20531043,0.194525068,1.413646627,0.472302018,0.043156895
60.2099491,0.194121151,1.415992729,0.49663884,0.041505012
60.21458777,0.200745391,1.421898436,0.543509757,0.046696643
60.21922644,0.198968156,1.424568138,0.478611565,0.046853965
60.22386511,0.194282718,1.422707436,0.48942793,0.041740996
60.22850378,0.196625437,1.422788337,0.514666116,0.042606267
60.23314245,0.201634009,1.427156941,0.526383845,0.048899153
60.23778112,0.195736819,1.429179443,0.476808837,0.043786184
60.24241979,0.19363645,1.430312044,0.502047023,0.041111707
60.24705846,0.199129723,1.434276149,0.541707029,0.045359405
60.25169713,0.200260691,1.437107652,0.493033385,0.048269865
60.2563358,0.194282718,1.433062647,0.483118383,0.041819657
60.26097447,0.195009769,1.431040145,0.502047023,0.041819657
60.26561314,0.201553226,1.433305348,0.533594755,0.048112543
60.27025181,0.197110138,1.432819947,0.466893835,0.045674049
60.27489048,0.193798017,1.429017643,0.487625202,0.041505012
60.27952915,0.197998755,1.428613143,0.52277839,0.043864845
60.28416782,0.201634009,1.431201945,0.502047023,0.048977814
60.28880649,0.195009769,1.430392945,0.475006109,0.042920912
60.29344516,0.194686635,1.428936743,0.497540204,0.041505012
60.29808383,0.201553226,1.430878345,0.541707029,0.046539321
60.3027225,0.199372073,1.432091846,0.475907473,0.047011288
60.30736117,0.194363501,1.428855843,0.48942793,0.041662335
60.31199984,0.196948571,1.427642342,0.51556748,0.042842251
60.31663851,0.20211871,1.429341243,0.520074299,0.049213798
60.32127718,0.195898386,1.426833341,0.469597927,0.04425815
60.32591585,0.194040368,1.423031037,0.492132021,0.04134769
60.33055452,0.199614424,1.423920938,0.533594755,0.04575271
60.33519319,0.200260691,1.42610524,0.484019747,0.048191204
60.33983186,0.194444285,1.422464736,0.481315656,0.04205564
60.34447053,0.195575253,1.420037734,0.502948387,0.041819657
60.3491092,0.202037926,1.421574835,0.531792028,0.048112543
60.35374787,0.196867787,1.420118634,0.466893835,0.045123422
60.35838654,0.193959584,1.415911829,0.48942793,0.041426351
60.36302521,0.198321889,1.415911829,0.524581117,0.044651455
60.36766388,0.201553226,1.417934331,0.500244295,0.049056476
60.37230255,0.195009769,1.415264629,0.476808837,0.04276359
60.37694122,0.194363501,1.413161226,0.498441568,0.041505012
60.38157989,0.201795576,1.417206231,0.543509757,0.047247271
60.38621856,0.198887373,1.419390533,0.478611565,0.046539321
60.39085723,0.194201934,1.417368031,0.493934749,0.041190368
60.3954959,0.197675621,1.418177032,0.521877026,0.042842251
60.40013457,0.20260341,1.421736635,0.52277839,0.048741831
60.40477324,0.196059953,1.419714133,0.475006109,0.043943506
60.40941191,0.194767418,1.417529831,0.49663884,0.041583673
60.41405058,0.200987742,1.419552333,0.540805665,0.045988694
60.41868925,0.201230092,1.422222036,0.487625202,0.048033882
60.42332792,0.195332902,1.419956834,0.487625202,0.042134301
60.42796659,0.196948571,1.419714133,0.510159297,0.042212962
60.43260526,0.203249677,1.422464736,0.534496119,0.04866317
60.43724393,0.198402672,1.421332135,0.471400654,0.0449661
60.4418826,0.19597917,1.418257932,0.492132021,0.041426351
60.44652127,0.200583825,1.418743332,0.5299893,0.044415472
60.45115994,0.202926544,1.421736635,0.500244295,0.048505848
60.45579861,0.196787004,1.419390533,0.479512928,0.042606267
60.46043728,0.196787004,1.418015231,0.499342932,0.041740996
60.46507595,0.203249677,1.421170335,0.540805665,0.047011288
60.46971462,0.200179907,1.422222036,0.472302018,0.046381999
60.47435329,0.195817603,1.419066933,0.491230657,0.041583673
60.47899196,0.199210506,1.419228733,0.521877026,0.043392878
60.48363063,0.203492028,1.422626536,0.518271571,0.049135137
60.4882693,0.197029354,1.421170335,0.475006109,0.043471539
60.49290797,0.195656036,1.418986032,0.495737476,0.04134769
60.49754664,0.201876359,1.420442234,0.538101574,0.045910033
60.50218531,0.201068525,1.421736635,0.480414292,0.047955221
60.50682398,0.195332902,1.417448931,0.483118383,0.04205564
60.51146265,0.197514055,1.41639723,0.505652478,0.042527606
60.51610132,0.203815161,1.419795033,0.526383845,0.04866317
60.52073999,0.197917972,1.418015231,0.467795199,0.0449661
60.52537866,0.195090552,1.415102828,0.492132021,0.041269029
60.53001733,0.200018341,1.41672083,0.531792028,0.044651455
60.534656,0.202441843,1.419633233,0.49663884,0.04866317
60.53929467,0.195575253,1.41663993,0.478611565,0.04205564
60.54393334,0.195736819,1.414941028,0.498441568,0.041662335
60.54857201,0.20236106,1.41688263,0.536298847,0.047876559
60.55321068,0.198887373,1.417448931,0.468696563,0.046539321
60.55784935,0.195009769,1.414617428,0.488526566,0.041976979
60.56248802,0.197917972,1.413970227,0.519172935,0.043786184
60.56712669,0.202764977,1.41672083,0.510159297,0.049449781
60.57176536,0.195898386,1.414132027,0.469597927,0.043471539
60.57640403,0.195009769,1.412190425,0.491230657,0.041583673
60.5810427,0.201634009,1.415183728,0.536298847,0.046696643
60.58568137,0.200906958,1.417610731,0.478611565,0.048269865
60.59032004,0.195575253,1.416154529,0.488526566,0.042527606
60.59495871,0.197998755,1.41623543,0.513764752,0.042842251
60.59959738,0.204219078,1.419875933,0.530890664,0.049135137
60.60423605,0.198806589,1.419390533,0.471400654,0.045044761
60.60887472,0.195817603,1.41672083,0.493934749,0.041898318
60.61351339,0.200906958,1.418177032,0.533594755,0.045595388
60.61815206,0.202684193,1.420846734,0.493934749,0.049135137
60.62279073,0.196059953,1.418500632,0.481315656,0.043314217
60.6274294,0.196302303,1.41655903,0.502047023,0.042527606
60.63206807,0.203330461,1.419875933,0.539002938,0.048427187
60.63670674,0.199452857,1.420118634,0.471400654,0.04646066
60.64134541,0.195494469,1.417529831,0.490329294,0.042212962
60.64598408,0.19904894,1.417772531,0.524581117,0.044415472
60.65062275,0.203168894,1.420684934,0.511962024,0.049843086
60.65526142,0.196948571,1.419066933,0.476808837,0.0435502
60.65990009,0.19622152,1.418096132,0.500244295,0.042134301
60.66453876,0.202684193,1.422060236,0.545312484,0.047089949
60.66917743,0.200987742,1.424568138,0.483118383,0.047876559
60.6738161,0.19597917,1.422545636,0.493033385,0.042291623
60.67845477,0.198079539,1.423111937,0.518271571,0.043156895
60.68309344,0.203734378,1.426671541,0.5299893,0.049292459
60.68773211,0.197756405,1.425538939,0.475006109,0.045123422
60.69237078,0.195332902,1.423759138,0.498441568,0.041898318
60.69700945,0.200987742,1.426590641,0.539904302,0.045516727
60.70164812,0.202522627,1.431687346,0.500244295,0.048977814
60.70628679,0.19646387,1.432981747,0.497540204,0.042527606
60.71092546,0.197917972,1.438482953,0.527285209,0.04205564
60.71556413,0.204542212,1.449566265,0.567846579,0.048820492
60.7202028,0.200906958,1.456685472,0.502047023,0.04646066
60.72484147,0.197190921,1.458384374,0.521877026,0.041819657
60.72948014,0.201068525,1.460568677,0.552523395,0.044336811
60.73411881,0.205592397,1.465341782,0.528186573,0.049449781
60.73875748,0.198806589,1.464532781,0.49663884,0.0435502
60.74339615,0.198321889,1.463238379,0.514666116,0.041898318
60.74803482,0.204946129,1.466878883,0.55612885,0.047089949
60.75267349,0.203168894,1.468092385,0.490329294,0.047483254
60.75731216,0.197998755,1.464290081,0.499342932,0.041976979
60.76195083,0.200664608,1.462833879,0.523679754,0.043235556
60.7665895,0.205834747,1.464775481,0.529087936,0.049292459
60.77122817,0.19953364,1.462348478,0.475907473,0.044336811
60.77586684,0.197998755,1.458869775,0.497540204,0.04134769
60.78050551,0.203249677,1.459759676,0.538101574,0.045516727
60.78514418,0.203734378,1.460730477,0.491230657,0.048427187
60.78978285,0.197917972,1.457737174,0.485822475,0.042212962
60.79442152,0.198887373,1.457009073,0.509257933,0.042134301
60.79906019,0.205592397,1.461539478,0.541707029,0.048427187
60.80369886,0.200906958,1.46356198,0.479512928,0.045516727
60.80833753,0.197110138,1.465341782,0.504751114,0.041505012
60.8129762,0.201310875,1.471409288,0.543509757,0.044179489
60.81761487,0.204622996,1.479499297,0.520074299,0.04937112
60.82225354,0.197998755,1.480470098,0.491230657,0.042999573
60.82689221,0.198079539,1.480550998,0.511962024,0.041583673
60.83153088,0.204299862,1.486294904,0.55612885,0.047089949
60.83616955,0.201634009,1.491148909,0.491230657,0.047089949
60.84080822,0.197271704,1.49195791,0.505652478,0.041819657
60.84544689,0.19977599,1.495355713,0.532693391,0.042920912
60.85008556,0.205107696,1.499562518,0.533594755,0.048977814
60.85472423,0.198564239,1.497378216,0.483118383,0.044022167
60.8593629,0.197029354,1.494304012,0.502948387,0.041505012
60.86400157,0.203007327,1.494546713,0.544411121,0.045910033
60.86864024,0.20284576,1.494304012,0.493033385,0.048033882
60.87327891,0.196948571,1.488964607,0.48942793,0.042212962
60.87791758,0.197837188,1.485081403,0.510159297,0.042448945
60.88255625,0.204219078,1.485081403,0.535397483,0.048741831
60.88719492,0.199372073,1.482168999,0.471400654,0.045438066
60.89183359,0.19622152,1.476748694,0.493033385,0.04134769
60.89647226,0.200503041,1.474645292,0.527285209,0.044179489
60.90111093,0.203330461,1.474645292,0.499342932,0.048820492
60.9057496,0.196544654,1.470114887,0.475006109,0.042684928
60.91038827,0.19622152,1.465827182,0.494836113,0.041426351
60.91502694,0.203492028,1.466150783,0.53720021,0.047247271
60.91966561,0.200826175,1.464775481,0.469597927,0.046853965
60.92430428,0.196140736,1.460164176,0.486723839,0.04134769
60.92894295,0.198968156,1.457737174,0.513764752,0.042999573
60.93358162,0.204057512,1.459759676,0.513764752,0.048899153
60.93822029,0.197756405,1.456361872,0.467795199,0.043471539
60.94285896,0.196302303,1.453692169,0.491230657,0.041269029
60.94749763,0.202522627,1.45466297,0.536298847,0.046067355
60.9521363,0.201876359,1.456523672,0.48221702,0.047719237
60.95677497,0.196625437,1.45401577,0.483118383,0.041898318
60.96141364,0.197675621,1.451669667,0.505652478,0.04205564
60.96605231,0.204461429,1.45425847,0.528186573,0.048505848
60.97069098,0.19929129,1.453287669,0.465992472,0.0449661
60.97532965,0.19622152,1.450375266,0.486723839,0.041190368
60.97996832,0.200906958,1.449889865,0.524581117,0.044494133
60.98460699,0.203734378,1.451346067,0.493033385,0.048505848
60.98924566,0.197998755,1.446653862,0.473203382,0.042606267
60.99388433,0.198321889,1.443094258,0.493033385,0.04134769
60.998523,0.20567318,1.44495496,0.533594755,0.047011288
61.00316167,0.203007327,1.443660559,0.465992472,0.045910033
61.00780034,0.19953364,1.439372854,0.483118383,0.040954385
61.01243901,0.203330461,1.437593052,0.511962024,0.043078234
61.01707768,0.208258249,1.438887454,0.504751114,0.04866317
61.02171635,0.201391659,1.434518849,0.46328838,0.042999573
61.02635502,0.200099124,1.429988444,0.483118383,0.040797063
61.03099369,0.206400231,1.430959245,0.525482481,0.045438066
61.03563236,0.205107696,1.430554745,0.467795199,0.047089949
61.04027103,0.19929129,1.42570074,0.472302018,0.041190368
61.0449097,0.200987742,1.423435537,0.49663884,0.041505012
61.04954837,0.207046498,1.42610524,0.514666116,0.048112543
61.05418704,0.201472442,1.423031037,0.455176106,0.043943506
61.05882571,0.198564239,1.419390533,0.477710201,0.040639741
61.06346438,0.203007327,1.418743332,0.516468843,0.043864845
61.06810305,0.204542212,1.419714133,0.479512928,0.047876559
61.07274172,0.197917972,1.41631633,0.46328838,0.041976979
61.07738039,0.198241105,1.413889327,0.484019747,0.040797063
61.08201906,0.205026913,1.415750029,0.523679754,0.047247271
61.08665773,0.200664608,1.416073629,0.45607747,0.045359405
61.0912964,0.19670622,1.412514026,0.475907473,0.040639741
61.09593507,0.200260691,1.412352225,0.507455206,0.042606267
61.10057374,0.204542212,1.414455628,0.497540204,0.048191204
61.10521241,0.197756405,1.410815124,0.457880198,0.04276359
61.10985108,0.196787004,1.408873522,0.477710201,0.040561079
61.11448975,0.20284576,1.410006123,0.52277839,0.045831371
61.11912842,0.201714792,1.410653324,0.462387016,0.046775304
61.12376709,0.195494469,1.40709372,0.469597927,0.040875724
61.12840576,0.197594838,1.406042019,0.494836113,0.041662335
61.13304443,0.203895945,1.409035322,0.511060661,0.047797898
61.1376831,0.198160322,1.408226321,0.454274742,0.043864845
61.14232177,0.195656036,1.405475718,0.477710201,0.040561079
61.14696044,0.200260691,1.406365619,0.518271571,0.044022167
61.15159911,0.202037926,1.408711722,0.477710201,0.047404593
61.15623778,0.195252119,1.405799318,0.465091108,0.041505012
61.16087645,0.196059953,1.405233018,0.485822475,0.040954385
61.16551512,0.20260341,1.408630821,0.521877026,0.047404593
61.17015379,0.198241105,1.408954422,0.45607747,0.045280744
61.17479246,0.194525068,1.40757912,0.477710201,0.040482418
61.17943113,0.198321889,1.409035322,0.512863388,0.042842251
61.1840698,0.20236106,1.414293827,0.500244295,0.048033882
61.18870847,0.196059953,1.415426429,0.467795199,0.042291623
61.19334714,0.195252119,1.41639723,0.488526566,0.040403757
61.19798581,0.201714792,1.420280434,0.533594755,0.045831371
61.20262448,0.19953364,1.422869237,0.470499291,0.04646066
61.20726315,0.194686635,1.420280434,0.478611565,0.040639741
61.21190182,0.196948571,1.419552333,0.50384975,0.041976979
61.21654049,0.203088111,1.423111937,0.514666116,0.048191204
61.22117916,0.197029354,1.421493935,0.460584289,0.043786184
61.22581783,0.194605852,1.418338832,0.483118383,0.040718402
61.2304565,0.200099124,1.419309633,0.525482481,0.044336811
61.23509517,0.200987742,1.421979336,0.481315656,0.047404593
61.23973384,0.195009769,1.419795033,0.475006109,0.04134769
61.24437251,0.195575253,1.418986032,0.49663884,0.041190368
61.24901118,0.202441843,1.423192837,0.529087936,0.047483254
61.25364985,0.197917972,1.423597337,0.464189744,0.0449661
61.25828852,0.194363501,1.420604034,0.485822475,0.040561079
61.26292719,0.199129723,1.422464736,0.520074299,0.042842251
61.26756586,0.202684193,1.42634794,0.501145659,0.048112543
61.27220453,0.196383087,1.424729939,0.471400654,0.041819657
61.2768432,0.195575253,1.423840038,0.491230657,0.040718402
61.28148187,0.20236106,1.427399641,0.536298847,0.046224677
61.28612054,0.200341474,1.429017643,0.470499291,0.04646066
61.29075921,0.195575253,1.42610524,0.484921111,0.040718402
61.29539788,0.197917972,1.425053539,0.511060661,0.041898318
61.30003655,0.203572811,1.429907544,0.518271571,0.047955221
61.30467522,0.197514055,1.429422144,0.468696563,0.043471539
61.30931389,0.195494469,1.427561442,0.492132021,0.040718402
61.31395256,0.200987742,1.430150244,0.53720021,0.044887439
61.31859123,0.201795576,1.433548048,0.491230657,0.047483254
61.3232299,0.196140736,1.432496347,0.488526566,0.041426351
61.32786857,0.197352488,1.432010946,0.510159297,0.041426351
61.33250724,0.203976728,1.434761549,0.539002938,0.047797898
61.33714591,0.19904894,1.434599749,0.473203382,0.044651455
61.34178458,0.195736819,1.430959245,0.492132021,0.040797063
61.34642325,0.199856774,1.430231144,0.526383845,0.043786184
61.35106192,0.203088111,1.432091846,0.501145659,0.04866317
61.35570059,0.19670622,1.428855843,0.473203382,0.042448945
61.36033926,0.195575253,1.425538939,0.493033385,0.041033046
61.36497793,0.202037926,1.427076041,0.535397483,0.046696643
61.3696166,0.19953364,1.426995141,0.469597927,0.04646066
61.37425527,0.194767418,1.423759138,0.484921111,0.041269029
61.37889394,0.197675621,1.422464736,0.512863388,0.042448945
61.38353261,0.202522627,1.424972639,0.51556748,0.048820492
61.38817128,0.19622152,1.423192837,0.468696563,0.043707522
61.39280995,0.194767418,1.421574835,0.491230657,0.041190368
61.39744862,0.200826175,1.424810839,0.535397483,0.045595388
61.40208729,0.201149308,1.428370442,0.484921111,0.047876559
61.40672596,0.195171335,1.42602434,0.483118383,0.041740996
61.41136463,0.196383087,1.42586254,0.505652478,0.041740996
61.4160033,0.202684193,1.429341243,0.531792028,0.048269865
61.42064197,0.197110138,1.429260343,0.468696563,0.044887439
61.42528064,0.194201934,1.42650974,0.490329294,0.041111707
61.42991931,0.198483456,1.427399641,0.528186573,0.043943506
61.43455798,0.201391659,1.429826644,0.498441568,0.048584509
61.43919665,0.194605852,1.427318741,0.475006109,0.042448945
61.44383532,0.194525068,1.425215339,0.493934749,0.041505012
61.44847399,0.201230092,1.427156941,0.535397483,0.047247271
61.45311266,0.197837188,1.42634794,0.466893835,0.04646066
61.45775133,0.193474884,1.422141136,0.483118383,0.041662335
61.46239,0.196948571,1.421251235,0.510159297,0.043314217
61.46702867,0.201472442,1.423354637,0.508356569,0.048820492
61.47166734,0.195009769,1.420523134,0.465091108,0.0435502
61.47630601,0.193959584,1.417772531,0.487625202,0.041426351
61.48094468,0.200260691,1.420037734,0.532693391,0.045674049
61.48558335,0.19953364,1.422302936,0.477710201,0.047955221
61.49022202,0.193959584,1.418986032,0.48221702,0.041583673
61.49486069,0.195817603,1.418500632,0.507455206,0.041976979
61.49949936,0.20211871,1.422707436,0.5299893,0.048269865
61.50413803,0.196787004,1.422060236,0.469597927,0.044572794
61.5087767,0.194040368,1.419956834,0.491230657,0.040954385
61.51341537,0.198887373,1.421898436,0.529087936,0.044179489
61.51805404,0.201230092,1.425538939,0.494836113,0.048112543
61.52269271,0.195009769,1.424406338,0.477710201,0.042134301
61.52733138,0.195252119,1.423273737,0.498441568,0.041426351
61.53197005,0.201957143,1.42642884,0.539904302,0.046932627
61.53660872,0.198564239,1.427642342,0.472302018,0.045988694
61.54124739,0.194525068,1.42594344,0.491230657,0.041033046
61.54588606,0.197998755,1.427480541,0.521877026,0.042684928
61.55052473,0.202441843,1.432172746,0.51556748,0.048505848
61.5551634,0.195898386,1.431687346,0.475006109,0.042842251
61.55980207,0.195332902,1.433224448,0.498441568,0.040718402
61.56444074,0.20211871,1.439049254,0.542608393,0.045516727
61.56907941,0.201472442,1.44463136,0.485822475,0.047247271
61.57371808,0.195817603,1.44495496,0.492132021,0.04134769
61.57835675,0.198079539,1.446896562,0.514666116,0.041740996
61.58299542,0.203976728,1.451426967,0.531792028,0.048427187
61.58763409,0.198241105,1.450941566,0.470499291,0.044572794
61.59227276,0.19597917,1.447948263,0.492132021,0.041269029
61.59691143,0.200745391,1.448190963,0.531792028,0.044494133
61.6015501,0.20260341,1.450860666,0.493033385,0.048348526
61.60618877,0.196544654,1.447948263,0.477710201,0.041976979
61.61082744,0.19646387,1.446087561,0.499342932,0.041583673
61.61546611,0.203249677,1.449728065,0.538101574,0.047483254
61.62010478,0.19953364,1.449970765,0.470499291,0.045910033
61.62474345,0.195656036,1.448190963,0.491230657,0.040954385
61.62938212,0.19929129,1.448433664,0.524581117,0.043314217
61.63402079,0.203976728,1.453287669,0.514666116,0.048820492
61.63865946,0.197271704,1.452478668,0.476808837,0.042920912
61.64329813,0.196140736,1.451265167,0.498441568,0.040954385
61.6479368,0.202926544,1.45417757,0.542608393,0.046224677
61.65257547,0.201472442,1.457413573,0.48221702,0.04716861
61.65721414,0.19646387,1.457009073,0.491230657,0.041583673
61.66185281,0.198402672,1.459436075,0.518271571,0.042527606
61.66649148,0.204703779,1.466959783,0.535397483,0.04866317
61.67113015,0.19929129,1.470438487,0.48221702,0.044336811
61.67576882,0.197433271,1.471490188,0.506553842,0.040875724
61.68040749,0.202684193,1.477234094,0.547115212,0.044651455
61.68504616,0.204461429,1.4830589,0.506553842,0.048269865
61.68968483,0.198321889,1.4828971,0.495737476,0.042212962
61.6943235,0.199210506,1.484029701,0.514666116,0.042212962
61.69896217,0.20615788,1.489126407,0.549819303,0.048033882
61.70360084,0.202037926,1.490825309,0.483118383,0.04575271
61.70823951,0.198321889,1.488641006,0.502948387,0.041505012
61.71287818,0.20236106,1.488398306,0.533594755,0.043786184
61.71751685,0.205996314,1.490339908,0.51556748,0.049135137
61.72215552,0.199614424,1.486456704,0.479512928,0.043235556
61.72679419,0.198564239,1.482007199,0.497540204,0.041583673
61.73143286,0.204946129,1.481764499,0.539904302,0.046853965
61.73607153,0.202926544,1.480550998,0.475006109,0.047325932
61.7407102,0.197998755,1.475616093,0.485822475,0.041819657
61.74534887,0.200179907,1.473917191,0.511962024,0.042842251
61.74998754,0.205753963,1.474645292,0.520975662,0.048977814
61.75462621,0.199856774,1.470923888,0.466893835,0.04425815
61.75926488,0.198079539,1.466797983,0.491230657,0.04134769
61.76390355,0.203653594,1.467283384,0.533594755,0.045516727
61.76854222,0.204380645,1.467930584,0.487625202,0.048427187
61.77318089,0.197998755,1.46404738,0.480414292,0.042370284
61.77781956,0.198645022,1.461701278,0.502948387,0.041976979
61.78245823,0.205188479,1.46372378,0.535397483,0.048191204
61.7870969,0.200826175,1.462914779,0.471400654,0.045831371
61.79173557,0.197675621,1.459921476,0.493033385,0.04134769
61.79637424,0.201634009,1.460568677,0.527285209,0.043943506
61.80101291,0.205350046,1.462267578,0.506553842,0.049135137
61.80565158,0.198806589,1.459112475,0.476808837,0.042920912
61.81029025,0.198160322,1.456442772,0.495737476,0.041426351
61.81492892,0.204865346,1.458303474,0.539904302,0.047089949
61.81956759,0.203249677,1.458627075,0.475006109,0.04716861
61.82420626,0.198806589,1.45433937,0.487625202,0.041583673
61.82884493,0.201472442,1.453206769,0.514666116,0.042842251
61.8334836,0.207450415,1.457089973,0.520074299,0.049213798
61.83812227,0.201230092,1.455552871,0.469597927,0.044415472
61.84276094,0.19977599,1.453611269,0.494836113,0.041505012
61.84739961,0.205188479,1.457170873,0.539002938,0.045438066
61.85203828,0.206077097,1.462186678,0.493934749,0.048427187
61.85667695,0.200745391,1.465503582,0.493033385,0.04205564
61.86131562,0.202441843,1.470681187,0.518271571,0.041976979
61.86595429,0.2089853,1.480227397,0.548016576,0.048348526
61.87059296,0.204622996,1.485566803,0.483118383,0.045516727
61.87523163,0.200906958,1.485243203,0.50384975,0.041662335
61.8798703,0.205269263,1.487346605,0.539002938,0.044415472
61.88450897,0.208258249,1.489854508,0.511962024,0.049135137
61.88914764,0.201795576,1.487832005,0.486723839,0.042842251
61.89378631,0.201876359,1.486861204,0.508356569,0.041662335
61.89842498,0.208581383,1.491391609,0.554326122,0.047325932
61.90306365,0.20567318,1.494142212,0.486723839,0.046775304
61.90770232,0.201230092,1.491391609,0.500244295,0.041426351
61.91234099,0.203895945,1.490744409,0.527285209,0.042999573
61.91697966,0.209308434,1.493737712,0.527285209,0.048820492
61.92161833,0.202280276,1.491310709,0.479512928,0.044100828
61.926257,0.200664608,1.488317406,0.500244295,0.041819657
61.93089567,0.206884931,1.489530907,0.544411121,0.046303338
61.93553434,0.206965715,1.490987109,0.493033385,0.047955221
61.94017301,0.200745391,1.487993806,0.493033385,0.04205564
61.94481168,0.20211871,1.487103905,0.517370207,0.042291623
61.94945035,0.208662166,1.490420808,0.544411121,0.048584509
61.95408902,0.203895945,1.490097208,0.483118383,0.045280744
61.95872769,0.200179907,1.489692707,0.510159297,0.041505012
61.96336636,0.204946129,1.493090511,0.552523395,0.044572794
61.96800503,0.207531199,1.498268117,0.523679754,0.048741831
61.9726437,0.201310875,1.496811915,0.500244295,0.042684928
61.97728237,0.201068525,1.495679314,0.517370207,0.041976979
61.98192104,0.208096683,1.499724318,0.557030214,0.047640576
61.98655971,0.204703779,1.500128819,0.490329294,0.046853965
61.99119838,0.200664608,1.498510817,0.507455206,0.041740996
61.99583705,0.204703779,1.501018719,0.539904302,0.043864845
62.00047572,0.209470001,1.509675029,0.548016576,0.049449781
62.00511439,0.203411244,1.517198737,0.520074299,0.04425815
62.00975306,0.20260341,1.521729141,0.544411121,0.041898318
62.01439173,0.20874295,1.526502247,0.582268399,0.046696643
62.0190304,0.208258249,1.528362948,0.516468843,0.048269865
62.02366907,0.202199493,1.522780843,0.511962024,0.041976979
62.02830774,0.203815161,1.518735838,0.528186573,0.042370284
62.03294641,0.209873918,1.518088638,0.543509757,0.048741831
62.03758508,0.203895945,1.512263831,0.480414292,0.045280744
62.04222375,0.200745391,1.505872725,0.500244295,0.041583673
62.04686242,0.205753963,1.503445722,0.536298847,0.045044761
62.05150109,0.207935116,1.502070421,0.500244295,0.048977814
62.05613976,0.201068525,1.496164714,0.481315656,0.04276359
62.06077843,0.200906958,1.491148909,0.500244295,0.042291623
62.0654171,0.207773549,1.491472509,0.540805665,0.047955221
62.07005577,0.204299862,1.488721906,0.472302018,0.046539321
62.07469444,0.199937557,1.482978,0.490329294,0.041740996
62.07933311,0.202522627,1.480227397,0.520975662,0.043471539
62.08397178,0.207127281,1.480389198,0.512863388,0.049292459
62.08861045,0.200018341,1.476101493,0.473203382,0.043786184
62.09324912,0.198806589,1.471651988,0.495737476,0.041740996
62.09788779,0.205026913,1.472380089,0.539904302,0.046696643
62.10252646,0.204057512,1.472218289,0.481315656,0.047955221
62.10716513,0.198564239,1.467040683,0.488526566,0.041898318
62.1118038,0.200341474,1.464370981,0.511962024,0.042920912
62.11644247,0.206804148,1.466069882,0.5299893,0.048977814
62.12108114,0.200745391,1.462995679,0.471400654,0.0449661
62.12571981,0.198321889,1.459031575,0.493033385,0.041505012
62.13035848,0.203168894,1.459193375,0.533594755,0.044887439
62.13499715,0.205269263,1.460083276,0.494836113,0.048584509
62.13963582,0.198645022,1.455876472,0.483118383,0.042606267
62.14427449,0.198968156,1.452235968,0.502948387,0.04205564
62.14891316,0.205592397,1.45409667,0.540805665,0.048584509
62.15355183,0.201634009,1.452235968,0.473203382,0.047089949
62.1581905,0.197917972,1.448190963,0.493033385,0.042134301
62.16282917,0.201149308,1.446734762,0.523679754,0.044336811
62.16746784,0.20543083,1.447948263,0.511962024,0.049764425
62.17210651,0.199210506,1.445521261,0.475907473,0.043864845
62.17674518,0.197837188,1.442932458,0.49663884,0.042212962
62.18138385,0.204138295,1.444145959,0.541707029,0.047483254
62.18602252,0.20236106,1.44511676,0.481315656,0.048269865
62.19066119,0.197433271,1.442689758,0.490329294,0.042606267
62.19529986,0.199695207,1.441476256,0.514666116,0.0435502
62.19993853,0.205188479,1.44446956,0.528186573,0.049921747
62.2045772,0.199129723,1.441557156,0.472302018,0.045280744
62.20921587,0.197190921,1.437350352,0.493033385,0.042448945
62.21385454,0.201876359,1.436460451,0.533594755,0.045988694
62.21849321,0.203007327,1.437107652,0.490329294,0.049213798
62.22313188,0.19646387,1.432496347,0.479512928,0.043156895
62.22777055,0.197110138,1.429826644,0.500244295,0.042448945
62.23240922,0.203492028,1.431282846,0.534496119,0.048584509
62.23704789,0.199695207,1.430959245,0.468696563,0.046381999
62.24168656,0.195736819,1.427399641,0.48942793,0.042212962
62.24632523,0.199372073,1.42594344,0.52277839,0.044415472
62.2509639,0.203088111,1.427642342,0.50384975,0.049607103
62.25560257,0.196302303,1.424163638,0.472302018,0.043707522
62.26024124,0.195736819,1.421332135,0.492132021,0.041976979
62.26487991,0.202037926,1.423031037,0.53720021,0.047325932
62.26951858,0.199856774,1.423597337,0.474104746,0.047561915
62.27415725,0.194686635,1.419390533,0.485822475,0.041976979
62.27879592,0.197514055,1.419390533,0.512863388,0.043156895
62.28343459,0.203088111,1.422383836,0.52277839,0.049449781
62.28807326,0.19670622,1.420604034,0.469597927,0.044494133
62.29271193,0.194848202,1.417610731,0.493033385,0.04134769
62.2973506,0.200583825,1.419147833,0.535397483,0.045674049
62.30198927,0.201391659,1.421898436,0.490329294,0.048427187
62.30662794,0.195413686,1.418500632,0.484019747,0.042291623
62.31126661,0.19597917,1.415911829,0.504751114,0.042370284
62.31590528,0.20284576,1.418177032,0.535397483,0.048584509
62.32054395,0.197998755,1.417448931,0.469597927,0.04575271
62.32518262,0.194525068,1.414132027,0.492132021,0.041740996
62.32982129,0.198968156,1.414698328,0.526383845,0.044494133
62.33445996,0.202280276,1.417610731,0.504751114,0.049135137
62.33909863,0.195656036,1.415992729,0.476808837,0.042920912
62.3437373,0.194848202,1.413808427,0.49663884,0.041740996
62.34837597,0.201957143,1.41623543,0.539904302,0.047561915
62.35301464,0.19904894,1.41623543,0.475006109,0.047404593
62.35765331,0.194605852,1.413403927,0.487625202,0.042212962
62.36229198,0.197110138,1.412352225,0.51556748,0.043235556
62.36693065,0.202441843,1.415507329,0.519172935,0.049135137
62.37156932,0.196544654,1.413565727,0.469597927,0.044415472
62.37620799,0.194363501,1.410087023,0.491230657,0.041740996
62.38084666,0.199937557,1.410167923,0.533594755,0.046146016
62.38548533,0.200341474,1.411947725,0.48221702,0.048505848
62.390124,0.194444285,1.408388121,0.479512928,0.042527606
62.39476267,0.195171335,1.406284719,0.501145659,0.042448945
62.39940134,0.201634009,1.408873522,0.528186573,0.048820492
62.40404001,0.196625437,1.40701282,0.464189744,0.045988694
62.40867868,0.193798017,1.404504917,0.487625202,0.041662335
62.41331735,0.198160322,1.404747617,0.523679754,0.044730116
62.41795602,0.201230092,1.40757912,0.498441568,0.049213798
62.42259469,0.194848202,1.406122919,0.475006109,0.043156895
62.42723336,0.194363501,1.404100417,0.494836113,0.041898318
62.43187203,0.201472442,1.407821821,0.539002938,0.047719237
62.4365107,0.198968156,1.410572424,0.474104746,0.04716861
62.44114937,0.194363501,1.410006123,0.492132021,0.041976979
62.44578804,0.197029354,1.411462324,0.521877026,0.043471539
62.45042671,0.202441843,1.415669129,0.521877026,0.049449781
62.45506538,0.195898386,1.414617428,0.475006109,0.04425815
62.45970405,0.194040368,1.413646627,0.49663884,0.041662335
62.46434272,0.200583825,1.415830929,0.539904302,0.046224677
62.46898139,0.199937557,1.417691631,0.485822475,0.048427187
62.47362006,0.194201934,1.415183728,0.486723839,0.042527606
62.47825873,0.195736819,1.413970227,0.510159297,0.042606267
62.4828974,0.20236106,1.417772531,0.532693391,0.048899153
62.48753607,0.197029354,1.41696353,0.471400654,0.045438066
62.49217474,0.194686635,1.414132027,0.494836113,0.041740996
62.49681341,0.19929129,1.416073629,0.531792028,0.045123422
62.50145208,0.202199493,1.419471433,0.499342932,0.049292459
62.50609075,0.195575253,1.41688263,0.479512928,0.043314217
62.51072942,0.195817603,1.415750029,0.500244295,0.042291623
62.51536809,0.20236106,1.418986032,0.541707029,0.048112543
62.52000676,0.19904894,1.420199534,0.474104746,0.04716861
62.52464543,0.195171335,1.417206231,0.492132021,0.041976979
62.5292841,0.198241105,1.417368031,0.521877026,0.043471539
62.53392277,0.202926544,1.421332135,0.516468843,0.049213798
62.53856144,0.196383087,1.419552333,0.473203382,0.04425815
62.54320011,0.195009769,1.417934331,0.494836113,0.042448945
62.54783878,0.201310875,1.420199534,0.539002938,0.046932627
62.55247745,0.200664608,1.422141136,0.481315656,0.048427187
62.55711612,0.194848202,1.418905132,0.486723839,0.042370284
62.56175479,0.196787004,1.418177032,0.509257933,0.042920912
62.56639346,0.202684193,1.420846734,0.528186573,0.048977814
62.57103213,0.197433271,1.420442234,0.470499291,0.045280744
62.5756708,0.194525068,1.41704443,0.492132021,0.041819657
62.58030947,0.199372073,1.418177032,0.531792028,0.045044761
62.58494814,0.201553226,1.420765834,0.494836113,0.048820492
62.58958681,0.194848202,1.418338832,0.479512928,0.042684928
62.59422548,0.195575253,1.415992729,0.499342932,0.041898318
62.59886415,0.202522627,1.418338832,0.539002938,0.048191204
62.60350282,0.198241105,1.418015231,0.471400654,0.046853965
62.60814149,0.194444285,1.414293827,0.490329294,0.041740996
62.61278016,0.198079539,1.414051127,0.520975662,0.043628861
62.61741883,0.20236106,1.417287131,0.511962024,0.049213798
62.6220575,0.195817603,1.415183728,0.473203382,0.043864845
62.62669617,0.194282718,1.412352225,0.494836113,0.041740996
62.63133484,0.200826175,1.413727527,0.538101574,0.046853965
62.63597351,0.199372073,1.414212927,0.477710201,0.047797898
62.64061218,0.194040368,1.410572424,0.484921111,0.04205564
62.64525085,0.19597917,1.410006123,0.509257933,0.043156895
62.64988952,0.202280276,1.412433126,0.525482481,0.049449781
62.65452819,0.196383087,1.410653324,0.467795199,0.045044761
62.65916686,0.193798017,1.407821821,0.491230657,0.042134301
62.66380553,0.198887373,1.408064521,0.531792028,0.045831371
62.6684442,0.200583825,1.410410623,0.492132021,0.048977814
62.67308287,0.194201934,1.407983621,0.480414292,0.042999573
62.67772154,0.195252119,1.40693192,0.502047023,0.042527606
62.68236021,0.202199493,1.410248823,0.538101574,0.048584509
62.68699888,0.198241105,1.410653324,0.471400654,0.046539321
62.69163755,0.194282718,1.408873522,0.493033385,0.042448945
62.69627622,0.198564239,1.410572424,0.528186573,0.044494133
62.70091489,0.202522627,1.415021928,0.516468843,0.049685764
62.70555356,0.196059953,1.413889327,0.483118383,0.043864845
62.71019223,0.195656036,1.413889327,0.504751114,0.042212962
62.7148309,0.202037926,1.418015231,0.54891794,0.047483254
62.71946957,0.200341474,1.420846734,0.486723839,0.048112543
62.72410824,0.195171335,1.419066933,0.495737476,0.042212962
62.72874691,0.197514055,1.419309633,0.521877026,0.043156895
62.73338558,0.203007327,1.423516437,0.532693391,0.049607103
62.73802425,0.197271704,1.423516437,0.477710201,0.045438066
62.74266292,0.194767418,1.421736635,0.501145659,0.042291623
62.74730159,0.200260691,1.424163638,0.542608393,0.045910033
62.75194026,0.201472442,1.428046842,0.498441568,0.048741831
62.75657893,0.195090552,1.42570074,0.48942793,0.04276359
62.7612176,0.196140736,1.424972639,0.511060661,0.042370284
62.76585627,0.203088111,1.429826644,0.544411121,0.048977814
62.77049494,0.198564239,1.431201945,0.481315656,0.046146016
62.77513361,0.195252119,1.428774943,0.502948387,0.042212962
62.77977228,0.199372073,1.429988444,0.53720021,0.044730116
62.78441095,0.202926544,1.433224448,0.516468843,0.049607103
62.78904962,0.196787004,1.430797445,0.484019747,0.043471539
62.79368829,0.196140736,1.428774943,0.50384975,0.042212962
62.79832696,0.20260341,1.431444646,0.548016576,0.047483254
62.80296563,0.200664608,1.432334547,0.484019747,0.047797898
62.8076043,0.195736819,1.429826644,0.49663884,0.042448945
62.81224297,0.198079539,1.430231144,0.521877026,0.043628861
62.81688164,0.203734378,1.432900847,0.528186573,0.049685764
62.82152031,0.197594838,1.431606446,0.479512928,0.0449661
62.82615898,0.195898386,1.429907544,0.504751114,0.042606267
62.83079765,0.201472442,1.432819947,0.54891794,0.046617982
62.83543632,0.202280276,1.43565145,0.499342932,0.049292459
62.84007499,0.196544654,1.432658147,0.492132021,0.042842251
62.84471366,0.197756405,1.431282846,0.512863388,0.042842251
62.84935233,0.203976728,1.434842449,0.541707029,0.049056476
62.853991,0.198725806,1.434114349,0.476808837,0.046067355
62.85862967,0.195656036,1.431363746,0.498441568,0.041740996
62.86326834,0.199937557,1.432415447,0.532693391,0.044494133
62.86790701,0.203088111,1.434599749,0.508356569,0.049528442
62.87254568,0.19646387,1.431849146,0.48221702,0.043314217
62.87718435,0.196140736,1.429503044,0.502047023,0.042212962
62.88182302,0.202522627,1.432172746,0.544411121,0.047719237
62.88646169,0.200179907,1.432900847,0.477710201,0.04716861
62.89110036,0.195171335,1.428208642,0.492132021,0.041976979
62.89573903,0.198079539,1.426590641,0.520975662,0.043392878
62.9003777,0.203088111,1.429017643,0.523679754,0.048977814
62.90501637,0.197110138,1.42634794,0.475006109,0.04425815
62.90965504,0.195090552,1.423273737,0.49663884,0.041662335
62.91429371,0.200664608,1.424325438,0.539904302,0.046381999
62.91893238,0.200906958,1.42570074,0.486723839,0.048348526
62.92357105,0.195332902,1.421251235,0.484921111,0.041976979
62.92820972,0.196383087,1.419471433,0.506553842,0.042291623
62.93284839,0.203168894,1.421979336,0.531792028,0.048741831
62.93748706,0.198483456,1.420361334,0.469597927,0.045516727
62.94212573,0.195090552,1.415911829,0.491230657,0.041426351
62.9467644,0.199695207,1.416073629,0.527285209,0.044494133
62.95140307,0.202522627,1.418257932,0.498441568,0.049056476
62.95604174,0.196059953,1.414536528,0.476808837,0.043078234
62.96068041,0.19597917,1.411705025,0.49663884,0.041898318
62.96531908,0.202684193,1.413484827,0.539002938,0.048033882
62.96995775,0.199856774,1.414374728,0.472302018,0.047247271
62.97459642,0.195656036,1.411543225,0.48942793,0.042134301
62.97923509,0.198887373,1.411057824,0.519172935,0.043786184
62.98387376,0.203976728,1.414374728,0.516468843,0.049528442
62.98851243,0.197190921,1.411785925,0.470499291,0.044415472
62.9931511,0.196140736,1.408469021,0.492132021,0.04205564
62.99778977,0.201795576,1.409601623,0.536298847,0.046539321
63.00242844,0.201472442,1.410734224,0.481315656,0.048348526
63.00706711,0.195413686,1.407821821,0.484019747,0.042212962
63.01170578,0.197271704,1.40677012,0.507455206,0.042920912
63.01634445,0.203249677,1.408307221,0.529087936,0.049213798
63.02098312,0.198079539,1.40749822,0.467795199,0.045516727
63.02562179,0.195252119,1.404424017,0.490329294,0.041898318
63.03026046,0.200018341,1.405799318,0.529087936,0.045280744
63.03489913,0.202037926,1.40766002,0.494836113,0.049449781
63.0395378,0.195656036,1.404100417,0.476808837,0.043235556
63.04417647,0.195898386,1.401592514,0.497540204,0.042448945
63.04881514,0.202764977,1.404100417,0.53720021,0.048269865
63.05345381,0.199372073,1.404747617,0.469597927,0.046775304
63.05809248,0.194928985,1.401268914,0.48942793,0.042291623
63.06273115,0.198160322,1.401026213,0.520975662,0.044022167
63.06736982,0.202684193,1.404424017,0.514666116,0.049921747
63.07200849,0.196625437,1.403048716,0.476808837,0.044179489
63.07664716,0.195090552,1.401916114,0.500244295,0.042370284
63.08128583,0.201553226,1.404585817,0.546213848,0.047089949
63.0859245,0.200179907,1.405475718,0.484921111,0.048191204
63.09056317,0.194848202,1.402886915,0.48942793,0.042370284
63.09520184,0.196544654,1.402239715,0.512863388,0.04276359
63.09984051,0.203088111,1.405961119,0.530890664,0.048977814
63.10447918,0.197110138,1.404100417,0.471400654,0.045044761
63.10911785,0.194282718,1.400864413,0.493033385,0.041662335
63.11375652,0.199695207,1.402158815,0.531792028,0.045280744
63.11839519,0.201310875,1.404585817,0.493033385,0.049056476
63.12303386,0.194767418,1.401268914,0.478611565,0.043078234
63.12767253,0.195252119,1.399893612,0.499342932,0.042370284
63.1323112,0.202037926,1.403938617,0.539002938,0.048584509
63.13694987,0.198402672,1.405152118,0.473203382,0.046617982
63.14158854,0.194444285,1.403534116,0.493934749,0.041976979
63.14622721,0.197917972,1.404585817,0.525482481,0.044022167
63.15086588,0.202684193,1.409358922,0.514666116,0.04937112
63.15550455,0.196059953,1.40757912,0.477710201,0.043392878
63.16014322,0.195736819,1.406122919,0.498441568,0.041898318
63.16478189,0.201553226,1.408792622,0.543509757,0.046932627
63.16942056,0.200260691,1.410410623,0.481315656,0.047797898
63.17405923,0.194525068,1.40757912,0.48942793,0.042291623
63.1786979,0.196948571,1.406203819,0.513764752,0.042999573
63.18333657,0.202684193,1.409278022,0.525482481,0.049135137
63.18797524,0.196544654,1.40757912,0.469597927,0.045044761
63.19261391,0.194605852,1.404909418,0.491230657,0.041583673
63.19725258,0.19977599,1.405718418,0.533594755,0.045280744
63.20189125,0.201068525,1.407821821,0.48942793,0.048584509
63.20652992,0.194848202,1.404262217,0.479512928,0.042291623
63.21116859,0.195736819,1.402725115,0.500244295,0.041898318
63.21580726,0.202199493,1.405799318,0.535397483,0.048191204
63.22044593,0.198079539,1.406365619,0.469597927,0.046146016
63.2250846,0.195009769,1.403938617,0.490329294,0.041505012
63.22972327,0.198968156,1.404504917,0.525482481,0.044022167
63.23436194,0.20284576,1.408307221,0.507455206,0.049528442
63.23900061,0.19622152,1.406284719,0.475006109,0.043628861
63.24363928,0.195332902,1.404990318,0.49663884,0.041976979
63.24827795,0.201876359,1.40766002,0.540805665,0.047011288
63.25291662,0.199937557,1.408145421,0.476808837,0.047483254
63.25755529,0.194767418,1.405394818,0.488526566,0.042134301
63.26219396,0.197433271,1.405637518,0.514666116,0.042920912
63.26683263,0.202522627,1.408954422,0.523679754,0.049449781
63.2714713,0.19646387,1.40757912,0.469597927,0.044808778
63.27610997,0.194282718,1.404828517,0.492132021,0.041819657
63.28074864,0.200179907,1.406446519,0.533594755,0.04575271
63.28538731,0.200503041,1.408873522,0.488526566,0.048348526
63.29002598,0.194282718,1.406042019,0.48221702,0.042370284
63.29466465,0.195332902,1.404990318,0.50384975,0.041976979
63.29930332,0.202199493,1.407740921,0.535397483,0.048427187
63.30394199,0.197837188,1.40766002,0.470499291,0.045910033
63.30858066,0.194363501,1.405718418,0.492132021,0.041898318
63.31321933,0.198564239,1.40749822,0.528186573,0.044494133
63.317858,0.20236106,1.411543225,0.506553842,0.049056476
63.32249667,0.195171335,1.409844323,0.479512928,0.043156895
63.32713534,0.195090552,1.409278022,0.498441568,0.041583673
63.33177401,0.201876359,1.412433126,0.541707029,0.047325932
63.33641268,0.199372073,1.412756726,0.476808837,0.047247271
63.34105135,0.194848202,1.410087023,0.491230657,0.041583673
63.34569002,0.197756405,1.410167923,0.519172935,0.043156895
63.35032869,0.203411244,1.414051127,0.526383845,0.049292459
63.35496736,0.197029354,1.413565727,0.478611565,0.044100828
63.35960603,0.195252119,1.411219624,0.499342932,0.041583673
63.3642447,0.201472442,1.413727527,0.541707029,0.04575271
63.36888337,0.201553226,1.415669129,0.490329294,0.048269865
63.37352204,0.195656036,1.411785925,0.485822475,0.042212962
63.37816071,0.196625437,1.409278022,0.505652478,0.04276359
63.38279938,0.202764977,1.412352225,0.533594755,0.048977814
63.38743805,0.198160322,1.411947725,0.469597927,0.045831371
63.39207672,0.194605852,1.408226321,0.491230657,0.04205564
63.39671539,0.199372073,1.408226321,0.526383845,0.045359405
63.40135406,0.202441843,1.410734224,0.501145659,0.050000408
63.40599273,0.195898386,1.40709372,0.476808837,0.043864845
63.4106314,0.195656036,1.405071218,0.49663884,0.042842251
63.41527007,0.202441843,1.407740921,0.539904302,0.048820492
63.41990874,0.19953364,1.408388121,0.473203382,0.048269865
63.42454741,0.195090552,1.405313918,0.48942793,0.043156895
63.42918608,0.198160322,1.404990318,0.518271571,0.044336811
63.43382475,0.203249677,1.408549921,0.518271571,0.05007907
63.43846342,0.196787004,1.40717462,0.473203382,0.045044761
63.44310209,0.195009769,1.404990318,0.494836113,0.042606267
63.44774076,0.200745391,1.40693192,0.539002938,0.047325932
63.45237943,0.200745391,1.409358922,0.485822475,0.04937112
63.4570181,0.195171335,1.408630821,0.487625202,0.043235556
63.46165677,0.19646387,1.410087023,0.512863388,0.043628861
63.46629544,0.203330461,1.417206231,0.539904302,0.049843086
63.47093411,0.198241105,1.420927635,0.483118383,0.046146016
63.47557278,0.19597917,1.422788337,0.506553842,0.042527606
63.48021145,0.200826175,1.428127742,0.543509757,0.045988694
63.48485012,0.203734378,1.433386248,0.511060661,0.049921747
63.48948879,0.197514055,1.432739047,0.491230657,0.043864845
63.49412746,0.197433271,1.432415447,0.510159297,0.042684928
63.49876613,0.204138295,1.436379551,0.549819303,0.048741831
63.5034048,0.200987742,1.437107652,0.483118383,0.047640576
63.50804347,0.196867787,1.434680649,0.502047023,0.042920912
63.51268214,0.199856774,1.43597505,0.531792028,0.044808778
63.51732081,0.204946129,1.439534654,0.528186573,0.050236392
63.52195948,0.19904894,1.438644753,0.486723839,0.0449661
63.52659815,0.197433271,1.437431252,0.508356569,0.042920912
63.53123682,0.203572811,1.440505455,0.551622031,0.047404593
63.53587549,0.20284576,1.442366157,0.494836113,0.049135137
63.54051416,0.197514055,1.439453754,0.49663884,0.043392878
63.54515283,0.199695207,1.438725653,0.519172935,0.044100828
63.5497915,0.205269263,1.441395356,0.538101574,0.050315053
63.55443017,0.199856774,1.439858255,0.476808837,0.046617982
63.55906884,0.196948571,1.436055951,0.498441568,0.042842251
63.56370751,0.201795576,1.436055951,0.536298847,0.046067355
63.56834618,0.203895945,1.437350352,0.501145659,0.05007907
63.57298485,0.197514055,1.434114349,0.484921111,0.043628861
63.57762352,0.197756405,1.431606446,0.504751114,0.042920912
63.58226219,0.204461429,1.434357049,0.543509757,0.049135137
63.58690086,0.200583825,1.433952548,0.476808837,0.047561915
63.59153953,0.197110138,1.430797445,0.495737476,0.043078234
63.5961782,0.200906958,1.431606446,0.528186573,0.045044761
63.60081687,0.205350046,1.43540875,0.520074299,0.050236392
63.60545554,0.198887373,1.432900847,0.479512928,0.044651455
63.61009421,0.197998755,1.430392945,0.501145659,0.042448945
63.61473288,0.204057512,1.431282846,0.545312484,0.047404593
63.61937155,0.202926544,1.431687346,0.484921111,0.048741831
63.62401022,0.197756405,1.427885042,0.492132021,0.042999573
63.62864889,0.199372073,1.42610524,0.516468843,0.043707522
63.63328756,0.205350046,1.428532243,0.532693391,0.050000408
63.63792623,0.19953364,1.426833341,0.478611565,0.045674049
63.6425649,0.197271704,1.424163638,0.50384975,0.042606267
63.64720357,0.202280276,1.425377139,0.543509757,0.045910033
63.65184224,0.203976728,1.427561442,0.502047023,0.04937112
63.65648091,0.197271704,1.424325438,0.488526566,0.043235556
63.66111958,0.197756405,1.422222036,0.509257933,0.042842251
63.66575825,0.204461429,1.424810839,0.545312484,0.048820492
63.67039692,0.200503041,1.424649038,0.477710201,0.047011288
63.67503559,0.19670622,1.421332135,0.498441568,0.042370284
63.67967426,0.200341474,1.421574835,0.530890664,0.044336811
63.68431293,0.204057512,1.424244538,0.516468843,0.049764425
63.6889516,0.197756405,1.421251235,0.48221702,0.044179489
63.69359027,0.196948571,1.419228733,0.50384975,0.042606267
63.69822894,0.203088111,1.421332135,0.548016576,0.047247271
63.70286761,0.201472442,1.422707436,0.485822475,0.048112543
63.70750628,0.196787004,1.419633233,0.494836113,0.04276359
63.71214495,0.198564239,1.419552333,0.520074299,0.043628861
63.71678362,0.204219078,1.422545636,0.5299893,0.049921747
63.72142229,0.197998755,1.420361334,0.475006109,0.045359405
63.72606096,0.195817603,1.417368031,0.498441568,0.041976979
63.73069963,0.201149308,1.418338832,0.539002938,0.046146016
63.7353383,0.202037926,1.420604034,0.494836113,0.049292459
63.73997697,0.196302303,1.418419732,0.486723839,0.042999573
63.74461564,0.197110138,1.41663993,0.509257933,0.042920912
63.74925431,0.203734378,1.419795033,0.542608393,0.049213798
63.75389298,0.199210506,1.419066933,0.475907473,0.046381999
63.75853165,0.196059953,1.416073629,0.49663884,0.04205564
63.76317032,0.200018341,1.41696353,0.531792028,0.044494133
63.76780899,0.203895945,1.420604034,0.512863388,0.049292459
63.77244766,0.197756405,1.418581532,0.483118383,0.043314217
63.77708633,0.197514055,1.41696353,0.504751114,0.041976979
63.781725,0.204057512,1.419795033,0.550720667,0.047719237
63.78636367,0.202037926,1.421089435,0.484921111,0.047719237
63.79100234,0.197756405,1.419390533,0.498441568,0.042291623
63.79564101,0.200018341,1.420604034,0.525482481,0.043471539
63.80027968,0.205996314,1.42610524,0.532693391,0.049685764
63.80491835,0.199695207,1.42570074,0.48221702,0.044651455
63.80955702,0.198564239,1.425377139,0.506553842,0.041898318
63.81419569,0.204784562,1.431201945,0.549819303,0.045988694
63.81883436,0.20591553,1.438725653,0.502047023,0.048741831
63.82347303,0.200503041,1.440343655,0.498441568,0.04276359
63.8281117,0.201957143,1.442285257,0.520975662,0.042606267
63.83275037,0.2085006,1.447381963,0.549819303,0.048977814
63.83738904,0.203492028,1.448433664,0.483118383,0.046067355
63.84202771,0.200422258,1.445844861,0.50384975,0.041898318
63.84666638,0.204380645,1.445683061,0.538101574,0.044494133
63.85130505,0.208096683,1.448110063,0.511962024,0.049449781
63.85594372,0.201391659,1.445440361,0.484921111,0.043392878
63.86058239,0.200826175,1.443013358,0.504751114,0.042212962
63.86522106,0.207692765,1.44479316,0.548016576,0.047404593
63.86985973,0.204542212,1.44511676,0.481315656,0.047325932
63.8744984,0.200179907,1.442042557,0.495737476,0.04205564
63.87913707,0.20284576,1.441233556,0.524581117,0.043471539
63.88377574,0.207935116,1.443822359,0.527285209,0.049213798
63.88841441,0.201310875,1.441476256,0.477710201,0.04425815
63.89305308,0.199695207,1.438482953,0.500244295,0.041426351
63.89769175,0.205188479,1.439777355,0.543509757,0.045988694
63.90233042,0.205188479,1.440343655,0.491230657,0.048505848
63.90696909,0.19904894,1.436379551,0.48942793,0.042291623
63.91160776,0.199856774,1.434842449,0.512863388,0.04276359
63.91624643,0.206884931,1.437431252,0.538101574,0.048899153
63.9208851,0.201795576,1.43540875,0.475006109,0.045595388
63.92552377,0.198645022,1.432091846,0.497540204,0.041740996
63.93016244,0.203088111,1.433386248,0.534496119,0.044730116
63.93480111,0.205350046,1.43540875,0.506553842,0.049449781
63.93943978,0.19929129,1.432981747,0.484019747,0.043156895
63.94407845,0.19929129,1.431201945,0.504751114,0.041976979
63.94871712,0.205834747,1.434033448,0.548016576,0.047955221
63.95335579,0.20284576,1.434437949,0.479512928,0.047561915
63.95799446,0.198321889,1.431768246,0.497540204,0.042370284
63.96263313,0.201957143,1.432010946,0.526383845,0.043943506
63.9672718,0.207046498,1.436055951,0.525482481,0.049764425
63.97191047,0.200583825,1.43508515,0.481315656,0.044336811
63.97654914,0.198968156,1.433709848,0.504751114,0.041740996
63.98118781,0.205188479,1.436864951,0.550720667,0.046303338
63.98582648,0.204703779,1.440020055,0.497540204,0.048505848
63.99046515,0.199210506,1.438321153,0.501145659,0.042134301
63.99510382,0.200745391,1.439049254,0.524581117,0.04276359
63.99974249,0.207288848,1.444307759,0.548016576,0.049213798
64.00438116,0.202280276,1.445925761,0.490329294,0.045359405
64.00901983,0.199452857,1.445521261,0.51556748,0.041740996
64.0136585,0.204542212,1.451022466,0.559734305,0.045202083
64.01829717,0.206723364,1.458546174,0.531792028,0.049135137
64.02293584,0.19977599,1.460811377,0.513764752,0.042842251
64.02757451,0.200583825,1.462510279,0.532693391,0.042212962
64.03221318,0.207127281,1.467283384,0.57055067,0.048112543
64.03685185,0.204138295,1.470033987,0.499342932,0.046696643
64.04149052,0.200260691,1.468011484,0.514666116,0.041740996
64.04612919,0.203653594,1.468335085,0.542608393,0.043707522
64.05076786,0.208662166,1.472218289,0.535397483,0.049292459
64.05540653,0.20236106,1.471490188,0.493033385,0.043864845
64.0600452,0.201068525,1.471247488,0.514666116,0.041740996
64.06468387,0.207611982,1.474968892,0.558832941,0.046617982
64.06932254,0.206884931,1.477234094,0.500244295,0.047955221
64.07396121,0.201553226,1.476182393,0.506553842,0.042134301
64.07859988,0.203653594,1.475373392,0.528186573,0.043078234
64.08323855,0.209793134,1.478852096,0.544411121,0.049607103
64.08787722,0.204138295,1.478043095,0.484921111,0.045988694
64.09251589,0.201472442,1.475211592,0.507455206,0.042606267
64.09715456,0.206723364,1.475616093,0.546213848,0.046539321
64.10179323,0.208096683,1.477314994,0.508356569,0.050157731
64.1064319,0.20211871,1.47318909,0.493033385,0.043864845
64.11107057,0.202280276,1.470195787,0.512863388,0.043471539
64.11570924,0.208904517,1.472299189,0.549819303,0.049449781
64.12034791,0.204703779,1.471328388,0.481315656,0.048033882
64.12498658,0.200745391,1.466393483,0.500244295,0.043078234
64.12962525,0.204138295,1.465260882,0.531792028,0.045359405
64.13426392,0.20874295,1.466797983,0.519172935,0.050629697
64.13890259,0.201876359,1.46388558,0.483118383,0.0449661
64.14354126,0.201310875,1.461377677,0.505652478,0.042842251
64.14817993,0.207692765,1.462672079,0.551622031,0.047797898
64.1528186,0.20615788,1.46396648,0.491230657,0.048899153
64.15745727,0.200583825,1.460811377,0.499342932,0.043078234
64.16209594,0.202684193,1.459193375,0.523679754,0.044022167
64.16673461,0.2085006,1.462348478,0.538101574,0.050157731
64.17137328,0.202764977,1.461296777,0.483118383,0.04575271
64.17601195,0.200503041,1.458546174,0.507455206,0.04276359
64.18065062,0.20615788,1.460164176,0.549819303,0.046381999
64.18528929,0.207046498,1.461620378,0.507455206,0.049921747
64.18992796,0.200906958,1.458141674,0.494836113,0.0435502
64.19456663,0.201472442,1.454986571,0.516468843,0.042999573
64.1992053,0.208662166,1.457494473,0.54891794,0.049292459
64.20384397,0.204057512,1.456523672,0.48221702,0.047089949
64.20848264,0.200179907,1.453206769,0.502948387,0.042920912
64.21312131,0.204138295,1.452964069,0.536298847,0.045044761
64.21775998,0.207854332,1.455714671,0.520074299,0.050236392
64.22239865,0.201553226,1.452640468,0.487625202,0.044415472
64.22703732,0.200503041,1.449889865,0.508356569,0.042448945
64.23167599,0.206723364,1.452397768,0.551622031,0.047719237
64.23631466,0.205188479,1.453287669,0.48942793,0.048427187
64.24095333,0.200099124,1.450375266,0.501145659,0.042527606
64.245592,0.202522627,1.450779766,0.528186573,0.043628861
64.25023067,0.208581383,1.45425847,0.538101574,0.049921747
64.25486934,0.202522627,1.45393487,0.483118383,0.045359405
64.25950801,0.200745391,1.452802268,0.506553842,0.042370284
64.26414668,0.206238664,1.455229271,0.549819303,0.046303338
64.26878535,0.207046498,1.457818074,0.50384975,0.049135137
64.27342402,0.200906958,1.45466297,0.497540204,0.043156895
64.27806269,0.201714792,1.453044969,0.519172935,0.042920912
64.28270136,0.208339033,1.456604572,0.549819303,0.049292459
64.28734003,0.203895945,1.456200072,0.484019747,0.046539321
64.2919787,0.200099124,1.453206769,0.50384975,0.042448945
64.29661737,0.204057512,1.452074168,0.538101574,0.045044761
64.30125604,0.207531199,1.45433937,0.51556748,0.049843086
64.30589471,0.200987742,1.450617966,0.485822475,0.043707522
64.31053338,0.200503041,1.447462863,0.504751114,0.042606267
64.31517205,0.207208065,1.449161764,0.548016576,0.048033882
64.31981072,0.204380645,1.448999964,0.48221702,0.048033882
64.32444939,0.19953364,1.445763961,0.495737476,0.042291623
64.32908806,0.202522627,1.444307759,0.523679754,0.043628861
64.33372673,0.207935116,1.447301063,0.529087936,0.049843086
64.3383654,0.201553226,1.446087561,0.480414292,0.044808778
64.34300407,0.199695207,1.443660559,0.50384975,0.042134301
64.34764274,0.205753963,1.445844861,0.547115212,0.046224677
64.35228141,0.205269263,1.447786463,0.497540204,0.048899153
64.35692008,0.19977599,1.445763961,0.493934749,0.04276359
64.36155875,0.200826175,1.44487406,0.516468843,0.042999573
64.36619742,0.207046498,1.448919064,0.545312484,0.049292459
64.37083609,0.202280276,1.449404465,0.481315656,0.046381999
64.37547476,0.199129723,1.447220162,0.504751114,0.04205564
64.38011343,0.203330461,1.448919064,0.541707029,0.044808778
64.3847521,0.206481014,1.452155068,0.51556748,0.049685764
64.38939077,0.19977599,1.450779766,0.490329294,0.0435502
64.39402944,0.200018341,1.449566265,0.509257933,0.042134301
64.39866811,0.206723364,1.453206769,0.551622031,0.047719237
64.40330678,0.203895945,1.45466297,0.484921111,0.047404593
64.40794545,0.199210506,1.452559568,0.502948387,0.042370284
64.41258412,0.20236106,1.452964069,0.533594755,0.043864845
64.41722279,0.207450415,1.456200072,0.536298847,0.049764425
64.42186146,0.201391659,1.454905671,0.493033385,0.044494133
64.42650013,0.199695207,1.452640468,0.514666116,0.042370284
64.4311388,0.206077097,1.45482477,0.557030214,0.046696643
64.43577747,0.205511613,1.456928173,0.502047023,0.048741831
64.44041614,0.19953364,1.45401577,0.501145659,0.042920912
64.44505481,0.201714792,1.453449469,0.523679754,0.043156895
64.44969348,0.2085006,1.456928173,0.547115212,0.049449781
64.45433215,0.20284576,1.45458207,0.485822475,0.045988694
64.45897082,0.199937557,1.451265167,0.508356569,0.042212962
64.46360949,0.204542212,1.451831467,0.545312484,0.045438066
64.46824816,0.207208065,1.45458207,0.513764752,0.049607103
64.47288683,0.200583825,1.452559568,0.494836113,0.043471539
64.4775255,0.200826175,1.451265167,0.516468843,0.042134301
64.48216417,0.207208065,1.453773069,0.557931577,0.048269865
64.48680284,0.203895945,1.45458207,0.48942793,0.047325932
64.49144151,0.199856774,1.451426967,0.507455206,0.042448945
64.49608018,0.202926544,1.451669667,0.53720021,0.044022167
64.50071885,0.208339033,1.455067471,0.533594755,0.049921747
64.50535752,0.201714792,1.453125869,0.491230657,0.044808778
64.50999619,0.200583825,1.450779766,0.511962024,0.042448945
64.51463486,0.206884931,1.453287669,0.557030214,0.046853965
64.51927353,0.205996314,1.455714671,0.502047023,0.048427187
64.5239122,0.200422258,1.45417757,0.508356569,0.04276359
64.52855087,0.20236106,1.455391071,0.535397483,0.042999573
64.53318954,0.208904517,1.461296777,0.561537032,0.049685764
64.53782821,0.203330461,1.46420918,0.506553842,0.045674049
64.54246688,0.200745391,1.465988982,0.536298847,0.042448945
64.54710555,0.205592397,1.471004788,0.581367036,0.045674049
64.55174422,0.207935116,1.475616093,0.542608393,0.049607103
64.55638289,0.201391659,1.47343179,0.519172935,0.043314217
64.56102156,0.201310875,1.470681187,0.533594755,0.042684928
64.56566023,0.208339033,1.472622789,0.566945215,0.04866317
64.5702989,0.204542212,1.471651988,0.495737476,0.047247271
64.57493757,0.200179907,1.468173285,0.512863388,0.042527606
64.57957624,0.203895945,1.468496885,0.542608393,0.044572794
64.58421491,0.208662166,1.472380089,0.534496119,0.05007907
64.58885358,0.201957143,1.471571088,0.495737476,0.044494133
64.59349225,0.200826175,1.470357587,0.516468843,0.042527606
64.59813092,0.207046498,1.472056489,0.559734305,0.047719237
64.60276959,0.206400231,1.47359359,0.501145659,0.048977814
64.60740826,0.200745391,1.471166588,0.508356569,0.042920912
64.61204693,0.202441843,1.471328388,0.531792028,0.043471539
64.6166856,0.209146867,1.474887992,0.546213848,0.049843086
64.62132427,0.202926544,1.47351269,0.488526566,0.045438066
64.62596294,0.200260691,1.470923888,0.510159297,0.042291623
64.63060161,0.20543083,1.471166588,0.549819303,0.046146016
64.63524028,0.207127281,1.47286549,0.509257933,0.049685764
64.63987895,0.200826175,1.469467686,0.49663884,0.043314217
64.64451762,0.201230092,1.467606984,0.516468843,0.042999573
64.64915629,0.208177466,1.469710386,0.552523395,0.048899153
64.65379496,0.204461429,1.469467686,0.486723839,0.047247271
64.65843363,0.200745391,1.466636183,0.507455206,0.042606267
64.6630723,0.204057512,1.466231683,0.539904302,0.044808778
64.66771097,0.208258249,1.469305886,0.525482481,0.050000408
64.67234964,0.201876359,1.467526084,0.493033385,0.043943506
64.67698831,0.201149308,1.466150783,0.516468843,0.042370284
64.68162698,0.207531199,1.469872186,0.561537032,0.047561915
64.68626565,0.206481014,1.47294639,0.501145659,0.048427187
64.69090432,0.201149308,1.471571088,0.511962024,0.042684928
64.69554299,0.203007327,1.471490188,0.536298847,0.043707522
64.70018166,0.209146867,1.475292492,0.546213848,0.049921747
64.70482033,0.20284576,1.473998091,0.490329294,0.045438066
64.709459,0.200422258,1.470681187,0.511962024,0.042527606
64.71409767,0.206238664,1.471975589,0.552523395,0.045988694
64.71873634,0.207208065,1.47343179,0.508356569,0.049056476
64.72337501,0.201068525,1.470114887,0.500244295,0.043078234
64.72801368,0.201957143,1.468820485,0.521877026,0.042920912
64.73265235,0.208823733,1.47302729,0.55612885,0.048899153
64.73729102,0.204057512,1.474402591,0.493033385,0.046617982
64.74192969,0.200987742,1.47335089,0.516468843,0.042291623
64.74656836,0.204622996,1.474483491,0.551622031,0.044651455
64.75120703,0.207773549,1.478609396,0.531792028,0.049685764
64.7558457,0.201391659,1.476991394,0.500244295,0.043943506
64.76048437,0.201230092,1.475211592,0.519172935,0.042134301
64.76512304,0.207692765,1.478123995,0.56333976,0.047404593
64.76976171,0.205188479,1.479418397,0.500244295,0.047876559
64.77440038,0.200341474,1.477072294,0.514666116,0.042291623
64.77903905,0.203330461,1.477476795,0.539904302,0.043471539
64.78367772,0.208823733,1.481279099,0.547115212,0.049685764
64.78831639,0.203007327,1.480874598,0.49663884,0.045044761
64.79295506,0.201230092,1.478366695,0.516468843,0.042134301
64.79759373,0.207046498,1.479175696,0.555227486,0.046224677
64.8022324,0.207611982,1.480793698,0.505652478,0.048741831
64.80687107,0.201714792,1.476505993,0.498441568,0.042684928
64.81150974,0.202522627,1.474159891,0.519172935,0.042684928
64.81614841,0.209712351,1.476425093,0.548016576,0.048741831
64.82078708,0.204946129,1.475211592,0.483118383,0.046224677
64.82542575,0.201957143,1.471247488,0.504751114,0.041898318
64.83006442,0.206884931,1.471247488,0.539002938,0.044730116
64.83470309,0.209873918,1.47335089,0.513764752,0.049528442
64.83934176,0.203815161,1.469467686,0.486723839,0.0435502
64.84398043,0.203168894,1.466069882,0.506553842,0.042370284
64.8486191,0.210116268,1.467121584,0.549819303,0.048033882
64.85325777,0.207369632,1.466555283,0.483118383,0.047561915
64.85789644,0.20236106,1.462348478,0.498441568,0.042291623
64.86253511,0.20543083,1.461701278,0.526383845,0.043314217
64.86717378,0.210843319,1.46404738,0.529087936,0.04937112
64.87181245,0.204380645,1.461782178,0.481315656,0.04425815
64.87645112,0.202764977,1.459193375,0.504751114,0.041740996
64.88108979,0.208419816,1.460164176,0.548016576,0.046146016
64.88572846,0.208581383,1.461215877,0.49663884,0.048741831
64.89036713,0.202522627,1.456928173,0.495737476,0.042527606
64.8950058,0.203572811,1.455714671,0.518271571,0.04276359
64.89964447,0.210116268,1.459193375,0.543509757,0.048899153
64.90428314,0.204865346,1.458465274,0.48221702,0.045674049
64.90892181,0.201795576,1.455471971,0.50384975,0.041819657
64.91356048,0.206077097,1.456442772,0.540805665,0.0449661
64.91819915,0.208823733,1.459274275,0.511962024,0.04937112
64.92283782,0.202199493,1.456119172,0.48942793,0.043156895
64.92747649,0.201957143,1.45401577,0.510159297,0.041976979
64.93211516,0.208339033,1.456361872,0.551622031,0.047640576
64.93675383,0.205188479,1.456442772,0.484019747,0.046932627
64.9413925,0.200745391,1.453287669,0.501145659,0.04205564
64.94603117,0.203492028,1.452397768,0.530890664,0.0435502
64.95066984,0.208662166,1.45474387,0.5299893,0.049528442
64.95530851,0.202280276,1.453044969,0.485822475,0.044179489
64.95994718,0.200987742,1.450617966,0.508356569,0.041976979
64.96458585,0.207208065,1.452397768,0.552523395,0.046775304
64.96922452,0.206642581,1.453773069,0.498441568,0.048427187
64.97386319,0.201149308,1.450941566,0.501145659,0.042448945
64.97850186,0.203007327,1.450617966,0.524581117,0.042684928
64.98314053,0.209066084,1.453449469,0.547115212,0.049213798
64.9877792,0.203653594,1.453206769,0.486723839,0.045595388
64.99241787,0.200987742,1.451346067,0.510159297,0.042370284
64.99705654,0.205592397,1.453449469,0.548016576,0.045438066
65.00169521,0.207692765,1.456685472,0.516468843,0.049607103
65.00633388,0.201472442,1.45450117,0.499342932,0.0435502
65.01097255,0.201876359,1.45482477,0.524581117,0.042842251
65.01561122,0.208419816,1.460245076,0.566945215,0.048505848
65.02024989,0.205026913,1.461863078,0.497540204,0.047325932
65.02488856,0.200503041,1.459516975,0.513764752,0.042291623
65.02952723,0.203411244,1.459516975,0.542608393,0.044179489
65.0341659,0.208258249,1.461943978,0.534496119,0.050000408
65.03880457,0.201957143,1.459031575,0.491230657,0.044572794
65.04344324,0.200422258,1.456280972,0.511962024,0.042606267
65.04808191,0.206481014,1.457656273,0.555227486,0.047247271
65.05272058,0.205834747,1.458627075,0.49663884,0.048741831
65.05735925,0.200099124,1.455229271,0.502047023,0.042684928
65.06199792,0.201795576,1.45450117,0.527285209,0.043078234
65.06663659,0.207854332,1.457575373,0.546213848,0.049607103
65.07127526,0.20260341,1.457575373,0.48942793,0.045910033
65.07591393,0.200260691,1.456685472,0.513764752,0.042606267
65.0805526,0.205026913,1.459921476,0.557030214,0.045910033
65.08519127,0.207288848,1.465179981,0.520975662,0.050000408
65.08982994,0.201472442,1.464613681,0.505652478,0.043628861
65.09446861,0.201876359,1.46412828,0.526383845,0.042842251
65.09910728,0.2085006,1.467445184,0.562438396,0.048741831
65.10374595,0.204622996,1.468092385,0.493934749,0.047247271
65.10838462,0.200826175,1.465584482,0.512863388,0.042842251
65.11302329,0.204542212,1.466312583,0.546213848,0.045044761
65.11766196,0.208823733,1.470438487,0.535397483,0.050000408
65.12230063,0.202037926,1.469386786,0.498441568,0.044179489
65.1269393,0.200906958,1.468982286,0.520975662,0.042370284
65.13157797,0.207531199,1.47286549,0.566043851,0.047404593
65.13621664,0.206400231,1.475292492,0.506553842,0.048269865
65.14085531,0.201310875,1.47359359,0.514666116,0.042684928
65.14549398,0.203734378,1.475211592,0.539904302,0.043471539
65.15013265,0.209550784,1.479822897,0.553424758,0.049921747
65.15477132,0.203895945,1.480146497,0.499342932,0.045202083
65.15940999,0.201957143,1.479903797,0.521877026,0.042212962
65.16404866,0.207369632,1.483382501,0.56333976,0.046303338
65.16868733,0.209146867,1.487832005,0.521877026,0.049607103
65.173326,0.203007327,1.486375804,0.511962024,0.043156895
65.17796467,0.204057512,1.488641006,0.535397483,0.042842251
65.18260334,0.211408803,1.496245614,0.573254762,0.048820492
65.18724201,0.207450415,1.502151321,0.510159297,0.046775304
65.19188068,0.204622996,1.505387324,0.533594755,0.042606267
65.19651935,0.2089853,1.512344731,0.57055067,0.044808778
65.20115802,0.214397789,1.522780843,0.555227486,0.050236392
65.20579669,0.207773549,1.525935946,0.523679754,0.044336811
65.21043536,0.207935116,1.529010149,0.545312484,0.042606267
65.21507403,0.214397789,1.536857457,0.591282037,0.048112543
65.2197127,0.212701337,1.543005864,0.530890664,0.04866317
65.22435137,0.207935116,1.547131768,0.549819303,0.042606267
65.22899004,0.210277835,1.553927376,0.577761581,0.043943506
65.23362871,0.215851891,1.564687087,0.588577946,0.050000408
65.23826738,0.209873918,1.568812991,0.535397483,0.045516727
65.24290605,0.207692765,1.568974792,0.554326122,0.042370284
65.24754472,0.213186038,1.571078194,0.590380673,0.046617982
65.25218339,0.214074656,1.573343396,0.540805665,0.04937112
65.25682206,0.208339033,1.568651191,0.529087936,0.043314217
65.26146073,0.20874295,1.564363487,0.547115212,0.042999573
65.2660994,0.215528757,1.565010687,0.575057489,0.049213798
65.27073807,0.210439402,1.561451084,0.505652478,0.047089949
65.27537674,0.206965715,1.555140877,0.525482481,0.042606267
65.28001541,0.210843319,1.553603775,0.557931577,0.045438066
65.28465408,0.213993872,1.554250976,0.536298847,0.050157731
65.28929275,0.207208065,1.54850707,0.507455206,0.044022167
65.29393142,0.206481014,1.543248564,0.527285209,0.042684928
65.29857009,0.213105255,1.543248564,0.571452034,0.048269865
65.30320876,0.210843319,1.541468762,0.508356569,0.048348526
65.30784743,0.205834747,1.537342858,0.52277839,0.042842251
65.3124861,0.208823733,1.535158556,0.549819303,0.044494133
65.31712477,0.213993872,1.537261958,0.55612885,0.050472375
65.32176344,0.207531199,1.534025954,0.506553842,0.045359405
65.32640211,0.205753963,1.53022365,0.528186573,0.042684928
65.33104078,0.211328019,1.531437152,0.571452034,0.04716861
65.33567945,0.211489586,1.532488853,0.523679754,0.049528442
65.34031812,0.205834747,1.528039348,0.520074299,0.043156895
65.34495679,0.206723364,1.525774146,0.542608393,0.043471539
65.34959546,0.213428388,1.528929249,0.571452034,0.049921747
65.35423413,0.208339033,1.527796648,0.507455206,0.046539321
65.3588728,0.205188479,1.523994344,0.529087936,0.043156895
65.36351147,0.209793134,1.523913444,0.564241124,0.045831371
65.36815014,0.212620554,1.526421346,0.538101574,0.050393714
65.37278881,0.206642581,1.523589843,0.511962024,0.044179489
65.37742748,0.20615788,1.521810042,0.530890664,0.043078234
65.38206615,0.212862904,1.522699942,0.571452034,0.04866317
65.38670482,0.210358618,1.522295442,0.502948387,0.047955221
65.39134349,0.20543083,1.518007738,0.519172935,0.042920912
65.39598216,0.208419816,1.517036936,0.547115212,0.044494133
65.40062083,0.213509172,1.519787539,0.54891794,0.050629697
65.4052595,0.207369632,1.518897638,0.502948387,0.045359405
65.40989817,0.205996314,1.516551536,0.528186573,0.042920912
65.41453684,0.21205507,1.519463939,0.575057489,0.047561915
65.41917551,0.212620554,1.523185343,0.523679754,0.04937112
65.42381418,0.206077097,1.52059654,0.524581117,0.043235556
65.42845285,0.207531199,1.521081941,0.545312484,0.0435502
65.43309152,0.214155439,1.524641545,0.568747943,0.050157731
65.43773019,0.209146867,1.525288745,0.508356569,0.046853965
65.44236886,0.206319447,1.523994344,0.5299893,0.042999573
65.44700753,0.210843319,1.525531445,0.566043851,0.046067355
65.4516462,0.213670738,1.52933375,0.533594755,0.050393714
65.45628487,0.206965715,1.527715748,0.512863388,0.04425815
65.46092354,0.207288848,1.526987647,0.535397483,0.043078234
65.46556221,0.214397789,1.530466351,0.576860217,0.049292459
65.47020088,0.211166452,1.532327053,0.511060661,0.048348526
65.47483955,0.206804148,1.52998095,0.528186573,0.042999573
65.47947822,0.210197051,1.531679852,0.558832941,0.044808778
65.48411689,0.215609541,1.537019258,0.557030214,0.050472375
65.48875556,0.209146867,1.537100158,0.518271571,0.045516727
65.49339423,0.208015899,1.537261958,0.539904302,0.043314217
65.4980329,0.214155439,1.53960806,0.583169763,0.048112543
65.50267157,0.214236222,1.542520464,0.526383845,0.049921747
65.50731024,0.208904517,1.540983362,0.531792028,0.043628861
65.51194891,0.210681752,1.541145162,0.555227486,0.043864845
65.51658758,0.217386776,1.546403668,0.574156125,0.050157731
65.52122625,0.211731936,1.546484568,0.513764752,0.046146016
65.52586492,0.2089853,1.544300265,0.534496119,0.042920912
65.53050359,0.213751522,1.545271066,0.572353398,0.046539321
65.53514226,0.216175024,1.547940769,0.536298847,0.050393714
65.53978093,0.209470001,1.545675567,0.519172935,0.044336811
65.5444196,0.209550784,1.544785666,0.539904302,0.043628861
65.54905827,0.216578942,1.547455369,0.577761581,0.049607103
65.55369694,0.213347605,1.547374469,0.509257933,0.048033882
65.55833561,0.209146867,1.544947466,0.528186573,0.043078234
65.56297428,0.212862904,1.546160967,0.559734305,0.045438066
65.56761295,0.216982859,1.549154271,0.54891794,0.050708358
65.57225162,0.210439402,1.546322768,0.510159297,0.045516727
65.57689029,0.210277835,1.544381165,0.5299893,0.043707522
65.58152896,0.215771107,1.546969968,0.575057489,0.048427187
65.58616763,0.214963273,1.54858797,0.516468843,0.049449781
65.5908063,0.210116268,1.545675567,0.524581117,0.043864845
65.59544497,0.212378204,1.544866566,0.54891794,0.044572794
65.60008364,0.21819461,1.547374469,0.565142488,0.05086568
65.60472231,0.212458987,1.545675567,0.508356569,0.046539321
65.60936098,0.210116268,1.543410364,0.531792028,0.043471539
65.61399965,0.215205623,1.545109266,0.57055067,0.046617982
65.61863832,0.216902075,1.548102569,0.530890664,0.05007907
65.62327699,0.210681752,1.545351967,0.519172935,0.044415472
65.62791566,0.211408803,1.543976665,0.541707029,0.043864845
65.63255433,0.218113827,1.546808168,0.578662944,0.050000408
65.637193,0.214155439,1.546969968,0.512863388,0.047955221
65.64183167,0.209793134,1.543572165,0.533594755,0.043471539
65.64647034,0.213993872,1.543976665,0.566043851,0.045831371
65.65110901,0.217790693,1.546080067,0.54891794,0.051180325
65.65574768,0.211166452,1.542277763,0.511962024,0.045123422
65.66038635,0.209873918,1.538394559,0.5299893,0.043786184
65.66502502,0.216094241,1.53944626,0.573254762,0.048820492
65.66966369,0.214155439,1.538556359,0.510159297,0.048977814
65.67430236,0.208823733,1.534025954,0.519172935,0.043471539
65.67894103,0.210924102,1.531679852,0.544411121,0.044415472
65.6835797,0.216740508,1.533055153,0.55612885,0.050629697
65.68821837,0.210600969,1.53006185,0.501145659,0.046067355
65.69285704,0.208258249,1.525450545,0.524581117,0.043078234
65.69749571,0.213266821,1.525207845,0.566043851,0.047247271
65.70213438,0.214236222,1.526178646,0.521877026,0.050393714
65.70677305,0.208015899,1.522376342,0.512863388,0.044336811
65.71141172,0.2085006,1.519383039,0.533594755,0.043864845
65.71605039,0.214801706,1.521001041,0.565142488,0.049685764
65.72068906,0.210358618,1.519706639,0.499342932,0.047561915
65.72532773,0.206804148,1.517279637,0.519172935,0.043392878
65.7299664,0.210762535,1.516794236,0.555227486,0.046224677
65.73460507,0.214478573,1.520920141,0.53720021,0.051258986
65.73924374,0.207692765,1.519706639,0.510159297,0.044808778
65.74388241,0.207046498,1.52027294,0.532693391,0.043078234
65.74852108,0.213913089,1.525774146,0.577761581,0.048427187
65.75315975,0.211408803,1.529091049,0.511962024,0.048741831
65.75779842,0.206642581,1.527796648,0.524581117,0.043392878
65.76243709,0.209308434,1.528605649,0.550720667,0.044730116
65.76707576,0.21488249,1.533378754,0.55612885,0.051023002
65.77171443,0.208177466,1.533055153,0.504751114,0.046224677
65.7763531,0.206238664,1.531598952,0.528186573,0.043314217
65.78099177,0.211651153,1.533864154,0.57055067,0.047561915
65.78563044,0.212458987,1.536129357,0.520975662,0.050236392
65.79026911,0.206319447,1.533055153,0.51556748,0.043786184
65.79490778,0.207450415,1.530951751,0.538101574,0.044022167
65.79954645,0.213832305,1.533621454,0.567846579,0.050315053
65.80418512,0.208823733,1.533055153,0.502948387,0.047325932
65.80882379,0.205511613,1.530304551,0.523679754,0.043314217
65.81346246,0.209873918,1.530547251,0.559734305,0.046303338
65.81810113,0.213266821,1.532974253,0.535397483,0.050629697
65.8227398,0.206238664,1.52973825,0.511060661,0.044415472
65.82737847,0.206238664,1.527958448,0.530890664,0.043314217
65.83201714,0.213428388,1.530789951,0.573254762,0.048977814
65.83665581,0.210924102,1.531113551,0.507455206,0.048505848
65.84129448,0.206319447,1.527473048,0.523679754,0.043235556
65.84593315,0.208662166,1.526664047,0.551622031,0.044808778
65.85057182,0.214236222,1.528686549,0.553424758,0.050551036
65.85521049,0.207854332,1.526825847,0.505652478,0.045595388
65.85984916,0.206077097,1.523832544,0.527285209,0.042999573
65.86448783,0.211974287,1.525531445,0.571452034,0.047325932
65.8691265,0.21181272,1.526987647,0.519172935,0.049764425
65.87376517,0.206319447,1.523913444,0.518271571,0.043707522
65.87840384,0.207854332,1.522619042,0.540805665,0.043943506
65.88304251,0.213832305,1.525126945,0.566945215,0.050236392
65.88768118,0.2089853,1.524884245,0.502948387,0.047011288
65.89231985,0.205834747,1.521567341,0.524581117,0.042920912
65.89695852,0.210762535,1.522699942,0.56333976,0.045910033
65.90159719,0.213266821,1.526825847,0.536298847,0.050315053
65.90623586,0.206723364,1.524722445,0.513764752,0.044100828
65.91087453,0.206319447,1.521971842,0.533594755,0.043078234
65.9155132,0.213347605,1.524317944,0.574156125,0.048977814
65.92015187,0.210035485,1.524156144,0.506553842,0.048348526
65.92479054,0.205511613,1.521081941,0.52277839,0.043471539
65.92942921,0.2085006,1.52003024,0.551622031,0.045123422
65.93406788,0.213670738,1.522699942,0.54891794,0.050787019
65.93870655,0.207046498,1.519544839,0.50384975,0.04575271
65.94334522,0.20543083,1.516632436,0.525482481,0.043471539
65.94798389,0.211651153,1.518169538,0.569649307,0.047719237
65.95262256,0.211408803,1.518978539,0.514666116,0.049528442
65.95726123,0.205188479,1.515014434,0.516468843,0.043471539
65.9618999,0.206884931,1.512911032,0.539904302,0.043786184
65.96653857,0.213024471,1.515176234,0.560635669,0.050000408
65.97117724,0.207450415,1.512911032,0.498441568,0.046696643
65.97581591,0.204784562,1.509351428,0.521877026,0.042999573
65.98045458,0.209550784,1.508461527,0.557931577,0.046146016
65.98509325,0.21157037,1.509351428,0.52277839,0.050472375
65.98973192,0.205350046,1.505387324,0.504751114,0.044179489
65.99437059,0.205996314,1.502798521,0.525482481,0.043156895
65.99900926,0.212701337,1.504173823,0.566043851,0.049056476
66.00364793,0.209308434,1.503364822,0.498441568,0.048112543
66.0082866,0.205269263,1.499158018,0.517370207,0.043156895
66.01292527,0.208904517,1.499481618,0.549819303,0.045202083
66.01756394,0.213589955,1.503364822,0.542608393,0.050551036
66.02220261,0.207046498,1.50190862,0.502948387,0.045359405
66.02684128,0.206238664,1.499158018,0.523679754,0.043235556
66.03147995,0.212378204,1.500209719,0.568747943,0.047876559
66.03611862,0.211004886,1.500776019,0.509257933,0.049607103
66.04075729,0.205996314,1.497216415,0.513764752,0.043628861
66.04539596,0.207773549,1.495193913,0.538101574,0.044022167
66.05003463,0.213751522,1.497863616,0.557030214,0.05007907
66.0546733,0.207692765,1.495355713,0.498441568,0.046381999
66.05931197,0.205107696,1.49236241,0.520074299,0.042999573
66.06395064,0.210116268,1.493818612,0.561537032,0.046617982
66.06858931,0.211974287,1.495922014,0.523679754,0.050157731
66.07322798,0.205350046,1.492605111,0.509257933,0.04425815
66.07786665,0.20567318,1.490906209,0.529087936,0.043471539
66.08250532,0.21229742,1.493333211,0.566945215,0.049213798
66.08714399,0.208258249,1.493009611,0.500244295,0.047325932
66.09178266,0.204380645,1.489773608,0.520074299,0.042920912
66.09642133,0.207935116,1.490259008,0.552523395,0.045123422
66.10106,0.212135853,1.494465813,0.539904302,0.050708358
66.10569867,0.205753963,1.493252311,0.505652478,0.044887439
66.11033734,0.204946129,1.492605111,0.527285209,0.043392878
66.11497601,0.211489586,1.496650115,0.573254762,0.048269865
66.11961468,0.210035485,1.499319818,0.512863388,0.049056476
66.12425335,0.204784562,1.496892815,0.52277839,0.043235556
66.12889202,0.207288848,1.496650115,0.546213848,0.044179489
66.13353069,0.212862904,1.50118052,0.558832941,0.050708358
66.13816936,0.207127281,1.500290619,0.502948387,0.046224677
66.14280803,0.204703779,1.498510817,0.525482481,0.043156895
66.1474467,0.210035485,1.500290619,0.565142488,0.047011288
66.15208537,0.211328019,1.503607522,0.52277839,0.049921747
66.15672404,0.205269263,1.50118052,0.512863388,0.043786184
66.16136271,0.206238664,1.499886118,0.534496119,0.043628861
66.16600138,0.212539771,1.502960322,0.568747943,0.050000408
66.17064005,0.207692765,1.502717621,0.501145659,0.047719237
66.17527872,0.204461429,1.500047918,0.521877026,0.042920912
66.17991739,0.208096683,1.499481618,0.553424758,0.045516727
66.18455606,0.211974287,1.50174682,0.534496119,0.050787019
66.18919473,0.204946129,1.499158018,0.502047023,0.045044761
66.1938334,0.204219078,1.497135515,0.523679754,0.043314217
66.19847207,0.210924102,1.500209719,0.568747943,0.048505848
66.20311074,0.2089853,1.50118052,0.505652478,0.048899153
66.20774941,0.203895945,1.498429917,0.518271571,0.043314217
66.21238808,0.206238664,1.499724318,0.546213848,0.04425815
66.21702675,0.212135853,1.505710924,0.555227486,0.050551036
66.22166542,0.20615788,1.507490726,0.50384975,0.045988694
66.22630409,0.203895945,1.509189628,0.527285209,0.042920912
66.23094276,0.209954701,1.516066135,0.57055067,0.046775304
66.23558143,0.210762535,1.522295442,0.524581117,0.049607103
66.2402201,0.204542212,1.523508943,0.518271571,0.043707522
66.24485877,0.205269263,1.525450545,0.539002938,0.043707522
66.24949744,0.211651153,1.53022365,0.569649307,0.050000408
66.25413611,0.207208065,1.530547251,0.50384975,0.047325932
66.25877478,0.203815161,1.527715748,0.523679754,0.043156895
66.26341345,0.208096683,1.528039348,0.557931577,0.045831371
66.26805212,0.21181272,1.52941465,0.534496119,0.050472375
66.27269079,0.205107696,1.525450545,0.505652478,0.044651455
66.27732946,0.204461429,1.522052742,0.524581117,0.043078234
66.28196813,0.211085669,1.522133642,0.567846579,0.048820492
66.2866068,0.208662166,1.521405541,0.502047023,0.048820492
66.29124547,0.203734378,1.517684137,0.517370207,0.043471539
66.29588414,0.206238664,1.517036936,0.545312484,0.044651455
66.30052281,0.211489586,1.52075834,0.550720667,0.050787019
66.30516148,0.205592397,1.519059439,0.502948387,0.04575271
66.30980015,0.203895945,1.517117837,0.526383845,0.043156895
66.31443882,0.209873918,1.519625739,0.571452034,0.04716861
66.31907749,0.210358618,1.522619042,0.521877026,0.050157731
66.32371616,0.203976728,1.52051564,0.520975662,0.043864845
66.32835483,0.205592397,1.52051564,0.543509757,0.043786184
66.3329935,0.211893503,1.524237044,0.569649307,0.050000408
66.33763217,0.207369632,1.523508943,0.505652478,0.047089949
66.34227084,0.203976728,1.52059654,0.528186573,0.043235556
66.34690951,0.2085006,1.520920141,0.568747943,0.046381999
66.35154818,0.211651153,1.523347143,0.541707029,0.050629697
66.35618685,0.205026913,1.52035384,0.51556748,0.044415472
66.36082552,0.204380645,1.517036936,0.533594755,0.043156895
66.36546419,0.211408803,1.517441437,0.573254762,0.048820492
66.37010286,0.208662166,1.516632436,0.504751114,0.048269865
66.37474153,0.203572811,1.511778431,0.520074299,0.043078234
66.3793802,0.206804148,1.510079529,0.54891794,0.044730116
66.38401887,0.211893503,1.512991932,0.551622031,0.050708358
66.38865754,0.205269263,1.510322229,0.506553842,0.045516727
66.39329621,0.204138295,1.507490726,0.527285209,0.043078234
66.39793488,0.209873918,1.508299727,0.569649307,0.047561915
66.40257355,0.209793134,1.509755929,0.514666116,0.049528442
66.40721222,0.203572811,1.506034525,0.51556748,0.043392878
66.41185089,0.205269263,1.504901924,0.539002938,0.043628861
66.41648956,0.211893503,1.508866028,0.562438396,0.050236392
66.42112823,0.206561798,1.508785128,0.501145659,0.046539321
66.4257669,0.203492028,1.506762626,0.523679754,0.042999573
66.43040557,0.207935116,1.508380627,0.561537032,0.046146016
66.43504424,0.210520185,1.512344731,0.5299893,0.050472375
66.43968291,0.204057512,1.512021131,0.511060661,0.044179489
66.44432158,0.204299862,1.513396433,0.535397483,0.043156895
66.44896025,0.21157037,1.521648241,0.583169763,0.049292459
66.45359892,0.208662166,1.527553948,0.519172935,0.048033882
66.45823759,0.204784562,1.52933375,0.538101574,0.042920912
66.46287626,0.207773549,1.532327053,0.566945215,0.044808778
66.46751493,0.212701337,1.53968896,0.560635669,0.050708358
66.4721536,0.206238664,1.540902462,0.520074299,0.045202083
66.47679227,0.204622996,1.541306962,0.539904302,0.043078234
66.48143094,0.211247236,1.547050868,0.583169763,0.048033882
66.48606961,0.210681752,1.555707177,0.531792028,0.049292459
66.49070828,0.205511613,1.563069085,0.547115212,0.043314217
66.49534695,0.207208065,1.576093999,0.585873855,0.044179489
66.49998562,0.213428388,1.589118913,0.605703858,0.050157731
66.50462429,0.207208065,1.592112216,0.539904302,0.046381999
66.50926296,0.204946129,1.588876213,0.552523395,0.043156895
66.51390163,0.210358618,1.588148112,0.584071127,0.046775304
66.5185403,0.21229742,1.587096411,0.541707029,0.050315053
66.52317897,0.205592397,1.581433405,0.520975662,0.044022167
66.52781764,0.205834747,1.5764985,0.538101574,0.043392878
66.53245631,0.212539771,1.575365898,0.573254762,0.04937112
66.53709498,0.2089853,1.572453495,0.504751114,0.047561915
66.54173365,0.204703779,1.566628689,0.523679754,0.042920912
66.54637232,0.208258249,1.563392686,0.553424758,0.044887439
66.55101099,0.212458987,1.563635386,0.541707029,0.050315053
66.55564966,0.205996314,1.55805328,0.502948387,0.044808778
66.56028833,0.205026913,1.553037475,0.52277839,0.042842251
66.564927,0.211247236,1.551743073,0.566945215,0.047955221
66.56956567,0.209712351,1.549963271,0.505652478,0.048899153
66.57420434,0.204299862,1.543814865,0.513764752,0.042999573
66.57884301,0.206238664,1.53944626,0.538101574,0.044100828
66.58348168,0.212458987,1.540012561,0.553424758,0.050472375
66.58812035,0.206804148,1.537585558,0.497540204,0.046224677
66.59275902,0.204461429,1.533459654,0.521877026,0.043078234
66.59739769,0.209389217,1.532812453,0.564241124,0.046696643
66.60203636,0.211166452,1.534915855,0.523679754,0.050393714
66.60667503,0.204946129,1.532165253,0.514666116,0.044179489
66.6113137,0.205107696,1.530466351,0.53720021,0.043864845
66.61595237,0.212135853,1.534511355,0.572353398,0.049843086
66.62059104,0.207692765,1.536129357,0.507455206,0.047404593
66.62522971,0.204380645,1.536533857,0.530890664,0.042920912
66.62986838,0.208339033,1.53960806,0.566945215,0.045044761
66.63450705,0.212135853,1.543491265,0.547115212,0.050787019
66.63914572,0.20567318,1.539931661,0.511060661,0.044651455
66.64378439,0.204784562,1.536372057,0.529087936,0.043235556
66.64842306,0.211247236,1.535643956,0.57055067,0.048269865
66.65306173,0.208662166,1.533864154,0.504751114,0.048977814
66.6577004,0.203895945,1.528524749,0.513764752,0.043314217
66.66233907,0.206561798,1.525855046,0.539002938,0.04425815
66.66697774,0.21205507,1.527715748,0.54891794,0.051023002
66.67161641,0.206642581,1.524398844,0.49663884,0.045595388
66.67625508,0.203976728,1.519625739,0.519172935,0.04276359
66.68089375,0.209389217,1.519706639,0.560635669,0.046853965
66.68553242,0.210277835,1.52051564,0.51556748,0.049843086
66.69017109,0.204542212,1.516956036,0.509257933,0.043786184
66.69480976,0.205350046,1.514529034,0.531792028,0.0435502
66.69944843,0.212216637,1.516875136,0.56333976,0.050393714
66.7040871,0.207854332,1.515257135,0.498441568,0.047719237
66.70872577,0.203895945,1.51113123,0.518271571,0.043156895
66.71336444,0.208339033,1.510079529,0.553424758,0.045674049
66.71800311,0.21181272,1.511778431,0.531792028,0.050708358
66.72264178,0.204784562,1.509189628,0.504751114,0.0449661
66.72728045,0.204299862,1.506762626,0.526383845,0.043314217
66.73191912,0.211166452,1.508866028,0.571452034,0.04866317
66.73655779,0.209146867,1.509675029,0.50384975,0.048741831
66.74119646,0.204138295,1.506762626,0.516468843,0.043235556
66.74583513,0.206561798,1.505306424,0.542608393,0.044651455
66.7504738,0.211974287,1.507005326,0.547115212,0.050944341
66.75511247,0.205753963,1.504416523,0.497540204,0.045988694
66.75975114,0.203976728,1.501018719,0.519172935,0.043235556
66.76438981,0.209873918,1.502636721,0.562438396,0.047325932
66.76902848,0.210439402,1.504173823,0.512863388,0.050000408
66.77366715,0.204784562,1.501018719,0.510159297,0.043864845
66.77830582,0.206400231,1.499562518,0.532693391,0.044022167
66.78294449,0.213428388,1.503931123,0.56333976,0.050000408
66.78758316,0.208581383,1.503850222,0.500244295,0.047325932
66.79222183,0.20543083,1.50142322,0.521877026,0.043235556
66.7968605,0.209954701,1.502555821,0.558832941,0.046067355
66.80149917,0.213266821,1.506600825,0.532693391,0.050787019
66.80613784,0.206884931,1.503850222,0.509257933,0.044730116
66.81077651,0.206723364,1.501989521,0.528186573,0.043156895
66.81541518,0.213266821,1.505063724,0.571452034,0.048977814
66.82005385,0.210520185,1.506277225,0.504751114,0.048741831
66.82469252,0.20567318,1.502960322,0.520074299,0.043235556
66.82933119,0.209146867,1.503122122,0.547115212,0.044651455
66.83396986,0.213913089,1.506681725,0.547115212,0.050787019
66.83860853,0.207773549,1.504740123,0.500244295,0.045595388
66.8432472,0.206561798,1.502313121,0.520975662,0.042920912
66.84788587,0.212378204,1.504578323,0.565142488,0.047483254
66.85252454,0.212378204,1.506600825,0.511962024,0.04937112
66.85716321,0.206642581,1.502960322,0.511962024,0.044022167
66.86180188,0.207935116,1.502960322,0.535397483,0.043786184
66.86644055,0.214478573,1.506600825,0.561537032,0.050157731
66.87107922,0.209389217,1.506600825,0.500244295,0.046775304
66.87571789,0.206481014,1.504578323,0.523679754,0.042999573
66.88035656,0.210924102,1.506600825,0.561537032,0.046224677
66.88499523,0.213266821,1.509189628,0.5299893,0.050315053
66.8896339,0.207288848,1.506600825,0.510159297,0.044336811
66.89427257,0.207208065,1.505953625,0.5299893,0.043392878
66.89891124,0.214236222,1.508704228,0.571452034,0.049292459
66.90354991,0.211166452,1.508946928,0.504751114,0.048269865
66.90818858,0.207127281,1.506358125,0.521877026,0.043392878
66.91282725,0.210035485,1.506196325,0.553424758,0.045123422
66.91746592,0.215205623,1.509998629,0.550720667,0.050787019
66.92210459,0.208339033,1.508218827,0.508356569,0.045516727
66.92674326,0.207127281,1.505549124,0.528186573,0.043471539
66.93138193,0.213509172,1.507733427,0.571452034,0.048112543
66.9360206,0.212862904,1.509108728,0.513764752,0.049607103
66.94065927,0.207611982,1.505710924,0.517370207,0.043707522
66.94529794,0.209389217,1.505225524,0.542608393,0.043943506
66.94993661,0.216175024,1.509189628,0.566043851,0.050315053
66.95457528,0.211408803,1.509189628,0.508356569,0.04646066
66.95921395,0.209793134,1.508704228,0.531792028,0.042999573
66.96385262,0.215286407,1.512263831,0.573254762,0.046539321
66.96849129,0.218356177,1.518816738,0.539002938,0.050236392
66.97312996,0.212782121,1.519706639,0.524581117,0.044100828
66.97776863,0.213832305,1.522214542,0.548016576,0.043078234
66.9824073,0.221587514,1.52990005,0.588577946,0.048977814
66.98704597,0.21867931,1.535482156,0.524581117,0.047640576
66.99168464,0.21488249,1.540417061,0.547115212,0.042842251
66.99632331,0.219002444,1.549316071,0.577761581,0.044730116
67.00096198,0.223687882,1.559752182,0.569649307,0.050315053
67.00560065,0.217467559,1.562664585,0.531792028,0.044651455
67.01023932,0.216659725,1.563797186,0.549819303,0.042606267
67.01487799,0.222799265,1.567033189,0.591282037,0.047561915
67.01951666,0.221425947,1.56719499,0.5299893,0.048820492
67.02415533,0.215447974,1.562988185,0.532693391,0.042999573
67.028794,0.217063642,1.560237582,0.553424758,0.044022167
67.03343267,0.222799265,1.562017384,0.566945215,0.050157731
67.03807134,0.216902075,1.55805328,0.508356569,0.045988694
67.04271001,0.214478573,1.553765575,0.528186573,0.042920912
67.04734868,0.219244794,1.552309374,0.566043851,0.046381999
67.05198735,0.220052629,1.552632974,0.525482481,0.05007907
67.05662602,0.213670738,1.54826437,0.512863388,0.043707522
67.06126469,0.213913089,1.545837367,0.533594755,0.043078234
67.06590336,0.220537329,1.547131768,0.57055067,0.049292459
67.07054203,0.216094241,1.545675567,0.502047023,0.047719237
67.0751807,0.212216637,1.541306962,0.52277839,0.043392878
67.07981937,0.215447974,1.540821562,0.555227486,0.045280744
67.08445804,0.219083228,1.542844064,0.539904302,0.050629697
67.08909671,0.212782121,1.538718159,0.504751114,0.044494133
67.09373538,0.211408803,1.535886656,0.525482481,0.042920912
67.09837405,0.217629126,1.536776557,0.57055067,0.048505848
67.10301272,0.215771107,1.537019258,0.507455206,0.049213798
67.10765139,0.210197051,1.533216954,0.517370207,0.0435502
67.11229006,0.211974287,1.531598952,0.542608393,0.044494133
67.11692873,0.217386776,1.534106855,0.555227486,0.050787019
67.1215674,0.211085669,1.532650653,0.502047023,0.045988694
67.12620607,0.2085006,1.531356252,0.526383845,0.042920912
67.13084474,0.213993872,1.534430455,0.572353398,0.046932627
67.13548341,0.215205623,1.53952716,0.5299893,0.050236392
67.14012208,0.2089853,1.53879906,0.523679754,0.044022167
67.14476075,0.209793134,1.53879906,0.548016576,0.043471539
67.14939942,0.216255808,1.543248564,0.584972491,0.049843086
67.15403809,0.211489586,1.543329464,0.519172935,0.047404593
67.15867676,0.208096683,1.53928446,0.536298847,0.043235556
67.16331543,0.212135853,1.538394559,0.566945215,0.045595388
67.1679541,0.215609541,1.540902462,0.545312484,0.050629697
67.17259277,0.2089853,1.537100158,0.511962024,0.044808778
67.17723144,0.208096683,1.533136054,0.5299893,0.043156895
67.18187011,0.214640139,1.533540554,0.572353398,0.048584509
67.18650878,0.212135853,1.532488853,0.506553842,0.04866317
67.19114745,0.206723364,1.528120248,0.518271571,0.043471539
67.19578612,0.209550784,1.527068547,0.545312484,0.044572794
67.20042479,0.21512484,1.52949555,0.551622031,0.050708358
67.20506346,0.2089853,1.527068547,0.500244295,0.04575271
67.20970213,0.206804148,1.522861743,0.52277839,0.042999573
67.2143408,0.212378204,1.523266243,0.565142488,0.047561915
67.21897947,0.212378204,1.524641545,0.517370207,0.050157731
67.22361814,0.206723364,1.52027294,0.511962024,0.043864845
67.22825681,0.207450415,1.516875136,0.532693391,0.043864845
67.23289548,0.213913089,1.519383039,0.562438396,0.050157731
67.23753415,0.2089853,1.518331338,0.498441568,0.047089949
67.24217282,0.20591553,1.514367234,0.520975662,0.042606267
67.24681149,0.210277835,1.513234632,0.55612885,0.04575271
67.25145016,0.213428388,1.515499835,0.530890664,0.050393714
67.25608883,0.206804148,1.512182931,0.504751114,0.044651455
67.2607275,0.206077097,1.509836829,0.524581117,0.043156895
67.26536617,0.212862904,1.51121213,0.566945215,0.048977814
67.27000484,0.210520185,1.51072673,0.500244295,0.048741831
67.27464351,0.205350046,1.506681725,0.51556748,0.043235556
67.27928218,0.208015899,1.505144624,0.542608393,0.044730116
67.28392085,0.213428388,1.507490726,0.545312484,0.050944341
67.28855952,0.206804148,1.504821024,0.497540204,0.045595388
67.29319819,0.204784562,1.500856919,0.520074299,0.043235556
67.29783686,0.211085669,1.501989521,0.56333976,0.047719237
67.30247553,0.210924102,1.504012023,0.512863388,0.049843086
67.3071142,0.20543083,1.50118052,0.513764752,0.043628861
67.31175287,0.206723364,1.500371519,0.53720021,0.044022167
67.31639154,0.212862904,1.503931123,0.56333976,0.050157731
67.32103021,0.207935116,1.502636721,0.500244295,0.04716861
67.32566888,0.204542212,1.498591717,0.521877026,0.043471539
67.33030755,0.209146867,1.499238918,0.558832941,0.046617982
67.33494622,0.211651153,1.50142322,0.529087936,0.051023002
67.33958489,0.205188479,1.497863616,0.507455206,0.044651455
67.34422356,0.205107696,1.495355713,0.528186573,0.043864845
67.34886223,0.211974287,1.498187216,0.571452034,0.050472375
67.3535009,0.20874295,1.498429917,0.506553842,0.050472375
67.35813957,0.204138295,1.494951213,0.52277839,0.046696643
67.36277824,0.207288848,1.494708513,0.551622031,0.049056476
67.36741691,0.212135853,1.497701816,0.54891794,0.054798734
67.37205558,0.20543083,1.496164714,0.504751114,0.049292459
67.37669425,0.204057512,1.494708513,0.526383845,0.046853965
67.38133292,0.210197051,1.497054615,0.57055067,0.051258986
67.38597159,0.209308434,1.499481618,0.51556748,0.053146851
67.39061026,0.204138295,1.497620916,0.520074299,0.046932627
67.39524893,0.205188479,1.498510817,0.545312484,0.04716861
67.3998876,0.211408803,1.503769322,0.566945215,0.053382835
67.40452627,0.205753963,1.503041222,0.505652478,0.049528442
67.40916494,0.202764977,1.500695119,0.526383845,0.045516727
67.41380361,0.207854332,1.502151321,0.565142488,0.048899153
67.41844228,0.210116268,1.505063724,0.530890664,0.052910868
67.42308095,0.203815161,1.503122122,0.513764752,0.046381999
67.42771962,0.203895945,1.502798521,0.534496119,0.045438066
67.43235829,0.210843319,1.506843526,0.573254762,0.05157363
67.43699696,0.207611982,1.508380627,0.507455206,0.050157731
67.44163563,0.203492028,1.507733427,0.528186573,0.045280744
67.4462743,0.206723364,1.510322229,0.561537032,0.046853965
67.45091297,0.211651153,1.517926837,0.557030214,0.052360241
67.45555164,0.204784562,1.52003024,0.520074299,0.047011288
67.46019031,0.204219078,1.524641545,0.545312484,0.044887439
67.46482898,0.210439402,1.534996756,0.595788856,0.049764425
67.46946765,0.209389217,1.546241867,0.542608393,0.050787019
67.47410632,0.204461429,1.554817277,0.554326122,0.044808778
67.47874499,0.206400231,1.5765794,0.595788856,0.045438066
67.48338366,0.213428388,1.625362151,0.650772047,0.051652291
67.48802233,0.208177466,1.681506811,0.632744771,0.047089949
67.492661,0.20615788,1.725273757,0.664292504,0.043943506
67.49729967,0.211085669,1.747844881,0.67781296,0.047797898
67.50193834,0.212620554,1.75650119,0.613816132,0.05157363
67.50657701,0.206561798,1.751808985,0.578662944,0.045202083
67.51121568,0.206804148,1.745013378,0.582268399,0.044494133
67.51585435,0.213589955,1.741211074,0.607506585,0.050629697
67.52049302,0.209793134,1.734334567,0.533594755,0.048741831
67.52513169,0.206077097,1.726891759,0.551622031,0.043943506
67.52977036,0.210197051,1.724545657,0.584972491,0.046303338
67.53440903,0.214559356,1.727296259,0.575958853,0.051652291
67.5390477,0.208258249,1.723736656,0.539002938,0.046067355
67.54368637,0.207854332,1.719448951,0.557931577,0.044179489
67.54832504,0.213751522,1.719853452,0.60390113,0.049135137
67.55296371,0.212539771,1.719448951,0.542608393,0.050000408
67.55760238,0.207288848,1.716617448,0.554326122,0.044100828
67.56224105,0.209308434,1.720257952,0.58947931,0.045280744
67.56687972,0.21536719,1.733849166,0.621027042,0.05157363
67.57151839,0.209873918,1.747602181,0.576860217,0.047011288
67.57615706,0.207127281,1.759413594,0.601197039,0.044100828
67.58079573,0.212620554,1.772762108,0.634547499,0.047561915
67.5854344,0.213993872,1.780124016,0.579564308,0.050629697
67.59007307,0.208339033,1.778263314,0.557931577,0.04425815
67.59471174,0.2085006,1.773490208,0.568747943,0.043864845
67.59935041,0.21512484,1.769930605,0.594887492,0.050315053
67.60398908,0.211004886,1.761274296,0.52277839,0.047955221
67.60862775,0.207127281,1.749624683,0.538101574,0.043786184
67.61326642,0.211247236,1.741372874,0.569649307,0.046224677
67.61790509,0.214640139,1.736437969,0.551622031,0.051337647
67.62254376,0.208096683,1.727296259,0.52277839,0.045044761
67.62718243,0.207450415,1.718882651,0.546213848,0.044336811
67.6318211,0.213913089,1.714918546,0.592183401,0.050393714
67.63645977,0.211974287,1.70925554,0.528186573,0.051494969
67.64109844,0.207046498,1.698981229,0.53720021,0.046224677
67.64573711,0.209308434,1.690648521,0.557931577,0.047404593
67.65037578,0.214640139,1.685551815,0.56333976,0.053540157
67.65501445,0.208419816,1.675601105,0.507455206,0.04866317
67.65965312,0.206884931,1.665569494,0.528186573,0.045674049
67.66429179,0.212378204,1.659906488,0.568747943,0.049607103
67.66893046,0.212701337,1.654567082,0.520975662,0.052438902
67.67356913,0.206561798,1.644939972,0.513764752,0.046381999
67.6782078,0.207450415,1.637416264,0.535397483,0.04575271
67.68284647,0.214155439,1.634018461,0.564241124,0.052124257
67.68748514,0.20922765,1.627384654,0.499342932,0.049292459
67.69212381,0.205350046,1.618162044,0.519172935,0.044887439
67.69676248,0.209631567,1.612741738,0.553424758,0.047404593
67.70140115,0.212862904,1.610395635,0.5299893,0.052045596
67.70603982,0.20615788,1.602143827,0.502948387,0.046303338
67.71067849,0.205592397,1.596399921,0.523679754,0.045044761
67.71531716,0.21205507,1.594862819,0.569649307,0.050472375
67.71995583,0.209793134,1.591950416,0.504751114,0.050472375
67.7245945,0.205350046,1.585802009,0.520074299,0.044808778
67.72923317,0.208258249,1.582727806,0.547115212,0.04646066
67.73387184,0.213913089,1.582485106,0.549819303,0.051966935
67.73851051,0.207046498,1.5765794,0.501145659,0.047011288
67.74314918,0.205026913,1.570754593,0.52277839,0.044336811
67.74778785,0.210924102,1.568732091,0.565142488,0.048505848
67.75242652,0.211489586,1.56735679,0.513764752,0.050708358
67.75706519,0.205269263,1.562179184,0.510159297,0.044651455
67.76170386,0.206077097,1.55813418,0.532693391,0.045044761
67.76634253,0.212620554,1.55845778,0.559734305,0.051337647
67.7709812,0.207611982,1.554655476,0.49663884,0.048112543
67.77561987,0.204299862,1.54858797,0.519172935,0.044022167
67.78025854,0.208662166,1.546727268,0.557030214,0.047011288
67.78489721,0.21157037,1.546969968,0.529087936,0.051652291
67.78953588,0.204703779,1.541954163,0.506553842,0.045359405
67.79417455,0.204622996,1.537990059,0.527285209,0.044179489
67.79881322,0.211408803,1.53879906,0.571452034,0.049764425
67.80345189,0.20874295,1.537990059,0.504751114,0.049449781
67.80809056,0.204461429,1.534915855,0.526383845,0.044179489
67.81272923,0.207288848,1.535482156,0.56333976,0.045516727
67.8173679,0.21229742,1.53944626,0.564241124,0.051180325
67.82200657,0.206238664,1.537585558,0.517370207,0.045910033
67.82664524,0.204380645,1.535158556,0.536298847,0.043864845
67.83128391,0.210681752,1.537261958,0.579564308,0.048269865
67.83592258,0.210358618,1.538637259,0.52277839,0.050393714
67.84056125,0.204946129,1.534511355,0.52277839,0.044179489
67.84519992,0.20615788,1.533055153,0.543509757,0.044415472
67.84983859,0.212135853,1.536938358,0.566043851,0.050787019
67.85447726,0.207208065,1.536372057,0.504751114,0.047011288
67.85911593,0.204138295,1.533864154,0.527285209,0.042999573
67.8637546,0.209146867,1.536776557,0.567846579,0.046381999
67.86839327,0.211489586,1.542035063,0.536298847,0.050629697
67.87303194,0.205107696,1.542358663,0.519172935,0.044494133
67.87767061,0.204784562,1.547050868,0.544411121,0.0435502
67.88230928,0.211893503,1.560318482,0.592183401,0.049685764
67.88694795,0.209066084,1.576013099,0.533594755,0.048427187
67.89158662,0.205107696,1.591788616,0.56333976,0.043392878
67.89622529,0.208662166,1.610476536,0.602098403,0.045280744
67.90086396,0.214074656,1.629002655,0.594887492,0.051101663
67.90550263,0.207531199,1.634665661,0.547115212,0.045674049
67.9101413,0.206481014,1.634989262,0.560635669,0.043314217
67.91477997,0.212539771,1.637901665,0.600295675,0.048112543
67.91941864,0.211974287,1.638548865,0.538101574,0.049764425
67.92405731,0.207208065,1.63345216,0.538101574,0.043786184
67.92869598,0.2089853,1.629407156,0.557931577,0.044415472
67.93333465,0.214720923,1.628921755,0.573254762,0.051023002
67.93797332,0.209146867,1.62366325,0.510159297,0.046932627
67.94261199,0.205834747,1.616544042,0.528186573,0.043314217
67.94725066,0.211085669,1.612256337,0.564241124,0.046381999
67.95188933,0.212862904,1.609667535,0.526383845,0.050236392
67.956528,0.206238664,1.602224727,0.510159297,0.044179489
67.96116667,0.206319447,1.59607632,0.5299893,0.043707522
67.96580534,0.213024471,1.594539219,0.567846579,0.049607103
67.97044401,0.209146867,1.590008814,0.499342932,0.047955221
67.97508268,0.205350046,1.582889606,0.518271571,0.043471539
67.97972135,0.20874295,1.578844602,0.549819303,0.045516727
67.98436002,0.213347605,1.578197401,0.539002938,0.050787019
67.98899869,0.206561798,1.572210795,0.500244295,0.0449661
67.99363736,0.205188479,1.566547789,0.520975662,0.043628861
67.99827603,0.211408803,1.566062388,0.566043851,0.048348526
68.0029147,0.209954701,1.564444387,0.505652478,0.049449781
68.00755337,0.204703779,1.558619581,0.514666116,0.043864845
68.01219204,0.206884931,1.555464477,0.540805665,0.044808778
68.01683071,0.212782121,1.556597078,0.557030214,0.05086568
68.02146938,0.207208065,1.553846476,0.502948387,0.046617982
68.02610805,0.204946129,1.550044171,0.525482481,0.043707522
68.03074672,0.209873918,1.549235171,0.566945215,0.047719237
68.03538539,0.211489586,1.549477871,0.525482481,0.051180325
68.04002406,0.20543083,1.545351967,0.51556748,0.045044761
68.04466273,0.205753963,1.542520464,0.535397483,0.045044761
68.0493014,0.212378204,1.543572165,0.572353398,0.051023002
68.05394007,0.208258249,1.543410364,0.511060661,0.048820492
68.05857874,0.204380645,1.53960806,0.531792028,0.044572794
68.06321741,0.208419816,1.538475459,0.561537032,0.047089949
68.06785608,0.212378204,1.539931661,0.543509757,0.052202919
68.07249475,0.20567318,1.535563056,0.508356569,0.046617982
68.07713342,0.205188479,1.531679852,0.528186573,0.045202083
68.08177209,0.211166452,1.532488853,0.575057489,0.051337647
68.08641076,0.209712351,1.532650653,0.512863388,0.052989529
68.09104943,0.204784562,1.528120248,0.523679754,0.048269865
68.0956881,0.207046498,1.526583147,0.54891794,0.049449781
68.10032677,0.213266821,1.52973825,0.557030214,0.055742667
68.10496544,0.207288848,1.528362948,0.502948387,0.050787019
68.10960411,0.205511613,1.525855046,0.526383845,0.048191204
68.11424278,0.210924102,1.527149447,0.567846579,0.051652291
68.11888145,0.21181272,1.52957645,0.52277839,0.054562751
68.12352012,0.20567318,1.527311247,0.51556748,0.048505848
68.12815879,0.206723364,1.526259546,0.536298847,0.047797898
68.13279746,0.213186038,1.52949555,0.566945215,0.054012123
68.13743613,0.208339033,1.528767449,0.501145659,0.051337647
68.1420748,0.204946129,1.524075244,0.520975662,0.047011288
68.14671347,0.208823733,1.522457242,0.554326122,0.049607103
68.15135214,0.212782121,1.523670744,0.531792028,0.054090784
68.15599081,0.20591553,1.518654938,0.502948387,0.048033882
68.16062948,0.205511613,1.514771734,0.521877026,0.046853965
68.16526815,0.21205507,1.516308836,0.566043851,0.051888274
68.16990682,0.209631567,1.516227936,0.501145659,0.051494969
68.17454549,0.204865346,1.512263831,0.51556748,0.046067355
68.17918416,0.207450415,1.51056493,0.545312484,0.047404593
68.18382283,0.212620554,1.513477333,0.552523395,0.053304174
68.1884615,0.206884931,1.512425632,0.50384975,0.048112543
68.19310017,0.204703779,1.509836829,0.524581117,0.045359405
68.19773884,0.210197051,1.51048403,0.566043851,0.050000408
68.20237751,0.210600969,1.511859331,0.51556748,0.051966935
68.20701618,0.204219078,1.507490726,0.511060661,0.045674049
68.21165485,0.205511613,1.505549124,0.531792028,0.045910033
68.21629352,0.212135853,1.507652527,0.559734305,0.052202919
68.22093219,0.207208065,1.505791825,0.494836113,0.048977814
68.22557086,0.204057512,1.50182772,0.516468843,0.0449661
68.23020953,0.208177466,1.500533319,0.551622031,0.047955221
68.2348482,0.211166452,1.502798521,0.525482481,0.05228158
68.23948687,0.204461429,1.499077117,0.501145659,0.045831371
68.24412554,0.204380645,1.496569215,0.521877026,0.044651455
68.24876421,0.211166452,1.498510817,0.565142488,0.050157731
68.25340288,0.208258249,1.499077117,0.499342932,0.049607103
68.25804155,0.203734378,1.496407415,0.516468843,0.04425815
68.26268022,0.206642581,1.497378216,0.546213848,0.045910033
68.26731889,0.211731936,1.50150412,0.547115212,0.051652291
68.27195756,0.205511613,1.500856919,0.501145659,0.046224677
68.27659623,0.203815161,1.499562518,0.523679754,0.043786184
68.2812349,0.210035485,1.503283922,0.568747943,0.048427187
68.28587357,0.209793134,1.505630024,0.514666116,0.050551036
68.29051224,0.203976728,1.502394021,0.514666116,0.044415472
68.29515091,0.205511613,1.50174682,0.53720021,0.044808778
68.29978958,0.211651153,1.504578323,0.560635669,0.051180325
68.30442825,0.206400231,1.503769322,0.498441568,0.047483254
68.30906692,0.203492028,1.500452419,0.520975662,0.043707522
68.31370559,0.208258249,1.500695119,0.557931577,0.046932627
68.31834426,0.211004886,1.503203022,0.526383845,0.051023002
68.32298293,0.204219078,1.499724318,0.505652478,0.044808778
68.3276216,0.204138295,1.497459116,0.526383845,0.043707522
68.33226027,0.211004886,1.500209719,0.566945215,0.049528442
68.33689894,0.207935116,1.500695119,0.499342932,0.048505848
68.34153761,0.203330461,1.497944516,0.518271571,0.043314217
68.34617628,0.206884931,1.498510817,0.54891794,0.045359405
68.35081495,0.211731936,1.502636721,0.547115212,0.051258986
68.35545362,0.20543083,1.50134232,0.505652478,0.045359405
68.36009229,0.204380645,1.499319818,0.526383845,0.043314217
68.36473096,0.210358618,1.50134232,0.568747943,0.047876559
68.36936963,0.209712351,1.503041222,0.510159297,0.04937112
68.3740083,0.203895945,1.499319818,0.513764752,0.043314217
68.37864697,0.205511613,1.497863616,0.536298847,0.044022167
68.38328564,0.21181272,1.50158502,0.55612885,0.050472375
68.38792431,0.206481014,1.500614219,0.49663884,0.046539321
68.39256298,0.203976728,1.499238918,0.520074299,0.043078234
68.39720165,0.208419816,1.500452419,0.558832941,0.046224677
68.40184032,0.210439402,1.503203022,0.523679754,0.050157731
68.40647899,0.203734378,1.499238918,0.505652478,0.043864845
68.41111766,0.204057512,1.496569215,0.524581117,0.043235556
68.41575633,0.210439402,1.499319818,0.56333976,0.049528442
68.420395,0.206884931,1.499158018,0.494836113,0.047719237
68.42503367,0.203249677,1.495922014,0.514666116,0.042842251
68.42967234,0.206400231,1.495841114,0.546213848,0.044887439
68.43431101,0.210762535,1.498753517,0.535397483,0.050629697
68.43894968,0.203976728,1.496407415,0.497540204,0.044808778
68.44358835,0.203088111,1.495841114,0.52277839,0.042920912
68.44822702,0.20922765,1.50182772,0.571452034,0.047797898
68.45286569,0.207773549,1.506358125,0.513764752,0.048977814
68.45750436,0.202522627,1.504497423,0.520975662,0.042684928
68.46214303,0.204542212,1.504982824,0.542608393,0.043786184
68.4667817,0.210520185,1.508704228,0.55612885,0.050315053
68.47142037,0.204865346,1.505953625,0.497540204,0.046067355
68.47605904,0.202764977,1.502879421,0.518271571,0.04276359
68.48069771,0.207854332,1.503769322,0.558832941,0.046224677
68.48533638,0.2089853,1.505387324,0.518271571,0.05007907
68.48997505,0.203088111,1.50182772,0.505652478,0.0435502
68.49461372,0.203249677,1.499724318,0.526383845,0.042920912
68.49925239,0.210277835,1.501018719,0.561537032,0.049292459
68.50389106,0.205753963,1.500371519,0.493934749,0.047247271
68.50852973,0.202280276,1.496892815,0.513764752,0.04276359
68.5131684,0.20567318,1.496488315,0.547115212,0.044808778
68.51780707,0.209793134,1.499643418,0.530890664,0.050629697
68.52244574,0.203088111,1.496731015,0.49663884,0.044572794
68.52708441,0.20236106,1.494061312,0.518271571,0.043156895
68.53172308,0.208662166,1.495841114,0.56333976,0.048269865
68.53636175,0.207208065,1.497135515,0.500244295,0.048584509
68.54100042,0.201634009,1.493737712,0.511060661,0.043156895
68.54563909,0.204299862,1.493656812,0.53720021,0.044022167
68.55027776,0.210358618,1.496811915,0.548016576,0.050000408
68.55491643,0.204542212,1.495679314,0.493934749,0.045674049
68.5595551,0.202199493,1.493171411,0.516468843,0.04276359
68.56419377,0.207854332,1.495193913,0.557931577,0.046617982
68.56883244,0.208823733,1.497540016,0.512863388,0.049607103
68.57347111,0.20260341,1.494951213,0.504751114,0.043392878
68.57810978,0.203330461,1.494546713,0.527285209,0.043235556
68.58274845,0.210681752,1.499724318,0.559734305,0.049528442
68.58738712,0.206238664,1.500695119,0.494836113,0.047089949
68.59202579,0.202764977,1.499886118,0.516468843,0.042920912
68.59666446,0.207208065,1.50182772,0.551622031,0.045123422
68.60130313,0.210924102,1.505872725,0.531792028,0.050551036
68.6059418,0.204380645,1.504497423,0.501145659,0.044494133
68.61058047,0.203815161,1.503931123,0.52277839,0.042920912
68.61521914,0.210600969,1.507248026,0.566043851,0.048741831
68.61985781,0.2085006,1.508299727,0.501145659,0.048741831
68.62449648,0.203572811,1.505063724,0.513764752,0.043235556
68.62913515,0.206400231,1.504659223,0.539904302,0.044336811
68.63377382,0.212216637,1.507409826,0.544411121,0.050393714
68.63841249,0.206077097,1.504821024,0.493033385,0.045831371
68.64305116,0.203734378,1.50118052,0.514666116,0.04276359
68.64768983,0.209631567,1.50166592,0.557030214,0.047011288
68.6523285,0.209873918,1.503364822,0.508356569,0.049843086
68.65696717,0.203653594,1.499805218,0.50384975,0.043471539
68.66160584,0.205350046,1.497701816,0.526383845,0.043628861
68.66624451,0.211408803,1.499886118,0.55612885,0.050157731
68.67088318,0.206400231,1.498834417,0.493033385,0.046932627
68.67552185,0.203249677,1.496326515,0.514666116,0.042999573
68.68016052,0.207369632,1.496326515,0.551622031,0.045595388
68.68479919,0.210520185,1.499158018,0.527285209,0.050236392
68.68943786,0.203815161,1.496892815,0.502948387,0.044100828
68.69407653,0.203653594,1.495922014,0.524581117,0.042999573
68.6987152,0.210439402,1.499805218,0.57055067,0.048820492
68.70335387,0.207450415,1.50126142,0.50384975,0.048269865
68.70799254,0.203572811,1.498915317,0.518271571,0.042999573
68.71263121,0.20615788,1.498106316,0.544411121,0.044494133
68.71726988,0.211893503,1.500937819,0.544411121,0.050157731
68.72190855,0.205026913,1.498106316,0.49663884,0.045359405
68.72654722,0.203249677,1.494789413,0.517370207,0.04276359
68.73118589,0.2089853,1.495517514,0.560635669,0.04716861
68.73582456,0.208823733,1.496245614,0.507455206,0.04937112
68.74046323,0.202684193,1.492847811,0.507455206,0.043156895
68.7451019,0.204380645,1.491310709,0.5299893,0.043471539
68.74974057,0.210924102,1.494465813,0.555227486,0.049685764
68.75437924,0.20543083,1.493414111,0.493033385,0.046696643
68.75901791,0.20284576,1.490825309,0.51556748,0.04276359
68.76365658,0.207288848,1.491391609,0.553424758,0.045831371
68.76829525,0.210035485,1.493333211,0.523679754,0.049843086
68.77293392,0.203492028,1.490178108,0.502047023,0.043786184
68.77757259,0.203492028,1.489126407,0.52277839,0.042842251
68.78221126,0.210277835,1.492605111,0.566945215,0.049135137
68.78684993,0.206965715,1.494708513,0.501145659,0.047955221
68.7914886,0.203007327,1.494870313,0.523679754,0.042920912
68.79612727,0.206400231,1.498996217,0.559734305,0.044336811
68.80076594,0.21157037,1.514286334,0.584071127,0.050236392
68.80540461,0.205753963,1.534268655,0.586775218,0.044887439
68.81004328,0.204946129,1.551985774,0.625533861,0.042606267
68.81468195,0.211408803,1.564120786,0.655278866,0.047640576
68.81932062,0.210924102,1.568408491,0.576860217,0.049292459
68.82395929,0.20543083,1.565172488,0.560635669,0.0435502
68.82859796,0.206884931,1.561855584,0.57055067,0.043864845
68.83323663,0.212862904,1.562583685,0.581367036,0.049921747
68.8378753,0.207208065,1.560156682,0.51556748,0.046381999
68.84251397,0.204219078,1.556111678,0.532693391,0.042920912
68.84715264,0.209389217,1.555707177,0.566945215,0.046146016
68.85179131,0.211731936,1.556516178,0.5299893,0.050157731
68.85642998,0.205026913,1.551823973,0.512863388,0.043943506
68.86106865,0.20567318,1.54874977,0.533594755,0.043156895
68.86570732,0.212135853,1.550610472,0.573254762,0.049056476
68.87034599,0.208662166,1.551014973,0.508356569,0.047640576
68.87498466,0.204542212,1.54818347,0.528186573,0.042684928
68.87962333,0.208096683,1.547455369,0.557931577,0.044572794
68.884262,0.212135853,1.54826437,0.545312484,0.050472375
68.88890067,0.205592397,1.543248564,0.502948387,0.045280744
68.89353934,0.204461429,1.538637259,0.52277839,0.043156895
68.89817801,0.210681752,1.538718159,0.566043851,0.048191204
68.90281668,0.209550784,1.53879906,0.506553842,0.049449781
68.90745535,0.204057512,1.535886656,0.514666116,0.043314217
68.91209402,0.20567318,1.535563056,0.539904302,0.04425815
68.91673269,0.211974287,1.53936536,0.55612885,0.050551036
68.92137136,0.206400231,1.538151859,0.498441568,0.046303338
68.92601003,0.203815161,1.534511355,0.520074299,0.042920912
68.9306487,0.208662166,1.534673155,0.559734305,0.04646066
68.93528737,0.210520185,1.534996756,0.519172935,0.049921747
68.93992604,0.203895945,1.53006185,0.506553842,0.043786184
68.94456471,0.204622996,1.527311247,0.526383845,0.043314217
68.94920338,0.211247236,1.528605649,0.561537032,0.049213798
68.95384205,0.207046498,1.526825847,0.494836113,0.047247271
68.95848072,0.203007327,1.522861743,0.514666116,0.04276359
68.96311939,0.206723364,1.520920141,0.546213848,0.0449661
68.96775806,0.211085669,1.522295442,0.531792028,0.050157731
68.97239673,0.204461429,1.518088638,0.495737476,0.044494133
68.9770354,0.203411244,1.514367234,0.517370207,0.042606267
68.98167407,0.209712351,1.514609934,0.561537032,0.047797898
68.98631274,0.208096683,1.513558233,0.498441568,0.048741831
68.99095141,0.202764977,1.508218827,0.507455206,0.042999573
68.99559008,0.204784562,1.505710924,0.532693391,0.043864845
69.00022875,0.210277835,1.507895227,0.544411121,0.050000408
69.00486742,0.204461429,1.504254723,0.48942793,0.045831371
69.00950609,0.201714792,1.499724318,0.511060661,0.042527606
69.01414476,0.207127281,1.499967018,0.552523395,0.046696643
69.01878343,0.208258249,1.50118052,0.510159297,0.049843086
69.0234221,0.202199493,1.497054615,0.500244295,0.043864845
69.02806077,0.20284576,1.494627613,0.521877026,0.043314217
69.03269944,0.210035485,1.496488315,0.55612885,0.04937112
69.03733811,0.205188479,1.494870313,0.490329294,0.047247271
69.04197678,0.202037926,1.491310709,0.511060661,0.04276359
69.04661545,0.205996314,1.490906209,0.545312484,0.045516727
69.05125412,0.209712351,1.492847811,0.525482481,0.050472375
69.05589279,0.202926544,1.489207307,0.495737476,0.044572794
69.06053146,0.20236106,1.485081403,0.516468843,0.042999573
69.06517013,0.208904517,1.486699404,0.560635669,0.048191204
69.0698088,0.206561798,1.486942105,0.495737476,0.048348526
69.07444747,0.201634009,1.483706101,0.509257933,0.042606267
69.07908614,0.204138295,1.483139801,0.535397483,0.043786184
69.08372481,0.209712351,1.485324103,0.543509757,0.050157731
69.08836348,0.203734378,1.484434202,0.492132021,0.045280744
69.09300215,0.202037926,1.482168999,0.51556748,0.042606267
69.09764082,0.207692765,1.485081403,0.558832941,0.046853965
69.10227949,0.208258249,1.488641006,0.512863388,0.049449781
69.10691816,0.202684193,1.489126407,0.512863388,0.043156895
69.11155683,0.203815161,1.49179611,0.539904302,0.043314217
69.1161955,0.210762535,1.496892815,0.568747943,0.049607103
69.12083417,0.205753963,1.497054615,0.501145659,0.046617982
69.12547284,0.202280276,1.493980412,0.520074299,0.042684928
69.13011151,0.206561798,1.494627613,0.553424758,0.045438066
69.13475018,0.209631567,1.497135515,0.528186573,0.050000408
69.13938885,0.203330461,1.494465813,0.502047023,0.043628861
69.14402752,0.202764977,1.492605111,0.520975662,0.042999573
69.14866619,0.209954701,1.494951213,0.565142488,0.048505848
69.15330486,0.206804148,1.496164714,0.499342932,0.048112543
69.15794353,0.202199493,1.493414111,0.513764752,0.042606267
69.1625822,0.204946129,1.494465813,0.541707029,0.04425815
69.16722087,0.210358618,1.498915317,0.545312484,0.050393714
69.17185954,0.203734378,1.498268117,0.498441568,0.045359405
69.17649821,0.202441843,1.495841114,0.520975662,0.04276359
69.18113688,0.208419816,1.497863616,0.56333976,0.04716861
69.18577555,0.208419816,1.499319818,0.511060661,0.049607103
69.19041422,0.202522627,1.495274813,0.510159297,0.042999573
69.19505289,0.203895945,1.49252421,0.530890664,0.043471539
69.19969156,0.210520185,1.494951213,0.55612885,0.049764425
69.20433023,0.20567318,1.494223112,0.493934749,0.04646066
69.2089689,0.20260341,1.49195791,0.516468843,0.042684928
69.21360757,0.207127281,1.493090511,0.554326122,0.045674049
69.21824624,0.210358618,1.496083814,0.526383845,0.050157731
69.22288491,0.203895945,1.494789413,0.508356569,0.044022167
69.22752358,0.204138295,1.494789413,0.531792028,0.043078234
69.23216225,0.210762535,1.498591717,0.573254762,0.048584509
69.23680092,0.207611982,1.500290619,0.504751114,0.048112543
69.24143959,0.203168894,1.497216415,0.520074299,0.042920912
69.24607826,0.206561798,1.497378216,0.548016576,0.044572794
69.25071693,0.211489586,1.502070421,0.545312484,0.050472375
69.2553556,0.204622996,1.503203022,0.502948387,0.044887439
69.25999427,0.203168894,1.505225524,0.526383845,0.042606267
69.26463294,0.209470001,1.513962733,0.573254762,0.047325932
69.26927161,0.209146867,1.522538142,0.520975662,0.049056476
69.27391028,0.202926544,1.525693246,0.526383845,0.042920912
69.27854895,0.204865346,1.53014275,0.549819303,0.043864845
69.28318762,0.211328019,1.537261958,0.571452034,0.049843086
69.28782629,0.206077097,1.53944626,0.508356569,0.045831371
69.29246496,0.203249677,1.537990059,0.528186573,0.042527606
69.29710363,0.207935116,1.53952716,0.566043851,0.045674049
69.3017423,0.209954701,1.541873263,0.5299893,0.050000408
69.30638097,0.203411244,1.538556359,0.511962024,0.043392878
69.31101964,0.203653594,1.536938358,0.5299893,0.042684928
69.31565831,0.210681752,1.53879906,0.568747943,0.048584509
69.32029698,0.207127281,1.538718159,0.500244295,0.047404593
69.32493565,0.203007327,1.535320356,0.518271571,0.042291623
69.32957432,0.206238664,1.535158556,0.549819303,0.044494133
69.33421299,0.210600969,1.537747358,0.541707029,0.049921747
69.33885166,0.203815161,1.534349555,0.502047023,0.04425815
69.34349033,0.202522627,1.531841652,0.523679754,0.042370284
69.348129,0.209066084,1.534187755,0.567846579,0.047247271
69.35276767,0.207935116,1.535158556,0.510159297,0.04866317
69.35740634,0.202522627,1.532488853,0.516468843,0.042527606
69.36204501,0.204380645,1.532569753,0.541707029,0.043392878
69.36668368,0.210277835,1.538070959,0.559734305,0.04937112
69.37132235,0.204542212,1.53960806,0.502948387,0.04575271
69.37596102,0.201876359,1.53936536,0.527285209,0.042370284
69.38059969,0.206965715,1.544138465,0.57055067,0.04575271
69.38523836,0.20874295,1.551338573,0.536298847,0.049213798
69.38987703,0.202764977,1.554089176,0.524581117,0.043235556
69.3945157,0.203492028,1.559347681,0.549819303,0.042606267
69.39915437,0.210358618,1.569864693,0.592183401,0.049135137
69.40379304,0.206238664,1.5771457,0.526383845,0.046932627
69.40843171,0.202522627,1.582808706,0.548016576,0.042370284
69.41307038,0.205996314,1.592597617,0.584071127,0.044730116
69.41770905,0.210358618,1.605946131,0.572353398,0.050000408
69.42234772,0.203653594,1.615896841,0.538101574,0.04425815
69.42698639,0.203168894,1.628840855,0.56333976,0.042448945
69.43162506,0.210116268,1.644050071,0.608407949,0.047876559
69.43626373,0.208339033,1.657722186,0.547115212,0.048741831
69.4409024,0.203330461,1.667106596,0.557931577,0.042999573
69.44554107,0.205834747,1.68061691,0.58947931,0.043786184
69.45017974,0.21229742,1.698981229,0.609309313,0.049764425
69.45481841,0.206481014,1.711763443,0.55612885,0.045280744
69.45945708,0.204057512,1.717426449,0.57055067,0.04205564
69.46409575,0.209550784,1.721956854,0.602999766,0.046381999
69.46873442,0.211166452,1.725597358,0.552523395,0.049764425
69.47337309,0.205188479,1.721471453,0.539904302,0.043156895
69.47801176,0.20591553,1.71880175,0.557931577,0.042920912
69.48265043,0.212701337,1.721309653,0.58947931,0.049056476
69.4872891,0.207935116,1.719529851,0.520074299,0.046932627
69.49192777,0.204461429,1.714190446,0.538101574,0.042606267
69.49656644,0.2085006,1.711763443,0.57055067,0.0449661
69.50120511,0.212458987,1.712572444,0.551622031,0.049764425
69.50584378,0.205592397,1.707961139,0.520074299,0.04425815
69.51048245,0.205026913,1.703673434,0.539904302,0.042448945
69.51512112,0.21205507,1.703511634,0.584071127,0.047797898
69.51975979,0.210358618,1.702298133,0.520074299,0.047876559
69.52439846,0.205350046,1.695664326,0.531792028,0.042370284
69.52903713,0.207773549,1.691700222,0.555227486,0.043786184
69.5336758,0.212943688,1.68967772,0.559734305,0.049843086
69.53831447,0.206642581,1.682639412,0.504751114,0.045044761
69.54295314,0.204542212,1.674225803,0.525482481,0.042291623
69.54759181,0.210358618,1.669695398,0.566043851,0.046381999
69.55223048,0.210843319,1.667025696,0.519172935,0.049056476
69.55686915,0.204703779,1.661281789,0.514666116,0.042842251
69.56150782,0.205350046,1.658612087,0.539904302,0.042527606
69.56614649,0.212135853,1.660149188,0.574156125,0.049135137
69.57078516,0.206723364,1.656913185,0.507455206,0.046696643
69.57542383,0.203815161,1.649874877,0.525482481,0.04205564
69.5800625,0.207935116,1.644535472,0.557030214,0.044887439
69.58470117,0.211247236,1.640894968,0.531792028,0.049685764
69.58933984,0.204946129,1.632481359,0.50384975,0.043628861
69.59397851,0.204622996,1.62431045,0.523679754,0.042291623
69.59861718,0.210924102,1.621802548,0.566945215,0.047955221
69.60325585,0.2085006,1.617353043,0.500244295,0.047797898
69.60789452,0.203734378,1.609020334,0.51556748,0.042134301
69.61253319,0.20615788,1.604085429,0.543509757,0.043392878
69.61717186,0.21181272,1.603276428,0.546213848,0.049843086
69.62181053,0.20615788,1.597208922,0.498441568,0.044651455
69.6264492,0.204299862,1.590413314,0.518271571,0.041976979
69.63108787,0.209550784,1.587096411,0.561537032,0.046381999
69.63572654,0.209712351,1.584831208,0.510159297,0.048741831
69.64036521,0.203815161,1.579006402,0.508356569,0.042842251
69.64500388,0.204946129,1.574637798,0.5299893,0.042920912
69.64964255,0.211166452,1.574395097,0.55612885,0.049292459
69.65428122,0.206238664,1.570350093,0.492132021,0.045910033
69.65891989,0.203411244,1.564606187,0.514666116,0.042134301
69.66355856,0.207450415,1.561693784,0.551622031,0.0449661
69.66819723,0.210439402,1.562017384,0.523679754,0.049449781
69.6728359,0.204138295,1.556435278,0.501145659,0.043392878
69.67747457,0.203895945,1.551500373,0.521877026,0.042448945
69.68211324,0.210439402,1.552147574,0.56333976,0.048427187
69.68675191,0.207773549,1.550448672,0.49663884,0.047561915
69.69139058,0.203088111,1.544704766,0.513764752,0.042212962
69.69602925,0.206077097,1.541873263,0.542608393,0.043943506
69.70066792,0.211085669,1.543248564,0.541707029,0.049843086
69.70530659,0.204622996,1.53944626,0.49663884,0.044651455
69.70994526,0.203168894,1.534915855,0.518271571,0.042134301
69.71458393,0.20922765,1.535320356,0.56333976,0.046853965
69.7192226,0.208339033,1.535724856,0.508356569,0.048899153
69.72386127,0.20284576,1.531194451,0.511060661,0.04276359
69.72849994,0.204380645,1.528524749,0.533594755,0.042999573
69.73313861,0.210924102,1.530304551,0.557030214,0.049292459
69.73777728,0.205350046,1.529010149,0.497540204,0.045831371
69.74241595,0.20284576,1.525288745,0.520074299,0.042291623
69.74705462,0.207450415,1.524722445,0.557030214,0.045202083
69.75169329,0.209631567,1.525693246,0.524581117,0.049685764
69.75633196,0.203007327,1.52059654,0.505652478,0.043392878
69.76097063,0.202684193,1.516389736,0.524581117,0.04205564
69.7656093,0.209470001,1.518574038,0.565142488,0.048191204
69.77024797,0.206723364,1.517845937,0.49663884,0.04716861
69.77488664,0.20260341,1.513396433,0.513764752,0.042134301
69.77952531,0.205511613,1.511778431,0.544411121,0.044100828
69.78416398,0.210277835,1.513720033,0.53720021,0.049449781
69.78880265,0.203734378,1.509998629,0.495737476,0.044100828
69.79344132,0.202684193,1.506358125,0.518271571,0.042370284
69.79807999,0.208904517,1.507248026,0.562438396,0.047089949
69.80271866,0.207935116,1.508057027,0.50384975,0.048584509
69.80735733,0.202522627,1.504740123,0.509257933,0.042842251
69.811996,0.204138295,1.503607522,0.534496119,0.043156895
69.81663467,0.210600969,1.506762626,0.552523395,0.049843086
69.82127334,0.204461429,1.505144624,0.493934749,0.045910033
69.82591201,0.202037926,1.502474921,0.516468843,0.042291623
69.83055068,0.206884931,1.503041222,0.557030214,0.045831371
69.83518935,0.208904517,1.505144624,0.519172935,0.049528442
69.83982802,0.202926544,1.502798521,0.505652478,0.042999573
69.84446669,0.203411244,1.499967018,0.526383845,0.04276359
69.84910536,0.209954701,1.502717621,0.564241124,0.049056476
69.85374403,0.206400231,1.503607522,0.499342932,0.047640576
69.8583827,0.20284576,1.502798521,0.520975662,0.04276359
69.86302137,0.206884931,1.504982824,0.557030214,0.044494133
69.86766004,0.21157037,1.51105033,0.546213848,0.05007907
69.87229871,0.205107696,1.51113123,0.507455206,0.044415472
69.87693738,0.204057512,1.509998629,0.527285209,0.042448945
69.88157605,0.210681752,1.512425632,0.57055067,0.047561915
69.88621472,0.209308434,1.513153732,0.509257933,0.048584509
69.89085339,0.204138295,1.509270528,0.516468843,0.042684928
69.89549206,0.20615788,1.508623328,0.539904302,0.043707522
69.90013073,0.212458987,1.512344731,0.555227486,0.049764425
69.9047694,0.206561798,1.51121213,0.499342932,0.045359405
69.90940807,0.204784562,1.508946928,0.523679754,0.042370284
69.91404674,0.210197051,1.510403129,0.564241124,0.046146016
69.91868541,0.211247236,1.512506532,0.52277839,0.049292459
69.92332408,0.204703779,1.509432328,0.511962024,0.043392878
69.92796275,0.205269263,1.507490726,0.531792028,0.042920912
69.93260142,0.211974287,1.510079529,0.566043851,0.049135137
69.93724009,0.207854332,1.509513228,0.499342932,0.046932627
69.94187876,0.204219078,1.506924426,0.520074299,0.042291623
69.94651743,0.208339033,1.507328926,0.553424758,0.044651455
69.9511561,0.212378204,1.510241329,0.53720021,0.05007907
69.95579477,0.206319447,1.508299727,0.506553842,0.044179489
69.96043344,0.205511613,1.506034525,0.527285209,0.042291623
69.96507211,0.212135853,1.509108728,0.572353398,0.047719237
69.96971078,0.210035485,1.51056493,0.509257933,0.048269865
69.97434945,0.204946129,1.507895227,0.520975662,0.04276359
69.97898812,0.207773549,1.507895227,0.546213848,0.043707522
69.98362679,0.213428388,1.512182931,0.555227486,0.050157731
69.98826546,0.207046498,1.511778431,0.502948387,0.045359405
69.99290413,0.204703779,1.509513228,0.526383845,0.042606267
69.9975428,0.210600969,1.51129303,0.567846579,0.046696643
70.00218147,0.211651153,1.513881833,0.520975662,0.049292459
70.00682014,0.205511613,1.511697531,0.513764752,0.043392878
70.01145881,0.205996314,1.51096943,0.535397483,0.0435502
70.01609748,0.212701337,1.515823435,0.566945215,0.049449781
70.02073615,0.208096683,1.516551536,0.502948387,0.046696643
70.02537482,0.204946129,1.515742535,0.523679754,0.042527606
70.03001349,0.208823733,1.518574038,0.559734305,0.045123422
70.03465216,0.212458987,1.523104443,0.538101574,0.05007907
70.03929083,0.205996314,1.521810042,0.511962024,0.04425815
70.0439295,0.20591553,1.522699942,0.533594755,0.04276359
70.04856817,0.212620554,1.52957645,0.579564308,0.048427187
70.05320684,0.210681752,1.534996756,0.516468843,0.048269865
70.05784551,0.206561798,1.536048457,0.533594755,0.042842251
70.06248418,0.209631567,1.540093461,0.561537032,0.044022167
70.06712285,0.214640139,1.546565468,0.564241124,0.050315053
70.07176152,0.208339033,1.545837367,0.511962024,0.045359405
70.07640019,0.206965715,1.543329464,0.531792028,0.04276359
70.08103886,0.21229742,1.545109266,0.572353398,0.046932627
70.08567753,0.21229742,1.547293569,0.52277839,0.049135137
70.0903162,0.206238664,1.545109266,0.519172935,0.043156895
70.09495487,0.206965715,1.545837367,0.541707029,0.043628861
70.09959354,0.213509172,1.550205972,0.567846579,0.050000408
70.10423221,0.2085006,1.549639671,0.50384975,0.046853965
70.10887088,0.205107696,1.547131768,0.525482481,0.042684928
70.11350955,0.209550784,1.547374469,0.559734305,0.04575271
70.11814822,0.212216637,1.550934072,0.533594755,0.050315053
70.12278689,0.205834747,1.549316071,0.511060661,0.044022167
70.12742556,0.205592397,1.548102569,0.5299893,0.042999573
70.13206423,0.21205507,1.549882371,0.573254762,0.048820492
70.1367029,0.209146867,1.550205972,0.505652478,0.048112543
70.14134157,0.204542212,1.547293569,0.521877026,0.042999573
70.14598024,0.207531199,1.546565468,0.550720667,0.044336811
70.15061891,0.212943688,1.549235171,0.54891794,0.049921747
70.15525758,0.206561798,1.547293569,0.502948387,0.045123422
70.15989625,0.204946129,1.544866566,0.525482481,0.042842251
70.16453492,0.210600969,1.546646368,0.568747943,0.047483254
70.16917359,0.210035485,1.548102569,0.516468843,0.049449781
70.17381226,0.204784562,1.544785666,0.517370207,0.043314217
70.17845093,0.205753963,1.542844064,0.539904302,0.043392878
70.1830896,0.212135853,1.544704766,0.561537032,0.050000408
70.18772827,0.206965715,1.542035063,0.499342932,0.046224677
70.19236694,0.203572811,1.537261958,0.520074299,0.042606267
70.19700561,0.208419816,1.535724856,0.557931577,0.045988694
70.20164428,0.210600969,1.536857457,0.525482481,0.050157731
70.20628295,0.204461429,1.533540554,0.506553842,0.043628861
70.21092162,0.204542212,1.52990005,0.526383845,0.042606267
70.21556029,0.211489586,1.531679852,0.566945215,0.048427187
70.22019896,0.208015899,1.530628151,0.500244295,0.047561915
70.22483763,0.203249677,1.527068547,0.518271571,0.042684928
70.2294763,0.207127281,1.526583147,0.548016576,0.044336811
70.23411497,0.21181272,1.528443849,0.542608393,0.050000408
70.23875364,0.20543083,1.525774146,0.502047023,0.044415472
70.24339231,0.204299862,1.522457242,0.524581117,0.042527606
70.24803098,0.210520185,1.524641545,0.569649307,0.047011288
70.25266965,0.209550784,1.527230347,0.514666116,0.049056476
70.25730832,0.203976728,1.527392147,0.523679754,0.042920912
70.26194699,0.205753963,1.529091049,0.549819303,0.043235556
70.26658566,0.212216637,1.535482156,0.571452034,0.049764425
70.27122433,0.206238664,1.537504658,0.51556748,0.045438066
70.275863,0.203976728,1.53936536,0.544411121,0.042134301
70.28050167,0.209308434,1.547131768,0.590380673,0.045438066
70.28514034,0.211085669,1.554817277,0.554326122,0.049607103
70.28977901,0.204461429,1.554574576,0.534496119,0.043314217
70.29441768,0.204784562,1.552794774,0.549819303,0.042527606
70.29905635,0.211974287,1.555221777,0.584071127,0.048741831
70.30369502,0.208258249,1.554574576,0.514666116,0.046932627
70.30833369,0.204219078,1.551095873,0.531792028,0.04205564
70.31297236,0.207773549,1.550934072,0.561537032,0.044572794
70.31761103,0.212378204,1.553603775,0.549819303,0.049764425
70.3222497,0.205996314,1.550205972,0.511962024,0.044336811
70.32688837,0.20543083,1.54842617,0.533594755,0.042370284
70.33152704,0.211731936,1.551904873,0.579564308,0.047561915
70.33616571,0.210600969,1.554655476,0.521877026,0.048584509
70.34080438,0.205592397,1.554170076,0.532693391,0.04276359
70.34544305,0.207935116,1.555626277,0.559734305,0.043628861
70.35008172,0.213670738,1.560965683,0.575057489,0.050000408
70.35472039,0.207773549,1.560965683,0.517370207,0.045595388
70.35935906,0.205753963,1.55821508,0.53720021,0.042370284
70.36399773,0.210600969,1.559185881,0.575057489,0.046067355
70.3686364,0.21181272,1.559913982,0.531792028,0.049449781
70.37327507,0.205753963,1.555059977,0.517370207,0.043392878
70.37791374,0.206400231,1.551904873,0.535397483,0.042920912
70.38255241,0.212862904,1.553603775,0.57055067,0.049056476
70.38719108,0.2085006,1.551985774,0.502948387,0.046853965
70.39182975,0.204865346,1.547293569,0.52277839,0.04276359
70.39646842,0.209066084,1.546484568,0.55612885,0.045044761
70.40110709,0.212539771,1.547212668,0.539002938,0.050157731
70.40574576,0.206077097,1.543491265,0.505652478,0.044415472
70.41038443,0.205511613,1.540578861,0.527285209,0.042842251
70.4150231,0.21229742,1.541630563,0.573254762,0.047876559
70.41966177,0.210600969,1.542277763,0.510159297,0.048505848
70.42430044,0.205269263,1.538718159,0.521877026,0.042920912
70.42893911,0.207692765,1.537990059,0.54891794,0.043943506
70.43357778,0.213347605,1.541711463,0.560635669,0.050157731
70.43821645,0.207127281,1.541306962,0.511060661,0.045595388
70.44285512,0.205350046,1.53920356,0.538101574,0.042606267
70.44749379,0.211166452,1.542196863,0.581367036,0.046696643
70.45213246,0.211974287,1.544947466,0.535397483,0.049607103
70.45677113,0.205511613,1.542439563,0.527285209,0.043471539
70.4614098,0.206561798,1.540255261,0.545312484,0.043156895
70.46604847,0.213428388,1.542763164,0.574156125,0.049764425
70.47068714,0.20874295,1.542035063,0.507455206,0.047247271
70.47532581,0.205269263,1.538556359,0.528186573,0.042920912
70.47996448,0.209550784,1.537585558,0.561537032,0.045595388
70.48460315,0.212782121,1.53960806,0.539002938,0.050629697
70.48924182,0.206481014,1.536129357,0.510159297,0.044730116
70.49388049,0.205834747,1.532974253,0.530890664,0.042920912
70.49851916,0.212539771,1.534754055,0.575057489,0.048348526
70.50315783,0.210197051,1.535158556,0.509257933,0.048427187
70.5077965,0.20543083,1.530789951,0.523679754,0.042920912
70.51243517,0.208339033,1.52957645,0.550720667,0.044415472
70.51707384,0.214074656,1.532488853,0.555227486,0.050472375
70.52171251,0.207208065,1.53006185,0.506553842,0.04575271
70.52635118,0.205996314,1.527553948,0.5299893,0.042842251
70.53098985,0.211974287,1.53014275,0.573254762,0.047404593
70.53562852,0.212620554,1.534106855,0.526383845,0.049764425
70.54026719,0.207127281,1.534511355,0.528186573,0.0435502
70.54490586,0.208823733,1.536695657,0.553424758,0.0435502
70.54954453,0.216013458,1.541711463,0.582268399,0.050000408
70.5541832,0.211489586,1.542196863,0.516468843,0.047089949
70.55882187,0.208339033,1.539931661,0.535397483,0.042842251
70.56346054,0.213347605,1.53936536,0.567846579,0.045831371
70.56809921,0.215851891,1.540417061,0.539002938,0.050629697
70.57273788,0.209146867,1.536129357,0.513764752,0.044336811
70.57737655,0.209066084,1.532893353,0.532693391,0.042842251
70.58201522,0.215609541,1.533621454,0.575057489,0.048820492
70.58665389,0.213266821,1.533459654,0.506553842,0.048191204
70.59129256,0.208258249,1.52949555,0.523679754,0.042842251
70.59593123,0.211085669,1.528605649,0.552523395,0.044651455
70.6005699,0.215609541,1.531275352,0.551622031,0.050629697
70.60520857,0.209550784,1.528524749,0.505652478,0.045438066
70.60984724,0.208015899,1.525126945,0.528186573,0.042684928
70.61448591,0.213509172,1.526097746,0.572353398,0.047325932
70.61912458,0.213347605,1.527877548,0.520074299,0.049056476
70.62376325,0.207450415,1.524641545,0.520975662,0.043078234
70.62840192,0.208904517,1.523913444,0.543509757,0.043392878
70.63304059,0.215447974,1.526906747,0.566945215,0.049685764
70.63767926,0.209954701,1.525369645,0.504751114,0.046381999
70.64231793,0.207046498,1.522619042,0.528186573,0.042684928
70.6469566,0.211408803,1.523185343,0.566043851,0.04575271
70.65159527,0.214074656,1.525531445,0.535397483,0.049843086
70.65623394,0.207450415,1.522538142,0.516468843,0.043628861
70.66087261,0.207369632,1.521486441,0.538101574,0.042920912
70.66551128,0.214074656,1.525288745,0.579564308,0.048899153
70.67014995,0.210762535,1.526097746,0.511060661,0.047404593
70.67478862,0.207127281,1.525126945,0.533594755,0.04276359
70.67942729,0.210600969,1.528929249,0.571452034,0.044572794
70.68406596,0.216417375,1.534834955,0.569649307,0.050157731
70.68870463,0.210358618,1.534187755,0.526383845,0.044808778
70.6933433,0.209308434,1.532650653,0.545312484,0.042606267
70.69798197,0.215528757,1.534754055,0.586775218,0.047011288
70.70262064,0.21512484,1.536452957,0.528186573,0.048820492
70.70725931,0.209631567,1.533540554,0.531792028,0.043078234
70.71189798,0.211328019,1.532488853,0.554326122,0.043628861
70.71653665,0.217225209,1.535320356,0.572353398,0.050157731
70.72117532,0.211651153,1.534754055,0.512863388,0.046067355
70.72581399,0.2089853,1.533783254,0.53720021,0.04276359
70.73045266,0.214397789,1.53896086,0.580465672,0.045831371
70.73509133,0.216578942,1.544947466,0.546213848,0.049921747
70.73973,0.210520185,1.544057565,0.529087936,0.043786184
70.74436867,0.211085669,1.543005864,0.545312484,0.043156895
70.74900734,0.217871476,1.545351967,0.581367036,0.048977814
70.75364601,0.214074656,1.544138465,0.511962024,0.047404593
70.75828468,0.209631567,1.53968896,0.5299893,0.042527606
70.76292335,0.213024471,1.538232759,0.561537032,0.044730116
70.76756202,0.217548343,1.540174361,0.549819303,0.050157731
70.77220069,0.210600969,1.537504658,0.512863388,0.044730116
70.77683936,0.209631567,1.534025954,0.534496119,0.04276359
70.78147803,0.215932674,1.535724856,0.580465672,0.047955221
70.7861167,0.214640139,1.537747358,0.521877026,0.048820492
70.79075537,0.209470001,1.536291157,0.533594755,0.042920912
70.79539404,0.212216637,1.53952716,0.57055067,0.043786184
70.80003271,0.218598527,1.550691372,0.600295675,0.050315053
70.80467138,0.213751522,1.556677979,0.545312484,0.046303338
70.80931005,0.211408803,1.557244279,0.561537032,0.042684928
70.81394872,0.216982859,1.559913982,0.595788856,0.046539321
70.81858739,0.217629126,1.562340985,0.549819303,0.050157731
70.82322606,0.211085669,1.558700481,0.533594755,0.044100828
70.82786473,0.211247236,1.557082479,0.552523395,0.043628861
70.8325034,0.218033043,1.560722983,0.588577946,0.049528442
70.83714207,0.213509172,1.562017384,0.521877026,0.047561915
70.84178074,0.210035485,1.561612884,0.543509757,0.043156895
70.84641941,0.214236222,1.565981488,0.580465672,0.045438066
70.85105808,0.218598527,1.574475997,0.57055067,0.050708358
70.85569675,0.212378204,1.580786204,0.546213848,0.044808778
70.86033542,0.212135853,1.592193116,0.575057489,0.043235556
70.86497409,0.220375762,1.614036139,0.640857045,0.048348526
70.86961276,0.223445532,1.663627892,0.657982957,0.049213798
70.87425143,0.223849449,1.741130174,0.753527518,0.043864845
70.8788901,0.23120074,1.82178756,0.821129802,0.045202083
70.88352877,0.238955949,1.877204118,0.813918891,0.051337647
70.88816744,0.23354346,1.895487538,0.707557965,0.046853965
70.89280611,0.230877607,1.893545936,0.680517052,0.043864845
70.89744478,0.235643828,1.886993029,0.685925234,0.047876559
70.90208345,0.235724612,1.877285019,0.61111204,0.05086568
70.90672212,0.228777238,1.860862301,0.580465672,0.044572794
70.91136079,0.228938805,1.845086784,0.584071127,0.044336811
70.91599946,0.234755211,1.834165273,0.602098403,0.050787019
70.92063813,0.229019588,1.819360557,0.527285209,0.047876559
70.9252768,0.224657283,1.802695139,0.541707029,0.0435502
70.92991547,0.227969404,1.791126427,0.572353398,0.046303338
70.93455414,0.23071604,1.782227418,0.54891794,0.051180325
70.93919281,0.223526316,1.769283404,0.519172935,0.045280744
70.94383148,0.222880048,1.75642029,0.53720021,0.043943506
70.94847015,0.228454104,1.748411182,0.580465672,0.049528442
70.95310882,0.225788251,1.739835773,0.514666116,0.049449781
70.95774749,0.220214195,1.727053559,0.527285209,0.044179489
70.96238616,0.222152997,1.716698348,0.553424758,0.045280744
70.96702483,0.226676869,1.711197142,0.558832941,0.051337647
70.9716635,0.220375762,1.701893633,0.510159297,0.046539321
70.97630217,0.217548343,1.690810321,0.532693391,0.043943506
70.98094084,0.222960832,1.685794515,0.577761581,0.048191204
70.98557951,0.222799265,1.681506811,0.530890664,0.050708358
70.99021818,0.216094241,1.672688702,0.532693391,0.044808778
70.99485685,0.217063642,1.665569494,0.560635669,0.044651455
70.99949552,0.222880048,1.662737991,0.58947931,0.051023002
71.00413419,0.217467559,1.655699684,0.524581117,0.048033882
71.00877286,0.213993872,1.646477074,0.544411121,0.044494133
71.01341153,0.21819461,1.640975868,0.577761581,0.046932627
71.0180502,0.220860463,1.637578064,0.547115212,0.051652291
71.02268887,0.213751522,1.629811656,0.520975662,0.045280744
71.02732754,0.213266821,1.622692449,0.539904302,0.04425815
71.03196621,0.220052629,1.621317147,0.582268399,0.049921747
71.03660488,0.216982859,1.617757543,0.514666116,0.049528442
71.04124355,0.212458987,1.610638336,0.5299893,0.044179489
71.04588222,0.215286407,1.607240532,0.557931577,0.045988694
71.05052089,0.220294979,1.607078732,0.558832941,0.051809613
71.05515956,0.213509172,1.602710127,0.512863388,0.046381999
71.05979823,0.21181272,1.598260623,0.536298847,0.044022167
71.0644369,0.218033043,1.598260623,0.580465672,0.048584509
71.06907557,0.217386776,1.598584223,0.528186573,0.051023002
71.07371424,0.211247236,1.593083017,0.527285209,0.044887439
71.07835291,0.212701337,1.588633512,0.54891794,0.0449661
71.08299158,0.218840877,1.588309912,0.571452034,0.051494969
71.08763025,0.213428388,1.584103108,0.510159297,0.047797898
71.09226892,0.209873918,1.577631101,0.531792028,0.044022167
71.09690759,0.214640139,1.575365898,0.567846579,0.04716861
71.10154626,0.216902075,1.574961398,0.536298847,0.051337647
71.10618493,0.209954701,1.569055692,0.517370207,0.045202083
71.1108236,0.209873918,1.564363487,0.53720021,0.044336811
71.11546227,0.216336591,1.564929787,0.580465672,0.050157731
71.12010094,0.213024471,1.563797186,0.513764752,0.049213798
71.12473961,0.208904517,1.558862281,0.530890664,0.044415472
71.12937828,0.211893503,1.556354378,0.559734305,0.045910033
71.13401695,0.216336591,1.556758879,0.554326122,0.051416308
71.13865562,0.209712351,1.553280175,0.511060661,0.046224677
71.14329429,0.208258249,1.549235171,0.533594755,0.044022167
71.14793296,0.214720923,1.551257673,0.581367036,0.048899153
71.15257163,0.214559356,1.558781381,0.538101574,0.050000408
71.1572103,0.209712351,1.565900588,0.55612885,0.044336811
71.16184897,0.211408803,1.572372595,0.584071127,0.045202083
71.16648764,0.218033043,1.580300804,0.600295675,0.051494969
71.17112631,0.21181272,1.579977203,0.534496119,0.047797898
71.17576498,0.20922765,1.576013099,0.551622031,0.044179489
71.18040365,0.213832305,1.574961398,0.586775218,0.047404593
71.18504232,0.215690324,1.575527699,0.548016576,0.051494969
71.18968099,0.20922765,1.571482694,0.531792028,0.044887439
71.19431966,0.209470001,1.56784219,0.549819303,0.044336811
71.19895833,0.216013458,1.568003991,0.584972491,0.050708358
71.203597,0.21229742,1.565738788,0.51556748,0.048977814
71.20823567,0.207854332,1.560480283,0.532693391,0.044651455
71.21287434,0.211085669,1.55772968,0.56333976,0.046381999
71.21751301,0.21536719,1.55829598,0.551622031,0.051809613
71.22215168,0.208662166,1.554493676,0.514666116,0.046067355
71.22679035,0.207288848,1.551095873,0.534496119,0.04425815
71.23142902,0.213751522,1.551338573,0.578662944,0.049292459
71.23606769,0.21229742,1.550205972,0.517370207,0.050157731
71.24070636,0.206642581,1.544623866,0.525482481,0.044651455
71.24534503,0.208581383,1.541306962,0.549819303,0.045359405
71.2499837,0.214397789,1.542924964,0.566043851,0.051730952
71.25462237,0.208662166,1.540902462,0.509257933,0.047325932
71.25926104,0.20615788,1.537181058,0.531792028,0.044022167
71.26389971,0.211247236,1.537342858,0.573254762,0.047955221
71.26853838,0.212620554,1.538070959,0.532693391,0.051101663
71.27317705,0.20615788,1.534349555,0.520074299,0.0449661
71.27781572,0.206561798,1.531356252,0.539904302,0.044651455
71.28245439,0.213670738,1.533136054,0.575057489,0.050551036
71.28709306,0.209470001,1.531922552,0.508356569,0.048584509
71.29173173,0.205511613,1.527958448,0.529087936,0.044179489
71.2963704,0.209550784,1.526987647,0.56333976,0.046696643
71.30100907,0.213105255,1.529010149,0.548016576,0.051652291
71.30564774,0.206561798,1.525774146,0.514666116,0.04575271
71.31028641,0.20615788,1.523266243,0.535397483,0.04425815
71.31492508,0.212458987,1.524075244,0.580465672,0.049607103
71.31956375,0.210520185,1.524479744,0.516468843,0.050157731
71.32420242,0.205350046,1.52059654,0.528186573,0.04425815
71.32884109,0.207773549,1.52019204,0.555227486,0.045516727
71.33347976,0.213832305,1.523832544,0.566945215,0.052045596
71.33811843,0.208177466,1.522619042,0.513764752,0.04716861
71.3427571,0.206238664,1.521081941,0.538101574,0.043864845
71.34739577,0.211651153,1.523023543,0.581367036,0.048269865
71.35203444,0.212862904,1.527634848,0.539002938,0.051337647
71.35667311,0.20615788,1.527392147,0.534496119,0.045044761
71.36131178,0.207531199,1.528767449,0.561537032,0.044730116
71.36595045,0.214236222,1.534025954,0.593986129,0.051023002
71.37058912,0.209873918,1.534268655,0.525482481,0.048269865
71.37522779,0.206319447,1.531598952,0.542608393,0.044022167
71.37986646,0.210277835,1.530951751,0.575958853,0.046775304
71.38450513,0.213589955,1.532731553,0.552523395,0.052124257
71.3891438,0.207208065,1.52949555,0.52277839,0.046381999
71.39378247,0.206723364,1.527149447,0.542608393,0.045123422
71.39842114,0.213670738,1.52933375,0.586775218,0.051101663
71.40305981,0.211408803,1.52981915,0.523679754,0.052438902
71.40769848,0.206884931,1.526825847,0.549819303,0.052832207
71.41233715,0.210439402,1.527473048,0.592183401,0.063451452
71.41697582,0.216013458,1.531518052,0.599394311,0.074699986
71.42161449,0.209793134,1.530870851,0.543509757,0.070845593
71.42625316,0.208339033,1.530385451,0.562438396,0.068485761
71.43089183,0.214478573,1.535724856,0.60390113,0.072654798
71.4355305,0.214559356,1.541306962,0.551622031,0.074542664
71.44016917,0.209308434,1.542844064,0.549819303,0.067935134
71.44480784,0.211166452,1.550367772,0.578662944,0.067541828
71.44944651,0.219244794,1.570835494,0.623731133,0.073126764
71.45408518,0.215851891,1.59607632,0.583169763,0.069272372
71.45872385,0.214155439,1.619294645,0.618322951,0.064395385
71.46336252,0.219487145,1.637173564,0.647166592,0.066440573
71.46800119,0.222556915,1.650602978,0.610210677,0.070452288
71.47263986,0.216336591,1.654890683,0.578662944,0.063844758
71.47727853,0.216498158,1.656751385,0.58947931,0.061956892
71.4819172,0.223364749,1.660472789,0.623731133,0.067305845
71.48655587,0.220214195,1.659906488,0.54891794,0.066047268
71.49119454,0.215286407,1.652949081,0.559734305,0.060069026
71.49583321,0.21795226,1.649308577,0.582268399,0.060934298
71.50047188,0.222880048,1.647690575,0.578662944,0.066283251
71.50511055,0.216336591,1.642108469,0.530890664,0.060462331
71.50974922,0.214640139,1.636040963,0.55612885,0.057315888
71.51438789,0.220456546,1.635231962,0.600295675,0.061563586
71.51902656,0.220456546,1.635151062,0.546213848,0.06329413
71.52366523,0.214236222,1.629245355,0.545312484,0.056765261
71.5283039,0.215286407,1.624876751,0.567846579,0.056450617
71.53294257,0.22150673,1.624876751,0.590380673,0.062664841
71.53758124,0.216578942,1.621155347,0.529087936,0.058653127
71.54221991,0.213509172,1.615815941,0.554326122,0.054562751
71.54685858,0.217790693,1.61444064,0.592183401,0.057315888
71.55149725,0.220052629,1.61435974,0.557030214,0.061406264
71.55613592,0.212943688,1.608049533,0.533594755,0.054798734
71.56077459,0.213266821,1.602305627,0.551622031,0.053461496
71.56541326,0.219567928,1.602305627,0.590380673,0.059125093
71.57005193,0.216094241,1.599878624,0.520975662,0.057787855
71.5746906,0.211651153,1.593002117,0.538101574,0.052360241
71.57932927,0.214720923,1.589685214,0.567846579,0.054012123
71.58396794,0.219083228,1.590089714,0.561537032,0.059518399
71.58860661,0.212539771,1.584993009,0.518271571,0.053933462
71.59324528,0.211489586,1.579815403,0.541707029,0.05157363
71.59788395,0.217467559,1.579491803,0.585873855,0.056293294
71.60252262,0.216821292,1.579168202,0.5299893,0.057079905
71.60716129,0.211085669,1.574475997,0.534496119,0.051023002
71.61179996,0.212862904,1.571482694,0.558832941,0.051180325
71.61643863,0.219083228,1.574475997,0.579564308,0.057551872
71.6210773,0.213589955,1.574071497,0.523679754,0.053461496
71.62571597,0.210762535,1.573586096,0.548016576,0.049764425
71.63035464,0.215851891,1.5772266,0.590380673,0.05306819
71.63499331,0.217629126,1.583617707,0.557030214,0.056529278
71.63963198,0.211166452,1.58677281,0.549819303,0.050000408
71.64427065,0.211247236,1.590898715,0.575057489,0.049213798
71.64890932,0.218275393,1.596885321,0.612013404,0.054956056
71.65354799,0.214236222,1.597613422,0.540805665,0.053146851
71.65818666,0.210197051,1.59575272,0.557931577,0.048427187
71.66282533,0.213589955,1.594458319,0.584972491,0.050393714
71.667464,0.21795226,1.59534822,0.569649307,0.055742667
71.67210267,0.211408803,1.590979615,0.528186573,0.049843086
71.67674134,0.210358618,1.58628741,0.547115212,0.047640576
71.68138001,0.216578942,1.58653011,0.58947931,0.052832207
71.68601868,0.215528757,1.585802009,0.526383845,0.05377614
71.69065735,0.210439402,1.580219903,0.534496119,0.047876559
71.69529602,0.21229742,1.578116501,0.558832941,0.048427187
71.69993469,0.218598527,1.579896303,0.573254762,0.054798734
71.70457336,0.212539771,1.5771457,0.516468843,0.050472375
71.70921203,0.210116268,1.573343396,0.539002938,0.04716861
71.7138507,0.21536719,1.572857996,0.579564308,0.050787019
71.71848937,0.216659725,1.574637798,0.538101574,0.054090784
71.72312804,0.210681752,1.571078194,0.528186573,0.047797898
71.72776671,0.211328019,1.568327591,0.547115212,0.047561915
71.73240538,0.217790693,1.570188293,0.582268399,0.053461496
71.73704405,0.213347605,1.569217492,0.516468843,0.051494969
71.74168272,0.209308434,1.564282587,0.538101574,0.046853965
71.74632139,0.212862904,1.563716286,0.571452034,0.048977814
71.75096006,0.217063642,1.566628689,0.557030214,0.054326768
71.75559873,0.210439402,1.563716286,0.523679754,0.048427187
71.7602374,0.209550784,1.560318482,0.543509757,0.046539321
71.76487607,0.215932674,1.561451084,0.586775218,0.051416308
71.76951474,0.213913089,1.561693784,0.52277839,0.052202919
71.77415341,0.208823733,1.55845778,0.533594755,0.046696643
71.77879208,0.211085669,1.557567879,0.558832941,0.047483254
71.78343075,0.217386776,1.560237582,0.568747943,0.053854801
71.78806942,0.211489586,1.55853868,0.517370207,0.049213798
71.79270809,0.209308434,1.555626277,0.539904302,0.046224677
71.79734676,0.214720923,1.557244279,0.584071127,0.049843086
71.80198543,0.215851891,1.558862281,0.538101574,0.052989529
71.8066241,0.209954701,1.555707177,0.529087936,0.046853965
71.81126277,0.210681752,1.553684675,0.549819303,0.046696643
71.81590144,0.216821292,1.556273478,0.582268399,0.052832207
71.82054011,0.212135853,1.555221777,0.516468843,0.05007907
71.82517878,0.2085006,1.551419473,0.539002938,0.04575271
71.82981745,0.213024471,1.551500373,0.573254762,0.048348526
71.83445612,0.216336591,1.553927376,0.551622031,0.053225513
71.83909479,0.209631567,1.551095873,0.52277839,0.047011288
71.84373346,0.209146867,1.54866887,0.542608393,0.04575271
71.84837213,0.215771107,1.550772272,0.585873855,0.051258986
71.8530108,0.213428388,1.550934072,0.519172935,0.051494969
71.85764947,0.208662166,1.547617169,0.532693391,0.045910033
71.86228814,0.211004886,1.546565468,0.559734305,0.046932627
71.86692681,0.216982859,1.549396971,0.566945215,0.053146851
71.87156548,0.210843319,1.547050868,0.517370207,0.048348526
71.87620415,0.2089853,1.544300265,0.539002938,0.045438066
71.88084282,0.214640139,1.545675567,0.582268399,0.049764425
71.88548149,0.215044057,1.547374469,0.531792028,0.052202919
71.89012016,0.209146867,1.544785666,0.5299893,0.045910033
71.89475883,0.210358618,1.543572165,0.552523395,0.046067355
71.8993975,0.216740508,1.546727268,0.580465672,0.052517563
71.90403617,0.211974287,1.546565468,0.518271571,0.049135137
71.90867484,0.208904517,1.544300265,0.539904302,0.045044761
71.91331351,0.213186038,1.545432867,0.575057489,0.048033882
71.91795218,0.216175024,1.547536269,0.547115212,0.052596224
71.92259085,0.209550784,1.543572165,0.52277839,0.046539321
71.92722952,0.209146867,1.541064262,0.540805665,0.045438066
71.93186819,0.215851891,1.543329464,0.583169763,0.051023002
71.93650686,0.213186038,1.543814865,0.51556748,0.050315053
71.94114553,0.2085006,1.540578861,0.531792028,0.045123422
71.9457842,0.210924102,1.540093461,0.561537032,0.046696643
71.95042287,0.216175024,1.544219365,0.561537032,0.052674885
71.95506154,0.209873918,1.544542966,0.517370207,0.047404593
71.95970021,0.208581383,1.545756467,0.539904302,0.045280744
71.96433888,0.214720923,1.550853172,0.586775218,0.049528442
71.96897755,0.214397789,1.556192578,0.535397483,0.051730952
71.97361622,0.208823733,1.554898177,0.535397483,0.045516727
71.97825489,0.210439402,1.554574576,0.55612885,0.045831371
71.98289356,0.217063642,1.557486979,0.577761581,0.051966935
71.98753223,0.211893503,1.555707177,0.51556748,0.048584509
71.9921709,0.209066084,1.552066674,0.53720021,0.044651455
71.99680957,0.213589955,1.553361075,0.574156125,0.047955221
72.00144824,0.215771107,1.555383577,0.541707029,0.052202919
72.00608691,0.209066084,1.551419473,0.520074299,0.045910033
72.01072558,0.20922765,1.548102569,0.539002938,0.045044761
72.01536425,0.215771107,1.549558771,0.579564308,0.051023002
72.02000292,0.21181272,1.54850707,0.511962024,0.049607103
72.02464159,0.207692765,1.544300265,0.5299893,0.044808778
72.02928026,0.210681752,1.542924964,0.559734305,0.046381999
72.03391893,0.215205623,1.544785666,0.554326122,0.052202919
72.0385576,0.209146867,1.541711463,0.511962024,0.046696643
72.04319627,0.207692765,1.537504658,0.533594755,0.044336811
72.04783494,0.213589955,1.538151859,0.577761581,0.048899153
72.05247361,0.212620554,1.53952716,0.520975662,0.050629697
72.05711228,0.207046498,1.535077656,0.524581117,0.044808778
72.06175095,0.208339033,1.532407953,0.548016576,0.045359405
72.06638962,0.215044057,1.535158556,0.567846579,0.051809613
72.07102829,0.209389217,1.533136054,0.509257933,0.047876559
72.07566696,0.206965715,1.53014275,0.531792028,0.044651455
72.08030563,0.212539771,1.531032651,0.572353398,0.048112543
72.0849443,0.214074656,1.533055153,0.536298847,0.051730952
72.08958297,0.207854332,1.52973825,0.520975662,0.045910033
72.09422164,0.208419816,1.527796648,0.542608393,0.045123422
72.09886031,0.214963273,1.530870851,0.581367036,0.051023002
72.10349898,0.211166452,1.530547251,0.512863388,0.049292459
72.10813765,0.206965715,1.527311247,0.531792028,0.044808778
72.11277632,0.210439402,1.527311247,0.56333976,0.046853965
72.11741499,0.214720923,1.53014275,0.552523395,0.052438902
72.12205366,0.208339033,1.528120248,0.514666116,0.046696643
72.12669233,0.207692765,1.526421346,0.535397483,0.044651455
72.131331,0.213670738,1.528848349,0.580465672,0.049449781
72.13596967,0.212539771,1.53006185,0.520074299,0.050787019
72.14060834,0.207288848,1.527068547,0.527285209,0.044808778
72.14524701,0.209389217,1.526016846,0.551622031,0.045359405
72.14988568,0.21536719,1.528767449,0.566043851,0.051809613
72.15452435,0.209308434,1.527230347,0.510159297,0.047404593
72.15916302,0.207127281,1.524317944,0.532693391,0.044415472
72.16380169,0.212378204,1.525612346,0.573254762,0.047955221
72.16844036,0.213589955,1.527473048,0.531792028,0.051652291
72.17307903,0.207450415,1.525288745,0.520074299,0.045438066
72.1777177,0.207773549,1.523832544,0.541707029,0.044887439
72.18235637,0.214720923,1.526825847,0.575958853,0.051180325
72.18699504,0.210358618,1.526906747,0.509257933,0.049056476
72.19163371,0.206481014,1.523266243,0.5299893,0.044494133
72.19627238,0.210358618,1.523751644,0.56333976,0.046853965
72.20091105,0.214720923,1.526583147,0.547115212,0.052045596
72.20554972,0.208177466,1.524722445,0.513764752,0.046067355
72.21018839,0.207208065,1.522699942,0.534496119,0.044336811
72.21482706,0.213751522,1.525126945,0.578662944,0.049528442
72.21946573,0.212135853,1.525935946,0.514666116,0.05007907
72.2241044,0.206884931,1.523428043,0.526383845,0.044494133
72.22874307,0.209146867,1.523023543,0.551622031,0.045674049
72.23338174,0.21488249,1.527634848,0.56333976,0.051730952
72.23802041,0.208662166,1.528201148,0.511962024,0.047089949
72.24265908,0.206319447,1.527634848,0.534496119,0.044494133
72.24729775,0.212458987,1.531598952,0.575958853,0.04866317
72.25193642,0.213266821,1.535077656,0.5299893,0.051337647
72.25657509,0.206965715,1.534025954,0.52277839,0.045123422
72.26121376,0.208177466,1.533216954,0.543509757,0.0449661
72.26585243,0.214720923,1.536291157,0.575057489,0.051180325
72.2704911,0.210035485,1.536372057,0.509257933,0.04866317
72.27512977,0.205996314,1.533459654,0.5299893,0.044336811
72.27976844,0.210277835,1.534511355,0.565142488,0.047089949
72.28440711,0.214317006,1.53879906,0.544411121,0.051652291
72.28904578,0.207450415,1.537585558,0.517370207,0.045359405
72.29368445,0.207369632,1.537747358,0.538101574,0.043943506
72.29832312,0.213993872,1.541387862,0.583169763,0.049764425
72.30296179,0.211974287,1.543410364,0.518271571,0.049685764
72.30760046,0.207046498,1.540740662,0.531792028,0.044336811
72.31223913,0.209712351,1.540336161,0.558832941,0.04575271
72.3168778,0.215205623,1.543248564,0.562438396,0.051809613
72.32151647,0.209308434,1.542035063,0.511962024,0.047011288
72.32615514,0.207288848,1.53896086,0.531792028,0.044179489
72.33079381,0.212943688,1.540093461,0.573254762,0.048427187
72.33543248,0.213589955,1.541792363,0.52277839,0.050944341
72.34007115,0.207288848,1.538070959,0.520074299,0.044887439
72.34470982,0.2085006,1.536857457,0.543509757,0.044808778
72.34934849,0.214720923,1.53960806,0.57055067,0.051337647
72.35398716,0.210035485,1.540255261,0.507455206,0.048033882
72.35862583,0.206642581,1.537828259,0.531792028,0.044100828
72.3632645,0.211166452,1.53960806,0.57055067,0.04716861
72.36790317,0.214801706,1.544623866,0.544411121,0.051494969
72.37254184,0.207935116,1.542439563,0.519172935,0.045123422
72.37718051,0.207854332,1.540740662,0.538101574,0.044100828
72.38181918,0.214801706,1.543167664,0.579564308,0.050157731
72.38645785,0.211731936,1.542358663,0.511962024,0.049292459
72.39109652,0.207127281,1.538556359,0.526383845,0.043943506
72.39573519,0.209712351,1.536857457,0.553424758,0.04575271
72.40037386,0.214720923,1.53912266,0.552523395,0.051652291
72.40501253,0.2085006,1.536452957,0.507455206,0.046303338
72.4096512,0.207127281,1.533540554,0.528186573,0.043864845
72.41428987,0.212782121,1.535158556,0.573254762,0.048741831
72.41892854,0.212782121,1.538232759,0.521877026,0.050629697
72.42356721,0.206561798,1.534915855,0.524581117,0.044336811
72.42820588,0.208258249,1.533783254,0.548016576,0.044730116
72.43284455,0.214478573,1.536938358,0.571452034,0.051101663
72.43748322,0.20922765,1.535724856,0.509257933,0.047404593
72.44212189,0.206238664,1.532327053,0.5299893,0.043786184
72.44676056,0.211247236,1.532165253,0.566043851,0.04716861
72.45139923,0.213347605,1.534754055,0.533594755,0.051494969
72.4560379,0.207046498,1.531356252,0.514666116,0.045202083
72.46067657,0.206642581,1.528524749,0.535397483,0.04425815
72.46531524,0.213589955,1.530870851,0.575958853,0.050157731
72.46995391,0.210358618,1.530304551,0.507455206,0.048899153
72.47459258,0.206077097,1.527553948,0.525482481,0.043943506
72.47923125,0.208904517,1.528039348,0.55612885,0.045988694
72.48386992,0.213428388,1.531437152,0.551622031,0.051416308
72.48850859,0.207046498,1.52973825,0.509257933,0.045910033
72.49314726,0.20591553,1.528605649,0.531792028,0.044022167
72.49778593,0.212539771,1.532003452,0.575958853,0.048741831
72.5024246,0.21205507,1.534430455,0.520074299,0.050157731
72.50706327,0.206561798,1.532084352,0.524581117,0.044100828
72.51170194,0.207854332,1.531760752,0.548016576,0.044730116
72.51634061,0.214559356,1.535967557,0.567846579,0.051258986
72.52097928,0.208662166,1.535886656,0.509257933,0.047247271
72.52561795,0.206319447,1.535482156,0.533594755,0.043786184
72.53025662,0.211731936,1.541630563,0.577761581,0.047011288
72.53489529,0.214397789,1.551904873,0.549819303,0.050944341
72.53953396,0.208339033,1.557244279,0.540805665,0.044730116
72.54417263,0.2089853,1.562421885,0.560635669,0.044179489
72.5488113,0.215609541,1.568651191,0.595788856,0.050236392
72.55344997,0.211974287,1.570835494,0.52277839,0.048348526
72.55808864,0.207854332,1.56776129,0.539002938,0.043864845
72.56272731,0.211489586,1.568084891,0.566945215,0.046146016
72.56736598,0.216094241,1.571968095,0.554326122,0.051730952
72.57200465,0.209308434,1.569621992,0.516468843,0.045595388
72.57664332,0.208823733,1.56768039,0.53720021,0.043786184
72.58128199,0.21488249,1.569541092,0.580465672,0.048899153
72.58592066,0.213347605,1.570269193,0.518271571,0.050000408
72.59055933,0.207773549,1.566224189,0.525482481,0.043864845
72.595198,0.209954701,1.564767987,0.548016576,0.045359405
72.59983667,0.216175024,1.566628689,0.561537032,0.05157363
72.60447534,0.210035485,1.563797186,0.505652478,0.047404593
72.60911401,0.207692765,1.559671282,0.528186573,0.043864845
72.61375268,0.212458987,1.560642083,0.569649307,0.047719237
72.61839135,0.214559356,1.562017384,0.527285209,0.051180325
72.62303002,0.208096683,1.556758879,0.51556748,0.044651455
72.62766869,0.208177466,1.553280175,0.536298847,0.044100828
72.63230736,0.21488249,1.555140877,0.571452034,0.050472375
72.63694603,0.211004886,1.553684675,0.504751114,0.048505848
72.6415847,0.206965715,1.54858797,0.523679754,0.043707522
72.64622337,0.210439402,1.547212668,0.557030214,0.046224677
72.65086204,0.214478573,1.54874977,0.540805665,0.05157363
72.65550071,0.207369632,1.544704766,0.508356569,0.045516727
72.66013938,0.206642581,1.541387862,0.527285209,0.043786184
72.66477805,0.213428388,1.542035063,0.573254762,0.048977814
72.66941672,0.211085669,1.542196863,0.509257933,0.049685764
72.67405539,0.20591553,1.538151859,0.520074299,0.043864845
72.67869406,0.208419816,1.536938358,0.546213848,0.044887439
72.68333273,0.213832305,1.53944626,0.55612885,0.051258986
72.6879714,0.207692765,1.536695657,0.502948387,0.046539321
72.69261007,0.205592397,1.532812453,0.526383845,0.043786184
72.69724874,0.210924102,1.534187755,0.568747943,0.047876559
72.70188741,0.21181272,1.536291157,0.524581117,0.050944341
72.70652608,0.205592397,1.533378754,0.518271571,0.044494133
72.71116475,0.206561798,1.531679852,0.540805665,0.044494133
72.71580342,0.213589955,1.535239456,0.572353398,0.050787019
72.72044209,0.208823733,1.534349555,0.506553842,0.048427187
72.72508076,0.205350046,1.531275352,0.528186573,0.044336811
72.72971943,0.20922765,1.531679852,0.561537032,0.04646066
72.7343581,0.212458987,1.534106855,0.539904302,0.051494969
72.73899677,0.20591553,1.532003452,0.511962024,0.045674049
72.74363544,0.205269263,1.52981915,0.531792028,0.044179489
72.74827411,0.21229742,1.532084352,0.576860217,0.049528442
72.75291278,0.209712351,1.533945054,0.512863388,0.049607103
72.75755145,0.205188479,1.531518052,0.527285209,0.044022167
72.76219012,0.207369632,1.532327053,0.555227486,0.045359405
72.76682879,0.213509172,1.537423758,0.560635669,0.051652291
72.77146746,0.207531199,1.537828259,0.512863388,0.046539321
72.77610613,0.205753963,1.538070959,0.536298847,0.044022167
72.7807448,0.211651153,1.541711463,0.580465672,0.048112543
72.78538347,0.212135853,1.546889068,0.531792028,0.050629697
72.79002214,0.206400231,1.546484568,0.530890664,0.044887439
72.79466081,0.207935116,1.549558771,0.554326122,0.045044761
72.79929948,0.214720923,1.555788078,0.583169763,0.051337647
72.80393815,0.209712351,1.55813418,0.520975662,0.048269865
72.80857682,0.206561798,1.557163379,0.543509757,0.043786184
72.81321549,0.211085669,1.559913982,0.579564308,0.047089949
72.81785416,0.214559356,1.565172488,0.552523395,0.051494969
72.82249283,0.208015899,1.564606187,0.527285209,0.045359405
72.8271315,0.207854332,1.564525287,0.545312484,0.044572794
72.83177017,0.214640139,1.568165791,0.588577946,0.050000408
72.83640884,0.211489586,1.569621992,0.520074299,0.04937112
72.84104751,0.206723364,1.566143289,0.534496119,0.04425815
72.84568618,0.209712351,1.566385989,0.560635669,0.045910033
72.85032485,0.214559356,1.569864693,0.560635669,0.05157363
72.85496352,0.208258249,1.568489391,0.51556748,0.046617982
72.85960219,0.206642581,1.566385989,0.538101574,0.04425815
72.86424086,0.212862904,1.569055692,0.580465672,0.048427187
72.86887953,0.212862904,1.571401794,0.527285209,0.050551036
72.8735182,0.206804148,1.569055692,0.526383845,0.044415472
72.87815687,0.2085006,1.569541092,0.550720667,0.044808778
72.88279554,0.214963273,1.575932199,0.576860217,0.051023002
72.88743421,0.209389217,1.577631101,0.516468843,0.047640576
72.89207288,0.206804148,1.576174899,0.539002938,0.043943506
72.89671155,0.211651153,1.578682802,0.575958853,0.04716861
72.90135022,0.214074656,1.582727806,0.542608393,0.05157363
72.90598889,0.207692765,1.581190705,0.521877026,0.045044761
72.91062756,0.207935116,1.579896303,0.540805665,0.044179489
72.91526623,0.214397789,1.582727806,0.581367036,0.050000408
72.9199049,0.210762535,1.582566006,0.512863388,0.048899153
72.92454357,0.206804148,1.579896303,0.532693391,0.04425815
72.92918224,0.210439402,1.580705304,0.56333976,0.045988694
72.93382091,0.214801706,1.58644921,0.560635669,0.051730952
72.93845958,0.208581383,1.587662711,0.52277839,0.046539321
72.94309825,0.207288848,1.587986312,0.545312484,0.044415472
72.94773692,0.213751522,1.593730218,0.592183401,0.049213798
72.95237559,0.212862904,1.598422423,0.53720021,0.05007907
72.95701426,0.207288848,1.598098822,0.541707029,0.044179489
72.96165293,0.20922765,1.599716824,0.562438396,0.044887439
72.9662916,0.215690324,1.605865231,0.583169763,0.051101663
72.97093027,0.210277835,1.609505735,0.528186573,0.047247271
72.97556894,0.207854332,1.612418138,0.552523395,0.043707522
72.98020761,0.213024471,1.619132845,0.593986129,0.047325932
72.98484628,0.21512484,1.627061053,0.557030214,0.051023002
72.98948495,0.209146867,1.630701557,0.546213848,0.044887439
72.99412362,0.210439402,1.641299468,0.578662944,0.043943506
72.99876229,0.218921661,1.666621195,0.636350226,0.049921747
73.00340096,0.216498158,1.695502526,0.584972491,0.048505848
73.00803963,0.213670738,1.719772551,0.61111204,0.043864845
73.0126783,0.217871476,1.736114369,0.633646135,0.045988694
73.01731697,0.222152997,1.745984179,0.619224315,0.051337647
73.02195564,0.215447974,1.746145979,0.578662944,0.04575271
73.02659431,0.214236222,1.742748176,0.588577946,0.043628861
73.03123298,0.220375762,1.742505476,0.62282977,0.048741831
73.03587165,0.218921661,1.740240273,0.555227486,0.049685764
73.04051032,0.213509172,1.732635665,0.558832941,0.044179489
73.04514899,0.215528757,1.72802436,0.582268399,0.045359405
73.04978766,0.221587514,1.728509761,0.594887492,0.051258986
73.05442633,0.215447974,1.723817556,0.536298847,0.047089949
73.059065,0.213024471,1.71831635,0.558832941,0.044179489
73.06370367,0.217871476,1.716212948,0.599394311,0.047719237
73.06834234,0.219164011,1.715565747,0.559734305,0.051258986
73.07298101,0.212862904,1.709821841,0.548016576,0.045044761
73.07761968,0.213186038,1.705534136,0.568747943,0.044572794
73.08225835,0.219648711,1.706828538,0.605703858,0.05086568
73.08689702,0.215044057,1.707071238,0.539002938,0.048820492
73.09153569,0.210600969,1.704563335,0.557030214,0.044100828
73.09617436,0.214559356,1.703592534,0.586775218,0.046617982
73.10081303,0.21867931,1.705210536,0.568747943,0.051966935
73.1054517,0.21181272,1.701246432,0.53720021,0.045910033
73.11009037,0.211166452,1.696958727,0.558832941,0.044100828
73.11472904,0.217548343,1.696149726,0.602098403,0.049213798
73.11936771,0.21512484,1.694450825,0.536298847,0.05007907
73.12400638,0.209873918,1.687655217,0.544411121,0.044494133
73.12864505,0.21205507,1.681992211,0.566043851,0.045438066
73.13328372,0.217629126,1.679403409,0.571452034,0.051730952
73.13792239,0.211651153,1.672526901,0.518271571,0.047325932
73.14256106,0.209389217,1.665488594,0.541707029,0.044808778
73.14719973,0.21488249,1.663223392,0.583169763,0.048899153
73.1518384,0.215528757,1.66160539,0.53720021,0.051652291
73.15647707,0.209470001,1.654405282,0.527285209,0.045280744
73.16111574,0.209793134,1.648823176,0.547115212,0.044887439
73.16575441,0.216417375,1.648256876,0.579564308,0.051180325
73.17039308,0.211893503,1.644616372,0.516468843,0.048427187
73.17503175,0.208177466,1.639034266,0.539002938,0.044022167
73.17967042,0.212216637,1.635879163,0.573254762,0.046617982
73.18430909,0.215528757,1.636121863,0.551622031,0.051730952
73.18894776,0.209066084,1.630458857,0.52277839,0.045516727
73.19358643,0.208339033,1.62382505,0.540805665,0.044415472
73.1982251,0.215044057,1.622854249,0.582268399,0.049607103
73.20286377,0.212539771,1.619699145,0.516468843,0.049843086
73.20750244,0.207288848,1.613146238,0.529087936,0.044179489
73.21214111,0.209712351,1.608454033,0.553424758,0.045438066
73.21677978,0.214963273,1.608454033,0.557030214,0.05157363
73.22141845,0.208823733,1.604166329,0.507455206,0.046617982
73.22605712,0.206884931,1.598017922,0.528186573,0.044415472
73.23069579,0.212216637,1.597208922,0.57055067,0.048584509
73.23533446,0.212458987,1.59599542,0.521877026,0.050944341
73.23997313,0.206804148,1.590656015,0.520074299,0.044494133
73.2446118,0.208096683,1.587905412,0.543509757,0.044494133
73.24925047,0.214559356,1.589280713,0.572353398,0.051023002
73.25388914,0.209793134,1.587662711,0.510159297,0.047955221
73.25852781,0.206400231,1.582727806,0.531792028,0.044022167
73.26316648,0.211166452,1.582323306,0.567846579,0.046696643
73.26780515,0.214317006,1.584669408,0.541707029,0.051258986
73.27244382,0.207692765,1.581190705,0.517370207,0.044887439
73.27708249,0.207773549,1.578925502,0.53720021,0.043707522
73.28172116,0.214397789,1.581676105,0.578662944,0.049607103
73.28635983,0.211247236,1.581271605,0.511962024,0.04937112
73.2909985,0.207127281,1.578035601,0.526383845,0.044336811
73.29563717,0.209793134,1.5769839,0.553424758,0.045910033
73.30027584,0.21512484,1.580381704,0.553424758,0.051730952
73.30491451,0.208419816,1.579168202,0.507455206,0.046303338
73.30955318,0.206723364,1.5772266,0.529087936,0.043864845
73.31419185,0.212620554,1.578278301,0.571452034,0.048348526
73.31883052,0.212782121,1.579330003,0.519172935,0.050157731
73.32346919,0.206804148,1.574475997,0.520074299,0.044336811
73.32810786,0.2085006,1.572857996,0.542608393,0.044494133
73.33274653,0.214478573,1.574637798,0.565142488,0.051101663
73.3373852,0.209389217,1.572453495,0.50384975,0.047404593
73.34202387,0.206481014,1.568165791,0.524581117,0.043707522
73.34666254,0.210924102,1.567033189,0.56333976,0.046853965
73.35130121,0.213347605,1.568732091,0.530890664,0.051101663
73.35593988,0.206965715,1.564363487,0.511962024,0.045202083
73.36057855,0.206965715,1.561127483,0.532693391,0.04425815
73.36521722,0.213751522,1.562421885,0.573254762,0.049921747
73.36985589,0.210197051,1.561855584,0.505652478,0.048820492
73.37449456,0.20591553,1.55845778,0.52277839,0.043864845
73.37913323,0.20874295,1.557082479,0.553424758,0.045674049
73.3837719,0.213751522,1.558862281,0.548016576,0.051023002
73.38841057,0.207127281,1.556354378,0.506553842,0.045674049
73.39304924,0.205511613,1.552956575,0.527285209,0.043628861
73.39768791,0.21181272,1.554089176,0.571452034,0.048741831
73.40232658,0.211085669,1.555868978,0.514666116,0.049843086
73.40696525,0.205592397,1.553037475,0.521877026,0.0435502
73.41160392,0.207692765,1.551581273,0.545312484,0.04425815
73.41624259,0.213589955,1.554089176,0.564241124,0.05086568
73.42088126,0.207773549,1.551743073,0.50384975,0.046853965
73.42551993,0.205350046,1.547536269,0.526383845,0.043392878
73.4301586,0.210358618,1.546727268,0.565142488,0.046775304
73.43479727,0.212216637,1.548102569,0.5299893,0.05086568
73.43943594,0.20591553,1.544138465,0.513764752,0.044572794
73.44407461,0.205753963,1.540336161,0.532693391,0.043786184
73.44871328,0.212458987,1.541630563,0.568747943,0.049607103
73.45335195,0.208581383,1.540012561,0.500244295,0.048269865
73.45799062,0.204703779,1.535077656,0.518271571,0.0435502
73.46262929,0.208015899,1.532650653,0.54891794,0.045595388
73.46726796,0.21205507,1.534106855,0.538101574,0.051258986
73.47190663,0.20543083,1.530628151,0.499342932,0.04575271
73.4765453,0.204380645,1.526340446,0.520975662,0.043864845
73.48118397,0.210762535,1.527230347,0.564241124,0.048741831
73.48582264,0.209470001,1.527230347,0.50384975,0.049764425
73.49046131,0.203976728,1.522861743,0.512863388,0.043707522
73.49509998,0.206238664,1.521648241,0.539002938,0.044572794
73.49973865,0.212701337,1.524803345,0.554326122,0.051101663
73.50437732,0.206642581,1.522619042,0.498441568,0.046617982
73.50901599,0.204380645,1.52003024,0.521877026,0.043864845
73.51365466,0.209631567,1.521162841,0.56333976,0.047404593
73.51829333,0.211408803,1.523508943,0.521877026,0.05086568
73.522932,0.204784562,1.519706639,0.510159297,0.044651455
73.52757067,0.205269263,1.517198737,0.5299893,0.044022167
73.53220934,0.212216637,1.519383039,0.564241124,0.050315053
73.53684801,0.207935116,1.518654938,0.49663884,0.048269865
73.54148668,0.204138295,1.515014434,0.517370207,0.044100828
73.54612535,0.208258249,1.515014434,0.549819303,0.046224677
73.55076402,0.212378204,1.516875136,0.533594755,0.051180325
73.55540269,0.205188479,1.513234632,0.500244295,0.045516727
73.56004136,0.204299862,1.509836829,0.520074299,0.043707522
73.56468003,0.211166452,1.51129303,0.565142488,0.049135137
73.5693187,0.209631567,1.512344731,0.502047023,0.049607103
73.57395737,0.204057512,1.508461527,0.513764752,0.043786184
73.57859604,0.206481014,1.507571626,0.539002938,0.044887439
73.58323471,0.21229742,1.510322229,0.549819303,0.051258986
73.58787338,0.206400231,1.508380627,0.495737476,0.046696643
73.59251205,0.204299862,1.504497423,0.517370207,0.0435502
73.59715072,0.210035485,1.505549124,0.558832941,0.047561915
73.60178939,0.210924102,1.507733427,0.514666116,0.050551036
73.60642806,0.205026913,1.504659223,0.508356569,0.044494133
73.61106673,0.206077097,1.502636721,0.530890664,0.043786184
73.6157054,0.213105255,1.505549124,0.562438396,0.050000408
73.62034407,0.208581383,1.505710924,0.497540204,0.047247271
73.62498274,0.205996314,1.503122122,0.519172935,0.042999573
73.62962141,0.210924102,1.503607522,0.554326122,0.04575271
73.63426008,0.215286407,1.506600825,0.533594755,0.050944341
73.63889875,0.209308434,1.504740123,0.505652478,0.0449661
73.64353742,0.209954701,1.502717621,0.526383845,0.043392878
73.64817609,0.217548343,1.505468224,0.571452034,0.049213798
73.65281476,0.216417375,1.507652527,0.505652478,0.049135137
73.65745343,0.212378204,1.505225524,0.519172935,0.043628861
73.6620921,0.215932674,1.505549124,0.547115212,0.044572794
73.66673077,0.221829864,1.508461527,0.551622031,0.050944341
73.67136944,0.215690324,1.507490726,0.501145659,0.046146016
73.67600811,0.213347605,1.504901924,0.52277839,0.043156895
73.68064678,0.219164011,1.506439025,0.566043851,0.047640576
73.68528545,0.219244794,1.509189628,0.51556748,0.050000408
73.68992412,0.213266821,1.507571626,0.512863388,0.044022167
73.69456279,0.214155439,1.507409826,0.536298847,0.044179489
73.69920146,0.220375762,1.512587432,0.564241124,0.050315053
73.70384013,0.215286407,1.513396433,0.501145659,0.047247271
73.7084788,0.211731936,1.511454831,0.52277839,0.043392878
73.71311747,0.216498158,1.512506532,0.557030214,0.046146016
73.71775614,0.218840877,1.514771734,0.529087936,0.050787019
73.72239481,0.21229742,1.511859331,0.50384975,0.044651455
73.72703348,0.211731936,1.510241329,0.523679754,0.043471539
73.73167215,0.217871476,1.512749232,0.566945215,0.049135137
73.73631082,0.214801706,1.513720033,0.500244295,0.04866317
73.74094949,0.210277835,1.51137393,0.517370207,0.043314217
73.74558816,0.213024471,1.511535731,0.548016576,0.045123422
73.75022683,0.21795226,1.516389736,0.548016576,0.050629697
73.7548655,0.211651153,1.517360537,0.506553842,0.045595388
73.75950417,0.210197051,1.519221239,0.531792028,0.043314217
73.76414284,0.216336591,1.529171949,0.58947931,0.047797898
73.76878151,0.217467559,1.551257673,0.579564308,0.049685764
73.77342018,0.213024471,1.575123198,0.621928406,0.043864845
73.77805885,0.21488249,1.594862819,0.651673411,0.044179489
73.78269752,0.221587514,1.608696734,0.654377502,0.050787019
73.78733619,0.215851891,1.611042836,0.571452034,0.047089949
73.79197486,0.212862904,1.609667535,0.581367036,0.043314217
73.79661353,0.217629126,1.610233835,0.607506585,0.046381999
73.8012522,0.219729495,1.609505735,0.56333976,0.050708358
73.80589087,0.212782121,1.603600028,0.530890664,0.044494133
73.81052954,0.212458987,1.597856122,0.542608393,0.043314217
73.81516821,0.218760094,1.596723521,0.578662944,0.049292459
73.81980688,0.215447974,1.593649318,0.506553842,0.048584509
73.82444555,0.210600969,1.587015511,0.521877026,0.043471539
73.82908422,0.213509172,1.583860407,0.549819303,0.045516727
73.83372289,0.218275393,1.584184008,0.542608393,0.051101663
73.83836156,0.211489586,1.579168202,0.499342932,0.045359405
73.84300023,0.209712351,1.573828797,0.520975662,0.043235556
73.8476389,0.215690324,1.572615295,0.565142488,0.048033882
73.85227757,0.214963273,1.570350093,0.507455206,0.050000408
73.85691624,0.209389217,1.564363487,0.511962024,0.043943506
73.86155491,0.210439402,1.561127483,0.535397483,0.044572794
73.86619358,0.216013458,1.561855584,0.554326122,0.050551036
73.87083225,0.210358618,1.55821508,0.494836113,0.046853965
73.87547092,0.207531199,1.553037475,0.516468843,0.043471539
73.88010959,0.212378204,1.551419473,0.557030214,0.047011288
73.88474826,0.214317006,1.552228474,0.520074299,0.050629697
73.88938693,0.207773549,1.547940769,0.505652478,0.044415472
73.8940256,0.207854332,1.544866566,0.526383845,0.043786184
73.89866427,0.214478573,1.546160967,0.566043851,0.049764425
73.90330294,0.210600969,1.544219365,0.498441568,0.047955221
73.90794161,0.206884931,1.53960806,0.518271571,0.043471539
73.91258028,0.210439402,1.538718159,0.54891794,0.045910033
73.91721895,0.213913089,1.540740662,0.538101574,0.051180325
73.92185762,0.207450415,1.536776557,0.501145659,0.045516727
73.92649629,0.206077097,1.533621454,0.521877026,0.043707522
73.93113496,0.212458987,1.534511355,0.564241124,0.04866317
73.93577363,0.210843319,1.534268655,0.502948387,0.049528442
73.9404123,0.205834747,1.530304551,0.511060661,0.043707522
73.94505097,0.208177466,1.528443849,0.535397483,0.044415472
73.94968964,0.213913089,1.531275352,0.550720667,0.050787019
73.95432831,0.207450415,1.528686549,0.494836113,0.04646066
73.95896698,0.205753963,1.526421346,0.518271571,0.0435502
73.96360565,0.210762535,1.527553948,0.559734305,0.047011288
73.96824432,0.212135853,1.52998095,0.519172935,0.050472375
73.97288299,0.206077097,1.527392147,0.508356569,0.044022167
73.97752166,0.206561798,1.525207845,0.527285209,0.043707522
73.98216033,0.213186038,1.526987647,0.561537032,0.050157731
73.986799,0.208823733,1.525693246,0.495737476,0.047797898
73.99143767,0.205592397,1.522376342,0.51556748,0.042920912
73.99607634,0.20922765,1.521890942,0.54891794,0.045831371
74.00071501,0.212782121,1.523185343,0.530890664,0.050787019
74.00535368,0.206077097,1.519383039,0.497540204,0.0449661
74.00999235,0.20543083,1.515257135,0.518271571,0.043314217
74.01463102,0.211651153,1.516551536,0.561537032,0.04866317
74.01926969,0.209712351,1.516470636,0.498441568,0.049449781
74.02390836,0.204219078,1.512344731,0.509257933,0.043314217
74.02854703,0.207046498,1.51080763,0.534496119,0.044572794
74.0331857,0.212378204,1.512830132,0.544411121,0.050551036
74.03782437,0.206238664,1.510403129,0.491230657,0.046146016
74.04246304,0.204138295,1.507086226,0.514666116,0.043156895
74.04710171,0.209712351,1.508704228,0.558832941,0.047404593
74.05174038,0.210762535,1.509755929,0.514666116,0.050472375
74.05637905,0.20567318,1.506196325,0.510159297,0.044179489
74.06101772,0.207288848,1.504497423,0.535397483,0.043786184
74.06565639,0.214074656,1.507814327,0.566043851,0.050236392
74.07029506,0.209631567,1.507248026,0.500244295,0.047404593
74.07493373,0.206238664,1.503769322,0.520074299,0.043235556
74.0795724,0.210439402,1.503607522,0.552523395,0.045910033
74.08421107,0.213670738,1.505872725,0.529087936,0.050944341
74.08884974,0.207369632,1.503769322,0.500244295,0.044808778
74.09348841,0.206804148,1.502394021,0.521877026,0.043314217
74.09812708,0.213266821,1.506358125,0.566043851,0.049056476
74.10276575,0.211004886,1.508137927,0.501145659,0.04866317
74.10740442,0.206400231,1.505872725,0.516468843,0.043314217
74.11204309,0.209389217,1.506681725,0.543509757,0.044730116
74.11668176,0.214559356,1.51056493,0.545312484,0.050629697
74.12132043,0.208258249,1.508623328,0.495737476,0.045516727
74.1259591,0.20591553,1.505710924,0.517370207,0.043392878
74.13059777,0.211974287,1.507409826,0.558832941,0.047561915
74.13523644,0.211974287,1.508866028,0.509257933,0.05007907
74.13987511,0.206238664,1.506034525,0.506553842,0.043786184
74.14451378,0.207369632,1.504254723,0.5299893,0.044022167
74.14915245,0.213913089,1.507167126,0.557931577,0.050315053
74.15379112,0.20874295,1.507086226,0.495737476,0.047089949
74.15842979,0.20543083,1.504821024,0.518271571,0.043078234
74.16306846,0.209873918,1.505144624,0.553424758,0.046381999
74.16770713,0.212458987,1.508137927,0.527285209,0.050944341
74.1723458,0.206077097,1.507248026,0.505652478,0.044651455
74.17698447,0.205996314,1.507814327,0.528186573,0.043864845
74.18162314,0.212458987,1.512991932,0.57055067,0.049528442
74.18626181,0.20922765,1.514448134,0.502948387,0.04866317
74.19090048,0.204542212,1.511697531,0.518271571,0.043471539
74.19553915,0.207531199,1.511859331,0.546213848,0.044730116
74.20017782,0.212943688,1.516551536,0.544411121,0.051023002
74.20481649,0.206481014,1.516551536,0.500244295,0.045595388
74.20945516,0.204865346,1.515580735,0.52277839,0.043156895
74.21409383,0.211166452,1.52035384,0.566945215,0.048112543
74.2187325,0.211328019,1.524560644,0.511962024,0.050000408
74.22337117,0.20567318,1.523994344,0.514666116,0.044100828
74.22800984,0.207450415,1.528605649,0.541707029,0.044494133
74.23264851,0.214074656,1.543086764,0.572353398,0.050629697
74.23728718,0.209793134,1.559590382,0.520975662,0.047089949
74.24192585,0.207692765,1.578682802,0.55612885,0.043314217
74.24656452,0.213266821,1.601820226,0.602098403,0.046539321
74.25120319,0.215771107,1.621317147,0.572353398,0.050787019
74.25584186,0.210116268,1.630458857,0.54891794,0.044336811
74.26048053,0.210197051,1.634018461,0.560635669,0.043864845
74.2651192,0.217225209,1.638063465,0.595788856,0.049607103
74.26975787,0.214074656,1.638225265,0.521877026,0.048427187
74.27439654,0.210277835,1.63393756,0.535397483,0.043314217
74.27903521,0.213913089,1.63369486,0.565142488,0.045280744
74.28367388,0.218840877,1.637497164,0.560635669,0.050787019
74.28831255,0.212620554,1.635151062,0.518271571,0.045202083
74.29295122,0.211408803,1.630701557,0.535397483,0.043471539
74.29758989,0.217305992,1.630054356,0.577761581,0.047955221
74.30222856,0.216740508,1.628274554,0.517370207,0.049292459
74.30686723,0.211085669,1.622126148,0.521877026,0.043628861
74.3115059,0.212458987,1.618242944,0.547115212,0.044179489
74.31614457,0.219083228,1.619375545,0.565142488,0.050472375
74.32078324,0.213105255,1.616301342,0.507455206,0.046539321
74.32542191,0.210035485,1.611932737,0.531792028,0.042999573
74.33006058,0.214963273,1.611690037,0.573254762,0.04646066
74.33469925,0.216578942,1.612984438,0.542608393,0.050000408
74.33933792,0.210439402,1.609101234,0.535397483,0.044100828
74.34397659,0.210520185,1.606755132,0.559734305,0.043392878
74.34861526,0.217225209,1.608211333,0.598492948,0.049528442
74.35325393,0.213186038,1.605784331,0.527285209,0.047876559
74.3578926,0.208823733,1.599716824,0.539904302,0.043314217
74.36253127,0.212378204,1.59623812,0.566945215,0.045123422
74.36716994,0.216659725,1.59567182,0.550720667,0.05086568
74.37180861,0.209873918,1.589927914,0.509257933,0.045202083
74.37644728,0.2089853,1.584184008,0.526383845,0.042999573
74.38108595,0.215205623,1.582646906,0.568747943,0.048269865
74.38572462,0.213347605,1.580381704,0.505652478,0.049292459
74.39036329,0.208177466,1.574152397,0.513764752,0.043471539
74.39500196,0.210197051,1.570269193,0.53720021,0.044179489
74.39964063,0.216013458,1.570835494,0.551622031,0.050472375
74.4042793,0.210197051,1.566871389,0.495737476,0.046224677
74.40891797,0.207854332,1.563069085,0.517370207,0.042920912
74.41355664,0.213105255,1.562421885,0.559734305,0.046932627
74.41819531,0.214478573,1.564525287,0.519172935,0.049921747
74.42283398,0.207935116,1.562260084,0.511060661,0.043628861
74.42747265,0.208904517,1.561612884,0.535397483,0.043235556
74.43211132,0.215528757,1.564767987,0.569649307,0.049843086
74.43674999,0.211408803,1.564687087,0.502948387,0.047640576
74.44138866,0.207531199,1.561289283,0.521877026,0.043078234
74.44602733,0.21181272,1.561855584,0.55612885,0.045516727
74.450666,0.21536719,1.565253388,0.540805665,0.050551036
74.45530467,0.20874295,1.563797186,0.509257933,0.044336811
74.45994334,0.208096683,1.562179184,0.5299893,0.042684928
74.46458201,0.214559356,1.566628689,0.575958853,0.048348526
74.46922068,0.212458987,1.568893891,0.512863388,0.048741831
74.47385935,0.208177466,1.568084891,0.525482481,0.04276359
74.47849802,0.210358618,1.568570291,0.551622031,0.043943506
74.48313669,0.216175024,1.572777096,0.560635669,0.050236392
74.48777536,0.210116268,1.570754593,0.507455206,0.045516727
74.49241403,0.208581383,1.568570291,0.5299893,0.043078234
74.4970527,0.214478573,1.569945593,0.574156125,0.046853965
74.50169137,0.21512484,1.573262496,0.531792028,0.049764425
74.50633004,0.209146867,1.571563594,0.528186573,0.043471539
74.51096871,0.210116268,1.570592793,0.548016576,0.0435502
74.51560738,0.216578942,1.573747897,0.576860217,0.049921747
74.52024605,0.211408803,1.573181596,0.510159297,0.047089949
74.52488472,0.208015899,1.570350093,0.530890664,0.042842251
74.52952339,0.212135853,1.570997294,0.566945215,0.045516727
74.53416206,0.21512484,1.574880498,0.543509757,0.050472375
74.53880073,0.209066084,1.572777096,0.514666116,0.044651455
74.5434394,0.208015899,1.572615295,0.535397483,0.042920912
74.54807807,0.21512484,1.5769839,0.580465672,0.04866317
74.55271674,0.212458987,1.578359202,0.514666116,0.048427187
74.55735541,0.208015899,1.5767412,0.529087936,0.043392878
74.56199408,0.209954701,1.5769839,0.557030214,0.044494133
74.56663275,0.215286407,1.582646906,0.561537032,0.050393714
74.57127142,0.2085006,1.583294107,0.516468843,0.045595388
74.57591009,0.207208065,1.584345808,0.541707029,0.042684928
74.58054876,0.213186038,1.591060515,0.587676582,0.04716861
74.58518743,0.213589955,1.601011226,0.547115212,0.049685764
74.5898261,0.207692765,1.606916932,0.550720667,0.043314217
74.59446477,0.20874295,1.615977741,0.575958853,0.043471539
74.59910344,0.214801706,1.627384654,0.606605222,0.049764425
74.60374211,0.210116268,1.63377576,0.547115212,0.046539321
74.60838078,0.207208065,1.637335364,0.572353398,0.042684928
74.61301945,0.211974287,1.64267477,0.606605222,0.045595388
74.61765812,0.214963273,1.646234374,0.573254762,0.050000408
74.62229679,0.208339033,1.64283657,0.541707029,0.044179489
74.62693546,0.207773549,1.637739864,0.552523395,0.042920912
74.63157413,0.214640139,1.635798262,0.586775218,0.048977814
74.6362128,0.211247236,1.631348758,0.514666116,0.048348526
74.64085147,0.206319447,1.622611548,0.526383845,0.042999573
74.64549014,0.209146867,1.618404744,0.554326122,0.044494133
74.65012881,0.213751522,1.617676643,0.550720667,0.050236392
74.65476748,0.207611982,1.612013637,0.504751114,0.045595388
74.65940615,0.205996314,1.606674232,0.526383845,0.043078234
74.66404482,0.212539771,1.60521803,0.57055067,0.047089949
74.66868349,0.212216637,1.604004529,0.513764752,0.049292459
74.67332216,0.206481014,1.597451622,0.513764752,0.043235556
74.67796083,0.207935116,1.592112216,0.534496119,0.043864845
74.6825995,0.214720923,1.592193116,0.55612885,0.050157731
74.68723817,0.209066084,1.588552612,0.495737476,0.046696643
74.69187684,0.20615788,1.583213207,0.519172935,0.043235556
74.69651551,0.211004886,1.581918805,0.558832941,0.046381999
74.70115418,0.213509172,1.582242406,0.525482481,0.050629697
74.70579285,0.206884931,1.5770648,0.506553842,0.044022167
74.71043152,0.206965715,1.572938896,0.526383845,0.043235556
74.71507019,0.213347605,1.572777096,0.565142488,0.049685764
74.71970886,0.210116268,1.570269193,0.497540204,0.048191204
74.72434753,0.205753963,1.565253388,0.514666116,0.043078234
74.7289862,0.208581383,1.562745485,0.544411121,0.045123422
74.73362487,0.213266821,1.563473586,0.536298847,0.050787019
74.73826354,0.206481014,1.559185881,0.493934749,0.045202083
74.74290221,0.205026913,1.554331876,0.514666116,0.043156895
74.74754088,0.211489586,1.554412776,0.559734305,0.048033882
74.75217955,0.210116268,1.554008276,0.501145659,0.049135137
74.75681822,0.205107696,1.549235171,0.508356569,0.043156895
74.76145689,0.206481014,1.546969968,0.532693391,0.043943506
74.76609556,0.213024471,1.54907337,0.550720667,0.050236392
74.77073423,0.206965715,1.546808168,0.493033385,0.046381999
74.7753729,0.204703779,1.543491265,0.514666116,0.042842251
74.78001157,0.209389217,1.543733965,0.555227486,0.046617982
74.78465024,0.21157037,1.545594667,0.516468843,0.050236392
74.78928891,0.205107696,1.542196863,0.502948387,0.044022167
74.79392758,0.20567318,1.53944626,0.523679754,0.043392878
74.79856625,0.212135853,1.541387862,0.561537032,0.049607103
74.80320492,0.207773549,1.540578861,0.493934749,0.047876559
74.80784359,0.203895945,1.537100158,0.513764752,0.043078234
74.81248226,0.207935116,1.536776557,0.545312484,0.045044761
74.81712093,0.212135853,1.53912266,0.532693391,0.050472375
74.8217596,0.205753963,1.536129357,0.49663884,0.044730116
74.82639827,0.204865346,1.534187755,0.517370207,0.042842251
74.83103694,0.211085669,1.536776557,0.56333976,0.048112543
74.83567561,0.209631567,1.53896086,0.502047023,0.049292459
74.84031428,0.204461429,1.536857457,0.512863388,0.043235556
74.84495295,0.206481014,1.536857457,0.538101574,0.044100828
74.84959162,0.212701337,1.541145162,0.551622031,0.050000408
74.85423029,0.206561798,1.540336161,0.49663884,0.045988694
74.85886896,0.204622996,1.538070959,0.518271571,0.042842251
74.86350763,0.209954701,1.53879906,0.558832941,0.046539321
74.8681463,0.211004886,1.540497961,0.51556748,0.049764425
74.87278497,0.205107696,1.537181058,0.504751114,0.043471539
74.87742364,0.20567318,1.534511355,0.525482481,0.043392878
74.88206231,0.212620554,1.535724856,0.559734305,0.049213798
74.88670098,0.208177466,1.534673155,0.493033385,0.046932627
74.89133965,0.204299862,1.53022365,0.512863388,0.042448945
74.89597832,0.207935116,1.52957645,0.545312484,0.0449661
74.90061699,0.21205507,1.531194451,0.528186573,0.050472375
74.90525566,0.205834747,1.528605649,0.497540204,0.04425815
74.90989433,0.205026913,1.526340446,0.518271571,0.042842251
74.914533,0.211489586,1.528686549,0.56333976,0.048269865
74.91917167,0.209146867,1.52998095,0.499342932,0.048977814
74.92381034,0.204138295,1.526744947,0.51556748,0.042999573
74.92844901,0.207046498,1.526178646,0.540805665,0.044494133
74.93308768,0.212378204,1.529091049,0.548016576,0.050315053
74.93772635,0.206238664,1.527230347,0.495737476,0.04575271
74.94236502,0.204703779,1.524479744,0.516468843,0.042842251
74.94700369,0.209873918,1.525369645,0.558832941,0.046853965
74.95164236,0.210681752,1.527634848,0.510159297,0.049213798
74.95628103,0.204542212,1.524965145,0.504751114,0.043314217
74.9609197,0.205511613,1.523832544,0.527285209,0.043314217
74.96555837,0.212135853,1.526825847,0.557030214,0.049528442
74.97019704,0.207369632,1.526097746,0.493033385,0.046775304
74.97483571,0.204380645,1.523347143,0.514666116,0.042606267
74.97947438,0.208177466,1.524317944,0.551622031,0.045280744
74.98411305,0.211489586,1.528929249,0.531792028,0.050157731
74.98875172,0.205592397,1.52973825,0.511962024,0.044179489
74.99339039,0.205026913,1.530951751,0.536298847,0.04276359
74.99802906,0.211893503,1.537423758,0.581367036,0.048112543
75.00266773,0.209954701,1.544300265,0.516468843,0.048112543
75.0073064,0.205592397,1.549801471,0.536298847,0.043078234
75.01194507,0.209308434,1.559347681,0.566945215,0.044336811
75.01658374,0.214720923,1.570511893,0.567846579,0.050472375
75.02122241,0.2085006,1.572453495,0.514666116,0.045359405
75.02586108,0.207046498,1.570269193,0.531792028,0.042606267
75.03049975,0.212378204,1.570673693,0.569649307,0.047011288
75.03513842,0.212620554,1.570997294,0.514666116,0.049528442
75.03977709,0.206804148,1.566062388,0.510159297,0.043628861
75.04441576,0.208096683,1.563473586,0.530890664,0.043314217
75.04905443,0.213913089,1.564120786,0.555227486,0.049921747
75.0536931,0.20874295,1.561451084,0.492132021,0.046381999
75.05833177,0.205592397,1.556192578,0.513764752,0.04276359
75.06297044,0.209873918,1.554412776,0.549819303,0.045988694
75.06760911,0.212620554,1.556030778,0.520074299,0.049921747
75.07224778,0.205834747,1.551662173,0.498441568,0.043628861
75.07688645,0.205350046,1.54834527,0.519172935,0.04276359
75.08152512,0.211893503,1.550691372,0.561537032,0.048505848
75.08616379,0.20874295,1.550529572,0.494836113,0.047719237
75.09080246,0.204057512,1.547293569,0.512863388,0.042606267
75.09544113,0.207369632,1.54818347,0.543509757,0.044179489
75.1000798,0.212378204,1.552794774,0.543509757,0.050000408
75.10471847,0.205753963,1.553441975,0.501145659,0.044651455
75.10935714,0.204461429,1.554817277,0.524581117,0.042370284
75.11399581,0.211004886,1.560965683,0.572353398,0.047089949
75.11863448,0.210358618,1.568812991,0.520074299,0.04866317
75.12327315,0.204622996,1.574152397,0.528186573,0.04276359
75.12791182,0.206723364,1.584426708,0.557030214,0.042999573
75.13255049,0.213105255,1.601496626,0.583169763,0.049607103
75.13718916,0.2085006,1.619780045,0.530890664,0.04575271
75.14182783,0.206561798,1.639034266,0.564241124,0.042291623
75.1464665,0.21157037,1.662818891,0.610210677,0.045595388
75.15110517,0.214720923,1.69032492,0.581367036,0.049449781
75.15574384,0.209793134,1.721228753,0.577761581,0.043235556
75.16038251,0.210762535,1.766532801,0.614717496,0.042134301
75.16502118,0.218598527,1.817985256,0.66339114,0.048348526
75.16965985,0.216175024,1.866039907,0.602999766,0.047089949
75.17429852,0.213589955,1.900260643,0.618322951,0.042291623
75.17893719,0.217225209,1.918624962,0.63725159,0.044100828
75.18357586,0.22150673,1.924692469,0.61111204,0.049449781
75.18821453,0.215044057,1.917492361,0.551622031,0.044494133
75.1928532,0.213509172,1.904791048,0.558832941,0.042448945
75.19749187,0.219083228,1.894678537,0.592183401,0.047011288
75.20213054,0.217709909,1.882381724,0.525482481,0.048269865
75.20676921,0.212216637,1.865311806,0.524581117,0.042448945
75.21140788,0.214317006,1.85018349,0.545312484,0.043156895
75.21604655,0.219971845,1.839909179,0.558832941,0.049213798
75.22068522,0.213993872,1.826075264,0.500244295,0.045280744
75.22532389,0.210924102,1.811270549,0.521877026,0.041898318
75.22996256,0.215609541,1.801238938,0.562438396,0.045516727
75.23460123,0.217548343,1.79363433,0.525482481,0.049213798
75.2392399,0.210762535,1.781337517,0.513764752,0.042842251
75.24387857,0.210924102,1.772519407,0.539002938,0.042370284
75.24851724,0.217548343,1.770092405,0.583169763,0.048191204
75.25315591,0.213670738,1.764914799,0.520074299,0.046539321
75.25779458,0.210035485,1.75609669,0.539002938,0.041662335
75.26243325,0.212943688,1.748492082,0.569649307,0.044022167
75.26707192,0.216659725,1.743880777,0.550720667,0.049607103
75.27171059,0.210277835,1.733282866,0.511060661,0.043628861
75.27634926,0.209066084,1.721795054,0.528186573,0.041740996
75.28098793,0.21512484,1.714756746,0.566945215,0.046932627
75.2856266,0.213105255,1.706747638,0.502948387,0.047797898
75.29026527,0.207369632,1.694289024,0.510159297,0.042291623
75.29490394,0.209389217,1.685147315,0.533594755,0.043314217
75.29954261,0.214963273,1.679646109,0.545312484,0.049449781
75.30418128,0.20922765,1.6707471,0.48942793,0.044887439
75.30881995,0.206642581,1.660391889,0.511060661,0.041740996
75.31345862,0.211893503,1.654486182,0.551622031,0.045674049
75.31809729,0.213105255,1.650117578,0.507455206,0.048977814
75.32273596,0.206642581,1.642108469,0.499342932,0.042842251
75.32737463,0.207208065,1.635393762,0.52277839,0.042684928
75.3320133,0.214397789,1.63369486,0.557931577,0.048977814
75.33665197,0.210197051,1.627546454,0.491230657,0.046303338
75.34129064,0.205996314,1.619537345,0.511060661,0.041740996
75.34592931,0.210035485,1.61508784,0.544411121,0.044336811
75.35056798,0.213266821,1.612337238,0.524581117,0.049213798
75.35520665,0.206723364,1.604409029,0.494836113,0.043471539
75.35984532,0.206238664,1.598017922,0.513764752,0.041819657
75.36448399,0.212862904,1.59575272,0.559734305,0.047325932
75.36912266,0.210600969,1.593083017,0.493934749,0.047640576
75.37376133,0.205511613,1.58653011,0.506553842,0.042134301
75.3784,0.207773549,1.582970506,0.535397483,0.043156895
75.38303867,0.213428388,1.582566006,0.541707029,0.049292459
75.38767734,0.207208065,1.5773884,0.490329294,0.044651455
75.39231601,0.205350046,1.572129895,0.513764752,0.041740996
75.39695468,0.211328019,1.571320894,0.558832941,0.045910033
75.40159335,0.211651153,1.572291695,0.511962024,0.048741831
75.40623202,0.20591553,1.569702892,0.508356569,0.042212962
75.41087069,0.207208065,1.566466889,0.530890664,0.042448945
75.41550936,0.213428388,1.568408491,0.558832941,0.048741831
75.42014803,0.208904517,1.566466889,0.492132021,0.045674049
75.4247867,0.205350046,1.561936484,0.513764752,0.041505012
75.42942537,0.209550784,1.560075782,0.548016576,0.044336811
75.43406404,0.212701337,1.561127483,0.523679754,0.048899153
75.43870271,0.20615788,1.556677979,0.495737476,0.042999573
75.44334138,0.205753963,1.552875674,0.514666116,0.041976979
75.44798005,0.212539771,1.553361075,0.558832941,0.047719237
75.45261872,0.209873918,1.552309374,0.491230657,0.047247271
75.45725739,0.205026913,1.547778969,0.506553842,0.041976979
75.46189606,0.207854332,1.545594667,0.534496119,0.043314217
75.46653473,0.212701337,1.547131768,0.536298847,0.049292459
75.4711734,0.206561798,1.543167664,0.488526566,0.044494133
75.47581207,0.204703779,1.53904176,0.510159297,0.041662335
75.48045074,0.210762535,1.539769861,0.553424758,0.046224677
75.48508941,0.210762535,1.540255261,0.501145659,0.048269865
75.48972808,0.204299862,1.535967557,0.501145659,0.042370284
75.49436675,0.20567318,1.533945054,0.523679754,0.042527606
75.49900542,0.21229742,1.537342858,0.550720667,0.048977814
75.50364409,0.207450415,1.536533857,0.48942793,0.045359405
75.50828276,0.204380645,1.532731553,0.511962024,0.041583673
75.51292143,0.209066084,1.532084352,0.549819303,0.044887439
75.5175601,0.211731936,1.534511355,0.520975662,0.048899153
75.52219877,0.205107696,1.531598952,0.498441568,0.042920912
75.52683744,0.205188479,1.52973825,0.519172935,0.041976979
75.53147611,0.211731936,1.532488853,0.559734305,0.047561915
75.53611478,0.208581383,1.532569753,0.491230657,0.046696643
75.54075345,0.204542212,1.528443849,0.508356569,0.041662335
75.54539212,0.207531199,1.527877548,0.539002938,0.043314217
75.55003079,0.212216637,1.531437152,0.536298847,0.049213798
75.55466946,0.205996314,1.52941465,0.493934749,0.043707522
75.55930813,0.204461429,1.526178646,0.514666116,0.041505012
75.5639468,0.210439402,1.528039348,0.557030214,0.046224677
75.56858547,0.210116268,1.52949555,0.502047023,0.048269865
75.57322414,0.204299862,1.525855046,0.504751114,0.042448945
75.57786281,0.205511613,1.524722445,0.528186573,0.042448945
75.58250148,0.211974287,1.526906747,0.549819303,0.048741831
75.58714015,0.206723364,1.525207845,0.488526566,0.045359405
75.59177882,0.203895945,1.522133642,0.511060661,0.041583673
75.59641749,0.2089853,1.523670744,0.550720667,0.044808778
75.60105616,0.210762535,1.526502247,0.516468843,0.048820492
75.60569483,0.203976728,1.523185343,0.500244295,0.042684928
75.6103335,0.204219078,1.521810042,0.520975662,0.042291623
75.61497217,0.211408803,1.525450545,0.561537032,0.048033882
75.61961084,0.207773549,1.526259546,0.494836113,0.04646066
75.62424951,0.204138295,1.524641545,0.516468843,0.041819657
75.62888818,0.207531199,1.527473048,0.549819303,0.043786184
75.63352685,0.21229742,1.533864154,0.546213848,0.049292459
75.63816552,0.206077097,1.534430455,0.509257933,0.043628861
75.64280419,0.205026913,1.534268655,0.528186573,0.041583673
75.64744286,0.21157037,1.537909159,0.568747943,0.046932627
75.65208153,0.210439402,1.538637259,0.505652478,0.048191204
75.6567202,0.204622996,1.535482156,0.511962024,0.042212962
75.66135887,0.207046498,1.534430455,0.535397483,0.043078234
75.66599754,0.213024471,1.537019258,0.549819303,0.049292459
75.67063621,0.207369632,1.535886656,0.492132021,0.045202083
75.67527488,0.204703779,1.532650653,0.513764752,0.041740996
75.67991355,0.210035485,1.533621454,0.553424758,0.045516727
75.68455222,0.211408803,1.536372057,0.513764752,0.049135137
75.68919089,0.20543083,1.533055153,0.502047023,0.04276359
75.69382956,0.205996314,1.531356252,0.524581117,0.042370284
75.69846823,0.212862904,1.533783254,0.559734305,0.048820492
75.7031069,0.208823733,1.533540554,0.493033385,0.04646066
75.70774557,0.204946129,1.52998095,0.511962024,0.04205564
75.71238424,0.208419816,1.53014275,0.545312484,0.044179489
75.71702291,0.212862904,1.532731553,0.5299893,0.049607103
75.72166158,0.206561798,1.530547251,0.493033385,0.043864845
75.72630025,0.205511613,1.528120248,0.51556748,0.042134301
75.73093892,0.212378204,1.530709051,0.561537032,0.048112543
75.73557759,0.210681752,1.531841652,0.500244295,0.049921747
75.74021626,0.20567318,1.528524749,0.511060661,0.045280744
75.74485493,0.207773549,1.527553948,0.535397483,0.046539321
75.7494936,0.213428388,1.530628151,0.545312484,0.052360241
75.75413227,0.207611982,1.529010149,0.492132021,0.048112543
75.75877094,0.205511613,1.527230347,0.517370207,0.044808778
75.76340961,0.210681752,1.52933375,0.559734305,0.048977814
75.76804828,0.211651153,1.531760752,0.516468843,0.052045596
75.77268695,0.205350046,1.52949555,0.507455206,0.04575271
75.77732562,0.20615788,1.528282048,0.527285209,0.045123422
75.78196429,0.212782121,1.531518052,0.559734305,0.051416308
75.78660296,0.208339033,1.530709051,0.493033385,0.048977814
75.79124163,0.204946129,1.52933375,0.513764752,0.044730116
75.7958803,0.2085006,1.530951751,0.54891794,0.046775304
75.80051897,0.211974287,1.533864154,0.528186573,0.051888274
75.80515764,0.20591553,1.532569753,0.499342932,0.04575271
75.80979631,0.204946129,1.532084352,0.520074299,0.044336811
75.81443498,0.21157037,1.535563056,0.564241124,0.049764425
75.81907365,0.209389217,1.538232759,0.500244295,0.049607103
75.82371232,0.204784562,1.537990059,0.51556748,0.044179489
75.82835099,0.207369632,1.541549662,0.546213848,0.045202083
75.83298966,0.213266821,1.549801471,0.554326122,0.051337647
75.83762833,0.206723364,1.553765575,0.507455206,0.046381999
75.842267,0.205269263,1.558781381,0.535397483,0.043864845
75.84690567,0.211651153,1.572857996,0.586775218,0.048191204
75.85154434,0.211974287,1.590494214,0.551622031,0.050236392
75.85618301,0.20615788,1.601577526,0.550720667,0.044179489
75.86082168,0.206804148,1.610152935,0.567846579,0.043628861
75.86546035,0.213670738,1.619941846,0.592183401,0.050315053
75.87009902,0.209308434,1.625847552,0.524581117,0.047247271
75.87473769,0.206400231,1.628274554,0.543509757,0.043156895
75.87937636,0.211328019,1.634099361,0.578662944,0.046146016
75.88401503,0.21512484,1.643807371,0.558832941,0.05086568
75.8886537,0.209793134,1.658288486,0.550720667,0.044336811
75.89329237,0.212862904,1.691942922,0.600295675,0.043314217
75.89793104,0.223041615,1.744851578,0.676010233,0.048741831
75.90256971,0.222960832,1.791935428,0.625533861,0.048584509
75.90720838,0.219002444,1.816448154,0.627336589,0.043314217
75.91184705,0.222799265,1.827126965,0.631843407,0.044887439
75.91648572,0.22764627,1.832870871,0.612013404,0.050551036
75.92112439,0.220779679,1.827531466,0.54891794,0.045595388
75.92576306,0.218921661,1.817985256,0.557931577,0.043235556
75.93040173,0.2245765,1.81240315,0.591282037,0.047404593
75.9350404,0.223930233,1.807063744,0.5299893,0.04937112
75.93967907,0.217467559,1.796870333,0.526383845,0.043314217
75.94431774,0.218921661,1.789670226,0.544411121,0.043628861
75.94895641,0.224495717,1.786191522,0.566043851,0.050000408
75.95359508,0.218760094,1.779719515,0.502948387,0.046381999
75.95823375,0.215609541,1.771467706,0.523679754,0.042606267
75.96287242,0.219971845,1.766694601,0.559734305,0.045595388
75.96751109,0.222072214,1.764348499,0.5299893,0.049921747
75.97214976,0.21512484,1.758523693,0.511962024,0.043707522
75.97678843,0.214801706,1.756743891,0.535397483,0.042684928
75.9814271,0.221102813,1.761355196,0.580465672,0.048269865
75.98606577,0.217225209,1.768393503,0.518271571,0.047247271
75.99070444,0.213428388,1.777454313,0.544411121,0.042291623
75.99534311,0.216498158,1.794686031,0.583169763,0.04425815
75.99998178,0.221183596,1.816852654,0.584972491,0.050000408
76.00462045,0.214640139,1.833760772,0.548016576,0.044100828
76.00925912,0.212782121,1.849131789,0.573254762,0.04205564
76.01389779,0.219002444,1.865069106,0.614717496,0.047247271
76.01853646,0.218760094,1.876880518,0.554326122,0.048427187
76.02317513,0.212943688,1.87833672,0.550720667,0.042527606
76.0278138,0.214317006,1.876314218,0.565142488,0.042999573
76.03245247,0.220052629,1.873725415,0.576860217,0.049292459
76.03709114,0.213993872,1.863612904,0.511962024,0.045438066
76.04172981,0.211489586,1.84994079,0.528186573,0.042134301
76.04636848,0.215690324,1.839181078,0.561537032,0.045359405
76.05100715,0.217386776,1.830282069,0.52277839,0.049213798
76.05564582,0.210681752,1.816529054,0.504751114,0.042842251
76.06028449,0.210843319,1.80366594,0.521877026,0.042134301
76.06492316,0.217063642,1.796384933,0.559734305,0.048269865
76.06956183,0.213266821,1.786434222,0.493934749,0.046775304
76.0742005,0.209308434,1.77446101,0.514666116,0.041583673
76.07883917,0.212862904,1.766856401,0.549819303,0.043943506
76.08347784,0.217548343,1.764186699,0.540805665,0.049843086
76.08811651,0.211247236,1.754640488,0.502948387,0.043786184
76.09275518,0.210197051,1.743638077,0.521877026,0.041898318
76.09739385,0.216336591,1.73708517,0.562438396,0.047089949
76.10203252,0.214720923,1.729642362,0.501145659,0.048427187
76.10667119,0.20922765,1.71791185,0.508356569,0.042291623
76.11130986,0.211085669,1.708203839,0.531792028,0.042920912
76.11594853,0.216659725,1.703107134,0.547115212,0.049449781
76.1205872,0.211004886,1.695178925,0.490329294,0.045123422
76.12522587,0.208904517,1.685470915,0.512863388,0.041819657
76.12986454,0.214155439,1.68029331,0.554326122,0.045516727
76.13450321,0.215690324,1.676410106,0.51556748,0.049135137
76.13914188,0.209712351,1.667106596,0.502948387,0.042999573
76.14378055,0.210197051,1.659582888,0.523679754,0.042370284
76.14841922,0.216659725,1.656751385,0.557931577,0.04866317
76.15305789,0.212216637,1.651250179,0.490329294,0.046775304
76.15769656,0.208581383,1.64267477,0.511060661,0.042291623
76.16233523,0.211974287,1.637092664,0.543509757,0.045123422
76.1669739,0.215932674,1.634422961,0.526383845,0.050629697
76.17161257,0.2085006,1.626737453,0.492132021,0.0449661
76.17625124,0.207773549,1.619375545,0.512863388,0.043314217
76.18088991,0.214236222,1.617353043,0.557030214,0.048505848
76.18552858,0.21229742,1.61476424,0.494836113,0.049056476
76.19016725,0.207127281,1.608130433,0.505652478,0.043392878
76.19480592,0.209308434,1.60505623,0.531792028,0.044494133
76.19944459,0.214801706,1.60562253,0.542608393,0.050472375
76.20408326,0.208419816,1.602143827,0.491230657,0.045988694
76.20872193,0.20615788,1.599716824,0.518271571,0.042842251
76.2133606,0.211651153,1.601577526,0.56333976,0.046932627
76.21799927,0.212620554,1.602871928,0.518271571,0.050000408
76.22263794,0.205996314,1.597937022,0.507455206,0.043392878
76.22727661,0.206884931,1.593244817,0.525482481,0.043156895
76.23191528,0.213670738,1.592921217,0.555227486,0.049449781
76.23655395,0.208904517,1.589523413,0.487625202,0.046775304
76.24119262,0.205511613,1.583779507,0.508356569,0.04276359
76.24583129,0.209631567,1.581676105,0.541707029,0.045202083
76.25046996,0.213266821,1.582242406,0.520975662,0.05007907
76.25510863,0.206561798,1.577712001,0.493033385,0.043943506
76.2597473,0.20591553,1.574718698,0.514666116,0.042684928
76.26438597,0.212943688,1.575770399,0.558832941,0.048112543
76.26902464,0.210520185,1.575365898,0.494836113,0.047876559
76.27366331,0.205107696,1.570754593,0.507455206,0.042606267
76.27830198,0.207692765,1.568812991,0.533594755,0.043943506
76.28294065,0.213589955,1.572048995,0.539002938,0.050315053
76.28757932,0.207611982,1.571078194,0.490329294,0.045044761
76.29221799,0.205834747,1.570754593,0.516468843,0.042212962
76.29685666,0.211974287,1.5766603,0.56333976,0.046381999
76.30149533,0.212862904,1.583294107,0.516468843,0.049213798
76.306134,0.206884931,1.584588508,0.514666116,0.042999573
76.31077267,0.207935116,1.58653011,0.535397483,0.042999573
76.31541134,0.215044057,1.590736915,0.561537032,0.048977814
76.32005001,0.209954701,1.589927914,0.494836113,0.045988694
76.32468868,0.207046498,1.58604471,0.516468843,0.041976979
76.32932735,0.21157037,1.584588508,0.549819303,0.044887439
76.33396602,0.214155439,1.584912108,0.521877026,0.049449781
76.33860469,0.207692765,1.580705304,0.497540204,0.043314217
76.34324336,0.207208065,1.576255799,0.516468843,0.042212962
76.34788203,0.213751522,1.5766603,0.558832941,0.047797898
76.3525207,0.211004886,1.575204098,0.493033385,0.047247271
76.35715937,0.206481014,1.572534395,0.513764752,0.042212962
76.36179804,0.209146867,1.572615295,0.54891794,0.043707522
76.36643671,0.214478573,1.576174899,0.54891794,0.049685764
76.37107538,0.208258249,1.573505196,0.500244295,0.044336811
76.37571405,0.206723364,1.570269193,0.520074299,0.041976979
76.38035272,0.212701337,1.571482694,0.561537032,0.046696643
76.38499139,0.212782121,1.572372595,0.508356569,0.04866317
76.38963006,0.206804148,1.570188293,0.508356569,0.042606267
76.39426873,0.208096683,1.568003991,0.530890664,0.042842251
76.3989074,0.214640139,1.569136592,0.554326122,0.049213798
76.40354607,0.20922765,1.565981488,0.490329294,0.045988694
76.40818474,0.206319447,1.562179184,0.512863388,0.041819657
76.41282341,0.211004886,1.561289283,0.54891794,0.044808778
76.41746208,0.213105255,1.561208383,0.517370207,0.049292459
76.42210075,0.206561798,1.556273478,0.495737476,0.042842251
76.42673942,0.206400231,1.552713874,0.514666116,0.041740996
76.43137809,0.212862904,1.553118375,0.554326122,0.047876559
76.43601676,0.209389217,1.551500373,0.486723839,0.046932627
76.44065543,0.205269263,1.547050868,0.504751114,0.041976979
76.4452941,0.208015899,1.545594667,0.534496119,0.043471539
76.44993277,0.212701337,1.547293569,0.529087936,0.048977814
76.45457144,0.206481014,1.544704766,0.488526566,0.043943506
76.45921011,0.205107696,1.542601364,0.511962024,0.041819657
76.46384878,0.211651153,1.546241867,0.559734305,0.04646066
76.46848745,0.210924102,1.54907337,0.502948387,0.048269865
76.47312612,0.20567318,1.54899247,0.511060661,0.04205564
76.47776479,0.207208065,1.552309374,0.539904302,0.042448945
76.48240346,0.214155439,1.561451084,0.565142488,0.048741831
76.48704213,0.208662166,1.567033189,0.510159297,0.044808778
76.4916808,0.206804148,1.573262496,0.539002938,0.041505012
76.49631947,0.213266821,1.590089714,0.593084765,0.044808778
76.50095814,0.216740508,1.609505735,0.571452034,0.04866317
76.50559681,0.210924102,1.617595743,0.553424758,0.042527606
76.51023548,0.211166452,1.619618245,0.561537032,0.041976979
76.51487415,0.218113827,1.622045248,0.587676582,0.047955221
76.51951282,0.214236222,1.618485644,0.510159297,0.046303338
76.52415149,0.210035485,1.611204636,0.520975662,0.041740996
76.52879016,0.213266821,1.606512431,0.547115212,0.043628861
76.53342883,0.217225209,1.60481353,0.530890664,0.048977814
76.5380675,0.210116268,1.597451622,0.48942793,0.0435502
76.54270617,0.209146867,1.590736915,0.508356569,0.041505012
76.54734484,0.21536719,1.589199813,0.552523395,0.046696643
76.55198351,0.213832305,1.586853711,0.492132021,0.047797898
76.55662218,0.208339033,1.580300804,0.499342932,0.041976979
76.56126085,0.210681752,1.5767412,0.524581117,0.042606267
76.56589952,0.216740508,1.5773884,0.540805665,0.049135137
76.57053819,0.211166452,1.573747897,0.484921111,0.045044761
76.57517686,0.209793134,1.570188293,0.509257933,0.041662335
76.57981553,0.215690324,1.569702892,0.549819303,0.045202083
76.5844542,0.217386776,1.569702892,0.508356569,0.048741831
76.58909287,0.211004886,1.564606187,0.49663884,0.042606267
76.59373154,0.211893503,1.562017384,0.518271571,0.041976979
76.59837021,0.21795226,1.563958986,0.553424758,0.048269865
76.60300888,0.213913089,1.563069085,0.487625202,0.046067355
76.60764755,0.209873918,1.559509482,0.507455206,0.041505012
76.61228622,0.213993872,1.559266781,0.540805665,0.044179489
76.61692489,0.217790693,1.561855584,0.524581117,0.049292459
76.62156356,0.210520185,1.55805328,0.491230657,0.043314217
76.62620223,0.210116268,1.556030778,0.512863388,0.041583673
76.6308409,0.216659725,1.558781381,0.558832941,0.046696643
76.63547957,0.214640139,1.560318482,0.49663884,0.046853965
76.64011824,0.209550784,1.557325179,0.507455206,0.041505012
76.64475691,0.211893503,1.556354378,0.532693391,0.042527606
76.64939558,0.217144425,1.55845778,0.540805665,0.048899153
76.65403425,0.211489586,1.554979077,0.486723839,0.04425815
76.65867292,0.20922765,1.551014973,0.507455206,0.041111707
76.66331159,0.214720923,1.551581273,0.548016576,0.045359405
76.66795026,0.21536719,1.552147574,0.502948387,0.048112543
76.67258893,0.2089853,1.548021669,0.495737476,0.041662335
76.6772276,0.210358618,1.547212668,0.519172935,0.041583673
76.68186627,0.217225209,1.551257673,0.550720667,0.048033882
76.68650494,0.212539771,1.551581273,0.485822475,0.045674049
76.69114361,0.208904517,1.550125072,0.510159297,0.041111707
76.69578228,0.213347605,1.551743073,0.546213848,0.044022167
76.70042095,0.216578942,1.555545377,0.525482481,0.04866317
76.70505962,0.209470001,1.552794774,0.495737476,0.042842251
76.70969829,0.209308434,1.550367772,0.514666116,0.041505012
76.71433696,0.215690324,1.552794774,0.557931577,0.046775304
76.71897563,0.213024471,1.552875674,0.492132021,0.046932627
76.7236143,0.20874295,1.549720571,0.507455206,0.041269029
76.72825297,0.212135853,1.54866887,0.535397483,0.042606267
76.73289164,0.21795226,1.552471174,0.540805665,0.048820492
76.73753031,0.21205507,1.551095873,0.492132021,0.044100828
76.74216898,0.210762535,1.550286872,0.514666116,0.041190368
76.74680765,0.216659725,1.555383577,0.559734305,0.045438066
76.75144632,0.218033043,1.565172488,0.514666116,0.048033882
76.75608499,0.212135853,1.570026493,0.514666116,0.042134301
76.76072366,0.213832305,1.575284998,0.53720021,0.041976979
76.76536233,0.220214195,1.581109804,0.561537032,0.048427187
76.770001,0.21512484,1.580219903,0.493934749,0.045359405
76.77463967,0.21157037,1.575932199,0.511962024,0.041269029
76.77927834,0.215609541,1.573828797,0.544411121,0.044100828
76.78391701,0.21843696,1.573019796,0.514666116,0.048584509
76.78855568,0.21157037,1.566466889,0.488526566,0.042212962
76.79319435,0.210681752,1.560642083,0.508356569,0.041269029
76.79783302,0.217225209,1.559428581,0.54891794,0.046932627
76.80247169,0.214155439,1.556273478,0.480414292,0.046381999
76.80711036,0.209550784,1.549720571,0.494836113,0.041269029
76.81174903,0.211731936,1.546403668,0.524581117,0.042842251
76.8163877,0.216417375,1.547698069,0.523679754,0.048584509
76.82102637,0.209873918,1.543167664,0.478611565,0.043314217
76.82566504,0.208177466,1.538232759,0.501145659,0.040718402
76.83030371,0.213751522,1.538151859,0.544411121,0.045595388
76.83494238,0.213589955,1.537666458,0.490329294,0.047483254
76.83958105,0.207773549,1.533055153,0.492132021,0.04134769
76.84421972,0.2089853,1.530385451,0.513764752,0.041976979
76.84885839,0.215044057,1.531518052,0.53720021,0.048348526
76.85349706,0.209712351,1.52965735,0.476808837,0.044572794
76.85813573,0.206804148,1.526097746,0.500244295,0.041033046
76.8627744,0.21181272,1.527230347,0.539904302,0.044179489
76.86741307,0.214397789,1.52941465,0.510159297,0.048584509
76.87205174,0.207854332,1.525935946,0.490329294,0.042448945
76.87669041,0.207854332,1.523589843,0.510159297,0.041269029
76.88132908,0.215609541,1.525207845,0.551622031,0.047247271
76.88596775,0.213993872,1.525288745,0.486723839,0.045910033
76.89060642,0.210277835,1.52003024,0.504751114,0.040561079
76.89524509,0.213751522,1.518250438,0.531792028,0.042684928
76.89988376,0.21843696,1.521001041,0.525482481,0.04866317
76.90452243,0.211651153,1.518493138,0.483118383,0.042920912
76.9091611,0.210439402,1.515499835,0.50384975,0.040875724
76.91379977,0.216740508,1.517036936,0.548016576,0.045674049
76.91843844,0.215447974,1.518331338,0.490329294,0.047247271
76.92307711,0.209550784,1.515095334,0.497540204,0.040875724
76.92771578,0.211247236,1.514933534,0.521877026,0.041583673
76.93235445,0.217305992,1.519625739,0.541707029,0.048191204
76.93699312,0.211166452,1.519221239,0.483118383,0.044179489
76.94163179,0.208581383,1.517360537,0.505652478,0.040403757
76.94627046,0.213105255,1.519868439,0.544411121,0.044100828
76.95090913,0.21512484,1.523104443,0.507455206,0.047876559
76.9555478,0.208581383,1.52043474,0.493934749,0.041898318
76.96018647,0.208823733,1.519383039,0.511962024,0.041190368
76.96482514,0.215447974,1.522457242,0.549819303,0.047404593
76.96946381,0.21157037,1.522457242,0.483118383,0.045831371
76.97410248,0.207773549,1.518654938,0.501145659,0.040797063
76.97874115,0.211651153,1.519383039,0.532693391,0.042527606
76.98337982,0.215286407,1.521890942,0.520074299,0.048741831
76.98801849,0.20874295,1.519625739,0.483118383,0.04276359
76.99265716,0.207854332,1.517036936,0.502047023,0.040797063
76.99729583,0.213913089,1.518250438,0.545312484,0.04575271
77.0019345,0.21181272,1.518412238,0.484019747,0.046932627
77.00657317,0.206884931,1.514529034,0.493033385,0.041033046
77.01121184,0.2089853,1.513396433,0.519172935,0.041976979
77.01585051,0.214397789,1.515580735,0.532693391,0.047955221
77.02048918,0.208177466,1.513072832,0.476808837,0.043943506
77.02512785,0.20591553,1.51056493,0.500244295,0.040718402
77.02976652,0.211166452,1.51137393,0.540805665,0.044336811
77.03440519,0.212135853,1.513396433,0.498441568,0.048112543
77.03904386,0.20567318,1.509998629,0.488526566,0.041662335
77.04368253,0.206400231,1.508137927,0.510159297,0.041269029
77.0483212,0.212943688,1.51072673,0.544411121,0.047561915
77.05295987,0.208662166,1.51064583,0.479512928,0.045438066
77.05759854,0.204784562,1.507086226,0.502047023,0.040875724
77.06223721,0.208339033,1.507409826,0.53720021,0.043314217
77.06687588,0.212135853,1.51072673,0.518271571,0.048741831
77.07151455,0.20543083,1.508299727,0.485822475,0.042212962
77.07615322,0.204946129,1.506115425,0.505652478,0.040875724
77.08079189,0.211408803,1.508461527,0.549819303,0.046224677
77.08543056,0.208823733,1.509189628,0.484921111,0.046853965
77.09006923,0.203895945,1.505549124,0.495737476,0.041190368
77.0947079,0.206400231,1.504254723,0.521877026,0.042370284
77.09934657,0.21205507,1.507086226,0.5299893,0.048741831
77.10398524,0.205996314,1.504982824,0.478611565,0.0435502
77.10862391,0.203815161,1.50190862,0.501145659,0.040954385
77.11326258,0.209066084,1.503688422,0.542608393,0.044651455
77.11790125,0.209712351,1.505225524,0.495737476,0.047719237
77.12253992,0.203895945,1.502717621,0.48942793,0.041505012
77.12717859,0.204703779,1.50142322,0.511060661,0.041583673
77.13181726,0.21157037,1.504173823,0.541707029,0.047561915
77.13645593,0.206884931,1.502555821,0.476808837,0.044887439
77.1410946,0.203492028,1.499805218,0.500244295,0.041033046
77.14573327,0.207773549,1.50109962,0.536298847,0.043628861
77.15037194,0.210924102,1.503850222,0.512863388,0.048427187
77.15501061,0.203976728,1.500533319,0.485822475,0.042291623
77.15964928,0.203895945,1.498996217,0.504751114,0.041111707
77.16428795,0.210439402,1.500856919,0.547115212,0.046696643
77.16892662,0.207773549,1.50166592,0.480414292,0.046146016
77.17356529,0.20284576,1.497620916,0.494836113,0.040875724
77.17820396,0.205511613,1.496973715,0.521877026,0.042212962
77.18284263,0.210439402,1.499481618,0.524581117,0.048191204
77.1874813,0.204622996,1.497459116,0.475006109,0.043235556
77.19211997,0.20284576,1.494870313,0.498441568,0.040718402
77.19675864,0.208662166,1.495760214,0.541707029,0.045123422
77.20139731,0.209066084,1.497378216,0.491230657,0.047325932
77.20603598,0.202926544,1.494304012,0.48942793,0.041426351
77.21067465,0.204542212,1.493171411,0.511962024,0.041583673
77.21531332,0.210681752,1.496245614,0.538101574,0.047797898
77.21995199,0.205269263,1.495598414,0.475006109,0.044887439
77.22459066,0.202199493,1.492928711,0.49663884,0.040954385
77.22922933,0.207127281,1.493980412,0.534496119,0.043786184
77.233868,0.209389217,1.496569215,0.506553842,0.048584509
77.23850667,0.203007327,1.493980412,0.484019747,0.042370284
77.24314534,0.202926544,1.491553409,0.504751114,0.040875724
77.24778401,0.209550784,1.493575912,0.547115212,0.046853965
77.25242268,0.206561798,1.495274813,0.481315656,0.045910033
77.25706135,0.202441843,1.49244331,0.500244295,0.040718402
77.26170002,0.20543083,1.49220061,0.5299893,0.042212962
77.26633869,0.210439402,1.496245614,0.529087936,0.048427187
77.27097736,0.204138295,1.494465813,0.484921111,0.042999573
77.27561603,0.202684193,1.492605111,0.507455206,0.040875724
77.2802547,0.208823733,1.495598414,0.552523395,0.045359405
77.28489337,0.208904517,1.498025416,0.49663884,0.047325932
77.28953204,0.20284576,1.495274813,0.499342932,0.041269029
77.29417071,0.204299862,1.494708513,0.52277839,0.041662335
77.29880938,0.210762535,1.499319818,0.545312484,0.047876559
77.30344805,0.205511613,1.498915317,0.483118383,0.044494133
77.30808672,0.20284576,1.497216415,0.50384975,0.040639741
77.31272539,0.207611982,1.499158018,0.542608393,0.043943506
77.31736406,0.209873918,1.502394021,0.509257933,0.047955221
77.32200273,0.203411244,1.500452419,0.490329294,0.042134301
77.3266414,0.203734378,1.500776019,0.511962024,0.041190368
77.33128007,0.210681752,1.505710924,0.553424758,0.046853965
77.33591874,0.207127281,1.507248026,0.486723839,0.046067355
77.34055741,0.20284576,1.505306424,0.505652478,0.041033046
77.34519608,0.206481014,1.505872725,0.536298847,0.042527606
77.34983475,0.210924102,1.509513228,0.527285209,0.048348526
77.35447342,0.204299862,1.507571626,0.485822475,0.04276359
77.35911209,0.203007327,1.504821024,0.504751114,0.040482418
77.36375076,0.208823733,1.506681725,0.548016576,0.045516727
77.36838943,0.208339033,1.508785128,0.488526566,0.046932627
77.3730281,0.203007327,1.505549124,0.493033385,0.041033046
77.37766677,0.204865346,1.504740123,0.517370207,0.041662335
77.38230544,0.210843319,1.507976127,0.535397483,0.047797898
77.38694411,0.204946129,1.507652527,0.477710201,0.043864845
77.39158278,0.202684193,1.506196325,0.501145659,0.040639741
77.39622145,0.207773549,1.508461527,0.541707029,0.044100828
77.40086012,0.210277835,1.512102031,0.50384975,0.047876559
77.40549879,0.203895945,1.510241329,0.490329294,0.041583673
77.41013746,0.204703779,1.509836829,0.511060661,0.040639741
77.41477613,0.211408803,1.513558233,0.548016576,0.046932627
77.4194148,0.207611982,1.514124533,0.480414292,0.045123422
77.42405347,0.203572811,1.51129303,0.501145659,0.040875724
77.42869214,0.207450415,1.512021131,0.533594755,0.042842251
77.43333081,0.211974287,1.516227936,0.521877026,0.048427187
77.43796948,0.20567318,1.515985235,0.485822475,0.042212962
77.44260815,0.204946129,1.515580735,0.507455206,0.040561079
77.44724682,0.211247236,1.518574038,0.552523395,0.045674049
77.45188549,0.209712351,1.521890942,0.491230657,0.046539321
77.45652416,0.204461429,1.52003024,0.500244295,0.040875724
77.46116283,0.206319447,1.52011114,0.524581117,0.041662335
77.4658015,0.212539771,1.524803345,0.538101574,0.048112543
77.47044017,0.206804148,1.525046045,0.484019747,0.0435502
77.47507884,0.204299862,1.523751644,0.506553842,0.040561079
77.47971751,0.209873918,1.525693246,0.546213848,0.044179489
77.48435618,0.210843319,1.527958448,0.502948387,0.047561915
77.48899485,0.204865346,1.525935946,0.493934749,0.041583673
77.49363352,0.205592397,1.525288745,0.51556748,0.041111707
77.49827219,0.212135853,1.529171949,0.54891794,0.047325932
77.50291086,0.208015899,1.530385451,0.483118383,0.045123422
77.50754953,0.204299862,1.527877548,0.50384975,0.040403757
77.5121882,0.208015899,1.528686549,0.538101574,0.042999573
77.51682687,0.212135853,1.531679852,0.519172935,0.047797898
77.52146554,0.205107696,1.529010149,0.485822475,0.042291623
77.52610421,0.204622996,1.526744947,0.506553842,0.040797063
77.53074288,0.211489586,1.528929249,0.549819303,0.045910033
77.53538155,0.209389217,1.529252849,0.484921111,0.046224677
77.54002022,0.204946129,1.525855046,0.497540204,0.040875724
77.54465889,0.207208065,1.524075244,0.52277839,0.04205564
77.54929756,0.212782121,1.526906747,0.5299893,0.048033882
77.55393623,0.206561798,1.524884245,0.477710201,0.043471539
77.5585749,0.204380645,1.521081941,0.500244295,0.040718402
77.56321357,0.209631567,1.521486441,0.542608393,0.044808778
77.56785224,0.210600969,1.522780843,0.494836113,0.047561915
77.57249091,0.204461429,1.519544839,0.48942793,0.041190368
77.57712958,0.20567318,1.518412238,0.511060661,0.041269029
77.58176825,0.21229742,1.521001041,0.541707029,0.047561915
77.58640692,0.207531199,1.519625739,0.477710201,0.0449661
77.59104559,0.205026913,1.516227936,0.500244295,0.040875724
77.59568426,0.210358618,1.516551536,0.536298847,0.043628861
77.60032293,0.214478573,1.519059439,0.513764752,0.048191204
77.6049616,0.20922765,1.516875136,0.487625202,0.042134301
77.60960027,0.210843319,1.515014434,0.508356569,0.040875724
77.61423894,0.218275393,1.517603237,0.552523395,0.046381999
77.61887761,0.216094241,1.518250438,0.486723839,0.046146016
77.62351628,0.21157037,1.515904335,0.502948387,0.040797063
77.62815495,0.214236222,1.515904335,0.5299893,0.04205564
77.63279362,0.219244794,1.519868439,0.532693391,0.048191204
77.63743229,0.213024471,1.518007738,0.484921111,0.043471539
77.64207096,0.210924102,1.516875136,0.506553842,0.040561079
77.64670963,0.216578942,1.519383039,0.549819303,0.045280744
77.6513483,0.216013458,1.523428043,0.500244295,0.047483254
77.65598697,0.209873918,1.525450545,0.502948387,0.041426351
77.66062564,0.211166452,1.531194451,0.530890664,0.041740996
77.66526431,0.217386776,1.541468762,0.559734305,0.048269865
77.66990298,0.21181272,1.545513767,0.497540204,0.044572794
77.67454165,0.208823733,1.543814865,0.51556748,0.040639741
77.67918032,0.213024471,1.545351967,0.548016576,0.0435502
77.68381899,0.21536719,1.546889068,0.51556748,0.047955221
77.68845766,0.2089853,1.543248564,0.491230657,0.041898318
77.69309633,0.20874295,1.540821562,0.510159297,0.040954385
77.697735,0.215528757,1.542601364,0.550720667,0.046617982
77.70237367,0.212135853,1.542035063,0.48221702,0.045674049
77.70701234,0.207692765,1.538070959,0.498441568,0.040954385
77.71165101,0.210277835,1.536372057,0.527285209,0.042606267
77.71628968,0.21512484,1.538556359,0.523679754,0.048033882
77.72092835,0.20874295,1.535643956,0.479512928,0.042842251
77.72556702,0.207773549,1.531841652,0.501145659,0.040482418
77.73020569,0.213186038,1.532569753,0.545312484,0.045359405
77.73484436,0.212458987,1.532812453,0.488526566,0.047089949
77.73948303,0.206642581,1.528443849,0.492132021,0.041190368
77.7441217,0.207935116,1.526097746,0.51556748,0.041269029
77.74876037,0.213913089,1.528201148,0.53720021,0.047955221
77.75339904,0.208177466,1.527149447,0.475907473,0.044022167
77.75803771,0.205592397,1.524479744,0.499342932,0.040167774
77.76267638,0.210358618,1.525046045,0.53720021,0.043943506
77.76731505,0.212539771,1.526744947,0.502948387,0.047797898
77.77195372,0.20567318,1.522376342,0.484921111,0.041426351
77.77659239,0.206481014,1.519383039,0.504751114,0.040718402
77.78123106,0.212701337,1.521486441,0.545312484,0.046696643
77.78586973,0.20874295,1.521243741,0.477710201,0.045280744
77.7905084,0.204461429,1.517845937,0.495737476,0.040561079
77.79514707,0.207935116,1.516875136,0.526383845,0.042684928
77.79978574,0.212378204,1.519706639,0.518271571,0.047876559
77.80442441,0.205996314,1.517198737,0.478611565,0.042527606
77.80906308,0.204299862,1.514286334,0.500244295,0.040325096
77.81370175,0.210197051,1.516389736,0.544411121,0.045359405
77.81834042,0.209470001,1.517441437,0.484921111,0.046775304
77.82297909,0.204138295,1.513558233,0.491230657,0.040639741
77.82761776,0.205834747,1.512102031,0.51556748,0.041190368
77.83225643,0.21181272,1.515823435,0.533594755,0.047640576
77.8368951,0.205753963,1.513881833,0.475006109,0.043314217
77.84153377,0.203330461,1.510241329,0.498441568,0.040010452
77.84617244,0.208258249,1.51072673,0.539002938,0.043628861
77.85081111,0.209712351,1.512506532,0.499342932,0.047561915
77.85544978,0.203411244,1.509594129,0.485822475,0.041269029
77.86008845,0.203895945,1.507490726,0.506553842,0.040718402
77.86472712,0.210924102,1.51080763,0.543509757,0.046932627
77.86936579,0.206642581,1.51121213,0.477710201,0.0449661
77.87400446,0.202764977,1.509432328,0.498441568,0.040325096
77.87864313,0.206561798,1.51080763,0.531792028,0.043078234
77.8832818,0.211166452,1.515499835,0.520074299,0.048269865
77.88792047,0.204622996,1.514609934,0.485822475,0.042448945
77.89255914,0.203492028,1.514529034,0.507455206,0.040718402
77.89719781,0.209954701,1.517603237,0.552523395,0.045674049
77.90183648,0.208339033,1.519221239,0.48942793,0.046146016
77.90647515,0.203168894,1.517198737,0.499342932,0.040482418
77.91111382,0.20543083,1.516875136,0.523679754,0.041505012
77.91575249,0.211247236,1.52003024,0.534496119,0.047876559
77.92039116,0.205592397,1.518088638,0.479512928,0.043235556
77.92502983,0.202926544,1.515176234,0.502948387,0.040246435
77.9296685,0.208177466,1.516227936,0.543509757,0.044179489
77.93430717,0.209308434,1.518412238,0.498441568,0.047089949
77.93894584,0.203411244,1.515014434,0.48942793,0.040797063
77.94358451,0.204219078,1.513720033,0.511060661,0.040797063
77.94822318,0.210843319,1.516632436,0.542608393,0.04716861
77.95286185,0.206561798,1.517036936,0.476808837,0.044808778
77.95750052,0.203249677,1.514529034,0.498441568,0.040639741
77.96213919,0.207288848,1.515823435,0.535397483,0.042999573
77.96677786,0.211247236,1.52059654,0.518271571,0.047561915
77.97141653,0.204461429,1.518897638,0.48942793,0.041898318
77.9760552,0.203815161,1.517198737,0.509257933,0.040403757
77.98069387,0.210439402,1.519625739,0.550720667,0.046146016
77.98533254,0.20874295,1.52051564,0.484921111,0.046067355
77.98997121,0.204138295,1.517926837,0.49663884,0.040561079
77.99460988,0.206238664,1.517117837,0.521877026,0.04205564
77.99924855,0.21181272,1.52011114,0.528186573,0.047640576
78.00388722,0.205592397,1.518816738,0.477710201,0.043078234
78.00852589,0.203492028,1.516875136,0.500244295,0.040482418
78.01316456,0.209389217,1.519706639,0.544411121,0.044336811
78.01780323,0.209873918,1.524641545,0.498441568,0.047325932
78.0224419,0.203572811,1.525046045,0.495737476,0.040954385
78.02708057,0.204865346,1.527715748,0.520975662,0.040875724
78.03171924,0.211004886,1.534430455,0.553424758,0.047719237
78.03635791,0.206400231,1.538718159,0.490329294,0.044179489
78.04099658,0.203168894,1.539769861,0.512863388,0.040010452
78.04563525,0.207935116,1.543329464,0.548016576,0.04276359
78.05027392,0.211004886,1.549316071,0.524581117,0.047561915
78.05491259,0.205026913,1.552875674,0.507455206,0.041505012
78.05955126,0.205996314,1.562179184,0.541707029,0.040325096
78.06418993,0.212782121,1.572857996,0.585873855,0.046146016
78.0688286,0.210681752,1.578359202,0.512863388,0.045674049
78.07346727,0.206077097,1.5773075,0.520975662,0.040403757
78.07810594,0.2085006,1.5771457,0.544411121,0.041898318
78.08274461,0.214236222,1.581190705,0.545312484,0.048269865
78.08738328,0.208096683,1.580381704,0.49663884,0.042920912
78.09202195,0.206561798,1.579330003,0.516468843,0.040482418
78.09666062,0.212135853,1.581837905,0.558832941,0.0449661
78.10129929,0.212862904,1.585478409,0.505652478,0.047404593
78.10593796,0.207208065,1.584993009,0.506553842,0.041033046
78.11057663,0.2085006,1.588229012,0.533594755,0.041269029
78.1152153,0.215205623,1.59551002,0.560635669,0.047640576
78.11985397,0.210843319,1.599716824,0.500244295,0.044100828
78.12449264,0.208904517,1.607240532,0.536298847,0.040167774
78.12913131,0.217386776,1.640247767,0.618322951,0.043235556
78.13376998,0.226272952,1.703349834,0.6444625,0.047797898
78.13840865,0.227000003,1.776159911,0.688629326,0.04205564
78.14304732,0.233705026,1.845410385,0.740007061,0.040718402
78.14768599,0.244530005,1.894193136,0.767047975,0.046696643
78.15232466,0.242591203,1.91595526,0.659785685,0.045674049
78.15696333,0.238228898,1.916926061,0.635448863,0.040875724
78.161602,0.241137101,1.910130453,0.63004068,0.042527606
78.16624067,0.245095489,1.901878645,0.600295675,0.048584509
78.17087934,0.237744197,1.886912129,0.538101574,0.043156895
78.17551801,0.235482262,1.86959951,0.544411121,0.040875724
78.18015668,0.240571617,1.857626298,0.577761581,0.045674049
78.18479535,0.239521433,1.845653085,0.513764752,0.047247271
78.18943402,0.233058759,1.829877568,0.511060661,0.040954385
78.19407269,0.233705026,1.815881853,0.5299893,0.041740996
78.19871136,0.238955949,1.806497443,0.546213848,0.048033882
78.20335003,0.232089358,1.793310729,0.484019747,0.044415472
78.2079887,0.228050187,1.778667814,0.504751114,0.040875724
78.21262737,0.232089358,1.768798003,0.541707029,0.044336811
78.21726604,0.233462676,1.760303494,0.504751114,0.048112543
78.22190471,0.225949818,1.74663138,0.486723839,0.042134301
78.22654338,0.225061201,1.734658167,0.506553842,0.041190368
78.23118205,0.231039174,1.72802436,0.545312484,0.047325932
78.23582072,0.226596086,1.719125351,0.476808837,0.045910033
78.24045939,0.222233781,1.707071238,0.49663884,0.041033046
78.24509806,0.224899634,1.69914303,0.529087936,0.042920912
78.24973673,0.228938805,1.695178925,0.520074299,0.048741831
78.2543754,0.221910647,1.686037216,0.484019747,0.043078234
78.25901407,0.220052629,1.677947207,0.505652478,0.041426351
78.26365274,0.225465118,1.674953904,0.550720667,0.045831371
78.26829141,0.223687882,1.670180799,0.491230657,0.04716861
78.27293008,0.218033043,1.66200989,0.498441568,0.041426351
78.27756875,0.219648711,1.655861484,0.525482481,0.041976979
78.28220742,0.225303551,1.655861484,0.545312484,0.048427187
78.28684609,0.219729495,1.654000782,0.501145659,0.04425815
78.29148476,0.217063642,1.65238278,0.539002938,0.041033046
78.29612343,0.222152997,1.653677181,0.583169763,0.044651455
78.3007621,0.223122398,1.65262548,0.535397483,0.047955221
78.30540077,0.216578942,1.644535472,0.514666116,0.041740996
78.31003944,0.216578942,1.638225265,0.528186573,0.041111707
78.31467811,0.223122398,1.636040963,0.558832941,0.047325932
78.31931678,0.218517744,1.630863357,0.488526566,0.045438066
78.32395545,0.214478573,1.622449748,0.50384975,0.040639741
78.32859412,0.217709909,1.618000244,0.535397483,0.042842251
78.33323279,0.22150673,1.616058641,0.518271571,0.048191204
78.33787146,0.21512484,1.609020334,0.484921111,0.042370284
78.34251013,0.21512484,1.603357328,0.507455206,0.040561079
78.3471488,0.223526316,1.602386527,0.557931577,0.04575271
78.35178747,0.222799265,1.601011226,0.497540204,0.04646066
78.35642614,0.217629126,1.595105519,0.504751114,0.040797063
78.36106481,0.219810278,1.591060515,0.528186573,0.041583673
78.36570348,0.225141984,1.591950416,0.538101574,0.047876559
78.37034215,0.21867931,1.586853711,0.48221702,0.043471539
78.37498082,0.216094241,1.581271605,0.50384975,0.040561079
78.37961949,0.220618112,1.579896303,0.545312484,0.044179489
78.38425816,0.22126438,1.579006402,0.500244295,0.047561915
78.38889683,0.21488249,1.572777096,0.490329294,0.041111707
78.3935355,0.214963273,1.568003991,0.511060661,0.040875724
78.39817417,0.22150673,1.568327591,0.541707029,0.04716861
78.40281284,0.216175024,1.565657888,0.476808837,0.044808778
78.40745151,0.212701337,1.561370183,0.49663884,0.040639741
78.41209018,0.215932674,1.560399382,0.531792028,0.042920912
78.41672885,0.219083228,1.560561183,0.511962024,0.047640576
78.42136752,0.212378204,1.556354378,0.48221702,0.041583673
78.42600619,0.211489586,1.552794774,0.502948387,0.039931791
78.43064486,0.217629126,1.554170076,0.547115212,0.04575271
78.43528353,0.214801706,1.553361075,0.481315656,0.046146016
78.4399222,0.210197051,1.54907337,0.494836113,0.040639741
78.44456087,0.212701337,1.54858797,0.524581117,0.041583673
78.44919954,0.217548343,1.552066674,0.531792028,0.047719237
78.45383821,0.211328019,1.550448672,0.484019747,0.042999573
78.45847688,0.209631567,1.549558771,0.506553842,0.040325096
78.46311555,0.21536719,1.552147574,0.549819303,0.044336811
78.46775422,0.215851891,1.555626277,0.502948387,0.046932627
78.47239289,0.210035485,1.554412776,0.499342932,0.040875724
78.47703156,0.211408803,1.555059977,0.521877026,0.040875724
78.48167023,0.21795226,1.560156682,0.549819303,0.04716861
78.4863089,0.212378204,1.561936484,0.486723839,0.044022167
78.49094757,0.209066084,1.561612884,0.510159297,0.040246435
78.49558624,0.213024471,1.565415188,0.547115212,0.043314217
78.50022491,0.216094241,1.571239994,0.520074299,0.047797898
78.50486358,0.20922765,1.571644494,0.49663884,0.041976979
78.50950225,0.208581383,1.572857996,0.520074299,0.040246435
78.51414092,0.21536719,1.5773884,0.562438396,0.045674049
78.51877959,0.212539771,1.578601902,0.493033385,0.045280744
78.52341826,0.208177466,1.575123198,0.504751114,0.040403757
78.52805693,0.210600969,1.572938896,0.5299893,0.041740996
78.5326956,0.215690324,1.574880498,0.5299893,0.047483254
78.53733427,0.209631567,1.571725394,0.483118383,0.042134301
78.54197294,0.207773549,1.56776129,0.506553842,0.039931791
78.54661161,0.214074656,1.568489391,0.549819303,0.044415472
78.55125028,0.213670738,1.568651191,0.495737476,0.046539321
78.55588895,0.207611982,1.564201686,0.495737476,0.040403757
78.56052762,0.2085006,1.561855584,0.517370207,0.040718402
78.56516629,0.21512484,1.564363487,0.541707029,0.047011288
78.56980496,0.209873918,1.563473586,0.479512928,0.043707522
78.57444363,0.206965715,1.560075782,0.501145659,0.040246435
78.5790823,0.211085669,1.560642083,0.539904302,0.043156895
78.58372097,0.213751522,1.563716286,0.508356569,0.047561915
78.58835964,0.207208065,1.561774684,0.48942793,0.041269029
78.59299831,0.207450415,1.562421885,0.511060661,0.040403757
78.59763698,0.213832305,1.568570291,0.555227486,0.046067355
78.60227565,0.210277835,1.573828797,0.491230657,0.0449661
78.60691432,0.206238664,1.575042298,0.510159297,0.040089113
78.61155299,0.209389217,1.577792901,0.539002938,0.041819657
78.61619166,0.214720923,1.584184008,0.534496119,0.047876559
78.62083033,0.208258249,1.585478409,0.493033385,0.042212962
78.625469,0.206965715,1.587905412,0.516468843,0.040089113
78.63010767,0.213428388,1.594458319,0.562438396,0.044651455
78.63474634,0.213105255,1.600202225,0.506553842,0.04646066
78.63938501,0.208096683,1.600364025,0.510159297,0.040561079
78.64402368,0.209631567,1.601820226,0.534496119,0.041033046
78.64866235,0.216094241,1.606431531,0.552523395,0.047640576
78.65330102,0.210358618,1.605946131,0.492132021,0.0435502
78.65793969,0.207773549,1.603195528,0.511962024,0.040246435
78.66257836,0.212943688,1.604328129,0.550720667,0.043471539
78.66721703,0.214801706,1.606350631,0.513764752,0.047483254
78.6718557,0.207935116,1.602548327,0.497540204,0.040875724
78.67649437,0.208581383,1.598746023,0.516468843,0.040482418
78.68113304,0.215932674,1.599474124,0.553424758,0.046617982
78.68577171,0.211731936,1.597937022,0.484019747,0.044572794
78.69041038,0.207854332,1.592354916,0.501145659,0.03985313
78.69504905,0.211004886,1.590008814,0.531792028,0.041898318
78.69968772,0.21536719,1.590089714,0.520074299,0.047404593
78.70432639,0.208096683,1.585802009,0.481315656,0.041819657
78.70896506,0.207127281,1.581109804,0.502047023,0.040089113
78.71360373,0.213913089,1.580624404,0.546213848,0.044887439
78.7182424,0.212539771,1.579087302,0.485822475,0.045831371
78.72288107,0.207288848,1.573828797,0.493934749,0.039931791
78.72751974,0.209146867,1.570673693,0.518271571,0.040875724
78.73215841,0.214963273,1.572857996,0.533594755,0.047247271
78.73679708,0.209146867,1.570430993,0.478611565,0.043156895
78.74143575,0.206965715,1.566628689,0.502047023,0.03985313
78.74607442,0.21205507,1.566709589,0.541707029,0.0435502
78.75071309,0.213105255,1.56759949,0.500244295,0.047089949
78.75535176,0.207127281,1.562907285,0.487625202,0.040797063
78.75999043,0.207208065,1.559185881,0.507455206,0.040089113
78.7646291,0.213913089,1.560237582,0.541707029,0.046696643
78.76926777,0.209389217,1.55797238,0.475006109,0.044572794
78.77390644,0.205996314,1.553684675,0.49663884,0.039931791
78.77854511,0.209470001,1.553118375,0.5299893,0.042606267
78.78318378,0.213589955,1.554089176,0.512863388,0.047404593
78.78782245,0.206642581,1.549720571,0.480414292,0.041583673
78.79246112,0.20567318,1.545190166,0.499342932,0.039931791
78.79709979,0.21205507,1.545594667,0.543509757,0.045202083
78.80173846,0.210277835,1.545028366,0.479512928,0.045674049
78.80637713,0.205269263,1.540821562,0.490329294,0.03985313
78.8110158,0.207611982,1.538313659,0.517370207,0.041111707
78.81565447,0.212943688,1.539931661,0.528186573,0.047089949
78.82029314,0.206642581,1.536857457,0.474104746,0.042606267
78.82493181,0.204622996,1.533864154,0.497540204,0.03985313
78.82957048,0.209954701,1.534268655,0.539002938,0.043943506
78.83420915,0.210681752,1.535401256,0.493033385,0.046853965
78.83884782,0.204622996,1.531113551,0.486723839,0.040403757
78.84348649,0.205350046,1.528362948,0.509257933,0.040089113
78.84812516,0.211974287,1.531032651,0.539904302,0.046775304
78.85276383,0.207450415,1.53022365,0.473203382,0.044100828
78.8574025,0.203895945,1.525369645,0.494836113,0.039617147
78.86204117,0.208015899,1.524560644,0.5299893,0.042448945
78.86667984,0.211489586,1.527877548,0.506553842,0.047561915
78.87131851,0.204622996,1.524722445,0.479512928,0.04134769
78.87595718,0.204542212,1.522538142,0.500244295,0.040089113
78.88059585,0.211166452,1.525207845,0.544411121,0.045674049
78.88523452,0.208662166,1.525369645,0.479512928,0.045674049
78.88987319,0.203976728,1.522133642,0.493934749,0.040167774
78.89451186,0.206642581,1.521405541,0.520975662,0.04134769
78.89915053,0.21205507,1.524075244,0.525482481,0.047483254
78.9037892,0.20567318,1.523104443,0.475907473,0.042370284
78.90842787,0.203815161,1.521486441,0.498441568,0.039774469
78.91306654,0.210035485,1.523185343,0.540805665,0.044100828
78.91770521,0.210277835,1.525369645,0.491230657,0.046617982
78.92234388,0.204299862,1.522619042,0.488526566,0.040718402
78.92698255,0.205269263,1.521729141,0.510159297,0.040639741
78.93162122,0.211731936,1.525207845,0.53720021,0.047247271
78.93625989,0.206965715,1.525288745,0.473203382,0.043864845
78.94089856,0.203895945,1.523266243,0.494836113,0.03985313
78.94553723,0.208177466,1.522861743,0.531792028,0.042842251
78.9501759,0.210924102,1.525855046,0.50384975,0.04716861
78.95481457,0.204219078,1.522295442,0.480414292,0.040954385
78.95945324,0.203976728,1.519868439,0.501145659,0.039931791
78.96409191,0.210600969,1.522861743,0.544411121,0.045595388
78.96873058,0.207450415,1.522699942,0.477710201,0.045044761
78.97336925,0.203249677,1.519383039,0.494836113,0.040246435
78.97800792,0.206238664,1.518735838,0.52277839,0.041662335
78.98264659,0.211328019,1.521971842,0.520975662,0.047640576
78.98728526,0.205107696,1.519059439,0.475006109,0.042370284
78.99192393,0.203572811,1.516713336,0.497540204,0.039774469
78.9965626,0.209066084,1.518816738,0.541707029,0.044651455
79.00120127,0.2089853,1.519706639,0.488526566,0.046067355
79.00583994,0.203572811,1.517117837,0.490329294,0.040325096
79.01047861,0.205026913,1.515985235,0.513764752,0.040718402
79.01511728,0.211408803,1.519868439,0.536298847,0.047325932
79.01975595,0.205996314,1.519544839,0.475006109,0.043707522
79.02439462,0.203330461,1.517036936,0.497540204,0.040246435
79.02903329,0.208662166,1.518493138,0.536298847,0.043156895
79.03367196,0.210924102,1.522376342,0.50384975,0.047561915
79.03831063,0.204299862,1.52003024,0.484921111,0.041505012
79.0429493,0.204299862,1.517845937,0.504751114,0.040561079
79.04758797,0.211247236,1.52027294,0.545312484,0.046224677
79.05222664,0.207935116,1.52067744,0.477710201,0.045044761
79.05686531,0.203815161,1.517765037,0.495737476,0.040089113
79.06150398,0.206884931,1.518250438,0.526383845,0.042291623
79.06614265,0.21157037,1.522376342,0.520074299,0.047640576
79.07078132,0.205350046,1.52019204,0.479512928,0.042370284
79.07541999,0.204219078,1.518735838,0.502047023,0.040403757
79.08005866,0.210681752,1.521971842,0.548016576,0.0449661
79.08469733,0.210035485,1.524803345,0.48942793,0.046224677
79.089336,0.204865346,1.522214542,0.494836113,0.040167774
79.09397467,0.206884931,1.522376342,0.519172935,0.040639741
79.09861334,0.213266821,1.527634848,0.539002938,0.047089949
79.10325201,0.208015899,1.52973825,0.481315656,0.043156895
79.10789068,0.205592397,1.530628151,0.506553842,0.040403757
79.11252935,0.211004886,1.535886656,0.547115212,0.043471539
79.11716802,0.213186038,1.541387862,0.511962024,0.047089949
79.12180669,0.206965715,1.541630563,0.498441568,0.040875724
79.12644536,0.207288848,1.542196863,0.518271571,0.040403757
79.13108403,0.214236222,1.546808168,0.555227486,0.046067355
79.1357227,0.210358618,1.54826437,0.484921111,0.04425815
79.14036137,0.206723364,1.545594667,0.502047023,0.039617147
79.14500004,0.209954701,1.546080067,0.533594755,0.04205564
79.14963871,0.214397789,1.54866887,0.520074299,0.047247271
79.15427738,0.207531199,1.545271066,0.48221702,0.041662335
79.15891605,0.206481014,1.542520464,0.502047023,0.03985313
79.16355472,0.212782121,1.544381165,0.546213848,0.044808778
79.16819339,0.211328019,1.544785666,0.484019747,0.045595388
79.17283206,0.206077097,1.540578861,0.493033385,0.039931791
79.17747073,0.207854332,1.538718159,0.518271571,0.040718402
79.1821094,0.213670738,1.541792363,0.532693391,0.04716861
79.18674807,0.207773549,1.541630563,0.478611565,0.042842251
79.19138674,0.205350046,1.540093461,0.50384975,0.039774469
79.19602541,0.210762535,1.542439563,0.547115212,0.0435502
79.20066408,0.212216637,1.546727268,0.509257933,0.046853965
79.20530275,0.205834747,1.54899247,0.509257933,0.040482418
79.20994142,0.206481014,1.552875674,0.53720021,0.040089113
79.21458009,0.213670738,1.558781381,0.566945215,0.046146016
79.21921876,0.209470001,1.559752182,0.49663884,0.04425815
79.22385743,0.205511613,1.556920679,0.511962024,0.039774469
79.2284961,0.209389217,1.556354378,0.542608393,0.042448945
79.23313477,0.213266821,1.55853868,0.520975662,0.047561915
79.23777344,0.207127281,1.554736376,0.486723839,0.04134769
79.24241211,0.205834747,1.551176773,0.504751114,0.039931791
79.24705078,0.212539771,1.552309374,0.548016576,0.0449661
79.25168945,0.210439402,1.552147574,0.484019747,0.045280744
79.25632812,0.205350046,1.548102569,0.495737476,0.03985313
79.26096679,0.207773549,1.546080067,0.520975662,0.040954385
79.26560546,0.213832305,1.54826437,0.5299893,0.047247271
79.27024413,0.207531199,1.547050868,0.476808837,0.042527606
79.2748828,0.205350046,1.544057565,0.501145659,0.039774469
79.27952147,0.211166452,1.545432867,0.543509757,0.04425815
79.28416014,0.211974287,1.547698069,0.495737476,0.047011288
79.28879881,0.205753963,1.544057565,0.490329294,0.040954385
79.29343748,0.206723364,1.542520464,0.513764752,0.040797063
79.29807615,0.213105255,1.546241867,0.544411121,0.04716861
79.30271482,0.208419816,1.544785666,0.479512928,0.044494133
79.30735349,0.205026913,1.540740662,0.500244295,0.040089113
79.31199216,0.209550784,1.541792363,0.534496119,0.04276359
79.31663083,0.212620554,1.544219365,0.510159297,0.047561915
79.3212695,0.206238664,1.541873263,0.484019747,0.041583673
79.32590817,0.205753963,1.53968896,0.504751114,0.040246435
79.33054684,0.212862904,1.542196863,0.54891794,0.045674049
79.33518551,0.209873918,1.542924964,0.483118383,0.045516727
79.33982418,0.205107696,1.540821562,0.497540204,0.040089113
79.34446285,0.207773549,1.541145162,0.525482481,0.041662335
79.34910152,0.213024471,1.545432867,0.5299893,0.047561915
79.35374019,0.206723364,1.546241867,0.481315656,0.042134301
79.35837886,0.205592397,1.546080067,0.505652478,0.040010452
79.36301753,0.211166452,1.550772272,0.551622031,0.044415472
79.3676562,0.21205507,1.555626277,0.502047023,0.046539321
79.37229487,0.206481014,1.555868978,0.500244295,0.040639741
79.37693354,0.207531199,1.556920679,0.52277839,0.040639741
79.38157221,0.213589955,1.561289283,0.54891794,0.04716861
79.38621088,0.208823733,1.561612884,0.486723839,0.0435502
79.39084955,0.205511613,1.559266781,0.507455206,0.040089113
79.39548822,0.210197051,1.560561183,0.543509757,0.043235556
79.40012689,0.213266821,1.563311786,0.513764752,0.047797898
79.40476556,0.206481014,1.559833082,0.490329294,0.041426351
79.40940423,0.206481014,1.55781058,0.510159297,0.040246435
79.4140429,0.213024471,1.560399382,0.551622031,0.045831371
79.41868157,0.210197051,1.560965683,0.483118383,0.0449661
79.42332024,0.205834747,1.55781058,0.499342932,0.040167774
79.42795891,0.209066084,1.55772968,0.529087936,0.041819657
79.43259758,0.213751522,1.560803883,0.527285209,0.047561915
79.43723625,0.207611982,1.559428581,0.483118383,0.04205564
79.44187492,0.205834747,1.557486979,0.505652478,0.040010452
79.44651359,0.21181272,1.560075782,0.548016576,0.044887439
79.45115226,0.211408803,1.562340985,0.493934749,0.046224677
79.45579093,0.205834747,1.559590382,0.495737476,0.040403757
79.4604296,0.207611982,1.559024081,0.519172935,0.040718402
79.46506827,0.213347605,1.562907285,0.541707029,0.04716861
79.46970694,0.208015899,1.563311786,0.48221702,0.043471539
79.47434561,0.205753963,1.561451084,0.505652478,0.039695808
79.47898428,0.210439402,1.564444387,0.545312484,0.043078234
79.48362295,0.212782121,1.569783792,0.511962024,0.047247271
79.48826162,0.206642581,1.568327591,0.493934749,0.041111707
79.49290029,0.206884931,1.568003991,0.514666116,0.040089113
79.49753896,0.213751522,1.572291695,0.555227486,0.046146016
79.50217763,0.210277835,1.574071497,0.488526566,0.044730116
79.5068163,0.206561798,1.574556897,0.509257933,0.039931791
79.51145497,0.210277835,1.578521002,0.541707029,0.041819657
79.51609364,0.214720923,1.585316609,0.534496119,0.047640576
79.52073231,0.208823733,1.587662711,0.493934749,0.041976979
79.52537098,0.207935116,1.590332414,0.516468843,0.039931791
79.53000965,0.214397789,1.598665123,0.566043851,0.044808778
79.53464832,0.213670738,1.606188831,0.514666116,0.046381999
79.53928699,0.20874295,1.608696734,0.523679754,0.040639741
79.54392566,0.210439402,1.611366437,0.545312484,0.041190368
79.54856433,0.216982859,1.616058641,0.558832941,0.04716861
79.553203,0.211489586,1.615249641,0.498441568,0.043314217
79.55784167,0.20874295,1.612094537,0.520074299,0.039931791
79.56248034,0.214155439,1.612013637,0.557931577,0.043628861
79.56711901,0.215447974,1.612984438,0.513764752,0.047089949
79.57175768,0.209308434,1.608454033,0.497540204,0.040875724
79.57639635,0.209550784,1.604489929,0.51556748,0.040246435
79.58103502,0.216013458,1.605865231,0.550720667,0.046303338
79.58567369,0.21229742,1.60481353,0.483118383,0.044415472
79.59031236,0.208419816,1.600849425,0.502948387,0.040089113
79.59495103,0.212135853,1.599797724,0.535397483,0.042527606
79.5995897,0.216094241,1.601011226,0.520975662,0.047483254
79.60422837,0.209389217,1.597047121,0.485822475,0.041819657
79.60886704,0.2085006,1.592678517,0.505652478,0.040325096
79.61350571,0.214801706,1.593325717,0.550720667,0.045359405
79.61814438,0.213347605,1.593406617,0.488526566,0.046067355
79.62278305,0.208419816,1.588876213,0.498441568,0.040167774
79.62742172,0.210843319,1.58653011,0.523679754,0.041190368
79.63206039,0.216659725,1.587096411,0.536298847,0.047404593
79.63669906,0.210600969,1.583536807,0.480414292,0.042999573
79.64133773,0.208662166,1.579491803,0.502047023,0.039931791
79.6459764,0.213509172,1.578844602,0.542608393,0.0435502
79.65061507,0.214720923,1.579410903,0.499342932,0.046775304
79.65525374,0.208419816,1.574961398,0.48942793,0.040718402
79.65989241,0.208904517,1.572048995,0.511060661,0.040561079
79.66453108,0.215205623,1.574556897,0.545312484,0.046932627
79.66916975,0.211085669,1.573666997,0.480414292,0.044415472
79.67380842,0.207692765,1.569379292,0.502047023,0.039695808
79.67844709,0.211408803,1.569136592,0.538101574,0.042291623
79.68308576,0.21512484,1.571806295,0.520074299,0.047640576
79.68772443,0.208258249,1.568246691,0.488526566,0.041662335
79.6923631,0.207450415,1.565738788,0.509257933,0.040089113
79.69700177,0.213993872,1.56727589,0.554326122,0.045674049
79.70164044,0.211651153,1.568003991,0.493033385,0.045831371
79.70627911,0.207046498,1.564201686,0.50384975,0.040246435
79.71091778,0.209389217,1.562664585,0.529087936,0.041269029
79.71555645,0.214801706,1.564848887,0.534496119,0.047483254
79.72019512,0.208581383,1.562179184,0.481315656,0.04276359
79.72483379,0.206723364,1.559590382,0.502948387,0.039538485
79.72947246,0.21205507,1.560156682,0.544411121,0.044022167
79.73411113,0.213024471,1.560884783,0.49663884,0.046775304
79.7387498,0.206642581,1.557486979,0.491230657,0.040561079
79.74338847,0.207935116,1.556111678,0.512863388,0.040403757
79.74802714,0.214559356,1.558619581,0.541707029,0.047011288
79.75266581,0.209550784,1.557325179,0.477710201,0.044022167
79.75730448,0.206238664,1.553441975,0.498441568,0.039931791
79.76194315,0.210358618,1.553522875,0.534496119,0.04276359
79.76658182,0.213589955,1.556354378,0.511060661,0.047561915
79.77122049,0.207288848,1.554089176,0.484921111,0.041269029
79.77585916,0.207369632,1.552794774,0.506553842,0.039774469
79.78049783,0.214074656,1.556192578,0.550720667,0.045910033
79.7851365,0.211328019,1.557325179,0.484019747,0.045359405
79.78977517,0.206804148,1.555302677,0.500244295,0.040167774
79.79441384,0.209550784,1.556839779,0.529087936,0.041819657
79.79905251,0.21512484,1.562583685,0.534496119,0.047404593
79.80369118,0.20922765,1.563878086,0.492132021,0.042370284
79.80832985,0.207611982,1.563069085,0.514666116,0.039617147
79.81296852,0.214074656,1.566385989,0.555227486,0.044100828
79.81760719,0.213670738,1.568489391,0.500244295,0.046696643
79.82224586,0.207531199,1.565172488,0.498441568,0.040246435
79.82688453,0.209146867,1.564606187,0.520074299,0.040561079
79.8315232,0.215205623,1.56792309,0.543509757,0.046853965
79.83616187,0.210035485,1.56711409,0.481315656,0.0435502
79.84080054,0.207208065,1.564363487,0.50384975,0.03985313
79.84543921,0.21229742,1.565981488,0.541707029,0.042842251
79.85007788,0.214801706,1.568246691,0.511962024,0.04716861
79.85471655,0.208096683,1.565010687,0.490329294,0.041033046
79.85935522,0.208096683,1.564039886,0.510159297,0.039931791
79.86399389,0.214478573,1.56727589,0.553424758,0.045674049
79.86863256,0.211328019,1.568812991,0.486723839,0.044808778
79.87327123,0.207288848,1.566709589,0.50384975,0.040010452
79.8779099,0.210197051,1.56719499,0.532693391,0.041426351
79.88254857,0.21512484,1.570350093,0.528186573,0.047325932
79.88718724,0.208823733,1.568489391,0.484019747,0.042134301
79.89182591,0.207531199,1.566305089,0.504751114,0.039695808
79.89646458,0.214074656,1.568246691,0.548016576,0.044494133
79.90110325,0.213428388,1.569460192,0.491230657,0.046224677
79.90574192,0.207450415,1.565657888,0.494836113,0.040482418
79.91038059,0.209066084,1.565172488,0.518271571,0.040403757
79.91501926,0.215447974,1.56792309,0.538101574,0.046932627
79.91965793,0.209793134,1.567033189,0.477710201,0.043078234
79.9242966,0.206965715,1.564363487,0.500244295,0.039381163
79.92893527,0.211651153,1.565172488,0.538101574,0.043235556
79.93357394,0.214074656,1.56768039,0.502948387,0.047404593
79.93821261,0.207854332,1.565657888,0.486723839,0.041111707
79.94285128,0.207935116,1.564525287,0.509257933,0.040246435
79.94748995,0.21488249,1.568489391,0.549819303,0.046224677
79.95212862,0.211166452,1.570592793,0.48221702,0.044887439
79.95676729,0.206884931,1.568489391,0.502047023,0.040010452
79.96140596,0.210277835,1.569783792,0.533594755,0.042291623
79.96604463,0.215205623,1.574475997,0.526383845,0.047483254
79.9706833,0.208823733,1.574071497,0.488526566,0.041976979
79.97532197,0.207611982,1.573990597,0.511060661,0.039931791
79.97996064,0.213913089,1.579491803,0.557030214,0.044730116
79.98459931,0.213105255,1.584264908,0.497540204,0.046067355
79.98923798,0.207935116,1.583455907,0.505652478,0.040246435
79.99387665,0.209954701,1.58596381,0.530890664,0.040718402
79.99851532,0.216013458,1.591141415,0.54891794,0.047247271
80.00315399,0.210197051,1.591707716,0.48942793,0.042842251
80.00779266,0.208096683,1.590494214,0.511060661,0.039931791
80.01243133,0.213186038,1.592516717,0.549819303,0.043392878
80.01707,0.214963273,1.59591452,0.509257933,0.046775304
80.02170867,0.208904517,1.594701019,0.49663884,0.040561079
80.02634734,0.209873918,1.594620119,0.516468843,0.039931791
80.03098601,0.216821292,1.599635924,0.554326122,0.046067355
80.03562468,0.212701337,1.602871928,0.488526566,0.044494133
80.04026335,0.209712351,1.603680928,0.510159297,0.039538485
80.04490202,0.213913089,1.608777634,0.548016576,0.041898318
80.04954069,0.21867931,1.619375545,0.540805665,0.04716861
80.05417936,0.214074656,1.629568956,0.521877026,0.041662335
80.05881803,0.214963273,1.639600566,0.548016576,0.039695808
80.0634567,0.223768666,1.648984976,0.590380673,0.044887439
80.06809537,0.225303551,1.655861484,0.526383845,0.045359405
80.07273404,0.225545901,1.656346884,0.536298847,0.03985313
80.07737271,0.232170141,1.657317685,0.562438396,0.041111707
80.08201138,0.239521433,1.66192899,0.568747943,0.047325932
80.08665005,0.234108943,1.66176719,0.508356569,0.042842251
80.09128872,0.232331708,1.660310988,0.526383845,0.039538485
80.09592739,0.237824981,1.66225259,0.56333976,0.043864845
80.10056606,0.238390465,1.664598693,0.51556748,0.047011288
80.10520473,0.231685441,1.66152449,0.50384975,0.040875724
80.1098434,0.231604658,1.659421087,0.523679754,0.040325096
80.11448207,0.23734028,1.661119989,0.554326122,0.04646066
80.11912074,0.232008575,1.659501988,0.488526566,0.044022167
80.12375941,0.227484703,1.655618783,0.509257933,0.03985313
80.12839808,0.23071604,1.655456983,0.543509757,0.042370284
80.13303675,0.233301109,1.658126686,0.524581117,0.047325932
80.13767542,0.22813097,1.656023284,0.493934749,0.041269029
80.14231409,0.227484703,1.654081682,0.514666116,0.039931791
80.14695276,0.233139542,1.656913185,0.559734305,0.045202083
80.15159143,0.231039174,1.657964886,0.493934749,0.045359405
80.1562301,0.225707468,1.654567082,0.506553842,0.039931791
80.16086877,0.227565487,1.653596281,0.533594755,0.041269029
80.16550744,0.232412492,1.656913185,0.540805665,0.047404593
80.17014611,0.226030602,1.657074985,0.493033385,0.042527606
80.17478478,0.223849449,1.659340187,0.52277839,0.039695808
80.17942345,0.229827422,1.666135795,0.575958853,0.044022167
80.18406212,0.23047369,1.672365101,0.526383845,0.04646066
80.18870079,0.2240918,1.670504399,0.516468843,0.040403757
80.19333946,0.224414933,1.669776298,0.535397483,0.040403757
80.19797813,0.230392906,1.6713943,0.560635669,0.046775304
80.2026168,0.225141984,1.668320097,0.493033385,0.043707522
80.20725547,0.221829864,1.664679593,0.51556748,0.03985313
80.21189414,0.225949818,1.664922293,0.552523395,0.04276359
80.21653281,0.228696454,1.667511096,0.526383845,0.047719237
80.22117148,0.221829864,1.664275093,0.502047023,0.041426351
80.22581015,0.22174908,1.660634589,0.519172935,0.040246435
80.23044882,0.227807837,1.660310988,0.560635669,0.045831371
80.23508749,0.22481885,1.657398585,0.490329294,0.045202083
80.23972616,0.219487145,1.650279378,0.50384975,0.040089113
80.24436483,0.221668297,1.645425373,0.5299893,0.041819657
80.2490035,0.226272952,1.645020872,0.5299893,0.047404593
80.25364217,0.219567928,1.639762367,0.48221702,0.042606267
80.25828084,0.217467559,1.634584761,0.504751114,0.040325096
80.26291951,0.223122398,1.632724059,0.54891794,0.044336811
80.26755818,0.223041615,1.630863357,0.49663884,0.046381999
80.27219685,0.217144425,1.625038551,0.49663884,0.040246435
80.27683552,0.218113827,1.621640747,0.519172935,0.040639741
80.28147419,0.22433415,1.62374415,0.547115212,0.046932627
80.28611286,0.21843696,1.621883448,0.486723839,0.043392878
80.29075153,0.215205623,1.618647444,0.510159297,0.039931791
80.2953902,0.219891062,1.619618245,0.549819303,0.043156895
80.30002887,0.222314564,1.624634051,0.523679754,0.047325932
80.30466754,0.215609541,1.627546454,0.510159297,0.040954385
80.30930621,0.216255808,1.641218568,0.551622031,0.039695808
80.31394488,0.223687882,1.667591996,0.619224315,0.045516727
80.31858355,0.220618112,1.689596819,0.561537032,0.044808778
80.32322222,0.216255808,1.696796927,0.566945215,0.03985313
80.32786089,0.219002444,1.698091329,0.580465672,0.041583673
80.33249956,0.223283965,1.698010428,0.562438396,0.047247271
80.33713823,0.216659725,1.691133921,0.510159297,0.041740996
80.3417769,0.21512484,1.683448413,0.524581117,0.039774469
80.34641557,0.220941246,1.68077871,0.56333976,0.04425815
80.35105424,0.219971845,1.677623607,0.502948387,0.045831371
80.35569291,0.214397789,1.669776298,0.504751114,0.040325096
80.36033158,0.215771107,1.664194193,0.525482481,0.040954385
80.36497025,0.221991431,1.66225259,0.544411121,0.047247271
80.36960892,0.215851891,1.656185084,0.484921111,0.043235556
80.37424759,0.213186038,1.648904076,0.506553842,0.040010452
80.37888626,0.217790693,1.646315274,0.546213848,0.043156895
80.38352493,0.219567928,1.645991673,0.511962024,0.046775304
80.3881636,0.213186038,1.640975868,0.495737476,0.040797063
80.39280227,0.213024471,1.636364563,0.51556748,0.040246435
80.39744094,0.219567928,1.635798262,0.554326122,0.046303338
80.40207961,0.215609541,1.632724059,0.485822475,0.044808778
80.40671828,0.211408803,1.626332952,0.50384975,0.039931791
80.41135695,0.214801706,1.62439135,0.536298847,0.041976979
80.41599562,0.219002444,1.625523952,0.525482481,0.047561915
80.42063429,0.212458987,1.620750846,0.488526566,0.04205564
80.42527296,0.211085669,1.616301342,0.508356569,0.040167774
80.42991163,0.217144425,1.615896841,0.552523395,0.045202083
80.4345503,0.215932674,1.615411441,0.492132021,0.046224677
80.43918897,0.210197051,1.610638336,0.501145659,0.040403757
80.44382764,0.212458987,1.610638336,0.5299893,0.041190368
80.44846631,0.21843696,1.61492604,0.54891794,0.047483254
80.45310498,0.212943688,1.61468334,0.493934749,0.0435502
80.45774365,0.210843319,1.613550739,0.517370207,0.040010452
80.46238232,0.215771107,1.617595743,0.558832941,0.043707522
80.46702099,0.217305992,1.623339649,0.518271571,0.047325932
80.47165966,0.210681752,1.622611548,0.507455206,0.041111707
80.47629833,0.211651153,1.62382505,0.528186573,0.040718402
80.480937,0.21843696,1.628679055,0.562438396,0.046932627
80.48557567,0.214397789,1.630135256,0.49663884,0.045044761
80.49021434,0.210924102,1.628921755,0.517370207,0.040718402
80.49485301,0.215205623,1.630458857,0.551622031,0.042842251
80.49949168,0.219891062,1.636688163,0.538101574,0.048112543
80.50413035,0.213428388,1.637578064,0.507455206,0.041976979
80.50876902,0.213428388,1.639519666,0.5299893,0.040325096
80.51340769,0.220456546,1.646396174,0.575958853,0.045516727
80.51804636,0.219891062,1.654890683,0.516468843,0.046539321
80.52268503,0.216498158,1.661039089,0.532693391,0.040561079
80.5273237,0.220618112,1.673497702,0.564241124,0.041740996
80.53196237,0.228696454,1.693399124,0.583169763,0.047876559
80.53660104,0.225707468,1.713866845,0.540805665,0.043314217
80.54123971,0.227000003,1.737894171,0.574156125,0.040167774
80.54587838,0.235724612,1.762568697,0.623731133,0.044022167
80.55051705,0.242429636,1.801562538,0.597591584,0.047089949
80.55515572,0.245580189,1.856655497,0.62282977,0.041111707
80.55979439,0.260201988,1.947587193,0.699445691,0.040797063
80.56443306,0.28080176,2.070798024,0.788680705,0.046775304
80.56907173,0.289364802,2.199995461,0.767047975,0.044572794
80.5737104,0.299301163,2.305570073,0.794990252,0.040167774
80.57834907,0.313195911,2.374820546,0.801299798,0.042842251
80.58298774,0.320951119,2.408636782,0.733697515,0.047719237
80.58762641,0.314730796,2.409364883,0.659785685,0.041819657
80.59226508,0.312549644,2.395207368,0.641758409,0.040561079
80.59690375,0.316588814,2.376843048,0.652574774,0.045988694
80.60154242,0.311418676,2.353462924,0.56333976,0.04575271
80.60618109,0.303825034,2.323448992,0.561537032,0.040325096
80.61081976,0.303663467,2.295053062,0.574156125,0.041583673
80.61545843,0.30584462,2.270135835,0.566945215,0.047797898
80.6200971,0.29639296,2.239798303,0.508356569,0.042999573
80.62473577,0.292030655,2.209946171,0.525482481,0.040561079
80.62937444,0.29380789,2.185109845,0.562438396,0.044730116
80.63401311,0.290657337,2.16108252,0.508356569,0.04716861
80.63865178,0.282013511,2.13349559,0.502948387,0.040954385
80.64329045,0.280074709,2.108740164,0.523679754,0.040954385
80.64792912,0.284033097,2.089162343,0.551622031,0.047247271
80.65256779,0.276439455,2.06748112,0.487625202,0.043943506
80.65720646,0.270703832,2.043615595,0.508356569,0.040167774
80.66184513,0.272400284,2.022824273,0.542608393,0.043392878
80.6664838,0.272965768,2.005835255,0.514666116,0.047640576
80.67112247,0.264160375,1.984963033,0.48942793,0.041505012
80.67576114,0.261332956,1.965223412,0.509257933,0.040325096
80.68039981,0.265533694,1.950823197,0.551622031,0.045831371
80.68503848,0.260929039,1.935856681,0.486723839,0.045123422
80.68967715,0.254304798,1.916926061,0.502948387,0.040010452
80.69431582,0.255112632,1.902121345,0.531792028,0.041583673
80.69895449,0.25882867,1.890957133,0.530890664,0.047483254
80.70359316,0.250588761,1.875262516,0.484921111,0.042212962
80.70823183,0.247034291,1.8598106,0.506553842,0.040089113
80.7128705,0.251800512,1.849212689,0.550720667,0.044808778
80.71750917,0.25010406,1.839909179,0.497540204,0.047011288
80.72214784,0.242752769,1.824619063,0.498441568,0.040639741
80.72678651,0.242671986,1.81280765,0.520074299,0.040875724
80.73142518,0.247599774,1.805283942,0.540805665,0.046932627
80.73606385,0.241137101,1.794847831,0.479512928,0.0435502
80.74070252,0.237178713,1.782065618,0.502047023,0.039774469
80.74534119,0.240490834,1.774218309,0.539904302,0.042920912
80.74997986,0.241944935,1.769121604,0.508356569,0.047325932
80.75461853,0.234593644,1.757876492,0.48942793,0.041111707
80.7592572,0.233139542,1.748330282,0.509257933,0.040561079
80.76389587,0.238875165,1.743638077,0.550720667,0.046381999
80.76853454,0.234593644,1.73757057,0.484019747,0.045044761
80.77317321,0.229827422,1.729237862,0.50384975,0.040089113
80.77781188,0.232089358,1.724464756,0.535397483,0.041976979
80.78245055,0.235805395,1.723170355,0.528186573,0.047561915
80.78708922,0.228615671,1.715646647,0.486723839,0.041976979
80.79172789,0.226596086,1.707718439,0.506553842,0.039774469
80.79636656,0.232089358,1.705048736,0.550720667,0.044730116
80.80100523,0.230796823,1.701812732,0.493934749,0.04646066
80.8056439,0.224253366,1.693722724,0.498441568,0.040089113
80.81028257,0.225707468,1.687817018,0.520975662,0.041033046
80.81492124,0.231362307,1.685956316,0.539002938,0.047325932
80.81955991,0.225141984,1.679646109,0.479512928,0.043314217
80.82419858,0.221910647,1.671960601,0.502047023,0.039695808
80.82883725,0.226596086,1.667753796,0.540805665,0.043156895
80.83347592,0.22764627,1.665488594,0.502948387,0.047011288
80.83811459,0.220537329,1.657560386,0.488526566,0.040797063
80.84275326,0.220537329,1.651735579,0.508356569,0.040010452
80.84739193,0.226434519,1.649470377,0.546213848,0.046067355
80.8520306,0.221991431,1.646072573,0.478611565,0.044572794
80.85666927,0.216982859,1.638467965,0.499342932,0.039774469
80.86130794,0.220294979,1.634261161,0.530890664,0.041976979
80.86594661,0.224414933,1.63353306,0.520074299,0.047247271
80.87058528,0.217305992,1.628031854,0.48221702,0.041426351
80.87522395,0.216175024,1.622045248,0.502047023,0.039774469
80.87986262,0.221991431,1.620508146,0.546213848,0.0449661
80.88450129,0.220294979,1.617919343,0.484921111,0.045516727
80.88913996,0.214559356,1.611690037,0.493033385,0.039931791
80.89377863,0.217063642,1.607887733,0.517370207,0.040875724
80.8984173,0.222072214,1.607806833,0.530890664,0.04716861
80.90305597,0.215447974,1.603600028,0.474104746,0.042842251
80.90769464,0.213266821,1.598260623,0.49663884,0.039302502
80.91233331,0.218356177,1.596399921,0.536298847,0.043156895
80.91697198,0.219244794,1.59599542,0.493033385,0.046617982
80.92161065,0.212782121,1.590251514,0.483118383,0.040797063
80.92624932,0.213186038,1.58677281,0.504751114,0.040010452
80.93088799,0.219971845,1.587015511,0.539904302,0.046381999
80.93552666,0.214963273,1.584669408,0.475006109,0.044179489
80.94016533,0.211328019,1.580219903,0.494836113,0.040010452
80.944804,0.214963273,1.578440102,0.529087936,0.042527606
80.94944267,0.218598527,1.579168202,0.513764752,0.047247271
80.95408134,0.21157037,1.574961398,0.481315656,0.041740996
80.95872001,0.210924102,1.571725394,0.501145659,0.039931791
80.96335868,0.217225209,1.572615295,0.545312484,0.045202083
80.96799735,0.215851891,1.572048995,0.48221702,0.045674049
80.97263602,0.210439402,1.56776129,0.493033385,0.039931791
80.97727469,0.213024471,1.565981488,0.519172935,0.041033046
80.98191336,0.218598527,1.568489391,0.527285209,0.047011288
80.98655203,0.21229742,1.565415188,0.475006109,0.042291623
80.9911907,0.210197051,1.561289283,0.497540204,0.039538485
80.99582937,0.215690324,1.561370183,0.539904302,0.043786184
81.00046804,0.216659725,1.562583685,0.493033385,0.046696643
81.00510671,0.210358618,1.55845778,0.486723839,0.040089113
81.00974538,0.211166452,1.556354378,0.509257933,0.040010452
81.01438405,0.217548343,1.557163379,0.539002938,0.04646066
81.01902272,0.212216637,1.555626277,0.472302018,0.043628861
81.02366139,0.208823733,1.550934072,0.493033385,0.039381163
81.02830006,0.213428388,1.549882371,0.528186573,0.042134301
81.03293873,0.216336591,1.551904873,0.505652478,0.046853965
81.0375774,0.209954701,1.549154271,0.477710201,0.040954385
81.04221607,0.209308434,1.545594667,0.497540204,0.039617147
81.04685474,0.215851891,1.547050868,0.541707029,0.045202083
81.05149341,0.213266821,1.547617169,0.475907473,0.044808778
81.05613208,0.208258249,1.544462066,0.491230657,0.039459824
81.06077075,0.210924102,1.542844064,0.520975662,0.040718402
81.06540942,0.215851891,1.545999167,0.525482481,0.046696643
81.07004809,0.209793134,1.544300265,0.476808837,0.04205564
81.07468676,0.208096683,1.542601364,0.500244295,0.039538485
81.07932543,0.213751522,1.545351967,0.544411121,0.043707522
81.0839641,0.213751522,1.54826437,0.493033385,0.045988694
81.08860277,0.207935116,1.546727268,0.495737476,0.040167774
81.09324144,0.209389217,1.54899247,0.52277839,0.040167774
81.09788011,0.215851891,1.555868978,0.552523395,0.046303338
81.10251878,0.211408803,1.55821508,0.490329294,0.043078234
81.10715745,0.208177466,1.557082479,0.509257933,0.039302502
81.11179612,0.212620554,1.559185881,0.542608393,0.04205564
81.11643479,0.215205623,1.562017384,0.511962024,0.046696643
81.12107346,0.208581383,1.558862281,0.487625202,0.040639741
81.12571213,0.208581383,1.556273478,0.505652478,0.039695808
81.1303508,0.21512484,1.558700481,0.547115212,0.045359405
81.13498947,0.211893503,1.55813418,0.477710201,0.044651455
81.13962814,0.207046498,1.554412776,0.493934749,0.039459824
81.14426681,0.209873918,1.553765575,0.52277839,0.040954385
81.14890548,0.21488249,1.555788078,0.520975662,0.046775304
81.15354415,0.208258249,1.553280175,0.475907473,0.041583673
81.15818282,0.207208065,1.550610472,0.498441568,0.039223841
81.16282149,0.213428388,1.552713874,0.541707029,0.043628861
81.16746016,0.213105255,1.554412776,0.488526566,0.045516727
81.17209883,0.207369632,1.552309374,0.490329294,0.039538485
81.1767375,0.209712351,1.552147574,0.514666116,0.040010452
81.18137617,0.215690324,1.556354378,0.538101574,0.045910033
81.18601484,0.210439402,1.556677979,0.477710201,0.042527606
81.19065351,0.207773549,1.555626277,0.502948387,0.03914518
81.19529218,0.212539771,1.559347681,0.546213848,0.042291623
81.19993085,0.215771107,1.564687087,0.514666116,0.046381999
81.20456952,0.209389217,1.562907285,0.493934749,0.040167774
81.20920819,0.209308434,1.561693784,0.511962024,0.039538485
81.21384686,0.215851891,1.563554486,0.548016576,0.045595388
81.21848553,0.21229742,1.562502785,0.477710201,0.044022167
81.2231242,0.207935116,1.55837688,0.493934749,0.038987858
81.22776287,0.211247236,1.557001579,0.524581117,0.040875724
81.23240154,0.215609541,1.558700481,0.516468843,0.046696643
81.23704021,0.2089853,1.556030778,0.475907473,0.041111707
81.24167888,0.208258249,1.553927376,0.498441568,0.038751875
81.24631755,0.214559356,1.556839779,0.542608393,0.0435502
81.25095622,0.213509172,1.558619581,0.484921111,0.045123422
81.25559489,0.208258249,1.555707177,0.493033385,0.039066519
81.26023356,0.210358618,1.554736376,0.516468843,0.040010452
81.26487223,0.215851891,1.557567879,0.532693391,0.046303338
81.2695109,0.210439402,1.556516178,0.474104746,0.042606267
81.27414957,0.207692765,1.552875674,0.495737476,0.038909197
81.27878824,0.212539771,1.554008276,0.535397483,0.042527606
81.28342691,0.214074656,1.554979077,0.49663884,0.046146016
81.28806558,0.208258249,1.551662173,0.48221702,0.040010452
81.29270425,0.2085006,1.550772272,0.502948387,0.039223841
81.29734292,0.21512484,1.553361075,0.540805665,0.045674049
81.30198159,0.211085669,1.553199275,0.473203382,0.043786184
81.30662026,0.206965715,1.550529572,0.492132021,0.038987858
81.31125893,0.210762535,1.550125072,0.525482481,0.041269029
81.3158976,0.215044057,1.553280175,0.514666116,0.046932627
81.32053627,0.2085006,1.551500373,0.479512928,0.041033046
81.32517494,0.207208065,1.549801471,0.502047023,0.039223841
81.32981361,0.214317006,1.552147574,0.547115212,0.044336811
81.33445228,0.212782121,1.554250976,0.484921111,0.045044761
81.33909095,0.207450415,1.551419473,0.493934749,0.039302502
81.34372962,0.209470001,1.550934072,0.518271571,0.040246435
81.34836829,0.215528757,1.554412776,0.531792028,0.046539321
81.35300696,0.209550784,1.553846476,0.476808837,0.04205564
81.35764563,0.207611982,1.553118375,0.501145659,0.038830536
81.3622843,0.213428388,1.555707177,0.542608393,0.042684928
81.36692297,0.214720923,1.559024081,0.500244295,0.046067355
81.37156164,0.2085006,1.55772968,0.490329294,0.03985313
81.37620031,0.2089853,1.55805328,0.511962024,0.039459824
81.38083898,0.215690324,1.562907285,0.545312484,0.045674049
81.38547765,0.211651153,1.564282587,0.479512928,0.043471539
81.39011632,0.2085006,1.563230885,0.500244295,0.039066519
81.39475499,0.212378204,1.564363487,0.534496119,0.041505012
81.39939366,0.215851891,1.568974792,0.516468843,0.04646066
81.40403233,0.209146867,1.569379292,0.484921111,0.040561079
81.408671,0.2085006,1.569298392,0.506553842,0.038830536
81.41330967,0.21488249,1.573100696,0.550720667,0.044415472
81.41794834,0.213347605,1.574637798,0.486723839,0.044887439
81.42258701,0.208581383,1.571887195,0.499342932,0.039223841
81.42722568,0.210762535,1.571806295,0.523679754,0.040482418
81.43186435,0.216336591,1.574314197,0.531792028,0.046775304
81.43650302,0.210035485,1.572696196,0.478611565,0.041819657
81.44114169,0.207611982,1.570430993,0.500244295,0.039066519
81.44578036,0.213670738,1.572291695,0.542608393,0.043235556
81.45041903,0.213913089,1.573181596,0.494836113,0.045910033
81.4550577,0.208258249,1.570511893,0.490329294,0.039931791
81.45969637,0.209550784,1.569136592,0.512863388,0.039931791
81.46433504,0.216336591,1.572534395,0.543509757,0.046067355
81.46897371,0.211328019,1.572615295,0.479512928,0.043235556
81.47361238,0.207854332,1.569541092,0.502948387,0.039302502
81.47825105,0.21205507,1.571401794,0.539904302,0.042134301
81.48288972,0.214963273,1.574961398,0.514666116,0.046696643
81.48752839,0.208581383,1.572534395,0.488526566,0.040482418
81.49216706,0.208581383,1.571078194,0.509257933,0.038987858
81.49680573,0.214720923,1.574961398,0.554326122,0.044730116
81.5014444,0.212378204,1.578116501,0.494836113,0.044415472
81.50608307,0.207288848,1.579087302,0.520074299,0.03914518
81.51072174,0.210439402,1.583617707,0.555227486,0.040718402
81.51536041,0.215528757,1.589442513,0.555227486,0.046696643
81.51999908,0.209308434,1.587905412,0.499342932,0.041662335
81.52463775,0.207854332,1.584588508,0.514666116,0.039223841
81.52927642,0.213024471,1.584750308,0.553424758,0.043392878
81.53391509,0.212943688,1.584669408,0.49663884,0.045674049
81.53855376,0.207450415,1.579330003,0.493033385,0.03985313
81.54319243,0.208339033,1.576903,0.513764752,0.039931791
81.5478311,0.214720923,1.578925502,0.538101574,0.046381999
81.55246977,0.209470001,1.577954701,0.475907473,0.043156895
81.55710844,0.206642581,1.573990597,0.49663884,0.039459824
81.56174711,0.211085669,1.573586096,0.534496119,0.042606267
81.56638578,0.213832305,1.575770399,0.504751114,0.046775304
81.57102445,0.206965715,1.572777096,0.483118383,0.040718402
81.57566312,0.207046498,1.569864693,0.50384975,0.039381163
81.58030179,0.214074656,1.571725394,0.546213848,0.0449661
81.58494046,0.210762535,1.571644494,0.478611565,0.044179489
81.58957913,0.206561798,1.568489391,0.495737476,0.039223841
81.5942178,0.209146867,1.56776129,0.523679754,0.040797063
81.59885647,0.214074656,1.570269193,0.520975662,0.046381999
81.60349514,0.207611982,1.56784219,0.476808837,0.04134769
81.60813381,0.20615788,1.564848887,0.49663884,0.039223841
81.61277248,0.21229742,1.565253388,0.540805665,0.043707522
81.61741115,0.21157037,1.565738788,0.484921111,0.045595388
81.62204982,0.20591553,1.561289283,0.488526566,0.039617147
81.62668849,0.207450415,1.559833082,0.511060661,0.039931791
81.63132716,0.213913089,1.562664585,0.531792028,0.046303338
81.63596583,0.208096683,1.559994882,0.472302018,0.043078234
81.6406045,0.205592397,1.556920679,0.495737476,0.039223841
81.64524317,0.210520185,1.55781058,0.534496119,0.042527606
81.64988184,0.213024471,1.560480283,0.499342932,0.046539321
81.65452051,0.206481014,1.55829598,0.484019747,0.040246435
81.65915918,0.206884931,1.557244279,0.505652478,0.03914518
81.66379785,0.213428388,1.559913982,0.547115212,0.045438066
81.66843652,0.209793134,1.560318482,0.478611565,0.044022167
81.67307519,0.20591553,1.556758879,0.497540204,0.038987858
81.67771386,0.2089853,1.556758879,0.528186573,0.040875724
81.68235253,0.213428388,1.559994882,0.519172935,0.046539321
81.6869912,0.206642581,1.557244279,0.479512928,0.040954385
81.69162987,0.205511613,1.555383577,0.502047023,0.038830536
81.69626854,0.211893503,1.557567879,0.546213848,0.043864845
81.70090721,0.210924102,1.55845778,0.485822475,0.045359405
81.70554588,0.20567318,1.555545377,0.491230657,0.039302502
81.71018455,0.206965715,1.554250976,0.51556748,0.040089113
81.71482322,0.213347605,1.55764878,0.532693391,0.046539321
81.71946189,0.207531199,1.556030778,0.474104746,0.042448945
81.72410056,0.205188479,1.552794774,0.49663884,0.039381163
81.72873923,0.210277835,1.553765575,0.536298847,0.042999573
81.7333779,0.21181272,1.555949878,0.497540204,0.04646066
81.73801657,0.205753963,1.552875674,0.484019747,0.039774469
81.74265524,0.206319447,1.551257673,0.504751114,0.039695808
81.74729391,0.212701337,1.554655476,0.541707029,0.045831371
81.75193258,0.208581383,1.555464477,0.475907473,0.043628861
81.75657125,0.204542212,1.553522875,0.497540204,0.039066519
81.76120992,0.208339033,1.554979077,0.5299893,0.041269029
81.76584859,0.212216637,1.559752182,0.517370207,0.046539321
81.77048726,0.206319447,1.560480283,0.484921111,0.040875724
81.77512593,0.205188479,1.560399382,0.506553842,0.039302502
81.7797646,0.21229742,1.566062388,0.553424758,0.044179489
81.78440327,0.210439402,1.571239994,0.493033385,0.044887439
81.78904194,0.205511613,1.573181596,0.504751114,0.039538485
81.79368061,0.208015899,1.579734503,0.532693391,0.040403757
81.79831928,0.213832305,1.591707716,0.548016576,0.046539321
81.80295795,0.208339033,1.597937022,0.494836113,0.041819657
81.80759662,0.206642581,1.603519128,0.518271571,0.039066519
81.81223529,0.212539771,1.615249641,0.564241124,0.042606267
81.81687396,0.214236222,1.631348758,0.526383845,0.045910033
81.82151263,0.208662166,1.64324107,0.520975662,0.039695808
81.8261513,0.209793134,1.656023284,0.543509757,0.039459824
81.83078997,0.216821292,1.671960601,0.575958853,0.04575271
81.83542864,0.212701337,1.68069781,0.508356569,0.043314217
81.84006731,0.209389217,1.682720312,0.526383845,0.038987858
81.84470598,0.213589955,1.684742814,0.557931577,0.04134769
81.84934465,0.217063642,1.687250717,0.533594755,0.046539321
81.85398332,0.210277835,1.682882112,0.500244295,0.040639741
81.85862199,0.209793134,1.677623607,0.517370207,0.03914518
81.86326066,0.216336591,1.676652806,0.558832941,0.044808778
81.86789933,0.213913089,1.673335902,0.491230657,0.044808778
81.872538,0.209066084,1.666297595,0.502948387,0.039381163
81.87717667,0.21205507,1.66217169,0.5299893,0.040561079
81.88181534,0.217629126,1.662414391,0.539904302,0.046775304
81.88645401,0.210762535,1.658450286,0.491230657,0.041740996
81.89109268,0.209308434,1.653353581,0.511962024,0.039066519
81.89573135,0.214478573,1.651816479,0.553424758,0.0435502
81.90037002,0.214963273,1.650602978,0.502047023,0.046224677
81.90500869,0.2089853,1.644859072,0.497540204,0.040089113
81.90964736,0.210197051,1.641461268,0.518271571,0.039931791
81.91428603,0.216902075,1.64275567,0.547115212,0.046067355
81.9189247,0.211974287,1.641623069,0.484921111,0.043392878
81.92356337,0.208823733,1.639196066,0.509257933,0.039223841
81.92820204,0.212782121,1.642027569,0.549819303,0.041976979
81.93284071,0.215932674,1.648499576,0.529087936,0.046696643
81.93747938,0.209308434,1.650764778,0.506553842,0.040482418
81.94211805,0.2089853,1.654567082,0.529087936,0.039381163
81.94675672,0.215932674,1.665245894,0.577761581,0.044808778
81.95139539,0.213266821,1.679322509,0.520074299,0.044415472
81.95603406,0.209308434,1.69906213,0.549819303,0.039066519
81.96067273,0.211974287,1.72818616,0.593986129,0.040797063
81.9653114,0.217063642,1.763134997,0.606605222,0.046853965
81.96995007,0.211328019,1.786029722,0.557931577,0.041583673
81.97458874,0.209631567,1.79395793,0.567846579,0.038987858
81.97922741,0.215528757,1.797032133,0.597591584,0.043471539
81.98386608,0.215528757,1.794281531,0.531792028,0.045831371
81.98850475,0.209470001,1.78465442,0.521877026,0.039695808
81.99314342,0.210924102,1.776321711,0.538101574,0.040089113
81.99778209,0.217629126,1.771629506,0.55612885,0.046381999
82.00242076,0.212539771,1.763054097,0.488526566,0.042842251
82.00705943,0.209873918,1.752132586,0.508356569,0.039223841
82.0116981,0.213993872,1.745094278,0.543509757,0.042291623
82.01633677,0.216336591,1.739835773,0.511060661,0.046696643
82.02097544,0.210116268,1.729804162,0.48942793,0.040246435
82.02561411,0.210116268,1.720905153,0.508356569,0.039066519
82.03025278,0.216821292,1.716617448,0.54891794,0.045438066
82.03489145,0.213266821,1.709983641,0.479512928,0.044022167
82.03953012,0.20874295,1.700032931,0.49663884,0.039302502
82.04416879,0.211489586,1.693560924,0.526383845,0.040954385
82.04880746,0.215851891,1.690891221,0.521877026,0.047011288
82.05344613,0.209470001,1.683286613,0.479512928,0.041426351
82.0580848,0.208339033,1.676248305,0.501145659,0.039302502
82.06272347,0.214397789,1.673740403,0.546213848,0.043943506
82.06736214,0.213751522,1.6714752,0.490329294,0.045831371
82.07200081,0.2085006,1.665164994,0.494836113,0.039617147
82.07663948,0.209873918,1.661200889,0.519172935,0.040010452
82.08127815,0.216578942,1.66168629,0.539904302,0.046381999
82.08591682,0.211004886,1.657722186,0.481315656,0.042448945
82.09055549,0.208419816,1.65278728,0.502948387,0.038830536
82.09519416,0.213347605,1.651816479,0.541707029,0.042212962
82.09983283,0.215286407,1.65254458,0.506553842,0.046539321
82.1044715,0.20922765,1.647852375,0.488526566,0.040403757
82.10911017,0.209066084,1.64324107,0.508356569,0.039695808
82.11374884,0.215932674,1.64316017,0.547115212,0.045516727
82.11838751,0.212378204,1.640975868,0.479512928,0.043943506
82.12302618,0.208339033,1.635636462,0.498441568,0.039223841
82.12766485,0.211651153,1.63304766,0.528186573,0.041269029
82.13230352,0.216336591,1.634099361,0.517370207,0.046775304
82.13694219,0.209631567,1.629811656,0.479512928,0.041269029
82.14158086,0.20874295,1.625038551,0.501145659,0.039459824
82.14621953,0.214720923,1.62422955,0.547115212,0.044572794
82.1508582,0.213589955,1.62406775,0.486723839,0.045516727
82.15549687,0.207935116,1.618809244,0.495737476,0.040010452
82.16013554,0.210197051,1.616220442,0.521877026,0.041662335
82.16477421,0.216498158,1.618000244,0.539904302,0.049135137
82.16941288,0.210197051,1.61452154,0.484921111,0.046617982
82.17405155,0.208096683,1.610638336,0.508356569,0.044022167
82.17869022,0.213266821,1.610476536,0.548016576,0.047719237
82.18332889,0.214963273,1.611285536,0.505652478,0.051101663
82.18796756,0.208581383,1.606431531,0.492132021,0.045123422
82.19260623,0.209066084,1.603276428,0.511962024,0.044494133
82.1972449,0.215851891,1.603842729,0.547115212,0.050708358
82.20188357,0.211731936,1.601173026,0.478611565,0.048584509
82.20652224,0.208096683,1.59607632,0.497540204,0.043864845
82.21116091,0.21157037,1.593568418,0.5299893,0.045988694
82.21579958,0.214963273,1.595024619,0.513764752,0.05086568
82.22043825,0.208258249,1.590898715,0.479512928,0.0449661
82.22507692,0.207773549,1.58653011,0.498441568,0.043392878
82.22971559,0.214236222,1.58661101,0.542608393,0.04866317
82.23435426,0.212620554,1.585802009,0.480414292,0.048820492
82.23899293,0.207611982,1.581190705,0.490329294,0.043078234
82.2436316,0.209550784,1.579006402,0.516468843,0.043864845
82.24827027,0.21536719,1.581109804,0.526383845,0.050157731
82.25290894,0.208904517,1.577954701,0.474104746,0.045202083
82.25754761,0.206804148,1.574556897,0.49663884,0.042291623
82.26218628,0.21205507,1.575365898,0.538101574,0.046067355
82.26682495,0.213105255,1.5770648,0.493033385,0.049135137
82.27146362,0.207046498,1.572777096,0.484921111,0.042527606
82.27610229,0.207611982,1.570107393,0.506553842,0.042134301
82.28074096,0.214397789,1.571806295,0.53720021,0.048269865
82.28537963,0.210116268,1.570026493,0.471400654,0.045516727
82.2900183,0.206400231,1.566224189,0.492132021,0.041583673
82.29465697,0.210600969,1.566062388,0.527285209,0.043943506
82.29929564,0.213913089,1.56776129,0.506553842,0.048977814
82.30393431,0.207208065,1.564767987,0.479512928,0.042999573
82.30857298,0.206319447,1.562017384,0.500244295,0.041190368
82.31321165,0.213105255,1.564767987,0.545312484,0.046539321
82.31785032,0.211085669,1.565900588,0.479512928,0.046539321
82.32248899,0.205834747,1.563716286,0.493033385,0.040954385
82.32712766,0.208419816,1.564687087,0.521877026,0.042134301
82.33176633,0.214074656,1.568893891,0.529087936,0.048112543
82.336405,0.208177466,1.569217492,0.479512928,0.043156895
82.34104367,0.206400231,1.568003991,0.502948387,0.040561079
82.34568234,0.212135853,1.570754593,0.545312484,0.044494133
82.35032101,0.212135853,1.573909697,0.49663884,0.047325932
82.35495968,0.206561798,1.571887195,0.493033385,0.040797063
82.35959835,0.207531199,1.571806295,0.514666116,0.040875724
82.36423702,0.213993872,1.575204098,0.542608393,0.047325932
82.36887569,0.209712351,1.573990597,0.477710201,0.044336811
82.37351436,0.206400231,1.570997294,0.499342932,0.039931791
82.37815303,0.211247236,1.571644494,0.535397483,0.04276359
82.3827917,0.213993872,1.574314197,0.508356569,0.047325932
82.38743037,0.207611982,1.571725394,0.483118383,0.041111707
82.39206904,0.207369632,1.569702892,0.50384975,0.03985313
82.39670771,0.214397789,1.572938896,0.547115212,0.045438066
82.40134638,0.211489586,1.574071497,0.479512928,0.0449661
82.40598505,0.206804148,1.571159094,0.494836113,0.03985313
82.41062372,0.210035485,1.570673693,0.523679754,0.04134769
82.41526239,0.215205623,1.574233297,0.523679754,0.047325932
82.41990106,0.209146867,1.572777096,0.479512928,0.04205564
82.42453973,0.207208065,1.570511893,0.501145659,0.03985313
82.4291784,0.213589955,1.572696196,0.545312484,0.044415472
82.43381707,0.213347605,1.575284998,0.493033385,0.046381999
82.43845574,0.2085006,1.573019796,0.494836113,0.040089113
82.44309441,0.210277835,1.572210795,0.518271571,0.040482418
82.44773308,0.218275393,1.5769839,0.548016576,0.047089949
82.45237175,0.21819461,1.578682802,0.500244295,0.043628861
82.45701042,0.219891062,1.577469301,0.529087936,0.039538485
82.46164909,0.22788862,1.579087302,0.566043851,0.04276359
82.46628776,0.231039174,1.581514305,0.528186573,0.046775304
82.47092643,0.224011016,1.578278301,0.502047023,0.040639741
82.4755651,0.22433415,1.576174899,0.517370207,0.03985313
82.48020377,0.231281524,1.578601902,0.555227486,0.046067355
82.48484244,0.227242353,1.578440102,0.485822475,0.0449661
82.48948111,0.222556915,1.576255799,0.502047023,0.03985313
82.49411978,0.225707468,1.5766603,0.531792028,0.041583673
82.49875845,0.229908206,1.580624404,0.526383845,0.047483254
82.50339712,0.223041615,1.580139003,0.484921111,0.041662335
82.50803579,0.22102203,1.581271605,0.510159297,0.039381163
82.51267446,0.227565487,1.588309912,0.559734305,0.044336811
82.51731313,0.226030602,1.59583362,0.506553842,0.045674049
82.5219518,0.220375762,1.599069623,0.513764752,0.039931791
82.52659047,0.221829864,1.601173026,0.533594755,0.040403757
82.53122914,0.22764627,1.606027031,0.54891794,0.046617982
82.53586781,0.221345163,1.603761828,0.485822475,0.042842251
82.54050648,0.21843696,1.599878624,0.505652478,0.039381163
82.54514515,0.222960832,1.600202225,0.543509757,0.042999573
82.54978382,0.22481885,1.601739326,0.504751114,0.046775304
82.55442249,0.218275393,1.598341523,0.488526566,0.040482418
82.55906116,0.218275393,1.59542912,0.507455206,0.039617147
82.56369983,0.224253366,1.597775222,0.546213848,0.045910033
82.5683385,0.219891062,1.597128021,0.476808837,0.044022167
82.57297717,0.215771107,1.593568418,0.49663884,0.039223841
82.57761584,0.219083228,1.592759417,0.529087936,0.041269029
82.58225451,0.223526316,1.59551002,0.517370207,0.046853965
82.58689318,0.216498158,1.592921217,0.479512928,0.041269029
82.59153185,0.215044057,1.590008814,0.500244295,0.039459824
82.59617052,0.220941246,1.591707716,0.544411121,0.044415472
82.60080919,0.219487145,1.592274016,0.484019747,0.045280744
82.60544786,0.214478573,1.589118913,0.493033385,0.039695808
82.61008653,0.215851891,1.587986312,0.517370207,0.040167774
82.6147252,0.22150673,1.591222315,0.531792028,0.046539321
82.61936387,0.215286407,1.589927914,0.476808837,0.042212962
82.62400254,0.213347605,1.58669191,0.499342932,0.038987858
82.62864121,0.218275393,1.588067212,0.539904302,0.042606267
82.63327988,0.219567928,1.590008814,0.498441568,0.046067355
82.63791855,0.212862904,1.584993009,0.487625202,0.040010452
82.64255722,0.213428388,1.582970506,0.506553842,0.039774469
82.64719589,0.220375762,1.58604471,0.541707029,0.045831371
82.65183456,0.215771107,1.585235709,0.476808837,0.043392878
82.65647323,0.211974287,1.581514305,0.49663884,0.038987858
82.6611119,0.21536719,1.581352505,0.530890664,0.041583673
82.66575057,0.219567928,1.584507608,0.513764752,0.046853965
82.67038924,0.212943688,1.581676105,0.48221702,0.040875724
82.67502791,0.21181272,1.580058103,0.502948387,0.039381163
82.67966658,0.219083228,1.582970506,0.548016576,0.044572794
82.68430525,0.217467559,1.584750308,0.485822475,0.0449661
82.68894392,0.212216637,1.582727806,0.498441568,0.039223841
82.69358259,0.214640139,1.583536807,0.52277839,0.040482418
82.69822126,0.220052629,1.588390812,0.532693391,0.046617982
82.70285993,0.213993872,1.587824512,0.479512928,0.042134301
82.7074986,0.211731936,1.585640209,0.502047023,0.039066519
82.71213727,0.217225209,1.588552612,0.544411121,0.043156895
82.71677594,0.217629126,1.591788616,0.499342932,0.046539321
82.72141461,0.211974287,1.590251514,0.493033385,0.040718402
82.72605328,0.212701337,1.590898715,0.514666116,0.040325096
82.73069195,0.219083228,1.597289822,0.546213848,0.046696643
82.73533062,0.214963273,1.600768525,0.48221702,0.043707522
82.73996929,0.211731936,1.602143827,0.504751114,0.039538485
82.74460796,0.216175024,1.605784331,0.540805665,0.042212962
82.74924663,0.219325578,1.610557436,0.516468843,0.047011288
82.7538853,0.212701337,1.608373133,0.485822475,0.041033046
82.75852397,0.212135853,1.606027031,0.505652478,0.040010452
82.76316264,0.21843696,1.607078732,0.548016576,0.045044761
82.76780131,0.215851891,1.606512431,0.480414292,0.0449661
82.77243998,0.211004886,1.601173026,0.493934749,0.039538485
82.77707865,0.213589955,1.599312324,0.521877026,0.040875724
82.78171732,0.218598527,1.600525825,0.525482481,0.047089949
82.78635599,0.212458987,1.597289822,0.476808837,0.041819657
82.79099466,0.210197051,1.593325717,0.498441568,0.039223841
82.79563333,0.216255808,1.594620119,0.540805665,0.043628861
82.800272,0.216336591,1.595186419,0.490329294,0.045910033
82.80491067,0.210520185,1.590898715,0.487625202,0.039695808
82.80954934,0.211489586,1.589361613,0.511060661,0.039931791
82.81418801,0.218356177,1.593406617,0.539904302,0.04646066
82.81882668,0.213751522,1.594862819,0.479512928,0.042842251
82.82346535,0.210924102,1.594701019,0.504751114,0.038830536
82.82810402,0.215932674,1.598584223,0.543509757,0.041976979
82.83274269,0.21867931,1.603519128,0.516468843,0.046381999
82.83738136,0.212135853,1.601577526,0.491230657,0.040246435
82.84202003,0.212135853,1.600444925,0.511060661,0.039223841
82.8466587,0.21843696,1.602952828,0.551622031,0.045202083
82.85129737,0.215528757,1.603195528,0.483118383,0.044415472
82.85593604,0.211004886,1.600040425,0.500244295,0.039066519
82.86057471,0.214074656,1.598988723,0.528186573,0.040718402
82.86521338,0.219083228,1.601982027,0.526383845,0.046539321
82.86985205,0.212943688,1.600525825,0.483118383,0.04134769
82.87449072,0.211247236,1.598584223,0.505652478,0.039066519
82.87912939,0.216821292,1.600525825,0.54891794,0.043864845
82.88376806,0.216417375,1.603519128,0.493934749,0.045516727
82.88840673,0.211004886,1.601658426,0.495737476,0.039459824
82.8930454,0.212539771,1.602952828,0.520975662,0.039617147
82.89768407,0.218598527,1.609586635,0.544411121,0.045910033
82.90232274,0.213024471,1.612418138,0.484921111,0.042448945
82.90696141,0.210520185,1.61492604,0.509257933,0.038673214
82.91160008,0.215286407,1.621721648,0.549819303,0.041976979
82.91623875,0.217629126,1.630216157,0.518271571,0.046381999
82.92087742,0.211328019,1.63337126,0.500244295,0.040167774
82.92551609,0.21181272,1.637820765,0.521877026,0.038830536
82.93015476,0.218598527,1.646881574,0.562438396,0.045438066
82.93479343,0.215690324,1.653191781,0.495737476,0.043786184
82.9394321,0.211893503,1.655780584,0.514666116,0.038909197
82.94407077,0.215528757,1.660796389,0.545312484,0.040482418
82.94870944,0.219891062,1.667915596,0.536298847,0.046539321
82.95334811,0.213024471,1.668077397,0.494836113,0.040954385
82.95798678,0.21229742,1.667591996,0.516468843,0.038830536
82.96262545,0.218598527,1.6707471,0.558832941,0.043707522
82.96726412,0.21795226,1.673093202,0.501145659,0.045202083
82.97190279,0.211974287,1.670666199,0.507455206,0.039302502
82.97654146,0.213751522,1.6714752,0.53720021,0.03985313
82.98118013,0.220375762,1.682154012,0.573254762,0.046067355
82.9858188,0.214720923,1.687008017,0.52277839,0.042134301
82.99045747,0.212378204,1.687088917,0.540805665,0.038751875
82.99509614,0.217548343,1.687169817,0.571452034,0.042291623
82.99973481,0.219083228,1.686684416,0.524581117,0.046146016
83.00437348,0.212135853,1.68053601,0.502948387,0.039931791
83.00901215,0.212701337,1.674792104,0.519172935,0.039066519
83.01365082,0.219406361,1.673983103,0.552523395,0.045280744
83.01828949,0.21488249,1.6707471,0.48221702,0.043392878
83.02292816,0.211408803,1.665084093,0.500244295,0.038673214
83.02756683,0.215205623,1.66168629,0.531792028,0.041033046
83.0322055,0.218760094,1.661281789,0.518271571,0.046617982
83.03684417,0.212216637,1.656670485,0.481315656,0.040482418
83.04148284,0.211085669,1.651169279,0.502047023,0.038909197
83.04612151,0.217386776,1.650522078,0.547115212,0.044100828
83.05076018,0.215771107,1.649551277,0.485822475,0.044494133
83.05539885,0.210277835,1.645748973,0.494836113,0.039066519
83.06003752,0.212701337,1.643807371,0.521877026,0.03985313
83.06467619,0.218356177,1.647286075,0.535397483,0.046303338
83.06931486,0.212701337,1.646396174,0.481315656,0.04205564
83.07395353,0.210681752,1.644130971,0.504751114,0.03843723
83.0785922,0.215771107,1.646234374,0.546213848,0.042527606
83.08323087,0.216982859,1.650441178,0.505652478,0.045674049
83.08786954,0.211085669,1.649632177,0.49663884,0.039223841
83.09250821,0.211489586,1.650764778,0.519172935,0.038909197
83.09714688,0.21867931,1.656427784,0.555227486,0.045280744
83.10178555,0.214640139,1.658531187,0.487625202,0.042920912
83.10642422,0.211085669,1.656913185,0.508356569,0.038515892
83.11106289,0.214640139,1.658126686,0.541707029,0.041111707
83.11570156,0.218356177,1.661281789,0.524581117,0.046146016
83.12034023,0.211731936,1.660553689,0.494836113,0.040246435
83.1249789,0.211166452,1.660877289,0.516468843,0.038673214
83.12961757,0.21819461,1.666216695,0.56333976,0.043943506
83.13425624,0.216013458,1.670423499,0.502948387,0.044494133
83.13889491,0.211489586,1.672203301,0.519172935,0.038830536
83.14353358,0.214074656,1.678998908,0.550720667,0.040010452
83.14817225,0.220052629,1.693641824,0.565142488,0.046146016
83.15281092,0.213913089,1.706990338,0.520975662,0.041269029
83.15744959,0.212539771,1.720581552,0.549819303,0.038515892
83.16208826,0.218113827,1.734496367,0.592183401,0.042606267
83.16672693,0.219325578,1.744285277,0.539002938,0.045359405
83.1713656,0.213589955,1.74687408,0.527285209,0.039066519
83.17600427,0.214640139,1.748815682,0.545312484,0.038830536
83.18064294,0.221587514,1.753750588,0.571452034,0.045202083
83.18528161,0.216578942,1.752779787,0.501145659,0.04276359
83.18992028,0.213024471,1.74695498,0.518271571,0.038515892
83.19455895,0.217144425,1.743395377,0.54891794,0.041190368
83.19919762,0.220537329,1.741777375,0.52277839,0.045988694
83.20383629,0.213913089,1.733606466,0.492132021,0.040167774
83.20847496,0.213186038,1.725759158,0.511060661,0.038673214
83.21311363,0.219810278,1.722846755,0.552523395,0.044100828
83.2177523,0.217386776,1.717021949,0.484921111,0.043864845
83.22239097,0.212458987,1.707799339,0.498441568,0.038594553
83.22702964,0.214720923,1.701650932,0.524581117,0.040089113
83.23166831,0.220456546,1.69970933,0.526383845,0.04646066
83.23630698,0.213751522,1.692671023,0.477710201,0.041269029
83.24094565,0.211731936,1.684985515,0.498441568,0.03843723
83.24558432,0.217305992,1.681992211,0.540805665,0.042606267
83.25022299,0.217305992,1.679565209,0.488526566,0.045044761
83.25486166,0.21157037,1.671798801,0.487625202,0.039066519
83.25950033,0.212701337,1.666297595,0.509257933,0.039459824
83.264139,0.219002444,1.665084093,0.535397483,0.045831371
83.26877767,0.213428388,1.660553689,0.472302018,0.042448945
83.27341634,0.210358618,1.654486182,0.494836113,0.038515892
83.27805501,0.214963273,1.650683878,0.531792028,0.041505012
83.28269368,0.217629126,1.648823176,0.502047023,0.045910033
83.28733235,0.211166452,1.64267477,0.479512928,0.039695808
83.29197102,0.211328019,1.638387065,0.501145659,0.038751875
83.29660969,0.217871476,1.638306165,0.544411121,0.044572794
83.30124836,0.214478573,1.636121863,0.476808837,0.043943506
83.30588703,0.209793134,1.630377957,0.494836113,0.038673214
83.3105257,0.212701337,1.627950954,0.523679754,0.040325096
83.31516437,0.217548343,1.628436355,0.520975662,0.046224677
83.31980304,0.211166452,1.62398685,0.475907473,0.040954385
83.32444171,0.209793134,1.620427246,0.498441568,0.038594553
83.32908038,0.215690324,1.620589046,0.542608393,0.042999573
83.33371905,0.215205623,1.620912647,0.487625202,0.045044761
83.33835772,0.209550784,1.617110343,0.491230657,0.039223841
83.34299639,0.211408803,1.616220442,0.51556748,0.039381163
83.34763506,0.218113827,1.620184546,0.539904302,0.045516727
83.35227373,0.21229742,1.620508146,0.481315656,0.042134301
83.3569124,0.209712351,1.618647444,0.505652478,0.03843723
83.36155107,0.214397789,1.619860946,0.544411121,0.041740996
83.36618974,0.216740508,1.622368848,0.511962024,0.04575271
83.37082841,0.210600969,1.619132845,0.494836113,0.039538485
83.37546708,0.210924102,1.616867642,0.513764752,0.038515892
83.38010575,0.218113827,1.618890144,0.551622031,0.044494133
83.38474442,0.214236222,1.617838443,0.48221702,0.043314217
83.38938309,0.209954701,1.613308039,0.500244295,0.038515892
83.39402176,0.213186038,1.612579938,0.531792028,0.040718402
83.39866043,0.21819461,1.615896841,0.529087936,0.046067355
83.4032991,0.212620554,1.61468334,0.491230657,0.040718402
83.40793777,0.211166452,1.612337238,0.510159297,0.03843723
83.41257644,0.217144425,1.612741738,0.550720667,0.043392878
83.41721511,0.216094241,1.612337238,0.48942793,0.044651455
83.42185378,0.211004886,1.607402332,0.493033385,0.038515892
83.42649245,0.213024471,1.60537983,0.51556748,0.039381163
83.43113112,0.218840877,1.607078732,0.532693391,0.045438066
83.43576979,0.213024471,1.60546073,0.475006109,0.041426351
83.44040846,0.210520185,1.602710127,0.498441568,0.038201247
83.44504713,0.215690324,1.60481353,0.539002938,0.041740996
83.4496858,0.217709909,1.607564132,0.500244295,0.045044761
83.45432447,0.211166452,1.603923629,0.485822475,0.038909197
83.45896314,0.21157037,1.602305627,0.506553842,0.038673214
83.46360181,0.21843696,1.60562253,0.544411121,0.044808778
83.46824048,0.214559356,1.606916932,0.478611565,0.042999573
83.47287915,0.210600969,1.606916932,0.502047023,0.03843723
83.47751782,0.214155439,1.610395635,0.535397483,0.040639741
83.48215649,0.219244794,1.616139542,0.52277839,0.045988694
83.48679516,0.212701337,1.616220442,0.487625202,0.040325096
83.49143383,0.211893503,1.618566544,0.514666116,0.03843723
83.4960725,0.219164011,1.626980153,0.564241124,0.043628861
83.50071117,0.21795226,1.634665661,0.50384975,0.044415472
83.50534984,0.213347605,1.637578064,0.511962024,0.038830536
83.50998851,0.215447974,1.640975868,0.536298847,0.039538485
83.51462718,0.22150673,1.646477074,0.546213848,0.045595388
83.51926585,0.215690324,1.646315274,0.488526566,0.041269029
83.52390452,0.213509172,1.644939972,0.511962024,0.038358569
83.52854319,0.218760094,1.648499576,0.557030214,0.042370284
83.53318186,0.220052629,1.653515381,0.51556748,0.045438066
83.53782053,0.213670738,1.65254458,0.505652478,0.039381163
83.5424592,0.214478573,1.651331079,0.524581117,0.038987858
83.54709787,0.221102813,1.653919882,0.555227486,0.044887439
83.55173654,0.216498158,1.65270638,0.485822475,0.04276359
83.55637521,0.212539771,1.647852375,0.50384975,0.038358569
83.56101388,0.216659725,1.646800674,0.535397483,0.040797063
83.56565255,0.220294979,1.648095075,0.516468843,0.045988694
83.57029122,0.213589955,1.644939972,0.486723839,0.040089113
83.57492989,0.213266821,1.642432069,0.508356569,0.038594553
83.57956856,0.220133412,1.647043374,0.558832941,0.043786184
83.58420723,0.218517744,1.65214008,0.508356569,0.043786184
83.5888459,0.214236222,1.652868181,0.529087936,0.038515892
83.59348457,0.216982859,1.654081682,0.549819303,0.039695808
83.59812324,0.222152997,1.657236785,0.549819303,0.045988694
83.60276191,0.216013458,1.653434481,0.491230657,0.040954385
83.60740058,0.213589955,1.649389477,0.508356569,0.038279908
83.61203925,0.219164011,1.649227677,0.548016576,0.042606267
83.61667792,0.219891062,1.650360278,0.500244295,0.045044761
83.62131659,0.214155439,1.648095075,0.495737476,0.038987858
83.62595526,0.214720923,1.646153473,0.516468843,0.038751875
83.63059393,0.221668297,1.648175976,0.545312484,0.045123422
83.6352326,0.216740508,1.645425373,0.478611565,0.04205564
83.63987127,0.213105255,1.639924167,0.498441568,0.038043925
83.64450994,0.217225209,1.638063465,0.532693391,0.040875724
83.64914861,0.220375762,1.638548865,0.507455206,0.045359405
83.65378728,0.213670738,1.63361396,0.480414292,0.039538485
83.65842595,0.213105255,1.629245355,0.499342932,0.038358569
83.66306462,0.219729495,1.630216157,0.541707029,0.04425815
83.66770329,0.216740508,1.628921755,0.475907473,0.0435502
83.67234196,0.21205507,1.623420549,0.491230657,0.038279908
83.67698063,0.215286407,1.621802548,0.518271571,0.03985313
83.6816193,0.220537329,1.622692449,0.520074299,0.04575271
83.68625797,0.214074656,1.618809244,0.472302018,0.040875724
83.69089664,0.212378204,1.613874339,0.493033385,0.038358569
83.69553531,0.218275393,1.613874339,0.535397483,0.042842251
83.70017398,0.218113827,1.613469839,0.484019747,0.044651455
83.70481265,0.21205507,1.608939434,0.483118383,0.038515892
83.70945132,0.212862904,1.60529893,0.506553842,0.039066519
83.71408999,0.219729495,1.607321432,0.531792028,0.045359405
83.71872866,0.213832305,1.60489443,0.468696563,0.041662335
83.72336733,0.211247236,1.600525825,0.491230657,0.037886603
83.728006,0.215044057,1.600364025,0.5299893,0.041190368
83.73264467,0.217790693,1.602143827,0.500244295,0.045438066
83.73728334,0.211247236,1.598907823,0.479512928,0.039302502
83.74192201,0.211004886,1.59591452,0.500244295,0.038122586
83.74656068,0.217709909,1.597289822,0.541707029,0.044022167
83.75119935,0.214397789,1.596723521,0.475006109,0.043156895
83.75583802,0.210277835,1.592921217,0.493033385,0.038122586
83.76047669,0.213347605,1.592274016,0.52277839,0.039774469
83.76511536,0.218033043,1.59542912,0.519172935,0.045516727
83.76975403,0.211731936,1.591788616,0.475907473,0.040010452
83.7743927,0.210277835,1.588229012,0.498441568,0.038201247
83.77903137,0.216013458,1.589523413,0.541707029,0.042842251
83.78367004,0.215771107,1.590817815,0.484921111,0.044651455
83.78830871,0.209550784,1.58653011,0.488526566,0.038515892
83.79294738,0.211328019,1.584750308,0.511060661,0.039066519
83.79758605,0.217467559,1.587096411,0.5299893,0.045280744
83.80222472,0.211651153,1.585397509,0.470499291,0.041505012
83.80686339,0.2089853,1.582727806,0.493033385,0.037886603
83.81150206,0.213751522,1.584588508,0.532693391,0.041269029
83.81614073,0.215771107,1.588633512,0.501145659,0.045280744
83.8207794,0.209712351,1.587177311,0.484921111,0.038987858
83.82541807,0.209712351,1.58596381,0.50384975,0.038201247
83.83005674,0.216498158,1.588957113,0.542608393,0.043943506
83.83469541,0.212862904,1.589118913,0.473203382,0.042684928
83.83933408,0.209146867,1.58596381,0.491230657,0.038122586
83.84397275,0.212378204,1.585802009,0.523679754,0.040089113
83.84861142,0.216740508,1.589604313,0.514666116,0.045438066
83.85325009,0.210197051,1.586934611,0.475006109,0.039774469
83.85788876,0.209389217,1.584669408,0.497540204,0.037807942
83.86252743,0.215690324,1.587096411,0.540805665,0.043235556
83.8671661,0.214397789,1.588471712,0.48221702,0.044336811
83.87180477,0.209146867,1.585397509,0.48942793,0.038279908
83.87644344,0.211166452,1.584588508,0.512863388,0.038830536
83.88108211,0.217225209,1.587662711,0.528186573,0.045202083
83.88572078,0.211166452,1.58636831,0.471400654,0.041505012
83.89035945,0.209146867,1.582889606,0.494836113,0.038201247
83.89499812,0.214074656,1.584588508,0.535397483,0.041426351
83.89963679,0.215690324,1.58653011,0.494836113,0.045044761
83.90427546,0.209389217,1.583455907,0.48221702,0.038830536
83.90891413,0.209954701,1.581352505,0.502047023,0.038358569
83.9135528,0.216255808,1.583536807,0.538101574,0.044494133
83.91819147,0.212458987,1.583455907,0.470499291,0.042684928
83.92283014,0.208662166,1.580219903,0.48942793,0.038122586
83.92746881,0.21229742,1.579491803,0.521877026,0.040718402
83.93210748,0.216255808,1.582727806,0.508356569,0.045674049
83.93674615,0.209873918,1.579815403,0.475006109,0.039931791
83.94138482,0.20922765,1.578197401,0.495737476,0.038358569
83.94602349,0.21536719,1.580705304,0.540805665,0.043078234
83.95066216,0.214236222,1.582323306,0.479512928,0.043628861
83.95530083,0.209389217,1.579491803,0.490329294,0.038043925
83.9599395,0.211328019,1.580462604,0.517370207,0.039302502
83.96457817,0.217305992,1.584345808,0.528186573,0.045438066
83.96921684,0.211247236,1.582808706,0.474104746,0.040718402
83.97385551,0.209308434,1.580139003,0.49663884,0.037807942
83.97849418,0.214478573,1.581918805,0.538101574,0.041662335
83.98313285,0.215528757,1.584588508,0.493934749,0.045123422
83.98777152,0.209146867,1.581676105,0.485822475,0.038751875
83.99241019,0.209793134,1.579491803,0.507455206,0.038594553
83.99704886,0.216578942,1.582808706,0.539904302,0.045123422
84.00168753,0.211408803,1.582646906,0.472302018,0.04276359
84.0063262,0.208419816,1.579249102,0.493934749,0.038043925
84.01096487,0.212458987,1.580381704,0.529087936,0.040639741
84.01560354,0.215690324,1.583455907,0.510159297,0.045831371
84.02024221,0.209470001,1.582080605,0.480414292,0.039695808
84.02488088,0.208662166,1.581109804,0.502047023,0.038279908
84.02951955,0.215528757,1.585721109,0.54891794,0.043707522
84.03415822,0.213428388,1.589847014,0.486723839,0.0435502
84.03879689,0.20874295,1.588876213,0.499342932,0.03843723
84.04343556,0.211247236,1.590089714,0.525482481,0.039931791
84.04807423,0.217467559,1.594053818,0.530890664,0.045516727
84.0527129,0.210843319,1.592840317,0.479512928,0.040954385
84.05735157,0.209308434,1.590332414,0.500244295,0.038201247
84.06199024,0.21488249,1.591060515,0.541707029,0.042291623
84.06662891,0.214963273,1.592274016,0.491230657,0.044887439
84.07126758,0.208904517,1.589038013,0.487625202,0.038830536
84.07590625,0.209954701,1.587824512,0.508356569,0.038909197
84.08054492,0.216740508,1.590251514,0.53720021,0.045202083
84.08518359,0.211489586,1.589442513,0.473203382,0.042134301
84.08982226,0.2085006,1.587339111,0.49663884,0.038043925
84.09446093,0.212943688,1.588633512,0.532693391,0.041190368
84.0990996,0.216175024,1.591626816,0.508356569,0.045674049
84.10373827,0.209389217,1.589847014,0.48221702,0.039459824
84.10837694,0.209389217,1.588309912,0.502948387,0.038279908
84.11301561,0.216498158,1.590817815,0.545312484,0.043943506
84.11765428,0.213509172,1.591222315,0.477710201,0.043471539
84.12229295,0.2089853,1.588309912,0.494836113,0.038122586
84.12693162,0.212135853,1.588633512,0.52277839,0.039381163
84.13157029,0.217305992,1.592193116,0.523679754,0.045044761
84.13620896,0.210520185,1.590089714,0.475907473,0.040167774
84.14084763,0.20922765,1.588309912,0.498441568,0.037807942
84.1454863,0.21536719,1.591141415,0.541707029,0.042291623
84.15012497,0.215286407,1.593487518,0.48942793,0.044415472
84.15476364,0.209631567,1.591707716,0.48942793,0.038515892
84.15940231,0.211085669,1.591384115,0.513764752,0.038673214
84.16404098,0.217709909,1.597775222,0.542608393,0.045359405
84.16867965,0.212782121,1.602791027,0.485822475,0.041819657
84.17331832,0.209631567,1.60489443,0.513764752,0.038201247
84.17795699,0.214478573,1.610881036,0.551622031,0.041269029
84.18259566,0.217790693,1.617110343,0.520975662,0.045516727
84.18723433,0.211651153,1.617514843,0.500244295,0.03985313
84.191873,0.211651153,1.618404744,0.520074299,0.038909197
84.19651167,0.218275393,1.62398685,0.559734305,0.044336811
84.20115034,0.21536719,1.627627354,0.490329294,0.043786184
84.20578901,0.211247236,1.626252052,0.507455206,0.039302502
84.21042768,0.214397789,1.628921755,0.536298847,0.041111707
84.21506635,0.219971845,1.636526363,0.532693391,0.046853965
84.21970502,0.213751522,1.638953366,0.48942793,0.041819657
84.22434369,0.212701337,1.639843267,0.511962024,0.039538485
84.22898236,0.218840877,1.645748973,0.557030214,0.044100828
84.23362103,0.218921661,1.654809783,0.50384975,0.045595388
84.2382597,0.214074656,1.660553689,0.510159297,0.039617147
84.24289837,0.216336591,1.672526901,0.540805665,0.040403757
84.24753704,0.223364749,1.692428322,0.566945215,0.046381999
84.25217571,0.21819461,1.713057844,0.520975662,0.042684928
84.25681438,0.216821292,1.742748176,0.565142488,0.039066519
84.26145305,0.222152997,1.777697013,0.620125678,0.042527606
84.26609172,0.226353735,1.807387344,0.582268399,0.046303338
84.27073039,0.220860463,1.821221259,0.555227486,0.040167774
84.27536906,0.221425947,1.827774166,0.565142488,0.039223841
84.28000773,0.228373321,1.832547271,0.593084765,0.045123422
84.2846464,0.224414933,1.83109107,0.514666116,0.043786184
84.28928507,0.220133412,1.824133662,0.524581117,0.038987858
84.29392374,0.223041615,1.818147056,0.548016576,0.041111707
84.29856241,0.227242353,1.814587452,0.531792028,0.046853965
84.30320108,0.220294979,1.805122142,0.488526566,0.040875724
84.30783975,0.219567928,1.795656832,0.507455206,0.038751875
84.31247842,0.225626684,1.790721927,0.551622031,0.043786184
84.31711709,0.2240918,1.786110622,0.490329294,0.044887439
84.32175576,0.218840877,1.775593611,0.495737476,0.039302502
84.32639443,0.220618112,1.768069903,0.520074299,0.040010452
84.3310331,0.226596086,1.764914799,0.533594755,0.046146016
84.33567177,0.220941246,1.757391091,0.475907473,0.041898318
84.34031044,0.21795226,1.748815682,0.499342932,0.03843723
84.34494911,0.223122398,1.743880777,0.53720021,0.04205564
84.34958778,0.22433415,1.739754873,0.49663884,0.045595388
84.35422645,0.217629126,1.731017663,0.484921111,0.039223841
84.35886512,0.217790693,1.723655756,0.505652478,0.038987858
84.36350379,0.224253366,1.721875954,0.542608393,0.0449661
84.36814246,0.219729495,1.716698348,0.475006109,0.04276359
84.37278113,0.215771107,1.708446539,0.494836113,0.038515892
84.3774198,0.219244794,1.703268934,0.528186573,0.040639741
84.38205847,0.222799265,1.701489132,0.512863388,0.046146016
84.38669714,0.215932674,1.694450825,0.477710201,0.040246435
84.39133581,0.215286407,1.687655217,0.497540204,0.038515892
84.39597448,0.221587514,1.684823714,0.541707029,0.044022167
84.40061315,0.219729495,1.681992211,0.478611565,0.044494133
84.40525182,0.214478573,1.675277504,0.48942793,0.038673214
84.40989049,0.216902075,1.671637,0.517370207,0.039538485
84.41452916,0.221991431,1.6713134,0.527285209,0.045831371
84.41916783,0.216013458,1.666944795,0.475006109,0.041269029
84.4238065,0.213670738,1.66144359,0.498441568,0.038201247
84.42844517,0.219002444,1.661200889,0.540805665,0.041976979
84.43308384,0.220294979,1.661281789,0.499342932,0.045123422
84.43772251,0.214236222,1.656913185,0.494836113,0.039066519
84.44236118,0.214640139,1.653677181,0.519172935,0.038751875
84.44699985,0.220941246,1.655214283,0.551622031,0.045123422
84.45163852,0.216821292,1.652868181,0.484019747,0.042842251
84.45627719,0.213105255,1.648742276,0.504751114,0.038594553
84.46091586,0.217063642,1.647205175,0.539002938,0.041190368
84.46555453,0.220133412,1.648499576,0.517370207,0.045910033
84.4701932,0.213670738,1.644373672,0.486723839,0.039931791
84.47483187,0.213024471,1.640571367,0.506553842,0.038830536
84.47947054,0.219729495,1.641461268,0.54891794,0.044022167
84.48410921,0.217225209,1.640975868,0.481315656,0.044179489
84.48874788,0.212378204,1.635960063,0.493934749,0.038830536
84.49338655,0.214963273,1.63393756,0.521877026,0.040010452
84.49802522,0.220214195,1.636121863,0.529087936,0.045988694
84.50266389,0.214397789,1.636202763,0.48942793,0.041111707
84.50730256,0.21229742,1.637173564,0.528186573,0.038279908
84.51194123,0.217709909,1.641703969,0.575958853,0.042448945
84.5165799,0.218113827,1.644939972,0.519172935,0.045202083
84.52121857,0.211731936,1.641542169,0.508356569,0.039223841
84.52585724,0.213024471,1.639357866,0.526383845,0.038909197
84.53049591,0.219729495,1.641542169,0.552523395,0.045202083
84.53513458,0.21512484,1.640571367,0.488526566,0.042370284
84.53977325,0.21181272,1.637739864,0.510159297,0.038201247
84.54441192,0.216013458,1.638710666,0.546213848,0.041426351
84.54905059,0.219406361,1.642432069,0.520074299,0.045516727
84.55368926,0.21229742,1.641218568,0.494836113,0.039695808
84.55832793,0.212458987,1.640571367,0.513764752,0.038201247
84.5629666,0.219002444,1.643564671,0.55612885,0.044100828
84.56760527,0.216578942,1.64291747,0.486723839,0.043786184
84.57224394,0.211731936,1.638791566,0.501145659,0.038515892
84.57688261,0.21488249,1.637578064,0.527285209,0.039931791
84.58152128,0.219729495,1.639438766,0.526383845,0.045831371
84.58615995,0.213266821,1.636121863,0.477710201,0.040797063
84.59079862,0.211489586,1.632238659,0.498441568,0.038279908
84.59543729,0.217063642,1.632966759,0.542608393,0.042684928
84.60007596,0.217144425,1.63337126,0.48942793,0.0449661
84.60471463,0.211731936,1.629083555,0.490329294,0.038673214
84.6093533,0.213024471,1.626494753,0.512863388,0.039066519
84.61399197,0.219244794,1.628840855,0.536298847,0.045516727
84.61863064,0.213670738,1.626009352,0.475006109,0.041819657
84.62326931,0.210520185,1.621964348,0.49663884,0.038122586
84.62790798,0.215528757,1.620993547,0.533594755,0.041269029
84.63254665,0.217629126,1.622692449,0.501145659,0.045359405
84.63718532,0.211247236,1.617757543,0.48221702,0.039302502
84.64182399,0.21157037,1.61484514,0.502047023,0.038358569
84.64646266,0.218275393,1.617110343,0.544411121,0.044179489
84.65110133,0.214640139,1.617595743,0.477710201,0.043078234
84.65574,0.210843319,1.61500694,0.49663884,0.038279908
84.66037867,0.213913089,1.61508784,0.528186573,0.03985313
84.66501734,0.218598527,1.618728344,0.523679754,0.04575271
84.66965601,0.212378204,1.618081144,0.481315656,0.040010452
84.67429468,0.211166452,1.615977741,0.502948387,0.038043925
84.67893335,0.217225209,1.618566544,0.547115212,0.042842251
84.68357202,0.216336591,1.619618245,0.48942793,0.044651455
84.68821069,0.210520185,1.616463142,0.494836113,0.038594553
84.69284936,0.212458987,1.61427884,0.517370207,0.039302502
84.69748803,0.218356177,1.616867642,0.535397483,0.045595388
84.7021267,0.212782121,1.615330541,0.475907473,0.04134769
84.70676537,0.210277835,1.612013637,0.498441568,0.03765062
84.71140404,0.215205623,1.611770937,0.53720021,0.041269029
84.71604271,0.217467559,1.613631639,0.500244295,0.045280744
84.72068138,0.210924102,1.609829335,0.484019747,0.03914518
84.72532005,0.211247236,1.606431531,0.502948387,0.038515892
84.72995872,0.217709909,1.608049533,0.542608393,0.04425815
84.73459739,0.214074656,1.607725933,0.475006109,0.042527606
84.73923606,0.209873918,1.604247229,0.495737476,0.037807942
84.74387473,0.213832305,1.603923629,0.526383845,0.040246435
84.7485134,0.218033043,1.606350631,0.51556748,0.045595388
84.75315207,0.21181272,1.603276428,0.479512928,0.039774469
84.75779074,0.211004886,1.600768525,0.501145659,0.038043925
84.76242941,0.217629126,1.603600028,0.546213848,0.042999573
84.76706808,0.216417375,1.60546073,0.485822475,0.043943506
84.77170675,0.210762535,1.60489443,0.498441568,0.038279908
84.77634542,0.213347605,1.606027031,0.524581117,0.039066519
84.78098409,0.219325578,1.612337238,0.541707029,0.045359405
84.78562276,0.213589955,1.613712539,0.485822475,0.041111707
84.79026143,0.21157037,1.612094537,0.506553842,0.03765062
84.7949001,0.216740508,1.613469839,0.544411121,0.041583673
84.79953877,0.217629126,1.615654141,0.501145659,0.044808778
84.80417744,0.211489586,1.612822638,0.48942793,0.038594553
84.80881611,0.21229742,1.611447337,0.510159297,0.038279908
84.81345478,0.219406361,1.61468334,0.546213848,0.044415472
84.81809345,0.214640139,1.615249641,0.479512928,0.042606267
84.82273212,0.211247236,1.613550739,0.501145659,0.038043925
84.82737079,0.214720923,1.61460244,0.535397483,0.040325096
84.83200946,0.218840877,1.618566544,0.518271571,0.045831371
84.83664813,0.212458987,1.617191243,0.485822475,0.040010452
84.8412868,0.21157037,1.615977741,0.507455206,0.038122586
84.84592547,0.218598527,1.619860946,0.551622031,0.043392878
84.85056414,0.216659725,1.622207048,0.488526566,0.043786184
84.85520281,0.211974287,1.620508146,0.499342932,0.038515892
84.85984148,0.214397789,1.621559847,0.526383845,0.039459824
84.86448015,0.220052629,1.625847552,0.535397483,0.045516727
84.86911882,0.213913089,1.625281251,0.48221702,0.040954385
84.87375749,0.212620554,1.623501449,0.50384975,0.038043925
84.87839616,0.218598527,1.625443051,0.545312484,0.042291623
84.88303483,0.219164011,1.627384654,0.499342932,0.044887439
84.8876735,0.212862904,1.624957651,0.493033385,0.038909197
84.89231217,0.213832305,1.622530648,0.514666116,0.038673214
84.89695084,0.220375762,1.625685752,0.547115212,0.044808778
84.90158951,0.215528757,1.624876751,0.48221702,0.042291623
84.90622818,0.21229742,1.621883448,0.502948387,0.037807942
84.91086685,0.216336591,1.622530648,0.53720021,0.040718402
84.91550552,0.219648711,1.624714951,0.51556748,0.045674049
84.92014419,0.213186038,1.621478947,0.487625202,0.039459824
84.92478286,0.212782121,1.619537345,0.507455206,0.038279908
84.92942153,0.219567928,1.621883448,0.549819303,0.044022167
84.9340602,0.217144425,1.622935149,0.484019747,0.043864845
84.93869887,0.212378204,1.620589046,0.498441568,0.038358569
84.94333754,0.215044057,1.621559847,0.527285209,0.039617147
84.94797621,0.220779679,1.626171152,0.533594755,0.045674049
84.95261488,0.214640139,1.626090252,0.484921111,0.040482418
84.95725355,0.212701337,1.624553151,0.505652478,0.037807942
84.96189222,0.218760094,1.626737453,0.548016576,0.042134301
84.96653089,0.219083228,1.628598155,0.49663884,0.044730116
84.97116956,0.213347605,1.625604852,0.494836113,0.03843723
84.97580823,0.214559356,1.625362151,0.516468843,0.03843723
84.9804469,0.221587514,1.629164455,0.544411121,0.0449661
84.98508557,0.216578942,1.628921755,0.481315656,0.041819657
84.98972424,0.213266821,1.626899253,0.50384975,0.037886603
84.99436291,0.21819461,1.629326256,0.539904302,0.040875724
84.99900158,0.221102813,1.632885859,0.512863388,0.045359405
85.00364025,0.21488249,1.629649856,0.487625202,0.03914518
85.00827892,0.213993872,1.627708254,0.506553842,0.038043925
85.01291759,0.220860463,1.629730756,0.549819303,0.043943506
85.01755626,0.21795226,1.628840855,0.481315656,0.043235556
85.02219493,0.213589955,1.625038551,0.497540204,0.038201247
85.0268336,0.216336591,1.62447225,0.526383845,0.039774469
85.03147227,0.221587514,1.628112754,0.526383845,0.04575271
85.03611094,0.21488249,1.626494753,0.481315656,0.040246435
85.04074961,0.213751522,1.625685752,0.50384975,0.037965264
85.04538828,0.219567928,1.628921755,0.548016576,0.042527606
85.05002695,0.219083228,1.630863357,0.493033385,0.044494133
85.05466562,0.213670738,1.627384654,0.493934749,0.038515892
85.05930429,0.21536719,1.626737453,0.517370207,0.038909197
85.06394296,0.22150673,1.629811656,0.539904302,0.045359405
85.06858163,0.216255808,1.628679055,0.478611565,0.041740996
85.0732203,0.213589955,1.625685752,0.500244295,0.037965264
85.07785897,0.218113827,1.626575653,0.538101574,0.040954385
85.08249764,0.220294979,1.629407156,0.504751114,0.045280744
85.08713631,0.213670738,1.626171152,0.484921111,0.039302502
85.09177498,0.213428388,1.62439135,0.505652478,0.038201247
85.09641365,0.220537329,1.626899253,0.545312484,0.044022167
85.10105232,0.217144425,1.626899253,0.477710201,0.043156895
85.10569099,0.212701337,1.623420549,0.49663884,0.038043925
85.11032966,0.215932674,1.623096949,0.527285209,0.040246435
85.11496833,0.220618112,1.626090252,0.521877026,0.046067355
85.119607,0.213993872,1.62382505,0.481315656,0.040325096
85.12424567,0.212620554,1.621074447,0.50384975,0.038279908
85.12888434,0.219002444,1.62374415,0.54891794,0.042920912
85.13352301,0.21843696,1.626090252,0.493033385,0.044179489
85.13816168,0.212862904,1.624876751,0.498441568,0.038751875
85.14280035,0.214963273,1.626171152,0.524581117,0.03914518
85.14743902,0.22102203,1.630458857,0.542608393,0.045438066
85.15207769,0.215447974,1.628679055,0.483118383,0.041583673
85.15671636,0.212782121,1.625362151,0.504751114,0.038358569
85.16135503,0.217305992,1.625523952,0.542608393,0.041583673
85.1659937,0.219164011,1.627465554,0.502948387,0.045202083
85.17063237,0.213024471,1.62366325,0.488526566,0.03914518
85.17527104,0.213347605,1.620750846,0.507455206,0.038987858
85.17990971,0.219729495,1.623339649,0.546213848,0.044808778
85.18454838,0.216175024,1.622692449,0.478611565,0.042606267
85.18918705,0.211974287,1.618809244,0.498441568,0.037807942
85.19382572,0.216094241,1.618647444,0.5299893,0.040089113
85.19846439,0.220214195,1.621236247,0.517370207,0.045674049
85.20310306,0.213509172,1.618890144,0.481315656,0.039931791
85.20774173,0.212782121,1.616301342,0.502948387,0.038122586
85.2123804,0.219002444,1.618242944,0.548016576,0.043078234
85.21701907,0.217629126,1.619294645,0.487625202,0.044100828
85.22165774,0.212701337,1.616220442,0.49663884,0.038122586
85.22629641,0.214801706,1.615977741,0.52277839,0.039066519
85.23093508,0.220537329,1.619294645,0.535397483,0.045516727
85.23557375,0.214720923,1.618809244,0.479512928,0.041190368
85.24021242,0.212701337,1.617029443,0.502948387,0.037965264
85.24485109,0.21867931,1.619132845,0.545312484,0.041662335
85.24948976,0.22102203,1.623016049,0.506553842,0.045044761
85.25412843,0.215690324,1.621317147,0.49663884,0.038673214
85.2587671,0.217144425,1.621640747,0.519172935,0.038358569
85.26340577,0.225384334,1.626899253,0.555227486,0.044730116
85.26804444,0.222152997,1.628517255,0.48942793,0.042370284
85.27268311,0.219244794,1.627222853,0.510159297,0.038043925
85.27732178,0.223203182,1.629407156,0.542608393,0.040325096
85.28196045,0.227242353,1.635393762,0.524581117,0.045674049
85.28659912,0.220698896,1.636202763,0.492132021,0.039931791
85.29123779,0.220294979,1.638144365,0.511962024,0.038201247
85.29587646,0.226353735,1.644292771,0.557931577,0.043471539
85.30051513,0.225222767,1.651816479,0.497540204,0.043943506
85.3051538,0.220941246,1.657964886,0.514666116,0.038358569
85.30979247,0.223849449,1.670261699,0.547115212,0.039459824
85.31443114,0.229504289,1.688383318,0.557931577,0.045438066
85.31906981,0.223687882,1.69922393,0.510159297,0.040718402
85.32370848,0.221829864,1.707394838,0.532693391,0.037807942
85.32834715,0.22740392,1.71863995,0.575057489,0.041976979
85.33298582,0.229100372,1.730936763,0.529087936,0.044730116
85.33762449,0.2240918,1.73740877,0.521877026,0.038830536
85.34226316,0.225141984,1.742505476,0.539904302,0.038751875
85.34690183,0.231685441,1.749543783,0.566945215,0.0449661
85.3515405,0.226838436,1.749462883,0.49663884,0.042370284
85.35617917,0.223607099,1.745256079,0.513764752,0.038043925
85.36081784,0.227565487,1.743152676,0.545312484,0.040561079
85.36545651,0.230231339,1.742505476,0.520074299,0.045595388
85.37009518,0.223283965,1.735790768,0.490329294,0.039459824
85.37473385,0.222637698,1.729642362,0.508356569,0.038358569
85.37937252,0.229019588,1.728267061,0.551622031,0.0435502
85.38401119,0.226515302,1.724141156,0.484921111,0.043786184
85.38864986,0.221425947,1.716455648,0.498441568,0.038122586
85.39328853,0.223607099,1.712572444,0.524581117,0.039538485
85.3979272,0.228938805,1.712329744,0.528186573,0.045516727
85.40256587,0.222395348,1.706990338,0.479512928,0.040325096
85.40720454,0.219971845,1.701731832,0.502047023,0.037807942
85.41184321,0.225465118,1.700113831,0.545312484,0.042448945
85.41648188,0.225465118,1.698981229,0.494836113,0.044651455
85.42112055,0.220052629,1.692671023,0.492132021,0.03843723
85.42575922,0.220860463,1.68983952,0.514666116,0.03843723
85.43039789,0.227323136,1.691457521,0.542608393,0.044887439
85.43503656,0.222072214,1.69016312,0.480414292,0.041819657
85.43967523,0.218840877,1.687250717,0.50384975,0.037807942
85.4443139,0.222799265,1.687088917,0.539904302,0.040639741
85.44895257,0.225707468,1.689030519,0.511962024,0.044887439
85.45359124,0.218840877,1.685309115,0.488526566,0.038909197
85.45822991,0.21867931,1.682720312,0.508356569,0.038122586
85.46286858,0.224980417,1.684257414,0.549819303,0.043864845
85.46750725,0.222072214,1.684095614,0.48221702,0.042999573
85.47214592,0.217467559,1.68037421,0.500244295,0.038043925
85.47678459,0.220375762,1.680050609,0.5299893,0.039774469
85.48142326,0.225222767,1.684014714,0.5299893,0.045595388
85.48606193,0.21843696,1.683124813,0.485822475,0.040010452
85.4907006,0.217063642,1.681749511,0.510159297,0.03765062
85.49533927,0.222556915,1.685713615,0.554326122,0.042370284
85.49997794,0.222395348,1.690729421,0.501145659,0.044022167
85.50461661,0.216982859,1.69024402,0.504751114,0.038201247
85.50925528,0.21843696,1.692428322,0.528186573,0.038987858
85.51389395,0.224495717,1.698495829,0.551622031,0.044808778
85.51853262,0.21867931,1.69930483,0.48942793,0.041033046
85.52317129,0.21536719,1.696473327,0.509257933,0.03765062
85.52780996,0.219648711,1.696473327,0.545312484,0.040954385
85.53244863,0.221991431,1.697039627,0.510159297,0.045044761
85.5370873,0.215851891,1.692266522,0.490329294,0.038751875
85.54172597,0.215609541,1.689030519,0.509257933,0.037807942
85.54636464,0.222233781,1.689192319,0.54891794,0.043864845
85.55100331,0.218598527,1.686927117,0.480414292,0.042606267
85.55564198,0.214074656,1.68077871,0.498441568,0.037493298
85.56028065,0.217386776,1.677947207,0.528186573,0.039459824
85.56491932,0.221829864,1.678432608,0.520975662,0.045202083
85.56955799,0.21536719,1.674064003,0.480414292,0.039538485
85.57419666,0.214317006,1.669533598,0.501145659,0.037493298
85.57883533,0.220294979,1.669371798,0.545312484,0.042448945
85.583474,0.219244794,1.668886398,0.486723839,0.043628861
85.58811267,0.213509172,1.664275093,0.494836113,0.038043925
85.59275134,0.215286407,1.66209079,0.519172935,0.038594553
85.59739001,0.221587514,1.664598693,0.53720021,0.045359405
85.60202868,0.215690324,1.662657091,0.480414292,0.041269029
85.60666735,0.213186038,1.660068288,0.505652478,0.03765062
85.61130602,0.21843696,1.663466092,0.552523395,0.041426351
85.61594469,0.220860463,1.670099899,0.520074299,0.0449661
85.62058336,0.214640139,1.669695398,0.505652478,0.038830536
85.62522203,0.21512484,1.669614498,0.523679754,0.038279908
85.6298607,0.222152997,1.674387603,0.558832941,0.044415472
85.63449937,0.217871476,1.676410106,0.491230657,0.042448945
85.63913804,0.214155439,1.676086505,0.510159297,0.037965264
85.64377671,0.217790693,1.68053601,0.545312484,0.03985313
85.64841538,0.222799265,1.692347422,0.538101574,0.045359405
85.65305405,0.216255808,1.703026234,0.510159297,0.03985313
85.65769272,0.215851891,1.715161247,0.538101574,0.037965264
85.66233139,0.221910647,1.726568159,0.580465672,0.042999573
85.66697006,0.220456546,1.731503064,0.511962024,0.0435502
85.67160873,0.21512484,1.728267061,0.514666116,0.037886603
85.6762474,0.217063642,1.725920958,0.533594755,0.038830536
85.68088607,0.222880048,1.726972659,0.544411121,0.044887439
85.68552474,0.216498158,1.723413055,0.487625202,0.040797063
85.69016341,0.214397789,1.718963551,0.508356569,0.037729281
85.69480208,0.219891062,1.720824253,0.554326122,0.041505012
85.69944075,0.221587514,1.728752461,0.520975662,0.044651455
85.70407942,0.215932674,1.736033469,0.521877026,0.038515892
85.70871809,0.217063642,1.744123477,0.547115212,0.038043925
85.71335676,0.223122398,1.751889886,0.576860217,0.044336811
85.71799543,0.218517744,1.752051686,0.504751114,0.041976979
85.7226341,0.215447974,1.748734782,0.52277839,0.037886603
85.72727277,0.219164011,1.748653882,0.557030214,0.040403757
85.73191144,0.222718481,1.753346087,0.544411121,0.045516727
85.73655011,0.216013458,1.763701298,0.543509757,0.039617147
85.74118878,0.215771107,1.78424992,0.600295675,0.03765062
85.74582745,0.222476131,1.802209739,0.646265228,0.043235556
85.75046612,0.220537329,1.808277245,0.561537032,0.0435502
85.75510479,0.215286407,1.802128839,0.553424758,0.038122586
85.75974346,0.21795226,1.795495032,0.562438396,0.039302502
85.76438213,0.223526316,1.791450028,0.557030214,0.045516727
85.7690208,0.217467559,1.783360019,0.49663884,0.040875724
85.77365947,0.215447974,1.773490208,0.512863388,0.037886603
85.77829814,0.220698896,1.767422702,0.549819303,0.04205564
85.78293681,0.221183596,1.762487797,0.498441568,0.0449661
85.78757548,0.215286407,1.752617986,0.490329294,0.038594553
85.79221415,0.216013458,1.745256079,0.510159297,0.038358569
85.79685282,0.222637698,1.742343675,0.538101574,0.044887439
85.80149149,0.217629126,1.736518869,0.473203382,0.041976979
85.80613016,0.214155439,1.728752461,0.494836113,0.037965264
85.81076883,0.218356177,1.724383856,0.529087936,0.040639741
85.8154075,0.221668297,1.723170355,0.506553842,0.045674049
85.82004617,0.215286407,1.716132048,0.479512928,0.039066519
85.82468484,0.214640139,1.710873542,0.500244295,0.037886603
85.82932351,0.220618112,1.70909374,0.542608393,0.0435502
85.83396218,0.21819461,1.706343137,0.477710201,0.043235556
85.83860085,0.213266821,1.69914303,0.493033385,0.03765062
85.84323952,0.216013458,1.695098025,0.520975662,0.039223841
85.84787819,0.221587514,1.695421626,0.524581117,0.045202083
85.85251686,0.21512484,1.691133921,0.476808837,0.040561079
85.85715553,0.213347605,1.685875416,0.499342932,0.037886603
85.8617942,0.218840877,1.685228215,0.543509757,0.042212962
85.86643287,0.218840877,1.685470915,0.493934749,0.044415472
85.87107154,0.213266821,1.682073112,0.497540204,0.038279908
85.87571021,0.21488249,1.682477612,0.528186573,0.03843723
85.88034888,0.22174908,1.686684416,0.558832941,0.044808778
85.88498755,0.216578942,1.687817018,0.49663884,0.041662335
85.88962622,0.214074656,1.687897918,0.519172935,0.037571959
85.89426489,0.219083228,1.690567621,0.555227486,0.040639741
85.89890356,0.221910647,1.694936225,0.521877026,0.044887439
85.90354223,0.215205623,1.692994623,0.498441568,0.038515892
85.9081809,0.215286407,1.69016312,0.51556748,0.037414636
85.91281957,0.222314564,1.691295721,0.555227486,0.043235556
85.91745824,0.219325578,1.69000132,0.484921111,0.042448945
85.92209691,0.21512484,1.685309115,0.501145659,0.03765062
85.92673558,0.217790693,1.683529313,0.528186573,0.03914518
85.93137425,0.222637698,1.684985515,0.524581117,0.044808778
85.93601292,0.215851891,1.681264111,0.479512928,0.039381163
85.94065159,0.214640139,1.677461807,0.501145659,0.037257314
85.94529026,0.220941246,1.677057306,0.544411121,0.041976979
85.94992893,0.220294979,1.676410106,0.488526566,0.043786184
85.9545676,0.214559356,1.6709089,0.491230657,0.03765062
85.95920627,0.216094241,1.667834696,0.516468843,0.038279908
85.96384494,0.222314564,1.668805497,0.536298847,0.044336811
85.96848361,0.216659725,1.665326794,0.475006109,0.040797063
85.97312228,0.214155439,1.661119989,0.49663884,0.037099992
85.97776095,0.218598527,1.660068288,0.535397483,0.040482418
85.98239962,0.220941246,1.661281789,0.501145659,0.044572794
85.98703829,0.214236222,1.656589584,0.483118383,0.038515892
85.99167696,0.214478573,1.65254458,0.502948387,0.037414636
85.99631563,0.221425947,1.654243482,0.541707029,0.0435502
86.0009543,0.217790693,1.65278728,0.473203382,0.04205564
86.00559297,0.213347605,1.648418676,0.491230657,0.037414636
86.01023164,0.216255808,1.646557974,0.523679754,0.039459824
86.01487031,0.220779679,1.648095075,0.51556748,0.045044761
86.01950898,0.214640139,1.645263572,0.475006109,0.039538485
86.02414765,0.213186038,1.641461268,0.497540204,0.037493298
86.02878632,0.219567928,1.642351169,0.542608393,0.042448945
86.03342499,0.218033043,1.64259387,0.484019747,0.043707522
86.03806366,0.212943688,1.639924167,0.48942793,0.037886603
86.04270233,0.215205623,1.639034266,0.514666116,0.038594553
86.047341,0.221102813,1.641299468,0.531792028,0.044887439
86.05197967,0.215205623,1.639357866,0.474104746,0.040954385
86.05661834,0.212701337,1.635879163,0.495737476,0.037257314
86.06125701,0.217709909,1.636688163,0.536298847,0.041033046
86.06589568,0.219164011,1.638548865,0.498441568,0.044808778
86.07053435,0.212458987,1.634503861,0.485822475,0.03843723
86.07517302,0.213186038,1.63377576,0.508356569,0.038043925
86.07981169,0.220375762,1.637092664,0.548016576,0.044100828
86.08445036,0.216982859,1.636930864,0.481315656,0.042291623
86.08908903,0.212539771,1.63337126,0.498441568,0.037807942
86.0937277,0.216255808,1.63304766,0.530890664,0.039774469
86.09836637,0.220214195,1.634746561,0.51556748,0.045359405
86.10300504,0.214074656,1.631591458,0.480414292,0.039617147
86.10764371,0.212862904,1.628759955,0.502047023,0.038043925
86.11228238,0.219244794,1.630135256,0.546213848,0.043078234
86.11692105,0.218113827,1.631834158,0.484921111,0.043628861
86.12155972,0.213105255,1.629002655,0.495737476,0.037965264
86.12619839,0.214963273,1.628193654,0.521877026,0.038751875
86.13083706,0.220941246,1.631025157,0.532693391,0.0449661
86.13547573,0.215044057,1.629568956,0.476808837,0.040561079
86.1401144,0.212782121,1.627222853,0.498441568,0.037729281
86.14475307,0.218033043,1.627546454,0.539904302,0.041111707
86.14939174,0.219406361,1.629488056,0.497540204,0.044179489
86.15403041,0.213186038,1.625847552,0.488526566,0.038201247
86.15866908,0.214074656,1.62406775,0.508356569,0.038122586
86.16330775,0.22126438,1.626899253,0.541707029,0.044179489
86.16794642,0.217063642,1.626494753,0.475006109,0.041426351
86.17258509,0.213509172,1.622126148,0.494836113,0.037335975
86.17722376,0.217709909,1.621883448,0.528186573,0.040246435
86.18186243,0.221587514,1.62366325,0.508356569,0.045044761
86.1865011,0.214801706,1.620022746,0.477710201,0.038830536
86.19113977,0.214074656,1.617676643,0.497540204,0.037335975
86.19577844,0.220294979,1.619537345,0.541707029,0.042842251
86.20041711,0.217709909,1.620103646,0.476808837,0.043392878
86.20505578,0.212862904,1.616705842,0.490329294,0.037729281
86.20969445,0.215851891,1.616058641,0.517370207,0.038909197
86.21433312,0.220941246,1.618485644,0.524581117,0.045123422
86.21897179,0.214478573,1.617029443,0.473203382,0.040246435
86.22361046,0.212782121,1.61476424,0.495737476,0.037257314
86.22824913,0.21843696,1.616544042,0.53720021,0.041740996
86.2328878,0.219083228,1.617676643,0.48942793,0.044179489
86.23752647,0.213024471,1.614117039,0.484921111,0.038043925
86.24216514,0.214640139,1.613712539,0.507455206,0.038043925
86.24680381,0.221102813,1.617757543,0.539002938,0.044730116
86.25144248,0.216417375,1.618242944,0.476808837,0.041740996
86.25608115,0.214236222,1.617029443,0.500244295,0.037729281
86.26071982,0.219002444,1.619294645,0.53720021,0.040246435
86.26535849,0.222314564,1.62390595,0.512863388,0.045044761
86.26999716,0.215851891,1.622854249,0.486723839,0.03914518
86.27463583,0.215932674,1.622854249,0.507455206,0.037493298
86.2792745,0.222799265,1.626737453,0.549819303,0.043392878
86.28391317,0.220052629,1.627708254,0.484019747,0.042920912
86.28855184,0.215447974,1.62447225,0.49663884,0.03765062
86.29319051,0.217871476,1.62439135,0.523679754,0.039066519
86.29782918,0.223122398,1.627789154,0.524581117,0.045202083
86.30246785,0.216578942,1.626252052,0.476808837,0.040089113
86.30710652,0.214720923,1.623177849,0.497540204,0.037571959
86.31174519,0.220860463,1.625200351,0.541707029,0.041819657
86.31638386,0.220456546,1.627789154,0.48942793,0.04425815
86.32102253,0.214478573,1.62439135,0.487625202,0.037886603
86.3256612,0.215609541,1.623096949,0.510159297,0.038358569
86.33029987,0.222152997,1.626009352,0.535397483,0.044730116
86.33493854,0.217225209,1.624876751,0.473203382,0.041505012
86.33957721,0.213993872,1.621559847,0.495737476,0.037807942
86.34421588,0.218356177,1.622207048,0.532693391,0.040718402
86.34885455,0.220941246,1.624634051,0.502948387,0.045044761
86.35349322,0.214559356,1.622368848,0.48221702,0.038987858
86.35813189,0.214720923,1.620427246,0.501145659,0.037571959
86.36277056,0.221102813,1.623258749,0.542608393,0.0435502
86.36740923,0.217467559,1.62390595,0.475006109,0.04276359
86.3720479,0.213266821,1.620427246,0.492132021,0.03765062
86.37668657,0.216255808,1.620346346,0.521877026,0.039538485
86.38132524,0.220779679,1.622935149,0.517370207,0.045359405
86.38596391,0.214397789,1.620265446,0.474104746,0.039931791
86.39060258,0.213024471,1.617676643,0.49663884,0.037493298
86.39524125,0.219244794,1.620103646,0.541707029,0.042291623
86.39987992,0.219083228,1.622287948,0.487625202,0.043943506
86.40451859,0.212943688,1.619941846,0.490329294,0.037729281
86.40915726,0.214155439,1.619051945,0.513764752,0.038358569
86.41379593,0.220698896,1.622773349,0.535397483,0.044730116
86.4184346,0.21536719,1.622287948,0.475006109,0.041033046
86.42307327,0.21229742,1.618890144,0.495737476,0.037414636
86.42771194,0.216902075,1.619941846,0.534496119,0.040639741
86.43235061,0.219406361,1.623016049,0.500244295,0.044651455
86.43698928,0.212701337,1.620346346,0.483118383,0.03843723
86.44162795,0.213347605,1.620022746,0.504751114,0.037886603
86.44626662,0.220294979,1.62422955,0.546213848,0.044100828
86.45090529,0.216659725,1.626494753,0.480414292,0.042999573
86.45554396,0.212701337,1.626899253,0.501145659,0.038122586
86.46018263,0.216336591,1.630863357,0.535397483,0.040089113
86.4648213,0.220860463,1.638306165,0.5299893,0.045674049
86.46945997,0.215286407,1.640085967,0.493033385,0.040089113
86.47409864,0.213913089,1.64332197,0.514666116,0.037807942
86.47873731,0.220618112,1.651169279,0.559734305,0.042842251
86.48337598,0.219810278,1.658531187,0.502948387,0.044022167
86.48801465,0.21488249,1.663385192,0.512863388,0.038673214
86.49265332,0.217225209,1.672203301,0.541707029,0.038987858
86.49729199,0.2240918,1.686846217,0.565142488,0.045438066
86.50193066,0.219648711,1.70885104,0.525482481,0.041190368
86.50656933,0.219648711,1.743961677,0.577761581,0.037886603
86.511208,0.226434519,1.784978021,0.6444625,0.04134769
86.51584667,0.229342722,1.814830152,0.600295675,0.045044761
86.52048534,0.223283965,1.823243761,0.566945215,0.038751875
86.52512401,0.2240918,1.823890962,0.568747943,0.037965264
86.52976268,0.230312123,1.823486461,0.58947931,0.044179489
86.53440135,0.226353735,1.818227956,0.511060661,0.042370284
86.53904002,0.222233781,1.808277245,0.521877026,0.03765062
86.54367869,0.225545901,1.800915338,0.546213848,0.040167774
86.54831736,0.229504289,1.796789433,0.526383845,0.045359405
86.55295603,0.222395348,1.788214024,0.487625202,0.039774469
86.5575947,0.221345163,1.780366716,0.506553842,0.037886603
86.56223337,0.227161569,1.776726212,0.549819303,0.04276359
86.56687204,0.225303551,1.772843008,0.486723839,0.043786184
86.57151071,0.219810278,1.7650766,0.49663884,0.037886603
86.57614938,0.221910647,1.758847293,0.521877026,0.039066519
86.58078805,0.226919219,1.757148391,0.533594755,0.045202083
86.58542672,0.220860463,1.750838184,0.477710201,0.040561079
86.59006539,0.21867931,1.743799877,0.500244295,0.037493298
86.59470406,0.224414933,1.741777375,0.541707029,0.041583673
86.59934273,0.225061201,1.741130174,0.498441568,0.044651455
86.6039814,0.218275393,1.736357069,0.493033385,0.03843723
86.60862007,0.219002444,1.732878365,0.514666116,0.038515892
86.61325874,0.225222767,1.733849166,0.54891794,0.044572794
86.61789741,0.220537329,1.731745764,0.484019747,0.04205564
86.62253608,0.217144425,1.726972659,0.506553842,0.03765062
86.62717475,0.220537329,1.726891759,0.541707029,0.040089113
86.63181342,0.2240918,1.730613163,0.524581117,0.045280744
86.63645209,0.217709909,1.729076061,0.495737476,0.039459824
86.64109076,0.217467559,1.729804162,0.516468843,0.037965264
86.64572943,0.223687882,1.73740877,0.564241124,0.042999573
86.6503681,0.221183596,1.751242685,0.510159297,0.043314217
86.65500677,0.216902075,1.776888012,0.54891794,0.037886603
86.65964544,0.220214195,1.826722465,0.617421587,0.03914518
86.66428411,0.226030602,1.893788636,0.659785685,0.045044761
86.66892278,0.220618112,1.943946689,0.613816132,0.040403757
86.67356145,0.218598527,1.967974015,0.617421587,0.037493298
86.67820012,0.224414933,1.978491026,0.639054318,0.04134769
86.68283879,0.224657283,1.979542727,0.57055067,0.044022167
86.68747746,0.218517744,1.971210018,0.54891794,0.038279908
86.69211613,0.219810278,1.960531207,0.557030214,0.038201247
86.6967548,0.226272952,1.952764799,0.575057489,0.044336811
86.70139347,0.22126438,1.941115186,0.502948387,0.041583673
86.70603214,0.21795226,1.926553171,0.518271571,0.037414636
86.71067081,0.222395348,1.91619796,0.54891794,0.040403757
86.71530948,0.225626684,1.908997852,0.519172935,0.045202083
86.71994815,0.218840877,1.89718644,0.493934749,0.038830536
86.72458682,0.21867931,1.889420031,0.520074299,0.037493298
86.72922549,0.225384334,1.886750329,0.564241124,0.043471539
86.73386416,0.222556915,1.880763722,0.495737476,0.042842251
86.73850283,0.217790693,1.871055712,0.509257933,0.037493298
86.7431415,0.220618112,1.863451104,0.536298847,0.039066519
86.74778017,0.225545901,1.8598106,0.535397483,0.0449661
86.75241884,0.219891062,1.851558791,0.488526566,0.039774469
86.75705751,0.21795226,1.842093481,0.508356569,0.037414636
86.76169618,0.223687882,1.835864175,0.549819303,0.041898318
86.76633485,0.223445532,1.829553968,0.494836113,0.043864845
86.77097352,0.217063642,1.819279657,0.493033385,0.037886603
86.77561219,0.218113827,1.810218847,0.513764752,0.038201247
86.78025086,0.2245765,1.806497443,0.538101574,0.044651455
86.78488953,0.219164011,1.799459136,0.475907473,0.041426351
86.7895282,0.216255808,1.791611828,0.498441568,0.037414636
86.79416687,0.22102203,1.787081423,0.536298847,0.040246435
86.79880554,0.222960832,1.785463421,0.505652478,0.044887439
86.80344421,0.216336591,1.777535213,0.484921111,0.038751875
86.80808288,0.216175024,1.771144106,0.504751114,0.037571959
86.81272155,0.223203182,1.770496905,0.546213848,0.043471539
86.81736022,0.219487145,1.767180002,0.478611565,0.042684928
86.82199889,0.215771107,1.760222594,0.49663884,0.03765062
86.82663756,0.218760094,1.757148391,0.528186573,0.039538485
86.83127623,0.223687882,1.757067491,0.523679754,0.045280744
86.8359149,0.217225209,1.751566285,0.481315656,0.039381163
86.84055357,0.215690324,1.74638868,0.502047023,0.037493298
86.84519224,0.221587514,1.745417879,0.545312484,0.042134301
86.84983091,0.220618112,1.743557177,0.48942793,0.044100828
86.85446958,0.21536719,1.73700427,0.492132021,0.037807942
86.85910825,0.217063642,1.732797465,0.51556748,0.038594553
86.86374692,0.222880048,1.732312065,0.535397483,0.044808778
86.86838559,0.217305992,1.72770076,0.476808837,0.041033046
86.87302426,0.214801706,1.721309653,0.498441568,0.037335975
86.87766293,0.219648711,1.71863995,0.536298847,0.040797063
86.8823016,0.221668297,1.717507349,0.500244295,0.044730116
86.88694027,0.215044057,1.711278042,0.484019747,0.03843723
86.89157894,0.215286407,1.705857737,0.50384975,0.03765062
86.89621761,0.221829864,1.705695937,0.542608393,0.043628861
86.90085628,0.21819461,1.702864434,0.475006109,0.042291623
86.90549495,0.213993872,1.696554227,0.493033385,0.037493298
86.91013362,0.217548343,1.693237323,0.524581117,0.039538485
86.91477229,0.222072214,1.694127224,0.51556748,0.045202083
86.91941096,0.215447974,1.689515919,0.477710201,0.039459824
86.92404963,0.214236222,1.685228215,0.499342932,0.037807942
86.9286883,0.220779679,1.685309115,0.545312484,0.042606267
86.93332697,0.219406361,1.684095614,0.484921111,0.043707522
86.93796564,0.214074656,1.679322509,0.491230657,0.037807942
86.94260431,0.216094241,1.676814606,0.51556748,0.038594553
86.94724298,0.222152997,1.678189907,0.531792028,0.044808778
86.95188165,0.216336591,1.675277504,0.474104746,0.040718402
86.95652032,0.214074656,1.6712325,0.49663884,0.037257314
86.96115899,0.219164011,1.6709089,0.536298847,0.04134769
86.96579766,0.220698896,1.672284201,0.497540204,0.044415472
86.97043633,0.213913089,1.669129098,0.484921111,0.038279908
86.975075,0.214640139,1.666702095,0.505652478,0.037807942
86.97971367,0.22126438,1.669290898,0.541707029,0.043864845
86.98435234,0.217305992,1.668643697,0.475006109,0.041740996
86.98899101,0.213589955,1.665164994,0.494836113,0.037414636
86.99362968,0.217629126,1.664760493,0.526383845,0.039931791
86.99826835,0.22102203,1.665973994,0.512863388,0.044887439
87.00290702,0.214559356,1.66225259,0.476808837,0.039066519
87.00754569,0.213589955,1.659340187,0.498441568,0.037414636
87.01218436,0.220456546,1.660068288,0.541707029,0.042212962
87.01682303,0.218921661,1.660230088,0.478611565,0.043156895
87.0214617,0.213913089,1.656670485,0.48942793,0.037571959
87.02610037,0.216013458,1.655780584,0.514666116,0.038358569
87.03073904,0.221587514,1.658612087,0.524581117,0.045044761
87.03537771,0.215528757,1.656913185,0.472302018,0.040089113
87.04001638,0.213347605,1.654405282,0.494836113,0.036864009
87.04465505,0.218921661,1.655618783,0.535397483,0.041190368
87.04929372,0.220133412,1.658126686,0.491230657,0.044179489
87.05393239,0.214074656,1.654647982,0.483118383,0.038594553
87.05857106,0.214236222,1.65278728,0.504751114,0.037729281
87.06320973,0.220860463,1.654567082,0.538101574,0.043943506
87.0678484,0.216336591,1.654243482,0.473203382,0.041505012
87.07248707,0.212620554,1.651573779,0.49663884,0.037414636
87.07712574,0.217225209,1.65230188,0.534496119,0.039774469
87.08176441,0.220375762,1.656104184,0.517370207,0.044651455
87.08640308,0.214317006,1.654647982,0.487625202,0.038830536
87.09104175,0.213751522,1.653434481,0.508356569,0.037335975
87.09568042,0.220375762,1.656427784,0.552523395,0.042684928
87.10031909,0.218760094,1.658773887,0.486723839,0.042606267
87.10495776,0.213751522,1.657236785,0.500244295,0.037493298
87.10959643,0.216740508,1.657803086,0.527285209,0.038673214
87.1142351,0.222476131,1.66160539,0.533594755,0.0449661
87.11887377,0.216094241,1.660149188,0.48221702,0.040167774
87.12351244,0.214801706,1.658612087,0.504751114,0.037021331
87.12815111,0.220698896,1.660958189,0.545312484,0.041583673
87.13278978,0.22102203,1.663304292,0.49663884,0.043864845
87.13742845,0.21512484,1.660553689,0.490329294,0.03765062
87.14206712,0.216336591,1.659501988,0.511962024,0.03765062
87.14670579,0.222960832,1.66217169,0.539904302,0.044022167
87.15134446,0.218113827,1.661200889,0.475006109,0.041269029
87.15598313,0.215205623,1.657964886,0.497540204,0.037335975
87.1606218,0.219567928,1.657398585,0.532693391,0.040246435
87.16526047,0.222960832,1.659744688,0.506553842,0.044572794
87.16989914,0.216336591,1.656104184,0.48221702,0.038515892
87.17453781,0.216175024,1.654567082,0.505652478,0.037099992
87.17917648,0.223203182,1.657317685,0.549819303,0.04276359
87.18381515,0.220618112,1.657803086,0.484019747,0.042370284
87.18845382,0.216578942,1.653677181,0.498441568,0.037257314
87.19309249,0.219325578,1.652868181,0.523679754,0.038515892
87.19773116,0.22433415,1.654809783,0.523679754,0.044179489
87.20236983,0.218275393,1.65222098,0.475907473,0.039538485
87.2070085,0.216578942,1.649065877,0.497540204,0.036864009
87.21164717,0.222152997,1.650602978,0.541707029,0.041111707
87.21628584,0.222233781,1.65189738,0.488526566,0.043314217
87.22092451,0.216740508,1.648984976,0.488526566,0.037414636
87.22556318,0.21819461,1.647286075,0.510159297,0.037571959
87.23020185,0.224253366,1.650764778,0.535397483,0.044100828
87.23484052,0.219083228,1.650441178,0.473203382,0.040639741
87.23947919,0.215932674,1.649389477,0.497540204,0.036864009
87.24411786,0.220375762,1.651573779,0.536298847,0.040403757
87.24875653,0.222880048,1.655376083,0.507455206,0.044415472
87.2533952,0.216659725,1.654567082,0.48942793,0.038122586
87.25803387,0.216659725,1.654971583,0.509257933,0.037021331
87.26267254,0.223526316,1.659501988,0.550720667,0.043078234
87.26731121,0.220214195,1.66200989,0.48221702,0.042212962
87.27194988,0.215690324,1.659906488,0.499342932,0.037178653
87.27658855,0.219164011,1.660796389,0.527285209,0.038673214
87.28122722,0.223607099,1.664194193,0.52277839,0.044494133
87.28586589,0.216740508,1.66184809,0.478611565,0.039066519
87.29050456,0.215771107,1.659340187,0.499342932,0.036785348
87.29514323,0.222072214,1.660877289,0.542608393,0.041426351
87.2997819,0.22126438,1.66152449,0.484921111,0.043392878
87.30442057,0.215286407,1.658045786,0.48942793,0.037178653
87.30905924,0.217386776,1.656913185,0.512863388,0.037729281
87.31369791,0.223364749,1.659825588,0.531792028,0.043943506
87.31833658,0.217548343,1.657398585,0.472302018,0.040010452
87.32297525,0.214720923,1.653434481,0.493033385,0.036785348
87.32761392,0.219406361,1.653272681,0.532693391,0.039774469
87.33225259,0.22150673,1.654971583,0.497540204,0.044022167
87.33689126,0.214801706,1.651250179,0.479512928,0.037886603
87.34152993,0.21536719,1.649065877,0.500244295,0.037178653
87.3461686,0.221668297,1.651088379,0.539904302,0.042842251
87.35080727,0.217790693,1.650764778,0.473203382,0.041662335
87.35544594,0.213832305,1.648095075,0.492132021,0.037257314
87.36008461,0.217386776,1.648014175,0.524581117,0.03914518
87.36472328,0.22150673,1.651411979,0.514666116,0.044572794
87.36936195,0.21488249,1.648256876,0.476808837,0.038751875
87.37400062,0.214074656,1.646719774,0.498441568,0.037099992
87.37863929,0.219971845,1.648337776,0.542608393,0.041898318
87.38327796,0.219244794,1.650845678,0.483118383,0.042999573
87.38791663,0.213670738,1.647771475,0.490329294,0.037493298
87.3925553,0.215447974,1.646557974,0.514666116,0.038122586
87.39719397,0.221345163,1.650602978,0.530890664,0.044415472
87.40183264,0.216094241,1.650764778,0.476808837,0.040246435
87.40647131,0.213832305,1.651573779,0.504751114,0.036864009
87.41110998,0.219406361,1.657236785,0.549819303,0.040325096
87.41574865,0.221345163,1.664032392,0.514666116,0.044100828
87.42038732,0.21512484,1.665003193,0.501145659,0.038122586
87.42502599,0.215447974,1.665084093,0.520074299,0.037178653
87.42966466,0.222314564,1.668562797,0.552523395,0.0435502
87.43430333,0.21795226,1.668562797,0.484019747,0.041505012
87.438942,0.214236222,1.665084093,0.502047023,0.03694267
87.44358067,0.218275393,1.665084093,0.531792028,0.039223841
87.44821934,0.222233781,1.667996497,0.51556748,0.04425815
87.45285801,0.215528757,1.664517793,0.481315656,0.038673214
87.45749668,0.215044057,1.66144359,0.501145659,0.037335975
87.46213535,0.221587514,1.664032392,0.544411121,0.042291623
87.46677402,0.220375762,1.665084093,0.48221702,0.042842251
87.47141269,0.215044057,1.662737991,0.493934749,0.037257314
87.47605136,0.216902075,1.662980691,0.519172935,0.038279908
87.48069003,0.222476131,1.666863895,0.5299893,0.044494133
87.4853287,0.216740508,1.665164994,0.475006109,0.03985313
87.48996737,0.214317006,1.662657091,0.49663884,0.037021331
87.49460604,0.219971845,1.664032392,0.538101574,0.040875724
87.49924471,0.220698896,1.664841393,0.492132021,0.043628861
87.50388338,0.214720923,1.661119989,0.484019747,0.03765062
87.50852205,0.215286407,1.659501988,0.50384975,0.037571959
87.51316072,0.222072214,1.66152449,0.536298847,0.043864845
87.51779939,0.216902075,1.659906488,0.468696563,0.041269029
87.52243806,0.213347605,1.655780584,0.491230657,0.037021331
87.52707673,0.217548343,1.655618783,0.524581117,0.039302502
87.5317154,0.220779679,1.657236785,0.504751114,0.044572794
87.53635407,0.214074656,1.653596281,0.475907473,0.038358569
87.54099274,0.213509172,1.651169279,0.49663884,0.036864009
87.54563141,0.220375762,1.653919882,0.540805665,0.042212962
87.55027008,0.217790693,1.654809783,0.476808837,0.042684928
87.55490875,0.213024471,1.65197828,0.493033385,0.03694267
87.55954742,0.215528757,1.65222098,0.519172935,0.038201247
87.56418609,0.220779679,1.656994085,0.526383845,0.044651455
87.56882476,0.214801706,1.656670485,0.477710201,0.039617147
87.57346343,0.213428388,1.657317685,0.501145659,0.036864009
87.5781021,0.219002444,1.66144359,0.546213848,0.040954385
87.58274077,0.219971845,1.666863895,0.498441568,0.043156895
87.58737944,0.213993872,1.666459395,0.49663884,0.037335975
87.59201811,0.21536719,1.668805497,0.520074299,0.037335975
87.59665678,0.222072214,1.675601105,0.551622031,0.043786184
87.60129545,0.217144425,1.678918008,0.48942793,0.040718402
87.60593412,0.213993872,1.68053601,0.511962024,0.036706687
87.61057279,0.218517744,1.683043913,0.545312484,0.039538485
87.61521146,0.221668297,1.687088917,0.516468843,0.044336811
87.61985013,0.215286407,1.684419214,0.48942793,0.038358569
87.6244888,0.214720923,1.682477612,0.508356569,0.037414636
87.62912747,0.222152997,1.685066415,0.549819303,0.042920912
87.63376614,0.219164011,1.686118116,0.48221702,0.042212962
87.63840481,0.214317006,1.683124813,0.49663884,0.037414636
87.64304348,0.217225209,1.683367513,0.524581117,0.038751875
87.64768215,0.222476131,1.686846217,0.525482481,0.044730116
87.65232082,0.216417375,1.686360816,0.479512928,0.039538485
87.65695949,0.214963273,1.686037216,0.502948387,0.03694267
87.66159816,0.221102813,1.690567621,0.548016576,0.041426351
87.66623683,0.221425947,1.694855325,0.498441568,0.043707522
87.6708755,0.215851891,1.694612625,0.502948387,0.037335975
87.67551417,0.217386776,1.697282328,0.531792028,0.03765062
87.68015284,0.22433415,1.704806036,0.557931577,0.04425815
87.68479151,0.218921661,1.707394838,0.494836113,0.040718402
87.68943018,0.216175024,1.708122939,0.51556748,0.037178653
87.69406885,0.221102813,1.712653344,0.551622031,0.040089113
87.69870752,0.224253366,1.71791185,0.520074299,0.044336811
87.70334619,0.217629126,1.717426449,0.500244295,0.038279908
87.70798486,0.217709909,1.716374748,0.520074299,0.037335975
87.71262353,0.224414933,1.720581552,0.560635669,0.043392878
87.7172622,0.220941246,1.722361354,0.491230657,0.042212962
87.72190087,0.216659725,1.719125351,0.504751114,0.037335975
87.72653954,0.219406361,1.71823545,0.531792028,0.038909197
87.73117821,0.2245765,1.721390553,0.526383845,0.044808778
87.73581688,0.217629126,1.719368051,0.484019747,0.039223841
87.74045555,0.216659725,1.717264649,0.504751114,0.036785348
87.74509422,0.222637698,1.71807365,0.547115212,0.041662335
87.74973289,0.22174908,1.71847815,0.48942793,0.043156895
87.75437156,0.216740508,1.713057844,0.492132021,0.037335975
87.75901023,0.218113827,1.710954442,0.514666116,0.037729281
87.7636489,0.223930233,1.714514046,0.534496119,0.044336811
87.76828757,0.21843696,1.712491544,0.476808837,0.040246435
87.77292624,0.215771107,1.711116242,0.501145659,0.036785348
87.77756491,0.220456546,1.714918546,0.541707029,0.040089113
87.78220358,0.221991431,1.720500652,0.506553842,0.044100828
87.78684225,0.21536719,1.720743353,0.492132021,0.038043925
87.79148092,0.215690324,1.720500652,0.511962024,0.037335975
87.79611959,0.222799265,1.724950157,0.551622031,0.043392878
87.80075826,0.218840877,1.726649059,0.484019747,0.041898318
87.80539693,0.21488249,1.724141156,0.502047023,0.037099992
87.8100356,0.217871476,1.723089455,0.531792028,0.038987858
87.81467427,0.222637698,1.725435558,0.520074299,0.044415472
87.81931294,0.216175024,1.721471453,0.480414292,0.038830536
87.82395161,0.215286407,1.717102849,0.501145659,0.036864009
87.82859028,0.221829864,1.71823545,0.546213848,0.041740996
87.83322895,0.220698896,1.718963551,0.484921111,0.043235556
87.83786762,0.215609541,1.714594946,0.493934749,0.037099992
87.84250629,0.217548343,1.713785945,0.518271571,0.037886603
87.84714496,0.223607099,1.715970247,0.534496119,0.043943506
87.85178363,0.217709909,1.714514046,0.479512928,0.039695808
87.8564223,0.215771107,1.712976944,0.506553842,0.036077398
87.86106097,0.221102813,1.715808447,0.549819303,0.040167774
87.86569964,0.222960832,1.719287151,0.511962024,0.043786184
87.87033831,0.216578942,1.716536548,0.497540204,0.037807942
87.87497698,0.216982859,1.714999446,0.516468843,0.037178653
87.87961565,0.223768666,1.717183749,0.549819303,0.043314217
87.88425432,0.219891062,1.716455648,0.48221702,0.041505012
87.88889299,0.215851891,1.712087043,0.500244295,0.036864009
87.89353166,0.219810278,1.710873542,0.532693391,0.039223841
87.89817033,0.223687882,1.712815144,0.51556748,0.044494133
87.902809,0.217063642,1.70909374,0.481315656,0.038830536
87.90744767,0.216336591,1.705210536,0.500244295,0.037021331
87.91208634,0.222718481,1.706424037,0.544411121,0.041898318
87.91672501,0.220860463,1.706666738,0.480414292,0.042370284
87.92136368,0.215932674,1.701812732,0.491230657,0.036864009
87.92600235,0.218356177,1.700841931,0.517370207,0.037807942
87.93064102,0.224495717,1.704967836,0.528186573,0.044336811
87.93527969,0.218598527,1.703511634,0.476808837,0.040010452
87.93991836,0.216498158,1.701570032,0.500244295,0.036785348
87.94455703,0.222152997,1.702459933,0.541707029,0.040561079
87.9491957,0.222880048,1.703268934,0.495737476,0.043471539
87.95383437,0.216336591,1.698981229,0.486723839,0.037414636
87.95847304,0.217386776,1.697282328,0.508356569,0.037335975
87.96311171,0.223849449,1.700194731,0.539904302,0.0435502
87.96775038,0.219648711,1.700356531,0.476808837,0.040875724
87.97238905,0.216336591,1.69987113,0.501145659,0.036706687
87.97702772,0.220456546,1.704563335,0.540805665,0.039302502
87.98166639,0.22481885,1.713785945,0.523679754,0.044415472
87.98630506,0.218517744,1.71791185,0.494836113,0.038201247
87.99094373,0.218598527,1.719691651,0.513764752,0.036785348
87.9955824,0.224738067,1.723493955,0.554326122,0.042370284
88.00022107,0.222799265,1.724383856,0.486723839,0.042212962
88.00485974,0.217790693,1.719368051,0.497540204,0.037021331
88.00949841,0.220375762,1.717669149,0.52277839,0.038043925
88.01413708,0.225465118,1.719691651,0.526383845,0.044179489
88.01877575,0.219487145,1.716051148,0.476808837,0.039381163
88.02341442,0.217709909,1.711925243,0.497540204,0.036785348
88.02805309,0.222880048,1.711844343,0.539904302,0.040954385
88.03269176,0.223041615,1.711925243,0.490329294,0.043786184
88.03733043,0.217467559,1.707637539,0.486723839,0.037335975
88.0419691,0.218517744,1.705615036,0.508356569,0.037571959
88.04660777,0.224980417,1.707718439,0.536298847,0.043786184
88.05124644,0.219891062,1.705372336,0.471400654,0.040797063
88.05588511,0.216578942,1.700922832,0.493934749,0.036706687
88.06052378,0.220860463,1.69987113,0.529087936,0.039381163
88.06516245,0.223930233,1.700113831,0.502047023,0.044179489
88.06980112,0.217225209,1.695098025,0.477710201,0.038043925
88.07443979,0.216821292,1.691538422,0.497540204,0.036706687
88.07907846,0.223526316,1.692347422,0.540805665,0.042448945
88.08371713,0.22102203,1.691457521,0.475006109,0.04205564
88.0883558,0.216175024,1.687331617,0.490329294,0.036706687
88.09299447,0.219164011,1.685794515,0.520074299,0.038122586
88.09763314,0.223849449,1.687493417,0.520074299,0.044179489
88.10227181,0.217629126,1.684500114,0.472302018,0.039302502
88.10691048,0.215932674,1.68094051,0.494836113,0.036392043
88.11154915,0.221668297,1.681345011,0.539002938,0.040954385
88.11618782,0.221345163,1.682963012,0.485822475,0.043392878
88.12082649,0.215690324,1.679969709,0.488526566,0.037257314
88.12546516,0.217225209,1.679241609,0.511962024,0.037257314
88.13010383,0.223364749,1.683448413,0.536298847,0.043707522
88.1347425,0.218033043,1.683205713,0.476808837,0.040246435
88.13938117,0.215528757,1.682720312,0.501145659,0.036392043
88.14401984,0.220375762,1.684661914,0.539904302,0.039695808
88.14865851,0.222556915,1.687978818,0.509257933,0.044100828
88.15329718,0.216336591,1.686360816,0.488526566,0.037965264
88.15793585,0.216498158,1.686441716,0.509257933,0.036628026
88.16257452,0.223364749,1.690972121,0.550720667,0.04276359
88.16721319,0.220294979,1.692671023,0.48221702,0.041426351
88.17185186,0.215771107,1.69024402,0.500244295,0.036470704
88.17649053,0.218921661,1.690810321,0.528186573,0.03843723
88.1811292,0.223364749,1.693560924,0.520975662,0.04425815
88.18576787,0.216902075,1.689515919,0.476808837,0.038987858
88.19040654,0.215609541,1.685309115,0.497540204,0.036628026
88.19504521,0.221991431,1.686522616,0.540805665,0.041269029
88.19968388,0.220941246,1.687008017,0.484921111,0.042999573
88.20432255,0.21512484,1.683205713,0.487625202,0.037021331
88.20896122,0.216740508,1.68029331,0.511060661,0.037571959
88.21359989,0.222718481,1.683043913,0.5299893,0.043943506
88.21823856,0.217225209,1.681183211,0.472302018,0.040010452
88.22287723,0.214640139,1.678351708,0.495737476,0.036470704
88.2275159,0.219325578,1.679160708,0.535397483,0.03985313
88.23215457,0.221425947,1.681506811,0.499342932,0.043628861
88.23679324,0.214963273,1.678270807,0.483118383,0.037414636
88.24143191,0.215528757,1.675358404,0.502948387,0.036706687
88.24607058,0.222556915,1.677542707,0.542608393,0.042842251
88.25070925,0.218517744,1.677623607,0.474104746,0.041269029
88.25534792,0.214397789,1.673821303,0.492132021,0.03623472
88.25998659,0.217548343,1.673821303,0.52277839,0.03843723
88.26462526,0.222152997,1.675762905,0.511962024,0.043943506
88.26926393,0.215690324,1.673174102,0.474104746,0.03843723
88.2739026,0.214478573,1.6712325,0.49663884,0.036313381
88.27854127,0.22102203,1.672688702,0.541707029,0.041111707
88.28317994,0.219729495,1.674549404,0.481315656,0.042527606
88.28781861,0.214397789,1.671960601,0.48942793,0.03694267
88.29245728,0.215771107,1.671717901,0.51556748,0.037571959
88.29709595,0.221991431,1.676248305,0.533594755,0.043707522
88.30173462,0.216336591,1.675682005,0.477710201,0.039617147
88.30637329,0.214074656,1.674306703,0.500244295,0.036313381
88.31101196,0.219487145,1.676410106,0.541707029,0.039931791
88.31565063,0.221183596,1.68110231,0.502047023,0.043314217
88.3202893,0.214640139,1.68085961,0.492132021,0.037178653
88.32492797,0.21536719,1.683852913,0.513764752,0.036785348
88.32956664,0.222233781,1.690648521,0.551622031,0.042842251
88.33420531,0.217871476,1.693237323,0.484921111,0.040875724
88.33884398,0.213751522,1.692671023,0.507455206,0.036313381
88.34348265,0.217548343,1.694450825,0.543509757,0.038358569
88.34812132,0.221829864,1.69906213,0.528186573,0.04425815
88.35275999,0.215286407,1.697363228,0.493033385,0.038279908
88.35739866,0.214640139,1.695664326,0.511962024,0.036470704
88.36203733,0.22126438,1.697929528,0.553424758,0.041898318
88.366676,0.219729495,1.698819429,0.48942793,0.042448945
88.37131467,0.214963273,1.695583426,0.500244295,0.036785348
88.37595334,0.217386776,1.696149726,0.525482481,0.037886603
88.38059201,0.223203182,1.701408232,0.536298847,0.043864845
88.38523068,0.217225209,1.701893633,0.483118383,0.039538485
88.38986935,0.216175024,1.703592534,0.508356569,0.036628026
88.39450802,0.222556915,1.710711742,0.553424758,0.040561079
88.39914669,0.22433415,1.722442254,0.513764752,0.043707522
88.40378536,0.219164011,1.730289563,0.510159297,0.037493298
88.40842403,0.220779679,1.736599769,0.531792028,0.037178653
88.4130627,0.227727053,1.745175178,0.559734305,0.043314217
88.41770137,0.223203182,1.74703588,0.490329294,0.040875724
88.42234004,0.219971845,1.742990876,0.507455206,0.036706687
88.42697871,0.224011016,1.741615575,0.538101574,0.038987858
88.43161738,0.227000003,1.742020075,0.514666116,0.044022167
88.43625605,0.220294979,1.73676157,0.483118383,0.038201247
88.44089472,0.219648711,1.731179464,0.501145659,0.036785348
88.44553339,0.226353735,1.730936763,0.543509757,0.042212962
88.45017206,0.223687882,1.728428861,0.476808837,0.041976979
88.45481073,0.218517744,1.722846755,0.48942793,0.036549365
88.4594494,0.220941246,1.720419752,0.517370207,0.037807942
88.46408807,0.226353735,1.721714154,0.521877026,0.044179489
88.46872674,0.220133412,1.716941048,0.470499291,0.03914518
88.47336541,0.218033043,1.711601643,0.493033385,0.036549365
88.47800408,0.223445532,1.711439843,0.535397483,0.040954385
88.48264275,0.223364749,1.712167943,0.486723839,0.043471539
88.48728142,0.217225209,1.708284739,0.484019747,0.037099992
88.49192009,0.218840877,1.706666738,0.506553842,0.03694267
88.49655876,0.224980417,1.710549942,0.535397483,0.043392878
88.50119743,0.220214195,1.711278042,0.473203382,0.040089113
88.5058361,0.216821292,1.70933644,0.495737476,0.036392043
88.51047477,0.22126438,1.710711742,0.532693391,0.039223841
88.51511344,0.2240918,1.715161247,0.507455206,0.043864845
88.51975211,0.217548343,1.713462345,0.483118383,0.037729281
88.52439078,0.217629126,1.713543245,0.50384975,0.036313381
88.52902945,0.22433415,1.71823545,0.54891794,0.041898318
88.53366812,0.22150673,1.721795054,0.483118383,0.041426351
88.53830679,0.217063642,1.720824253,0.500244295,0.036156059
88.54294546,0.220375762,1.723979356,0.528186573,0.037886603
88.54758413,0.225626684,1.733687366,0.530890664,0.043707522
88.5522228,0.219729495,1.73765147,0.486723839,0.038751875
88.55686147,0.21843696,1.739593073,0.510159297,0.03623472
88.56150014,0.2245765,1.744932478,0.553424758,0.040797063
88.56613881,0.224738067,1.748653882,0.499342932,0.04276359
88.57077748,0.219325578,1.745741479,0.498441568,0.036785348
88.57541615,0.220456546,1.745013378,0.520074299,0.037178653
88.58005482,0.226676869,1.747683081,0.542608393,0.043628861
88.58469349,0.220941246,1.745094278,0.478611565,0.040167774
88.58933216,0.21843696,1.740402073,0.500244295,0.03694267
88.59397083,0.223364749,1.739269472,0.535397483,0.039695808
88.5986095,0.225545901,1.739754873,0.502948387,0.044179489
88.60324817,0.219164011,1.734496367,0.481315656,0.037807942
88.60788684,0.219002444,1.730046862,0.501145659,0.036706687
88.61252551,0.226030602,1.730694063,0.542608393,0.042448945
88.61716418,0.222799265,1.728914261,0.475006109,0.041662335
88.62180285,0.218275393,1.723493955,0.493934749,0.036706687
88.62644152,0.221425947,1.721066953,0.52277839,0.038358569
88.63108019,0.225626684,1.721875954,0.518271571,0.04425815
88.63571886,0.219002444,1.71823545,0.475907473,0.038830536
88.64035753,0.21795226,1.715403947,0.498441568,0.036549365
88.6449962,0.22433415,1.719610751,0.54891794,0.041269029
88.64963487,0.223849449,1.728590661,0.505652478,0.04276359
88.65427354,0.218598527,1.734577267,0.520074299,0.036706687
88.65891221,0.220052629,1.739673973,0.543509757,0.037493298
88.66355088,0.226192168,1.745984179,0.560635669,0.043786184
88.66818955,0.220779679,1.744608878,0.494836113,0.039617147
88.67282822,0.218275393,1.740321173,0.511962024,0.03623472
88.67746689,0.222960832,1.739269472,0.548016576,0.039774469
88.68210556,0.224495717,1.739916673,0.508356569,0.0435502
88.68674423,0.218275393,1.735548068,0.491230657,0.037493298
88.6913829,0.218598527,1.732473865,0.511060661,0.036706687
88.69602157,0.225222767,1.734658167,0.549819303,0.042842251
88.70066024,0.221910647,1.734415467,0.483118383,0.04134769
88.70529891,0.21795226,1.731503064,0.502948387,0.036785348
88.70993758,0.221668297,1.732150265,0.535397483,0.038751875
88.71457625,0.226111385,1.73700427,0.527285209,0.044100828
88.71921492,0.219648711,1.73724697,0.491230657,0.038358569
88.72385359,0.21867931,1.738136871,0.512863388,0.036470704
88.72849226,0.224980417,1.745741479,0.561537032,0.041111707
88.73313093,0.223526316,1.761921496,0.520074299,0.042370284
88.7377696,0.219083228,1.781984717,0.548016576,0.03694267
88.74240827,0.221910647,1.81296945,0.601197039,0.037335975
88.74704694,0.22813097,1.843792383,0.619224315,0.043786184
88.75168561,0.222395348,1.861024101,0.557030214,0.039538485
88.75632428,0.220456546,1.866929808,0.564241124,0.036313381
88.76096295,0.225303551,1.86927591,0.587676582,0.03985313
88.76560162,0.226757652,1.868305109,0.534496119,0.043314217
88.77024029,0.220698896,1.860457801,0.513764752,0.037099992
88.77487896,0.221102813,1.853176793,0.527285209,0.036706687
88.77951763,0.227323136,1.849536289,0.557030214,0.042920912
88.7841563,0.223283965,1.844358684,0.486723839,0.040954385
88.78879497,0.219648711,1.836268675,0.504751114,0.036313381
88.79343364,0.222880048,1.832628171,0.53720021,0.038594553
88.79807231,0.226515302,1.83190007,0.521877026,0.044100828
88.80271098,0.220133412,1.827207865,0.488526566,0.037965264
88.80734965,0.219164011,1.821221259,0.508356569,0.03623472
88.81198832,0.225626684,1.82203026,0.551622031,0.041505012
88.81662699,0.223768666,1.82194936,0.488526566,0.042134301
88.82126566,0.218840877,1.818794257,0.501145659,0.036549365
88.82590433,0.220941246,1.818794257,0.526383845,0.037571959
88.830543,0.226515302,1.824376362,0.539904302,0.0435502
88.83518167,0.220375762,1.826317965,0.488526566,0.038909197
88.83982034,0.218275393,1.828340467,0.512863388,0.036156059
88.84445901,0.223849449,1.836511375,0.557931577,0.040089113
88.84909768,0.2245765,1.847432887,0.516468843,0.043078234
88.85373635,0.21843696,1.855846496,0.510159297,0.036864009
88.85837502,0.219729495,1.863532004,0.533594755,0.036392043
88.86301369,0.226596086,1.873078214,0.566043851,0.042842251
88.86765236,0.22174908,1.87898392,0.500244295,0.040325096
88.87229103,0.218598527,1.884161526,0.520074299,0.035841415
88.8769297,0.221991431,1.893303236,0.554326122,0.038594553
88.88156837,0.225384334,1.904143847,0.534496119,0.043471539
88.88620704,0.218921661,1.908188851,0.504751114,0.037493298
88.89084571,0.218517744,1.911020354,0.524581117,0.036077398
88.89548438,0.225141984,1.917896862,0.568747943,0.041505012
88.90012305,0.223041615,1.921537365,0.500244295,0.041819657
88.90476172,0.217790693,1.916845161,0.510159297,0.036156059
88.90940039,0.220375762,1.912638356,0.533594755,0.037493298
88.91403906,0.225788251,1.910049553,0.534496119,0.043471539
88.91867773,0.219729495,1.901555044,0.481315656,0.038515892
88.9233164,0.21819461,1.891685234,0.502047023,0.035920076
88.92795507,0.223526316,1.886669429,0.543509757,0.040089113
88.93259374,0.223930233,1.881087323,0.492132021,0.042527606
88.93723241,0.217629126,1.870813012,0.487625202,0.036549365
88.94187108,0.218356177,1.862642103,0.508356569,0.036628026
88.94650975,0.225141984,1.859082499,0.536298847,0.042999573
88.95114842,0.220133412,1.852125092,0.473203382,0.039538485
88.95578709,0.216740508,1.843064282,0.494836113,0.035841415
88.96042576,0.22102203,1.838048477,0.531792028,0.038673214
88.96506443,0.2240918,1.836025975,0.504751114,0.043078234
88.9697031,0.217790693,1.829796668,0.480414292,0.037178653
88.97434177,0.217629126,1.825266263,0.502948387,0.036077398
88.97898044,0.224657283,1.825347163,0.547115212,0.041819657
88.98361911,0.221668297,1.823890962,0.481315656,0.04134769
88.98825778,0.217629126,1.819036957,0.497540204,0.036156059
88.99289645,0.220214195,1.817418955,0.526383845,0.037807942
88.99753512,0.225707468,1.819117857,0.525482481,0.0435502
89.00217379,0.219244794,1.814263852,0.478611565,0.038673214
89.00681246,0.217790693,1.808519946,0.500244295,0.036313381
89.01145113,0.223526316,1.806254743,0.542608393,0.040482418
89.0160898,0.223607099,1.804555841,0.488526566,0.042448945
89.02072847,0.218113827,1.798164735,0.488526566,0.036706687
89.02536714,0.219406361,1.792420829,0.510159297,0.03694267
89.03000581,0.225465118,1.792097228,0.533594755,0.043156895
89.03464448,0.220214195,1.787890424,0.470499291,0.040089113
89.03928315,0.217629126,1.781903817,0.493033385,0.036313381
89.04392182,0.222395348,1.779557715,0.531792028,0.039302502
89.04856049,0.2245765,1.779315015,0.500244295,0.043707522
89.05319916,0.21795226,1.774218309,0.480414292,0.037493298
89.05783783,0.217871476,1.769849705,0.501145659,0.036392043
89.0624765,0.2245765,1.770335105,0.544411121,0.042291623
89.06711517,0.221102813,1.768959804,0.476808837,0.041111707
89.07175384,0.216902075,1.764429399,0.493934749,0.036077398
89.07639251,0.220214195,1.762730497,0.524581117,0.038201247
89.08103118,0.224738067,1.764995699,0.521877026,0.043786184
89.08566985,0.218598527,1.763296798,0.480414292,0.038358569
89.09030852,0.217305992,1.761031595,0.502047023,0.036156059
89.09494719,0.223203182,1.763377698,0.547115212,0.040718402
89.09958586,0.222880048,1.764591199,0.48942793,0.04276359
89.10422453,0.21795226,1.762325997,0.494836113,0.036628026
89.1088632,0.219325578,1.761597896,0.518271571,0.037099992
89.11350187,0.225626684,1.7652384,0.53720021,0.043471539
89.11814054,0.220537329,1.764591199,0.477710201,0.039931791
89.12277921,0.218113827,1.762164196,0.501145659,0.03623472
89.12741788,0.223445532,1.763054097,0.539904302,0.040010452
89.13205655,0.225303551,1.764510299,0.50384975,0.043864845
89.13669522,0.219406361,1.760303494,0.486723839,0.037178653
89.14133389,0.219971845,1.757229291,0.506553842,0.036549365
89.14597256,0.226757652,1.758280992,0.544411121,0.042684928
89.15061123,0.223526316,1.757310191,0.475907473,0.040875724
89.1552499,0.219891062,1.753346087,0.494836113,0.036470704
89.15988857,0.223526316,1.751728085,0.524581117,0.038515892
89.16452724,0.227807837,1.753022487,0.514666116,0.044022167
89.16916591,0.221829864,1.748977482,0.475907473,0.038201247
89.17380458,0.221183596,1.745903279,0.497540204,0.03623472
89.17844325,0.22788862,1.74695498,0.542608393,0.041269029
89.18308192,0.226515302,1.74630778,0.48221702,0.042370284
89.18772059,0.221425947,1.741130174,0.48942793,0.036392043
89.19235926,0.223687882,1.739026772,0.513764752,0.037493298
89.19699793,0.229504289,1.741615575,0.5299893,0.0435502
89.2016366,0.223849449,1.739835773,0.473203382,0.039381163
89.20627527,0.221345163,1.736033469,0.49663884,0.035998737
89.21091394,0.226515302,1.738460471,0.538101574,0.039774469
89.21555261,0.228050187,1.742990876,0.501145659,0.043314217
89.22019128,0.22126438,1.742667276,0.491230657,0.037178653
89.22482995,0.221345163,1.743233576,0.516468843,0.036864009
89.22946862,0.228050187,1.748249382,0.551622031,0.042842251
89.23410729,0.2240918,1.748734782,0.483118383,0.040954385
89.23874596,0.220375762,1.745660579,0.502948387,0.036156059
89.24338463,0.2240918,1.74646958,0.535397483,0.038594553
89.2480233,0.227565487,1.749220183,0.519172935,0.043786184
89.25266197,0.221102813,1.748330282,0.485822475,0.038201247
89.25730064,0.219891062,1.749058383,0.506553842,0.036392043
89.26193931,0.226353735,1.754155088,0.551622031,0.041740996
89.26657798,0.2245765,1.758119192,0.48942793,0.042212962
89.27121665,0.219567928,1.756824791,0.500244295,0.036313381
89.27585532,0.221668297,1.756986591,0.52277839,0.037414636
89.28049399,0.227242353,1.759737194,0.531792028,0.043471539
89.28513266,0.221587514,1.757795592,0.478611565,0.039223841
89.28977133,0.219729495,1.754883189,0.501145659,0.036313381
89.29441,0.224738067,1.75561129,0.541707029,0.040089113
89.29904867,0.225707468,1.757148391,0.497540204,0.042842251
89.30368734,0.219810278,1.754235988,0.490329294,0.036864009
89.30832601,0.220214195,1.751889886,0.511060661,0.036785348
89.31296468,0.226757652,1.753588787,0.541707029,0.043314217
89.31760335,0.222233781,1.751728085,0.475006109,0.040954385
89.32224202,0.218921661,1.74638868,0.493934749,0.03623472
89.32688069,0.223041615,1.744932478,0.527285209,0.039223841
89.33151936,0.226192168,1.744932478,0.506553842,0.043943506
89.33615803,0.219487145,1.740563874,0.475907473,0.038043925
89.3407967,0.219002444,1.736195269,0.49663884,0.036313381
89.34543537,0.225303551,1.737732371,0.540805665,0.042134301
89.35007404,0.223203182,1.73765147,0.476808837,0.041976979
89.35471271,0.21819461,1.733121066,0.48942793,0.036549365
89.35935138,0.220698896,1.731664864,0.516468843,0.03765062
89.36399005,0.225949818,1.734253667,0.521877026,0.043943506
89.36862872,0.219729495,1.731826664,0.473203382,0.038909197
89.37326739,0.218275393,1.728590661,0.495737476,0.036313381
89.37790606,0.223526316,1.729318762,0.53720021,0.040718402
89.38254473,0.224011016,1.730289563,0.487625202,0.042920912
89.3871834,0.218598527,1.726891759,0.484019747,0.036864009
89.39182207,0.219406361,1.724302956,0.504751114,0.036706687
89.39646074,0.225869035,1.726729959,0.533594755,0.043235556
89.40109941,0.220618112,1.725273757,0.469597927,0.040246435
89.40573808,0.217548343,1.720986053,0.490329294,0.036077398
89.41037675,0.222152997,1.720743353,0.526383845,0.038987858
89.41501542,0.22481885,1.721552353,0.500244295,0.043628861
89.41965409,0.217871476,1.71807365,0.475006109,0.037493298
89.42429276,0.217709909,1.715808447,0.495737476,0.03623472
89.42893143,0.223930233,1.717264649,0.538101574,0.041740996
89.4335701,0.221183596,1.716698348,0.472302018,0.041426351
89.43820877,0.216498158,1.712006143,0.488526566,0.036156059
89.44284744,0.219083228,1.710469042,0.516468843,0.037886603
89.44748611,0.224738067,1.713866845,0.520074299,0.043786184
89.45212478,0.21867931,1.712167943,0.479512928,0.038515892
89.45676345,0.217467559,1.712006143,0.509257933,0.035920076
89.46140212,0.223687882,1.715727547,0.557030214,0.040561079
89.46604079,0.223203182,1.717426449,0.501145659,0.042527606
89.47067946,0.217548343,1.713705045,0.49663884,0.036549365
89.47531813,0.219083228,1.710792642,0.51556748,0.03694267
89.4799568,0.225141984,1.712329744,0.536298847,0.042999573
89.48459547,0.219810278,1.709498241,0.472302018,0.039617147
89.48923414,0.216740508,1.705129636,0.493033385,0.036077398
89.49387281,0.220941246,1.704482435,0.529087936,0.039381163
89.49851148,0.223687882,1.705210536,0.497540204,0.043786184
89.50315015,0.217305992,1.701489132,0.475907473,0.037021331
89.50778882,0.217548343,1.698414929,0.494836113,0.036313381
89.51242749,0.224011016,1.69954753,0.535397483,0.042291623
89.51706616,0.220456546,1.698657629,0.467795199,0.041190368
89.52170483,0.215690324,1.693884524,0.485822475,0.03623472
89.5263435,0.219164011,1.693399124,0.51556748,0.03765062
89.53098217,0.223930233,1.694936225,0.511060661,0.043314217
89.53562084,0.216821292,1.691700222,0.468696563,0.038358569
89.54025951,0.215851891,1.688302418,0.491230657,0.036077398
89.54489818,0.221829864,1.689111419,0.535397483,0.040875724
89.54953685,0.221102813,1.69000132,0.478611565,0.042291623
89.55417552,0.215771107,1.686037216,0.483118383,0.036392043
89.55881419,0.217467559,1.684419214,0.506553842,0.036706687
89.56345286,0.223607099,1.686765316,0.528186573,0.043156895
89.56809153,0.21819461,1.686118116,0.469597927,0.03914518
89.5727302,0.215286407,1.684257414,0.493033385,0.035762754
89.57736887,0.220375762,1.685713615,0.531792028,0.039302502
89.58200754,0.222880048,1.688221518,0.498441568,0.043314217
89.58664621,0.216013458,1.685956316,0.486723839,0.036864009
89.59128488,0.216417375,1.684742814,0.507455206,0.036156059
89.59592355,0.223526316,1.687736118,0.543509757,0.04205564
89.60056222,0.219406361,1.687008017,0.474104746,0.040482418
89.60520089,0.215528757,1.683610213,0.492132021,0.035920076
89.60983956,0.219002444,1.683610213,0.52277839,0.038122586
89.61447823,0.223526316,1.686522616,0.511962024,0.043707522
89.6191169,0.217305992,1.683772013,0.472302018,0.037886603
89.62375557,0.216013458,1.68061691,0.493033385,0.035998737
89.62839424,0.222314564,1.681830411,0.53720021,0.040639741
89.63303291,0.220941246,1.682801212,0.477710201,0.041898318
89.63767158,0.215932674,1.678918008,0.484019747,0.036313381
89.64231025,0.218356177,1.677785407,0.508356569,0.037178653
89.64694892,0.224253366,1.679727009,0.521877026,0.043628861
89.65158759,0.21819461,1.677704507,0.465992472,0.038987858
89.65622626,0.215609541,1.674387603,0.48942793,0.035920076
89.66086493,0.220618112,1.675196604,0.529087936,0.039381163
89.6655036,0.222476131,1.677461807,0.488526566,0.043392878
89.67014227,0.216336591,1.674225803,0.477710201,0.03694267
89.67478094,0.216578942,1.673416802,0.497540204,0.036156059
89.67941961,0.223364749,1.676895506,0.533594755,0.042448945
89.68405828,0.219244794,1.677138206,0.467795199,0.040403757
89.68869695,0.214963273,1.674387603,0.488526566,0.036156059
89.69333562,0.218921661,1.675358404,0.521877026,0.038122586
89.69797429,0.223122398,1.679079808,0.508356569,0.043235556
89.70261296,0.216740508,1.677219106,0.475006109,0.037493298
89.70725163,0.215609541,1.675439304,0.49663884,0.035841415
89.7118903,0.222072214,1.677704507,0.540805665,0.041033046
89.71652897,0.220375762,1.679241609,0.477710201,0.041819657
89.72116764,0.215286407,1.676571906,0.488526566,0.036077398
89.72580631,0.217871476,1.676248305,0.513764752,0.037099992
89.73044498,0.223849449,1.680050609,0.525482481,0.043314217
89.73508365,0.217790693,1.678675308,0.472302018,0.038751875
89.73972232,0.215286407,1.676895506,0.495737476,0.035684093
89.74436099,0.220860463,1.679322509,0.539002938,0.03985313
89.74899966,0.221910647,1.682558512,0.494836113,0.042527606
89.75363833,0.216094241,1.68102141,0.487625202,0.036470704
89.758277,0.216659725,1.68110231,0.507455206,0.036392043
89.76291567,0.223607099,1.686118116,0.539904302,0.042606267
89.76755434,0.219164011,1.686684416,0.475006109,0.040246435
89.77219301,0.215609541,1.684742814,0.49663884,0.036077398
89.77683168,0.219648711,1.687169817,0.5299893,0.038201247
89.78147035,0.223445532,1.692023822,0.508356569,0.0435502
89.78610902,0.216821292,1.691053021,0.480414292,0.03765062
89.79074769,0.216013458,1.690567621,0.502948387,0.035998737
89.79538636,0.222880048,1.695178925,0.547115212,0.041662335
89.80002503,0.220698896,1.698091329,0.48221702,0.041740996
89.8046637,0.216094241,1.697201428,0.49663884,0.036313381
89.80930237,0.219083228,1.69914303,0.524581117,0.037571959
89.81394104,0.2240918,1.705129636,0.531792028,0.0435502
89.81857971,0.21819461,1.707152138,0.48221702,0.038751875
89.82321838,0.216982859,1.707233038,0.504751114,0.035998737
89.82785705,0.222476131,1.711116242,0.54891794,0.040246435
89.83249572,0.223364749,1.715484847,0.502948387,0.042999573
89.83713439,0.217386776,1.714999446,0.500244295,0.036549365
89.84177306,0.218356177,1.716374748,0.523679754,0.036628026
89.84641173,0.225626684,1.722118654,0.553424758,0.04276359
89.8510504,0.220779679,1.725192857,0.490329294,0.039538485
89.85568907,0.217709909,1.725678258,0.510159297,0.035762754
89.86032774,0.222314564,1.728833361,0.544411121,0.038594553
89.86496641,0.225545901,1.733606466,0.518271571,0.043392878
89.86960508,0.219083228,1.732797465,0.493033385,0.037021331
89.87424375,0.218598527,1.732312065,0.513764752,0.036313381
89.87888242,0.225626684,1.736599769,0.55612885,0.041740996
89.88352109,0.222960832,1.73765147,0.488526566,0.041426351
89.88815976,0.21867931,1.733930067,0.502948387,0.036077398
89.89279843,0.22150673,1.733282866,0.5299893,0.038043925
89.8974371,0.226272952,1.736114369,0.529087936,0.043628861
89.90207577,0.219971845,1.732878365,0.480414292,0.038358569
89.90671444,0.218598527,1.729156961,0.501145659,0.035920076
89.91135311,0.224495717,1.729965962,0.543509757,0.040482418
89.91599178,0.2240918,1.730208663,0.488526566,0.042606267
89.92063045,0.21843696,1.724950157,0.488526566,0.036549365
89.92526912,0.219971845,1.723008555,0.511962024,0.037099992
89.92990779,0.226434519,1.725354657,0.535397483,0.043235556
89.93454646,0.221183596,1.723251255,0.473203382,0.040010452
89.93918513,0.218517744,1.719448951,0.49663884,0.036156059
89.9438238,0.223283965,1.719610751,0.533594755,0.03914518
89.94846247,0.225869035,1.721633253,0.502948387,0.043471539
89.95310114,0.219729495,1.71807365,0.484019747,0.037335975
89.95773981,0.219487145,1.715727547,0.502948387,0.036470704
89.96237848,0.226353735,1.717507349,0.545312484,0.042370284
89.96701715,0.222880048,1.716860148,0.477710201,0.041190368
89.97165582,0.21867931,1.712653344,0.494836113,0.036156059
89.97629449,0.222152997,1.712653344,0.525482481,0.038122586
89.98093316,0.226838436,1.715403947,0.521877026,0.044022167
89.98557183,0.220537329,1.714514046,0.48221702,0.03843723
89.9902105,0.219487145,1.71815455,0.521877026,0.036077398
89.99484917,0.225707468,1.731583964,0.583169763,0.040797063
89.99948784,0.225061201,1.741615575,0.528186573,0.042448945
90.00412651,0.219648711,1.741615575,0.523679754,0.036313381
90.00876518,0.221102813,1.740563874,0.53720021,0.036864009
90.01340385,0.22764627,1.742990876,0.54891794,0.042999573
90.01804252,0.222314564,1.739107672,0.483118383,0.039223841
90.02268119,0.219325578,1.733768266,0.501145659,0.035841415
90.02731986,0.223849449,1.732554765,0.53720021,0.039381163
90.03195853,0.226030602,1.733525566,0.500244295,0.043156895
90.0365972,0.219487145,1.728995161,0.48221702,0.037099992
90.04123587,0.219648711,1.725111957,0.501145659,0.036392043
90.04587454,0.225788251,1.726487259,0.539002938,0.042448945
90.05051321,0.222152997,1.724626557,0.471400654,0.041111707
90.05515188,0.21795226,1.720015252,0.488526566,0.036156059
90.05979055,0.221345163,1.71807365,0.519172935,0.038279908
90.06442922,0.225626684,1.719287151,0.509257933,0.043471539
90.06906789,0.219325578,1.715323047,0.471400654,0.038043925
90.07370656,0.21795226,1.711682543,0.493033385,0.035920076
90.07834523,0.223930233,1.712653344,0.538101574,0.041111707
90.0829839,0.222880048,1.712896044,0.478611565,0.042212962
90.08762257,0.217386776,1.70893194,0.485822475,0.036392043
90.09226124,0.219406361,1.707071238,0.511060661,0.037178653
90.09689991,0.225384334,1.70909374,0.527285209,0.043471539
90.10153858,0.219244794,1.707071238,0.469597927,0.039223841
90.10617725,0.217144425,1.703997035,0.493033385,0.03623472
90.11081592,0.222880048,1.705695937,0.534496119,0.039774469
90.11545459,0.224980417,1.70868924,0.49663884,0.043471539
90.12009326,0.218760094,1.706747638,0.483118383,0.037099992
90.12473193,0.219164011,1.705453236,0.505652478,0.036628026
90.1293706,0.226030602,1.709579141,0.542608393,0.042920912
90.13400927,0.221991431,1.710064541,0.475006109,0.040718402
90.13864794,0.21819461,1.706666738,0.493033385,0.036156059
90.14328661,0.221829864,1.706019537,0.524581117,0.038515892
90.14792528,0.226030602,1.707718439,0.508356569,0.044022167
90.15256395,0.219325578,1.704482435,0.474104746,0.038201247
90.15720262,0.218598527,1.701408232,0.495737476,0.036392043
90.16184129,0.224495717,1.702298133,0.539904302,0.041662335
90.16647996,0.222799265,1.702298133,0.475907473,0.04205564
90.17111863,0.217386776,1.697686828,0.486723839,0.036470704
90.1757573,0.219891062,1.696230627,0.511962024,0.037493298
90.18039597,0.225384334,1.698900329,0.523679754,0.0435502
90.18503464,0.219083228,1.698253129,0.473203382,0.039381163
90.18967331,0.217144425,1.696554227,0.497540204,0.036313381
90.19431198,0.222880048,1.698414929,0.539002938,0.040089113
90.19895065,0.223526316,1.700194731,0.492132021,0.043314217
90.20358932,0.217548343,1.696716027,0.48221702,0.037099992
90.20822799,0.21819461,1.694369925,0.502948387,0.036864009
90.21286666,0.224899634,1.697201428,0.534496119,0.042999573
90.21750533,0.220618112,1.696311527,0.469597927,0.040561079
90.222144,0.216902075,1.692751923,0.48942793,0.036392043
90.22678267,0.22126438,1.693156423,0.524581117,0.038673214
90.23142134,0.224738067,1.696149726,0.504751114,0.043707522
90.23606001,0.218113827,1.693803624,0.476808837,0.038122586
90.24069868,0.217871476,1.692913723,0.498441568,0.036864009
90.24533735,0.22433415,1.697282328,0.543509757,0.04205564
90.24997602,0.221829864,1.69954753,0.478611565,0.041583673
90.25461469,0.217305992,1.697201428,0.491230657,0.03623472
90.25925336,0.219729495,1.697767728,0.517370207,0.03765062
90.26389203,0.225303551,1.701893633,0.523679754,0.043471539
90.2685307,0.219487145,1.701246432,0.473203382,0.038751875
90.27316937,0.218113827,1.700113831,0.495737476,0.036156059
90.27780804,0.223768666,1.703026234,0.539904302,0.040325096
90.28244671,0.224495717,1.706019537,0.490329294,0.042999573
90.28708538,0.218921661,1.704401535,0.486723839,0.036706687
90.29172405,0.220052629,1.704806036,0.509257933,0.036628026
90.29636272,0.227000003,1.710145441,0.539002938,0.042999573
90.30100139,0.222476131,1.712087043,0.476808837,0.039931791
90.30564006,0.219810278,1.711763443,0.498441568,0.036156059
90.31027873,0.22481885,1.713947745,0.533594755,0.039066519
90.3149174,0.228050187,1.71807365,0.507455206,0.043628861
90.31955607,0.221668297,1.715808447,0.483118383,0.037493298
90.32419474,0.221829864,1.714514046,0.502948387,0.03623472
90.32883341,0.228454104,1.71880175,0.546213848,0.041662335
90.33347208,0.227000003,1.721147853,0.480414292,0.041033046
90.33811075,0.223445532,1.719853452,0.49663884,0.035998737
90.34274942,0.226434519,1.721390553,0.523679754,0.037729281
90.34738809,0.232170141,1.725678258,0.524581117,0.043628861
90.35202676,0.226111385,1.726487259,0.478611565,0.03843723
90.35666543,0.224738067,1.726729959,0.500244295,0.035762754
90.3613041,0.230554473,1.729885062,0.543509757,0.040246435
90.36594277,0.230554473,1.733525566,0.48942793,0.042448945
90.37058144,0.225141984,1.732231165,0.488526566,0.036392043
90.37522011,0.226919219,1.732635665,0.511060661,0.036785348
90.37985878,0.233220326,1.738217771,0.536298847,0.042999573
90.38449745,0.227969404,1.739350372,0.475006109,0.039617147
90.38913612,0.225222767,1.738136871,0.497540204,0.035841415
90.39377479,0.229746639,1.742181875,0.536298847,0.038987858
90.39841346,0.232331708,1.748411182,0.508356569,0.043156895
90.40305213,0.227080786,1.748411182,0.487625202,0.037257314
90.4076908,0.226757652,1.748087582,0.507455206,0.03623472
90.41232947,0.233058759,1.751808985,0.54891794,0.042212962
90.41696814,0.229908206,1.753184287,0.480414292,0.040954385
90.42160681,0.225949818,1.751808985,0.497540204,0.036077398
90.42624548,0.229746639,1.752132586,0.528186573,0.037729281
90.43088415,0.235401478,1.757067491,0.526383845,0.043628861
90.43552282,0.230877607,1.756662991,0.486723839,0.037886603
90.44016149,0.231604658,1.755287689,0.513764752,0.035762754
90.44480016,0.238713598,1.757067491,0.557931577,0.040403757
90.44943883,0.238552032,1.759251793,0.498441568,0.041976979
90.4540775,0.233624243,1.755125889,0.498441568,0.036156059
90.45871617,0.235078345,1.752456186,0.518271571,0.03623472
90.46335484,0.2406524,1.753507887,0.536298847,0.043078234
90.46799351,0.234916778,1.751647185,0.475006109,0.039066519
90.47263218,0.232089358,1.747844881,0.495737476,0.035920076
90.47727085,0.23685558,1.747197681,0.534496119,0.039223841
90.48190952,0.238713598,1.748330282,0.500244295,0.042920912
90.48654819,0.231604658,1.745013378,0.483118383,0.036864009
90.49118686,0.231523874,1.742262775,0.50384975,0.035998737
90.49582553,0.237421064,1.743638077,0.541707029,0.042291623
90.5004642,0.233705026,1.743557177,0.475907473,0.040639741
90.50510287,0.229181155,1.740968374,0.495737476,0.035762754
90.50974154,0.231766224,1.741049274,0.527285209,0.03765062
90.51438021,0.235966962,1.743718977,0.517370207,0.043314217
90.51901888,0.229100372,1.741291974,0.476808837,0.037807942
90.52365755,0.22788862,1.738460471,0.497540204,0.03544811
90.52829622,0.23378581,1.740563874,0.540805665,0.040797063
90.53293489,0.232250925,1.740887474,0.479512928,0.042134301
90.53757356,0.226030602,1.735871669,0.486723839,0.036077398
90.54221223,0.227727053,1.733768266,0.510159297,0.036864009
90.5468509,0.233462676,1.735062668,0.525482481,0.042920912
90.55148957,0.22740392,1.732069365,0.468696563,0.038909197
90.55612824,0.2245765,1.72737716,0.490329294,0.035762754
90.56076691,0.229504289,1.727134459,0.5299893,0.039302502
90.56540558,0.230796823,1.727053559,0.48942793,0.04276359
90.57004425,0.2240918,1.722523154,0.476808837,0.036470704
90.57468292,0.2245765,1.718882651,0.497540204,0.035998737
90.57932159,0.230392906,1.720015252,0.533594755,0.042370284
90.58396026,0.226111385,1.71839725,0.466893835,0.040089113
90.58859893,0.221991431,1.713785945,0.487625202,0.035605432
90.5932376,0.225626684,1.713057844,0.520074299,0.038201247
90.59787627,0.229342722,1.714514046,0.504751114,0.043786184
90.60251494,0.222476131,1.710145441,0.470499291,0.03765062
90.60715361,0.221668297,1.706100437,0.490329294,0.036156059
90.61179228,0.227484703,1.706747638,0.536298847,0.041426351
90.61643095,0.225707468,1.706100437,0.473203382,0.041583673
90.62106962,0.219891062,1.701408232,0.484019747,0.035762754
90.62570829,0.222072214,1.69970933,0.508356569,0.037021331
90.63034696,0.227727053,1.701489132,0.519172935,0.043314217
90.63498563,0.221425947,1.698576729,0.465091108,0.038673214
90.6396243,0.219083228,1.694208124,0.486723839,0.035605432
90.64426297,0.224011016,1.693480024,0.529087936,0.039381163
90.64890164,0.224899634,1.694774425,0.484019747,0.042448945
90.65354031,0.218598527,1.69032492,0.475907473,0.035998737
90.65817898,0.219083228,1.687331617,0.49663884,0.036077398
90.66281765,0.226030602,1.689192319,0.528186573,0.042448945
90.66745632,0.220779679,1.687574317,0.46328838,0.03985313
90.67209499,0.217386776,1.683043913,0.484921111,0.035526771
90.67673366,0.221183596,1.681830411,0.519172935,0.038358569
90.68137233,0.22481885,1.683691113,0.500244295,0.043156895
90.686011,0.218275393,1.68077871,0.471400654,0.037257314
90.69064967,0.217629126,1.678594408,0.491230657,0.035920076
90.69528834,0.223930233,1.68069781,0.536298847,0.040954385
90.69992701,0.22150673,1.681425911,0.471400654,0.041740996
90.70456568,0.216417375,1.678513508,0.485822475,0.036549365
90.70920435,0.218921661,1.678594408,0.511962024,0.037335975
90.71384302,0.22433415,1.681749511,0.518271571,0.043628861
90.71848169,0.217709909,1.679160708,0.467795199,0.038358569
90.72312036,0.215690324,1.676571906,0.48942793,0.035998737
90.72775903,0.221102813,1.677461807,0.531792028,0.040089113
90.7323977,0.22150673,1.678837108,0.48221702,0.042527606
90.73703637,0.215447974,1.675762905,0.479512928,0.036470704
90.74167504,0.216740508,1.674144903,0.501145659,0.036549365
90.74631371,0.223445532,1.677138206,0.5299893,0.043078234
90.75095238,0.218356177,1.676248305,0.465091108,0.040089113
90.75559105,0.21512484,1.672284201,0.486723839,0.036077398
90.76022972,0.219729495,1.673012302,0.52277839,0.038909197
90.76486839,0.222637698,1.675682005,0.497540204,0.043471539
90.76950706,0.215932674,1.673740403,0.473203382,0.037335975
90.77414573,0.215609541,1.671960601,0.493934749,0.035998737
90.7787844,0.222556915,1.673902203,0.538101574,0.041662335
90.78342307,0.219891062,1.675520205,0.472302018,0.041269029
90.78806174,0.21536719,1.673255002,0.488526566,0.035526771
90.79270041,0.217790693,1.673983103,0.518271571,0.037178653
90.79733908,0.223364749,1.678432608,0.520074299,0.043235556
90.80197775,0.217063642,1.678675308,0.476808837,0.038201247
90.80661642,0.215528757,1.68037421,0.505652478,0.035762754
90.81125509,0.221587514,1.68975862,0.560635669,0.03985313
90.81589376,0.221587514,1.700437431,0.518271571,0.041976979
90.82053243,0.215851891,1.705776837,0.524581117,0.036156059
90.8251711,0.217386776,1.709579141,0.543509757,0.036156059
90.82980977,0.223849449,1.715727547,0.559734305,0.04276359
90.83444844,0.218356177,1.715646647,0.48942793,0.039302502
90.83908711,0.215690324,1.712491544,0.505652478,0.035762754
90.84372578,0.219810278,1.711197142,0.539002938,0.038909197
90.84836445,0.222152997,1.712896044,0.505652478,0.043078234
90.85300312,0.215851891,1.70901284,0.481315656,0.036864009
90.85764179,0.215851891,1.706666738,0.501145659,0.035920076
90.86228046,0.222718481,1.70925554,0.541707029,0.041662335
90.86691913,0.219406361,1.709660041,0.473203382,0.040875724
90.8715578,0.214963273,1.706504937,0.491230657,0.035841415
90.87619647,0.218275393,1.706424037,0.521877026,0.037571959
90.88083514,0.223041615,1.710307241,0.519172935,0.043235556
90.88547381,0.216740508,1.709498241,0.476808837,0.03765062
90.89011248,0.215286407,1.708365639,0.500244295,0.035684093
90.89475115,0.222152997,1.712976944,0.546213848,0.040482418
90.89938982,0.221587514,1.71831635,0.490329294,0.04205564
90.90402849,0.216498158,1.719853452,0.498441568,0.036313381
90.90866716,0.21819461,1.723493955,0.524581117,0.036628026
90.91330583,0.224414933,1.731988464,0.547115212,0.043235556
90.9179445,0.219002444,1.734900868,0.485822475,0.039066519
90.92258317,0.216175024,1.732392965,0.505652478,0.035526771
90.92722184,0.220698896,1.732797465,0.539904302,0.038987858
90.93186051,0.222556915,1.734010967,0.501145659,0.042999573
90.93649918,0.216578942,1.729885062,0.484019747,0.036864009
90.94113785,0.216659725,1.726810859,0.50384975,0.035998737
90.94577652,0.223203182,1.72778166,0.540805665,0.042212962
90.95041519,0.219729495,1.72761986,0.473203382,0.040639741
90.95505386,0.216255808,1.726082758,0.494836113,0.035841415
90.95969253,0.219810278,1.730127762,0.5299893,0.037965264
90.9643312,0.223930233,1.737732371,0.524581117,0.0435502
90.96896987,0.217871476,1.739835773,0.486723839,0.038043925
90.97360854,0.217305992,1.739431272,0.507455206,0.036077398
90.97824721,0.223122398,1.742262775,0.54891794,0.040639741
90.98288588,0.221991431,1.742829076,0.487625202,0.041819657
90.98752455,0.217063642,1.738945872,0.493033385,0.036313381
90.99216322,0.21867931,1.73724697,0.51556748,0.036785348
90.99680189,0.223930233,1.738784072,0.529087936,0.042842251
91.00144056,0.218598527,1.735386268,0.471400654,0.038987858
91.00607923,0.216498158,1.731422164,0.493934749,0.035762754
91.0107179,0.221102813,1.730936763,0.534496119,0.03914518
91.01535657,0.222799265,1.732231165,0.494836113,0.042920912
91.01999524,0.216498158,1.728914261,0.483118383,0.036628026
91.02463391,0.217225209,1.726729959,0.50384975,0.036156059
91.02927258,0.223526316,1.728590661,0.539904302,0.041819657
91.03391125,0.219406361,1.72778166,0.473203382,0.040167774
91.03854992,0.216013458,1.724222056,0.493033385,0.035998737
91.04318859,0.220052629,1.724788357,0.527285209,0.038043925
91.04782726,0.223849449,1.72794346,0.513764752,0.043392878
91.05246593,0.217629126,1.726891759,0.480414292,0.037335975
91.0571046,0.216659725,1.725031057,0.501145659,0.035369449
91.06174327,0.223283965,1.729399662,0.547115212,0.040797063
91.06638194,0.221587514,1.733849166,0.486723839,0.041740996
91.07102061,0.216982859,1.734981768,0.499342932,0.036156059
91.07565928,0.219567928,1.737894171,0.527285209,0.037021331
91.08029795,0.225788251,1.743799877,0.539904302,0.042920912
91.08493662,0.219810278,1.744366178,0.484921111,0.038515892
91.08957529,0.217709909,1.742100975,0.504751114,0.035605432
91.09421396,0.223203182,1.743557177,0.543509757,0.039381163
91.09885263,0.223687882,1.745256079,0.49663884,0.042606267
91.1034913,0.217871476,1.741130174,0.486723839,0.036628026
91.10812997,0.218760094,1.738055971,0.506553842,0.035920076
91.11276864,0.225465118,1.739673973,0.539002938,0.042212962
91.11740731,0.22102203,1.738541371,0.472302018,0.03985313
91.12204598,0.21795226,1.735305368,0.493934749,0.03544811
91.12668465,0.221829864,1.735871669,0.530890664,0.038043925
91.13132332,0.225626684,1.739916673,0.511060661,0.042999573
91.13596199,0.219002444,1.737732371,0.481315656,0.036864009
91.14060066,0.21867931,1.736195269,0.500244295,0.035684093
91.14523933,0.225141984,1.738541371,0.543509757,0.040954385
91.149878,0.222880048,1.739188572,0.477710201,0.041269029
91.15451667,0.218113827,1.73676157,0.490329294,0.035605432
91.15915534,0.220779679,1.736033469,0.517370207,0.037021331
91.16379401,0.226272952,1.738784072,0.524581117,0.043235556
91.16843268,0.220618112,1.736680669,0.475006109,0.038201247
91.17307135,0.219002444,1.73676157,0.501145659,0.035605432
91.17771002,0.224414933,1.742748176,0.546213848,0.03985313
91.18234869,0.225303551,1.750352784,0.500244295,0.042606267
91.18698736,0.219487145,1.751485385,0.49663884,0.03623472
91.19162603,0.220294979,1.752617986,0.517370207,0.035998737
91.1962647,0.227484703,1.75650119,0.543509757,0.042212962
91.20090337,0.222476131,1.755368589,0.478611565,0.039695808
91.20554204,0.219487145,1.751161785,0.499342932,0.035762754
91.21018071,0.223364749,1.749867383,0.535397483,0.038358569
91.21481938,0.226353735,1.751323585,0.511060661,0.043156895
91.21945805,0.219971845,1.747197681,0.484921111,0.037021331
91.22409672,0.219406361,1.744042577,0.502948387,0.036077398
91.22873539,0.226353735,1.744770678,0.545312484,0.041426351
91.23337406,0.223607099,1.743718977,0.479512928,0.041111707
91.23801273,0.218840877,1.738864972,0.493934749,0.036156059
91.2426514,0.221829864,1.736033469,0.520074299,0.037257314
91.24729007,0.226919219,1.736033469,0.519172935,0.043314217
91.25192874,0.220375762,1.731664864,0.471400654,0.038201247
91.25656741,0.218517744,1.726810859,0.492132021,0.035605432
91.26120608,0.223768666,1.726406359,0.533594755,0.040246435
91.26584475,0.223687882,1.726001858,0.479512928,0.042291623
91.27048342,0.217871476,1.721147853,0.478611565,0.036392043
91.27512209,0.218760094,1.717588249,0.501145659,0.036628026
91.27976076,0.224980417,1.71847815,0.526383845,0.042999573
91.28439943,0.219891062,1.716051148,0.464189744,0.039538485
91.2890381,0.216821292,1.711601643,0.485822475,0.035684093
91.29367677,0.221425947,1.711035342,0.523679754,0.038751875
91.29831544,0.224011016,1.712572444,0.493934749,0.042920912
91.30295411,0.217548343,1.707961139,0.474104746,0.036706687
91.30759278,0.217629126,1.705291436,0.494836113,0.035841415
91.31223145,0.224414933,1.707394838,0.53720021,0.041583673
91.31687012,0.221102813,1.707313938,0.469597927,0.040797063
91.32150879,0.216740508,1.703997035,0.48942793,0.035762754
91.32614746,0.220052629,1.703997035,0.519172935,0.037807942
91.33078613,0.224738067,1.707071238,0.516468843,0.043314217
91.3354248,0.21843696,1.704725136,0.473203382,0.037807942
91.34006347,0.217144425,1.702621733,0.493934749,0.035605432
91.34470214,0.223364749,1.704482435,0.538101574,0.040325096
91.34934081,0.222476131,1.705534136,0.48221702,0.042134301
91.35397948,0.216740508,1.702136333,0.487625202,0.03623472
91.35861815,0.218840877,1.701489132,0.511060661,0.036470704
91.36325682,0.224414933,1.704886936,0.531792028,0.042920912
91.36789549,0.219164011,1.703916135,0.471400654,0.039381163
91.37253416,0.216498158,1.700356531,0.493033385,0.035841415
91.37717283,0.221102813,1.700275631,0.5299893,0.039459824
91.3818115,0.223203182,1.701974533,0.494836113,0.043078234
91.38645017,0.216902075,1.698981229,0.476808837,0.036864009
91.39108884,0.216740508,1.696392427,0.497540204,0.03623472
91.39572751,0.223607099,1.698576729,0.536298847,0.041898318
91.40036618,0.220133412,1.698253129,0.469597927,0.040325096
91.40500485,0.216175024,1.694693525,0.488526566,0.035605432
91.40964352,0.219406361,1.695178925,0.520975662,0.037965264
91.41428219,0.223930233,1.698738529,0.512863388,0.0435502
91.41892086,0.217225209,1.696473327,0.475907473,0.037729281
91.42355953,0.216336591,1.696311527,0.500244295,0.035841415
91.4281982,0.222476131,1.702459933,0.551622031,0.040797063
91.43283687,0.22102203,1.70925554,0.502948387,0.041740996
91.43747554,0.215932674,1.709821841,0.511060661,0.03623472
91.44211421,0.21843696,1.711278042,0.5299893,0.03694267
91.44675288,0.224414933,1.715403947,0.540805665,0.043156895
91.45139155,0.218517744,1.713057844,0.479512928,0.038909197
91.45603022,0.215771107,1.70860834,0.497540204,0.035841415
91.46066889,0.220698896,1.708042039,0.534496119,0.039459824
91.46530756,0.222556915,1.70909374,0.492132021,0.042999573
91.46994623,0.216013458,1.704320635,0.478611565,0.036785348
91.4745849,0.216578942,1.701246432,0.49663884,0.036392043
91.47922357,0.223526316,1.703511634,0.532693391,0.042448945
91.48386224,0.219648711,1.702945334,0.466893835,0.040403757
91.48850091,0.215609541,1.698576729,0.486723839,0.035920076
91.49313958,0.219164011,1.698819429,0.519172935,0.038122586
91.49777825,0.223203182,1.701246432,0.504751114,0.0435502
91.50241692,0.216740508,1.698576729,0.470499291,0.03765062
91.50705559,0.215932674,1.695340726,0.491230657,0.035762754
91.51169426,0.222395348,1.697444128,0.535397483,0.041033046
91.51633293,0.220698896,1.698253129,0.473203382,0.041898318
91.5209716,0.215771107,1.695340726,0.484921111,0.036077398
91.52561027,0.217871476,1.694289024,0.510159297,0.037335975
91.53024894,0.223445532,1.698981229,0.521877026,0.043314217
91.53488761,0.217790693,1.700437431,0.467795199,0.038987858
91.53952628,0.215609541,1.700599231,0.491230657,0.035920076
91.54416495,0.220779679,1.703997035,0.533594755,0.040089113
91.54880362,0.222395348,1.707152138,0.48942793,0.042920912
91.55344229,0.216336591,1.705615036,0.480414292,0.036706687
91.55808096,0.216902075,1.705210536,0.501145659,0.036392043
91.56271963,0.223849449,1.711035342,0.535397483,0.042920912
91.5673583,0.219487145,1.712167943,0.469597927,0.040561079
91.57199697,0.215851891,1.710226341,0.490329294,0.035920076
91.57663564,0.219810278,1.711197142,0.52277839,0.038673214
91.58127431,0.223930233,1.713866845,0.502948387,0.043392878
91.58591298,0.217709909,1.711439843,0.472302018,0.03765062
91.59055165,0.216902075,1.70877014,0.492132021,0.035998737
91.59519032,0.223203182,1.709821841,0.536298847,0.041426351
91.59982899,0.221183596,1.709660041,0.471400654,0.041505012
91.60446766,0.216013458,1.705291436,0.483118383,0.03623472
91.60910633,0.218356177,1.702864434,0.509257933,0.037335975
91.613745,0.223526316,1.704482435,0.51556748,0.043471539
91.61838367,0.217790693,1.701489132,0.465091108,0.038594553
91.62302234,0.215447974,1.697039627,0.486723839,0.035998737
91.62766101,0.22126438,1.697363228,0.529087936,0.040246435
91.63229968,0.22174908,1.697929528,0.480414292,0.04276359
91.63693835,0.215447974,1.693803624,0.475006109,0.036628026
91.64157702,0.216498158,1.691942922,0.49663884,0.036864009
91.64621569,0.223041615,1.693480024,0.526383845,0.04276359
91.65085436,0.21819461,1.692428322,0.461485653,0.039931791
91.65549303,0.214801706,1.689030519,0.484019747,0.035762754
91.6601317,0.219487145,1.688706919,0.519172935,0.038515892
91.66477037,0.222395348,1.690729421,0.493934749,0.043156895
91.66940904,0.216336591,1.687412517,0.469597927,0.037021331
91.67404771,0.216175024,1.684904615,0.48942793,0.035841415
91.67868638,0.222233781,1.687250717,0.532693391,0.041505012
91.68332505,0.219487145,1.687574317,0.467795199,0.041111707
91.68796372,0.21512484,1.683852913,0.484019747,0.035684093
91.69260239,0.21795226,1.682882112,0.511962024,0.037414636
91.69724106,0.223041615,1.685551815,0.512863388,0.042999573
91.70187973,0.216740508,1.683205713,0.465091108,0.038043925
91.7065184,0.215044057,1.679322509,0.486723839,0.03544811
91.71115707,0.22102203,1.68110231,0.530890664,0.03985313
91.71579574,0.220860463,1.682477612,0.478611565,0.042291623
91.72043441,0.215044057,1.678675308,0.478611565,0.036313381
91.72507308,0.216498158,1.676895506,0.500244295,0.036313381
91.72971175,0.223041615,1.680050609,0.526383845,0.042920912
91.73435042,0.21795226,1.678998908,0.464189744,0.039302502
91.73898909,0.214963273,1.675682005,0.485822475,0.035605432
91.74362776,0.219487145,1.677057306,0.523679754,0.038751875
91.74826643,0.221991431,1.679727009,0.494836113,0.043078234
91.7529051,0.215690324,1.678028107,0.474104746,0.036785348
91.75754377,0.215690324,1.677623607,0.495737476,0.035762754
91.76218244,0.222556915,1.681749511,0.538101574,0.041583673
91.76682111,0.219567928,1.684014714,0.471400654,0.040718402
91.77145978,0.215286407,1.682396712,0.490329294,0.035762754
91.77609845,0.21867931,1.683367513,0.520975662,0.037571959
91.78073712,0.223849449,1.688383318,0.517370207,0.043235556
91.78537579,0.217305992,1.687574317,0.473203382,0.037886603
91.79001446,0.216336591,1.688221518,0.49663884,0.035605432
91.79465313,0.223526316,1.695987926,0.549819303,0.040403757
91.7992918,0.223930233,1.705776837,0.504751114,0.041976979
91.80393047,0.219164011,1.710711742,0.511060661,0.036156059
91.80856914,0.22102203,1.715565747,0.532693391,0.036785348
91.81320781,0.227727053,1.722523154,0.54891794,0.043156895
91.81784648,0.222637698,1.725192857,0.484921111,0.039066519
91.82248515,0.219971845,1.724545657,0.504751114,0.035605432
91.82712382,0.22481885,1.72761986,0.541707029,0.039223841
91.83176249,0.226838436,1.731745764,0.505652478,0.043078234
91.83640116,0.220294979,1.730694063,0.485822475,0.036785348
91.84103983,0.220941246,1.730127762,0.504751114,0.035920076
91.8456785,0.227565487,1.734091867,0.542608393,0.042134301
91.85031717,0.224414933,1.734739067,0.474104746,0.040639741
91.85495584,0.220456546,1.732150265,0.493934749,0.035920076
91.85959451,0.223526316,1.733040166,0.524581117,0.037493298
91.86423318,0.228211754,1.736680669,0.51556748,0.043314217
91.86887185,0.22174908,1.735305368,0.476808837,0.038043925
91.87351052,0.220456546,1.733849166,0.499342932,0.035920076
91.87814919,0.226757652,1.736195269,0.543509757,0.040875724
91.88278786,0.225707468,1.73748967,0.483118383,0.041976979
91.88742653,0.220537329,1.734496367,0.48942793,0.035998737
91.8920652,0.222233781,1.733849166,0.514666116,0.036785348
91.89670387,0.228615671,1.737975071,0.532693391,0.043314217
91.90134254,0.222395348,1.73765147,0.476808837,0.039066519
91.90598121,0.220294979,1.736357069,0.500244295,0.035684093
91.91061988,0.225141984,1.73700427,0.538101574,0.039223841
91.91525855,0.226757652,1.738541371,0.49663884,0.043156895
91.91989722,0.221102813,1.734415467,0.483118383,0.036785348
91.92453589,0.221102813,1.731179464,0.502047023,0.035998737
91.92917456,0.227565487,1.732635665,0.536298847,0.042370284
91.93381323,0.223283965,1.731907564,0.468696563,0.040561079
91.9384519,0.219083228,1.727215359,0.48942793,0.035605432
91.94309057,0.222880048,1.726082758,0.52277839,0.037807942
91.94772924,0.227000003,1.729318762,0.509257933,0.043314217
91.95236791,0.220537329,1.726649059,0.473203382,0.037493298
91.95700658,0.219406361,1.724302956,0.494836113,0.03544811
91.96164525,0.225465118,1.725597358,0.538101574,0.040718402
91.96628392,0.223930233,1.725920958,0.475006109,0.041426351
91.97092259,0.21867931,1.721228753,0.483118383,0.035762754
91.97556126,0.22102203,1.719206251,0.509257933,0.036549365
91.98019993,0.226596086,1.720500652,0.520975662,0.042999573
91.9848386,0.220214195,1.717507349,0.465091108,0.038358569
91.98947727,0.217871476,1.713219645,0.488526566,0.035526771
91.99411594,0.223203182,1.711925243,0.529087936,0.03914518
91.99875461,0.224172583,1.712653344,0.485822475,0.042448945
92.00339328,0.21795226,1.70860834,0.476808837,0.036470704
92.00803195,0.218598527,1.705695937,0.497540204,0.035998737
92.01267062,0.225141984,1.706909438,0.5299893,0.042212962
92.01730929,0.220779679,1.706019537,0.465091108,0.040089113
92.02194796,0.217144425,1.702217233,0.486723839,0.035369449
92.02658663,0.22102203,1.701731832,0.521877026,0.038043925
92.0312253,0.224738067,1.704320635,0.502047023,0.043392878
92.03586397,0.21795226,1.701489132,0.471400654,0.037257314
92.04050264,0.217467559,1.69922393,0.493033385,0.035762754
92.04514131,0.224253366,1.702136333,0.538101574,0.041111707
92.04977998,0.221910647,1.703997035,0.475006109,0.041505012
92.05441865,0.216740508,1.701893633,0.488526566,0.035998737
92.05905732,0.219002444,1.703916135,0.521877026,0.03694267
92.06369599,0.225061201,1.713705045,0.547115212,0.042999573
92.06833466,0.219325578,1.720905153,0.509257933,0.038122586
92.07297333,0.216982859,1.72778166,0.541707029,0.035290787
92.077612,0.222880048,1.73724697,0.582268399,0.039459824
92.08225067,0.223849449,1.745660579,0.529087936,0.042684928
92.08688934,0.217709909,1.747116781,0.520074299,0.03623472
92.09152801,0.218598527,1.748411182,0.53720021,0.036156059
92.09616668,0.224980417,1.752779787,0.559734305,0.042448945
92.10080535,0.220052629,1.751728085,0.486723839,0.039774469
92.10544402,0.216902075,1.747278581,0.502948387,0.035762754
92.11008269,0.22126438,1.74655048,0.533594755,0.038279908
92.11472136,0.224253366,1.747116781,0.505652478,0.042999573
92.11936003,0.217548343,1.742586376,0.476808837,0.036864009
92.1239987,0.216821292,1.738703172,0.49663884,0.035369449
92.12863737,0.223768666,1.738945872,0.538101574,0.040954385
92.13327604,0.220941246,1.73700427,0.470499291,0.040875724
92.13791471,0.216498158,1.731826664,0.484921111,0.03544811
92.14255338,0.21867931,1.730046862,0.512863388,0.036864009
92.14719205,0.223930233,1.731664864,0.514666116,0.043156895
92.15183072,0.217629126,1.72761986,0.465992472,0.038279908
92.15646939,0.215851891,1.723493955,0.488526566,0.035762754
92.16110806,0.221668297,1.723736656,0.532693391,0.039695808
92.16574673,0.222152997,1.723736656,0.480414292,0.041976979
92.1703854,0.216175024,1.719206251,0.479512928,0.036156059
92.17502407,0.217305992,1.716212948,0.501145659,0.036156059
92.17966274,0.223849449,1.71807365,0.526383845,0.042291623
92.18430141,0.218921661,1.716374748,0.46328838,0.038909197
92.18894008,0.215690324,1.713462345,0.485822475,0.035290787
92.19357875,0.220375762,1.713785945,0.52277839,0.038122586
92.19821742,0.222880048,1.716132048,0.493934749,0.042606267
92.20285609,0.216094241,1.713624145,0.473203382,0.036392043
92.20749476,0.216094241,1.711925243,0.494836113,0.035605432
92.21213343,0.223041615,1.716132048,0.53720021,0.041426351
92.2167721,0.219891062,1.71863995,0.471400654,0.040403757
92.22141077,0.215851891,1.71799275,0.490329294,0.03544811
92.22604944,0.219002444,1.719772551,0.520975662,0.037178653
92.23068811,0.2240918,1.726001858,0.523679754,0.042684928
92.23532678,0.218113827,1.726406359,0.484921111,0.037493298
92.23996545,0.216902075,1.726487259,0.505652478,0.035212126
92.24460412,0.223283965,1.729723262,0.548016576,0.039774469
92.24924279,0.223041615,1.732473865,0.490329294,0.041898318
92.25388146,0.217305992,1.729156961,0.491230657,0.035841415
92.25852013,0.218517744,1.72761986,0.513764752,0.036156059
92.2631588,0.225061201,1.730532263,0.535397483,0.042606267
92.26779747,0.219487145,1.728752461,0.473203382,0.038751875
92.27243614,0.216821292,1.725111957,0.493934749,0.03544811
92.27707481,0.221668297,1.724707457,0.530890664,0.03843723
92.28171348,0.223768666,1.726568159,0.494836113,0.042527606
92.28635215,0.217225209,1.723332155,0.476808837,0.036392043
92.29099082,0.217548343,1.721066953,0.495737476,0.03544811
92.29562949,0.224253366,1.722765855,0.534496119,0.041662335
92.30026816,0.220618112,1.721309653,0.466893835,0.040482418
92.30490683,0.216336591,1.716941048,0.485822475,0.035133465
92.3095455,0.219810278,1.716051148,0.516468843,0.037335975
92.31418417,0.224495717,1.717507349,0.508356569,0.043078234
92.31882284,0.217629126,1.714271346,0.468696563,0.037414636
92.32346151,0.216578942,1.710954442,0.488526566,0.035526771
92.32810018,0.222960832,1.711763443,0.534496119,0.040246435
92.33273885,0.222152997,1.712815144,0.475907473,0.041662335
92.33737752,0.216982859,1.709498241,0.481315656,0.035762754
92.34201619,0.219164011,1.708284739,0.507455206,0.036706687
92.34665486,0.224980417,1.711520743,0.526383845,0.042999573
92.35129353,0.219487145,1.710469042,0.468696563,0.038673214
92.3559322,0.216740508,1.707961139,0.491230657,0.035290787
92.36057087,0.221587514,1.708365639,0.5299893,0.038830536
92.36520954,0.223203182,1.710954442,0.491230657,0.042448945
92.36984821,0.217305992,1.707233038,0.477710201,0.036549365
92.37448688,0.217548343,1.705291436,0.498441568,0.035841415
92.37912555,0.224980417,1.708446539,0.536298847,0.041976979
92.38376422,0.220537329,1.70901284,0.469597927,0.040089113
92.38840289,0.216902075,1.707152138,0.490329294,0.03544811
92.39304156,0.220860463,1.707718439,0.523679754,0.038043925
92.39768023,0.224657283,1.711197142,0.509257933,0.043078234
92.4023189,0.218275393,1.70885104,0.473203382,0.037414636
92.40695757,0.217548343,1.706424037,0.494836113,0.035762754
92.41159624,0.2240918,1.70917464,0.538101574,0.041111707
92.41623491,0.222476131,1.710630842,0.476808837,0.042134301
92.42087358,0.217467559,1.708203839,0.488526566,0.036706687
92.42551225,0.219971845,1.70860834,0.51556748,0.037807942
92.43015092,0.225545901,1.713057844,0.528186573,0.044179489
92.43478959,0.219891062,1.712976944,0.475006109,0.040010452
92.43942826,0.21843696,1.711439843,0.497540204,0.03765062
92.44406693,0.223526316,1.714433146,0.538101574,0.041898318
92.4487056,0.224980417,1.717345549,0.495737476,0.045359405
92.45334427,0.218840877,1.714352246,0.485822475,0.039302502
92.45798294,0.219406361,1.712976944,0.505652478,0.039617147
92.46262161,0.226111385,1.716293848,0.538101574,0.045674049
92.46726028,0.22174908,1.715727547,0.470499291,0.043707522
92.47189895,0.218275393,1.711116242,0.488526566,0.039302502
92.47653762,0.221991431,1.710469042,0.521877026,0.041662335
92.48117629,0.225707468,1.713624145,0.50384975,0.046696643
92.48581496,0.219164011,1.711035342,0.473203382,0.040797063
92.49045363,0.21843696,1.70860834,0.493934749,0.039302502
92.4950923,0.224899634,1.711035342,0.538101574,0.044808778
92.49973097,0.222880048,1.711925243,0.475006109,0.044730116
92.50436964,0.218113827,1.70925554,0.486723839,0.03914518
92.50900831,0.220698896,1.70877014,0.513764752,0.040403757
92.51364698,0.226515302,1.712329744,0.520975662,0.046303338
92.51828565,0.220052629,1.711439843,0.470499291,0.041269029
92.52292432,0.218275393,1.70877014,0.493033385,0.03843723
92.52756299,0.224172583,1.711520743,0.533594755,0.042842251
92.53220166,0.224253366,1.713543245,0.486723839,0.045280744
92.53684033,0.21795226,1.710145441,0.481315656,0.039066519
92.541479,0.21867931,1.708365639,0.502948387,0.038987858
92.54611767,0.225303551,1.711925243,0.533594755,0.045359405
92.55075634,0.220860463,1.713381445,0.471400654,0.042291623
92.55539501,0.217548343,1.712653344,0.495737476,0.038043925
92.56003368,0.221991431,1.715323047,0.533594755,0.040561079
92.56467235,0.225061201,1.719610751,0.510159297,0.045359405
92.56931102,0.218598527,1.71823545,0.481315656,0.039066519
92.57394969,0.218113827,1.717021949,0.502047023,0.03765062
92.57858836,0.224980417,1.720743353,0.546213848,0.043078234
92.58322703,0.222476131,1.723574856,0.481315656,0.04276359
92.5878657,0.218275393,1.723008555,0.49663884,0.037335975
92.59250437,0.221183596,1.724383856,0.524581117,0.038830536
92.59714304,0.226272952,1.728347961,0.526383845,0.045044761
92.60178171,0.220052629,1.72753896,0.477710201,0.040089113
92.60642038,0.21819461,1.725840058,0.501145659,0.037021331
92.61105905,0.224738067,1.72786256,0.544411121,0.041505012
92.61569772,0.22433415,1.730936763,0.493033385,0.043628861
92.62033639,0.218598527,1.728833361,0.491230657,0.037571959
92.62497506,0.219648711,1.728347961,0.513764752,0.037729281
92.62961373,0.226111385,1.734091867,0.543509757,0.044022167
92.6342524,0.22174908,1.738298671,0.486723839,0.040403757
92.63889107,0.218921661,1.740078473,0.511060661,0.037021331
92.64352974,0.223849449,1.744608878,0.54891794,0.040010452
92.64816841,0.226919219,1.749948284,0.520975662,0.044100828
92.65280708,0.220537329,1.748087582,0.49663884,0.03765062
92.65744575,0.220375762,1.745822379,0.512863388,0.037021331
92.66208442,0.227161569,1.747925781,0.549819303,0.04276359
92.66672309,0.2240918,1.747844881,0.481315656,0.041898318
92.67136176,0.219487145,1.744042577,0.49663884,0.036864009
92.67600043,0.222476131,1.743071776,0.524581117,0.038358569
92.6806391,0.227242353,1.745903279,0.520975662,0.044572794
92.68527777,0.220537329,1.743233576,0.476808837,0.038987858
92.68991644,0.219648711,1.740806574,0.499342932,0.036785348
92.69455511,0.225303551,1.743152676,0.544411121,0.041426351
92.69919378,0.224899634,1.745094278,0.48942793,0.042999573
92.70383245,0.219002444,1.742020075,0.493033385,0.037099992
92.70847112,0.220941246,1.741858275,0.517370207,0.037729281
92.71310979,0.227161569,1.747359481,0.539904302,0.044022167
92.71774846,0.221668297,1.751728085,0.484921111,0.040167774
92.72238713,0.219002444,1.758038292,0.520975662,0.036470704
92.7270258,0.223283965,1.77470371,0.576860217,0.03985313
92.73166447,0.226111385,1.798731035,0.55612885,0.043786184
92.73630314,0.220294979,1.819684157,0.54891794,0.037414636
92.74094181,0.220375762,1.836834976,0.57055067,0.036313381
92.74558048,0.226919219,1.85010259,0.601197039,0.042448945
92.75021915,0.223930233,1.853904894,0.520975662,0.041583673
92.75485782,0.220375762,1.85010259,0.528186573,0.036549365
92.75949649,0.223526316,1.847594687,0.549819303,0.038515892
92.76413516,0.227807837,1.847675587,0.535397483,0.044022167
92.76877383,0.221183596,1.841527181,0.490329294,0.038201247
92.7734125,0.219810278,1.834165273,0.508356569,0.035998737
92.77805117,0.225949818,1.830605669,0.549819303,0.041033046
92.78268984,0.2245765,1.827369666,0.488526566,0.042291623
92.78732851,0.219244794,1.819926858,0.491230657,0.036628026
92.79196718,0.220941246,1.813616651,0.512863388,0.03694267
92.79660585,0.227080786,1.81264585,0.528186573,0.043078234
92.80124452,0.220941246,1.807063744,0.469597927,0.039459824
92.80588319,0.218356177,1.799216436,0.491230657,0.036077398
92.81052186,0.223687882,1.796142232,0.531792028,0.039538485
92.81516053,0.225303551,1.795009631,0.493033385,0.043235556
92.8197992,0.218598527,1.788699425,0.481315656,0.037021331
92.82443787,0.219487145,1.783845419,0.502047023,0.036156059
92.82907654,0.225949818,1.782793718,0.538101574,0.042370284
92.83371521,0.222072214,1.779962215,0.471400654,0.040639741
92.83835388,0.218113827,1.774380109,0.490329294,0.035920076
92.84299255,0.221587514,1.771225006,0.52277839,0.038201247
92.84763122,0.225707468,1.772843008,0.509257933,0.043471539
92.85226989,0.218921661,1.768878904,0.475006109,0.037493298
92.85690856,0.21843696,1.7651575,0.49663884,0.035841415
92.86154723,0.224657283,1.766532801,0.541707029,0.040954385
92.8661859,0.223041615,1.7658047,0.480414292,0.041662335
92.87082457,0.218033043,1.760950695,0.48942793,0.035998737
92.87546324,0.220375762,1.759332693,0.51556748,0.036785348
92.88010191,0.226030602,1.761597896,0.527285209,0.043314217
92.88474058,0.220133412,1.758685493,0.473203382,0.038515892
92.88937925,0.218113827,1.754074188,0.494836113,0.035526771
92.89401792,0.223526316,1.754316888,0.535397483,0.039223841
92.89865659,0.224495717,1.755449489,0.492132021,0.042370284
92.90329526,0.218840877,1.751404485,0.481315656,0.036470704
92.90793393,0.219002444,1.748977482,0.502948387,0.036077398
92.9125726,0.225949818,1.752051686,0.53720021,0.042448945
92.91721127,0.221587514,1.752051686,0.472302018,0.040010452
92.92184994,0.218113827,1.751404485,0.497540204,0.035605432
92.92648861,0.22174908,1.75642029,0.536298847,0.037965264
92.93112728,0.225303551,1.764267599,0.521877026,0.042842251
92.93576595,0.219244794,1.7654811,0.491230657,0.037021331
92.94040462,0.218598527,1.766290101,0.511060661,0.035526771
92.94504329,0.225303551,1.771144106,0.555227486,0.041033046
92.94968196,0.223203182,1.77470371,0.48942793,0.040875724
92.95432063,0.21867931,1.772357607,0.500244295,0.035605432
92.9589593,0.220941246,1.771872207,0.523679754,0.036549365
92.96359797,0.226434519,1.774218309,0.529087936,0.043078234
92.96823664,0.220456546,1.771225006,0.474104746,0.038279908
92.97287531,0.218840877,1.766209201,0.493934749,0.035841415
92.97751398,0.224011016,1.7654811,0.536298847,0.039695808
92.98215265,0.2245765,1.766128301,0.488526566,0.042527606
92.98679132,0.218921661,1.760707995,0.483118383,0.036392043
92.99142999,0.219729495,1.757471991,0.50384975,0.036313381
92.99606866,0.226111385,1.758685493,0.532693391,0.042527606
93.00070733,0.221345163,1.756582091,0.468696563,0.039695808
93.005346,0.21819461,1.752132586,0.48942793,0.035762754
93.00998467,0.222556915,1.751080885,0.526383845,0.038122586
93.01462334,0.225788251,1.751889886,0.502047023,0.042920912
93.01926201,0.220375762,1.748249382,0.476808837,0.037021331
93.02390068,0.220537329,1.745175178,0.498441568,0.035762754
93.02853935,0.22740392,1.74663138,0.540805665,0.04134769
93.03317802,0.224738067,1.745903279,0.474104746,0.041033046
93.03781669,0.220294979,1.741291974,0.486723839,0.035841415
93.04245536,0.222718481,1.739188572,0.513764752,0.037099992
93.04709403,0.228050187,1.740887474,0.518271571,0.043156895
93.0517327,0.221991431,1.739512172,0.473203382,0.038122586
93.05637137,0.219729495,1.73700427,0.497540204,0.035526771
93.06101004,0.225869035,1.739512172,0.540805665,0.039617147
93.06564871,0.226111385,1.741777375,0.487625202,0.042134301
93.07028738,0.220294979,1.738622271,0.486723839,0.036156059
93.07492605,0.221829864,1.73708517,0.508356569,0.036077398
93.07956472,0.228050187,1.739997573,0.534496119,0.042448945
93.08420339,0.222799265,1.739026772,0.470499291,0.039459824
93.08884206,0.219325578,1.736518869,0.492132021,0.035605432
93.09348073,0.22433415,1.73740877,0.5299893,0.038594553
93.0981194,0.226919219,1.740159373,0.501145659,0.042842251
93.10275807,0.220375762,1.738622271,0.480414292,0.037099992
93.10739674,0.220294979,1.737732371,0.502948387,0.035998737
93.11203541,0.227242353,1.741291974,0.545312484,0.041819657
93.11667408,0.223930233,1.742262775,0.477710201,0.041033046
93.12131275,0.219244794,1.739188572,0.494836113,0.035920076
93.12595142,0.222476131,1.738784072,0.523679754,0.037571959
93.13059009,0.22740392,1.741049274,0.520074299,0.043235556
93.13522876,0.22126438,1.738217771,0.475006109,0.037886603
93.13986743,0.219891062,1.735548068,0.495737476,0.035762754
93.1445061,0.225788251,1.736518869,0.539002938,0.040325096
93.14914477,0.225303551,1.73748967,0.484019747,0.042370284
93.15378344,0.219567928,1.733687366,0.486723839,0.036313381
93.15842211,0.220779679,1.732150265,0.510159297,0.036785348
93.16306078,0.227242353,1.735871669,0.531792028,0.042920912
93.16769945,0.222476131,1.735871669,0.471400654,0.039302502
93.17233812,0.219325578,1.733606466,0.494836113,0.035841415
93.17697679,0.224738067,1.734900868,0.533594755,0.039223841
93.18161546,0.227161569,1.738784072,0.499342932,0.043078234
93.18625413,0.220375762,1.735952569,0.480414292,0.03694267
93.1908928,0.219971845,1.733363766,0.500244295,0.036077398
93.19553147,0.226838436,1.736357069,0.539002938,0.042291623
93.20017014,0.223687882,1.736518869,0.471400654,0.040875724
93.20480881,0.219325578,1.732878365,0.490329294,0.035998737
93.20944748,0.222637698,1.732797465,0.520975662,0.037571959
93.21408615,0.227323136,1.735790768,0.512863388,0.043392878
93.21872482,0.220779679,1.732716565,0.472302018,0.037965264
93.22336349,0.219567928,1.730370463,0.493934749,0.035998737
93.22800216,0.225545901,1.731745764,0.538101574,0.040639741
93.23264083,0.224738067,1.732554765,0.477710201,0.041740996
93.2372795,0.219487145,1.728428861,0.483118383,0.035998737
93.24191817,0.221102813,1.726891759,0.507455206,0.036628026
93.24655684,0.227161569,1.728995161,0.525482481,0.042999573
93.25119551,0.221425947,1.72737716,0.465992472,0.038909197
93.25583418,0.219002444,1.724222056,0.488526566,0.035369449
93.26047285,0.223930233,1.725111957,0.528186573,0.039223841
93.26511152,0.225707468,1.726972659,0.491230657,0.042920912
93.26975019,0.219164011,1.723574856,0.477710201,0.036549365
93.27438886,0.219406361,1.721633253,0.498441568,0.035920076
93.27902753,0.226192168,1.724302956,0.536298847,0.041976979
93.2836662,0.222395348,1.724545657,0.469597927,0.040167774
93.28830487,0.218840877,1.722199554,0.490329294,0.035684093
93.29294354,0.222556915,1.721956854,0.52277839,0.038122586
93.29758221,0.226272952,1.724383856,0.510159297,0.043156895
93.30222088,0.220294979,1.722361354,0.474104746,0.037807942
93.30685955,0.219164011,1.720177052,0.495737476,0.035684093
93.31149822,0.225788251,1.722927655,0.540805665,0.040718402
93.31613689,0.224172583,1.724869257,0.480414292,0.041505012
93.32077556,0.218840877,1.723170355,0.492132021,0.035841415
93.32541423,0.220941246,1.724060256,0.520074299,0.036470704
93.3300529,0.226596086,1.728914261,0.533594755,0.042606267
93.33469157,0.220860463,1.728428861,0.475006109,0.03843723
93.33933024,0.21867931,1.725920958,0.495737476,0.035526771
93.34396891,0.223849449,1.72761986,0.536298847,0.039066519
93.34860758,0.225222767,1.730774963,0.495737476,0.042527606
93.35324625,0.219002444,1.728995161,0.490329294,0.035920076
93.35788492,0.219729495,1.728914261,0.512863388,0.036156059
93.36252359,0.226676869,1.731988464,0.545312484,0.042134301
93.36716226,0.222072214,1.731098564,0.475907473,0.039695808
93.37180093,0.218275393,1.72794346,0.493934749,0.035133465
93.3764396,0.222395348,1.728267061,0.526383845,0.037414636
93.38107827,0.226434519,1.729399662,0.506553842,0.042842251
93.38571694,0.219729495,1.725759158,0.474104746,0.036785348
93.39035561,0.219083228,1.722684955,0.494836113,0.035290787
93.39499428,0.225949818,1.725031057,0.539002938,0.040325096
93.39963295,0.223203182,1.725678258,0.474104746,0.041111707
93.40427162,0.21819461,1.721795054,0.485822475,0.035526771
93.40891029,0.220214195,1.720905153,0.511962024,0.036628026
93.41354896,0.226111385,1.724141156,0.520074299,0.042842251
93.41818763,0.220214195,1.722442254,0.466893835,0.038594553
93.4228263,0.218033043,1.718963551,0.490329294,0.035605432
93.42746497,0.223687882,1.720177052,0.533594755,0.039223841
93.43210364,0.224738067,1.723251255,0.487625202,0.04205564
93.43674231,0.219164011,1.721552353,0.483118383,0.035920076
93.44138098,0.220052629,1.721633253,0.505652478,0.035841415
93.44601965,0.226838436,1.725840058,0.536298847,0.04205564
93.45065832,0.222314564,1.72770076,0.473203382,0.039695808
93.45529699,0.219002444,1.728267061,0.497540204,0.035369449
93.45993566,0.224011016,1.735628968,0.538101574,0.038279908
93.46457433,0.228050187,1.749705583,0.523679754,0.043235556
93.469213,0.222718481,1.758685493,0.502948387,0.03694267
93.47385167,0.222718481,1.766290101,0.525482481,0.035684093
93.47849034,0.229100372,1.77502731,0.565142488,0.041505012
93.48312901,0.226596086,1.778748714,0.493934749,0.041190368
93.48776768,0.222233781,1.776483512,0.50384975,0.035762754
93.49240635,0.224980417,1.775998111,0.528186573,0.037257314
93.49704502,0.230554473,1.778344214,0.5299893,0.043156895
93.50168369,0.224253366,1.77454191,0.478611565,0.037886603
93.50632236,0.222314564,1.770092405,0.499342932,0.03544811
93.51096103,0.227969404,1.770416005,0.539904302,0.040167774
93.5155997,0.228615671,1.770577805,0.487625202,0.042370284
93.52023837,0.222880048,1.7659665,0.485822475,0.036313381
93.52487704,0.224253366,1.763215898,0.508356569,0.036313381
93.52951571,0.230231339,1.7651575,0.535397483,0.042448945
93.53415438,0.225222767,1.763943998,0.473203382,0.039538485
93.53879305,0.221991431,1.759575394,0.49663884,0.035841415
93.54343172,0.226434519,1.759818094,0.533594755,0.038751875
93.54807039,0.229665855,1.762649597,0.505652478,0.0435502
93.55270906,0.223283965,1.759656294,0.483118383,0.03694267
93.55734773,0.222799265,1.756743891,0.502948387,0.036156059
93.5619864,0.229100372,1.758928193,0.548016576,0.04205564
93.56662507,0.226919219,1.760222594,0.484921111,0.041505012
93.57126374,0.222556915,1.758928193,0.506553842,0.036706687
93.57590241,0.225788251,1.760707995,0.53720021,0.038515892
93.58054108,0.23120074,1.7653193,0.535397483,0.044887439
93.58517975,0.225545901,1.763943998,0.48942793,0.040010452
93.58981842,0.224414933,1.761274296,0.510159297,0.038201247
93.59445709,0.23047369,1.763377698,0.557030214,0.043786184
93.59909576,0.231119957,1.766532801,0.504751114,0.046932627
93.60373443,0.226676869,1.764267599,0.509257933,0.042999573
93.6083731,0.228858021,1.764348499,0.535397483,0.045202083
93.61301177,0.235724612,1.768069903,0.559734305,0.054012123
93.61765044,0.231443091,1.769202504,0.501145659,0.052832207
93.62228911,0.229100372,1.769445204,0.528186573,0.051023002
93.62692778,0.234432077,1.776321711,0.571452034,0.055113378
93.63156645,0.23685558,1.783845419,0.538101574,0.059911704
93.63620512,0.230554473,1.784978021,0.516468843,0.053697479
93.64084379,0.230392906,1.785058921,0.533594755,0.052753546
93.64548246,0.23709793,1.788456724,0.574156125,0.058810449
93.65012113,0.233462676,1.787647723,0.499342932,0.057394549
93.6547598,0.229181155,1.783683619,0.511962024,0.05228158
93.65939847,0.232170141,1.782793718,0.538101574,0.053854801
93.66403714,0.236370879,1.78433082,0.528186573,0.059125093
93.66867581,0.229342722,1.781094817,0.484921111,0.053461496
93.67331448,0.228292537,1.778506014,0.505652478,0.050787019
93.67795315,0.234432077,1.779315015,0.547115212,0.054877395
93.68259182,0.233220326,1.779153214,0.486723839,0.05597865
93.68723049,0.227807837,1.774380109,0.490329294,0.049607103
93.69186916,0.229261938,1.771548606,0.511962024,0.05007907
93.69650783,0.234916778,1.772357607,0.529087936,0.055821328
93.7011465,0.228615671,1.768878904,0.470499291,0.051416308
93.70578517,0.226111385,1.764914799,0.492132021,0.047325932
93.71042384,0.23071604,1.764672099,0.530890664,0.050551036
93.71506251,0.232008575,1.7654002,0.493033385,0.053933462
93.71970118,0.225788251,1.761597896,0.478611565,0.04716861
93.72433985,0.225626684,1.758361892,0.500244295,0.046303338
93.72897852,0.231927791,1.760384395,0.538101574,0.052202919
93.73361719,0.228211754,1.760060794,0.471400654,0.049843086
93.73825586,0.224414933,1.75617759,0.491230657,0.045044761
93.74289453,0.227323136,1.75650119,0.524581117,0.046853965
93.7475332,0.231281524,1.759494494,0.511962024,0.051652291
93.75217187,0.224738067,1.757310191,0.475006109,0.045595388
93.75681054,0.224011016,1.755125889,0.497540204,0.043707522
93.76144921,0.229827422,1.757795592,0.541707029,0.048269865
93.76608788,0.228050187,1.760222594,0.481315656,0.049056476
93.77072655,0.223041615,1.758928193,0.492132021,0.042920912
93.77536522,0.224980417,1.760788895,0.520975662,0.043235556
93.78000389,0.231281524,1.768312603,0.538101574,0.04937112
93.78464256,0.225626684,1.773328408,0.491230657,0.044887439
93.78928123,0.223768666,1.778910514,0.523679754,0.041111707
93.7939199,0.229423505,1.789751126,0.568747943,0.0449661
93.79855857,0.231766224,1.80277604,0.530890664,0.048033882
93.80319724,0.225707468,1.808439046,0.519172935,0.041583673
93.80783591,0.226676869,1.811189648,0.534496119,0.040954385
93.81247458,0.233301109,1.815315553,0.562438396,0.04716861
93.81711325,0.228938805,1.816529054,0.492132021,0.044572794
93.82175192,0.225465118,1.814587452,0.510159297,0.040167774
93.82639059,0.229181155,1.815558253,0.540805665,0.042212962
93.83102926,0.233058759,1.819603257,0.521877026,0.04716861
93.83566793,0.226434519,1.818875157,0.487625202,0.041505012
93.8403066,0.226111385,1.817661655,0.508356569,0.039695808
93.84494527,0.232816409,1.820654958,0.552523395,0.044572794
93.84958394,0.23095839,1.824133662,0.490329294,0.0449661
93.85422261,0.226353735,1.823001061,0.502948387,0.039538485
93.85886128,0.229019588,1.823567362,0.5299893,0.040403757
93.86349995,0.234512861,1.827935966,0.539002938,0.046381999
93.86813862,0.22813097,1.826398865,0.484921111,0.041505012
93.87277729,0.226192168,1.822839261,0.504751114,0.038515892
93.87741596,0.231685441,1.82178756,0.543509757,0.042370284
93.88205463,0.232170141,1.82186846,0.494836113,0.045044761
93.8866933,0.226030602,1.815396453,0.486723839,0.039066519
93.89133197,0.226676869,1.810542448,0.506553842,0.038909197
93.89597064,0.233220326,1.811027848,0.536298847,0.044808778
93.90060931,0.228454104,1.808277245,0.470499291,0.041898318
93.90524798,0.224495717,1.802047939,0.491230657,0.037493298
93.90988665,0.228534888,1.799540036,0.527285209,0.040325096
93.91452532,0.231604658,1.800187237,0.50384975,0.0449661
93.91916399,0.224738067,1.795899532,0.476808837,0.038830536
93.92380266,0.224253366,1.792016328,0.49663884,0.03765062
93.92844133,0.23071604,1.792825329,0.540805665,0.043235556
93.93308,0.228050187,1.791854528,0.475006109,0.043314217
93.93771867,0.222880048,1.787809524,0.48942793,0.037571959
93.94235734,0.225545901,1.785948822,0.517370207,0.03843723
93.94699601,0.23071604,1.788294924,0.521877026,0.044730116
93.95163468,0.2240918,1.785544321,0.473203382,0.039459824
93.95627335,0.222476131,1.781984717,0.49663884,0.036628026
93.96091202,0.22788862,1.781742017,0.539904302,0.041111707
93.96555069,0.228292537,1.780933016,0.487625202,0.043392878
93.97018936,0.222233781,1.775431811,0.484019747,0.037414636
93.97482803,0.223445532,1.772276707,0.505652478,0.037335975
93.9794667,0.229827422,1.772762108,0.531792028,0.043628861
93.98410537,0.225061201,1.770254205,0.469597927,0.040561079
93.98874404,0.221668297,1.7656429,0.491230657,0.036313381
93.99338271,0.226192168,1.7652384,0.527285209,0.03914518
93.99802138,0.228534888,1.7659665,0.499342932,0.043943506
94.00266005,0.222637698,1.762083296,0.477710201,0.03765062
94.00729872,0.222637698,1.759251793,0.498441568,0.036313381
94.01193739,0.229100372,1.761112495,0.540805665,0.04205564
94.01657606,0.226030602,1.761597896,0.475006109,0.041269029
94.02121473,0.221910647,1.757957392,0.491230657,0.03623472
94.0258534,0.224738067,1.757391091,0.520975662,0.037807942
94.03049207,0.229261938,1.759575394,0.521877026,0.043392878
94.03513074,0.222880048,1.757552892,0.477710201,0.03843723
94.03976941,0.221345163,1.75561129,0.502948387,0.035841415
94.04440808,0.227000003,1.758442793,0.548016576,0.040403757
94.04904675,0.226596086,1.761759696,0.495737476,0.042212962
94.05368542,0.221829864,1.761274296,0.501145659,0.036392043
94.05832409,0.223041615,1.762487797,0.526383845,0.036628026
94.06296276,0.229504289,1.766775501,0.548016576,0.043314217
94.06760143,0.224495717,1.766694601,0.484019747,0.039695808
94.0722401,0.221668297,1.764024898,0.50384975,0.035762754
94.07687877,0.226030602,1.764510299,0.539904302,0.038909197
94.08151744,0.228696454,1.767018202,0.505652478,0.042920912
94.08615611,0.222476131,1.764024898,0.485822475,0.036864009
94.09079478,0.222314564,1.762811397,0.505652478,0.035920076
94.09543345,0.229261938,1.766532801,0.547115212,0.04205564
94.10007212,0.226111385,1.768231703,0.481315656,0.040718402
94.10471079,0.222314564,1.766128301,0.502047023,0.035841415
94.10934946,0.226030602,1.769040704,0.534496119,0.037886603
94.11398813,0.23095839,1.776807112,0.531792028,0.0435502
94.1186268,0.224899634,1.781742017,0.495737476,0.037729281
94.12326547,0.224657283,1.789103925,0.525482481,0.035920076
94.12790414,0.231281524,1.80318054,0.579564308,0.040718402
94.13254281,0.231523874,1.815800953,0.528186573,0.042291623
94.13718148,0.226676869,1.819198757,0.530890664,0.036313381
94.14182015,0.228292537,1.821463959,0.548016576,0.036706687
94.14645882,0.234351294,1.825104463,0.558832941,0.043392878
94.15109749,0.228858021,1.823486461,0.493934749,0.039381163
94.15573616,0.226192168,1.818794257,0.511962024,0.035998737
94.16037483,0.231523874,1.817985256,0.547115212,0.039538485
94.1650135,0.233139542,1.818308856,0.506553842,0.043314217
94.16965217,0.226757652,1.81280765,0.48942793,0.036864009
94.17429084,0.226838436,1.809248046,0.507455206,0.036077398
94.17892951,0.233139542,1.810380648,0.544411121,0.042291623
94.18356818,0.229665855,1.808924446,0.477710201,0.040403757
94.18820685,0.225626684,1.804555841,0.49663884,0.035762754
94.19284552,0.229100372,1.803908641,0.528186573,0.037965264
94.19748419,0.233058759,1.805041242,0.516468843,0.043314217
94.20212286,0.226515302,1.802209739,0.479512928,0.037493298
94.20676153,0.225707468,1.799701836,0.502948387,0.035605432
94.2114002,0.231927791,1.802128839,0.54891794,0.040639741
94.21603887,0.231039174,1.804313141,0.48942793,0.04134769
94.22067754,0.225949818,1.801077138,0.498441568,0.035920076
94.22531621,0.227727053,1.800025437,0.523679754,0.036785348
94.22995488,0.233220326,1.802371539,0.536298847,0.043156895
94.23459355,0.227565487,1.799701836,0.479512928,0.038673214
94.23923222,0.225222767,1.795495032,0.502047023,0.035290787
94.24387089,0.230554473,1.795656832,0.541707029,0.038987858
94.24850956,0.231685441,1.796546733,0.498441568,0.042448945
94.25314823,0.225303551,1.792097228,0.486723839,0.036392043
94.2577869,0.226192168,1.788942125,0.505652478,0.036077398
94.26242557,0.232412492,1.789265725,0.539904302,0.04205564
94.26706424,0.228292537,1.787324123,0.473203382,0.039695808
94.27170291,0.224414933,1.783360019,0.493934749,0.035526771
94.27634158,0.22813097,1.782874618,0.528186573,0.037571959
94.28098025,0.232089358,1.785544321,0.511962024,0.042920912
94.28561892,0.225788251,1.783198219,0.481315656,0.037335975
94.29025759,0.224657283,1.782308318,0.508356569,0.035605432
94.29489626,0.231362307,1.788375824,0.559734305,0.040797063
94.29953493,0.229827422,1.792582629,0.501145659,0.041190368
94.3041736,0.22481885,1.791854528,0.511962024,0.035212126
94.30881227,0.227080786,1.792744429,0.534496119,0.036706687
94.31345094,0.232977976,1.796304033,0.539904302,0.042920912
94.31808961,0.226838436,1.795414132,0.487625202,0.038122586
94.32272828,0.224899634,1.797032133,0.513764752,0.035605432
94.32736695,0.23071604,1.808924446,0.569649307,0.039617147
94.33200562,0.231443091,1.823324661,0.535397483,0.042370284
94.33664429,0.225545901,1.829068567,0.526383845,0.036313381
94.34128296,0.226676869,1.832789971,0.543509757,0.03623472
94.34592163,0.232897192,1.836996776,0.566945215,0.042448945
94.3505603,0.228615671,1.835378774,0.494836113,0.039695808
94.35519897,0.225303551,1.831010169,0.511060661,0.035605432
94.35983764,0.229261938,1.829149468,0.540805665,0.038201247
94.36447631,0.232816409,1.830443869,0.516468843,0.043235556
94.36911498,0.226676869,1.826075264,0.486723839,0.037257314
94.37375365,0.225869035,1.821463959,0.505652478,0.035684093
94.37839232,0.232816409,1.82219206,0.54891794,0.041190368
94.38303099,0.230150556,1.82162576,0.483118383,0.040954385
94.38766966,0.225788251,1.817823455,0.498441568,0.035762754
94.39230833,0.228777238,1.816367254,0.525482481,0.037178653
94.396947,0.23354346,1.819360557,0.5299893,0.042999573
94.40158567,0.227323136,1.816933555,0.480414292,0.038043925
94.40622434,0.225626684,1.814506552,0.502047023,0.035369449
94.41086301,0.231281524,1.816690854,0.544411121,0.03985313
94.41550168,0.231766224,1.818227956,0.494836113,0.042291623
94.42014035,0.225545901,1.815153753,0.493033385,0.036077398
94.42477902,0.227000003,1.814587452,0.513764752,0.036313381
94.42941769,0.233866593,1.816852654,0.539904302,0.042370284
94.43405636,0.228454104,1.814182952,0.476808837,0.039538485
94.43869503,0.224980417,1.809814347,0.497540204,0.035841415
94.4433337,0.229423505,1.809571647,0.533594755,0.038751875
94.44797237,0.232089358,1.811513249,0.505652478,0.043235556
94.45261104,0.226030602,1.807225544,0.48221702,0.037099992
94.45724971,0.225626684,1.804474941,0.502948387,0.035762754
94.46188838,0.232493275,1.806092943,0.546213848,0.041426351
94.46652705,0.229585072,1.806092943,0.479512928,0.040875724
94.47116572,0.224980417,1.802614239,0.49663884,0.035684093
94.47580439,0.227565487,1.801967039,0.524581117,0.037493298
94.48044306,0.232654842,1.805203042,0.524581117,0.043156895
94.48508173,0.226272952,1.80342324,0.478611565,0.038358569
94.4897204,0.224414933,1.800672637,0.500244295,0.035762754
94.49435907,0.230150556,1.801886139,0.543509757,0.040246435
94.49899774,0.230150556,1.803989541,0.48942793,0.042212962
94.50363641,0.224495717,1.800672637,0.491230657,0.03623472
94.50827508,0.226272952,1.801643438,0.51556748,0.03623472
94.51291375,0.232250925,1.806659244,0.539904302,0.042684928
94.51755242,0.226676869,1.807387344,0.478611565,0.039538485
94.52219109,0.2240918,1.806497443,0.502948387,0.035762754
94.52682976,0.228696454,1.807953645,0.539002938,0.038987858
94.53146843,0.231766224,1.810946948,0.507455206,0.043156895
94.5361071,0.225303551,1.808519946,0.486723839,0.036785348
94.54074577,0.225303551,1.807468245,0.506553842,0.035920076
94.54538444,0.232331708,1.810704248,0.548016576,0.041583673
94.55002311,0.229100372,1.812160449,0.481315656,0.040718402
94.55466178,0.225222767,1.810542448,0.500244295,0.035762754
94.55930045,0.228777238,1.81224135,0.531792028,0.037414636
94.56393912,0.233705026,1.816609954,0.528186573,0.043156895
94.56857779,0.227484703,1.816367254,0.488526566,0.037729281
94.57321646,0.226596086,1.816367254,0.510159297,0.03544811
94.57785513,0.233139542,1.821221259,0.553424758,0.040089113
94.5824938,0.233220326,1.825428064,0.49663884,0.041819657
94.58713247,0.22788862,1.824619063,0.500244295,0.035920076
94.59177114,0.230150556,1.824699963,0.523679754,0.036470704
94.59640981,0.236209312,1.829877568,0.542608393,0.042920912
94.60104848,0.231039174,1.83149557,0.483118383,0.038909197
94.60568715,0.229342722,1.830201169,0.506553842,0.035369449
94.61032582,0.235320695,1.834165273,0.547115212,0.038987858
94.61496449,0.238067331,1.84063728,0.512863388,0.042920912
94.61960316,0.232654842,1.841446281,0.498441568,0.03694267
94.62424183,0.234189727,1.843630583,0.520074299,0.036156059
94.6288805,0.242752769,1.850911591,0.559734305,0.041976979
94.63351917,0.240733184,1.856170096,0.493033385,0.040325096
94.63815784,0.237744197,1.858435299,0.512863388,0.035605432
94.64279651,0.242752769,1.863289304,0.544411121,0.03765062
94.64743518,0.247761341,1.871379312,0.535397483,0.042999573
94.65207385,0.242591203,1.873968115,0.499342932,0.037257314
94.65671252,0.243156686,1.877365919,0.52277839,0.035684093
94.66135119,0.251073462,1.886750329,0.567846579,0.040482418
94.66598986,0.251154245,1.89775274,0.509257933,0.041662335
94.67062853,0.247357424,1.904305647,0.516468843,0.035762754
94.6752672,0.250346411,1.911748455,0.540805665,0.036785348
94.67990587,0.257697702,1.923074467,0.55612885,0.042842251
94.68454454,0.253335397,1.929870074,0.501145659,0.038515892
94.68918321,0.252042863,1.934157779,0.523679754,0.035920076
94.69382188,0.257778485,1.942085987,0.564241124,0.03914518
94.69846055,0.260363555,1.949933296,0.523679754,0.042527606
94.70309922,0.254870282,1.952441198,0.511060661,0.036706687
94.70773789,0.255597333,1.957457004,0.532693391,0.036077398
94.71237656,0.26262549,1.965547012,0.568747943,0.042134301
94.71701523,0.258424753,1.970805518,0.504751114,0.040403757
94.7216539,0.254547149,1.972423519,0.526383845,0.036156059
94.72629257,0.258101619,1.975659523,0.557931577,0.037886603
94.73093124,0.261736873,1.979461827,0.538101574,0.043156895
94.73556991,0.254385582,1.976387624,0.502047023,0.037335975
94.74020858,0.25268913,1.97282802,0.519172935,0.035684093
94.74484725,0.258667103,1.97307072,0.560635669,0.041190368
94.74948592,0.256162817,1.970320117,0.494836113,0.041662335
94.75412459,0.250346411,1.962149209,0.50384975,0.035841415
94.75876326,0.251800512,1.956809803,0.528186573,0.03694267
94.76340193,0.256889868,1.955596302,0.536298847,0.043314217
94.7680406,0.249780927,1.948800694,0.481315656,0.03843723
94.77267927,0.246953507,1.941276986,0.502047023,0.035762754
94.77731794,0.251719729,1.936908382,0.544411121,0.039774469
94.78195661,0.251558162,1.93480498,0.500244295,0.042606267
94.78659528,0.244772355,1.930355475,0.497540204,0.036706687
94.79123395,0.244853138,1.92582507,0.520074299,0.03623472
94.79587262,0.250427194,1.92533967,0.549819303,0.042606267
94.80051129,0.245014705,1.920162064,0.483118383,0.039617147
94.80514996,0.240813967,1.912476556,0.501145659,0.035684093
94.80978863,0.243883737,1.908269751,0.534496119,0.038201247
94.8144273,0.246872724,1.905519149,0.511962024,0.042999573
94.81906597,0.239844566,1.89791454,0.481315656,0.037099992
94.82370464,0.238794382,1.890471733,0.502047023,0.03544811
94.82834331,0.244610788,1.88796383,0.547115212,0.040954385
94.83298198,0.241702585,1.884889627,0.48221702,0.040954385
94.83762065,0.237017147,1.877689519,0.49663884,0.035526771
94.84225932,0.239198299,1.874291715,0.524581117,0.036785348
94.84689799,0.244368438,1.875181616,0.530890664,0.042999573
94.85153666,0.237421064,1.870004011,0.480414292,0.038043925
94.85617533,0.235159128,1.865150006,0.502047023,0.035369449
94.860814,0.2401677,1.864421905,0.544411121,0.039538485
94.86545267,0.240571617,1.864421905,0.494836113,0.041898318
94.87009134,0.234593644,1.860781401,0.493033385,0.036156059
94.87473001,0.234997561,1.858273498,0.51556748,0.035998737
94.87936868,0.241056318,1.8597297,0.543509757,0.042291623
94.88400735,0.236128529,1.856817297,0.478611565,0.039302502
94.88864602,0.232654842,1.85074979,0.498441568,0.035290787
94.89328469,0.23685558,1.848403688,0.533594755,0.038515892
94.89792336,0.238713598,1.848241888,0.506553842,0.042842251
94.90256203,0.232331708,1.842740682,0.48221702,0.036785348
94.9072007,0.231927791,1.839423778,0.502047023,0.035605432
94.91183937,0.238067331,1.84104178,0.545312484,0.041190368
94.91647804,0.234916778,1.84055638,0.477710201,0.040561079
94.92111671,0.230554473,1.836106875,0.493033385,0.035526771
94.92575538,0.233220326,1.834084373,0.521877026,0.03694267
94.93039405,0.237905764,1.835945075,0.52277839,0.042999573
94.93503272,0.231604658,1.832304571,0.474104746,0.038043925
94.93967139,0.229827422,1.828583167,0.49663884,0.035684093
94.94431006,0.234755211,1.829068567,0.540805665,0.040010452
94.94894873,0.234916778,1.828987667,0.487625202,0.041898318
94.9535874,0.228938805,1.825104463,0.488526566,0.035841415
94.95822607,0.229988989,1.823162861,0.512863388,0.036313381
94.96286474,0.236209312,1.825104463,0.538101574,0.042448945
94.96750341,0.23095839,1.823810062,0.475907473,0.038830536
94.97214208,0.227727053,1.820493158,0.498441568,0.035290787
94.97678075,0.232089358,1.820331358,0.536298847,0.03843723
94.98141942,0.234674427,1.82203026,0.504751114,0.04276359
94.98605809,0.22788862,1.818794257,0.484921111,0.036549365
94.99069676,0.227484703,1.816286354,0.50384975,0.035526771
94.99533543,0.23427051,1.817418955,0.544411121,0.04134769
94.9999741,0.230877607,1.815881853,0.476808837,0.040482418
95.00461277,0.226676869,1.811108748,0.492132021,0.035369449
95.00925144,0.229504289,1.809976147,0.520975662,0.037178653
95.01389011,0.233866593,1.811755949,0.516468843,0.042920912
95.01852878,0.227484703,1.808358145,0.475006109,0.03765062
95.02316745,0.226353735,1.805850243,0.495737476,0.035290787
95.02780612,0.232089358,1.807630045,0.541707029,0.040089113
95.03244479,0.231362307,1.809005346,0.485822475,0.041898318
95.03708346,0.225707468,1.805203042,0.490329294,0.035841415
95.04172213,0.227323136,1.805041242,0.513764752,0.036470704
95.0463608,0.233462676,1.809005346,0.535397483,0.042527606
95.05099947,0.227807837,1.808762646,0.475907473,0.038751875
95.05563814,0.225141984,1.806659244,0.499342932,0.035054804
95.06027681,0.230231339,1.809490747,0.540805665,0.038751875
95.06491548,0.232008575,1.814587452,0.507455206,0.042606267
95.06955415,0.225707468,1.814102052,0.493934749,0.036470704
95.07419282,0.225626684,1.814021151,0.512863388,0.035841415
95.07883149,0.232089358,1.818794257,0.551622031,0.041976979
95.08347016,0.228777238,1.820412258,0.483118383,0.040561079
95.08810883,0.224738067,1.817985256,0.501145659,0.035920076
95.0927475,0.228050187,1.817742555,0.531792028,0.03765062
95.09738617,0.232170141,1.820574058,0.520975662,0.042842251
95.10202484,0.225707468,1.818308856,0.48221702,0.037257314
95.10666351,0.225222767,1.816124554,0.50384975,0.03544811
95.11130218,0.23120074,1.818956057,0.547115212,0.040718402
95.11594085,0.229746639,1.820250458,0.487625202,0.041740996
95.12057952,0.224495717,1.816690854,0.495737476,0.035998737
95.12521819,0.226676869,1.815315553,0.520074299,0.036864009
95.12985686,0.232897192,1.818227956,0.535397483,0.042842251
95.13449553,0.226515302,1.817095355,0.479512928,0.038673214
95.1391342,0.223687882,1.814587452,0.501145659,0.035212126
95.14377287,0.228858021,1.815477353,0.541707029,0.039066519
95.14841154,0.230635256,1.817823455,0.499342932,0.042606267
95.15305021,0.2245765,1.813778451,0.486723839,0.036470704
95.15768888,0.224738067,1.811027848,0.506553842,0.035998737
95.16232755,0.231766224,1.81232225,0.542608393,0.041740996
95.16696622,0.227242353,1.810866048,0.476808837,0.039617147
95.17160489,0.223526316,1.807387344,0.498441568,0.035369449
95.17624356,0.226838436,1.805931143,0.530890664,0.037493298
95.18088223,0.230877607,1.807630045,0.51556748,0.04276359
95.1855209,0.2240918,1.804070441,0.481315656,0.036706687
95.19015957,0.223526316,1.800672637,0.501145659,0.035054804
95.19479824,0.229827422,1.802695139,0.547115212,0.040639741
95.19943691,0.228373321,1.805041242,0.487625202,0.041269029
95.20407558,0.223930233,1.80277604,0.501145659,0.03544811
95.20871425,0.226272952,1.80366594,0.527285209,0.036470704
95.21335292,0.232008575,1.807063744,0.536298847,0.04276359
95.21799159,0.225788251,1.805364842,0.48221702,0.038043925
95.22263026,0.223849449,1.802128839,0.501145659,0.035054804
95.22726893,0.229100372,1.802128839,0.540805665,0.038909197
95.2319076,0.229665855,1.804070441,0.494836113,0.042134301
95.23654627,0.224172583,1.800429937,0.487625202,0.035920076
95.24118494,0.224738067,1.799135536,0.510159297,0.035841415
95.24582361,0.231443091,1.80318054,0.542608393,0.042134301
95.25046228,0.226838436,1.80309964,0.475907473,0.039459824
95.25510095,0.223203182,1.799620936,0.495737476,0.035369449
95.25973962,0.227161569,1.799620936,0.529087936,0.037886603
95.26437829,0.231039174,1.80277604,0.508356569,0.042684928
95.26901696,0.224253366,1.800268137,0.479512928,0.036549365
95.27365563,0.2240918,1.799216436,0.500244295,0.03544811
95.2782943,0.230392906,1.802371539,0.543509757,0.040482418
95.28293297,0.228292537,1.804151341,0.477710201,0.040482418
95.28757164,0.223283965,1.801158038,0.491230657,0.034976143
95.29221031,0.226030602,1.800672637,0.517370207,0.036077398
95.29684898,0.231443091,1.804151341,0.52277839,0.042448945
95.30148765,0.225545901,1.80350414,0.473203382,0.03765062
95.30612632,0.223607099,1.801481638,0.49663884,0.034582838
95.31076499,0.229342722,1.804313141,0.539904302,0.038830536
95.31540366,0.229988989,1.808034545,0.491230657,0.041583673
95.32004233,0.223930233,1.806821044,0.488526566,0.035526771
95.324681,0.225061201,1.807144644,0.511060661,0.035526771
95.32931967,0.231927791,1.810785148,0.539002938,0.041819657
95.33395834,0.227000003,1.809167146,0.475006109,0.038830536
95.33859701,0.223526316,1.805203042,0.495737476,0.034976143
95.34323568,0.22813097,1.805203042,0.530890664,0.037886603
95.34787435,0.23047369,1.806659244,0.504751114,0.042606267
95.35251302,0.2240918,1.80293784,0.479512928,0.036549365
95.35715169,0.223930233,1.801158038,0.501145659,0.03544811
95.36179036,0.230796823,1.804394041,0.544411121,0.041111707
95.36642903,0.227565487,1.805283942,0.478611565,0.040797063
95.3710677,0.223122398,1.802452439,0.49663884,0.035526771
95.37570637,0.226434519,1.80350414,0.524581117,0.037178653
95.38034504,0.231362307,1.807872745,0.526383845,0.042842251
95.38498371,0.225303551,1.806901944,0.48221702,0.03765062
95.38962238,0.223849449,1.806497443,0.508356569,0.034976143
95.39426105,0.229746639,1.810542448,0.555227486,0.039459824
95.39889972,0.229665855,1.817014455,0.505652478,0.041740996
95.40353839,0.224495717,1.820735859,0.511060661,0.035762754
95.40817706,0.227242353,1.836754076,0.553424758,0.035841415
95.41281573,0.235886179,1.873159114,0.623731133,0.042134301
95.4174544,0.233462676,1.909240552,0.584972491,0.039066519
95.42209307,0.232816409,1.932054377,0.605703858,0.034976143
95.42673174,0.238794382,1.945969191,0.628237952,0.038201247
95.43137041,0.242510419,1.9537356,0.578662944,0.042842251
95.43600908,0.236290096,1.952602998,0.540805665,0.036706687
95.44064775,0.236290096,1.950095096,0.54891794,0.035684093
95.44528642,0.243075903,1.951065897,0.581367036,0.041426351
95.44992509,0.239682999,1.949690595,0.504751114,0.040561079
95.45456376,0.235078345,1.94491749,0.516468843,0.03544811
95.45920243,0.237824981,1.942733188,0.541707029,0.037335975
95.4638411,0.242591203,1.943946689,0.535397483,0.043156895
95.46847977,0.235805395,1.939011784,0.490329294,0.037571959
95.47311844,0.23402816,1.932782477,0.509257933,0.035290787
95.47775711,0.240329267,1.930274575,0.552523395,0.040089113
95.48239578,0.239521433,1.928009372,0.49663884,0.041662335
95.48703445,0.23354346,1.922022766,0.500244295,0.035526771
95.49167312,0.234674427,1.919110363,0.524581117,0.035841415
95.49631179,0.241056318,1.919272163,0.545312484,0.042291623
95.50095046,0.235482262,1.91611706,0.487625202,0.038515892
95.50558913,0.232735625,1.912314756,0.511060661,0.035133465
95.5102278,0.23734028,1.911748455,0.549819303,0.038201247
95.51486647,0.239036732,1.912557456,0.512863388,0.042291623
95.51950514,0.233139542,1.908269751,0.495737476,0.036313381
95.52414381,0.233058759,1.905600049,0.514666116,0.035684093
95.52878248,0.240086917,1.908107951,0.554326122,0.041662335
95.53342115,0.236290096,1.908674252,0.486723839,0.040246435
95.53805982,0.232574059,1.908512452,0.509257933,0.035369449
95.54269849,0.235966962,1.915631659,0.548016576,0.037335975
95.54733716,0.240813967,1.926714971,0.540805665,0.04276359
95.55197583,0.234108943,1.930274575,0.501145659,0.037571959
95.5566145,0.233220326,1.929465574,0.518271571,0.035605432
95.56125317,0.239279082,1.929870074,0.559734305,0.040403757
95.56589184,0.237986548,1.928980173,0.49663884,0.041426351
95.57053051,0.232574059,1.922831767,0.500244295,0.035998737
95.57516918,0.23427051,1.918220462,0.524581117,0.036313381
95.57980785,0.2401677,1.918382262,0.539904302,0.042606267
95.58444652,0.234432077,1.913932757,0.48221702,0.038594553
95.58908519,0.232170141,1.907622551,0.504751114,0.03544811
95.59372386,0.237501847,1.905195548,0.545312484,0.039381163
95.59836253,0.239602216,1.904952848,0.506553842,0.04276359
95.6030012,0.233462676,1.899289842,0.494836113,0.036313381
95.60763987,0.234432077,1.895487538,0.514666116,0.035920076
95.61227854,0.241217884,1.896377439,0.550720667,0.042134301
95.61691721,0.237259497,1.893869536,0.484019747,0.040089113
95.62155588,0.234593644,1.888853731,0.504751114,0.03544811
95.62619455,0.239117515,1.887073929,0.536298847,0.037807942
95.63083322,0.243560604,1.88853013,0.520975662,0.043235556
95.63547189,0.236370879,1.883837926,0.486723839,0.037493298
95.64011056,0.235078345,1.87898392,0.507455206,0.035684093
95.64474923,0.241541018,1.881410923,0.552523395,0.040875724
95.6493879,0.239763783,1.883433425,0.492132021,0.04134769
95.65402657,0.234593644,1.882219924,0.502948387,0.035762754
95.65866524,0.237178713,1.884080626,0.5299893,0.036628026
95.66330391,0.242671986,1.890552633,0.543509757,0.042842251
95.66794258,0.236532446,1.891604334,0.490329294,0.038515892
95.67258125,0.233866593,1.889581832,0.511962024,0.03544811
95.67721992,0.239359866,1.891118933,0.551622031,0.039302502
95.68185859,0.239763783,1.892089734,0.507455206,0.042448945
95.68649726,0.233462676,1.88853013,0.497540204,0.036156059
95.69113593,0.233866593,1.885455927,0.516468843,0.035841415
95.6957746,0.240329267,1.885779528,0.547115212,0.042134301
95.70041327,0.234916778,1.880763722,0.479512928,0.039617147
95.70505194,0.230877607,1.873320914,0.498441568,0.035526771
95.70969061,0.234997561,1.868466909,0.531792028,0.037729281
95.71432928,0.237905764,1.867496108,0.510159297,0.042527606
95.71896795,0.231362307,1.861185901,0.479512928,0.036628026
95.72360662,0.23071604,1.854956595,0.499342932,0.035369449
95.72824529,0.23685558,1.853338593,0.543509757,0.040797063
95.73288396,0.23427051,1.85018349,0.478611565,0.040718402
95.73752263,0.229342722,1.843468783,0.492132021,0.03544811
95.7421613,0.231281524,1.839181078,0.518271571,0.036470704
95.74679997,0.236290096,1.838857478,0.524581117,0.04276359
95.75143864,0.230150556,1.834003473,0.474104746,0.037729281
95.75607731,0.227727053,1.827774166,0.494836113,0.035369449
95.76071598,0.233381893,1.825832564,0.53720021,0.039223841
95.76535465,0.23354346,1.824942663,0.488526566,0.042212962
95.76999332,0.227080786,1.819117857,0.484019747,0.035998737
95.77463199,0.227969404,1.815800953,0.506553842,0.035998737
95.77927066,0.234593644,1.816690854,0.535397483,0.042527606
95.78390933,0.229181155,1.814021151,0.471400654,0.039695808
95.788548,0.225707468,1.809895247,0.493934749,0.035605432
95.79318667,0.229988989,1.808519946,0.530890664,0.03843723
95.79782534,0.233139542,1.809248046,0.504751114,0.042920912
95.80246401,0.226434519,1.805445742,0.479512928,0.036706687
95.80710268,0.226111385,1.802128839,0.502047023,0.035605432
95.81174135,0.232977976,1.804070441,0.547115212,0.04134769
95.81638002,0.230231339,1.804394041,0.480414292,0.04134769
95.82101869,0.225465118,1.801319838,0.49663884,0.035605432
95.82565736,0.228454104,1.800349037,0.525482481,0.037021331
95.83029603,0.23354346,1.80309964,0.527285209,0.042999573
95.8349347,0.227242353,1.801805239,0.48221702,0.037729281
95.83957337,0.225788251,1.800510837,0.506553842,0.035369449
95.84421204,0.231362307,1.802533339,0.550720667,0.039617147
95.84885071,0.231362307,1.804555841,0.49663884,0.041898318
95.85348938,0.225707468,1.801158038,0.495737476,0.035998737
95.85812805,0.226919219,1.799459136,0.516468843,0.036156059
95.86276672,0.233139542,1.802209739,0.539904302,0.042448945
95.86740539,0.227727053,1.800510837,0.476808837,0.039066519
95.87204406,0.224738067,1.797355734,0.498441568,0.03544811
95.87668273,0.229504289,1.797598434,0.535397483,0.038279908
95.8813214,0.232331708,1.799378236,0.50384975,0.042448945
95.88596007,0.226030602,1.796223133,0.48221702,0.036549365
95.89059874,0.225465118,1.794362431,0.50384975,0.035526771
95.89523741,0.232654842,1.797436634,0.546213848,0.041819657
95.89987608,0.229261938,1.797598434,0.479512928,0.040875724
95.90451475,0.225061201,1.794686031,0.49663884,0.03544811
95.90915342,0.228454104,1.794928731,0.526383845,0.037414636
95.91379209,0.233220326,1.798569235,0.523679754,0.042920912
95.91843076,0.227080786,1.797032133,0.481315656,0.037729281
95.92306943,0.225384334,1.795737732,0.50384975,0.035762754
95.9277081,0.231281524,1.798811935,0.54891794,0.040010452
95.93234677,0.230877607,1.800025437,0.493033385,0.041976979
95.93698544,0.225141984,1.796384933,0.495737476,0.035841415
95.94162411,0.226596086,1.795090531,0.518271571,0.036392043
95.94626278,0.232816409,1.798407435,0.53720021,0.042842251
95.95090145,0.227565487,1.797436634,0.477710201,0.038673214
95.95554012,0.224899634,1.794847831,0.500244295,0.035290787
95.96017879,0.229342722,1.795414132,0.539002938,0.038673214
95.96481746,0.231523874,1.797760234,0.502948387,0.042606267
95.96945613,0.225303551,1.795090531,0.486723839,0.036628026
95.9740948,0.225303551,1.792663529,0.505652478,0.035605432
95.97873347,0.231604658,1.796304033,0.545312484,0.041505012
95.98337214,0.228292537,1.796465833,0.477710201,0.040167774
95.98801081,0.224172583,1.79339163,0.495737476,0.035290787
95.99264948,0.22788862,1.79387703,0.527285209,0.037178653
95.99728815,0.232412492,1.796870333,0.518271571,0.042842251
96.00192682,0.225788251,1.794362431,0.480414292,0.037257314
96.00656549,0.2245765,1.791369127,0.501145659,0.035290787
96.01120416,0.230635256,1.79379613,0.546213848,0.040089113
96.01584283,0.229504289,1.794443331,0.486723839,0.041426351
96.0204815,0.2245765,1.791450028,0.494836113,0.035605432
96.02512017,0.226192168,1.791207327,0.519172935,0.03623472
96.02975884,0.231927791,1.794443331,0.534496119,0.04276359
96.03439751,0.226192168,1.79363433,0.478611565,0.038515892
96.03903618,0.223768666,1.791530928,0.502047023,0.035369449
96.04367485,0.229019588,1.79411973,0.544411121,0.038909197
96.04831352,0.230392906,1.798407435,0.506553842,0.042370284
96.05295219,0.224172583,1.798245635,0.49663884,0.036077398
96.05759086,0.224980417,1.799135536,0.516468843,0.035526771
96.06222953,0.231281524,1.803908641,0.552523395,0.041819657
96.0668682,0.22764627,1.806173843,0.485822475,0.039695808
96.07150687,0.224011016,1.803908641,0.504751114,0.035290787
96.07614554,0.227565487,1.804232241,0.534496119,0.037493298
96.08078421,0.231523874,1.806901944,0.517370207,0.042527606
96.08542288,0.225384334,1.804151341,0.48221702,0.037099992
96.09006155,0.224414933,1.801562538,0.502948387,0.03544811
96.09470022,0.231039174,1.80301874,0.547115212,0.040718402
96.09933889,0.229261938,1.80366594,0.484921111,0.041426351
96.10397756,0.2240918,1.800268137,0.494836113,0.035841415
96.10861623,0.226596086,1.799378236,0.521877026,0.036628026
96.1132549,0.231847008,1.80358504,0.532693391,0.042606267
96.11789357,0.226353735,1.801967039,0.479512928,0.038122586
96.12253224,0.224172583,1.799135536,0.502047023,0.035133465
96.12717091,0.229423505,1.801481638,0.544411121,0.039302502
96.13180958,0.230392906,1.804636742,0.501145659,0.042606267
96.13644825,0.224253366,1.802047939,0.495737476,0.036706687
96.14108692,0.224899634,1.801967039,0.519172935,0.037257314
96.14572559,0.231927791,1.807225544,0.552523395,0.043786184
96.15036426,0.228050187,1.810623348,0.48942793,0.041269029
96.15500293,0.225222767,1.812160449,0.514666116,0.037099992
96.1596416,0.229504289,1.818956057,0.552523395,0.039381163
96.16428027,0.23354346,1.827369666,0.534496119,0.044651455
96.16891894,0.227484703,1.829473068,0.50384975,0.038673214
96.17355761,0.227000003,1.829149468,0.520074299,0.037493298
96.17819628,0.233220326,1.832223671,0.559734305,0.042291623
96.18283495,0.231362307,1.833032672,0.492132021,0.042684928
96.18747362,0.226676869,1.829149468,0.50384975,0.037021331
96.19211229,0.229181155,1.828744967,0.529087936,0.038201247
96.19675096,0.23427051,1.83165737,0.535397483,0.044494133
96.20138963,0.228211754,1.829796668,0.484921111,0.039223841
96.2060283,0.226192168,1.826156164,0.506553842,0.036470704
96.21066697,0.231927791,1.827531466,0.548016576,0.040718402
96.21530564,0.232331708,1.829796668,0.500244295,0.043314217
96.21994431,0.226515302,1.826641565,0.49663884,0.037099992
96.22458298,0.227161569,1.825670764,0.519172935,0.03694267
96.22922165,0.23402816,1.83117197,0.550720667,0.043235556
96.23386032,0.229423505,1.833760772,0.491230657,0.040561079
96.23849899,0.226272952,1.833194472,0.513764752,0.036392043
96.24313766,0.230312123,1.834407973,0.547115212,0.039302502
96.24777633,0.233462676,1.836834976,0.518271571,0.043943506
96.252415,0.227242353,1.833194472,0.488526566,0.037807942
96.25705367,0.226919219,1.830848369,0.508356569,0.036706687
96.26169234,0.233705026,1.832223671,0.54891794,0.042134301
96.26633101,0.230392906,1.83109107,0.481315656,0.041740996
96.27096968,0.226353735,1.826317965,0.495737476,0.03623472
96.27560835,0.229585072,1.823971862,0.524581117,0.038043925
96.28024702,0.234916778,1.826317965,0.526383845,0.043864845
96.28488569,0.228858021,1.823243761,0.479512928,0.03843723
96.28952436,0.227000003,1.819279657,0.501145659,0.036156059
96.29416303,0.232574059,1.819117857,0.545312484,0.040797063
96.2988017,0.232331708,1.818632456,0.493033385,0.04276359
96.30344037,0.226192168,1.814587452,0.491230657,0.036392043
96.30807904,0.22740392,1.81224135,0.514666116,0.036785348
96.31271771,0.23354346,1.814263852,0.538101574,0.043392878
96.31735638,0.228292537,1.81240315,0.476808837,0.039931791
96.32199505,0.225141984,1.808762646,0.498441568,0.03623472
96.32663372,0.229342722,1.809005346,0.53720021,0.039381163
96.33127239,0.232170141,1.810704248,0.506553842,0.043471539
96.33591106,0.225707468,1.807306444,0.485822475,0.037493298
96.34054973,0.225869035,1.804232241,0.505652478,0.036156059
96.3451884,0.232654842,1.806335643,0.548016576,0.042212962
96.34982707,0.229423505,1.806254743,0.481315656,0.040954385
96.35446574,0.224980417,1.802452439,0.498441568,0.035920076
96.35910441,0.228292537,1.802371539,0.529087936,0.037335975
96.36374308,0.23354346,1.805607543,0.526383845,0.043392878
96.36838175,0.227080786,1.80342324,0.48221702,0.038201247
96.37302042,0.225788251,1.801643438,0.505652478,0.035762754
96.37765909,0.231847008,1.804960342,0.549819303,0.040403757
96.38229776,0.231039174,1.807063744,0.493934749,0.042134301
96.38693643,0.225788251,1.804798542,0.49663884,0.035998737
96.3915751,0.227565487,1.804313141,0.519172935,0.036628026
96.39621377,0.233301109,1.809248046,0.539904302,0.042999573
96.40085244,0.227969404,1.809571647,0.479512928,0.038909197
96.40549111,0.225141984,1.807387344,0.502047023,0.035290787
96.41012978,0.230312123,1.809167146,0.539904302,0.038987858
96.41476845,0.232412492,1.811189648,0.504751114,0.042684928
96.41940712,0.226515302,1.808196345,0.488526566,0.036785348
96.42404579,0.226757652,1.805688443,0.507455206,0.035841415
96.42868446,0.233462676,1.807791845,0.545312484,0.041898318
96.43332313,0.229827422,1.807953645,0.477710201,0.040403757
96.4379618,0.225869035,1.804717642,0.49663884,0.035684093
96.44260047,0.229261938,1.804798542,0.528186573,0.037335975
96.44723914,0.23354346,1.807306444,0.519172935,0.043235556
96.45187781,0.227080786,1.804474941,0.480414292,0.037729281
96.45651648,0.226192168,1.800915338,0.501145659,0.035762754
96.46115515,0.232735625,1.80358504,0.546213848,0.040561079
96.46579382,0.231847008,1.806254743,0.487625202,0.041740996
96.47043249,0.226757652,1.804394041,0.49663884,0.035762754
96.47507116,0.228696454,1.804232241,0.520975662,0.03694267
96.47970983,0.234432077,1.808358145,0.53720021,0.043078234
96.4843485,0.228454104,1.807630045,0.479512928,0.038515892
96.48898717,0.226030602,1.804879442,0.502047023,0.035212126
96.49362584,0.230877607,1.806335643,0.542608393,0.038830536
96.49826451,0.232250925,1.808762646,0.502047023,0.042291623
96.50290318,0.226272952,1.806092943,0.488526566,0.03623472
96.50754185,0.226757652,1.804313141,0.509257933,0.035920076
96.51218052,0.23354346,1.806901944,0.544411121,0.04205564
96.51681919,0.229908206,1.805931143,0.476808837,0.040167774
96.52145786,0.226030602,1.801724338,0.494836113,0.035526771
96.52609653,0.229423505,1.800349037,0.527285209,0.037807942
96.5307352,0.233381893,1.801562538,0.512863388,0.043156895
96.53537387,0.227080786,1.797841134,0.476808837,0.037335975
96.54001254,0.226192168,1.794443331,0.498441568,0.035841415
96.54465121,0.232897192,1.795495032,0.541707029,0.040718402
96.54928988,0.231443091,1.795090531,0.480414292,0.04134769
96.55392855,0.226192168,1.791369127,0.491230657,0.035526771
96.55856722,0.228211754,1.790155626,0.520074299,0.036392043
96.56320589,0.23402816,1.79347253,0.531792028,0.04276359
96.56784456,0.228373321,1.792825329,0.478611565,0.038201247
96.57248323,0.225788251,1.789832026,0.502047023,0.035133465
96.5771219,0.230796823,1.791369127,0.544411121,0.03914518
96.58176057,0.231927791,1.79371523,0.500244295,0.04205564
96.58639924,0.225545901,1.791369127,0.493033385,0.035920076
96.59103791,0.226192168,1.790398326,0.514666116,0.035841415
96.59567658,0.232412492,1.79420063,0.54891794,0.041819657
96.60031525,0.228454104,1.798973736,0.485822475,0.039617147
96.60495392,0.225141984,1.804232241,0.507455206,0.035290787
96.60959259,0.229827422,1.811432349,0.540805665,0.037807942
96.61423126,0.233301109,1.818066156,0.528186573,0.042920912
96.61886993,0.227565487,1.818551556,0.504751114,0.036785348
96.6235086,0.227161569,1.817418955,0.520975662,0.035290787
96.62814727,0.233866593,1.819845958,0.559734305,0.040875724
96.63278594,0.231685441,1.818551556,0.491230657,0.041190368
96.63742461,0.227242353,1.813293051,0.502047023,0.035762754
96.64206328,0.229181155,1.811351449,0.527285209,0.036864009
96.64670195,0.234674427,1.814102052,0.532693391,0.043156895
96.65134062,0.228534888,1.810623348,0.481315656,0.038358569
96.65597929,0.226272952,1.806982844,0.505652478,0.035369449
96.66061796,0.231766224,1.807468245,0.548016576,0.039695808
96.66525663,0.232089358,1.808519946,0.500244295,0.042212962
96.6698953,0.226030602,1.804555841,0.497540204,0.036392043
96.67453397,0.227161569,1.80309964,0.520975662,0.03623472
96.67917264,0.233947377,1.806092943,0.549819303,0.042842251
96.68381131,0.228777238,1.804070441,0.484921111,0.040167774
96.68844998,0.225626684,1.800025437,0.505652478,0.036313381
96.69308865,0.230069773,1.799459136,0.541707029,0.03914518
96.69772732,0.233058759,1.802452439,0.518271571,0.044179489
96.70236599,0.226838436,1.800429937,0.494836113,0.038751875
96.70700466,0.22740392,1.798731035,0.516468843,0.038043925
96.71164333,0.234351294,1.800106337,0.559734305,0.044415472
96.716282,0.232250925,1.799863636,0.493033385,0.045831371
96.72092067,0.228292537,1.794766931,0.508356569,0.042134301
96.72555934,0.231927791,1.792420829,0.535397483,0.045516727
96.73019801,0.237663414,1.79355343,0.538101574,0.053304174
96.73483668,0.232008575,1.789265725,0.491230657,0.050157731
96.73947535,0.23095839,1.785139821,0.511962024,0.049135137
96.74411402,0.23709793,1.786110622,0.553424758,0.054248106
96.74875269,0.236694013,1.787000523,0.499342932,0.056843922
96.75339136,0.230877607,1.78400722,0.498441568,0.050629697
96.75803003,0.232089358,1.78441172,0.523679754,0.050944341
96.7626687,0.238228898,1.789265725,0.548016576,0.056922583
96.76730737,0.232816409,1.789751126,0.484921111,0.053225513
96.77194604,0.229585072,1.786676922,0.504751114,0.049056476
96.77658471,0.23402816,1.786676922,0.541707029,0.051809613
96.78122338,0.236047746,1.788133124,0.508356569,0.055899989
96.78586205,0.229504289,1.78473532,0.486723839,0.049528442
96.79050072,0.229181155,1.781984717,0.506553842,0.048033882
96.79513939,0.236290096,1.783440919,0.546213848,0.053933462
96.79977806,0.233058759,1.782955519,0.477710201,0.052438902
96.80441673,0.228534888,1.778020613,0.494836113,0.047011288
96.8090554,0.231443091,1.777049812,0.523679754,0.048427187
96.81369407,0.236047746,1.778991414,0.518271571,0.054012123
96.81833274,0.229504289,1.776321711,0.475006109,0.047876559
96.82297141,0.227969404,1.772762108,0.494836113,0.045044761
96.82761008,0.23402816,1.77454191,0.539904302,0.049685764
96.83224875,0.232897192,1.775917211,0.483118383,0.051023002
96.83688742,0.227323136,1.772438507,0.48942793,0.044572794
96.84152609,0.228777238,1.771791307,0.513764752,0.044651455
96.84616476,0.234755211,1.776321711,0.535397483,0.05086568
96.85080343,0.229019588,1.775998111,0.476808837,0.046775304
96.8554421,0.226111385,1.774056509,0.500244295,0.042920912
96.86008077,0.230554473,1.77535091,0.539904302,0.045674049
96.86471944,0.232654842,1.778425114,0.505652478,0.049607103
96.86935811,0.226353735,1.776564412,0.48942793,0.043392878
96.87399678,0.227000003,1.776807112,0.511060661,0.04205564
96.87863545,0.23354346,1.782874618,0.551622031,0.047955221
96.88327412,0.229988989,1.786434222,0.486723839,0.046381999
96.88791279,0.225949818,1.787566823,0.509257933,0.041426351
96.89255146,0.229585072,1.792987129,0.543509757,0.043235556
96.89719013,0.234593644,1.802614239,0.539904302,0.048427187
96.9018288,0.228858021,1.807953645,0.506553842,0.042527606
96.90646747,0.228211754,1.814506552,0.532693391,0.040167774
96.91110614,0.235563045,1.827693266,0.583169763,0.045044761
96.91574481,0.235966962,1.849778989,0.544411121,0.046303338
96.92038348,0.236532446,1.909968653,0.657081593,0.039931791
96.92502215,0.248649959,2.018536568,0.825636621,0.040954385
96.92966082,0.263029408,2.135275392,0.913068907,0.047247271
96.93429949,0.261979223,2.213101275,0.841861169,0.042999573
96.93893816,0.261332956,2.24659391,0.797694343,0.039774469
96.94357683,0.265937611,2.25533112,0.767047975,0.043314217
96.9482155,0.267230145,2.251933316,0.672404778,0.046775304
96.95285417,0.260444338,2.2372095,0.617421587,0.040482418
96.95749284,0.259878854,2.220624983,0.60390113,0.039617147
96.96213151,0.266018394,2.207761869,0.614717496,0.045516727
96.96677018,0.260525122,2.190772851,0.529087936,0.043786184
96.97140885,0.255193416,2.171599531,0.536298847,0.038987858
96.97604752,0.257940052,2.156309415,0.561537032,0.041111707
96.98068619,0.260848255,2.143931701,0.539904302,0.046146016
96.98532486,0.25317383,2.126457283,0.499342932,0.040089113
96.98996353,0.251396595,2.110115466,0.514666116,0.038515892
96.9946022,0.256566734,2.098708553,0.555227486,0.0435502
96.99924087,0.253820098,2.08633084,0.48942793,0.044179489
97.00387954,0.247922908,2.070878924,0.497540204,0.038358569
97.00851821,0.249134659,2.05769221,0.520975662,0.039302502
97.01315688,0.253981665,2.0487932,0.531792028,0.045438066
97.01779555,0.247115074,2.036091887,0.476808837,0.040875724
97.02243422,0.243802954,2.022419772,0.500244295,0.037807942
97.02707289,0.248730742,2.014410664,0.541707029,0.041740996
97.03171156,0.249134659,2.007776857,0.497540204,0.044651455
97.03635023,0.242510419,1.996208145,0.490329294,0.038358569
97.0409889,0.242591203,1.986985535,0.512863388,0.037965264
97.04562757,0.248811526,1.98253603,0.546213848,0.044179489
97.05026624,0.24372217,1.975416823,0.481315656,0.041662335
97.05490491,0.239763783,1.965466112,0.50384975,0.037178653
97.05954358,0.24347982,1.960126706,0.539002938,0.039381163
97.06418225,0.246711157,1.957457004,0.520975662,0.044415472
97.06882092,0.239279082,1.949933296,0.491230657,0.038673214
97.07345959,0.237986548,1.942247787,0.511060661,0.037178653
97.07809826,0.244287654,1.939011784,0.554326122,0.042291623
97.08273693,0.241783368,1.934724079,0.490329294,0.042291623
97.0873756,0.236370879,1.927281272,0.502948387,0.037021331
97.09201427,0.238794382,1.923074467,0.531792028,0.038358569
97.09665294,0.243964521,1.922184566,0.536298847,0.044336811
97.10129161,0.237501847,1.91611706,0.484921111,0.039381163
97.10593028,0.235805395,1.910130453,0.506553842,0.036706687
97.11056895,0.241298668,1.907703451,0.549819303,0.040875724
97.11520762,0.241621801,1.908188851,0.502948387,0.043471539
97.11984629,0.235401478,1.905276448,0.501145659,0.037178653
97.12448496,0.236451663,1.905600049,0.526383845,0.037099992
97.12912363,0.243075903,1.910777654,0.55612885,0.043471539
97.1337623,0.238390465,1.910615854,0.493934749,0.040561079
97.13840097,0.235239911,1.907460751,0.512863388,0.036470704
97.14303964,0.239198299,1.90705625,0.548016576,0.039381163
97.14767831,0.241864152,1.907541651,0.52277839,0.043864845
97.15231698,0.234997561,1.902202245,0.495737476,0.037886603
97.15695565,0.234351294,1.89710554,0.512863388,0.036313381
97.16159432,0.240733184,1.89718644,0.555227486,0.042212962
97.16623299,0.238067331,1.895406638,0.488526566,0.042134301
97.17087166,0.233139542,1.889662732,0.50384975,0.036470704
97.17551033,0.236047746,1.88836833,0.535397483,0.038122586
97.180149,0.241298668,1.891927934,0.544411121,0.044022167
97.18478767,0.234755211,1.890229032,0.502047023,0.038830536
97.18942634,0.232977976,1.887235729,0.521877026,0.03623472
97.19406501,0.238632815,1.88796383,0.562438396,0.040639741
97.19870368,0.238632815,1.888611031,0.508356569,0.042842251
97.20334235,0.232897192,1.884889627,0.508356569,0.036549365
97.20798102,0.234432077,1.883918826,0.532693391,0.037178653
97.21261969,0.241056318,1.88820653,0.557030214,0.043156895
97.21725836,0.235805395,1.886264928,0.491230657,0.039931791
97.22189703,0.232170141,1.880278322,0.511060661,0.03623472
97.2265357,0.236694013,1.877608619,0.546213848,0.039066519
97.23117437,0.239036732,1.876637818,0.514666116,0.043707522
97.23581304,0.232250925,1.870732112,0.491230657,0.037178653
97.24045171,0.232008575,1.866363507,0.510159297,0.036313381
97.24509038,0.238471248,1.866687107,0.551622031,0.042291623
97.24972905,0.234916778,1.864260105,0.483118383,0.041111707
97.25436772,0.230312123,1.858920699,0.500244295,0.036156059
97.25900639,0.233462676,1.856493697,0.5299893,0.038043925
97.26364506,0.238309681,1.856493697,0.525482481,0.043628861
97.26828373,0.231766224,1.851396991,0.481315656,0.038122586
97.2729224,0.230392906,1.846219386,0.502948387,0.035920076
97.27756107,0.235966962,1.845410385,0.545312484,0.040718402
97.28219974,0.234997561,1.844277784,0.488526566,0.042134301
97.28683841,0.229261938,1.838695678,0.491230657,0.03623472
97.29147708,0.230877607,1.835459674,0.514666116,0.037099992
97.29611575,0.23709793,1.835945075,0.535397483,0.043078234
97.30075442,0.231362307,1.833356272,0.476808837,0.039695808
97.30539309,0.228454104,1.828825867,0.500244295,0.035605432
97.31003176,0.233139542,1.828664067,0.539904302,0.039066519
97.31467043,0.235482262,1.830362969,0.506553842,0.043314217
97.3193091,0.228615671,1.826156164,0.490329294,0.037021331
97.32394777,0.228777238,1.823567362,0.511060661,0.03623472
97.32858644,0.235239911,1.825347163,0.550720667,0.04205564
97.33322511,0.231523874,1.825347163,0.48221702,0.040639741
97.33786378,0.227565487,1.821463959,0.502047023,0.035841415
97.34250245,0.230554473,1.820897659,0.533594755,0.038201247
97.34714112,0.234835994,1.823324661,0.524581117,0.043628861
97.35177979,0.228454104,1.821221259,0.484019747,0.038043925
97.35641846,0.227242353,1.819117857,0.505652478,0.035920076
97.36105713,0.233462676,1.821221259,0.54891794,0.040954385
97.3656958,0.232816409,1.822677461,0.490329294,0.041898318
97.37033447,0.227565487,1.819845958,0.498441568,0.036077398
97.37497314,0.229181155,1.818713356,0.52277839,0.036864009
97.37961181,0.235482262,1.82251566,0.539002938,0.043235556
97.38425048,0.229908206,1.821140359,0.480414292,0.03914518
97.38888915,0.227727053,1.818956057,0.502948387,0.035762754
97.39352782,0.232331708,1.820088658,0.543509757,0.039617147
97.39816649,0.234108943,1.823810062,0.505652478,0.042920912
97.40280516,0.227484703,1.822758361,0.494836113,0.036785348
97.40744383,0.22788862,1.822920161,0.518271571,0.036313381
97.4120825,0.234593644,1.826641565,0.554326122,0.042291623
97.41672117,0.230150556,1.827369666,0.486723839,0.040718402
97.42135984,0.226676869,1.825266263,0.506553842,0.036077398
97.42599851,0.230635256,1.826317965,0.539002938,0.03843723
97.43063718,0.234755211,1.83165737,0.525482481,0.043786184
97.43527585,0.228373321,1.830929269,0.490329294,0.038043925
97.43991452,0.227484703,1.830686569,0.511962024,0.036392043
97.44455319,0.233624243,1.835216974,0.557931577,0.041426351
97.44919186,0.232170141,1.839019278,0.497540204,0.041976979
97.45383053,0.22740392,1.839019278,0.507455206,0.036077398
97.4584692,0.229988989,1.839747379,0.532693391,0.037493298
97.46310787,0.236128529,1.844682284,0.545312484,0.043392878
97.46774654,0.230231339,1.845410385,0.490329294,0.038830536
97.47238521,0.227807837,1.845086784,0.511962024,0.035684093
97.47702388,0.233139542,1.847675587,0.552523395,0.039381163
97.48166255,0.234351294,1.850992491,0.508356569,0.04276359
97.48630122,0.228292537,1.849455389,0.499342932,0.03694267
97.49093989,0.229261938,1.85034529,0.520975662,0.036470704
97.49557856,0.235724612,1.855361095,0.554326122,0.042370284
97.50021723,0.231685441,1.857464498,0.48942793,0.040010452
97.5048559,0.228373321,1.857707198,0.510159297,0.035920076
97.50949457,0.232574059,1.862237603,0.545312484,0.038201247
97.51413324,0.236936363,1.868305109,0.526383845,0.043471539
97.51877191,0.229746639,1.866363507,0.494836113,0.037493298
97.52341058,0.229665855,1.865473606,0.513764752,0.035920076
97.52804925,0.236209312,1.868224209,0.557030214,0.041426351
97.53268792,0.233947377,1.868062409,0.491230657,0.041583673
97.53732659,0.229100372,1.862884803,0.502948387,0.035998737
97.54196526,0.231281524,1.861509502,0.529087936,0.037335975
97.54660393,0.23709793,1.863532004,0.535397483,0.043078234
97.5512426,0.230312123,1.861833102,0.484921111,0.038358569
97.55588127,0.228615671,1.8593252,0.508356569,0.035605432
97.56051994,0.233947377,1.8599724,0.549819303,0.039931791
97.56515861,0.234512861,1.861833102,0.502047023,0.042527606
97.56979728,0.228858021,1.859487,0.498441568,0.036549365
97.57443595,0.229585072,1.859001599,0.523679754,0.036313381
97.57907462,0.236128529,1.863289304,0.553424758,0.042684928
97.58371329,0.231362307,1.864907305,0.490329294,0.039774469
97.58835196,0.228050187,1.865554506,0.513764752,0.035684093
97.59299063,0.232331708,1.871217512,0.551622031,0.038279908
97.5976293,0.235886179,1.879145721,0.529087936,0.043314217
97.60226797,0.229342722,1.880440122,0.502948387,0.036785348
97.60690664,0.229181155,1.881410923,0.52277839,0.035841415
97.61154531,0.235643828,1.884808727,0.56333976,0.041583673
97.61618398,0.232816409,1.885213227,0.494836113,0.040954385
97.62082265,0.229100372,1.881168223,0.508356569,0.035605432
97.62546132,0.231604658,1.879712021,0.535397483,0.037257314
97.63009999,0.23685558,1.881734523,0.536298847,0.043392878
97.63473866,0.230635256,1.87841762,0.487625202,0.038122586
97.63937733,0.229261938,1.873968115,0.508356569,0.035762754
97.644016,0.234997561,1.874453516,0.549819303,0.03985313
97.64865467,0.235159128,1.873320914,0.498441568,0.042212962
97.65329334,0.229665855,1.868224209,0.495737476,0.036392043
97.65793201,0.23071604,1.864341005,0.517370207,0.03623472
97.66257068,0.23685558,1.864583705,0.541707029,0.042684928
97.66720935,0.231523874,1.860862301,0.479512928,0.039381163
97.67184802,0.228858021,1.855684696,0.501145659,0.035212126
97.67648669,0.233301109,1.854875695,0.538101574,0.038043925
97.68112536,0.235966962,1.855361095,0.507455206,0.042684928
97.68576403,0.229585072,1.85058799,0.486723839,0.036549365
97.6904027,0.229342722,1.846057585,0.506553842,0.035369449
97.69504137,0.235966962,1.847028386,0.548016576,0.041426351
97.69968004,0.233058759,1.845491285,0.481315656,0.040325096
97.70431871,0.228534888,1.84055638,0.500244295,0.035762754
97.70895738,0.232008575,1.838938378,0.530890664,0.03765062
97.71359605,0.236774796,1.841931681,0.528186573,0.043786184
97.71823472,0.23047369,1.838452977,0.484921111,0.038279908
97.72287339,0.229261938,1.834974274,0.506553842,0.035762754
97.72751206,0.235239911,1.835136074,0.54891794,0.040010452
97.73215073,0.234512861,1.835459674,0.491230657,0.041976979
97.7367894,0.228938805,1.830848369,0.494836113,0.036156059
97.74142807,0.230312123,1.828097766,0.518271571,0.036706687
97.74606674,0.236694013,1.829796668,0.539904302,0.042920912
97.75070541,0.231523874,1.827774166,0.479512928,0.03914518
97.75534408,0.22813097,1.824295462,0.502948387,0.035762754
97.75998275,0.232897192,1.823890962,0.540805665,0.038987858
97.76462142,0.235239911,1.825589864,0.507455206,0.043156895
97.76926009,0.228534888,1.82227296,0.490329294,0.037021331
97.77389876,0.229019588,1.820897659,0.511962024,0.036077398
97.77853743,0.235563045,1.823648262,0.551622031,0.041898318
97.7831761,0.231685441,1.823405561,0.484921111,0.040639741
97.78781477,0.22764627,1.820412258,0.50384975,0.035920076
97.79245344,0.231281524,1.82186846,0.536298847,0.038043925
97.79709211,0.236128529,1.825994364,0.5299893,0.043471539
97.80173078,0.229504289,1.826075264,0.493033385,0.037729281
97.80636945,0.228454104,1.826722465,0.51556748,0.035841415
97.81100812,0.234674427,1.83165737,0.561537032,0.040639741
97.81564679,0.233705026,1.834974274,0.502948387,0.041976979
97.82028546,0.228696454,1.833598972,0.508356569,0.03623472
97.82492413,0.23071604,1.835055174,0.533594755,0.036706687
97.8295628,0.236451663,1.839747379,0.550720667,0.042842251
97.83420147,0.230796823,1.840232779,0.492132021,0.038909197
97.83884014,0.228454104,1.841527181,0.517370207,0.035684093
97.84347881,0.232977976,1.849293589,0.561537032,0.039223841
97.84811748,0.234755211,1.860700501,0.529087936,0.042920912
97.85275615,0.228696454,1.86919501,0.52277839,0.036785348
97.85739482,0.229181155,1.876880518,0.545312484,0.036077398
97.86203349,0.235805395,1.883837926,0.576860217,0.041976979
97.86667216,0.231766224,1.884242426,0.50384975,0.040246435
97.87131083,0.227727053,1.880925522,0.519172935,0.035684093
97.8759495,0.23120074,1.880197422,0.54891794,0.037965264
97.88058817,0.235078345,1.882462624,0.534496119,0.043314217
97.88522684,0.228938805,1.882948025,0.501145659,0.037807942
97.88986551,0.228696454,1.884566026,0.523679754,0.036077398
97.89450418,0.234916778,1.887559329,0.566945215,0.041269029
97.89914285,0.23354346,1.88812563,0.502948387,0.041819657
97.90378152,0.228615671,1.883837926,0.509257933,0.036077398
97.90842019,0.230392906,1.881168223,0.531792028,0.037021331
97.91305886,0.235966962,1.882058124,0.542608393,0.042920912
97.91769753,0.229585072,1.877932219,0.490329294,0.038751875
97.9223362,0.22764627,1.873320914,0.513764752,0.035841415
97.92697487,0.232977976,1.872997314,0.554326122,0.039223841
97.93161354,0.234351294,1.873644515,0.509257933,0.042684928
97.93625221,0.228050187,1.868709609,0.498441568,0.03623472
97.94089088,0.228858021,1.865554506,0.519172935,0.036077398
97.94552955,0.235320695,1.867253408,0.551622031,0.042291623
97.95016822,0.231119957,1.866444407,0.484921111,0.03985313
97.95480689,0.227969404,1.862480303,0.506553842,0.035605432
97.95944556,0.231685441,1.862480303,0.539904302,0.038043925
97.96408423,0.235643828,1.864341005,0.521877026,0.042999573
97.9687229,0.229019588,1.861752202,0.491230657,0.037021331
97.97336157,0.22788862,1.8595679,0.511962024,0.035526771
97.97800024,0.235078345,1.862803903,0.55612885,0.041033046
97.98263891,0.233381893,1.865473606,0.493033385,0.041583673
97.98727758,0.229342722,1.863936504,0.508356569,0.036470704
97.99191625,0.232977976,1.864826405,0.536298847,0.038201247
97.99655492,0.238632815,1.86903321,0.542608393,0.044179489
98.00119359,0.232574059,1.866687107,0.488526566,0.039538485
98.00583226,0.230069773,1.862399403,0.509257933,0.036785348
98.01047093,0.235805395,1.862642103,0.554326122,0.040561079
98.0151096,0.235966962,1.863936504,0.511060661,0.043471539
98.01974827,0.229746639,1.8600533,0.506553842,0.037335975
98.02438694,0.230554473,1.857140897,0.525482481,0.037178653
98.02902561,0.23685558,1.859001599,0.551622031,0.043235556
98.03366428,0.232089358,1.856736397,0.485822475,0.040561079
98.03830295,0.229342722,1.852367792,0.506553842,0.03623472
98.04294162,0.232977976,1.85058799,0.539904302,0.038830536
98.04758029,0.235966962,1.851882392,0.514666116,0.043628861
98.05221896,0.229665855,1.847918287,0.488526566,0.037571959
98.05685763,0.229181155,1.843306983,0.507455206,0.03623472
98.0614963,0.235805395,1.844035083,0.550720667,0.041740996
98.06613497,0.233220326,1.842740682,0.484019747,0.041111707
98.07077364,0.228777238,1.837158576,0.499342932,0.035998737
98.07541231,0.231685441,1.835621474,0.527285209,0.037493298
98.08005098,0.236936363,1.837482176,0.529087936,0.043392878
98.08468965,0.230231339,1.834569773,0.483118383,0.038515892
98.08932832,0.228938805,1.832142771,0.505652478,0.036156059
98.09396699,0.235239911,1.832789971,0.54891794,0.040246435
98.09860566,0.235320695,1.833275372,0.49663884,0.042448945
98.10324433,0.229827422,1.828502267,0.493934749,0.036077398
98.107883,0.231281524,1.826156164,0.516468843,0.036392043
98.11252167,0.238228898,1.828097766,0.542608393,0.042999573
98.11716034,0.233705026,1.826237064,0.480414292,0.039223841
98.12179901,0.231927791,1.82186846,0.502948387,0.035605432
98.12643768,0.23734028,1.82194936,0.540805665,0.038673214
98.13107635,0.241298668,1.825104463,0.512863388,0.04276359
98.13571502,0.236370879,1.82194936,0.493033385,0.036706687
98.14035369,0.23685558,1.819360557,0.512863388,0.035998737
98.14499236,0.244933922,1.823324661,0.557030214,0.041426351
98.14963103,0.242752769,1.824780863,0.48942793,0.040797063
98.1542697,0.239440649,1.82178756,0.504751114,0.035841415
98.15890837,0.243399037,1.820574058,0.532693391,0.037178653
98.16354704,0.248084475,1.823243761,0.528186573,0.043392878
98.16818571,0.241864152,1.819926858,0.483118383,0.03765062
98.17282438,0.240894751,1.817014455,0.50384975,0.035526771
98.17746305,0.24606489,1.817580755,0.546213848,0.040403757
98.18210172,0.245014705,1.818794257,0.490329294,0.041662335
98.18674039,0.239279082,1.814425652,0.493934749,0.035920076
98.19137906,0.240329267,1.812079549,0.518271571,0.036313381
98.19601773,0.24606489,1.814506552,0.538101574,0.042999573
98.2006564,0.240086917,1.81264585,0.477710201,0.039381163
98.20529507,0.237178713,1.809248046,0.501145659,0.035526771
98.20993374,0.241541018,1.810057047,0.539002938,0.038673214
98.21457241,0.243156686,1.81240315,0.506553842,0.043156895
98.21921108,0.236128529,1.810137947,0.48942793,0.037335975
98.22384975,0.236128529,1.808681746,0.510159297,0.036628026
98.22848842,0.242025719,1.811675049,0.549819303,0.042370284
98.23312709,0.238067331,1.813697551,0.48221702,0.041111707
98.23776576,0.233866593,1.812079549,0.501145659,0.036392043
98.24240443,0.237017147,1.813293051,0.532693391,0.038279908
98.2470431,0.241298668,1.818147056,0.524581117,0.043864845
98.25168177,0.234674427,1.817095355,0.484019747,0.038122586
98.25632044,0.233381893,1.816448154,0.506553842,0.036313381
98.26095911,0.239198299,1.820735859,0.551622031,0.041111707
98.26559778,0.238228898,1.825670764,0.495737476,0.042134301
98.27023645,0.232412492,1.825428064,0.502047023,0.036628026
98.27487512,0.234432077,1.829149468,0.527285209,0.037021331
98.27951379,0.240329267,1.836349575,0.545312484,0.0435502
98.28415246,0.234351294,1.838614778,0.488526566,0.039302502
98.28879113,0.231685441,1.839909179,0.511962024,0.035762754
98.2934298,0.236694013,1.845895785,0.550720667,0.039538485
98.29806847,0.238067331,1.851963292,0.511962024,0.043235556
98.30270714,0.231604658,1.852448692,0.498441568,0.036628026
98.30734581,0.232089358,1.854875695,0.520074299,0.035998737
98.31198448,0.238632815,1.860781401,0.55612885,0.042291623
98.31662315,0.234755211,1.862561203,0.48942793,0.040325096
98.32126182,0.23071604,1.860376901,0.509257933,0.035762754
98.32590049,0.234108943,1.860943201,0.540805665,0.037886603
98.33053916,0.237824981,1.863451104,0.527285209,0.043314217
98.33517783,0.231604658,1.860781401,0.48942793,0.03765062
98.3398165,0.230635256,1.857464498,0.510159297,0.035762754
98.34445517,0.236694013,1.858597099,0.552523395,0.040875724
98.34909384,0.234916778,1.859163399,0.490329294,0.041740996
98.35373251,0.229423505,1.854309394,0.498441568,0.035998737
98.35837118,0.231523874,1.852691392,0.523679754,0.037178653
98.36300985,0.236936363,1.854552094,0.535397483,0.043156895
98.36764852,0.230877607,1.851235191,0.479512928,0.038594553
98.37228719,0.228696454,1.846542986,0.501145659,0.035605432
98.37692586,0.23378581,1.845653085,0.541707029,0.038987858
98.38156453,0.234593644,1.845895785,0.498441568,0.042606267
98.3862032,0.228696454,1.84079908,0.488526566,0.036156059
98.39084187,0.229261938,1.837563076,0.510159297,0.035841415
98.39548054,0.235643828,1.839019278,0.544411121,0.041819657
98.40011921,0.231119957,1.837077676,0.479512928,0.039617147
98.40475788,0.227323136,1.833679872,0.501145659,0.03544811
98.40939655,0.231443091,1.833356272,0.535397483,0.038122586
98.41403522,0.234916778,1.835540574,0.517370207,0.043156895
98.41867389,0.228615671,1.832870871,0.486723839,0.037178653
98.42331256,0.228211754,1.830605669,0.506553842,0.035290787
98.42795123,0.234512861,1.832223671,0.549819303,0.040718402
98.4325899,0.232574059,1.832628171,0.484921111,0.041269029
98.43722857,0.227565487,1.828664067,0.49663884,0.035212126
98.44186724,0.230069773,1.827207865,0.52277839,0.036549365
98.44650591,0.235320695,1.829634868,0.5299893,0.042999573
98.45114458,0.229342722,1.826156164,0.477710201,0.038279908
98.45578325,0.22764627,1.82211116,0.500244295,0.035290787
98.46042192,0.232574059,1.82203026,0.542608393,0.039538485
98.46506059,0.233381893,1.823324661,0.495737476,0.042291623
98.46969926,0.22740392,1.819845958,0.491230657,0.035998737
98.47433793,0.228211754,1.818470656,0.511962024,0.035841415
98.4789766,0.234997561,1.821463959,0.543509757,0.042134301
98.48361527,0.230312123,1.824214562,0.486723839,0.039223841
98.48825394,0.227323136,1.833356272,0.5299893,0.035212126
98.49289261,0.231523874,1.844358684,0.573254762,0.037807942
98.49753128,0.234916778,1.852125092,0.546213848,0.042684928
98.50216995,0.228050187,1.85042619,0.510159297,0.036470704
98.50680862,0.227565487,1.847190187,0.52277839,0.035133465
98.51144729,0.23427051,1.847918287,0.559734305,0.040639741
98.51608596,0.231685441,1.846623886,0.48942793,0.040561079
98.52072463,0.227242353,1.84136538,0.501145659,0.035212126
98.5253633,0.230231339,1.839990079,0.528186573,0.036785348
98.53000197,0.235320695,1.842740682,0.529087936,0.042684928
98.53464064,0.229504289,1.84104178,0.481315656,0.037493298
98.53927931,0.227969404,1.839019278,0.50384975,0.034897482
98.54391798,0.233462676,1.84104178,0.548016576,0.039223841
98.54855665,0.233705026,1.843306983,0.49663884,0.041898318
98.55319532,0.228050187,1.840394579,0.493934749,0.035762754
98.55783399,0.229342722,1.839585579,0.517370207,0.035998737
98.56247266,0.235805395,1.844115983,0.545312484,0.042606267
98.56711133,0.230877607,1.844358684,0.483118383,0.039066519
98.57175,0.22764627,1.84104178,0.505652478,0.035133465
98.57638867,0.232331708,1.84087998,0.541707029,0.038043925
98.58102734,0.234512861,1.843711483,0.511962024,0.042370284
98.58566601,0.228373321,1.84104178,0.490329294,0.03623472
98.59030468,0.228050187,1.839181078,0.509257933,0.035212126
98.59494335,0.234997561,1.84096088,0.551622031,0.041190368
98.59958202,0.232170141,1.841608081,0.483118383,0.040797063
98.60422069,0.228292537,1.838129377,0.500244295,0.035526771
98.60885936,0.23095839,1.837482176,0.5299893,0.036785348
98.61349803,0.235805395,1.839909179,0.528186573,0.04276359
98.6181367,0.229423505,1.836511375,0.481315656,0.037729281
98.62277537,0.228050187,1.833032672,0.50384975,0.035133465
98.62741404,0.23378581,1.833194472,0.546213848,0.03985313
98.63205271,0.233301109,1.832547271,0.490329294,0.041583673
98.63669138,0.227484703,1.828097766,0.493934749,0.035762754
98.64133005,0.228615671,1.826075264,0.520074299,0.036077398
98.64596872,0.235239911,1.828016866,0.542608393,0.042291623
98.65060739,0.229665855,1.826803365,0.483118383,0.038594553
98.65524606,0.227242353,1.822758361,0.505652478,0.035133465
98.65988473,0.231766224,1.82203026,0.543509757,0.038201247
98.6645234,0.233947377,1.822839261,0.508356569,0.042291623
98.66916207,0.227484703,1.819279657,0.48942793,0.036077398
98.67380074,0.227484703,1.816609954,0.510159297,0.035369449
98.67843941,0.23402816,1.817823455,0.54891794,0.04134769
98.68307808,0.230554473,1.816609954,0.480414292,0.040089113
98.68771675,0.226192168,1.81288855,0.498441568,0.034897482
98.69235542,0.229504289,1.81232225,0.5299893,0.036706687
98.69699409,0.23402816,1.814911052,0.523679754,0.042527606
98.70163276,0.227323136,1.81272675,0.483118383,0.037178653
98.70627143,0.226111385,1.811513249,0.505652478,0.034976143
98.7109101,0.232089358,1.814021151,0.549819303,0.03985313
98.71554877,0.231119957,1.817176255,0.493033385,0.041505012
98.72018744,0.225222767,1.815396453,0.500244295,0.035526771
98.72482611,0.227000003,1.817095355,0.5299893,0.036313381
98.72946478,0.233301109,1.823567362,0.549819303,0.042448945
98.73410345,0.227727053,1.825994364,0.493033385,0.03843723
98.73874212,0.225222767,1.828097766,0.518271571,0.035290787
98.74338079,0.230069773,1.835297874,0.560635669,0.038909197
98.74801946,0.231604658,1.843711483,0.524581117,0.042212962
98.75265813,0.225465118,1.849212689,0.520074299,0.036156059
98.7572968,0.225949818,1.860862301,0.55612885,0.035369449
98.76193547,0.233058759,1.882543524,0.612013404,0.041819657
98.76657414,0.229423505,1.903415746,0.559734305,0.039695808
98.77121281,0.226111385,1.914660858,0.581367036,0.035369449
98.77585148,0.229665855,1.924692469,0.609309313,0.037178653
98.78049015,0.233947377,1.933348778,0.586775218,0.042842251
98.78512882,0.22740392,1.932135277,0.539904302,0.037257314
98.78976749,0.227000003,1.930679075,0.555227486,0.035369449
98.79440616,0.232897192,1.93504768,0.594887492,0.040403757
98.79904483,0.231766224,1.938202783,0.5299893,0.041426351
98.8036835,0.227242353,1.93545218,0.533594755,0.03544811
98.80832217,0.229019588,1.932620677,0.550720667,0.036392043
98.81296084,0.234755211,1.932458877,0.557030214,0.042527606
98.81759951,0.229100372,1.927200372,0.497540204,0.038201247
98.82223818,0.227080786,1.920809265,0.516468843,0.035133465
98.82687685,0.232574059,1.917815962,0.555227486,0.039223841
98.83151552,0.233947377,1.915631659,0.510159297,0.042370284
98.83615419,0.22740392,1.907622551,0.497540204,0.03623472
98.84079286,0.22813097,1.902121345,0.51556748,0.035841415
98.84543153,0.235078345,1.901069644,0.548016576,0.04205564
98.8500702,0.230796823,1.896134739,0.480414292,0.039695808
98.85470887,0.226919219,1.88828743,0.499342932,0.035133465
98.85934754,0.23095839,1.883837926,0.533594755,0.037493298
98.86398621,0.234997561,1.882462624,0.514666116,0.04276359
98.86862488,0.228292537,1.876395118,0.48221702,0.036864009
98.87326355,0.22740392,1.870570311,0.502047023,0.035212126
98.87790222,0.23354346,1.870165811,0.547115212,0.040403757
98.88254089,0.231604658,1.868305109,0.48221702,0.040875724
98.88717956,0.226272952,1.862318503,0.493934749,0.03544811
98.89181823,0.229100372,1.859001599,0.521877026,0.036628026
98.8964569,0.234593644,1.8598106,0.531792028,0.042684928
98.90109557,0.228454104,1.856655497,0.478611565,0.037965264
98.90573424,0.226596086,1.851720591,0.500244295,0.035212126
98.91037291,0.231685441,1.85058799,0.543509757,0.039381163
98.91501158,0.232816409,1.850992491,0.49663884,0.042134301
98.91965025,0.227000003,1.846219386,0.490329294,0.035998737
98.92428892,0.227807837,1.842659782,0.511962024,0.035920076
98.92892759,0.233866593,1.844115983,0.545312484,0.041976979
98.93356626,0.229423505,1.842902482,0.480414292,0.039381163
98.93820493,0.226111385,1.838614778,0.501145659,0.035290787
98.9428436,0.230150556,1.838776578,0.536298847,0.038043925
98.94748227,0.233139542,1.840394579,0.512863388,0.042527606
98.95212094,0.226676869,1.836511375,0.484921111,0.036549365
98.95675961,0.226353735,1.833679872,0.505652478,0.03544811
98.96139828,0.233139542,1.834974274,0.54891794,0.040718402