#Digilent WaveForms Oscilloscope Acquisition,,,,
#Device Name: Discovery3,,,,
#Serial Number: SN:210415BB0163,,,,
#Device Plus: Discovery3,,,,
#Serial Plus: SN:210415BB0594,,,,
#Date Time: 2025-03-28 15:22:50.741.216.600,,,,
#Sample rate: 215.579Hz,,,,
#Samples: 12153,,,,
#Trigger: Source: Channel 1 Type: Edge Condition: Rising Level: 0 V Hyst.: Auto HoldOff: 0 s,,,,
#Channel 1: Range: 500 mV/div Offset: -1.5 V Sample Mode: Average,,,,
#Channel 2: Range: 500 mV/div Offset: -2.25 V Sample Mode: Average,,,,
#Channel 3: Range: 1 V/div Offset: 1 V Sample Mode: Average,,,,
#Channel 4: Range: 200 mV/div Offset: -820 mV Sample Mode: Average,,,,
,,,,
#,,,,
#Time (s),Channel 1 (V),Channel 2 (V),Channel 3 (V),Channel 4 (V)
40.97338461,0.412155599,2.449491325,0.399291552,0.189309172
40.97802328,0.277004939,2.485572764,0.694037508,0.067384506
40.98266195,0.28411388,2.505716885,0.748119335,0.071160238
40.98730062,0.285164064,2.52925881,0.709360693,0.073677392
40.99193929,0.281448027,2.552396235,0.726486605,0.067463167
40.99657796,0.285083281,2.585160769,0.771554794,0.068564422
41.00121663,0.29332319,2.617682604,0.804905254,0.075565258
41.0058553,0.289930286,2.639687427,0.740908425,0.073205426
41.01049397,0.287991484,2.653764042,0.759837064,0.069587016
41.01513264,0.29356554,2.662258551,0.784173887,0.073126764
41.01977131,0.296312176,2.664281053,0.735500242,0.078161073
41.02440998,0.289849503,2.655220244,0.694037508,0.071474882
41.02904865,0.289364802,2.644379632,0.698544327,0.069744338
41.03368732,0.295181208,2.637988525,0.729190696,0.075171952
41.03832599,0.291545955,2.629332216,0.653476138,0.074306681
41.04296466,0.287102866,2.618734305,0.666095231,0.068721744
41.04760333,0.289445586,2.615417401,0.694037508,0.070058983
41.052242,0.294050241,2.616064602,0.691333417,0.075329275
41.05688067,0.287426,2.610239796,0.647166592,0.069744338
41.06151934,0.285729548,2.603363289,0.667897959,0.067069862
41.06615801,0.291222821,2.600208185,0.709360693,0.07131756
41.07079668,0.29025342,2.597781183,0.652574774,0.073048103
41.07543535,0.284033097,2.591956377,0.65618023,0.066833878
41.08007402,0.285406415,2.588801273,0.681418415,0.066676556
41.08471269,0.291465171,2.592846278,0.709360693,0.072733459
41.08935136,0.286214249,2.596729482,0.655278866,0.068643083
41.09399003,0.283144479,2.601987987,0.684122507,0.064631368
41.0986287,0.287829917,2.6139612,0.729190696,0.067620489
41.10326737,0.289768719,2.632163719,0.703051146,0.071396221
41.10790604,0.283548396,2.653925842,0.701248419,0.064946013
41.11254471,0.28411388,2.702304094,0.758935701,0.063766097
41.11718338,0.292596139,2.791941389,0.868000718,0.06990166
41.12182205,0.292919273,2.913696018,0.882422539,0.068643083
41.12646072,0.291303604,3.048637361,0.958137096,0.063372791
41.13109939,0.296231393,3.173708894,1.020331197,0.065103335
41.13573806,0.301967016,3.259948385,0.9779671,0.070688271
41.14037673,0.295827476,3.291094918,0.877014356,0.064631368
41.1450154,0.294454158,3.291337618,0.84456526,0.062507519
41.14965407,0.300674481,3.279930706,0.846367988,0.067541828
41.15429274,0.298816462,3.262537188,0.759837064,0.068643083
41.15893141,0.294292591,3.243202067,0.761639792,0.062428858
41.16357008,0.296069826,3.223866947,0.775160249,0.063215469
41.16820875,0.3025325,3.204774527,0.778765704,0.069429694
41.17284742,0.296069826,3.178643799,0.701248419,0.064788691
41.17748609,0.292596139,3.148872567,0.705755238,0.061406264
41.18212476,0.297362361,3.121690138,0.732796151,0.064946013
41.18676343,0.298089411,3.097339213,0.684122507,0.068328439
41.1914021,0.290980471,3.068376982,0.66339114,0.061956892
41.19604077,0.290818904,3.041437253,0.678714324,0.061327603
41.20067944,0.29663531,3.020484131,0.712064784,0.067227184
41.20531811,0.292111438,2.998317508,0.642659773,0.065181996
41.20995678,0.287506784,2.973885682,0.658884321,0.060147687
41.21459545,0.290980471,2.95333706,0.687727962,0.06258618
41.21923412,0.294373374,2.935943541,0.673306141,0.068013795
41.22387279,0.287506784,2.913696018,0.635448863,0.062271536
41.22851146,0.285648765,2.892176595,0.65618023,0.060226348
41.23315013,0.291465171,2.874783077,0.700347055,0.065103335
41.2377888,0.289284019,2.858117659,0.639054318,0.066047268
41.24242747,0.283629179,2.838620738,0.650772047,0.060305009
41.24706614,0.285487198,2.823896923,0.678714324,0.060698315
41.25170481,0.290980471,2.815483314,0.697642964,0.066991201
41.25634348,0.28459858,2.8027011,0.646265228,0.062743503
41.26098215,0.282578995,2.79339759,0.676911597,0.059282415
41.26562082,0.287102866,2.794449291,0.732796151,0.063058147
41.27025949,0.288476185,2.801083098,0.707557965,0.066440573
41.27489816,0.281932728,2.806260704,0.715670239,0.060305009
41.27953683,0.282255861,2.810952909,0.742711153,0.059518399
41.2841755,0.288880102,2.810143908,0.765245247,0.065968607
41.28881417,0.284194663,2.800112297,0.684122507,0.063451452
41.29345284,0.280640193,2.784660381,0.693136145,0.059203754
41.29809151,0.284517797,2.771473667,0.715670239,0.061484925
41.30273018,0.287991484,2.759500454,0.687727962,0.066676556
41.30736885,0.281690377,2.741459735,0.647166592,0.060698315
41.31200752,0.280478626,2.724389817,0.662489776,0.058810449
41.31664619,0.286860516,2.714277306,0.705755238,0.064238063
41.32128486,0.285002498,2.705540097,0.643561137,0.064631368
41.32592353,0.280155492,2.694942186,0.660687048,0.05888911
41.3305622,0.282821345,2.686204977,0.685925234,0.059911704
41.33520087,0.288718535,2.678357668,0.690432053,0.066440573
41.33983954,0.282982912,2.665251854,0.633646135,0.061484925
41.34447821,0.28080176,2.65141794,0.653476138,0.058653127
41.34911688,0.286214249,2.641062729,0.693136145,0.06258618
41.35375555,0.286860516,2.631192918,0.643561137,0.065339318
41.35839422,0.280478626,2.616469103,0.635448863,0.058967771
41.36303289,0.281205677,2.603767789,0.65618023,0.058967771
41.36767156,0.287345217,2.596891282,0.687727962,0.065260657
41.37231023,0.282902129,2.586940571,0.621928406,0.062664841
41.3769489,0.279670792,2.574401058,0.643561137,0.058338482
41.38158757,0.283952313,2.565906549,0.679615688,0.060776976
41.38622624,0.28766835,2.559919943,0.657982957,0.06549664
41.39086491,0.281932728,2.549888332,0.633646135,0.05959706
41.39550358,0.282094294,2.541232023,0.657081593,0.058417143
41.40014225,0.290576553,2.537429719,0.704853874,0.063766097
41.40478092,0.290980471,2.532980214,0.643561137,0.063451452
41.40941959,0.291707521,2.525537406,0.667897959,0.058102499
41.41405826,0.303097983,2.5196317,0.709360693,0.059361076
41.41869693,0.317962133,2.517366497,0.721078422,0.065575301
41.4233356,0.319416234,2.50992369,0.676911597,0.06038367
41.42797427,0.325798124,2.502480882,0.70395251,0.057866516
41.43261294,0.341308541,2.498840378,0.749922063,0.062192875
41.43725161,0.352456653,2.494795374,0.70395251,0.064788691
41.44189028,0.356495824,2.486867165,0.703051146,0.058810449
41.44652895,0.362958497,2.480961459,0.717472967,0.059125093
41.45116762,0.371440756,2.479909758,0.732796151,0.065653962
41.45580629,0.36562435,2.475783853,0.659785685,0.062350197
41.46044496,0.361504396,2.469311846,0.674207505,0.058338482
41.46508363,0.363685548,2.468098345,0.707557965,0.061406264
41.4697223,0.364089465,2.469069146,0.678714324,0.065811284
41.47436097,0.354880155,2.465266842,0.653476138,0.059754382
41.47899964,0.351648818,2.462516239,0.671503414,0.058731788
41.48363831,0.355364856,2.465509542,0.71116342,0.064631368
41.48827698,0.349548449,2.466803944,0.643561137,0.063766097
41.49291565,0.342762642,2.466318543,0.660687048,0.059125093
41.49755432,0.342762642,2.468664646,0.690432053,0.06038367
41.50219299,0.345186145,2.474327652,0.689530689,0.066361912
41.50683166,0.336380752,2.476107454,0.645363864,0.060540992
41.51147033,0.332907065,2.477320955,0.667897959,0.058338482
41.516109,0.336461536,2.485168263,0.713867512,0.062900825
41.52074767,0.333472549,2.494148173,0.662489776,0.064867352
41.52538634,0.325798124,2.499811179,0.669700686,0.058810449
41.53002501,0.325636557,2.51008549,0.699445691,0.059125093
41.53466368,0.329837295,2.527074508,0.727387968,0.06549664
41.53930235,0.322566787,2.542445524,0.671503414,0.061878231
41.54394102,0.317881349,2.560243543,0.702149782,0.058338482
41.54857969,0.320951119,2.584998969,0.747217972,0.061327603
41.55321836,0.32167817,2.610806097,0.717472967,0.065339318
41.55785703,0.314003745,2.628118715,0.698544327,0.059439737
41.5624957,0.31271121,2.646806635,0.721979786,0.058495805
41.56713437,0.318042916,2.673180063,0.767047975,0.064867352
41.57177304,0.313599828,2.695912987,0.698544327,0.06329413
41.57641171,0.308187339,2.710879503,0.712064784,0.058417143
41.58105038,0.309560657,2.722771815,0.733697515,0.060147687
41.58568905,0.313680611,2.733288826,0.723782513,0.065653962
41.59032772,0.305925403,2.737900131,0.679615688,0.060462331
41.59496639,0.303582684,2.742835037,0.701248419,0.058102499
41.59960506,0.308591256,2.747446341,0.740908425,0.063136808
41.60424373,0.307137154,2.748659843,0.67781296,0.064710029
41.6088824,0.300916831,2.743563137,0.67781296,0.058810449
41.61352107,0.301805449,2.738466432,0.697642964,0.059361076
41.61815974,0.307217938,2.736039429,0.712966148,0.065811284
41.62279841,0.300674481,2.728434821,0.650772047,0.062035553
41.62743708,0.297685494,2.71824141,0.67060205,0.058495805
41.63207575,0.301967016,2.709180601,0.704853874,0.062035553
41.63671442,0.3025325,2.700443392,0.661588412,0.065968607
41.64135309,0.295181208,2.685800476,0.641758409,0.059361076
41.64599176,0.294696508,2.67083396,0.658884321,0.058731788
41.65063043,0.300351347,2.66080235,0.693136145,0.064867352
41.6552691,0.295585125,2.647858336,0.62282977,0.062822164
41.65990777,0.290899687,2.63248732,0.642659773,0.058102499
41.66454644,0.293403973,2.621404008,0.673306141,0.060540992
41.66918511,0.296958444,2.6137185,0.660687048,0.065653962
41.67382378,0.289526369,2.601017186,0.621928406,0.059911704
41.67846245,0.287829917,2.587992272,0.641758409,0.058338482
41.68310112,0.293484757,2.580468564,0.685925234,0.063058147
41.68773979,0.291303604,2.572540356,0.623731133,0.064159402
41.69237846,0.285971899,2.561376144,0.631843407,0.058259821
41.69701713,0.287506784,2.552558035,0.657081593,0.058967771
41.7016558,0.292676922,2.547299529,0.669700686,0.065653962
41.70629447,0.286456599,2.537429719,0.615618859,0.061012959
41.71093314,0.283790746,2.526670007,0.639054318,0.057630533
41.71557181,0.287991484,2.521087901,0.679615688,0.061248942
41.72021048,0.288395401,2.516961997,0.63725159,0.064788691
41.72484915,0.282094294,2.509195589,0.631843407,0.058731788
41.72948782,0.282336645,2.503451683,0.655278866,0.058259821
41.73412649,0.288556968,2.502966282,0.690432053,0.064474046
41.73876516,0.283548396,2.499083078,0.623731133,0.061878231
41.74340383,0.279751575,2.492530171,0.646265228,0.057630533
41.7480425,0.283548396,2.488970567,0.680517052,0.059754382
41.75268117,0.286698949,2.487918866,0.662489776,0.064946013
41.75731984,0.280074709,2.481527759,0.629139316,0.059046432
41.76195851,0.279024525,2.475136653,0.648067956,0.057551872
41.76659718,0.285083281,2.47287145,0.692234781,0.062900825
41.77123585,0.282902129,2.469311846,0.627336589,0.063136808
41.77587452,0.277247289,2.461949939,0.638152954,0.057630533
41.78051319,0.279670792,2.458147635,0.664292504,0.058574466
41.78515186,0.284921714,2.458471235,0.675108869,0.064788691
41.78979053,0.278459041,2.454426231,0.621928406,0.060226348
41.7944292,0.276358672,2.448358724,0.645363864,0.057473211
41.79906787,0.281771161,2.447792424,0.688629326,0.061720909
41.80370654,0.282094294,2.446983423,0.643561137,0.064238063
41.80834521,0.275954755,2.441967617,0.639955681,0.05818116
41.81298388,0.276520239,2.439297915,0.661588412,0.058023838
41.81762255,0.282902129,2.440673216,0.694037508,0.064395385
41.82226122,0.278378257,2.438408014,0.628237952,0.061720909
41.82689989,0.275066137,2.434282109,0.649870683,0.057394549
41.83153856,0.278782174,2.433068608,0.685023871,0.060226348
41.83617723,0.281851944,2.43476751,0.661588412,0.064946013
41.8408159,0.275470054,2.431612406,0.635448863,0.058967771
41.84545457,0.275066137,2.429347204,0.657081593,0.057473211
41.85009324,0.28128646,2.431693307,0.703051146,0.062900825
41.85473191,0.278620607,2.432987708,0.639054318,0.06258618
41.85937058,0.274015953,2.432340507,0.657982957,0.057315888
41.86400925,0.276601022,2.437032712,0.694037508,0.058653127
41.86864792,0.282255861,2.447064323,0.706656601,0.064788691
41.87328659,0.276358672,2.451756528,0.659785685,0.059754382
41.87792526,0.275066137,2.45418353,0.683221143,0.057315888
41.88256393,0.28080176,2.460251037,0.726486605,0.061484925
41.8872026,0.280963327,2.465914043,0.675108869,0.06400208
41.89184127,0.275066137,2.467936545,0.675108869,0.057787855
41.89647994,0.276358672,2.470929848,0.6967416,0.057787855
41.90111861,0.283386829,2.477968156,0.725585241,0.064474046
41.90575728,0.27797434,2.483145761,0.666996595,0.061170281
41.91039595,0.275066137,2.486381765,0.693136145,0.057315888
41.91503462,0.279590008,2.494633573,0.739105697,0.060226348
41.91967329,0.282417428,2.507415787,0.718374331,0.064474046
41.92431196,0.275954755,2.516719297,0.699445691,0.05818116
41.92895063,0.275793188,2.525861006,0.721979786,0.057237227
41.9335893,0.282578995,2.540423022,0.767047975,0.062900825
41.93822797,0.280074709,2.556603039,0.704853874,0.062271536
41.94286664,0.276035538,2.568576252,0.728289332,0.057001244
41.94750531,0.279186091,2.583623668,0.758034337,0.058731788
41.95214398,0.284517797,2.605547591,0.756231609,0.064788691
41.95678265,0.278459041,2.628361415,0.719275694,0.059518399
41.96142132,0.277247289,2.674555364,0.776061613,0.056922583
41.96605999,0.285648765,2.756264451,0.878817084,0.061720909
41.97069866,0.287506784,2.854800755,0.868902082,0.063844758
41.97533733,0.283225262,2.937399743,0.886929358,0.057945177
41.979976,0.285164064,2.987719596,0.883323903,0.058102499
41.98461467,0.291222821,3.006973817,0.860789808,0.064159402
41.98925334,0.285891115,3.00090631,0.757132973,0.060462331
41.99389201,0.282821345,2.983593692,0.747217972,0.057079905
41.99853068,0.286779733,2.965310273,0.762541156,0.06038367
42.00316935,0.288799318,2.947431354,0.71116342,0.064631368
42.00780802,0.282417428,2.924617529,0.67781296,0.058731788
42.01244669,0.282255861,2.904716108,0.687727962,0.057787855
42.01708536,0.289284019,2.888778791,0.721078422,0.063766097
42.02172403,0.285406415,2.871466173,0.647166592,0.062350197
42.0263627,0.281124893,2.850270351,0.659785685,0.057709194
42.03100137,0.284517797,2.831906031,0.685925234,0.059282415
42.03564004,0.288637751,2.816696815,0.676911597,0.065181996
42.04027871,0.282013511,2.797280794,0.632744771,0.05959706
42.04491738,0.28080176,2.778673775,0.657982957,0.057551872
42.04955605,0.287022083,2.765972461,0.70395251,0.062192875
42.05419472,0.286456599,2.752866647,0.645363864,0.063687435
42.05883339,0.280478626,2.735877629,0.648067956,0.057787855
42.06347206,0.282094294,2.721801014,0.669700686,0.058653127
42.06811073,0.28766835,2.712740205,0.687727962,0.065024674
42.0727494,0.282255861,2.700200691,0.628237952,0.060934298
42.07738807,0.279832359,2.687580278,0.651673411,0.057237227
42.08202674,0.284437014,2.679247569,0.690432053,0.060698315
42.08666541,0.286295032,2.671562061,0.652574774,0.064552707
42.09130408,0.279832359,2.657728146,0.635448863,0.05818116
42.09594275,0.280074709,2.645026833,0.655278866,0.057630533
42.10058142,0.286214249,2.636208723,0.690432053,0.063766097
42.10522009,0.282255861,2.624397311,0.621027042,0.062428858
42.10985876,0.27797434,2.609997096,0.639955681,0.057630533
42.11449743,0.281609594,2.599560985,0.671503414,0.059439737
42.1191361,0.285325631,2.591794576,0.659785685,0.064946013
42.12377477,0.278378257,2.579174163,0.62282977,0.059203754
42.12841344,0.277570423,2.567686351,0.643561137,0.057473211
42.13305211,0.283063696,2.560162643,0.686826598,0.062507519
42.13769078,0.281690377,2.552558035,0.626435225,0.063608774
42.14232945,0.276277888,2.541070223,0.635448863,0.057787855
42.14696812,0.27797434,2.532656614,0.657982957,0.058653127
42.15160679,0.283386829,2.528045309,0.672404778,0.064552707
42.15624546,0.277247289,2.518741799,0.616520223,0.06038367
42.16088413,0.274823787,2.51008549,0.639054318,0.057315888
42.1655228,0.279913142,2.504179783,0.678714324,0.060776976
42.17016147,0.28080176,2.499244878,0.63725159,0.064395385
42.17480014,0.274339086,2.489698668,0.626435225,0.057945177
42.17943881,0.274823787,2.48193226,0.645363864,0.057630533
42.18407748,0.28128646,2.478777157,0.682319779,0.063923419
42.18871615,0.276439455,2.47287145,0.615618859,0.061878231
42.19335482,0.273127335,2.465347742,0.63725159,0.057158566
42.19799349,0.276601022,2.461302738,0.671503414,0.059675721
42.20263216,0.279993926,2.459765636,0.654377502,0.064788691
42.20727083,0.273531252,2.452808229,0.620125678,0.059282415
42.2119095,0.272884985,2.447307023,0.642659773,0.057315888
42.21654817,0.279266875,2.447468823,0.687727962,0.06258618
42.22118684,0.277166506,2.446578922,0.625533861,0.06329413
42.22582551,0.272238717,2.441158617,0.638152954,0.058259821
42.23046418,0.274743003,2.439945115,0.666095231,0.059361076
42.23510285,0.279993926,2.441401317,0.676010233,0.065339318
42.23974152,0.274339086,2.437275413,0.621928406,0.060698315
42.24438019,0.272561851,2.432097807,0.645363864,0.057787855
42.24901886,0.27748964,2.431207906,0.687727962,0.061720909
42.25365753,0.27821669,2.431531506,0.640857045,0.064631368
42.2582962,0.272157934,2.426273001,0.634547499,0.058417143
42.26293487,0.272965768,2.422470697,0.65618023,0.058102499
42.26757354,0.279347658,2.422875197,0.686826598,0.064238063
42.27221221,0.274823787,2.419800994,0.620125678,0.061563586
42.27685088,0.271026966,2.414137988,0.642659773,0.057158566
42.28148955,0.27514692,2.412600886,0.67781296,0.059990365
42.28612822,0.278701391,2.413409887,0.655278866,0.065181996
42.29076689,0.271915584,2.409526683,0.626435225,0.059125093
42.29540556,0.271511667,2.406128879,0.646265228,0.057709194
42.30004423,0.27821669,2.407261481,0.690432053,0.062979486
42.3046829,0.275873971,2.40677608,0.623731133,0.062979486
42.30932157,0.271026966,2.401922075,0.63725159,0.057551872
42.31396024,0.273450469,2.399575973,0.66339114,0.059125093
42.31859891,0.278701391,2.400951274,0.666996595,0.065260657
42.32323758,0.272804201,2.39755347,0.616520223,0.060226348
42.32787625,0.270946183,2.393912967,0.639955681,0.057394549
42.33251492,0.276762589,2.394883768,0.682319779,0.061642248
42.33715359,0.277085722,2.39706807,0.633646135,0.064159402
42.34179226,0.271430883,2.394721967,0.632744771,0.058338482
42.34643093,0.272561851,2.396097269,0.657081593,0.05818116
42.3510696,0.279266875,2.401517575,0.685925234,0.064238063
42.35570827,0.274258303,2.403378277,0.621928406,0.061170281
42.36034694,0.270784616,2.402811976,0.645363864,0.057079905
42.36498561,0.275227704,2.405967079,0.684122507,0.060069026
42.36962428,0.278297474,2.413086287,0.662489776,0.064788691
42.37426295,0.271996367,2.415270589,0.641758409,0.058653127
42.37890162,0.271996367,2.418668393,0.66339114,0.057473211
42.38354029,0.278620607,2.426434801,0.706656601,0.063451452
42.38817896,0.275793188,2.432906808,0.639054318,0.062743503
42.39281763,0.271511667,2.436304611,0.65618023,0.057709194
42.3974563,0.274339086,2.442453018,0.685925234,0.059282415
42.40209497,0.279266875,2.456448733,0.688629326,0.065103335
42.40673364,0.273369685,2.468098345,0.647166592,0.059990365
42.41137231,0.272157934,2.483954762,0.678714324,0.058023838
42.41601098,0.278135907,2.508224788,0.729190696,0.062114214
42.42064965,0.277893557,2.530472311,0.67781296,0.06400208
42.42528832,0.272400284,2.545438827,0.678714324,0.058338482
42.42992699,0.273692819,2.562023345,0.700347055,0.058338482
42.43456566,0.280397843,2.584918069,0.723782513,0.065024674
42.43920433,0.27490457,2.599965485,0.659785685,0.061327603
42.443843,0.272238717,2.606680192,0.67781296,0.057630533
42.44848167,0.277004939,2.611857798,0.710262056,0.060698315
42.45312034,0.279347658,2.614851101,0.674207505,0.064788691
42.45775901,0.272723418,2.610239796,0.651673411,0.058810449
42.46239768,0.272723418,2.60465769,0.666996595,0.057709194
42.46703635,0.279509225,2.602068887,0.70395251,0.063608774
42.47167502,0.276601022,2.596244081,0.632744771,0.062900825
42.47631369,0.272319501,2.586293371,0.648969319,0.057551872
42.48095236,0.275066137,2.579821364,0.67781296,0.059361076
42.48559103,0.280074709,2.577313461,0.671503414,0.065103335
42.4902297,0.273935169,2.569547053,0.629139316,0.059518399
42.49486837,0.272642634,2.561942445,0.650772047,0.057315888
42.49950704,0.278701391,2.560567143,0.697642964,0.062114214
42.50414571,0.278297474,2.561537944,0.645363864,0.063766097
42.50878438,0.273288902,2.563722247,0.661588412,0.057787855
42.51342305,0.275712404,2.572783056,0.694938872,0.058259821
42.51806172,0.282740562,2.587264172,0.721078422,0.064631368
42.52270039,0.277570423,2.592684477,0.660687048,0.060776976
42.52733906,0.275712404,2.590985576,0.67781296,0.057315888
42.53197773,0.280317059,2.588558573,0.710262056,0.060855637
42.5366164,0.282175078,2.58596977,0.667897959,0.064788691
42.54125507,0.275793188,2.577798862,0.648969319,0.058495805
42.54589374,0.276924156,2.571084154,0.668799323,0.057551872
42.55053241,0.283952313,2.571650455,0.709360693,0.063766097
42.55517108,0.280236276,2.569547053,0.641758409,0.062192875
42.55980975,0.276762589,2.568252651,0.666095231,0.057630533
42.56444842,0.28128646,2.577070761,0.707557965,0.059675721
42.56908709,0.287022083,2.590742875,0.705755238,0.065181996
42.57372576,0.28104411,2.597781183,0.67060205,0.059518399
42.57836443,0.280155492,2.598671084,0.686826598,0.057709194
42.5830031,0.2869413,2.597862083,0.721979786,0.062979486
42.58764177,0.285002498,2.59527328,0.657081593,0.06400208
42.59228044,0.279751575,2.588315873,0.66339114,0.058102499
42.59691911,0.281528811,2.582652867,0.685925234,0.058967771
42.60155778,0.287426,2.579902264,0.697642964,0.065181996
42.60619645,0.281124893,2.572216756,0.63725159,0.060540992
42.61083512,0.278539824,2.562346945,0.657081593,0.057551872
42.61547379,0.283548396,2.55741204,0.695840236,0.06109162
42.62011246,0.284921714,2.553447936,0.654377502,0.064867352
42.62475113,0.278297474,2.543254525,0.640857045,0.058653127
42.6293898,0.278539824,2.534921816,0.659785685,0.05818116
42.63402847,0.285244848,2.531524012,0.694037508,0.064316724
42.63866714,0.280640193,2.524809305,0.624632497,0.062114214
42.64330581,0.276601022,2.515424895,0.643561137,0.057709194
42.64794448,0.280397843,2.509761889,0.675108869,0.060226348
42.65258315,0.283790746,2.506930386,0.658884321,0.065811284
42.65722182,0.277166506,2.499002178,0.623731133,0.059675721
42.66186049,0.276116321,2.492934672,0.647166592,0.057787855
42.66649916,0.282578995,2.493581872,0.694037508,0.063058147
42.67113783,0.280640193,2.495280774,0.636350226,0.063687435
42.6757765,0.275470054,2.495523474,0.654377502,0.05818116
42.68041517,0.27821669,2.498031377,0.684122507,0.059125093
42.68505384,0.283709963,2.505231485,0.701248419,0.065339318
42.68969251,0.277570423,2.509842789,0.657081593,0.060776976
42.69433118,0.275389271,2.512916993,0.683221143,0.058023838
42.69896985,0.280720976,2.516881097,0.721979786,0.06179957
42.70360852,0.281690377,2.519389,0.671503414,0.064474046
42.70824719,0.275793188,2.513159693,0.657081593,0.058338482
42.71288586,0.276762589,2.507253987,0.672404778,0.05818116
42.71752453,0.282982912,2.504422484,0.697642964,0.064710029
42.7221632,0.278378257,2.498274077,0.627336589,0.061642248
42.72680187,0.274500653,2.489375068,0.645363864,0.057630533
42.73144054,0.278701391,2.484925563,0.676911597,0.059990365
42.73607921,0.281609594,2.48225586,0.653476138,0.065103335
42.74071788,0.275389271,2.474004051,0.624632497,0.058967771
42.74535655,0.274743003,2.467370244,0.6444625,0.057709194
42.74999522,0.28128646,2.465266842,0.688629326,0.063372791
42.75463389,0.278943741,2.462597139,0.62282977,0.063608774
42.75927256,0.274015953,2.455720632,0.63725159,0.058023838
42.76391123,0.276439455,2.451675628,0.666095231,0.059046432
42.7685499,0.281851944,2.451837428,0.672404778,0.064946013
42.77318857,0.275550838,2.447630623,0.621928406,0.060305009
42.77782724,0.273773602,2.443504719,0.645363864,0.057473211
42.78246591,0.279670792,2.443504719,0.688629326,0.061563586
42.78710458,0.279590008,2.44407102,0.639955681,0.064395385
42.79174325,0.273854386,2.440430516,0.639054318,0.058102499
42.79638192,0.27514692,2.439378815,0.664292504,0.058023838
42.80102059,0.282013511,2.445041821,0.698544327,0.064395385
42.80565926,0.277570423,2.448520524,0.640857045,0.061327603
42.81029793,0.274339086,2.450947527,0.666996595,0.057551872
42.8149366,0.279266875,2.459118436,0.708459329,0.06038367
42.81957527,0.283306046,2.471172548,0.693136145,0.065024674
42.82421394,0.277812773,2.489375068,0.691333417,0.058810449
42.82885261,0.278539824,2.518499099,0.739105697,0.058023838
42.83349128,0.285567982,2.544225326,0.787779342,0.064080741
42.83812995,0.283144479,2.554985037,0.703051146,0.06329413
42.84276862,0.278943741,2.554661437,0.704853874,0.058102499
42.84740729,0.282013511,2.553771536,0.721078422,0.059911704
42.85204596,0.287426,2.555308638,0.712064784,0.065103335
42.85668463,0.280882543,2.552234434,0.658884321,0.060226348
42.8613233,0.279266875,2.548836631,0.676911597,0.057473211
42.86596197,0.285083281,2.550616433,0.718374331,0.061956892
42.87060064,0.285002498,2.552881635,0.662489776,0.064159402
42.87523931,0.279186091,2.550211932,0.659785685,0.05818116
42.87987798,0.280478626,2.550778233,0.682319779,0.058574466
42.88451665,0.286698949,2.556279439,0.704853874,0.065103335
42.88915532,0.281448027,2.558463741,0.643561137,0.061563586
42.89379399,0.278378257,2.558140141,0.668799323,0.057630533
42.89843266,0.283709963,2.559272742,0.704853874,0.060619654
42.90307133,0.286052682,2.560971644,0.67060205,0.065103335
42.90771,0.279186091,2.555874938,0.645363864,0.05888911
42.91234867,0.278862958,2.550050132,0.662489776,0.057787855
42.91698734,0.285648765,2.547056829,0.699445691,0.06400208
42.92162601,0.282417428,2.541474723,0.63004068,0.063058147
42.92626468,0.277570423,2.532333013,0.645363864,0.057551872
42.93090335,0.280720976,2.525941907,0.673306141,0.059833043
42.93554202,0.285164064,2.522220503,0.665193867,0.065339318
42.94018069,0.27821669,2.512916993,0.620125678,0.060147687
42.94481936,0.276762589,2.503775283,0.639955681,0.058417143
42.94945803,0.282417428,2.497950477,0.682319779,0.062979486
42.9540967,0.281448027,2.492530171,0.624632497,0.064316724
42.95873537,0.275712404,2.482983961,0.628237952,0.058338482
42.96337404,0.277166506,2.475622053,0.651673411,0.058731788
42.96801271,0.282902129,2.47295235,0.67060205,0.065181996
42.97265138,0.277247289,2.466075843,0.612013404,0.061170281
42.97729005,0.27466222,2.458390335,0.636350226,0.057866516
42.98192872,0.279186091,2.454992531,0.676911597,0.060855637
42.98656739,0.28104411,2.452646429,0.639955681,0.064946013
42.99120606,0.27466222,2.445931722,0.623731133,0.059203754
42.99584473,0.27441987,2.440106916,0.645363864,0.058259821
43.0004834,0.281448027,2.439378815,0.685023871,0.063923419
43.00512207,0.277328073,2.436870912,0.618322951,0.062507519
43.00976074,0.273369685,2.431288806,0.638152954,0.057709194
43.01439941,0.276924156,2.429428104,0.669700686,0.060147687
43.01903808,0.28128646,2.430884306,0.660687048,0.065653962
43.02367675,0.274743003,2.427082002,0.62282977,0.059675721
43.02831542,0.273450469,2.423036997,0.645363864,0.057709194
43.03295409,0.279590008,2.423117897,0.688629326,0.062979486
43.03759276,0.278378257,2.422147096,0.628237952,0.063844758
43.04223143,0.273288902,2.418021192,0.635448863,0.058259821
43.0468701,0.275227704,2.416807691,0.660687048,0.058731788
43.05150877,0.281205677,2.419396494,0.676911597,0.064867352
43.05614744,0.275550838,2.417859392,0.619224315,0.06109162
43.06078611,0.273531252,2.414057088,0.641758409,0.057787855
43.06542478,0.278701391,2.414866089,0.683221143,0.061642248
43.07006345,0.280074709,2.416969491,0.643561137,0.064867352
43.07470212,0.273935169,2.413571687,0.630942044,0.05888911
43.07934079,0.27441987,2.410659284,0.651673411,0.058574466
43.08397946,0.28104411,2.412843587,0.689530689,0.064631368
43.08861813,0.276843372,2.412519986,0.621928406,0.062271536
43.0932568,0.273369685,2.409203083,0.642659773,0.057787855
43.09789547,0.277328073,2.409122183,0.676010233,0.060069026
43.10253414,0.28104411,2.410821084,0.658884321,0.065339318
43.10717281,0.274581436,2.40669518,0.62282977,0.05959706
43.11181148,0.273450469,2.402892876,0.643561137,0.057866516
43.11645015,0.279751575,2.402973776,0.686826598,0.063215469
43.12108882,0.278135907,2.403135576,0.62282977,0.063687435
43.12572749,0.272723418,2.398605171,0.634547499,0.058023838
43.13036616,0.274743003,2.39731077,0.660687048,0.059046432
43.13500483,0.280963327,2.400465873,0.673306141,0.064867352
43.1396435,0.274581436,2.398686072,0.620125678,0.060698315
43.14428217,0.272804201,2.396663569,0.643561137,0.058102499
43.14892084,0.278378257,2.398847872,0.687727962,0.062035553
43.15355951,0.279105308,2.402245675,0.6444625,0.064631368
43.15819818,0.273369685,2.399818673,0.635448863,0.058810449
43.16283685,0.274581436,2.399737773,0.657982957,0.058417143
43.16747552,0.280963327,2.404187277,0.691333417,0.064474046
43.17211419,0.277004939,2.404187277,0.626435225,0.062035553
43.17675286,0.273531252,2.402731076,0.649870683,0.057315888
43.18139153,0.27821669,2.405481679,0.686826598,0.060069026
43.1860302,0.282578995,2.411468285,0.666996595,0.065024674
43.19066887,0.276197105,2.411872786,0.638152954,0.059125093
43.19530754,0.275631621,2.410821084,0.657081593,0.057945177
43.19994621,0.282417428,2.413571687,0.700347055,0.06329413
43.20458488,0.279670792,2.414057088,0.632744771,0.063372791
43.20922355,0.275066137,2.410012084,0.643561137,0.057945177
43.21386222,0.277328073,2.408070482,0.667897959,0.059361076
43.21850089,0.282417428,2.409526683,0.671503414,0.065575301
43.22313956,0.276358672,2.40620978,0.619224315,0.060540992
43.22777823,0.274500653,2.401517575,0.641758409,0.057630533
43.2324169,0.280478626,2.401760275,0.685925234,0.062035553
43.23705557,0.280882543,2.403054676,0.63725159,0.064631368
43.24169424,0.274823787,2.399252372,0.634547499,0.058574466
43.24633291,0.275954755,2.39747257,0.657982957,0.058653127
43.25097158,0.282740562,2.401679375,0.686826598,0.064867352
43.25561025,0.278378257,2.402083875,0.623731133,0.061878231
43.26024892,0.275550838,2.400951274,0.648067956,0.057787855
43.26488759,0.279913142,2.403054676,0.685023871,0.061012959
43.26952626,0.282740562,2.40685698,0.658884321,0.06549664
43.27416493,0.276277888,2.405967079,0.632744771,0.05959706
43.2788036,0.276277888,2.405238979,0.652574774,0.058653127
43.28344227,0.283063696,2.409364883,0.698544327,0.064238063
43.28808094,0.280640193,2.413005387,0.632744771,0.063844758
43.29271961,0.276197105,2.412277286,0.649870683,0.05818116
43.29735828,0.278459041,2.413005387,0.67781296,0.059754382
43.30199695,0.283952313,2.418021192,0.678714324,0.065811284
43.30663562,0.27773199,2.420124594,0.635448863,0.060698315
43.31127429,0.276681805,2.4257067,0.667897959,0.058338482
43.31591296,0.284033097,2.439378815,0.721078422,0.062743503
43.32055163,0.284517797,2.456529633,0.680517052,0.064710029
43.3251903,0.280074709,2.465914043,0.685023871,0.058731788
43.32982897,0.281851944,2.473275951,0.702149782,0.058731788
43.33446764,0.288233834,2.479262557,0.716571603,0.065260657
43.33910631,0.282659778,2.478858057,0.647166592,0.061878231
43.34374498,0.279509225,2.477240055,0.666996595,0.058023838
43.34838365,0.284033097,2.479909758,0.705755238,0.061248942
43.35302232,0.286375816,2.486058164,0.67781296,0.065417979
43.35766099,0.280074709,2.489132368,0.658884321,0.059203754
43.36229966,0.280397843,2.495280774,0.682319779,0.058338482
43.36693833,0.287264433,2.508224788,0.727387968,0.064316724
43.371577,0.283952313,2.521977802,0.668799323,0.063530113
43.37621567,0.280155492,2.536054417,0.697642964,0.058495805
43.38085434,0.283386829,2.558625541,0.739105697,0.06038367
43.38549301,0.287991484,2.591713676,0.745415244,0.06620459
43.39013168,0.282094294,2.635966023,0.734598879,0.060855637
43.39477035,0.280882543,2.737576531,0.861691172,0.058653127
43.39940902,0.289768719,2.929956935,1.062695295,0.063058147
43.40404769,0.291465171,3.162787382,1.136607125,0.064552707
43.40868636,0.28766835,3.365442097,1.181675314,0.058417143
43.41332503,0.289930286,3.498765438,1.160042584,0.058810449
43.4179637,0.295908259,3.554505597,1.072610297,0.06549664
43.42260237,0.289607152,3.556609,0.91847709,0.061563586
43.42724104,0.286375816,3.533471575,0.868902082,0.05818116
43.43187971,0.291061254,3.504185744,0.857184353,0.061406264
43.43651838,0.292515356,3.471016709,0.781469795,0.065103335
43.44115705,0.285810332,3.433317269,0.735500242,0.059203754
43.44579572,0.285648765,3.399581933,0.740007061,0.058338482
43.45043439,0.292353789,3.373936606,0.768850702,0.064474046
43.45507306,0.287910701,3.347967678,0.694037508,0.062900825
43.45971173,0.283629179,3.318681847,0.705755238,0.057866516
43.4643504,0.286860516,3.291337618,0.728289332,0.060147687
43.46898907,0.290818904,3.26455969,0.708459329,0.065968607
43.47362774,0.28411388,3.230986154,0.660687048,0.060226348
43.47826641,0.282902129,3.197250819,0.676010233,0.058102499
43.48290508,0.288314618,3.168207688,0.714768875,0.063058147
43.48754375,0.286779733,3.137708355,0.648969319,0.064474046
43.49218242,0.281448027,3.103811219,0.652574774,0.058495805
43.49682109,0.282498212,3.074201788,0.676911597,0.059282415
43.50145976,0.288233834,3.049041861,0.691333417,0.065339318
43.50609843,0.282255861,3.01967513,0.63004068,0.061406264
43.5107371,0.279590008,2.990146599,0.648969319,0.058338482
43.51537577,0.28435623,2.965391173,0.687727962,0.061642248
43.52001444,0.285729548,2.942253748,0.645363864,0.065103335
43.52465311,0.278782174,2.91539492,0.630942044,0.058574466
43.52929178,0.279266875,2.890801294,0.651673411,0.058023838
43.53393045,0.285648765,2.872113374,0.686826598,0.064395385
43.53856912,0.281124893,2.851645652,0.620125678,0.062743503
43.54320779,0.27748964,2.829074528,0.641758409,0.057945177
43.54784646,0.280882543,2.810305708,0.676010233,0.06038367
43.55248513,0.28435623,2.795905493,0.660687048,0.065653962
43.5571238,0.277570423,2.776004072,0.625533861,0.059754382
43.56176247,0.277166506,2.757963353,0.6444625,0.057866516
43.56640114,0.283306046,2.745181139,0.688629326,0.063215469
43.57103981,0.280963327,2.731670825,0.626435225,0.063766097
43.57567848,0.275873971,2.714762707,0.638152954,0.057945177
43.58031715,0.27797434,2.701656893,0.664292504,0.059046432
43.58495582,0.283386829,2.693405084,0.676911597,0.065339318
43.58959449,0.277247289,2.681350971,0.623731133,0.060855637
43.59423316,0.275227704,2.668326058,0.648969319,0.057866516
43.59887183,0.280478626,2.659993349,0.690432053,0.061484925
43.6035105,0.281528811,2.65174154,0.646265228,0.064788691
43.60814917,0.27490457,2.639282927,0.63725159,0.058810449
43.61278784,0.275470054,2.628765916,0.659785685,0.058495805
43.61742651,0.281851944,2.62334561,0.693136145,0.064710029
43.62206518,0.277085722,2.615821902,0.626435225,0.06258618
43.62670385,0.272884985,2.605385791,0.647166592,0.058102499
43.63134252,0.277004939,2.596891282,0.679615688,0.060855637
43.63598119,0.280317059,2.592441777,0.658884321,0.06549664
43.64061986,0.274096736,2.582733767,0.629139316,0.059675721
43.64525853,0.273450469,2.573592057,0.648969319,0.058023838
43.6498972,0.279751575,2.569627953,0.691333417,0.063372791
43.65453587,0.277004939,2.563884047,0.624632497,0.063608774
43.65917454,0.272077151,2.555713138,0.639054318,0.058102499
43.66381321,0.274743003,2.551344533,0.669700686,0.059518399
43.66845188,0.280640193,2.553286136,0.679615688,0.065811284
43.67309055,0.274096736,2.552072634,0.63004068,0.060855637
43.67772922,0.272319501,2.548998431,0.652574774,0.058259821
43.68236789,0.27821669,2.54762313,0.693136145,0.062114214
43.68700656,0.278297474,2.543982626,0.641758409,0.064946013
43.69164523,0.272238717,2.536054417,0.63725159,0.058653127
43.6962839,0.273127335,2.530148711,0.658884321,0.058731788
43.70092257,0.280074709,2.527721708,0.686826598,0.065181996
43.70556124,0.274743003,2.522705903,0.621928406,0.062114214
43.71019991,0.271430883,2.514373194,0.642659773,0.058259821
43.71483858,0.275954755,2.51000459,0.678714324,0.061012959
43.71947725,0.279024525,2.507577587,0.651673411,0.065811284
43.72411592,0.272481068,2.499568479,0.624632497,0.059833043
43.72875459,0.271754017,2.493015572,0.646265228,0.058259821
43.73339326,0.278539824,2.49139757,0.688629326,0.063923419
43.73803193,0.275873971,2.489375068,0.625533861,0.063608774
43.7426706,0.271673233,2.483873862,0.643561137,0.058338482
43.74730927,0.274823787,2.48249856,0.674207505,0.05959706
43.75194794,0.279832359,2.484197462,0.676010233,0.065811284
43.75658661,0.273531252,2.480476058,0.627336589,0.060698315
43.76122528,0.271673233,2.475622053,0.649870683,0.058417143
43.76586395,0.277247289,2.474813052,0.692234781,0.062743503
43.77050262,0.277651206,2.474651252,0.640857045,0.064710029
43.77514129,0.271915584,2.469716347,0.639955681,0.058967771
43.77977996,0.273208118,2.467289344,0.665193867,0.058967771
43.78441863,0.279913142,2.469311846,0.692234781,0.065260657
43.7890573,0.27490457,2.467451145,0.63004068,0.061956892
43.79369597,0.272157934,2.46308254,0.652574774,0.058338482
43.79833464,0.276924156,2.462192639,0.690432053,0.061248942
43.80297331,0.279913142,2.46275894,0.658884321,0.06549664
43.80761198,0.274015953,2.458390335,0.63725159,0.059361076
43.81225065,0.274177519,2.455882432,0.657081593,0.058338482
43.81688932,0.281124893,2.457581334,0.698544327,0.064238063
43.82152799,0.278055124,2.458309435,0.631843407,0.062900825
43.82616666,0.273612035,2.457257734,0.648969319,0.05818116
43.83080533,0.277004939,2.458228535,0.678714324,0.059833043
43.835444,0.281771161,2.462192639,0.674207505,0.065653962
43.84008267,0.275550838,2.459603836,0.63004068,0.060069026
43.84472134,0.274985354,2.457176834,0.651673411,0.057787855
43.84936001,0.281124893,2.459603836,0.694938872,0.062743503
43.85399868,0.280478626,2.462030839,0.639054318,0.064552707
43.85863735,0.27441987,2.459927437,0.642659773,0.058338482
43.86327602,0.275873971,2.458875735,0.666095231,0.05888911
43.86791469,0.282255861,2.46275894,0.686826598,0.065260657
43.87255336,0.276439455,2.462030839,0.626435225,0.061406264
43.87719203,0.273692819,2.458713935,0.648969319,0.057866516
43.8818307,0.278378257,2.460331937,0.688629326,0.061012959
43.88646937,0.280720976,2.463972441,0.653476138,0.064946013
43.89110804,0.274177519,2.46300164,0.639054318,0.058967771
43.89574671,0.27466222,2.46340614,0.661588412,0.058417143
43.90038538,0.281124893,2.469150046,0.703051146,0.064395385
43.90502405,0.277893557,2.473275951,0.636350226,0.062979486
43.90966272,0.273612035,2.475379353,0.659785685,0.058102499
43.91430139,0.277328073,2.48168956,0.695840236,0.059990365
43.91894006,0.282255861,2.492287471,0.690432053,0.06549664
43.92357873,0.276035538,2.500053879,0.655278866,0.059990365
43.9282174,0.275066137,2.510894491,0.685023871,0.058259821
43.93285607,0.281932728,2.530391411,0.740908425,0.062900825
43.93749474,0.281205677,2.550373732,0.685925234,0.064238063
43.94213341,0.276116321,2.563964947,0.695840236,0.058653127
43.94677208,0.277893557,2.578931463,0.722881149,0.059046432
43.95141075,0.284194663,2.597133982,0.743612516,0.065260657
43.95604942,0.278701391,2.608702694,0.684122507,0.061248942
43.96068809,0.276197105,2.6140421,0.701248419,0.05818116
43.96532676,0.281124893,2.619381506,0.732796151,0.061878231
43.96996543,0.282498212,2.624316411,0.685925234,0.065339318
43.9746041,0.276116321,2.622860209,0.669700686,0.059046432
43.97924277,0.276520239,2.622051208,0.688629326,0.058574466
43.98388144,0.283467613,2.626177113,0.725585241,0.064788691
43.98852011,0.280074709,2.627633314,0.657081593,0.062900825
43.99315878,0.276358672,2.62383101,0.674207505,0.058338482
43.99779745,0.279913142,2.62326471,0.702149782,0.06038367
44.00243612,0.284033097,2.626258013,0.685925234,0.065653962
44.00707479,0.277328073,2.62375011,0.648969319,0.059990365
44.01171346,0.276439455,2.621404008,0.669700686,0.057945177
44.01635213,0.282821345,2.62366921,0.713867512,0.06329413
44.0209908,0.281205677,2.625044512,0.649870683,0.064316724
44.02562947,0.276035538,2.622860209,0.659785685,0.058495805
44.03026814,0.278459041,2.62375011,0.683221143,0.059439737
44.03490681,0.284194663,2.628442315,0.694938872,0.065575301
44.03954548,0.278297474,2.627309714,0.639955681,0.061248942
44.04418415,0.276277888,2.625044512,0.662489776,0.058338482
44.04882282,0.281851944,2.627795115,0.703051146,0.062271536
44.05346149,0.282417428,2.632163719,0.657982957,0.065181996
44.05810016,0.276277888,2.629170416,0.648969319,0.058967771
44.06273883,0.276681805,2.627956915,0.669700686,0.058574466
44.0673775,0.283063696,2.63297272,0.703051146,0.065024674
44.07201617,0.279266875,2.635723323,0.639054318,0.062664841
44.07665484,0.275631621,2.637098624,0.662489776,0.058259821
44.08129351,0.279509225,2.641790829,0.697642964,0.060540992
44.08593218,0.283063696,2.648829137,0.67781296,0.065811284
44.09057085,0.276277888,2.650528039,0.648969319,0.059833043
44.09520952,0.276116321,2.652388741,0.667897959,0.058102499
44.09984819,0.282336645,2.656838245,0.71116342,0.063608774
44.10448686,0.280155492,2.658132647,0.647166592,0.063766097
44.10912553,0.275227704,2.655462944,0.658884321,0.058338482
44.1137642,0.277570423,2.655948344,0.685925234,0.059361076
44.11840287,0.282417428,2.660236049,0.694037508,0.065732623
44.12304154,0.276924156,2.66153045,0.643561137,0.060698315
44.12768021,0.274743003,2.664766454,0.668799323,0.058023838
44.13231888,0.280478626,2.67099576,0.712966148,0.062271536
44.13695755,0.281528811,2.677144167,0.666996595,0.064946013
44.14159622,0.275712404,2.678681269,0.665193867,0.05888911
44.14623489,0.276924156,2.684020674,0.692234781,0.05888911
44.15087356,0.283790746,2.69858269,0.740007061,0.065339318
44.15551223,0.279509225,2.711445803,0.697642964,0.062350197
44.1601509,0.276116321,2.720263913,0.720177058,0.058338482
44.16478957,0.280640193,2.729971923,0.749020699,0.060934298
44.16942824,0.28411388,2.747608142,0.728289332,0.06549664
44.17406691,0.27797434,2.763707259,0.707557965,0.059282415
44.17870558,0.278539824,2.778754675,0.727387968,0.05818116
44.18334425,0.285891115,2.791455988,0.762541156,0.063766097
44.18798292,0.283548396,2.795581893,0.682319779,0.06329413
44.19262159,0.278782174,2.79347849,0.688629326,0.058495805
44.19726026,0.282094294,2.794772892,0.71116342,0.059990365
44.20189893,0.287264433,2.799384197,0.708459329,0.066125929
44.2065376,0.281205677,2.796390893,0.65618023,0.060934298
44.21117627,0.279670792,2.79291219,0.675108869,0.058495805
44.21581494,0.285164064,2.792588589,0.714768875,0.062743503
44.22045361,0.285164064,2.79355939,0.660687048,0.064867352
44.22509228,0.279024525,2.789352586,0.658884321,0.058810449
44.22973095,0.280074709,2.785712082,0.680517052,0.058967771
44.23436962,0.286456599,2.786682883,0.704853874,0.065024674
44.23900829,0.28128646,2.782233378,0.641758409,0.061878231
44.24364696,0.278135907,2.775437771,0.664292504,0.05818116
44.24828563,0.282821345,2.773172569,0.702149782,0.06109162
44.2529243,0.285244848,2.77438607,0.672404778,0.065575301
44.25756297,0.278782174,2.771635467,0.653476138,0.059046432
44.26220164,0.278862958,2.770826466,0.676911597,0.058102499
44.26684031,0.286052682,2.776327672,0.721979786,0.064316724
44.27147898,0.283629179,2.782637879,0.661588412,0.063530113
44.27611765,0.280155492,2.785873882,0.685925234,0.058653127
44.28075632,0.28411388,2.788381785,0.713867512,0.060147687
44.28539499,0.289122452,2.789271686,0.704853874,0.065889946
44.29003366,0.282417428,2.782152478,0.65618023,0.060226348
44.29467233,0.28104411,2.77414337,0.674207505,0.058338482
44.299311,0.287264433,2.768156763,0.714768875,0.062822164
44.30394967,0.2869413,2.760794856,0.653476138,0.064631368
44.30858834,0.281205677,2.747689042,0.655278866,0.058495805
44.31322701,0.282659778,2.737576531,0.676010233,0.058653127
44.31786568,0.288314618,2.731104524,0.693136145,0.065103335
44.32250435,0.282902129,2.720021212,0.631843407,0.061720909
44.32714302,0.279832359,2.708857001,0.654377502,0.058102499
44.33178169,0.283952313,2.701090592,0.691333417,0.061642248
44.33642036,0.285971899,2.694294985,0.657081593,0.065653962
44.34105903,0.279590008,2.681674572,0.639054318,0.059125093
44.3456977,0.279590008,2.67034856,0.657081593,0.058653127
44.35033637,0.286375816,2.663876553,0.695840236,0.064631368
44.35497504,0.282659778,2.655462944,0.628237952,0.062900825
44.35961371,0.278782174,2.643408831,0.646265228,0.058102499
44.36425238,0.282175078,2.634590722,0.676911597,0.060226348
44.36889105,0.286779733,2.629332216,0.667897959,0.065889946
44.37352972,0.280074709,2.618410705,0.628237952,0.060226348
44.37816839,0.279186091,2.608540894,0.649870683,0.058023838
44.38280706,0.285729548,2.602877888,0.693136145,0.063136808
44.38744573,0.284679364,2.596405881,0.632744771,0.064238063
44.3920844,0.279832359,2.584998969,0.639054318,0.058731788
44.39672307,0.282417428,2.57650446,0.66339114,0.059361076
44.40136174,0.288637751,2.572054955,0.680517052,0.065417979
44.40600041,0.283629179,2.564045847,0.62282977,0.061406264
44.41063908,0.282578995,2.553771536,0.645363864,0.058102499
44.41527775,0.289203235,2.547380429,0.685925234,0.062035553
44.41991642,0.291707521,2.543416325,0.647166592,0.065181996
44.42455509,0.286618166,2.534517316,0.633646135,0.059046432
44.42919376,0.288880102,2.526184607,0.655278866,0.058810449
44.43383243,0.296958444,2.522625003,0.693136145,0.064631368
44.4384711,0.29356554,2.517123797,0.625533861,0.06258618
44.44310977,0.290091853,2.509600089,0.646265228,0.058023838
44.44774844,0.29380789,2.504584284,0.678714324,0.06038367
44.45238711,0.297927845,2.502642682,0.666095231,0.065968607
44.45702578,0.291465171,2.496413375,0.63004068,0.060147687
44.46166445,0.290414987,2.490669469,0.651673411,0.058417143
44.46630312,0.296958444,2.489375068,0.697642964,0.063687435
44.47094179,0.295342775,2.488404267,0.639054318,0.064395385
44.47558046,0.289768719,2.485006463,0.651673411,0.058653127
44.48021913,0.292111438,2.485653664,0.682319779,0.059675721
44.4848578,0.297927845,2.492368371,0.701248419,0.066047268
44.48949647,0.291788305,2.496413375,0.654377502,0.061327603
44.49413514,0.289445586,2.500377479,0.681418415,0.058495805
44.49877381,0.295342775,2.513645093,0.732796151,0.062350197
44.50341248,0.298331762,2.545519727,0.730993423,0.06549664
44.50805115,0.295665909,2.594140679,0.789582069,0.059833043
44.51268982,0.29970508,2.646563934,0.845466624,0.059833043
44.51732849,0.308025772,2.685719576,0.873408901,0.066440573
44.52196716,0.303825034,2.699957991,0.773357521,0.064710029
44.52660583,0.300108997,2.697450088,0.762541156,0.062035553
44.5312445,0.303663467,2.691382582,0.773357521,0.066755217
44.53588317,0.306894804,2.685234175,0.733697515,0.073834714
44.54052184,0.299381946,2.673260963,0.683221143,0.069272372
44.54516051,0.298331762,2.66112595,0.690432053,0.068249778
44.54979918,0.303582684,2.653116841,0.724683877,0.073834714
44.55443785,0.300755264,2.645026833,0.652574774,0.073834714
44.55907652,0.295100425,2.63305362,0.660687048,0.068328439
44.56371519,0.296958444,2.625368112,0.687727962,0.06911505
44.56835386,0.302047799,2.62350741,0.695840236,0.074699986
44.57299253,0.294938858,2.617682604,0.645363864,0.069508355
44.5776312,0.291869088,2.612424098,0.668799323,0.066519234
44.58226987,0.29663531,2.612100498,0.714768875,0.070452288
44.58690854,0.29639296,2.6145275,0.67060205,0.072733459
44.59154721,0.289849503,2.612504998,0.666996595,0.066361912
44.59618588,0.29073812,2.617116303,0.706656601,0.065889946
44.60082455,0.29687766,2.638231226,0.764343883,0.07210417
44.60546322,0.291707521,2.667112556,0.717472967,0.068721744
44.61010189,0.288637751,2.694052285,0.750823427,0.064316724
44.61474056,0.293000056,2.71799871,0.786877978,0.066833878
44.61937923,0.295908259,2.740974335,0.76344252,0.07131756
44.6240179,0.289203235,2.770664666,0.764343883,0.065103335
44.62865657,0.289849503,2.807474205,0.805806617,0.063608774
44.63329524,0.297766278,2.854719855,0.871606173,0.069272372
44.63793391,0.296312176,2.888778791,0.810313436,0.0684071
44.64257258,0.292353789,2.903988008,0.807609345,0.062979486
44.64721125,0.295100425,2.90609141,0.808510709,0.064631368
44.65184992,0.301239965,2.901803705,0.782371159,0.070058983
44.65648859,0.294858075,2.88756529,0.709360693,0.065260657
44.66112726,0.293080839,2.869767271,0.712064784,0.062035553
44.66576593,0.298089411,2.854638955,0.740908425,0.066519234
44.6704046,0.297523928,2.839106139,0.676911597,0.068485761
44.67504327,0.291384388,2.819042917,0.668799323,0.062271536
44.67968194,0.291869088,2.8025393,0.689530689,0.062192875
44.68432061,0.297685494,2.790889688,0.710262056,0.068564422
44.68895928,0.291788305,2.77462877,0.641758409,0.065181996
44.69359795,0.288556968,2.756426251,0.658884321,0.06109162
44.69823662,0.291949872,2.741945136,0.691333417,0.063923419
44.70287529,0.29380789,2.729324722,0.658884321,0.068249778
44.70751396,0.287022083,2.711203103,0.633646135,0.062192875
44.71215263,0.285648765,2.695346686,0.651673411,0.06109162
44.7167913,0.292111438,2.684506075,0.692234781,0.066676556
44.72142997,0.288476185,2.671885661,0.62282977,0.065889946
44.72606864,0.28387153,2.656433745,0.639054318,0.060934298
44.73070731,0.286295032,2.645512233,0.668799323,0.062035553
44.73534598,0.290657337,2.638959326,0.666095231,0.068013795
44.73998465,0.284033097,2.627633314,0.621027042,0.062350197
44.74462332,0.282175078,2.616145502,0.643561137,0.06038367
44.74926199,0.287345217,2.609268995,0.688629326,0.064631368
44.75390066,0.286618166,2.602392488,0.631843407,0.066283251
44.75853933,0.280963327,2.591390076,0.634547499,0.060147687
44.763178,0.282175078,2.583057367,0.657982957,0.060540992
44.76781667,0.287991484,2.579497763,0.681418415,0.066676556
44.77245534,0.282740562,2.573430257,0.62282977,0.062900825
44.77709401,0.279428442,2.568171751,0.648969319,0.059282415
44.78173268,0.284517797,2.572054955,0.695840236,0.062664841
44.78637135,0.286698949,2.582410166,0.667897959,0.066676556
44.79101002,0.280882543,2.589043973,0.653476138,0.060698315
44.79564869,0.280882543,2.593493478,0.675108869,0.059911704
44.80028736,0.287991484,2.598751984,0.712966148,0.065653962
44.80492603,0.283952313,2.597862083,0.639955681,0.06400208
44.8095647,0.279347658,2.589448474,0.653476138,0.059125093
44.81420337,0.282417428,2.582571967,0.680517052,0.061012959
44.81884204,0.286860516,2.579416863,0.67060205,0.066833878
44.82348071,0.279993926,2.569547053,0.629139316,0.061406264
44.82811938,0.278701391,2.560324443,0.651673411,0.059439737
44.83275805,0.284760147,2.556117639,0.6967416,0.064080741
44.83739672,0.283548396,2.551668134,0.639955681,0.06549664
44.84203539,0.278297474,2.543820826,0.651673411,0.059282415
44.84667406,0.279913142,2.538076919,0.679615688,0.060069026
44.85131273,0.285406415,2.536378018,0.6967416,0.066361912
44.8559514,0.279428442,2.530472311,0.636350226,0.062114214
44.86059007,0.276924156,2.523595804,0.655278866,0.05888911
44.86522874,0.282013511,2.520845201,0.694938872,0.062428858
44.86986741,0.283709963,2.5193081,0.653476138,0.066047268
44.87450608,0.277166506,2.512916993,0.639054318,0.059754382
44.87914475,0.277408856,2.508629288,0.657982957,0.059046432
44.88378342,0.28411388,2.509761889,0.695840236,0.065181996
44.88842209,0.279832359,2.507173087,0.628237952,0.063372791
44.89306076,0.275954755,2.504503384,0.649870683,0.05888911
44.89769943,0.279993926,2.506525886,0.685925234,0.060698315
44.9023381,0.284437014,2.512836093,0.675108869,0.066125929
44.90697677,0.278459041,2.515667596,0.643561137,0.060305009
44.91161544,0.27797434,2.518499099,0.667897959,0.058810449
44.91625411,0.284679364,2.522139603,0.709360693,0.06400208
44.92089278,0.283063696,2.521249702,0.643561137,0.064788691
44.92553145,0.277328073,2.514534994,0.648969319,0.058810449
44.93017012,0.279670792,2.51016639,0.673306141,0.059911704
44.93480879,0.285487198,2.51032819,0.685023871,0.066361912
44.93944746,0.279024525,2.505959585,0.629139316,0.061406264
44.94408613,0.276924156,2.50062018,0.651673411,0.058338482
44.9487248,0.282336645,2.500053879,0.694037508,0.062271536
44.95336347,0.283306046,2.50126738,0.650772047,0.065339318
44.95800214,0.277328073,2.498193177,0.643561137,0.059046432
44.96264081,0.27821669,2.498031377,0.667897959,0.05888911
44.96727948,0.284517797,2.502804482,0.70395251,0.065103335
44.97191815,0.280640193,2.505150584,0.639955681,0.062507519
44.97655682,0.276762589,2.505959585,0.664292504,0.058259821
44.98119549,0.28080176,2.508143888,0.698544327,0.061327603
44.98583416,0.284517797,2.512107992,0.678714324,0.066125929
44.99047283,0.278378257,2.511703491,0.647166592,0.059754382
44.9951115,0.27748964,2.509600089,0.665193867,0.058495805
44.99975017,0.283709963,2.509357389,0.704853874,0.063766097
45.00438884,0.281124893,2.506525886,0.63725159,0.063687435
45.00902751,0.276116321,2.498759478,0.647166592,0.058653127
45.01366618,0.278539824,2.493500972,0.67060205,0.059754382
45.01830485,0.283952313,2.49172117,0.676010233,0.066047268
45.02294352,0.277408856,2.486462665,0.62282977,0.061012959
45.02758219,0.27514692,2.479505257,0.6444625,0.058338482
45.03222086,0.281124893,2.477401855,0.684122507,0.062428858
45.03685953,0.281528811,2.475622053,0.635448863,0.065339318
45.0414982,0.275712404,2.468341045,0.63004068,0.059203754
45.04613687,0.276116321,2.46340614,0.651673411,0.059203754
45.05077554,0.282336645,2.464134241,0.681418415,0.06549664
45.05541421,0.277651206,2.462354439,0.618322951,0.062664841
45.06005288,0.274500653,2.459522936,0.641758409,0.058338482
45.06469155,0.279024525,2.461060038,0.681418415,0.061406264
45.06933022,0.281851944,2.466156743,0.661588412,0.065811284
45.07396889,0.275550838,2.467693845,0.638152954,0.059990365
45.07860756,0.275550838,2.470606248,0.660687048,0.05888911
45.08324623,0.282013511,2.478453556,0.706656601,0.064316724
45.0878849,0.279186091,2.484682863,0.641758409,0.064080741
45.09252357,0.274823787,2.487837966,0.658884321,0.058653127
45.09716224,0.277651206,2.494148173,0.689530689,0.060147687
45.10180091,0.282659778,2.507173087,0.694037508,0.06620459
45.10643958,0.276358672,2.521654202,0.657081593,0.06109162
45.11107825,0.274985354,2.550535533,0.702149782,0.058653127
45.11571692,0.281124893,2.604010489,0.779667068,0.062664841
45.12035559,0.281124893,2.67067216,0.764343883,0.065024674
45.12499426,0.275954755,2.733774227,0.77786434,0.058967771
45.12963293,0.277570423,2.794772892,0.806707981,0.058810449
45.1342716,0.284517797,2.85010855,0.830143439,0.065260657
45.13891027,0.279751575,2.880122482,0.749922063,0.061878231
45.14354894,0.276843372,2.886351789,0.747217972,0.058023838
45.14818761,0.281367244,2.884167486,0.764343883,0.06109162
45.15282628,0.283952313,2.878828081,0.719275694,0.065811284
45.15746495,0.277085722,2.863942465,0.683221143,0.059518399
45.16210362,0.276843372,2.848571449,0.692234781,0.058653127
45.16674229,0.283629179,2.837649937,0.727387968,0.064631368
45.17138096,0.28055941,2.824382323,0.652574774,0.063530113
45.17601963,0.276277888,2.807150605,0.665193867,0.058574466
45.1806583,0.279751575,2.795015592,0.694037508,0.060147687
45.18529697,0.284840931,2.788867185,0.695840236,0.065889946
45.18993564,0.278378257,2.779644576,0.653476138,0.060776976
45.19457431,0.277004939,2.769532065,0.676010233,0.058653127
45.19921298,0.283548396,2.765972461,0.723782513,0.063215469
45.20385165,0.283548396,2.76500166,0.675108869,0.065103335
45.20849032,0.27821669,2.758853254,0.678714324,0.059282415
45.21312899,0.280155492,2.760633055,0.710262056,0.059754382
45.21776766,0.287426,2.773010769,0.757132973,0.06620459
45.22240633,0.282982912,2.781990678,0.709360693,0.062271536
45.227045,0.281851944,2.788139085,0.73009206,0.05888911
45.23168367,0.287345217,2.79283129,0.760738428,0.062114214
45.23632234,0.290334203,2.794611091,0.721078422,0.066125929
45.24096101,0.284275447,2.787168284,0.692234781,0.059833043
45.24559968,0.28459858,2.776974873,0.700347055,0.059203754
45.25023835,0.290818904,2.768884864,0.733697515,0.065024674
45.25487702,0.287587567,2.756426251,0.657081593,0.063766097
45.25951569,0.283225262,2.740812534,0.67060205,0.058653127
45.26415436,0.286456599,2.729405622,0.697642964,0.06038367
45.26879303,0.291222821,2.720425713,0.687727962,0.06620459
45.2734317,0.284517797,2.706915398,0.6444625,0.060855637
45.27807037,0.282336645,2.692191583,0.660687048,0.058653127
45.28270904,0.287991484,2.681189171,0.699445691,0.063451452
45.28734771,0.286698949,2.670105859,0.635448863,0.064867352
45.29198638,0.280963327,2.654249443,0.638152954,0.059361076
45.29662505,0.282255861,2.640172828,0.658884321,0.059911704
45.30126372,0.287749134,2.631192918,0.673306141,0.065968607
45.30590239,0.281609594,2.618653405,0.613816132,0.061956892
45.31054106,0.278701391,2.605143091,0.636350226,0.058259821
45.31517973,0.283144479,2.596567681,0.676010233,0.06179957
45.3198184,0.284517797,2.589933874,0.63725159,0.065260657
45.32445707,0.277570423,2.579255063,0.625533861,0.05888911
45.32909574,0.27797434,2.571165055,0.648067956,0.058102499
45.33373441,0.284275447,2.568252651,0.685925234,0.064788691
45.33837308,0.280074709,2.564207647,0.62282977,0.062979486
45.34301175,0.276197105,2.559110942,0.646265228,0.058417143
45.34765042,0.279751575,2.55757384,0.681418415,0.060462331
45.35228909,0.283386829,2.560405343,0.672404778,0.065732623
45.35692776,0.277004939,2.560081743,0.642659773,0.059833043
45.36156643,0.275631621,2.561133444,0.668799323,0.05818116
45.3662051,0.282740562,2.568009951,0.719275694,0.06329413
45.37084377,0.281528811,2.579174163,0.664292504,0.064080741
45.37548244,0.276762589,2.594383379,0.690432053,0.058574466
45.38012111,0.279509225,2.6138803,0.730993423,0.059282415
45.38475978,0.286295032,2.630788418,0.740908425,0.065575301
45.38939845,0.280317059,2.634671622,0.674207505,0.06109162
45.39403712,0.278135907,2.630060317,0.684122507,0.058338482
45.39867579,0.283306046,2.624720911,0.713867512,0.062114214
45.40331446,0.28411388,2.618896105,0.662489776,0.065103335
45.40795313,0.278297474,2.608298194,0.647166592,0.05888911
45.4125918,0.278539824,2.599480085,0.665193867,0.058810449
45.41723047,0.284840931,2.59511148,0.695840236,0.065181996
45.42186914,0.279913142,2.587506872,0.626435225,0.063058147
45.42650781,0.276681805,2.577798862,0.646265228,0.058338482
45.43114648,0.279993926,2.571731355,0.678714324,0.06109162
45.43578515,0.283144479,2.568495352,0.658884321,0.065889946
45.44042382,0.277004939,2.561052544,0.627336589,0.059990365
45.44506249,0.276197105,2.553690636,0.648969319,0.058653127
45.44970116,0.282659778,2.552234434,0.695840236,0.063608774
45.45433983,0.280963327,2.549483832,0.630942044,0.064159402
45.4589785,0.275954755,2.543416325,0.6444625,0.058417143
45.46361717,0.278701391,2.541070223,0.673306141,0.059911704
45.46825584,0.284194663,2.542607324,0.681418415,0.065732623
45.47289451,0.278055124,2.53856232,0.629139316,0.061012959
45.47753318,0.276035538,2.534112815,0.651673411,0.058495805
45.48217185,0.281690377,2.533789215,0.693136145,0.062350197
45.48681052,0.281851944,2.533546515,0.643561137,0.064788691
45.49144919,0.275873971,2.527398108,0.63725159,0.059203754
45.49608786,0.277328073,2.524485705,0.659785685,0.059282415
45.50072653,0.28411388,2.525699206,0.692234781,0.065653962
45.5053652,0.279266875,2.524809305,0.628237952,0.062743503
45.51000387,0.276197105,2.522058702,0.651673411,0.058574466
45.51464254,0.280478626,2.522058702,0.689530689,0.061170281
45.51928121,0.283952313,2.523514904,0.665193867,0.065811284
45.52391988,0.27748964,2.518094598,0.633646135,0.059911704
45.52855855,0.277247289,2.511946192,0.651673411,0.058653127
45.53319722,0.283467613,2.509357389,0.691333417,0.064474046
45.53783589,0.28080176,2.505635985,0.623731133,0.064159402
45.54247456,0.275954755,2.497545976,0.63725159,0.058731788
45.54711323,0.27821669,2.492449271,0.665193867,0.06038367
45.5517519,0.283467613,2.49139757,0.666996595,0.06620459
45.55639057,0.277085722,2.485653664,0.618322951,0.06109162
45.56102924,0.275227704,2.478615356,0.639955681,0.058259821
45.56566791,0.280640193,2.476754654,0.684122507,0.06329413
45.57030658,0.28104411,2.474813052,0.631843407,0.065732623
45.57494525,0.274985354,2.468745546,0.630942044,0.059675721
45.57958392,0.275954755,2.464376941,0.653476138,0.060069026
45.58422259,0.282578995,2.464619642,0.680517052,0.066676556
45.58886126,0.277166506,2.460736437,0.617421587,0.064080741
45.59349993,0.274339086,2.454911631,0.639054318,0.060462331
45.5981386,0.278620607,2.452403729,0.676911597,0.063923419
45.60277727,0.281205677,2.452565529,0.648969319,0.068721744
45.60741594,0.274743003,2.448520524,0.628237952,0.06329413
45.61205461,0.27490457,2.446417122,0.651673411,0.062979486
45.61669328,0.281690377,2.449976726,0.697642964,0.070058983
45.62133195,0.278539824,2.452080128,0.63004068,0.069822999
45.62597062,0.274015953,2.449653126,0.647166592,0.064946013
45.63060929,0.277166506,2.449329525,0.674207505,0.06691254
45.63524796,0.282094294,2.450947527,0.671503414,0.072654798
45.63988663,0.275873971,2.447630623,0.625533861,0.067305845
45.6445253,0.274096736,2.443504719,0.646265228,0.065024674
45.64916397,0.279993926,2.443747419,0.690432053,0.069587016
45.65380264,0.279428442,2.445203621,0.633646135,0.071238899
45.65844131,0.273935169,2.442857518,0.63725159,0.064946013
45.66307998,0.275793188,2.442129418,0.661588412,0.064788691
45.66771865,0.282175078,2.446578922,0.682319779,0.07131756
45.67235732,0.276762589,2.446902523,0.621027042,0.067620489
45.67699599,0.274258303,2.446740723,0.645363864,0.063766097
45.68163466,0.279105308,2.450300326,0.685023871,0.066597895
45.68627333,0.282336645,2.455963332,0.652574774,0.070137644
45.690912,0.275712404,2.456206033,0.633646135,0.064080741
45.69555067,0.275954755,2.457257734,0.654377502,0.06329413
45.70018934,0.282902129,2.46275894,0.695840236,0.068957727
45.70482801,0.279186091,2.464619642,0.627336589,0.067463167
45.70946668,0.275066137,2.462597139,0.645363864,0.062664841
45.71410535,0.278135907,2.46332524,0.674207505,0.064631368
45.71874402,0.282821345,2.466156743,0.665193867,0.069665677
45.72338269,0.276439455,2.462192639,0.624632497,0.063844758
45.72802136,0.275308487,2.457743134,0.646265228,0.061642248
45.73266003,0.28128646,2.458471235,0.694037508,0.066283251
45.7372987,0.280640193,2.461707238,0.640857045,0.067541828
45.74193737,0.275308487,2.461545438,0.651673411,0.06179957
45.74657604,0.277085722,2.461869039,0.674207505,0.062271536
45.75121471,0.283306046,2.46356794,0.687727962,0.068485761
45.75585338,0.277085722,2.459522936,0.627336589,0.064238063
45.76049205,0.274177519,2.453293629,0.646265228,0.060934298
45.76513072,0.279024525,2.450623927,0.684122507,0.064316724
45.76976939,0.280963327,2.450219426,0.645363864,0.06769915
45.77440806,0.274500653,2.44479912,0.632744771,0.061170281
45.77904673,0.274823787,2.440026015,0.651673411,0.060462331
45.7836854,0.281448027,2.439702415,0.687727962,0.066755217
45.78832407,0.277166506,2.436951812,0.618322951,0.064788691
45.79296274,0.273369685,2.431369706,0.63725159,0.060305009
45.79760141,0.276681805,2.428861804,0.668799323,0.06258618
45.80224008,0.280236276,2.429913505,0.65618023,0.067541828
45.80687875,0.273935169,2.4257876,0.620125678,0.061878231
45.81151742,0.272481068,2.421742596,0.641758409,0.060147687
45.81615609,0.279266875,2.421338096,0.685023871,0.065024674
45.82079476,0.277651206,2.421338096,0.623731133,0.065968607
45.82543343,0.272561851,2.41632229,0.633646135,0.059833043
45.8300721,0.274339086,2.413733488,0.659785685,0.060855637
45.83471077,0.280397843,2.415432389,0.672404778,0.067148523
45.83934944,0.274096736,2.413490787,0.618322951,0.062350197
45.84398811,0.271996367,2.410578384,0.642659773,0.059518399
45.84862678,0.277328073,2.411872786,0.684122507,0.063136808
45.85326545,0.278055124,2.413976188,0.642659773,0.066440573
45.85790412,0.272077151,2.411468285,0.632744771,0.060619654
45.86254279,0.272884985,2.409283983,0.653476138,0.059990365
45.86718146,0.279751575,2.411306485,0.685023871,0.066361912
45.87182013,0.275227704,2.409122183,0.618322951,0.063687435
45.8764588,0.271673233,2.404591778,0.639054318,0.059282415
45.88109747,0.275550838,2.403459177,0.672404778,0.061484925
45.88573614,0.279266875,2.404672678,0.652574774,0.066755217
45.89037481,0.272965768,2.400627674,0.621027042,0.060776976
45.89501348,0.272319501,2.398686072,0.641758409,0.059361076
45.89965215,0.278297474,2.401436674,0.687727962,0.064788691
45.90429082,0.276116321,2.403054676,0.62282977,0.064788691
45.90892949,0.271188533,2.400223173,0.635448863,0.059203754
45.91356816,0.273854386,2.399980473,0.662489776,0.06038367
45.91820683,0.279993926,2.403459177,0.668799323,0.066597895
45.9228455,0.273773602,2.402083875,0.618322951,0.061563586
45.92748417,0.271673233,2.399171472,0.639955681,0.058810449
45.93212284,0.277247289,2.399737773,0.681418415,0.062900825
45.93676151,0.277893557,2.400789474,0.632744771,0.065732623
45.94140018,0.2718348,2.39731077,0.627336589,0.059518399
45.94603885,0.273208118,2.394641067,0.648067956,0.059203754
45.95067752,0.279590008,2.39682537,0.678714324,0.065732623
45.95531619,0.274985354,2.394641067,0.613816132,0.062743503
45.95995486,0.271107749,2.390838763,0.634547499,0.058967771
45.96459353,0.27514692,2.390919663,0.67060205,0.061484925
45.9692322,0.278135907,2.393589366,0.648067956,0.066125929
45.97387087,0.2718348,2.391324164,0.621928406,0.059833043
45.97850954,0.2713501,2.389463462,0.642659773,0.058495805
45.98314821,0.278055124,2.391647764,0.686826598,0.064080741
45.98778688,0.275308487,2.391405064,0.620125678,0.063766097
45.99242555,0.270380699,2.389220762,0.63725159,0.058653127
45.99706422,0.273288902,2.390191563,0.666996595,0.060069026
46.00170289,0.278620607,2.394560167,0.671503414,0.066283251
46.00634156,0.272157934,2.39674447,0.628237952,0.061406264
46.01098023,0.270461482,2.401517575,0.658884321,0.058731788
46.0156189,0.276601022,2.410659284,0.709360693,0.063530113
46.02025757,0.277247289,2.423845998,0.67060205,0.06691254
46.02489624,0.271511667,2.436870912,0.683221143,0.062114214
46.02953491,0.273450469,2.454264431,0.715670239,0.063923419
46.03417358,0.28080176,2.481204159,0.760738428,0.072261493
46.03881225,0.276520239,2.51057089,0.717472967,0.071789526
46.04345092,0.274177519,2.539209521,0.750823427,0.071632204
46.04808959,0.279428442,2.579174163,0.801299798,0.077689107
46.05272826,0.283548396,2.639202027,0.825636621,0.083824671
46.05736693,0.279105308,2.743563137,0.922082545,0.078947684
46.0620056,0.286456599,2.935134541,1.115875758,0.078082412
46.06664427,0.29970508,3.196603618,1.304260789,0.083510026
46.07128294,0.300108997,3.379437812,1.210518955,0.082015466
46.07592161,0.296231393,3.456211993,1.097848483,0.076902496
46.08056028,0.299220379,3.47231111,1.01131756,0.078003751
46.08519895,0.302936417,3.459609797,0.921181181,0.083195382
46.08983762,0.295746692,3.426602562,0.808510709,0.07721714
46.09447629,0.294050241,3.38679972,0.77786434,0.074149358
46.09911496,0.298897246,3.348695779,0.780568431,0.07792509
46.10375363,0.297443144,3.310187338,0.695840236,0.079183667
46.1083923,0.291303604,3.266986693,0.676911597,0.072654798
46.11303097,0.291626738,3.228316451,0.685023871,0.072418815
46.11766964,0.297604711,3.195551917,0.695840236,0.078554379
46.12230831,0.290980471,3.160279479,0.627336589,0.074228019
46.12694698,0.28766835,3.12346994,0.643561137,0.070137644
46.13158565,0.291869088,3.091595306,0.679615688,0.073048103
46.13622432,0.293161623,3.064251077,0.643561137,0.076666513
46.14086299,0.285810332,3.033509045,0.625533861,0.070137644
46.14550166,0.285648765,3.004789514,0.645363864,0.06911505
46.15014033,0.291626738,2.982380191,0.685023871,0.074621325
46.154779,0.287506784,2.957948365,0.616520223,0.072890781
46.15941767,0.282821345,2.931655837,0.636350226,0.067384506
46.16405634,0.286052682,2.909408313,0.666996595,0.069036389
46.16869501,0.289849503,2.890639493,0.657982957,0.074542664
46.17333368,0.282982912,2.866935768,0.615618859,0.068643083
46.17797235,0.28104411,2.844283744,0.636350226,0.06620459
46.18261102,0.286698949,2.826243025,0.679615688,0.071002915
46.18724969,0.284760147,2.807797805,0.620125678,0.072025509
46.19188836,0.279186091,2.784983981,0.626435225,0.06549664
46.19652703,0.28128646,2.766538762,0.651673411,0.066047268
46.2011657,0.287102866,2.752623947,0.668799323,0.071868187
46.20580437,0.280478626,2.734987728,0.610210677,0.067777811
46.21044304,0.278055124,2.71735151,0.633646135,0.064316724
46.21508171,0.282417428,2.704326596,0.673306141,0.067463167
46.21972038,0.283952313,2.692434283,0.633646135,0.071002915
46.22435905,0.277408856,2.676173366,0.621027042,0.064474046
46.22899772,0.27773199,2.662663052,0.640857045,0.06400208
46.23363639,0.283952313,2.653116841,0.679615688,0.069744338
46.23827506,0.279509225,2.641548129,0.612914768,0.06769915
46.24291373,0.275308487,2.626986114,0.632744771,0.062822164
46.2475524,0.278862958,2.615498302,0.664292504,0.064710029
46.25219107,0.282821345,2.607489193,0.651673411,0.070216305
46.25682974,0.275873971,2.594221579,0.615618859,0.064080741
46.26146841,0.274177519,2.582571967,0.63725159,0.062192875
46.26610708,0.28055941,2.574805558,0.680517052,0.067148523
46.27074575,0.278701391,2.567767251,0.618322951,0.067856472
46.27538442,0.273450469,2.557007539,0.628237952,0.062035553
46.28002309,0.275873971,2.54818943,0.654377502,0.06258618
46.28466176,0.281124893,2.543092725,0.666996595,0.068957727
46.28930043,0.274581436,2.533789215,0.610210677,0.064238063
46.2939391,0.272481068,2.524323905,0.633646135,0.061170281
46.29857777,0.277651206,2.5194699,0.675108869,0.064946013
46.30321644,0.278862958,2.514696795,0.631843407,0.067935134
46.30785511,0.272481068,2.505716885,0.621027042,0.061642248
46.31249378,0.272965768,2.498031377,0.641758409,0.061248942
46.31713245,0.279751575,2.494876274,0.676010233,0.067541828
46.32177112,0.27514692,2.489375068,0.610210677,0.065260657
46.32640979,0.271511667,2.48185136,0.631843407,0.060698315
46.33104846,0.275227704,2.477806355,0.667897959,0.063058147
46.33568713,0.279266875,2.476107454,0.648969319,0.068092456
46.3403258,0.272723418,2.469797247,0.617421587,0.062192875
46.34496447,0.271915584,2.463810641,0.638152954,0.06038367
46.34960314,0.278055124,2.46283984,0.682319779,0.065968607
46.35424181,0.275873971,2.461383638,0.619224315,0.065732623
46.35888048,0.271188533,2.456772333,0.632744771,0.060147687
46.36351915,0.273450469,2.454345331,0.658884321,0.061170281
46.36815782,0.279266875,2.456610533,0.666996595,0.067384506
46.37279649,0.273127335,2.45410263,0.616520223,0.062507519
46.37743516,0.270542266,2.450785727,0.639955681,0.059518399
46.38207383,0.276277888,2.451756528,0.684122507,0.063451452
46.3867125,0.277247289,2.452889129,0.635448863,0.066361912
46.39135117,0.2713501,2.449167725,0.63004068,0.059990365
46.39598984,0.272561851,2.448035124,0.651673411,0.05959706
46.40062851,0.279024525,2.451190227,0.681418415,0.065889946
46.40526718,0.273612035,2.450300326,0.615618859,0.062900825
46.40990585,0.270623049,2.447226123,0.63725159,0.059046432
46.41454452,0.27514692,2.447630623,0.672404778,0.062114214
46.41918319,0.278297474,2.449976726,0.647166592,0.066833878
46.42382186,0.272238717,2.445122721,0.620125678,0.060776976
46.42846053,0.271754017,2.441724917,0.640857045,0.059046432
46.4330992,0.278459041,2.442695718,0.685023871,0.065024674
46.43773787,0.276035538,2.443019319,0.618322951,0.064710029
46.44237654,0.271511667,2.439297915,0.635448863,0.05959706
46.44701521,0.274015953,2.438812514,0.665193867,0.060698315
46.45165388,0.279186091,2.441805817,0.668799323,0.066519234
46.45629255,0.272884985,2.440106916,0.62282977,0.061484925
46.46093122,0.271754017,2.439055214,0.648969319,0.05888911
46.46556989,0.278135907,2.44447552,0.6967416,0.063451452
46.47020856,0.278378257,2.449086825,0.645363864,0.065653962
46.47484723,0.273046552,2.447873324,0.643561137,0.059518399
46.4794859,0.274500653,2.446659822,0.664292504,0.059518399
46.48412457,0.28080176,2.448520524,0.688629326,0.065889946
46.48876324,0.275470054,2.444960921,0.621928406,0.062743503
46.49340191,0.272238717,2.438812514,0.640857045,0.059046432
46.49804058,0.276439455,2.435981011,0.676911597,0.061878231
46.50267925,0.279266875,2.43476751,0.645363864,0.066361912
46.50731792,0.272481068,2.428457303,0.62282977,0.060226348
46.51195659,0.272642634,2.423603298,0.642659773,0.058967771
46.51659526,0.279347658,2.424331399,0.684122507,0.064474046
46.52123393,0.275954755,2.422066196,0.616520223,0.064080741
46.5258726,0.271107749,2.41632229,0.632744771,0.059125093
46.53051127,0.274177519,2.414461588,0.662489776,0.060540992
46.53514994,0.278701391,2.416888591,0.660687048,0.066361912
46.53978861,0.272238717,2.412924487,0.615618859,0.061170281
46.54442728,0.270946183,2.407746881,0.63725159,0.059125093
46.54906595,0.277247289,2.407585081,0.680517052,0.063451452
46.55370462,0.276358672,2.407261481,0.624632497,0.065260657
46.55834329,0.271026966,2.401760275,0.627336589,0.059046432
46.56298196,0.272157934,2.399252372,0.650772047,0.05959706
46.56762063,0.278620607,2.401517575,0.674207505,0.065575301
46.5722593,0.272965768,2.399333272,0.613816132,0.062114214
46.57689797,0.270219132,2.396097269,0.63725159,0.058653127
46.58153664,0.274985354,2.398038871,0.676911597,0.06179957
46.58617531,0.277328073,2.402488376,0.645363864,0.065889946
46.59081398,0.270623049,2.401841175,0.629139316,0.05959706
46.59545265,0.270865399,2.402164775,0.650772047,0.059439737
46.60009132,0.277570423,2.408555882,0.693136145,0.065103335
46.60472999,0.274339086,2.413086287,0.63004068,0.063923419
46.60936866,0.270299915,2.414704289,0.649870683,0.058810449
46.61400733,0.273854386,2.417293091,0.678714324,0.060855637
46.618646,0.27821669,2.421176295,0.667897959,0.066361912
46.62328467,0.271511667,2.418587493,0.625533861,0.060698315
46.62792334,0.270380699,2.414866089,0.645363864,0.058417143
46.63256201,0.276439455,2.414785189,0.685925234,0.063608774
46.63720068,0.275308487,2.414299788,0.625533861,0.064788691
46.64183935,0.269976782,2.409283983,0.630942044,0.058810449
46.64647802,0.271915584,2.407504181,0.654377502,0.05959706
46.65111669,0.27821669,2.411225585,0.673306141,0.066047268
46.65575536,0.272238717,2.411306485,0.617421587,0.061878231
46.66039403,0.269815215,2.411306485,0.641758409,0.058731788
46.6650327,0.27490457,2.414137988,0.683221143,0.062035553
46.66967137,0.276924156,2.418911093,0.6444625,0.065889946
46.67431004,0.271026966,2.417616692,0.63004068,0.059754382
46.67894871,0.271754017,2.416969491,0.649870683,0.059203754
46.68358738,0.278459041,2.419720094,0.686826598,0.065181996
46.68822605,0.27466222,2.419396494,0.618322951,0.06329413
46.69286472,0.270703832,2.41616049,0.63725159,0.058417143
46.69750339,0.274581436,2.41607959,0.668799323,0.060934298
46.70214206,0.278539824,2.418749293,0.655278866,0.066047268
46.70678073,0.272238717,2.41616049,0.621027042,0.060147687
46.7114194,0.271673233,2.414542488,0.643561137,0.058495805
46.71605807,0.278378257,2.419477394,0.691333417,0.063766097
46.72069674,0.276762589,2.424007798,0.631843407,0.064631368
46.72533541,0.271673233,2.422227997,0.640857045,0.05888911
46.72997408,0.27466222,2.420852695,0.664292504,0.05959706
46.73461275,0.280317059,2.422875197,0.674207505,0.065968607
46.73925142,0.274339086,2.419639194,0.617421587,0.061406264
46.74389009,0.2718348,2.414461588,0.63725159,0.058495805
46.74852876,0.277651206,2.413167187,0.678714324,0.062192875
46.75316743,0.278862958,2.413328987,0.632744771,0.065339318
46.7578061,0.272238717,2.408636782,0.62282977,0.059125093
46.76244477,0.273046552,2.404025477,0.643561137,0.05888911
46.76708344,0.279590008,2.404429978,0.676010233,0.064867352
46.77172211,0.27490457,2.402002975,0.609309313,0.062428858
46.77636078,0.271511667,2.396582669,0.629139316,0.058417143
46.78099945,0.275066137,2.395207368,0.66339114,0.060855637
46.78563812,0.278862958,2.39698717,0.6444625,0.065732623
46.79027679,0.271673233,2.392699465,0.613816132,0.059990365
46.79491546,0.271026966,2.388897161,0.634547499,0.058338482
46.79955413,0.277651206,2.389867962,0.679615688,0.063766097
46.8041928,0.275712404,2.390110662,0.615618859,0.06400208
46.80883147,0.270784616,2.386065658,0.629139316,0.058574466
46.81347014,0.273369685,2.385337557,0.657081593,0.059675721
46.81810881,0.279105308,2.388573561,0.665193867,0.065889946
46.82274748,0.273288902,2.389301662,0.618322951,0.061327603
46.82738615,0.272561851,2.391485964,0.650772047,0.058338482
46.83202482,0.278620607,2.399252372,0.701248419,0.062743503
46.83666349,0.280317059,2.40637158,0.65618023,0.065339318
46.84130216,0.275227704,2.40645248,0.648969319,0.059125093
46.84594083,0.27748964,2.407342381,0.665193867,0.059361076
46.8505795,0.28459858,2.411144685,0.691333417,0.06549664
46.85521817,0.279590008,2.409769383,0.621928406,0.062664841
46.85985684,0.276924156,2.404834478,0.639955681,0.058338482
46.86449551,0.281205677,2.403216476,0.672404778,0.06109162
46.86913418,0.284275447,2.403863677,0.647166592,0.065968607
46.87377285,0.277166506,2.399656873,0.619224315,0.059833043
46.87841152,0.276843372,2.395692768,0.639054318,0.058495805
46.88305019,0.283063696,2.39698717,0.681418415,0.064159402
46.88768886,0.279913142,2.396420869,0.613816132,0.063923419
46.89232753,0.275712404,2.391485964,0.63004068,0.058574466
46.8969662,0.27797434,2.389787062,0.658884321,0.059990365
46.90160487,0.283225262,2.392618565,0.664292504,0.065968607
46.90624354,0.277166506,2.390838763,0.618322951,0.060855637
46.91088221,0.275793188,2.388978061,0.639955681,0.05818116
46.91552088,0.281851944,2.391000563,0.684122507,0.062743503
46.92015955,0.281932728,2.392861265,0.632744771,0.064867352
46.92479822,0.276439455,2.390838763,0.630942044,0.05888911
46.92943689,0.27797434,2.389544362,0.653476138,0.05888911
46.93407556,0.28435623,2.391890464,0.678714324,0.065417979
46.93871423,0.278943741,2.390191563,0.612914768,0.061956892
46.9433529,0.275631621,2.385742058,0.634547499,0.058102499
46.94799157,0.280074709,2.385822958,0.67060205,0.061170281
46.95263024,0.282417428,2.386955559,0.639955681,0.065811284
46.95726891,0.276439455,2.382182454,0.617421587,0.059439737
46.96190758,0.276197105,2.379270051,0.638152954,0.058338482
46.96654625,0.282498212,2.380807153,0.679615688,0.064159402
46.97118492,0.279590008,2.379189151,0.612013404,0.063136808
46.97582359,0.275389271,2.375791347,0.630942044,0.058338482
46.98046226,0.278297474,2.375953147,0.661588412,0.060147687
46.98510093,0.282902129,2.380645352,0.662489776,0.065732623
46.9897396,0.276277888,2.379431851,0.618322951,0.060698315
46.99437827,0.27466222,2.376195848,0.639054318,0.058102499
46.99901694,0.281205677,2.37797565,0.681418415,0.062822164
47.00365561,0.280317059,2.37846105,0.623731133,0.064710029
47.00829428,0.27466222,2.373607045,0.624632497,0.058574466
47.01293295,0.276439455,2.371341843,0.648067956,0.058967771
47.01757162,0.282094294,2.374173346,0.667897959,0.065417979
47.02221029,0.276843372,2.372312644,0.607506585,0.061720909
47.02684896,0.274096736,2.368429439,0.630942044,0.058102499
47.03148763,0.278701391,2.36891484,0.668799323,0.061484925
47.0361263,0.280478626,2.371341843,0.634547499,0.065417979
47.04076497,0.274177519,2.367782239,0.617421587,0.059361076
47.04540364,0.274015953,2.365517036,0.638152954,0.058653127
47.05004231,0.28055941,2.367863139,0.678714324,0.064474046
47.05468098,0.276520239,2.367458638,0.610210677,0.063372791
47.05931965,0.272481068,2.364950736,0.630942044,0.058417143
47.06395832,0.276116321,2.365597936,0.662489776,0.060226348
47.06859699,0.280317059,2.370371042,0.654377502,0.065889946
47.07323566,0.273854386,2.36875304,0.613816132,0.060540992
47.07787433,0.272642634,2.367701339,0.63725159,0.058259821
47.082513,0.279105308,2.370613742,0.680517052,0.063766097
47.08715167,0.27773199,2.372150843,0.620125678,0.064631368
47.09179034,0.271915584,2.370047441,0.627336589,0.05888911
47.09642901,0.274096736,2.368348539,0.650772047,0.059518399
47.10106768,0.279670792,2.371584543,0.667897959,0.065889946
47.10570635,0.274177519,2.370856442,0.610210677,0.06179957
47.11034502,0.271754017,2.368024939,0.633646135,0.058417143
47.11498369,0.276520239,2.369400241,0.672404778,0.06179957
47.11962236,0.278135907,2.372069943,0.631843407,0.065653962
47.12426103,0.271511667,2.368348539,0.620125678,0.059361076
47.1288997,0.2718348,2.365517036,0.639955681,0.058653127
47.13353837,0.278378257,2.367863139,0.67781296,0.064631368
47.13817704,0.274015953,2.367539539,0.609309313,0.062822164
47.14281571,0.270138348,2.362766433,0.629139316,0.058417143
47.14745438,0.273854386,2.362200133,0.660687048,0.060540992
47.15209305,0.277651206,2.364222635,0.645363864,0.065811284
47.15673172,0.270865399,2.361391132,0.610210677,0.06038367
47.16137039,0.270138348,2.358559629,0.631843407,0.058495805
47.16600906,0.276439455,2.360420331,0.676911597,0.063687435
47.17064773,0.274743003,2.362766433,0.614717496,0.064395385
47.1752864,0.269734431,2.360905732,0.627336589,0.058338482
47.17992507,0.271996367,2.360096731,0.652574774,0.059518399
47.18456374,0.277651206,2.363737235,0.664292504,0.065889946
47.18920241,0.271673233,2.363494534,0.609309313,0.061484925
47.19384108,0.269411298,2.361148432,0.633646135,0.057945177
47.19847975,0.27441987,2.362928234,0.674207505,0.062035553
47.20311842,0.275550838,2.365193436,0.630942044,0.065417979
47.20775709,0.269815215,2.363170934,0.623731133,0.059125093
47.21239576,0.269976782,2.362928234,0.645363864,0.058574466
47.21703443,0.276601022,2.366730538,0.676911597,0.065024674
47.2216731,0.272238717,2.366811438,0.609309313,0.062507519
47.22631177,0.268845814,2.363413634,0.63004068,0.058023838
47.23095044,0.272723418,2.363251834,0.664292504,0.060540992
47.23558911,0.276116321,2.365597936,0.643561137,0.065653962
47.24022778,0.269653648,2.362442833,0.612914768,0.059833043
47.24486645,0.269007381,2.360663031,0.634547499,0.05818116
47.24950512,0.275712404,2.362928234,0.678714324,0.063687435
47.25414379,0.273773602,2.364303535,0.615618859,0.063844758
47.25878246,0.269088164,2.361552932,0.629139316,0.058338482
47.26342113,0.27159245,2.361067532,0.65618023,0.059675721
47.2680598,0.277004939,2.364465335,0.66339114,0.065653962
47.27269847,0.270703832,2.365031636,0.613816132,0.06109162
47.27733714,0.269249731,2.366245137,0.639955681,0.05818116
47.28197581,0.275066137,2.372150843,0.685925234,0.062350197
47.28661448,0.275227704,2.37813745,0.639955681,0.065103335
47.29125315,0.269653648,2.380079052,0.638152954,0.059282415
47.29589182,0.270784616,2.385499358,0.662489776,0.05888911
47.30053049,0.277166506,2.399495072,0.697642964,0.065339318
47.30516916,0.272965768,2.411630085,0.639955681,0.062271536
47.30980783,0.269976782,2.426353901,0.672404778,0.057866516
47.3144465,0.274985354,2.449005925,0.721979786,0.060855637
47.31908517,0.278701391,2.471738849,0.702149782,0.065889946
47.32372384,0.272723418,2.485330063,0.676010233,0.059754382
47.32836251,0.272642634,2.493015572,0.690432053,0.058653127
47.33300118,0.280236276,2.498435877,0.724683877,0.064080741
47.33763985,0.277651206,2.499002178,0.648969319,0.063687435
47.34227852,0.272804201,2.493420072,0.655278866,0.058417143
47.34691719,0.275793188,2.488808767,0.676911597,0.060305009
47.35155586,0.28080176,2.486624465,0.672404778,0.065968607
47.35619453,0.274096736,2.479424357,0.620125678,0.060855637
47.3608332,0.272642634,2.47238605,0.639054318,0.05818116
47.36547187,0.278701391,2.470120847,0.679615688,0.062900825
47.37011054,0.27821669,2.468179245,0.626435225,0.065024674
47.37474921,0.272077151,2.461545438,0.626435225,0.058810449
47.37938788,0.273612035,2.457015033,0.648969319,0.059125093
47.38402655,0.279590008,2.458066735,0.673306141,0.065732623
47.38866522,0.274258303,2.454830731,0.610210677,0.062507519
47.39330389,0.271511667,2.449572226,0.633646135,0.058495805
47.39794256,0.275793188,2.448196924,0.672404778,0.061170281
47.40258123,0.278297474,2.448520524,0.642659773,0.065732623
47.4072199,0.271673233,2.443747419,0.621027042,0.05959706
47.41185857,0.271673233,2.439136114,0.639955681,0.058574466
47.41649724,0.278862958,2.438893414,0.681418415,0.064552707
47.42113591,0.27514692,2.437922613,0.613816132,0.063687435
47.42577458,0.270784616,2.432664108,0.631843407,0.058574466
47.43041325,0.274015953,2.431127006,0.662489776,0.060305009
47.43505192,0.279105308,2.433230408,0.658884321,0.065889946
47.43969059,0.272400284,2.429994405,0.615618859,0.060698315
47.44432926,0.271188533,2.427324702,0.638152954,0.058574466
47.44896793,0.277570423,2.430237105,0.685925234,0.063215469
47.4536066,0.277004939,2.432016907,0.629139316,0.065024674
47.45824527,0.271269316,2.428133703,0.63004068,0.058967771
47.46288394,0.272723418,2.4258685,0.652574774,0.059361076
47.46752261,0.279024525,2.427405602,0.672404778,0.06549664
47.47216128,0.273531252,2.4252213,0.610210677,0.062035553
47.47679995,0.270784616,2.420448195,0.631843407,0.058653127
47.48143862,0.275873971,2.419153793,0.67060205,0.061406264
47.48607729,0.277812773,2.420124594,0.635448863,0.06549664
47.49071596,0.2713501,2.41648409,0.619224315,0.059361076
47.49535463,0.271673233,2.412843587,0.639054318,0.05888911
47.4999933,0.278539824,2.415189689,0.67781296,0.065024674
47.50463197,0.274985354,2.414704289,0.61111204,0.063136808
47.50927064,0.270542266,2.411468285,0.63004068,0.058574466
47.51390931,0.274015953,2.410416584,0.661588412,0.060462331
47.51854798,0.278378257,2.412681786,0.653476138,0.065811284
47.52318665,0.272077151,2.410821084,0.613816132,0.060462331
47.52782532,0.270542266,2.409122183,0.636350226,0.058731788
47.53246399,0.276924156,2.410578384,0.682319779,0.063687435
47.53710266,0.275712404,2.411791885,0.62282977,0.064552707
47.54174133,0.270623049,2.410092984,0.631843407,0.05888911
47.54638,0.272723418,2.411144685,0.659785685,0.059361076
47.55101867,0.279024525,2.418749293,0.679615688,0.06549664
47.55565734,0.273854386,2.423279698,0.625533861,0.061484925
47.56029601,0.271915584,2.429347204,0.65618023,0.05818116
47.56493468,0.278135907,2.448601425,0.713867512,0.061720909
47.56957335,0.281932728,2.479667057,0.702149782,0.06549664
47.57421202,0.277570423,2.507820287,0.707557965,0.059518399
47.57885069,0.279428442,2.527479008,0.723782513,0.058967771
47.58348936,0.287022083,2.541393823,0.749922063,0.065103335
47.58812803,0.282982912,2.545762428,0.669700686,0.063058147
47.5927667,0.279266875,2.543659025,0.680517052,0.058653127
47.59740537,0.283790746,2.543820826,0.705755238,0.060855637
47.60204404,0.288153051,2.545843328,0.685023871,0.066361912
47.60668271,0.282255861,2.541312923,0.6444625,0.060462331
47.61132138,0.281932728,2.535649917,0.660687048,0.058967771
47.61596005,0.288880102,2.534031915,0.702149782,0.063844758
47.62059872,0.288314618,2.531604913,0.63725159,0.064710029
47.62523739,0.283952313,2.525052006,0.648969319,0.059125093
47.62987606,0.287426,2.520845201,0.673306141,0.060147687
47.63451473,0.293727107,2.520278901,0.683221143,0.066597895
47.6391534,0.288072268,2.515182195,0.623731133,0.06179957
47.64379207,0.285891115,2.508952889,0.643561137,0.05888911
47.64843074,0.290818904,2.505555085,0.683221143,0.06258618
47.65306941,0.291707521,2.502885382,0.638152954,0.065811284
47.65770808,0.284921714,2.495361674,0.628237952,0.059439737
47.66234675,0.285325631,2.488242467,0.647166592,0.059125093
47.66698542,0.291545955,2.486786265,0.679615688,0.065181996
47.67162409,0.286375816,2.481446859,0.612914768,0.062979486
47.67626276,0.282578995,2.473761351,0.632744771,0.058810449
47.68090143,0.285729548,2.469797247,0.666996595,0.061170281
47.6855401,0.288718535,2.467774745,0.647166592,0.066047268
47.69017877,0.281851944,2.460655537,0.615618859,0.059833043
47.69481744,0.280478626,2.45377903,0.635448863,0.058810449
47.69945611,0.286779733,2.451675628,0.679615688,0.064080741
47.70409478,0.284033097,2.449086825,0.615618859,0.064238063
47.70873345,0.279186091,2.442291218,0.629139316,0.058810449
47.71337212,0.281690377,2.438569814,0.655278866,0.059990365
47.71801079,0.2869413,2.438488914,0.662489776,0.066125929
47.72264946,0.280720976,2.434120309,0.610210677,0.061248942
47.72728813,0.27821669,2.428457303,0.633646135,0.058653127
47.7319268,0.284033097,2.427162902,0.676010233,0.062507519
47.73656547,0.28435623,2.4255449,0.626435225,0.065103335
47.74120414,0.278135907,2.419315593,0.621027042,0.059046432
47.74584281,0.278459041,2.415513289,0.642659773,0.058967771
47.75048148,0.285164064,2.415513289,0.672404778,0.065181996
47.75512015,0.280074709,2.412358186,0.608407949,0.062507519
47.75975882,0.276520239,2.407180581,0.63004068,0.058495805
47.76439749,0.28080176,2.405643479,0.666095231,0.060934298
47.76903616,0.283790746,2.407180581,0.642659773,0.065732623
47.77367483,0.277004939,2.403297376,0.618322951,0.060069026
47.7783135,0.276439455,2.400789474,0.640857045,0.059125093
47.78295217,0.282982912,2.403620977,0.684122507,0.064552707
47.78759084,0.279913142,2.403782777,0.616520223,0.064159402
47.79222951,0.27514692,2.400789474,0.632744771,0.058653127
47.79686818,0.278055124,2.401598475,0.66339114,0.060069026
47.80150685,0.282821345,2.40677608,0.665193867,0.066125929
47.80614552,0.276277888,2.40620978,0.618322951,0.061248942
47.81078419,0.274500653,2.403216476,0.639054318,0.058417143
47.81542286,0.280317059,2.403944577,0.681418415,0.062743503
47.82006153,0.279993926,2.405158078,0.628237952,0.065103335
47.8247002,0.274339086,2.402731076,0.628237952,0.058967771
47.82933887,0.275550838,2.401193974,0.650772047,0.059125093
47.83397754,0.281528811,2.404753578,0.676911597,0.065339318
47.83861621,0.276358672,2.403782777,0.612914768,0.062114214
47.84325488,0.273046552,2.399980473,0.635448863,0.058417143
47.84789355,0.27821669,2.401193974,0.674207505,0.061563586
47.85253222,0.281205677,2.405805279,0.647166592,0.065968607
47.85717089,0.274339086,2.404349078,0.628237952,0.059833043
47.86180956,0.274743003,2.403863677,0.651673411,0.058810449
47.86644823,0.281690377,2.408960382,0.694938872,0.064474046
47.8710869,0.279024525,2.410740184,0.628237952,0.063608774
47.87572557,0.275550838,2.409445783,0.645363864,0.058810449
47.88036424,0.279428442,2.410659284,0.676911597,0.060619654
47.88500291,0.284760147,2.41559419,0.676911597,0.065968607
47.88964158,0.278701391,2.416969491,0.636350226,0.060855637
47.89428025,0.277570423,2.418911093,0.660687048,0.058967771
47.89891892,0.283952313,2.424007798,0.705755238,0.063844758
47.90355759,0.282982912,2.429751705,0.648969319,0.065653962
47.90819626,0.27748964,2.431531506,0.65618023,0.059990365
47.91283493,0.279751575,2.43533381,0.682319779,0.06109162
47.9174736,0.285567982,2.442533918,0.704853874,0.067856472
47.92211227,0.280478626,2.443828319,0.646265228,0.065811284
47.92675094,0.278135907,2.442372118,0.676911597,0.066440573
47.93138961,0.28387153,2.445527221,0.721979786,0.075565258
47.93602828,0.286052682,2.449895826,0.687727962,0.084217976
47.94066695,0.279832359,2.449814926,0.666996595,0.080599567
47.94530562,0.280478626,2.450138526,0.683221143,0.080520905
47.94994429,0.287102866,2.455397032,0.716571603,0.08673513
47.95458296,0.283629179,2.456044232,0.643561137,0.085083248
47.95922163,0.279913142,2.45353633,0.657982957,0.0801276
47.9638603,0.282902129,2.454668931,0.685023871,0.081543499
47.96849897,0.2869413,2.457985834,0.672404778,0.086499147
47.97313764,0.280074709,2.455963332,0.629139316,0.079970278
47.97777631,0.279105308,2.453131829,0.649870683,0.077453124
47.98241498,0.285083281,2.454426231,0.693136145,0.082015466
47.98705365,0.283629179,2.454911631,0.631843407,0.082487432
47.99169232,0.27797434,2.450623927,0.638152954,0.075958563
47.99633099,0.279590008,2.448682325,0.660687048,0.076115885
48.00096966,0.285567982,2.450381226,0.676010233,0.081779483
48.00560833,0.279266875,2.446740723,0.617421587,0.077059818
48.010247,0.276358672,2.440511416,0.638152954,0.073126764
48.01488567,0.281528811,2.438731614,0.67781296,0.076351869
48.01952434,0.282659778,2.437518113,0.635448863,0.079183667
48.02416301,0.275954755,2.431450606,0.621928406,0.072340154
48.02880168,0.276439455,2.427162902,0.641758409,0.071474882
48.03344035,0.283063696,2.427162902,0.680517052,0.076902496
48.03807902,0.279186091,2.4259494,0.614717496,0.074464003
48.04271769,0.275308487,2.422470697,0.635448863,0.069429694
48.04735636,0.279105308,2.422389797,0.667897959,0.07131756
48.05199503,0.282982912,2.424088699,0.653476138,0.07643053
48.0566337,0.275954755,2.420771795,0.618322951,0.070137644
48.06127237,0.274985354,2.417293091,0.638152954,0.068328439
48.06591104,0.28128646,2.417859392,0.681418415,0.072890781
48.07054971,0.279428442,2.416807691,0.619224315,0.073126764
48.07518838,0.274177519,2.413571687,0.630942044,0.067227184
48.07982705,0.276277888,2.411791885,0.657081593,0.067935134
48.08446572,0.281690377,2.412924487,0.667897959,0.073913375
48.08910439,0.276520239,2.408313182,0.613816132,0.068879066
48.09374306,0.274177519,2.403701877,0.63725159,0.06549664
48.09838173,0.279913142,2.403054676,0.679615688,0.069193711
48.1030204,0.281124893,2.404349078,0.636350226,0.071868187
48.10765907,0.275066137,2.401355774,0.628237952,0.065575301
48.11229774,0.275550838,2.400789474,0.650772047,0.065103335
48.11693641,0.282255861,2.404429978,0.685925234,0.07131756
48.12157508,0.277570423,2.403782777,0.619224315,0.0684071
48.12621375,0.273692819,2.400223173,0.639955681,0.063923419
48.13085242,0.277893557,2.400951274,0.675108869,0.066519234
48.13549109,0.281367244,2.405158078,0.65618023,0.07131756
48.14012976,0.275066137,2.403782777,0.627336589,0.065181996
48.14476843,0.274015953,2.403540077,0.648067956,0.063530113
48.1494071,0.280397843,2.408394082,0.693136145,0.068721744
48.15404577,0.278378257,2.411791885,0.63004068,0.068800405
48.15868444,0.274177519,2.412196386,0.649870683,0.062900825
48.16332311,0.276843372,2.414866089,0.680517052,0.064080741
48.16796178,0.282013511,2.419720094,0.685925234,0.070294966
48.17260045,0.276116321,2.422713397,0.639054318,0.065024674
48.17723912,0.274743003,2.4257876,0.666996595,0.062114214
48.18187779,0.280478626,2.430479805,0.707557965,0.066440573
48.18651646,0.28080176,2.433796709,0.653476138,0.068800405
48.19115513,0.274823787,2.430641605,0.6444625,0.062428858
48.1957938,0.275712404,2.428538203,0.660687048,0.062192875
48.20043247,0.281851944,2.429023604,0.685925234,0.068485761
48.20507114,0.276681805,2.426273001,0.618322951,0.065417979
48.20970981,0.273692819,2.421580796,0.639054318,0.061327603
48.21434848,0.278135907,2.419800994,0.672404778,0.064080741
48.21898715,0.28080176,2.420448195,0.647166592,0.068800405
48.22362582,0.274177519,2.41591779,0.621928406,0.062350197
48.22826449,0.273854386,2.413733488,0.642659773,0.060855637
48.23290316,0.280640193,2.41559419,0.686826598,0.066597895
48.23754183,0.27773199,2.415270589,0.621928406,0.066440573
48.2421805,0.273854386,2.412600886,0.640857045,0.061012959
48.24681917,0.276439455,2.413571687,0.67060205,0.06258618
48.25145784,0.281528811,2.417616692,0.672404778,0.0684071
48.25609651,0.275550838,2.417050391,0.627336589,0.06329413
48.26073518,0.274096736,2.416564991,0.651673411,0.060855637
48.26537385,0.279913142,2.420043694,0.695840236,0.065103335
48.27001252,0.280155492,2.423279698,0.641758409,0.067305845
48.27465119,0.274581436,2.421499896,0.639955681,0.060855637
48.27928986,0.276035538,2.421095395,0.661588412,0.061484925
48.28392853,0.282255861,2.4255449,0.686826598,0.06769915
48.2885672,0.277651206,2.426111201,0.625533861,0.064080741
48.29320587,0.274743003,2.426111201,0.649870683,0.060226348
48.29784454,0.279670792,2.430237105,0.687727962,0.063530113
48.30248321,0.282094294,2.436547312,0.657081593,0.067856472
48.30712188,0.276035538,2.439540615,0.639955681,0.061406264
48.31176055,0.277328073,2.446902523,0.666996595,0.060540992
48.31639922,0.284517797,2.46275894,0.715670239,0.066125929
48.32103789,0.281851944,2.478696256,0.650772047,0.065181996
48.32567656,0.278297474,2.488727867,0.666996595,0.060305009
48.33031523,0.281690377,2.495442574,0.693136145,0.061956892
48.3349539,0.286618166,2.50134828,0.685023871,0.067541828
48.33959257,0.279832359,2.498840378,0.63725159,0.062271536
48.34423124,0.278782174,2.494390873,0.655278866,0.060069026
48.34886991,0.28435623,2.493824572,0.697642964,0.064631368
48.35350858,0.283952313,2.493500972,0.639955681,0.066440573
48.35814725,0.278055124,2.488646967,0.642659773,0.060855637
48.36278592,0.280317059,2.484278362,0.665193867,0.061878231
48.36742459,0.286618166,2.483712062,0.684122507,0.068013795
48.37206326,0.280963327,2.479343457,0.624632497,0.06400208
48.37670193,0.278459041,2.473195051,0.646265228,0.060619654
48.3813406,0.283225262,2.470687148,0.684122507,0.063923419
48.38597927,0.285164064,2.470120847,0.647166592,0.067620489
48.39061794,0.278620607,2.46364884,0.628237952,0.061327603
48.39525661,0.278620607,2.457985834,0.648067956,0.060540992
48.39989528,0.285325631,2.456934133,0.685925234,0.066440573
48.40453395,0.281528811,2.453293629,0.617421587,0.064946013
48.40917262,0.277166506,2.446578922,0.63725159,0.060147687
48.41381129,0.280317059,2.443585619,0.667897959,0.062114214
48.41844996,0.284517797,2.445365421,0.659785685,0.067856472
48.42308863,0.27773199,2.443100219,0.623731133,0.062114214
48.4277273,0.276843372,2.440754116,0.649870683,0.060069026
48.43236597,0.283063696,2.441563117,0.692234781,0.065181996
48.43700464,0.281528811,2.439945115,0.630942044,0.066361912
48.44164331,0.276358672,2.43484841,0.63725159,0.060619654
48.44628198,0.27797434,2.432097807,0.660687048,0.061484925
48.45092065,0.28435623,2.433311308,0.676010233,0.06769915
48.45555932,0.27797434,2.430560705,0.618322951,0.063923419
48.46019799,0.275712404,2.426758401,0.641758409,0.060934298
48.46483666,0.280963327,2.427971903,0.683221143,0.064395385
48.46947533,0.282094294,2.429994405,0.643561137,0.068092456
48.474114,0.275954755,2.427324702,0.631843407,0.062350197
48.47875267,0.276358672,2.4258685,0.652574774,0.062114214
48.48339134,0.282902129,2.428052803,0.687727962,0.068485761
48.48803001,0.278862958,2.427082002,0.620125678,0.06691254
48.49266868,0.275389271,2.422389797,0.639955681,0.062428858
48.49730735,0.279105308,2.422308897,0.672404778,0.065181996
48.50194602,0.282982912,2.4258685,0.657081593,0.071002915
48.50658469,0.276277888,2.424816799,0.625533861,0.065339318
48.51122336,0.276116321,2.424493199,0.648969319,0.063608774
48.51586203,0.282336645,2.428619103,0.694938872,0.068879066
48.5205007,0.280640193,2.432016907,0.634547499,0.069587016
48.52513937,0.275308487,2.432906808,0.648969319,0.063608774
48.52977804,0.27773199,2.433634909,0.675108869,0.064631368
48.53441671,0.282982912,2.437841713,0.684122507,0.071002915
48.53905538,0.277004939,2.436628212,0.627336589,0.066125929
48.54369405,0.27490457,2.433958509,0.648067956,0.063215469
48.54833272,0.280155492,2.435495611,0.688629326,0.067148523
48.55297139,0.281367244,2.437760813,0.642659773,0.070058983
48.55761006,0.27490457,2.43492931,0.632744771,0.063766097
48.56224873,0.275470054,2.432583208,0.653476138,0.063608774
48.5668874,0.282417428,2.435414711,0.684122507,0.069508355
48.57152607,0.27748964,2.43468661,0.618322951,0.066833878
48.57616474,0.27466222,2.43476751,0.646265228,0.062507519
48.58080341,0.279266875,2.442938419,0.688629326,0.065103335
48.58544208,0.283063696,2.452484629,0.672404778,0.069822999
48.59008075,0.276439455,2.45345543,0.639054318,0.064080741
48.59471942,0.275954755,2.451756528,0.65618023,0.062271536
48.59935809,0.282498212,2.454668931,0.698544327,0.067856472
48.60399676,0.280397843,2.45410263,0.631843407,0.06769915
48.60863543,0.275470054,2.449167725,0.642659773,0.062350197
48.6132741,0.27797434,2.446821623,0.666996595,0.063372791
48.61791277,0.283467613,2.447630623,0.67060205,0.069429694
48.62255144,0.277085722,2.443423819,0.618322951,0.064395385
48.62719011,0.27514692,2.439217015,0.640857045,0.061563586
48.63182878,0.28080176,2.439702415,0.683221143,0.065653962
48.63646745,0.28128646,2.440511416,0.633646135,0.068249778
48.64110612,0.275227704,2.436628212,0.631843407,0.06179957
48.64574479,0.276520239,2.43492931,0.655278866,0.061720909
48.65038346,0.282498212,2.436951812,0.683221143,0.067777811
48.65502213,0.277651206,2.43452481,0.617421587,0.064867352
48.6596608,0.274258303,2.429428104,0.639054318,0.060855637
48.66429947,0.278055124,2.428052803,0.673306141,0.063844758
48.66893814,0.281205677,2.427810102,0.647166592,0.068092456
48.67357681,0.274581436,2.422066196,0.620125678,0.061956892
48.67821548,0.273854386,2.417293091,0.639955681,0.060540992
48.68285415,0.280236276,2.417373991,0.682319779,0.066047268
48.68749282,0.277570423,2.415189689,0.615618859,0.065575301
48.69213149,0.272400284,2.408879482,0.630942044,0.060069026
48.69677016,0.275389271,2.406128879,0.658884321,0.061642248
48.70140883,0.280720976,2.407746881,0.659785685,0.067541828
48.7060475,0.274177519,2.404106377,0.613816132,0.062271536
48.71068617,0.272400284,2.399575973,0.636350226,0.059990365
48.71532484,0.27797434,2.399980473,0.680517052,0.064474046
48.71996351,0.27797434,2.401598475,0.63004068,0.066361912
48.72460218,0.272561851,2.399252372,0.632744771,0.060226348
48.72924085,0.274015953,2.399737773,0.658884321,0.060540992
48.73387952,0.280317059,2.404510878,0.685023871,0.06691254
48.73851819,0.275389271,2.404510878,0.62282977,0.06329413
48.74315686,0.272481068,2.401517575,0.6444625,0.059518399
48.74779553,0.277085722,2.402407476,0.680517052,0.062743503
48.7524342,0.279105308,2.404672678,0.648067956,0.067148523
48.75707287,0.272965768,2.402002975,0.626435225,0.060776976
48.76171154,0.272884985,2.399090572,0.645363864,0.059833043
48.76635021,0.279347658,2.400061373,0.685925234,0.065339318
48.77098888,0.276035538,2.399818673,0.618322951,0.064395385
48.77562755,0.2718348,2.395854569,0.636350226,0.059675721
48.78026622,0.274823787,2.394641067,0.665193867,0.061248942
48.78490489,0.279428442,2.39682537,0.660687048,0.06691254
48.78954356,0.272884985,2.394721967,0.618322951,0.061563586
48.79418223,0.271673233,2.392214065,0.639955681,0.059282415
48.7988209,0.277651206,2.393993867,0.685023871,0.06400208
48.80345957,0.276843372,2.395369168,0.629139316,0.065653962
48.80809824,0.2713501,2.391485964,0.631843407,0.059754382
48.81273691,0.273450469,2.390434263,0.655278866,0.060069026
48.81737558,0.279428442,2.393508466,0.676010233,0.066676556
48.82201425,0.273531252,2.393184866,0.617421587,0.062743503
48.82665292,0.271269316,2.390838763,0.639955681,0.059203754
48.83129159,0.276277888,2.393427566,0.680517052,0.062428858
48.83593026,0.278297474,2.39674447,0.647166592,0.066361912
48.84056893,0.272238717,2.395045568,0.630942044,0.060147687
48.8452076,0.272723418,2.395288268,0.651673411,0.05959706
48.84984627,0.279105308,2.400061373,0.692234781,0.065653962
48.85448494,0.276277888,2.402164775,0.624632497,0.06400208
48.85912361,0.271754017,2.401032174,0.646265228,0.059203754
48.86376228,0.275712404,2.404349078,0.680517052,0.061248942
48.86840095,0.280074709,2.410821084,0.672404778,0.066833878
48.87303962,0.273692819,2.411306485,0.632744771,0.060855637
48.87767829,0.272884985,2.411872786,0.653476138,0.059125093
48.88231696,0.279509225,2.417616692,0.700347055,0.064080741
48.88695563,0.278620607,2.422066196,0.642659773,0.065103335
48.8915943,0.273854386,2.424088699,0.652574774,0.059282415
48.89623297,0.276601022,2.428861804,0.678714324,0.059833043
48.90087164,0.282821345,2.437113612,0.694938872,0.066440573
48.90551031,0.278297474,2.442372118,0.640857045,0.062271536
48.91014898,0.276681805,2.447792424,0.668799323,0.058653127
48.91478765,0.282578995,2.456610533,0.71116342,0.06258618
48.91942632,0.28435623,2.464781442,0.671503414,0.066125929
48.92406499,0.279024525,2.467532045,0.660687048,0.059675721
48.92870366,0.280155492,2.47295235,0.682319779,0.059439737
48.93334233,0.287587567,2.482579461,0.719275694,0.06549664
48.937981,0.284517797,2.490264969,0.653476138,0.063608774
48.94261967,0.28128646,2.494229073,0.674207505,0.059125093
48.94725834,0.286295032,2.501429181,0.707557965,0.061406264
48.95189701,0.291303604,2.513725994,0.6967416,0.066676556
48.95653568,0.286052682,2.522867703,0.667897959,0.060698315
48.96117435,0.286295032,2.532252113,0.691333417,0.059046432
48.96581302,0.294938858,2.546895029,0.743612516,0.064238063
48.97045169,0.294858075,2.563479546,0.695840236,0.064946013
48.97509036,0.291545955,2.582814667,0.721979786,0.059361076
48.97972903,0.295423559,2.607084693,0.757132973,0.059990365
48.9843677,0.303986601,2.636127823,0.775160249,0.066440573
48.98900637,0.300351347,2.661692251,0.726486605,0.061720909
48.99364504,0.301724665,2.684506075,0.752626154,0.058731788
48.99828371,0.310933975,2.709666001,0.802201162,0.062979486
49.00292238,0.314730796,2.729729223,0.765245247,0.066125929
49.00756105,0.310287708,2.744453038,0.758935701,0.059990365
49.01219972,0.31222651,2.757963353,0.776061613,0.059754382
49.01683839,0.32143582,2.777460273,0.809412072,0.066047268
49.02147706,0.31836605,2.790161587,0.733697515,0.063608774
49.02611573,0.315700197,2.794611091,0.749922063,0.059518399
49.0307544,0.320224068,2.798736996,0.776962976,0.062114214
49.03539307,0.323859322,2.801487599,0.746316608,0.067069862
49.04003174,0.317558215,2.796229093,0.706656601,0.061170281
49.04467041,0.316669598,2.789837986,0.716571603,0.059675721
49.04930908,0.322970705,2.786763783,0.757132973,0.065024674
49.05394775,0.319900935,2.779968176,0.685023871,0.065024674
49.05858642,0.314973146,2.769370265,0.693136145,0.059754382
49.06322509,0.317154298,2.760794856,0.714768875,0.06109162
49.06786376,0.321839737,2.754808249,0.716571603,0.066991201
49.07250243,0.314973146,2.743239537,0.660687048,0.061878231
49.0771411,0.311903376,2.731104524,0.680517052,0.059439737
49.08177977,0.316669598,2.724470717,0.721979786,0.063451452
49.08641844,0.316104114,2.718403211,0.672404778,0.06620459
49.09105711,0.30964144,2.7082098,0.666996595,0.059833043
49.09569578,0.309964574,2.702223194,0.690432053,0.059911704
49.10033445,0.315457847,2.702951294,0.721979786,0.066440573
49.10497312,0.310126141,2.700524292,0.658884321,0.063215469
49.10961179,0.306248537,2.697450088,0.680517052,0.059125093
49.11425046,0.310206924,2.697207388,0.713867512,0.06179957
49.11888913,0.313115127,2.700928792,0.690432053,0.066519234
49.1235278,0.306652454,2.703032194,0.67060205,0.060462331
49.12816647,0.306652454,2.706591798,0.691333417,0.059361076
49.13280514,0.313922962,2.716866109,0.738204334,0.064788691
49.13744381,0.312064943,2.727787621,0.678714324,0.064552707
49.14208248,0.308429689,2.739032733,0.703051146,0.059518399
49.14672115,0.311903376,2.751572246,0.736401606,0.06109162
49.15135982,0.317800566,2.767833163,0.738204334,0.066833878
49.15599849,0.312388077,2.777622073,0.688629326,0.061956892
49.16063716,0.310853192,2.780210876,0.704853874,0.059203754
49.16527583,0.316023331,2.779159175,0.739105697,0.063530113
49.1699145,0.314488446,2.773577069,0.675108869,0.06549664
49.17455317,0.308025772,2.759500454,0.666095231,0.059518399
49.17919184,0.308429689,2.74582834,0.681418415,0.059911704
49.18383051,0.313195911,2.73652483,0.700347055,0.066125929
49.18846918,0.30632932,2.722529115,0.632744771,0.062743503
49.19310785,0.302290149,2.706672698,0.651673411,0.059046432
49.19774652,0.30608697,2.695751187,0.686826598,0.062192875
49.20238519,0.307621855,2.687903878,0.65618023,0.066361912
49.20702386,0.30018978,2.674636264,0.635448863,0.06038367
49.21166253,0.299301163,2.664038353,0.657081593,0.059361076
49.2163012,0.305198352,2.658132647,0.698544327,0.065575301
49.22093987,0.300755264,2.650851639,0.630942044,0.064631368
49.22557854,0.296231393,2.640577328,0.650772047,0.059439737
49.23021721,0.298654895,2.635561523,0.684122507,0.061012959
49.23485588,0.302694066,2.636289624,0.685925234,0.066833878
49.23949455,0.295585125,2.63264912,0.647166592,0.061327603
49.24413322,0.293242406,2.629736717,0.673306141,0.059203754
49.24877189,0.298089411,2.631192918,0.718374331,0.063451452
49.25341056,0.296716093,2.629736717,0.658884321,0.06549664
49.25804923,0.290576553,2.621646708,0.659785685,0.059046432
49.2626879,0.291061254,2.6143657,0.679615688,0.059833043
49.26732657,0.296473743,2.610482496,0.695840236,0.065889946
49.27196524,0.290172636,2.602068887,0.631843407,0.062192875
49.27660391,0.286214249,2.592360877,0.650772047,0.058810449
49.28124258,0.290414987,2.58605067,0.685925234,0.062271536
49.28588125,0.291869088,2.581034865,0.648969319,0.065811284
49.29051992,0.285083281,2.570517854,0.63004068,0.059675721
49.29515859,0.284679364,2.561780645,0.649870683,0.059125093
49.29979726,0.291222821,2.55749294,0.686826598,0.065181996
49.30443593,0.287102866,2.550454633,0.617421587,0.063766097
49.3090746,0.282013511,2.540746622,0.63725159,0.058967771
49.31371327,0.285002498,2.533384714,0.666996595,0.060698315
49.31835194,0.288799318,2.530472311,0.65618023,0.06620459
49.32299061,0.281690377,2.522544103,0.617421587,0.060619654
49.32762928,0.279751575,2.515343995,0.639054318,0.058653127
49.33226795,0.286052682,2.512755193,0.684122507,0.063608774
49.33690662,0.284194663,2.51073269,0.625533861,0.064474046
49.34154529,0.278459041,2.504665184,0.633646135,0.058810449
49.34618396,0.280074709,2.500215679,0.658884321,0.059518399
49.35082263,0.285567982,2.499730279,0.674207505,0.065811284
49.3554613,0.279347658,2.495280774,0.617421587,0.061563586
49.36009997,0.276681805,2.490912169,0.639955681,0.058102499
49.36473864,0.281528811,2.492044771,0.684122507,0.062035553
49.36937731,0.282982912,2.495118974,0.6444625,0.065732623
49.37401598,0.276843372,2.492772871,0.634547499,0.059203754
49.37865465,0.27748964,2.492368371,0.65618023,0.05888911
49.38329332,0.283629179,2.496898776,0.694037508,0.064867352
49.38793199,0.279347658,2.497303276,0.627336589,0.062822164
49.39257066,0.275550838,2.493905473,0.648067956,0.058574466
49.39720933,0.279024525,2.492611071,0.679615688,0.060619654
49.401848,0.282417428,2.493339172,0.662489776,0.065575301
49.40648667,0.275873971,2.488485167,0.628237952,0.060147687
49.41112534,0.275227704,2.484682863,0.650772047,0.05818116
49.41576401,0.281690377,2.484278362,0.695840236,0.063451452
49.42040268,0.279509225,2.482579461,0.632744771,0.063687435
49.42504135,0.274339086,2.477320955,0.645363864,0.058338482
49.42968002,0.276601022,2.474408552,0.672404778,0.059361076
49.43431869,0.282175078,2.474570352,0.683221143,0.06549664
49.43895736,0.275793188,2.470201747,0.629139316,0.061170281
49.44359603,0.273773602,2.464943242,0.652574774,0.05818116
49.4482347,0.278782174,2.464134241,0.6967416,0.061956892
49.45287337,0.279751575,2.464700542,0.654377502,0.064867352
49.45751204,0.273450469,2.460898238,0.651673411,0.058810449
49.46215071,0.274177519,2.460736437,0.684122507,0.058653127
49.46678938,0.280963327,2.466723044,0.732796151,0.064946013
49.47142805,0.276601022,2.468745546,0.681418415,0.062664841
49.47606672,0.273127335,2.468179245,0.721078422,0.057945177
49.48070539,0.277166506,2.471010748,0.782371159,0.060855637
49.48534406,0.280640193,2.476754654,0.786877978,0.065968607
49.48998273,0.274177519,2.477401855,0.778765704,0.059833043
49.4946214,0.273531252,2.479505257,0.822031165,0.058417143
49.49926007,0.280397843,2.483388461,0.884225266,0.064316724
49.50389874,0.27821669,2.484521063,0.813918891,0.064159402
49.50853741,0.273612035,2.48241766,0.825636621,0.058574466
49.51317608,0.276681805,2.48217496,0.843663896,0.059675721
49.51781475,0.282175078,2.485815464,0.842762532,0.065968607
49.52245342,0.275712404,2.484682863,0.780568431,0.061012959
49.52709209,0.273935169,2.482903061,0.78507525,0.058259821
49.53173076,0.279751575,2.486219964,0.813017528,0.062507519
49.53636943,0.280478626,2.489779568,0.742711153,0.06549664
49.5410081,0.274823787,2.488242467,0.721979786,0.059203754
49.54564677,0.276116321,2.487918866,0.73009206,0.059361076
49.55028544,0.282740562,2.490103169,0.747217972,0.065653962
49.55492411,0.278135907,2.487918866,0.671503414,0.062507519
49.55956278,0.27490457,2.482579461,0.682319779,0.058810449
49.56420145,0.279347658,2.480395158,0.712966148,0.061327603
49.56884012,0.282013511,2.481204159,0.680517052,0.065968607
49.57347879,0.275631621,2.476107454,0.652574774,0.059833043
49.57811746,0.274985354,2.471253449,0.667897959,0.058731788
49.58275613,0.281528811,2.470525348,0.706656601,0.064395385
49.5873948,0.278539824,2.467612945,0.63725159,0.064080741
49.59203347,0.274015953,2.461221838,0.650772047,0.058810449
49.59667214,0.276520239,2.457985834,0.676911597,0.060226348
49.60131081,0.281609594,2.458875735,0.676010233,0.066047268
49.60594948,0.275631621,2.455073431,0.63004068,0.060934298
49.61058815,0.274177519,2.451675628,0.651673411,0.058338482
49.61522682,0.280317059,2.452727329,0.694938872,0.06258618
49.61986549,0.280155492,2.45418353,0.641758409,0.065181996
49.62450416,0.274743003,2.451594728,0.641758409,0.058810449
49.62914283,0.276035538,2.450704827,0.665193867,0.059203754
49.6337815,0.282578995,2.45361723,0.688629326,0.065732623
49.63842017,0.27748964,2.45418353,0.63004068,0.062114214
49.64305884,0.274581436,2.453131829,0.657081593,0.058338482
49.64769751,0.279428442,2.456934133,0.694037508,0.061563586
49.65233618,0.282336645,2.460898238,0.662489776,0.065968607
49.65697485,0.275550838,2.459603836,0.640857045,0.059833043
49.66161352,0.275712404,2.458066735,0.660687048,0.058574466
49.66625219,0.283063696,2.460089237,0.700347055,0.064474046
49.67089086,0.280317059,2.460089237,0.633646135,0.063215469
49.67552953,0.276843372,2.455558832,0.650772047,0.058495805
49.6801682,0.28080176,2.454264431,0.679615688,0.06038367
49.68480687,0.286698949,2.457095934,0.674207505,0.065811284
49.68944554,0.280317059,2.453212729,0.630942044,0.060540992
49.69408421,0.278701391,2.448844125,0.650772047,0.058417143
49.69872288,0.284517797,2.449005925,0.692234781,0.06329413
49.70336155,0.283306046,2.448520524,0.634547499,0.064788691
49.70800022,0.277247289,2.443585619,0.63725159,0.058810449
49.71263889,0.278862958,2.440268716,0.659785685,0.059439737
49.71727756,0.284679364,2.441320417,0.678714324,0.065968607
49.72191623,0.278782174,2.437841713,0.618322951,0.061878231
49.7265549,0.275954755,2.433634909,0.640857045,0.058417143
49.73119357,0.280317059,2.433796709,0.679615688,0.061878231
49.73583224,0.281851944,2.435414711,0.645363864,0.065732623
49.74047091,0.275227704,2.432178707,0.63004068,0.059675721
49.74510958,0.275308487,2.430722506,0.651673411,0.058731788
49.74974825,0.282094294,2.433796709,0.692234781,0.064867352
49.75438692,0.278135907,2.435900111,0.625533861,0.063215469
49.75902559,0.274339086,2.43468661,0.647166592,0.058574466
49.76366426,0.27773199,2.436061911,0.680517052,0.060226348
49.76830293,0.282255861,2.442614818,0.673306141,0.065889946
49.7729416,0.275712404,2.445608121,0.638152954,0.060462331
49.77758027,0.27490457,2.449734026,0.66339114,0.058417143
49.78221894,0.28104411,2.458147635,0.710262056,0.063530113
49.78685761,0.280317059,2.468179245,0.653476138,0.064474046
49.79149628,0.275227704,2.475298453,0.665193867,0.058731788
49.79613495,0.277247289,2.488970567,0.697642964,0.05959706
49.80077362,0.283386829,2.511056291,0.721078422,0.065732623
49.80541229,0.277893557,2.526508207,0.667897959,0.061484925
49.81005096,0.275631621,2.540827522,0.692234781,0.058495805
49.81468963,0.281124893,2.558221041,0.732796151,0.062114214
49.8193283,0.282659778,2.575695459,0.691333417,0.065653962
49.82396697,0.276601022,2.582571967,0.678714324,0.059361076
49.82860564,0.277166506,2.584756269,0.694037508,0.05888911
49.83324431,0.284194663,2.587668672,0.723782513,0.064946013
49.83788298,0.279913142,2.58605067,0.651673411,0.062979486
49.84252165,0.276358672,2.579902264,0.667897959,0.058495805
49.84716032,0.280155492,2.575452759,0.695840236,0.060855637
49.85179899,0.28387153,2.572702156,0.675108869,0.066125929
49.85643766,0.277247289,2.564207647,0.638152954,0.060462331
49.86107633,0.276116321,2.556360339,0.657081593,0.058495805
49.865715,0.283144479,2.554418737,0.703051146,0.063923419
49.87035367,0.281367244,2.550859133,0.641758409,0.064552707
49.87499234,0.276439455,2.543416325,0.650772047,0.059046432
49.87963101,0.278539824,2.537591519,0.674207505,0.060147687
49.88426968,0.28411388,2.535649917,0.682319779,0.06620459
49.88890835,0.277812773,2.530148711,0.627336589,0.061563586
49.89354702,0.275550838,2.523919404,0.649870683,0.058653127
49.89818569,0.280720976,2.522705903,0.692234781,0.062743503
49.90282436,0.281528811,2.524809305,0.652574774,0.065575301
49.90746303,0.275631621,2.523191304,0.648067956,0.059518399
49.9121017,0.276762589,2.523595804,0.673306141,0.059439737
49.91674037,0.283709963,2.52942061,0.712064784,0.065811284
49.92137904,0.279428442,2.530634112,0.648969319,0.063058147
49.92601771,0.276277888,2.527721708,0.666996595,0.058574466
49.93065638,0.281205677,2.526508207,0.699445691,0.06109162
49.93529505,0.285002498,2.527074508,0.673306141,0.066283251
49.93993372,0.27821669,2.522705903,0.640857045,0.060069026
49.94457239,0.278055124,2.518903599,0.659785685,0.058731788
49.94921106,0.284840931,2.520926101,0.702149782,0.064080741
49.95384973,0.282578995,2.521654202,0.63725159,0.064238063
49.9584884,0.278135907,2.5193081,0.651673411,0.058810449
49.96312707,0.280720976,2.520926101,0.681418415,0.060226348
49.96776574,0.286375816,2.528126209,0.688629326,0.066440573
49.97240441,0.280882543,2.532171213,0.643561137,0.061720909
49.97704308,0.279024525,2.53831962,0.67060205,0.058810449
49.98168175,0.285729548,2.555632238,0.727387968,0.063136808
49.98632042,0.287102866,2.582976467,0.698544327,0.065575301
49.99095909,0.281690377,2.601421687,0.705755238,0.05959706
49.99559776,0.283386829,2.614689301,0.722881149,0.059439737
50.00023643,0.29049577,2.625691712,0.739105697,0.065653962
50.0048751,0.285971899,2.628361415,0.666996595,0.062743503
50.00951377,0.282982912,2.627795115,0.683221143,0.058731788
50.01415244,0.288072268,2.628927716,0.714768875,0.061878231
50.01879111,0.291707521,2.630303017,0.684122507,0.066047268
50.02342978,0.285406415,2.626338913,0.653476138,0.059990365
50.02806845,0.285648765,2.62318381,0.669700686,0.058810449
50.03270712,0.292515356,2.625206312,0.709360693,0.064552707
50.03734579,0.289849503,2.624882711,0.638152954,0.063766097
50.04198446,0.286456599,2.620918607,0.652574774,0.058653127
50.04662313,0.289526369,2.620028706,0.678714324,0.060147687
50.0512618,0.295181208,2.622698409,0.676911597,0.066283251
50.05590047,0.289041669,2.620028706,0.631843407,0.061170281
50.06053914,0.287345217,2.616307302,0.655278866,0.058653127
50.06517781,0.293080839,2.616064602,0.6967416,0.063215469
50.06981648,0.293161623,2.6143657,0.641758409,0.065024674
50.07445515,0.287345217,2.608540894,0.641758409,0.05888911
50.07909382,0.289041669,2.603686889,0.665193867,0.059203754
50.08373249,0.295261992,2.601826187,0.686826598,0.065653962
50.08837116,0.289687936,2.59543508,0.623731133,0.061956892
50.09300983,0.286698949,2.586697871,0.6444625,0.058338482
50.0976485,0.290657337,2.580953965,0.679615688,0.061170281
50.10228717,0.292596139,2.577475261,0.647166592,0.065575301
50.10692584,0.285729548,2.567929051,0.626435225,0.059833043
50.11156451,0.285648765,2.560648043,0.649870683,0.058731788
50.11620318,0.292030655,2.558544641,0.694037508,0.064631368
50.12084185,0.288476185,2.553933336,0.625533861,0.063451452
50.12548052,0.283306046,2.546086028,0.641758409,0.058731788
50.13011919,0.286052682,2.540503922,0.67060205,0.06038367
50.13475786,0.29073812,2.539209521,0.664292504,0.06620459
50.13939653,0.284033097,2.532252113,0.621027042,0.060540992
50.1440352,0.282659778,2.525780106,0.642659773,0.058259821
50.14867387,0.288072268,2.525294706,0.686826598,0.063136808
50.15331254,0.287345217,2.524323905,0.63004068,0.064946013
50.15795121,0.281851944,2.519227199,0.63725159,0.058653127
50.16258988,0.283467613,2.517204697,0.664292504,0.059361076
50.16722855,0.289768719,2.5196317,0.684122507,0.06549664
50.17186722,0.283952313,2.515748496,0.623731133,0.061720909
50.17650589,0.280963327,2.509114689,0.6444625,0.058495805
50.18114456,0.285325631,2.505393285,0.680517052,0.061878231
50.18578323,0.286618166,2.502319081,0.643561137,0.065968607
50.1904219,0.280074709,2.494309973,0.627336589,0.059754382
50.19506057,0.280074709,2.487514366,0.648067956,0.058810449
50.19969924,0.2869413,2.486219964,0.686826598,0.064631368
50.20433791,0.282336645,2.483226661,0.620125678,0.06329413
50.20897658,0.278055124,2.475945654,0.639955681,0.058338482
50.21361525,0.281367244,2.473761351,0.672404778,0.060226348
50.21825392,0.285648765,2.474246752,0.661588412,0.065889946
50.22289259,0.278701391,2.470282648,0.623731133,0.060226348
50.22753126,0.277328073,2.465994943,0.646265228,0.058574466
50.23216993,0.283225262,2.467208444,0.693136145,0.06329413
50.2368086,0.281448027,2.469311846,0.638152954,0.064316724
50.24144727,0.276197105,2.468017445,0.648969319,0.058731788
50.24608594,0.278297474,2.468098345,0.675108869,0.059439737
50.25072461,0.284194663,2.472062449,0.690432053,0.065575301
50.25536328,0.278297474,2.471091648,0.631843407,0.061563586
50.26000195,0.276116321,2.468341045,0.651673411,0.058338482
50.26464062,0.28104411,2.468017445,0.690432053,0.06179957
50.26927929,0.281932728,2.468502846,0.647166592,0.065339318
50.27391796,0.275389271,2.463810641,0.633646135,0.059125093
50.27855663,0.276197105,2.460817337,0.655278866,0.058653127
50.2831953,0.282498212,2.46275894,0.689530689,0.064946013
50.28783397,0.278135907,2.460412837,0.621027042,0.062664841
50.29247264,0.27441987,2.455882432,0.641758409,0.058259821
50.29711131,0.27797434,2.455558832,0.676010233,0.060855637
50.30174998,0.281851944,2.459603836,0.662489776,0.065968607
50.30638865,0.275227704,2.457904934,0.631843407,0.060226348
50.31102732,0.274581436,2.455720632,0.652574774,0.058810449
50.31566599,0.280720976,2.457743134,0.695840236,0.063687435
50.32030466,0.279186091,2.458309435,0.632744771,0.064159402
50.32494333,0.273935169,2.454992531,0.6444625,0.058495805
50.329582,0.276601022,2.455963332,0.672404778,0.059439737
50.33422067,0.282175078,2.460170137,0.681418415,0.065968607
50.33885934,0.276277888,2.459118436,0.627336589,0.061248942
50.34349801,0.273854386,2.456367833,0.649870683,0.058338482
50.34813668,0.279590008,2.458633035,0.692234781,0.061956892
50.35277535,0.280478626,2.460979138,0.646265228,0.064867352
50.35741402,0.274500653,2.457743134,0.639054318,0.058731788
50.36205269,0.275227704,2.456044232,0.658884321,0.058731788
50.36669136,0.281528811,2.458228535,0.689530689,0.065260657
50.37133003,0.276924156,2.457824034,0.621928406,0.062350197
50.3759687,0.273612035,2.454830731,0.641758409,0.05818116
50.38060737,0.277651206,2.45410263,0.676010233,0.060619654
50.38524604,0.280963327,2.456610533,0.655278866,0.065653962
50.38988471,0.274500653,2.453131829,0.625533861,0.059518399
50.39452338,0.273854386,2.449895826,0.647166592,0.057945177
50.39916205,0.280397843,2.451271127,0.690432053,0.063844758
50.40380072,0.27797434,2.450704827,0.623731133,0.063844758
50.40843939,0.273046552,2.445769922,0.63725159,0.058259821
50.41307806,0.275308487,2.443747419,0.662489776,0.059833043
50.41771673,0.280478626,2.44463732,0.666996595,0.065653962
50.4223554,0.27466222,2.441401317,0.616520223,0.060934298
50.42699407,0.272481068,2.437679913,0.639054318,0.058259821
50.43163274,0.27821669,2.437679913,0.683221143,0.062428858
50.43627141,0.278539824,2.438893414,0.634547499,0.065024674
50.44091008,0.272965768,2.43484841,0.631843407,0.058810449
50.44554875,0.273773602,2.433068608,0.655278866,0.05888911
50.45018742,0.280236276,2.436142811,0.683221143,0.065339318
50.45482609,0.27514692,2.437032712,0.621928406,0.062192875
50.45946476,0.272157934,2.438084413,0.648969319,0.05818116
50.46410343,0.276277888,2.443100219,0.685023871,0.06109162
50.4687421,0.279347658,2.449410425,0.658884321,0.065653962
50.47338077,0.273127335,2.449329525,0.633646135,0.059833043
50.47801944,0.272965768,2.449329525,0.653476138,0.058653127
50.48265811,0.279832359,2.451513828,0.695840236,0.064316724
50.48729678,0.277085722,2.451028427,0.625533861,0.063687435
50.49193545,0.272723418,2.446255322,0.640857045,0.058653127
50.49657412,0.275631621,2.44415192,0.669700686,0.060147687
50.50121279,0.28055941,2.445446321,0.667897959,0.065968607
50.50585146,0.273935169,2.440996816,0.620125678,0.060540992
50.51049013,0.272561851,2.43533381,0.641758409,0.058338482
50.5151288,0.27821669,2.433796709,0.684122507,0.062979486
50.51976747,0.27748964,2.431855107,0.628237952,0.064788691
50.52440614,0.271673233,2.426273001,0.628237952,0.05888911
50.52904481,0.273288902,2.421176295,0.649870683,0.059203754
50.53368348,0.279670792,2.420205494,0.672404778,0.065181996
50.53832215,0.274015953,2.41632229,0.610210677,0.06179957
50.54296082,0.271026966,2.410335684,0.632744771,0.058023838
50.54759949,0.275873971,2.408636782,0.671503414,0.061327603
50.55223816,0.278620607,2.409203083,0.639955681,0.06549664
50.55687683,0.272561851,2.404268177,0.619224315,0.059361076
50.5615155,0.272884985,2.400465873,0.639955681,0.058259821
50.56615417,0.279266875,2.401113074,0.682319779,0.064316724
50.57079284,0.276116321,2.399009672,0.613816132,0.063136808
50.57543151,0.273046552,2.394721967,0.632744771,0.058338482
50.58007018,0.276762589,2.393912967,0.664292504,0.060226348
50.58470885,0.281851944,2.39682537,0.659785685,0.065575301
50.58934752,0.276762589,2.394155667,0.618322951,0.060305009
50.59398619,0.276439455,2.391243264,0.641758409,0.058338482
50.59862486,0.282336645,2.392699465,0.687727962,0.062822164
50.60326353,0.281528811,2.393589366,0.629139316,0.064474046
50.6079022,0.276277888,2.389220762,0.632744771,0.058417143
50.61254087,0.277651206,2.38752186,0.654377502,0.059125093
50.61717954,0.283629179,2.390596063,0.674207505,0.065575301
50.62181821,0.277570423,2.388735361,0.613816132,0.061642248
50.62645688,0.275066137,2.386146558,0.63725159,0.058495805
50.63109555,0.279590008,2.38752186,0.676911597,0.062271536
50.63573422,0.281690377,2.389867962,0.639054318,0.065653962
50.64037289,0.275227704,2.387279159,0.623731133,0.059361076
50.64501156,0.27514692,2.385013957,0.643561137,0.058731788
50.64965023,0.281528811,2.386793759,0.682319779,0.065024674
50.6542889,0.277570423,2.38736006,0.613816132,0.063215469
50.65892757,0.273531252,2.384043156,0.633646135,0.058574466
50.66356624,0.277085722,2.383962256,0.666095231,0.060540992
50.66820491,0.28104411,2.387198259,0.655278866,0.066047268
50.67284358,0.27490457,2.385418457,0.618322951,0.060462331
50.67748225,0.273369685,2.384285856,0.640857045,0.058731788
50.68212092,0.279347658,2.38752186,0.686826598,0.06400208
50.68675959,0.278055124,2.389948862,0.627336589,0.064788691
50.69139826,0.272884985,2.38816906,0.635448863,0.059439737
50.69603693,0.27466222,2.389463462,0.660687048,0.060226348
50.7006756,0.280720976,2.394398367,0.67781296,0.065968607
50.70531427,0.274500653,2.395692768,0.62282977,0.061720909
50.70995294,0.271915584,2.39690627,0.647166592,0.058653127
50.71459161,0.276843372,2.402083875,0.691333417,0.062035553
50.71923028,0.278055124,2.408232282,0.651673411,0.06549664
50.72386895,0.272077151,2.411872786,0.642659773,0.059518399
50.72850762,0.272723418,2.416807691,0.666095231,0.058731788
50.73314629,0.279105308,2.424897699,0.701248419,0.065024674
50.73778496,0.275066137,2.428133703,0.633646135,0.062900825
50.74242363,0.27159245,2.427243802,0.652574774,0.058417143
50.7470623,0.275793188,2.428942704,0.685023871,0.060855637
50.75170097,0.279590008,2.432421407,0.666996595,0.065968607
50.75633964,0.272804201,2.430318005,0.633646135,0.060147687
50.76097831,0.272319501,2.429832605,0.655278866,0.058417143
50.76561698,0.278862958,2.433634909,0.699445691,0.063766097
50.77025565,0.276681805,2.437437213,0.635448863,0.064159402
50.77489432,0.272238717,2.436870912,0.647166592,0.058495805
50.77953299,0.274743003,2.439378815,0.674207505,0.059675721
50.78417166,0.280882543,2.447711524,0.686826598,0.066047268
50.78881033,0.275389271,2.45369813,0.639054318,0.061248942
50.793449,0.273773602,2.459765636,0.666095231,0.058338482
50.79808767,0.280074709,2.47254785,0.714768875,0.062507519
50.80272634,0.281771161,2.488727867,0.672404778,0.06549664
50.80736501,0.277004939,2.511298991,0.676010233,0.059125093
50.81200368,0.278782174,2.539614021,0.706656601,0.059046432
50.81664235,0.285891115,2.566230149,0.738204334,0.06549664
50.82128102,0.281851944,2.580064064,0.667897959,0.062900825
50.82591969,0.278943741,2.582571967,0.680517052,0.058731788
50.83055836,0.283225262,2.582814667,0.708459329,0.061327603
50.83519703,0.286618166,2.583866368,0.681418415,0.066047268
50.8398357,0.279913142,2.576989861,0.648067956,0.060147687
50.84447437,0.279266875,2.569385253,0.664292504,0.058731788
50.84911304,0.285729548,2.565663849,0.70395251,0.064080741
50.85375171,0.283063696,2.560081743,0.634547499,0.064316724
50.85839038,0.278378257,2.551344533,0.645363864,0.058967771
50.86302905,0.280397843,2.544629826,0.669700686,0.060147687
50.86766772,0.285325631,2.542202824,0.672404778,0.066440573
50.87230639,0.278862958,2.533384714,0.620125678,0.061720909
50.87694506,0.276924156,2.523353104,0.639955681,0.059125093
50.88158373,0.282336645,2.517770998,0.682319779,0.063530113
50.8862224,0.282094294,2.513402393,0.630942044,0.066125929
50.89086107,0.275873971,2.505393285,0.628237952,0.059833043
50.89549974,0.276843372,2.499083078,0.648969319,0.059833043
50.90013841,0.283225262,2.496251575,0.676911597,0.066283251
50.90477708,0.277893557,2.490912169,0.613816132,0.063136808
50.90941575,0.274743003,2.483873862,0.635448863,0.059282415
50.91405442,0.278539824,2.480233358,0.672404778,0.062271536
50.91869309,0.281124893,2.479019857,0.645363864,0.066597895
50.92333176,0.274743003,2.47238605,0.621928406,0.060462331
50.92797043,0.274177519,2.466884844,0.643561137,0.059282415
50.9326091,0.280478626,2.467127544,0.687727962,0.064867352
50.93724777,0.27797434,2.466965744,0.621928406,0.064080741
50.94188644,0.273208118,2.465590443,0.642659773,0.059125093
50.94652511,0.276116321,2.470120847,0.67781296,0.060855637
50.95116378,0.28080176,2.477644555,0.680517052,0.066833878
50.95580245,0.274500653,2.477968156,0.633646135,0.061563586
50.96044112,0.272965768,2.476673754,0.653476138,0.059203754
50.96507979,0.279105308,2.477644555,0.694938872,0.063844758
50.96971846,0.278701391,2.477725455,0.639054318,0.065653962
50.97435713,0.273127335,2.47279055,0.639955681,0.059361076
50.9789958,0.274743003,2.469797247,0.662489776,0.059675721
50.98363447,0.280963327,2.471334349,0.685925234,0.066283251
50.98827314,0.275793188,2.469392747,0.624632497,0.06258618
50.99291181,0.272884985,2.464700542,0.6444625,0.059203754
50.99755048,0.277570423,2.46340614,0.679615688,0.062350197
51.00218915,0.279913142,2.46316344,0.646265228,0.06620459
51.00682782,0.273288902,2.457257734,0.625533861,0.060226348
51.01146649,0.273288902,2.452484629,0.645363864,0.059203754
51.01610516,0.279913142,2.452484629,0.685925234,0.065103335
51.02074383,0.276277888,2.450381226,0.617421587,0.063844758
51.0253825,0.2718348,2.445689021,0.636350226,0.058967771
51.03002117,0.274985354,2.443585619,0.666996595,0.061012959
51.03465984,0.279509225,2.445365421,0.661588412,0.066519234
51.03929851,0.273127335,2.441805817,0.619224315,0.060855637
51.04393718,0.271673233,2.437922613,0.640857045,0.059046432
51.04857585,0.277651206,2.437275413,0.684122507,0.06400208
51.05321452,0.277085722,2.435981011,0.627336589,0.06549664
51.05785319,0.271188533,2.430884306,0.630942044,0.059361076
51.06249186,0.273127335,2.427243802,0.655278866,0.059911704
51.06713053,0.278943741,2.427971903,0.674207505,0.06620459
51.0717692,0.273369685,2.424654999,0.614717496,0.062350197
51.07640787,0.270703832,2.420124594,0.638152954,0.059046432
51.08104654,0.275712404,2.420205494,0.676911597,0.062428858
51.08568521,0.277570423,2.420852695,0.639054318,0.066519234
51.09032388,0.271188533,2.41632229,0.624632497,0.060147687
51.09496255,0.271430883,2.412924487,0.646265228,0.059439737
51.09960122,0.27821669,2.414542488,0.685023871,0.065653962
51.10423989,0.273935169,2.413167187,0.616520223,0.063923419
51.10887856,0.270542266,2.408394082,0.63725159,0.058967771
51.11351723,0.274096736,2.407827781,0.669700686,0.061327603
51.1181559,0.278620607,2.410497484,0.658884321,0.066676556
51.12279457,0.272400284,2.408313182,0.621928406,0.061170281
51.12743324,0.271673233,2.406047979,0.6444625,0.059203754
51.13207191,0.278055124,2.408717682,0.690432053,0.064238063
51.13671058,0.276843372,2.410254784,0.630942044,0.065181996
51.14134925,0.2718348,2.407989581,0.639054318,0.059439737
51.14598792,0.274096736,2.408232282,0.664292504,0.060147687
51.15062659,0.279751575,2.412762687,0.679615688,0.066440573
51.15526526,0.273854386,2.411872786,0.623731133,0.062035553
51.15990393,0.271915584,2.411144685,0.648067956,0.059046432
51.1645426,0.277328073,2.414380688,0.688629326,0.062664841
51.16918127,0.278539824,2.419234693,0.648969319,0.065968607
51.17381994,0.272400284,2.419315593,0.639054318,0.05959706
51.17845861,0.273450469,2.421904396,0.660687048,0.059361076
51.18309728,0.280317059,2.428457303,0.6967416,0.065417979
51.18773595,0.275954755,2.430803406,0.629139316,0.063530113
51.19237462,0.272642634,2.429751705,0.649870683,0.058967771
51.19701329,0.276277888,2.432097807,0.682319779,0.061170281
51.20165196,0.279993926,2.438408014,0.666996595,0.066676556
51.20629063,0.273450469,2.440835016,0.639054318,0.060462331
51.2109293,0.273127335,2.444880021,0.666095231,0.058967771
51.21556797,0.279509225,2.452808229,0.713867512,0.064395385
51.22020664,0.277651206,2.458713935,0.652574774,0.064867352
51.22484531,0.272481068,2.457581334,0.659785685,0.059203754
51.22948398,0.275389271,2.457338634,0.679615688,0.060462331
51.23412265,0.280478626,2.458390335,0.683221143,0.066440573
51.23876132,0.274015953,2.453131829,0.625533861,0.061956892
51.24339999,0.272238717,2.447630623,0.646265228,0.058967771
51.24803866,0.277328073,2.447226123,0.686826598,0.062900825
51.25267733,0.278297474,2.446578922,0.640857045,0.065968607
51.257316,0.272561851,2.440835016,0.631843407,0.059754382
51.26195467,0.273369685,2.437679913,0.652574774,0.059911704
51.26659334,0.280074709,2.439055214,0.685023871,0.065889946
51.27123201,0.275873971,2.435900111,0.618322951,0.063451452
51.27587068,0.272481068,2.431207906,0.639955681,0.059203754
51.28050935,0.276277888,2.429913505,0.674207505,0.061406264
51.28514802,0.279670792,2.431450606,0.652574774,0.066519234
51.28978669,0.272804201,2.427405602,0.623731133,0.060776976
51.29442536,0.272561851,2.424169599,0.6444625,0.059282415
51.29906403,0.279105308,2.4256258,0.688629326,0.064946013
51.3037027,0.276439455,2.4259494,0.62282977,0.064710029
51.30834137,0.271754017,2.422066196,0.63725159,0.059046432
51.31298004,0.274500653,2.421338096,0.665193867,0.060540992
51.31761871,0.279993926,2.424978599,0.67060205,0.066597895
51.32225738,0.273692819,2.423603298,0.621027042,0.061956892
51.32689605,0.271673233,2.421823496,0.643561137,0.059125093
51.33153472,0.277247289,2.424007798,0.687727962,0.063372791
51.33617339,0.27797434,2.426192101,0.638152954,0.065889946
51.34081206,0.272238717,2.423603298,0.635448863,0.05959706
51.34545073,0.273288902,2.424331399,0.657982957,0.059675721
51.3500894,0.279751575,2.428376403,0.686826598,0.066361912
51.35472807,0.27490457,2.428700003,0.623731133,0.063215469
51.35936674,0.271915584,2.429023604,0.648067956,0.059282415
51.36400541,0.276520239,2.434039409,0.686826598,0.061878231
51.36864408,0.279832359,2.442048518,0.662489776,0.066676556
51.37328275,0.273450469,2.445122721,0.639054318,0.060540992
51.37792142,0.273450469,2.447549723,0.659785685,0.059361076
51.38256009,0.279913142,2.45377903,0.702149782,0.065339318
51.38719876,0.277247289,2.457581334,0.63725159,0.064395385
51.39183743,0.272884985,2.458471235,0.653476138,0.059439737
51.3964761,0.275873971,2.461626338,0.682319779,0.06109162
51.40111477,0.281367244,2.468421946,0.683221143,0.066676556
51.40575344,0.27514692,2.469635447,0.636350226,0.061642248
51.41039211,0.273935169,2.469635447,0.657081593,0.059361076
51.41503078,0.279670792,2.471900649,0.699445691,0.063844758
51.41966945,0.279590008,2.473761351,0.645363864,0.065417979
51.42430812,0.27441987,2.471577049,0.645363864,0.059675721
51.42894679,0.276277888,2.470768048,0.668799323,0.060147687
51.43358546,0.282740562,2.474570352,0.692234781,0.066440573
51.43822413,0.27797434,2.473680451,0.63004068,0.062743503
51.4428628,0.275227704,2.471496149,0.652574774,0.059125093
51.44750147,0.280317059,2.473680451,0.690432053,0.062428858
51.45214014,0.282498212,2.477320955,0.658884321,0.066283251
51.45677881,0.276439455,2.474893952,0.639054318,0.060305009
51.46141748,0.276358672,2.47279055,0.658884321,0.059439737
51.46605615,0.283063696,2.475379353,0.699445691,0.064788691
51.47069482,0.279670792,2.475622053,0.63004068,0.063687435
51.47533349,0.275631621,2.471900649,0.648969319,0.058967771
51.47997216,0.278459041,2.470848948,0.679615688,0.060698315
51.48461083,0.283225262,2.473518651,0.674207505,0.066440573
51.4892495,0.276681805,2.471334349,0.631843407,0.061012959
51.49388817,0.27514692,2.467532045,0.653476138,0.058810449
51.49852684,0.281367244,2.469150046,0.697642964,0.063844758
51.50316551,0.280640193,2.470929848,0.639955681,0.065417979
51.50780418,0.275308487,2.469959047,0.648067956,0.05959706
51.51244285,0.277166506,2.471657949,0.673306141,0.060147687
51.51708152,0.283467613,2.477563655,0.694938872,0.066440573
51.52172019,0.277812773,2.480314258,0.63725159,0.062271536
51.52635886,0.275550838,2.484521063,0.666095231,0.058810449
51.53099753,0.282013511,2.502885382,0.721979786,0.062192875
51.5356362,0.285891115,2.535326316,0.709360693,0.066125929
51.54027487,0.282659778,2.571326855,0.722881149,0.059911704
51.54491354,0.286375816,2.615336501,0.767949339,0.059675721
51.54955221,0.295019642,2.665009154,0.813918891,0.065732623
51.55419088,0.292111438,2.69850179,0.734598879,0.064080741
51.55882955,0.288799318,2.709261501,0.730993423,0.059361076
51.56346822,0.291788305,2.709261501,0.740908425,0.061484925
51.56810689,0.295504342,2.705701897,0.714768875,0.067069862
51.57274556,0.288476185,2.694861286,0.66339114,0.061170281
51.57738423,0.286698949,2.682888073,0.675108869,0.059282415
51.5820229,0.292838489,2.675202565,0.715670239,0.064788691
51.58666157,0.291465171,2.667031656,0.650772047,0.065260657
51.59130024,0.285567982,2.655948344,0.657081593,0.059282415
51.59593891,0.286698949,2.649961738,0.681418415,0.060540992
51.60057758,0.292353789,2.647777436,0.695840236,0.066833878
51.60521625,0.286456599,2.641467229,0.639955681,0.062350197
51.60985492,0.284194663,2.63329632,0.662489776,0.059361076
51.61449359,0.288960885,2.628846816,0.702149782,0.062822164
51.61913226,0.289930286,2.625206312,0.658884321,0.066125929
51.62377093,0.283709963,2.615012901,0.646265228,0.060226348
51.6284096,0.284033097,2.607003793,0.665193867,0.059754382
51.63304827,0.289930286,2.603686889,0.700347055,0.066047268
51.63768694,0.285406415,2.596891282,0.632744771,0.063608774
51.64232561,0.281528811,2.586536071,0.652574774,0.059282415
51.64696428,0.285002498,2.579821364,0.685023871,0.061720909
51.65160295,0.288799318,2.57674716,0.668799323,0.06691254
51.65624162,0.281851944,2.567848151,0.634547499,0.06109162
51.66088029,0.280397843,2.560000843,0.653476138,0.059282415
51.66551896,0.2869413,2.555632238,0.695840236,0.064631368
51.67015763,0.28435623,2.549079331,0.630942044,0.065103335
51.6747963,0.279509225,2.540827522,0.642659773,0.059361076
51.67943497,0.281851944,2.535488117,0.669700686,0.060776976
51.68407364,0.287587567,2.534436416,0.681418415,0.066755217
51.68871231,0.281448027,2.52877341,0.628237952,0.062035553
51.69335098,0.279428442,2.523191304,0.650772047,0.059203754
51.69798965,0.284679364,2.522058702,0.694037508,0.063058147
51.70262832,0.285325631,2.522382303,0.651673411,0.065889946
51.70726699,0.279024525,2.518094598,0.646265228,0.059518399
51.71190566,0.279913142,2.514696795,0.666996595,0.059833043
51.71654433,0.286537383,2.515424895,0.697642964,0.065653962
51.721183,0.281528811,2.511946192,0.629139316,0.063136808
51.72582167,0.277812773,2.504988784,0.648969319,0.058810449
51.73046034,0.281851944,2.501510081,0.681418415,0.06179957
51.73509901,0.284679364,2.50078198,0.658884321,0.066676556
51.73973768,0.27797434,2.494876274,0.63004068,0.060619654
51.74437635,0.27748964,2.489455968,0.650772047,0.059125093
51.74901502,0.283790746,2.488808767,0.694938872,0.064788691
51.75365369,0.28128646,2.487190765,0.63004068,0.064316724
51.75829236,0.276601022,2.48201316,0.643561137,0.059203754
51.76293103,0.278862958,2.479100757,0.671503414,0.06038367
51.7675697,0.284517797,2.480152458,0.676010233,0.066283251
51.77220837,0.277812773,2.475702953,0.624632497,0.061720909
51.77684704,0.275873971,2.469959047,0.647166592,0.059361076
51.78148571,0.282013511,2.469311846,0.689530689,0.06329413
51.78612438,0.282417428,2.468745546,0.639054318,0.066047268
51.79076305,0.277166506,2.46316344,0.636350226,0.059675721
51.79540172,0.278378257,2.459361136,0.658884321,0.059833043
51.80004039,0.285002498,2.459522936,0.686826598,0.066047268
51.80467906,0.279670792,2.457257734,0.624632497,0.062900825
51.80931773,0.275793188,2.452970029,0.647166592,0.059046432
51.8139564,0.280478626,2.451675628,0.683221143,0.061878231
51.81859507,0.283467613,2.452970029,0.655278866,0.066676556
51.82323374,0.277004939,2.449572226,0.630942044,0.060226348
51.82787241,0.276520239,2.447307023,0.650772047,0.059361076
51.83251108,0.283386829,2.449410425,0.694037508,0.064946013
51.83714975,0.280236276,2.449248625,0.628237952,0.064316724
51.84178842,0.275712404,2.446255322,0.646265228,0.05959706
51.84642709,0.278943741,2.445850822,0.675108869,0.060776976
51.85106576,0.283629179,2.448925025,0.674207505,0.066597895
51.85570443,0.277328073,2.447468823,0.628237952,0.061327603
51.8603431,0.276035538,2.44423282,0.648969319,0.059361076
51.86498177,0.281448027,2.445850822,0.691333417,0.063451452
51.86962044,0.28104411,2.446821623,0.638152954,0.065732623
51.87425911,0.274985354,2.44399012,0.639955681,0.059439737
51.87889778,0.277085722,2.443262019,0.664292504,0.059675721
51.88353645,0.282902129,2.448520524,0.689530689,0.066125929
51.88817512,0.277570423,2.450947527,0.632744771,0.062900825
51.89281379,0.275227704,2.453050929,0.658884321,0.059125093
51.89745246,0.279993926,2.457743134,0.6967416,0.062428858
51.90209113,0.282740562,2.46324434,0.66339114,0.066361912
51.9067298,0.276116321,2.46283984,0.6444625,0.060855637
51.91136847,0.275954755,2.46324434,0.66339114,0.060069026
51.91600714,0.282740562,2.468421946,0.706656601,0.065732623
51.92064581,0.280074709,2.47230515,0.640857045,0.064238063
51.92528448,0.275954755,2.474004051,0.659785685,0.059439737
51.92992315,0.279993926,2.478777157,0.692234781,0.061642248
51.93456182,0.284921714,2.486786265,0.686826598,0.067227184
51.93920049,0.278782174,2.489375068,0.645363864,0.061720909
51.94383916,0.27797434,2.490588569,0.666996595,0.05959706
51.94847783,0.284275447,2.495604374,0.71116342,0.064552707
51.9531165,0.282821345,2.497788677,0.652574774,0.065732623
51.95775517,0.277570423,2.494229073,0.655278866,0.059833043
51.96239384,0.279347658,2.49155937,0.676911597,0.060540992
51.96703251,0.284840931,2.493177372,0.694037508,0.066991201
51.97167118,0.279266875,2.490750369,0.63725159,0.063058147
51.97630985,0.276601022,2.488485167,0.662489776,0.059754382
51.98094852,0.281609594,2.49172117,0.70395251,0.063136808
51.98558719,0.284033097,2.496008875,0.667897959,0.066597895
51.99022586,0.277166506,2.495766175,0.65618023,0.060305009
51.99486453,0.277328073,2.497060576,0.680517052,0.059990365
51.9995032,0.28411388,2.502723582,0.721078422,0.065968607
52.00414187,0.279509225,2.504584284,0.654377502,0.064316724
52.00878054,0.275954755,2.503694383,0.675108869,0.059675721
52.01341921,0.279590008,2.505555085,0.708459329,0.061563586
52.01805788,0.283709963,2.510975391,0.697642964,0.067148523
52.02269655,0.277570423,2.51065179,0.658884321,0.061484925
52.02733522,0.276116321,2.51073269,0.679615688,0.059361076
52.03197389,0.282578995,2.514858595,0.723782513,0.064395385
52.03661256,0.280963327,2.520683401,0.66339114,0.065732623
52.04125123,0.276197105,2.521735102,0.674207505,0.059911704
52.0458899,0.278539824,2.525456506,0.702149782,0.060698315
52.05052857,0.284275447,2.535326316,0.721078422,0.066833878
52.05516724,0.278459041,2.542283724,0.67060205,0.062428858
52.05980591,0.276116321,2.547542229,0.695840236,0.059518399
52.06444458,0.281124893,2.555794038,0.73730297,0.063215469
52.06908325,0.282578995,2.563236846,0.693136145,0.066440573
52.07372192,0.276439455,2.563236846,0.681418415,0.060226348
52.07836059,0.276843372,2.563479546,0.703051146,0.060069026
52.08299926,0.283548396,2.567767251,0.736401606,0.066047268
52.08763793,0.279266875,2.567605451,0.664292504,0.063451452
52.0922766,0.275389271,2.563479546,0.678714324,0.059282415
52.09691527,0.279186091,2.561618844,0.709360693,0.061642248
52.10155394,0.282821345,2.562508745,0.686826598,0.066991201
52.10619261,0.276035538,2.558301941,0.653476138,0.060698315
52.11083128,0.275066137,2.555389538,0.673306141,0.059125093
52.11546995,0.281448027,2.55765474,0.717472967,0.064474046
52.12010862,0.279509225,2.560405343,0.655278866,0.064867352
52.12474729,0.274823787,2.559353642,0.668799323,0.059361076
52.12938596,0.277570423,2.562023345,0.695840236,0.060540992
52.13402463,0.282902129,2.571650455,0.712064784,0.066676556
52.1386633,0.277328073,2.578526962,0.664292504,0.062035553
52.14330197,0.275631621,2.585160769,0.692234781,0.059203754
52.14794064,0.281367244,2.594221579,0.735500242,0.063136808
52.15257931,0.282013511,2.602796988,0.689530689,0.066361912
52.15721798,0.276520239,2.605466691,0.683221143,0.060147687
52.16185665,0.27748964,2.608621794,0.702149782,0.059754382
52.16649532,0.283952313,2.616388202,0.731894787,0.06620459
52.17113399,0.279509225,2.619786006,0.661588412,0.063451452
52.17577266,0.276116321,2.617439904,0.680517052,0.059361076
52.18041133,0.280317059,2.617844404,0.71116342,0.062192875
52.18505,0.283952313,2.620756807,0.684122507,0.067148523
52.18968867,0.277570423,2.619624206,0.65618023,0.060619654
52.19432734,0.277004939,2.618815205,0.676010233,0.059125093
52.19896601,0.283629179,2.622860209,0.719275694,0.064788691
52.20360468,0.28104411,2.625691712,0.653476138,0.064867352
52.20824335,0.276601022,2.625853513,0.666996595,0.059518399
52.21288202,0.279266875,2.628442315,0.694938872,0.061012959
52.21752069,0.284275447,2.633539021,0.698544327,0.067227184
52.22215936,0.278297474,2.633781721,0.648969319,0.062035553
52.22679803,0.276601022,2.633781721,0.673306141,0.059361076
52.2314367,0.282821345,2.637988525,0.717472967,0.063372791
52.23607537,0.282982912,2.641143629,0.665193867,0.065889946
52.24071404,0.277004939,2.639040226,0.66339114,0.059833043
52.24535271,0.278620607,2.639040226,0.685023871,0.059911704
52.24999138,0.284921714,2.643894232,0.71116342,0.066125929
52.25463005,0.279913142,2.646321234,0.648969319,0.062979486
52.25926872,0.277166506,2.646968435,0.671503414,0.059203754
52.26390739,0.282336645,2.65206514,0.710262056,0.062114214
52.26854606,0.285648765,2.659993349,0.683221143,0.066676556
52.27318473,0.280074709,2.662258551,0.661588412,0.060776976
52.2778234,0.279913142,2.664200153,0.682319779,0.059282415
52.28246207,0.286618166,2.669782259,0.723782513,0.065181996
52.28710074,0.28411388,2.672613762,0.655278866,0.064474046
52.29173941,0.279670792,2.672775562,0.674207505,0.059439737
52.29637808,0.283144479,2.677225067,0.710262056,0.060855637
52.30101675,0.288314618,2.687742078,0.713867512,0.06691254
52.30565542,0.281851944,2.695589386,0.671503414,0.061406264
52.31029409,0.280317059,2.701656893,0.694037508,0.059203754
52.31493276,0.286537383,2.709342401,0.73730297,0.06400208
52.31957143,0.285971899,2.714681807,0.680517052,0.066047268
52.3242101,0.280155492,2.713953706,0.680517052,0.060069026
52.32884877,0.281932728,2.715571708,0.705755238,0.060069026
52.33348744,0.288395401,2.721153814,0.73009206,0.066597895
52.33812611,0.283225262,2.723257216,0.668799323,0.063136808
52.34276478,0.28080176,2.724066217,0.695840236,0.059675721
52.34740345,0.285487198,2.729729223,0.738204334,0.062743503
52.35204212,0.287749134,2.739518133,0.712064784,0.066597895
52.35668079,0.281448027,2.745342939,0.700347055,0.060698315
52.36131946,0.28128646,2.752381247,0.724683877,0.060226348
52.36595813,0.287829917,2.764435359,0.773357521,0.065732623
52.3705968,0.284840931,2.770260166,0.706656601,0.064552707
52.37523547,0.28080176,2.771069167,0.725585241,0.059439737
52.37987414,0.284275447,2.772363568,0.750823427,0.061327603
52.38451281,0.289041669,2.772848968,0.73730297,0.067069862
52.38915148,0.282740562,2.770260166,0.692234781,0.061642248
52.39379015,0.282740562,2.767914063,0.709360693,0.059754382
52.39842882,0.288880102,2.766538762,0.747217972,0.064631368
52.40306749,0.287829917,2.761684757,0.676911597,0.065811284
52.40770616,0.282498212,2.749711544,0.672404778,0.059911704
52.41234483,0.283467613,2.738142832,0.688629326,0.060305009
52.4169835,0.289607152,2.730214623,0.700347055,0.066755217
52.42162217,0.283709963,2.718645911,0.639054318,0.062900825
52.42626084,0.280963327,2.705297397,0.658884321,0.059675721
52.43089951,0.285325631,2.697045588,0.695840236,0.062900825
52.43553818,0.287022083,2.68919828,0.655278866,0.066833878
52.44017685,0.280720976,2.676901467,0.639054318,0.060540992
52.44481552,0.281205677,2.665413654,0.658884321,0.059833043
52.44945419,0.287345217,2.660155149,0.695840236,0.065889946
52.45409286,0.282740562,2.65166064,0.627336589,0.064080741
52.45873153,0.278701391,2.640577328,0.645363864,0.059439737
52.4633702,0.282013511,2.633458121,0.678714324,0.061484925
52.46800887,0.286214249,2.630464817,0.667897959,0.067148523
52.47264754,0.279347658,2.622293909,0.630942044,0.061248942
52.47728621,0.278378257,2.616307302,0.654377502,0.059203754
52.48192488,0.285083281,2.615012901,0.701248419,0.064631368
52.48656355,0.283467613,2.612019598,0.641758409,0.065732623
52.49120222,0.278539824,2.60465769,0.651673411,0.059833043
52.49584089,0.280478626,2.599560985,0.676911597,0.061012959
52.50047956,0.285971899,2.598185683,0.689530689,0.067148523
52.50511823,0.280074709,2.592684477,0.632744771,0.063058147
52.5097569,0.277812773,2.58580797,0.654377502,0.059833043
52.51439557,0.283063696,2.581762966,0.694938872,0.063923419
52.51903424,0.284033097,2.578850563,0.651673411,0.067384506
52.52367291,0.27797434,2.570032453,0.639054318,0.061170281
52.52831158,0.278620607,2.562427845,0.661588412,0.060619654
52.53295025,0.285164064,2.559919943,0.695840236,0.066597895
52.53758892,0.280963327,2.554742337,0.629139316,0.064316724
52.54222759,0.276762589,2.547218629,0.650772047,0.059990365
52.54686626,0.28080176,2.543335425,0.685023871,0.06258618
52.55150493,0.284275447,2.542607324,0.669700686,0.06769915
52.5561436,0.277651206,2.537106118,0.63725159,0.06179957
52.56078227,0.276762589,2.533142014,0.659785685,0.060226348
52.56542094,0.283225262,2.534840916,0.706656601,0.065575301
52.57005961,0.281932728,2.537834219,0.645363864,0.065811284
52.57469828,0.277408856,2.53872412,0.660687048,0.06038367
52.57933695,0.280155492,2.545115227,0.692234781,0.061248942
52.58397562,0.286052682,2.55708844,0.708459329,0.067384506
52.58861429,0.280397843,2.565906549,0.660687048,0.062743503
52.59325296,0.279347658,2.579093263,0.693136145,0.060147687
52.59789163,0.286456599,2.602149787,0.746316608,0.064316724
52.6025303,0.288799318,2.629817617,0.712966148,0.067305845
52.60716897,0.284760147,2.65206514,0.71116342,0.061327603
52.61180764,0.286214249,2.67026766,0.73009206,0.061248942
52.61644631,0.293646323,2.681674572,0.749020699,0.067541828
52.62108498,0.288960885,2.681836372,0.671503414,0.064788691
52.62572365,0.285406415,2.674069964,0.682319779,0.060855637
52.63036232,0.289364802,2.667112556,0.708459329,0.063530113
52.63500099,0.292434572,2.663067552,0.679615688,0.068249778
52.63963966,0.285729548,2.653035941,0.648969319,0.062114214
52.64427833,0.285083281,2.643489731,0.667897959,0.061012959
52.648917,0.291222821,2.639687427,0.71116342,0.066283251
52.65355567,0.288233834,2.63321542,0.645363864,0.066047268
52.65819434,0.283386829,2.622860209,0.657081593,0.060855637
52.66283301,0.285729548,2.615660102,0.683221143,0.062114214
52.66747168,0.290576553,2.613556699,0.685925234,0.068171117
52.67211035,0.28459858,2.606113892,0.635448863,0.06329413
52.67674902,0.282417428,2.598266583,0.65618023,0.060540992
52.68138769,0.287991484,2.594626079,0.699445691,0.064788691
52.68602636,0.288233834,2.590095675,0.647166592,0.067069862
52.69066503,0.282578995,2.580711265,0.6444625,0.060934298
52.6953037,0.283467613,2.573753857,0.666095231,0.061170281
52.69994237,0.289849503,2.570679654,0.692234781,0.067541828
52.70458104,0.285083281,2.564935748,0.628237952,0.064316724
52.70921971,0.281932728,2.556926639,0.651673411,0.060069026
52.71385838,0.287022083,2.553205235,0.689530689,0.063215469
52.71849705,0.29025342,2.551182733,0.662489776,0.067463167
52.72313572,0.285002498,2.544548926,0.640857045,0.061563586
52.72777439,0.285810332,2.53872412,0.662489776,0.06038367
52.73241306,0.293484757,2.53864322,0.705755238,0.066283251
52.73705173,0.291465171,2.536944318,0.639955681,0.065575301
52.7416904,0.28766835,2.532252113,0.657982957,0.060619654
52.74632907,0.291545955,2.531362212,0.688629326,0.062192875
52.75096774,0.296796877,2.534840916,0.690432053,0.068092456
52.75560641,0.290414987,2.534517316,0.649870683,0.063608774
52.76024508,0.288799318,2.536135317,0.675108869,0.061720909
52.76488375,0.294534941,2.544144426,0.734598879,0.065732623
52.76952242,0.294454158,2.556683939,0.714768875,0.067463167
52.77416109,0.288718535,2.562913246,0.728289332,0.06179957
52.77879976,0.289768719,2.565906549,0.740007061,0.062114214
52.78343843,0.296069826,2.569708853,0.747217972,0.068328439
52.7880771,0.29001107,2.567605451,0.672404778,0.064474046
52.79271577,0.286537383,2.562427845,0.684122507,0.060698315
52.79735444,0.290899687,2.561052544,0.715670239,0.06400208
52.80199311,0.292919273,2.562751446,0.679615688,0.068092456
52.80663178,0.286537383,2.560162643,0.658884321,0.062035553
52.81127045,0.286456599,2.559030042,0.679615688,0.060934298
52.81590912,0.292757706,2.563075046,0.721078422,0.066991201
52.82054779,0.289284019,2.565421148,0.652574774,0.065732623
52.82518646,0.285002498,2.564612148,0.674207505,0.060776976
52.82982513,0.287749134,2.56728185,0.707557965,0.062743503
52.8344638,0.292030655,2.572540356,0.702149782,0.068328439
52.83910247,0.285729548,2.572054955,0.662489776,0.06258618
52.84374114,0.283952313,2.571084154,0.681418415,0.060462331
52.84837981,0.289768719,2.572863956,0.722881149,0.065260657
52.85301848,0.288556968,2.572783056,0.662489776,0.066361912
52.85765715,0.282740562,2.569142552,0.664292504,0.060776976
52.86229582,0.28459858,2.566391949,0.685925234,0.061563586
52.86693449,0.290576553,2.569708853,0.704853874,0.067463167
52.87157316,0.285002498,2.570275154,0.648067956,0.063372791
52.87621183,0.282740562,2.569466153,0.673306141,0.060147687
52.8808505,0.287749134,2.573268457,0.715670239,0.063923419
52.88548917,0.289849503,2.580711265,0.681418415,0.067620489
52.89012784,0.284194663,2.587749572,0.676010233,0.061484925
52.89476651,0.285002498,2.600046385,0.704853874,0.060698315
52.89940518,0.292919273,2.622132109,0.752626154,0.066755217
52.90404385,0.290414987,2.65174154,0.698544327,0.064946013
52.90868252,0.287345217,2.681189171,0.729190696,0.060462331
52.91332119,0.294373374,2.726007819,0.786877978,0.062743503
52.91795986,0.304067384,2.808445006,0.831044803,0.068485761
52.92259853,0.305683053,2.933759239,0.869803446,0.062822164
52.9272372,0.311014759,3.072826487,0.95903846,0.061406264
52.93187587,0.321597386,3.209952132,1.019429834,0.066676556
52.93651454,0.324101672,3.308164836,0.924786637,0.06769915
52.94115321,0.319739368,3.34966658,0.883323903,0.061878231
52.94579188,0.32216287,3.357837489,0.864395263,0.063058147
52.95043055,0.32781771,3.351769982,0.840959805,0.068721744
52.95506922,0.321112686,3.33016966,0.749922063,0.064474046
52.95970789,0.318123699,3.301045629,0.747217972,0.061563586
52.96434656,0.321839737,3.273296899,0.767047975,0.065653962
52.96898523,0.321516603,3.244658269,0.705755238,0.068485761
52.9736239,0.314165312,3.210275732,0.683221143,0.062428858
52.97826257,0.313115127,3.177996598,0.693136145,0.062035553
52.98290124,0.318042916,3.15162317,0.719275694,0.067935134
52.98753991,0.312549644,3.121528338,0.648067956,0.065575301
52.99217858,0.307379505,3.089977305,0.662489776,0.061170281
52.99681725,0.309722224,3.062147675,0.693136145,0.063530113
53.00145592,0.312388077,3.037796749,0.672404778,0.068721744
53.00609459,0.304228951,3.00964352,0.639955681,0.06258618
53.01073326,0.302451716,2.985454394,0.662489776,0.060934298
53.01537193,0.308025772,2.966847374,0.707557965,0.066361912
53.0200106,0.304956002,2.947835854,0.6444625,0.066519234
53.02464927,0.299301163,2.924455729,0.655278866,0.061012959
53.02928794,0.300593697,2.903259907,0.679615688,0.062114214
53.03392661,0.30584462,2.886594489,0.685925234,0.068328439
53.03856528,0.298331762,2.865317766,0.632744771,0.063136808
53.04320395,0.295423559,2.844769145,0.655278866,0.060540992
53.04784262,0.300108997,2.828750928,0.697642964,0.064631368
53.05248129,0.29994743,2.813865312,0.648969319,0.067463167
53.05711996,0.29332319,2.794287491,0.642659773,0.061012959
53.06175863,0.29356554,2.777541173,0.66339114,0.060855637
53.0663973,0.299220379,2.76492076,0.695840236,0.067463167
53.07103597,0.294131024,2.749711544,0.629139316,0.064631368
53.07567464,0.289607152,2.734502328,0.651673411,0.060619654
53.08031331,0.293403973,2.722286415,0.687727962,0.06329413
53.08495198,0.295908259,2.713468305,0.665193867,0.068092456
53.08959065,0.288637751,2.700524292,0.639054318,0.06179957
53.09422932,0.287991484,2.68952188,0.658884321,0.060540992
53.09886799,0.293969457,2.683292573,0.703051146,0.06620459
53.10350666,0.290980471,2.675364365,0.63725159,0.066047268
53.10814533,0.286456599,2.663795653,0.653476138,0.060619654
53.112784,0.288072268,2.654573043,0.681418415,0.061720909
53.11742267,0.293080839,2.649314537,0.684122507,0.068013795
53.12206134,0.286052682,2.639121127,0.635448863,0.062900825
53.12670001,0.284437014,2.628685016,0.657982957,0.06038367
53.13133868,0.289930286,2.622941109,0.702149782,0.064238063
53.13597735,0.289364802,2.618006204,0.649870683,0.066833878
53.14061602,0.283386829,2.609026295,0.650772047,0.060698315
53.14525469,0.284275447,2.60449589,0.678714324,0.060855637
53.14989336,0.290576553,2.605790291,0.709360693,0.067463167
53.15453203,0.285406415,2.602392488,0.648067956,0.064080741
53.1591707,0.281851944,2.597214882,0.67060205,0.060462331
53.16380937,0.286456599,2.59519238,0.706656601,0.063058147
53.16844804,0.289203235,2.594059779,0.676911597,0.067463167
53.17308671,0.282336645,2.587345072,0.653476138,0.061170281
53.17772538,0.282417428,2.580953965,0.673306141,0.060147687
53.18236405,0.289284019,2.579416863,0.715670239,0.065732623
53.18700272,0.286133465,2.575129159,0.647166592,0.065181996
53.19164139,0.281932728,2.568009951,0.664292504,0.060069026
53.19628006,0.285164064,2.565097548,0.694037508,0.061720909
53.20091873,0.290091853,2.565502049,0.692234781,0.067463167
53.2055574,0.283386829,2.560648043,0.647166592,0.062271536
53.21019607,0.281771161,2.556117639,0.668799323,0.059833043
53.21483474,0.288153051,2.554904137,0.712064784,0.064710029
53.21947341,0.28766835,2.553367036,0.654377502,0.066519234
53.22411208,0.281690377,2.546571428,0.655278866,0.060540992
53.22875075,0.283063696,2.541636523,0.67781296,0.060855637
53.23338942,0.289122452,2.542283724,0.699445691,0.06691254
53.23802809,0.283709963,2.53856232,0.63725159,0.063451452
53.24266676,0.280720976,2.532980214,0.659785685,0.059911704
53.24730543,0.285648765,2.531443112,0.697642964,0.063058147
53.2519441,0.28766835,2.532009413,0.665193867,0.066991201
53.25658277,0.280963327,2.52901611,0.649870683,0.060855637
53.26122144,0.28080176,2.527074508,0.672404778,0.059833043
53.26586011,0.28718365,2.530553211,0.715670239,0.065811284
53.27049878,0.283952313,2.532899314,0.653476138,0.064788691
53.27513745,0.279509225,2.531766713,0.674207505,0.059675721
53.27977612,0.282659778,2.532575714,0.70395251,0.061642248
53.28441479,0.287264433,2.535730817,0.694938872,0.067305845
53.28905346,0.28104411,2.533465615,0.652574774,0.061642248
53.29369213,0.279751575,2.530715012,0.672404778,0.059911704
53.2983308,0.286295032,2.531685813,0.715670239,0.064552707
53.30296947,0.285002498,2.533465615,0.658884321,0.065968607
53.30760814,0.279751575,2.531524012,0.664292504,0.060305009
53.31224681,0.282175078,2.531200412,0.687727962,0.060698315
53.31688548,0.288637751,2.536297118,0.705755238,0.067305845
53.32152415,0.283386829,2.535973517,0.645363864,0.063215469
53.32616282,0.28104411,2.533384714,0.666996595,0.059675721
53.33080149,0.285648765,2.533546515,0.705755238,0.063530113
53.33544016,0.287426,2.534840916,0.666996595,0.067148523
53.34007883,0.281367244,2.531443112,0.651673411,0.060540992
53.3447175,0.281528811,2.52901611,0.673306141,0.059990365
53.34935617,0.288395401,2.531362212,0.710262056,0.066125929
53.35399484,0.284517797,2.530067811,0.641758409,0.064316724
53.35863351,0.280397843,2.527074508,0.660687048,0.059833043
53.36327218,0.284033097,2.526831807,0.693136145,0.062035553
53.36791085,0.288395401,2.52885431,0.680517052,0.067777811
53.37254952,0.281609594,2.525375606,0.643561137,0.061720909
53.37718819,0.280882543,2.523191304,0.666095231,0.059911704
53.38182686,0.287749134,2.528611609,0.716571603,0.065024674
53.38646553,0.286618166,2.536458918,0.666095231,0.065575301
53.3911042,0.282175078,2.540099422,0.682319779,0.059833043
53.39574287,0.284840931,2.546409628,0.71116342,0.060934298
53.40038154,0.290980471,2.554580537,0.722881149,0.067227184
53.40502021,0.285164064,2.554014236,0.661588412,0.062664841
53.40965888,0.282902129,2.550131032,0.678714324,0.059911704
53.41429755,0.288072268,2.549402931,0.717472967,0.063451452
53.41893622,0.289041669,2.550535533,0.673306141,0.066755217
53.42357489,0.283225262,2.54818943,0.664292504,0.060855637
53.42821356,0.283952313,2.551910834,0.694037508,0.060855637
53.43285223,0.291061254,2.562670545,0.733697515,0.067227184
53.4374909,0.28718365,2.569870653,0.67060205,0.064946013
53.44212957,0.28387153,2.573187557,0.695840236,0.060147687
53.44676824,0.288072268,2.579012363,0.729190696,0.062428858
53.45140691,0.292030655,2.583623668,0.708459329,0.06769915
53.45604558,0.285164064,2.581196665,0.673306141,0.061720909
53.46068425,0.284517797,2.577151661,0.687727962,0.060069026
53.46532292,0.290818904,2.577232561,0.728289332,0.065103335
53.46996159,0.288880102,2.575210059,0.658884321,0.065417979
53.47460026,0.283386829,2.568657152,0.666996595,0.060147687
53.47923893,0.285406415,2.563236846,0.688629326,0.061248942
53.4838776,0.290818904,2.561295244,0.694037508,0.067305845
53.48851627,0.284679364,2.554904137,0.639054318,0.06258618
53.49315494,0.282175078,2.546895029,0.658884321,0.060147687
53.49779361,0.28766835,2.543011825,0.701248419,0.063608774
53.50243228,0.288233834,2.541555623,0.652574774,0.066519234
53.50707095,0.282013511,2.534436416,0.648067956,0.060305009
53.51170962,0.282982912,2.52901611,0.671503414,0.06038367
53.51634829,0.289607152,2.528288009,0.701248419,0.066519234
53.52098696,0.284679364,2.524323905,0.636350226,0.063451452
53.52562563,0.28055941,2.518013698,0.657982957,0.05959706
53.5302643,0.284760147,2.515343995,0.694037508,0.062271536
53.53490297,0.288072268,2.516395696,0.671503414,0.066991201
53.53954164,0.281609594,2.511865292,0.645363864,0.06109162
53.54418031,0.281205677,2.509276489,0.668799323,0.060147687
53.54881898,0.287749134,2.511541691,0.719275694,0.065653962
53.55345765,0.285325631,2.512512492,0.658884321,0.065024674
53.55809632,0.280720976,2.509519189,0.67060205,0.059833043
53.56273499,0.283467613,2.508305688,0.694938872,0.061327603
53.56737366,0.288314618,2.511298991,0.697642964,0.067227184
53.57201233,0.281771161,2.509519189,0.648969319,0.062114214
53.576651,0.279993926,2.507739387,0.673306141,0.059990365
53.58128967,0.285810332,2.511460791,0.721979786,0.064238063
53.58592834,0.286052682,2.515586696,0.673306141,0.066676556
53.59056701,0.28055941,2.514049594,0.671503414,0.060069026
53.59520568,0.281124893,2.513564193,0.692234781,0.060147687
53.59984435,0.28766835,2.516719297,0.716571603,0.066676556
53.60448302,0.282578995,2.517042897,0.652574774,0.063451452
53.60912169,0.279751575,2.516233896,0.675108869,0.059361076
53.61376036,0.284679364,2.520198,0.715670239,0.062350197
53.61839903,0.287829917,2.528045309,0.690432053,0.067069862
53.6230377,0.281367244,2.531038612,0.67060205,0.061170281
53.62767637,0.281851944,2.536944318,0.694938872,0.059833043
53.63231504,0.288960885,2.549079331,0.740908425,0.065889946
53.63695371,0.286618166,2.559758142,0.676010233,0.065103335
53.64159238,0.282902129,2.568414452,0.694938872,0.059911704
53.64623105,0.287022083,2.585160769,0.731894787,0.06179957
53.65086972,0.294131024,2.617844404,0.750823427,0.067384506
53.65550839,0.289607152,2.652955041,0.721078422,0.062192875
53.66014706,0.289364802,2.681027371,0.743612516,0.059990365
53.66478573,0.297766278,2.714924507,0.802201162,0.064474046
53.6694244,0.299785863,2.758125153,0.77065343,0.066440573
53.67406307,0.297362361,2.8027011,0.78507525,0.060462331
53.67870174,0.301239965,2.837973537,0.799497071,0.060855637
53.68334041,0.308833606,2.865398667,0.812116164,0.067463167
53.68797908,0.304390518,2.882873085,0.743612516,0.063766097
53.69261775,0.302370933,2.890154093,0.752626154,0.059990365
53.69725642,0.307298721,2.892742896,0.776061613,0.063372791
53.70189509,0.309560657,2.889506892,0.727387968,0.067856472
53.70653376,0.302290149,2.876643779,0.694037508,0.061642248
53.71117243,0.301967016,2.861110962,0.702149782,0.060698315
53.7158111,0.308106555,2.848328748,0.732796151,0.066361912
53.72044977,0.303744251,2.832634132,0.657982957,0.065103335
53.72508844,0.298654895,2.814997913,0.671503414,0.060226348
53.72972711,0.301886232,2.8025393,0.700347055,0.062035553
53.73436578,0.305521486,2.794530191,0.694037508,0.067856472
53.73900445,0.298735679,2.78344688,0.65618023,0.062428858
53.74364312,0.297766278,2.772201768,0.676911597,0.06038367
53.74828179,0.30325955,2.764111759,0.719275694,0.06549664
53.75292046,0.302451716,2.752704847,0.65618023,0.066361912
53.75755913,0.296150609,2.73636303,0.658884321,0.060462331
53.7621978,0.297766278,2.722610015,0.678714324,0.061170281
53.76683647,0.303582684,2.713549206,0.694037508,0.067620489
53.77147514,0.29712001,2.699877091,0.633646135,0.063451452
53.77611381,0.293969457,2.685234175,0.655278866,0.060226348
53.78075248,0.298493329,2.675526165,0.694037508,0.06400208
53.78539115,0.29994743,2.667274356,0.65618023,0.067227184
53.79002982,0.292838489,2.654896643,0.642659773,0.061406264
53.79466849,0.292676922,2.644298732,0.664292504,0.060776976
53.79930716,0.298412545,2.637988525,0.701248419,0.066676556
53.80394583,0.293727107,2.629332216,0.634547499,0.064867352
53.8085845,0.289526369,2.618410705,0.655278866,0.060305009
53.81322317,0.292757706,2.611695997,0.687727962,0.062271536
53.81786184,0.296150609,2.607731893,0.674207505,0.068092456
53.82250051,0.289607152,2.598509284,0.636350226,0.062114214
53.82713918,0.288153051,2.588720373,0.657081593,0.059990365
53.83177785,0.293969457,2.585079869,0.700347055,0.065181996
53.83641652,0.292111438,2.578850563,0.639054318,0.065811284
53.84105519,0.286537383,2.568738052,0.647166592,0.060462331
53.84569386,0.288072268,2.560971644,0.672404778,0.061012959
53.85033253,0.293242406,2.55733114,0.683221143,0.06769915
53.8549712,0.28718365,2.549079331,0.627336589,0.062822164
53.85960987,0.283952313,2.540018521,0.648067956,0.060147687
53.86424854,0.288718535,2.534921816,0.688629326,0.063687435
53.86888721,0.289607152,2.531604913,0.646265228,0.066833878
53.87352588,0.282498212,2.523757604,0.636350226,0.060698315
53.87816455,0.283225262,2.517285597,0.657982957,0.060698315
53.88280322,0.289526369,2.516152996,0.694037508,0.066676556
53.88744189,0.284840931,2.512836093,0.628237952,0.064159402
53.89208056,0.281448027,2.506687686,0.650772047,0.059439737
53.89671923,0.285325631,2.503532583,0.685023871,0.062035553
53.9013579,0.288718535,2.504098883,0.666095231,0.067227184
53.90599657,0.281609594,2.498597678,0.635448863,0.061563586
53.91063524,0.28080176,2.494067273,0.658884321,0.059675721
53.91527391,0.287506784,2.495118974,0.704853874,0.065181996
53.91991258,0.285487198,2.493824572,0.639955681,0.06549664
53.92455125,0.279913142,2.489698668,0.652574774,0.059990365
53.92918992,0.282255861,2.486786265,0.679615688,0.060934298
53.93382859,0.287345217,2.487433466,0.687727962,0.067148523
53.93846726,0.281367244,2.484197462,0.634547499,0.062428858
53.94310593,0.279186091,2.479586157,0.65618023,0.059518399
53.9477446,0.28435623,2.478615356,0.697642964,0.064080741
53.95238327,0.284921714,2.478291756,0.649870683,0.066519234
53.95702194,0.278943741,2.474327652,0.6444625,0.060540992
53.96166061,0.279913142,2.470848948,0.665193867,0.06038367
53.96629928,0.286537383,2.471415249,0.695840236,0.066361912
53.97093795,0.281771161,2.469069146,0.630942044,0.063687435
53.97557662,0.278539824,2.464781442,0.653476138,0.059911704
53.98021529,0.282578995,2.464134241,0.690432053,0.06258618
53.98485396,0.285567982,2.465428642,0.666996595,0.067148523
53.98949263,0.278862958,2.46324434,0.641758409,0.061170281
53.9941313,0.27797434,2.461140938,0.662489776,0.059675721
53.99876997,0.285002498,2.463891541,0.708459329,0.06549664
54.00340864,0.282336645,2.466075843,0.643561137,0.06549664
54.00804731,0.27797434,2.465428642,0.660687048,0.060147687
54.01268598,0.281124893,2.467612945,0.693136145,0.061484925
54.01732465,0.286375816,2.47254785,0.700347055,0.067384506
54.02196332,0.280155492,2.471738849,0.648969319,0.062743503
54.02660199,0.278459041,2.469959047,0.669700686,0.059754382
54.03124066,0.28411388,2.471334349,0.710262056,0.064159402
54.03587933,0.283709963,2.47238605,0.655278866,0.066676556
54.040518,0.278378257,2.467774745,0.651673411,0.060619654
54.04515667,0.279347658,2.465914043,0.674207505,0.060776976
54.04979534,0.286133465,2.468260145,0.699445691,0.067227184
54.05443401,0.28104411,2.466237643,0.635448863,0.063844758
54.05907268,0.278055124,2.46340614,0.658884321,0.059833043
54.06371135,0.282578995,2.465509542,0.695840236,0.062900825
54.06835002,0.285083281,2.468907346,0.667897959,0.067148523
54.07298869,0.278782174,2.466561244,0.645363864,0.061248942
54.07762736,0.279024525,2.466399443,0.667897959,0.060069026
54.08226603,0.285891115,2.470120847,0.710262056,0.065811284
54.0869047,0.282417428,2.472062449,0.643561137,0.064946013
54.09154337,0.277812773,2.471334349,0.661588412,0.059833043
54.09618204,0.280963327,2.474004051,0.692234781,0.061248942
54.10082071,0.285729548,2.481446859,0.692234781,0.067305845
54.10545938,0.279993926,2.48249856,0.649870683,0.061956892
54.11009805,0.27821669,2.485168263,0.672404778,0.059754382
54.11473672,0.284517797,2.492125671,0.716571603,0.064316724
54.11937539,0.28435623,2.498678578,0.660687048,0.066125929
54.12401406,0.279347658,2.499487578,0.66339114,0.059911704
54.12865273,0.28104411,2.503613483,0.689530689,0.060462331
54.1332914,0.288233834,2.514777695,0.717472967,0.06691254
54.13793007,0.28387153,2.523434004,0.657982957,0.063608774
54.14256874,0.281690377,2.52885431,0.681418415,0.059833043
54.14720741,0.287345217,2.533951015,0.719275694,0.063058147
54.15184608,0.289041669,2.53864322,0.681418415,0.067148523
54.15648475,0.282659778,2.535326316,0.659785685,0.060855637
54.16112342,0.282821345,2.532413913,0.676010233,0.060305009
54.16576209,0.289607152,2.532899314,0.712966148,0.06620459
54.17040076,0.285810332,2.529986911,0.641758409,0.064946013
54.17503943,0.281367244,2.523919404,0.658884321,0.059990365
54.1796781,0.28459858,2.521977802,0.689530689,0.061720909
54.18431677,0.289203235,2.524404805,0.682319779,0.067305845
54.18895544,0.282498212,2.522382303,0.642659773,0.061720909
54.19359411,0.28104411,2.5196317,0.662489776,0.059990365
54.19823278,0.287506784,2.520683401,0.706656601,0.064631368
54.20287145,0.286698949,2.5195508,0.647166592,0.065968607
54.20751012,0.280882543,2.513887794,0.653476138,0.06038367
54.21214879,0.282175078,2.511056291,0.67781296,0.060776976
54.21678746,0.288233834,2.512916993,0.695840236,0.06691254
54.22142613,0.282336645,2.509761889,0.638152954,0.062900825
54.2260648,0.279913142,2.506202286,0.660687048,0.059754382
54.23070347,0.285002498,2.507334887,0.702149782,0.06329413
54.23534214,0.286779733,2.511379891,0.664292504,0.067069862
54.23998081,0.280155492,2.512107992,0.654377502,0.060934298
54.24461948,0.280720976,2.516476597,0.680517052,0.060226348
54.24925815,0.287829917,2.531524012,0.729190696,0.066361912
54.25389682,0.285325631,2.553447936,0.676911597,0.064238063
54.25853549,0.282740562,2.580306764,0.712064784,0.059833043
54.26317416,0.286698949,2.609592595,0.757132973,0.061484925
54.26781283,0.291384388,2.631192918,0.739105697,0.067305845
54.2724515,0.284679364,2.634833422,0.689530689,0.061563586
54.27709017,0.283790746,2.630626618,0.697642964,0.059833043
54.28172884,0.290091853,2.628280515,0.730993423,0.064946013
54.28636751,0.288072268,2.62310291,0.661588412,0.065732623
54.29100618,0.282659778,2.613071299,0.665193867,0.059833043
54.29564485,0.28459858,2.60506219,0.685925234,0.060855637
54.30028352,0.290576553,2.601098086,0.6967416,0.067069862
54.30492219,0.284437014,2.592927178,0.639054318,0.062271536
54.30956086,0.282175078,2.584351768,0.661588412,0.059675721
54.31419953,0.2869413,2.579255063,0.701248419,0.063451452
54.3188382,0.28766835,2.574562858,0.657081593,0.066597895
54.32347687,0.281448027,2.565178448,0.646265228,0.060698315
54.32811554,0.281771161,2.55789744,0.666996595,0.060226348
54.33275421,0.288314618,2.555551338,0.701248419,0.066361912
54.33739288,0.283790746,2.549726532,0.635448863,0.064159402
54.34203155,0.279913142,2.542283724,0.657982957,0.059754382
54.34667022,0.28411388,2.53856232,0.694037508,0.062350197
54.35130889,0.287426,2.538157819,0.676010233,0.067148523
54.35594756,0.280478626,2.533384714,0.645363864,0.061406264
54.36058623,0.279751575,2.52909701,0.666996595,0.059754382
54.3652249,0.286133465,2.530391411,0.713867512,0.065260657
54.36986357,0.284194663,2.530634112,0.650772047,0.06549664
54.37450224,0.279266875,2.526750907,0.66339114,0.059911704
54.37914091,0.281367244,2.526670007,0.694037508,0.061012959
54.38377958,0.287102866,2.532333013,0.704853874,0.067227184
54.38841825,0.281124893,2.533061114,0.654377502,0.062271536
54.39305692,0.279024525,2.530472311,0.675108869,0.059675721
54.39769559,0.284760147,2.531685813,0.714768875,0.063687435
54.40233426,0.285325631,2.533222914,0.66339114,0.066833878
54.40697293,0.279428442,2.52877341,0.655278866,0.060776976
54.4116116,0.28055941,2.524485705,0.675108869,0.060462331
54.41625027,0.287102866,2.524081205,0.70395251,0.066833878
54.42088894,0.282336645,2.5200362,0.63725159,0.064080741
54.42552761,0.278782174,2.514858595,0.658884321,0.059911704
54.43016628,0.282740562,2.513483293,0.694938872,0.062822164
54.43480495,0.285891115,2.515182195,0.671503414,0.067305845
54.43944362,0.279670792,2.510975391,0.645363864,0.061563586
54.44408229,0.279105308,2.509033789,0.666996595,0.060147687
54.44872096,0.285648765,2.51040909,0.710262056,0.065575301
54.45335963,0.283225262,2.509438289,0.643561137,0.065260657
54.4579983,0.278297474,2.504665184,0.657982957,0.060147687
54.46263697,0.28104411,2.502561782,0.685023871,0.061720909
54.46727564,0.285891115,2.503613483,0.685925234,0.067463167
54.47191431,0.279670792,2.498840378,0.63725159,0.062743503
54.47655298,0.278135907,2.493581872,0.658884321,0.059675721
54.48119165,0.283952313,2.493177372,0.701248419,0.064080741
54.48583032,0.283629179,2.493662772,0.649870683,0.066440573
54.49046899,0.277651206,2.488889667,0.648067956,0.060462331
54.49510766,0.278701391,2.486219964,0.67060205,0.060698315
54.49974633,0.285567982,2.487918866,0.6967416,0.066755217
54.504385,0.280882543,2.485491864,0.634547499,0.063687435
54.50902367,0.27773199,2.48185136,0.65618023,0.059675721
54.51366234,0.282175078,2.48185136,0.692234781,0.062900825
54.51830101,0.284921714,2.483954762,0.664292504,0.067227184
54.52293968,0.278459041,2.480476058,0.642659773,0.061248942
54.52757835,0.278297474,2.478291756,0.66339114,0.060147687
54.53221702,0.284760147,2.480799659,0.705755238,0.065653962
54.53685569,0.281528811,2.480880559,0.638152954,0.065103335
54.54149436,0.27748964,2.476997355,0.655278866,0.059990365
54.54613303,0.280640193,2.476754654,0.685023871,0.061327603
54.5507717,0.285083281,2.480152458,0.682319779,0.067305845
54.55541037,0.279186091,2.477401855,0.63725159,0.062035553
54.56004904,0.277651206,2.473356851,0.657982957,0.05959706
54.56468771,0.283386829,2.473923151,0.700347055,0.064316724
54.56932638,0.283063696,2.473356851,0.643561137,0.066283251
54.57396505,0.277004939,2.467855645,0.6444625,0.060540992
54.57860372,0.278701391,2.464457841,0.666996595,0.060698315
54.58324239,0.284921714,2.465347742,0.688629326,0.067227184
54.58788106,0.279347658,2.461788138,0.627336589,0.063687435
54.59251973,0.276762589,2.457419534,0.650772047,0.059675721
54.5971584,0.282175078,2.456610533,0.688629326,0.063136808
54.60179707,0.284194663,2.457419534,0.657081593,0.067463167
54.60643574,0.277893557,2.454507131,0.639955681,0.060855637
54.61107441,0.278539824,2.452727329,0.661588412,0.060462331
54.61571308,0.284840931,2.455720632,0.703051146,0.066361912
54.62035175,0.28128646,2.455397032,0.635448863,0.064946013
54.62499042,0.276924156,2.451999228,0.655278866,0.059833043
54.62962909,0.280478626,2.451352027,0.685925234,0.06179957
54.63426776,0.285002498,2.45394083,0.676911597,0.06769915
54.63890643,0.27821669,2.450543027,0.63725159,0.061878231
54.6435451,0.277247289,2.448035124,0.657982957,0.059990365
54.64818377,0.283467613,2.450219426,0.702149782,0.065103335
54.65282244,0.282578995,2.452808229,0.643561137,0.06620459
54.65746111,0.276843372,2.450219426,0.651673411,0.060540992
54.66209978,0.278620607,2.450300326,0.676911597,0.060855637
54.66673845,0.285083281,2.455316132,0.694938872,0.067305845
54.67137712,0.279428442,2.455801532,0.638152954,0.063451452
54.67601579,0.277166506,2.454345331,0.661588412,0.059990365
54.68065446,0.282417428,2.456448733,0.701248419,0.063766097
54.68529313,0.283952313,2.460089237,0.66339114,0.067227184
54.6899318,0.277812773,2.457015033,0.649870683,0.061012959
54.69457047,0.278459041,2.455154331,0.67060205,0.06038367
54.69920914,0.285002498,2.458228535,0.707557965,0.066361912
54.70384781,0.280720976,2.458552135,0.639955681,0.064552707
54.70848648,0.277085722,2.456367833,0.662489776,0.059833043
54.71312515,0.280963327,2.457176834,0.695840236,0.062114214
54.71776382,0.285083281,2.460089237,0.683221143,0.067541828
54.72240249,0.278701391,2.457257734,0.645363864,0.062114214
54.72704116,0.27773199,2.45418353,0.666095231,0.060069026
54.73167983,0.284275447,2.455477932,0.709360693,0.065103335
54.7363185,0.282578995,2.456367833,0.646265228,0.065811284
54.74095717,0.276762589,2.452322828,0.655278866,0.059990365
54.74559584,0.279428442,2.451352027,0.681418415,0.061327603
54.75023451,0.285406415,2.454992531,0.695840236,0.067384506
54.75487318,0.279428442,2.455154331,0.642659773,0.062743503
54.75951185,0.277004939,2.45345543,0.666095231,0.059911704
54.76415052,0.282659778,2.454426231,0.706656601,0.063844758
54.76878919,0.283709963,2.456610533,0.662489776,0.066991201
54.77342786,0.277812773,2.452565529,0.651673411,0.061012959
54.77806653,0.278378257,2.450300326,0.671503414,0.06038367
54.7827052,0.285164064,2.452241928,0.70395251,0.066676556
54.78734387,0.280155492,2.450300326,0.636350226,0.064316724
54.79198254,0.277085722,2.445931722,0.65618023,0.059833043
54.79662121,0.28080176,2.445284521,0.690432053,0.062428858
54.80125988,0.284517797,2.447792424,0.673306141,0.067541828
54.80589855,0.278135907,2.445527221,0.642659773,0.061484925
54.81053722,0.277408856,2.44423282,0.665193867,0.060147687
54.81517589,0.28387153,2.445769922,0.710262056,0.065575301
54.81981456,0.281771161,2.446578922,0.645363864,0.065811284
54.82445323,0.277328073,2.443585619,0.657081593,0.059833043
54.8290919,0.279428442,2.442453018,0.682319779,0.060934298
54.83373057,0.285002498,2.44479912,0.687727962,0.067384506
54.83836924,0.278539824,2.442129418,0.635448863,0.062428858
54.84300791,0.276520239,2.438408014,0.657081593,0.059754382
54.84764658,0.281771161,2.438893414,0.700347055,0.063766097
54.85228525,0.282902129,2.440349616,0.652574774,0.066519234
54.85692392,0.276601022,2.436790012,0.646265228,0.060226348
54.86156259,0.27748964,2.43452481,0.667897959,0.06038367
54.86620126,0.284194663,2.437275413,0.697642964,0.066676556
54.87083993,0.279266875,2.436223711,0.633646135,0.063687435
54.8754786,0.275954755,2.432016907,0.655278866,0.059754382
54.88011727,0.280317059,2.431693307,0.689530689,0.062428858
54.88475594,0.283306046,2.434120309,0.664292504,0.067148523
54.88939461,0.276762589,2.430803406,0.63725159,0.06109162
54.89403328,0.276601022,2.428214603,0.657982957,0.059833043
54.89867195,0.283548396,2.429670804,0.701248419,0.06549664
54.90331062,0.280397843,2.430560705,0.635448863,0.06549664
54.90794929,0.275712404,2.428295503,0.651673411,0.059911704
54.91258796,0.278459041,2.427567402,0.680517052,0.061484925
54.91722663,0.283790746,2.431288806,0.683221143,0.067463167
54.9218653,0.277570423,2.430237105,0.635448863,0.062350197
54.92650397,0.276116321,2.429347204,0.657982957,0.059833043
54.93114264,0.281932728,2.432178707,0.701248419,0.064159402
54.93578131,0.282255861,2.435657411,0.651673411,0.066361912
54.94041998,0.276843372,2.43468661,0.651673411,0.060305009
54.94505865,0.278782174,2.437356313,0.676911597,0.060462331
54.94969732,0.285487198,2.44471822,0.704853874,0.066991201
54.95433599,0.280963327,2.445850822,0.642659773,0.063766097
54.95897466,0.27748964,2.44471822,0.66339114,0.059833043
54.96361333,0.282336645,2.446336222,0.699445691,0.063058147
54.968252,0.285002498,2.449814926,0.668799323,0.067620489
54.97289067,0.278378257,2.447387923,0.645363864,0.061720909
54.97752934,0.278539824,2.445203621,0.664292504,0.060147687
54.98216801,0.284760147,2.447711524,0.706656601,0.066283251
54.98680668,0.28128646,2.448035124,0.639054318,0.06549664
54.99144535,0.277570423,2.444880021,0.655278866,0.060147687
54.99608402,0.280963327,2.445527221,0.686826598,0.061956892
55.00072269,0.285406415,2.449410425,0.685023871,0.067777811
55.00536136,0.278701391,2.448116024,0.639955681,0.062664841
55.01000003,0.277570423,2.446740723,0.662489776,0.060069026
55.0146387,0.283467613,2.449572226,0.707557965,0.064552707
55.01927737,0.283063696,2.451352027,0.651673411,0.066440573
55.02391604,0.277247289,2.447954224,0.654377502,0.060698315
55.02855471,0.279347658,2.446417122,0.676911597,0.060855637
55.03319338,0.285083281,2.449329525,0.698544327,0.067148523
55.03783205,0.279590008,2.448601425,0.638152954,0.063844758
55.04247072,0.277085722,2.445931722,0.661588412,0.060226348
55.04710939,0.282094294,2.447307023,0.699445691,0.063372791
55.05174806,0.283952313,2.450543027,0.666095231,0.067384506
55.05638673,0.277812773,2.447711524,0.647166592,0.061248942
55.0610254,0.277893557,2.446174422,0.667897959,0.060619654
55.06566407,0.284679364,2.450300326,0.709360693,0.066833878
55.07030274,0.28080176,2.452484629,0.641758409,0.065260657
55.07494141,0.276681805,2.452161028,0.662489776,0.060226348
55.07958008,0.279751575,2.45377903,0.693136145,0.062192875
55.08421875,0.284033097,2.457824034,0.685023871,0.067856472
55.08885742,0.277408856,2.456772333,0.643561137,0.062271536
55.09349609,0.276439455,2.455316132,0.666095231,0.059990365
55.09813476,0.282659778,2.458794835,0.71116342,0.065181996
55.10277343,0.281528811,2.461707238,0.651673411,0.066283251
55.1074121,0.276358672,2.459765636,0.657081593,0.060619654
55.11205077,0.27797434,2.459199336,0.679615688,0.061248942
55.11668944,0.283709963,2.461464538,0.6967416,0.067305845
55.12132811,0.278378257,2.459765636,0.63725159,0.063608774
55.12596678,0.275793188,2.457095934,0.660687048,0.060226348
55.13060545,0.280720976,2.457743134,0.700347055,0.063687435
55.13524412,0.282821345,2.460817337,0.662489776,0.067069862
55.13988279,0.276358672,2.458552135,0.648969319,0.06109162
55.14452146,0.276924156,2.457743134,0.669700686,0.060305009
55.14916013,0.28411388,2.461383638,0.707557965,0.066676556
55.1537988,0.279751575,2.462111739,0.639955681,0.064946013
55.15843747,0.275873971,2.460089237,0.658884321,0.060305009
55.16307614,0.279670792,2.460655537,0.691333417,0.062428858
55.16771481,0.283629179,2.464134241,0.679615688,0.067935134
55.17235348,0.277247289,2.46316344,0.6444625,0.062035553
55.17699215,0.276439455,2.461869039,0.665193867,0.060147687
55.18163082,0.282902129,2.466965744,0.712064784,0.065339318
55.18626949,0.281528811,2.471496149,0.651673411,0.065889946
55.19090816,0.276116321,2.471900649,0.662489776,0.060462331
55.19554683,0.278862958,2.474974852,0.689530689,0.061484925
55.2001855,0.284760147,2.483064861,0.706656601,0.067620489
55.20482417,0.278943741,2.486786265,0.654377502,0.063058147
55.20946284,0.277570423,2.489294168,0.676911597,0.060147687
55.21410151,0.283386829,2.494552673,0.716571603,0.064080741
55.21874018,0.284840931,2.499487578,0.672404778,0.067227184
55.22337885,0.278782174,2.499811179,0.662489776,0.06109162
55.22801752,0.279832359,2.501510081,0.684122507,0.060619654
55.23265619,0.286456599,2.508224788,0.717472967,0.066755217
55.23729486,0.282578995,2.511218091,0.650772047,0.064316724
55.24193353,0.279186091,2.51040909,0.671503414,0.060147687
55.2465722,0.282982912,2.512593392,0.70395251,0.062507519
55.25121087,0.286860516,2.516719297,0.685023871,0.067620489
55.25584954,0.280397843,2.514534994,0.651673411,0.061720909
55.26048821,0.280155492,2.513240593,0.672404778,0.060226348
55.26512688,0.286698949,2.517609198,0.719275694,0.065732623
55.26976555,0.284760147,2.520845201,0.657081593,0.065889946
55.27440422,0.280236276,2.519227199,0.67060205,0.060462331
55.27904289,0.283063696,2.5195508,0.697642964,0.061563586
55.28368156,0.288395401,2.522867703,0.70395251,0.067620489
55.28832023,0.282740562,2.521087901,0.651673411,0.063058147
55.2929589,0.281205677,2.518822699,0.674207505,0.06038367
55.29759757,0.286537383,2.521007001,0.716571603,0.064316724
55.30223624,0.287022083,2.523595804,0.667897959,0.067305845
55.30687491,0.281367244,2.521007001,0.662489776,0.060934298
55.31151358,0.282578995,2.518984499,0.685023871,0.060619654
55.31615225,0.289122452,2.522705903,0.715670239,0.067227184
55.32079092,0.28435623,2.522463203,0.651673411,0.064316724
55.32542959,0.28128646,2.5201171,0.674207505,0.060540992
55.33006826,0.285648765,2.520845201,0.709360693,0.062822164
55.33470693,0.288799318,2.524485705,0.684122507,0.067777811
55.3393456,0.281932728,2.523676704,0.657982957,0.061406264
55.34398427,0.281690377,2.524081205,0.678714324,0.060226348
55.34862294,0.288476185,2.52958241,0.724683877,0.065811284
55.35326161,0.285729548,2.532656614,0.659785685,0.065575301
55.35790028,0.281205677,2.531200412,0.673306141,0.060069026
55.36253895,0.284437014,2.532090313,0.700347055,0.061720909
55.36717762,0.289203235,2.534840916,0.702149782,0.06769915
55.37181629,0.282498212,2.533142014,0.651673411,0.062664841
55.37645496,0.28080176,2.52942061,0.672404778,0.060147687
55.38109363,0.286456599,2.52901611,0.714768875,0.064159402
55.3857323,0.286214249,2.52942061,0.661588412,0.066597895
55.39037097,0.280640193,2.524647505,0.659785685,0.060619654
55.39500964,0.281851944,2.521654202,0.680517052,0.060776976
55.39964831,0.288233834,2.522463203,0.706656601,0.066991201
55.40428698,0.283225262,2.520440701,0.643561137,0.063766097
55.40892565,0.280074709,2.516719297,0.666095231,0.059518399
55.41356432,0.284275447,2.517447398,0.70395251,0.062743503
55.41820299,0.2869413,2.521249702,0.67781296,0.067305845
55.42284166,0.280478626,2.519065399,0.65618023,0.061012959
55.42748033,0.280155492,2.517528298,0.675108869,0.060069026
55.432119,0.287264433,2.520602501,0.718374331,0.06620459
55.43675767,0.283790746,2.520440701,0.648969319,0.065260657
55.44139634,0.279509225,2.518337298,0.666996595,0.060147687
55.44603501,0.282417428,2.517447398,0.695840236,0.061720909
55.45067368,0.287506784,2.521168801,0.694037508,0.06769915
55.45531235,0.28128646,2.5200362,0.649870683,0.062350197
55.45995102,0.279590008,2.519227199,0.672404778,0.059990365
55.46458969,0.285891115,2.522544103,0.716571603,0.065181996
55.46922836,0.285325631,2.524728405,0.662489776,0.066676556
55.47386703,0.279913142,2.523110404,0.666996595,0.060776976
55.4785057,0.281690377,2.524647505,0.690432053,0.061327603
55.48314437,0.287991484,2.531038612,0.715670239,0.067541828
55.48778304,0.282659778,2.534760016,0.657982957,0.063687435
55.49242171,0.280397843,2.53831962,0.684122507,0.060305009
55.49706038,0.285729548,2.54802763,0.725585241,0.06329413
55.50169905,0.288395401,2.562346945,0.698544327,0.067384506
55.50633772,0.283063696,2.575129159,0.688629326,0.061484925
55.51097639,0.28387153,2.596486781,0.726486605,0.060698315
55.51561506,0.292353789,2.64187173,0.795891616,0.066833878
55.52025373,0.291303604,2.691382582,0.749020699,0.065339318
55.5248924,0.291707521,2.743158637,0.795891616,0.060855637
55.52953107,0.298897246,2.804238202,0.856282989,0.062822164
55.53416974,0.305763836,2.849218649,0.846367988,0.068171117
55.53880841,0.29946273,2.863376164,0.774258885,0.062664841
55.54344708,0.298170195,2.862486263,0.767047975,0.060462331
55.54808575,0.303582684,2.85933116,0.787779342,0.065653962
55.55272442,0.302128582,2.852616453,0.712966148,0.066676556
55.55736309,0.29639296,2.841937642,0.710262056,0.060855637
55.56200176,0.297443144,2.833200432,0.727387968,0.061878231
55.56664043,0.303097983,2.826728426,0.73730297,0.067935134
55.5712791,0.296796877,2.815321513,0.67060205,0.064080741
55.57591777,0.293646323,2.801487599,0.686826598,0.060698315
55.58055644,0.298331762,2.789918887,0.721078422,0.064159402
55.58519511,0.299220379,2.780534477,0.67781296,0.067935134
55.58983378,0.292919273,2.765972461,0.660687048,0.061484925
55.59447245,0.293000056,2.752543047,0.680517052,0.060934298
55.59911112,0.298978029,2.743886738,0.716571603,0.06691254
55.60374979,0.294131024,2.733612427,0.648067956,0.065181996
55.60838846,0.289930286,2.719859412,0.666095231,0.060698315
55.61302713,0.293161623,2.709585101,0.6967416,0.063215469
55.6176658,0.29639296,2.702546794,0.683221143,0.068485761
55.62230447,0.289687936,2.690411781,0.646265228,0.062507519
55.62694314,0.288556968,2.679004869,0.666996595,0.060698315
55.63158181,0.294696508,2.672451962,0.710262056,0.065732623
55.63622048,0.292515356,2.665332754,0.648067956,0.066676556
55.64085915,0.287426,2.654330343,0.657081593,0.061406264
55.64549782,0.289041669,2.646078534,0.683221143,0.06179957
55.65013649,0.294454158,2.64219533,0.697642964,0.068013795
55.65477516,0.288556968,2.634024421,0.643561137,0.063766097
55.65941383,0.286375816,2.626015313,0.666996595,0.060776976
55.6640525,0.291303604,2.621970308,0.708459329,0.064238063
55.66869117,0.292273005,2.619866906,0.666095231,0.067541828
55.67332984,0.285810332,2.612585898,0.655278866,0.061248942
55.67796851,0.287022083,2.606275692,0.676010233,0.061012959
55.68260718,0.29332319,2.60465769,0.712064784,0.067148523
55.68724585,0.288880102,2.601583487,0.647166592,0.064946013
55.69188452,0.285487198,2.597295782,0.67060205,0.060540992
55.69652319,0.289526369,2.598509284,0.706656601,0.062743503
55.70116186,0.293242406,2.605304891,0.693136145,0.067856472
55.70580053,0.28718365,2.611372397,0.671503414,0.062114214
55.7104392,0.287426,2.624073711,0.709360693,0.060540992
55.71507787,0.296796877,2.648829137,0.772456157,0.065889946
55.71971654,0.296150609,2.673665463,0.719275694,0.066125929
55.72435521,0.292515356,2.688955579,0.73730297,0.06038367
55.72899388,0.295423559,2.697126488,0.754428882,0.061878231
55.73363255,0.300755264,2.700847892,0.747217972,0.068171117
55.73827122,0.294534941,2.694861286,0.683221143,0.063451452
55.74290989,0.292111438,2.686771277,0.695840236,0.060540992
55.74754856,0.297523928,2.681674572,0.730993423,0.064788691
55.75218723,0.298008628,2.676982367,0.678714324,0.067777811
55.7568259,0.292192222,2.667597957,0.671503414,0.061484925
55.76146457,0.292757706,2.659993349,0.690432053,0.061563586
55.76610324,0.298493329,2.656757345,0.721078422,0.067620489
55.77074191,0.29356554,2.650689839,0.65618023,0.064867352
55.77538058,0.29049577,2.64268073,0.676010233,0.060855637
55.78001925,0.294131024,2.638797526,0.71116342,0.063530113
55.78465792,0.29687766,2.637179525,0.686826598,0.068249778
55.78929659,0.289849503,2.629979417,0.658884321,0.062507519
55.79393526,0.289284019,2.624073711,0.679615688,0.06109162
55.79857393,0.295504342,2.622860209,0.723782513,0.066361912
55.8032126,0.292596139,2.619138805,0.657081593,0.066283251
55.80785127,0.287991484,2.611129697,0.672404778,0.061170281
55.81248994,0.290172636,2.606518392,0.699445691,0.062350197
55.81712861,0.295100425,2.605628491,0.703051146,0.068643083
55.82176728,0.289122452,2.600693586,0.654377502,0.063451452
55.82640595,0.28718365,2.594545179,0.678714324,0.060934298
55.83104462,0.292838489,2.593412578,0.725585241,0.065181996
55.83568329,0.292919273,2.593978879,0.676911597,0.06769915
55.84032196,0.287264433,2.590338375,0.679615688,0.061248942
55.84496063,0.288880102,2.588639473,0.706656601,0.061642248
55.8495993,0.295100425,2.591551876,0.736401606,0.068013795
55.85423797,0.289930286,2.589933874,0.676911597,0.064788691
55.85887664,0.287022083,2.586455171,0.70395251,0.06109162
55.86351531,0.291626738,2.587749572,0.747217972,0.064080741
55.86815398,0.294050241,2.590661975,0.73009206,0.068564422
55.87279265,0.287749134,2.589124874,0.726486605,0.062114214
55.87743132,0.287749134,2.588396773,0.781469795,0.061012959
55.88206999,0.294131024,2.592522677,0.855381625,0.066833878
55.88670866,0.291303604,2.593897979,0.809412072,0.065889946
55.89134733,0.287102866,2.591309176,0.831044803,0.061012959
55.895986,0.289930286,2.593008078,0.849072079,0.062507519
55.90062467,0.295423559,2.598347483,0.833748895,0.068800405
55.90526334,0.289849503,2.602796988,0.773357521,0.06329413
55.90990201,0.289445586,2.606680192,0.778765704,0.06109162
55.91454068,0.295585125,2.613152199,0.808510709,0.065417979
55.91917935,0.294615724,2.616388202,0.739105697,0.067148523
55.92381802,0.289364802,2.613313999,0.726486605,0.061720909
55.92845669,0.290899687,2.611453297,0.738204334,0.061878231
55.93309536,0.296958444,2.612990399,0.749922063,0.068643083
55.93773403,0.291303604,2.609592595,0.680517052,0.064867352
55.9423727,0.288314618,2.60506219,0.695840236,0.061012959
55.94701137,0.293242406,2.603363289,0.728289332,0.064238063
55.95165004,0.295181208,2.60449589,0.689530689,0.068249778
55.95628871,0.288799318,2.600046385,0.667897959,0.062035553
55.96092738,0.288880102,2.596486781,0.685925234,0.061170281
55.96556605,0.295342775,2.598023883,0.722881149,0.06691254
55.97020472,0.291626738,2.596648582,0.653476138,0.065811284
55.97484339,0.28718365,2.592522677,0.671503414,0.06109162
55.97948206,0.290818904,2.591794576,0.702149782,0.062743503
55.98412073,0.294777291,2.594464279,0.694938872,0.068800405
55.9887594,0.288314618,2.591228276,0.652574774,0.063215469
55.99339807,0.287345217,2.588396773,0.674207505,0.061012959
55.99803674,0.29380789,2.589205774,0.719275694,0.065968607
56.00267541,0.292676922,2.590176575,0.661588412,0.067305845
56.00731408,0.28718365,2.587102371,0.668799323,0.061327603
56.01195275,0.289284019,2.58588887,0.693136145,0.061720909
56.01659142,0.295908259,2.588477673,0.710262056,0.068249778
56.02123009,0.29001107,2.587506872,0.653476138,0.064080741
56.02586876,0.287345217,2.584432669,0.676911597,0.06109162
56.03050743,0.292273005,2.58613157,0.717472967,0.064395385
56.0351461,0.293646323,2.588720373,0.67781296,0.068092456
56.03978477,0.28718365,2.58556527,0.665193867,0.061720909
56.04442344,0.287829917,2.583461868,0.686826598,0.060934298
56.04906211,0.294373374,2.586455171,0.727387968,0.067227184
56.05370078,0.291142037,2.587183271,0.66339114,0.065417979
56.05833945,0.287102866,2.583704568,0.682319779,0.06109162
56.06297812,0.290818904,2.583138267,0.713867512,0.062900825
56.06761679,0.295019642,2.584998969,0.700347055,0.068171117
56.07225546,0.288556968,2.582248366,0.662489776,0.062507519
56.07689413,0.287910701,2.578365162,0.680517052,0.060776976
56.0815328,0.294777291,2.578850563,0.723782513,0.065732623
56.08617147,0.293727107,2.578122462,0.662489776,0.066676556
56.09081014,0.289607152,2.572783056,0.671503414,0.060934298
56.09544881,0.293080839,2.570436954,0.697642964,0.061720909
56.10008748,0.299624296,2.572378556,0.71116342,0.067777811
56.10472615,0.294454158,2.569385253,0.65618023,0.063372791
56.10936482,0.293000056,2.565502049,0.678714324,0.060540992
56.11400349,0.298574112,2.565663849,0.721078422,0.064238063
56.11864216,0.300028214,2.569627953,0.680517052,0.067541828
56.12328083,0.29380789,2.568738052,0.674207505,0.061406264
56.1279195,0.294777291,2.568899852,0.694037508,0.060934298
56.13255817,0.301159181,2.571893155,0.726486605,0.067463167
56.13719684,0.296150609,2.571326855,0.657081593,0.064788691
56.14183551,0.292919273,2.56695825,0.675108869,0.06038367
56.14647418,0.296069826,2.565663849,0.707557965,0.062900825
56.15111285,0.300108997,2.56712005,0.687727962,0.067777811
56.15575152,0.29356554,2.563398646,0.657081593,0.062035553
56.16039019,0.292676922,2.560405343,0.676911597,0.060462331
56.16502886,0.299381946,2.563075046,0.721979786,0.065575301
56.16966753,0.297039227,2.565178448,0.657982957,0.065889946
56.1743062,0.291626738,2.563964947,0.672404778,0.06038367
56.17894487,0.293969457,2.56679645,0.701248419,0.061484925
56.18358354,0.29946273,2.574481958,0.710262056,0.067384506
56.18822221,0.293242406,2.57674716,0.658884321,0.062822164
56.19286088,0.291222821,2.577798862,0.681418415,0.06038367
56.19749955,0.296312176,2.583057367,0.725585241,0.064159402
56.20213822,0.296796877,2.590500175,0.680517052,0.067148523
56.20677689,0.291303604,2.593574378,0.680517052,0.060855637
56.21141556,0.293000056,2.602230687,0.708459329,0.060776976
56.21605423,0.299866647,2.617601704,0.746316608,0.066833878
56.2206929,0.295504342,2.628685016,0.685023871,0.063923419
56.22533157,0.292434572,2.634671622,0.706656601,0.060226348
56.22997024,0.296958444,2.645350433,0.74451388,0.062664841
56.23460891,0.300593697,2.66136865,0.723782513,0.067620489
56.23924758,0.294292591,2.672047462,0.697642964,0.061720909
56.24388625,0.294777291,2.68038017,0.712064784,0.06038367
56.24852492,0.301805449,2.688955579,0.750823427,0.066125929
56.25316359,0.299058813,2.692757883,0.678714324,0.06549664
56.25780226,0.294534941,2.690978082,0.688629326,0.060147687
56.26244093,0.297443144,2.690411781,0.712064784,0.061878231
56.2670796,0.302290149,2.692029783,0.71116342,0.068092456
56.27171827,0.295908259,2.688146579,0.659785685,0.062822164
56.27635694,0.293969457,2.683373474,0.680517052,0.060147687
56.28099561,0.299866647,2.682159972,0.722881149,0.064395385
56.28563428,0.299543513,2.681350971,0.671503414,0.066991201
56.29027295,0.293888674,2.675930666,0.669700686,0.060855637
56.29491162,0.294858075,2.672613762,0.691333417,0.060776976
56.29955029,0.300836048,2.673989064,0.716571603,0.066991201
56.30418896,0.295908259,2.672775562,0.653476138,0.063766097
56.30882763,0.292596139,2.67067216,0.676911597,0.060147687
56.3134663,0.297281577,2.67083396,0.713867512,0.062664841
56.31810497,0.29946273,2.671562061,0.683221143,0.067463167
56.32274364,0.293403973,2.665170954,0.657982957,0.061484925
56.32738231,0.292757706,2.660478749,0.676911597,0.060540992
56.33202098,0.299543513,2.660478749,0.719275694,0.066125929
56.33665965,0.296554527,2.658779847,0.651673411,0.065103335
56.34129832,0.291949872,2.654087642,0.667897959,0.060305009
56.34593699,0.295342775,2.65149884,0.697642964,0.061878231
56.35057566,0.29994743,2.651256139,0.694037508,0.067777811
56.35521433,0.29332319,2.645431333,0.648969319,0.062664841
56.359853,0.291061254,2.639525627,0.668799323,0.060226348
56.36449167,0.296716093,2.637826725,0.71116342,0.064710029
56.36913034,0.29639296,2.635885123,0.655278866,0.066597895
56.37376901,0.290657337,2.628846816,0.657982957,0.060540992
56.37840768,0.291707521,2.624882711,0.681418415,0.060934298
56.38304635,0.297523928,2.625206312,0.704853874,0.067227184
56.38768502,0.292353789,2.622293909,0.645363864,0.063530113
56.39232369,0.289203235,2.618248904,0.669700686,0.059911704
56.39696236,0.293161623,2.619057905,0.708459329,0.062900825
56.40160103,0.294858075,2.621646708,0.674207505,0.067069862
56.4062397,0.288072268,2.618572505,0.65618023,0.061012959
56.41087837,0.288072268,2.617359004,0.676911597,0.060226348
56.41551704,0.294777291,2.620433207,0.717472967,0.066047268
56.42015571,0.290899687,2.620837707,0.650772047,0.064631368
56.42479438,0.286537383,2.616954503,0.669700686,0.060147687
56.42943305,0.29001107,2.616873603,0.699445691,0.062114214
56.43407172,0.294292591,2.618896105,0.690432053,0.067463167
56.43871039,0.287345217,2.6145275,0.648067956,0.061720909
56.44334906,0.285648765,2.609997096,0.668799323,0.059911704
56.44798773,0.292192222,2.609673495,0.712064784,0.064710029
56.4526264,0.290899687,2.609268995,0.652574774,0.06620459
56.45726507,0.285567982,2.60425319,0.659785685,0.06038367
56.46190374,0.287264433,2.601583487,0.684122507,0.060934298
56.46654241,0.293242406,2.602554288,0.702149782,0.067227184
56.47118108,0.287264433,2.599884585,0.6444625,0.063215469
56.47581975,0.284921714,2.595920481,0.668799323,0.060226348
56.48045842,0.29001107,2.596648582,0.709360693,0.063608774
56.48509709,0.291869088,2.598671084,0.672404778,0.067305845
56.48973576,0.285729548,2.595920481,0.659785685,0.061012959
56.49437443,0.286214249,2.593331678,0.680517052,0.060540992
56.4990131,0.293161623,2.594464279,0.718374331,0.066519234
56.50365177,0.289203235,2.592846278,0.649870683,0.064710029
56.50829044,0.285487198,2.587345072,0.667897959,0.060147687
56.51292911,0.289203235,2.584594469,0.700347055,0.062350197
56.51756778,0.293403973,2.585160769,0.686826598,0.067463167
56.52220645,0.2869413,2.580306764,0.651673411,0.061878231
56.52684512,0.286052682,2.575290959,0.671503414,0.060147687
56.53148379,0.292353789,2.574562858,0.715670239,0.065339318
56.53612246,0.29049577,2.573592057,0.653476138,0.066125929
56.54076113,0.285325631,2.568495352,0.662489776,0.060540992
56.5453998,0.28766835,2.565663849,0.687727962,0.061484925
56.55003847,0.292838489,2.568576252,0.701248419,0.067856472
56.55467714,0.28718365,2.56695825,0.646265228,0.062900825
56.55931581,0.285002498,2.564854848,0.67060205,0.059911704
56.56395448,0.29025342,2.56736275,0.712064784,0.06400208
56.56859315,0.291303604,2.572216756,0.67060205,0.067148523
56.57323182,0.285244848,2.571650455,0.662489776,0.061012959
56.57787049,0.286133465,2.572863956,0.684122507,0.060698315
56.58250916,0.293242406,2.579255063,0.719275694,0.066991201
56.58714783,0.288718535,2.584270868,0.655278866,0.064552707
56.5917865,0.285164064,2.586697871,0.67781296,0.060305009
56.59642517,0.289526369,2.593250778,0.713867512,0.062743503
56.60106384,0.29332319,2.602230687,0.697642964,0.067935134
56.60570251,0.2869413,2.606437492,0.667897959,0.062035553
56.61034118,0.286779733,2.612747699,0.691333417,0.060305009
56.61497985,0.29380789,2.62383101,0.739105697,0.065811284
56.61961852,0.292192222,2.633458121,0.676911597,0.066283251
56.62425719,0.287506784,2.637988525,0.689530689,0.060698315
56.62889586,0.290414987,2.644784133,0.715670239,0.061563586
56.63353453,0.296150609,2.65214604,0.721078422,0.068171117
56.6381732,0.290091853,2.65198424,0.666095231,0.063451452
56.64281187,0.288314618,2.649557238,0.685925234,0.060226348
56.64745054,0.294050241,2.649557238,0.724683877,0.064316724
56.65208921,0.294696508,2.648990937,0.674207505,0.067384506
56.65672788,0.288476185,2.64211443,0.666095231,0.061248942
56.66136655,0.289364802,2.636613224,0.685023871,0.06109162
56.66600522,0.295665909,2.635076122,0.712966148,0.067227184
56.67064389,0.290576553,2.629817617,0.647166592,0.064080741
56.67528256,0.287022083,2.622455709,0.667897959,0.060147687
56.67992123,0.290818904,2.618896105,0.703051146,0.062822164
56.6845599,0.294050241,2.618006204,0.679615688,0.06769915
56.68919857,0.287506784,2.612181398,0.652574774,0.061720909
56.69383724,0.2869413,2.608136394,0.674207505,0.060619654
56.69847591,0.293242406,2.609592595,0.719275694,0.065968607
56.70311458,0.290818904,2.611372397,0.655278866,0.065889946
56.70775325,0.286618166,2.609754395,0.674207505,0.060226348
56.71239192,0.289768719,2.611695997,0.704853874,0.06179957
56.71703059,0.295423559,2.617116303,0.708459329,0.068013795
56.72166926,0.289445586,2.617601704,0.660687048,0.062900825
56.72630793,0.287829917,2.616711803,0.683221143,0.060305009
56.7309466,0.293646323,2.622051208,0.727387968,0.064474046
56.73558527,0.29380789,2.628604115,0.678714324,0.066676556
56.74022394,0.287991484,2.63273002,0.683221143,0.060776976
56.74486261,0.289768719,2.641386329,0.713867512,0.060855637
56.74950128,0.296312176,2.654653943,0.743612516,0.067463167
56.75413995,0.291061254,2.662582151,0.681418415,0.064395385
56.75877862,0.287829917,2.667193456,0.70395251,0.06038367
56.76341729,0.292515356,2.675283465,0.740007061,0.063372791
56.76805596,0.295585125,2.684263374,0.71116342,0.067620489
56.77269463,0.289122452,2.685395976,0.686826598,0.061563586
56.7773333,0.288960885,2.684506075,0.706656601,0.060619654
56.78197197,0.295423559,2.688712879,0.748119335,0.066440573
56.78661064,0.292676922,2.68992638,0.676911597,0.065653962
56.79124931,0.288395401,2.688712879,0.697642964,0.06038367
56.79588798,0.291869088,2.694133185,0.733697515,0.062114214
56.80052665,0.29712001,2.706268198,0.739105697,0.068092456
56.80516532,0.290818904,2.710151402,0.694037508,0.062743503
56.80980399,0.29001107,2.709261501,0.708459329,0.060540992
56.81444266,0.296231393,2.710394102,0.746316608,0.065181996
56.81908133,0.295746692,2.709180601,0.685023871,0.066991201
56.82372,0.29025342,2.701899593,0.680517052,0.060776976
56.82835867,0.291869088,2.697369188,0.699445691,0.061406264
56.83299734,0.297927845,2.695912987,0.718374331,0.067935134
56.83763601,0.292273005,2.688955579,0.654377502,0.064710029
56.84227468,0.289284019,2.681674572,0.676010233,0.060698315
56.84691335,0.294454158,2.677629567,0.712966148,0.063608774
56.85155202,0.29663531,2.675526165,0.678714324,0.067856472
56.85619069,0.290657337,2.667597957,0.660687048,0.062035553
56.86082936,0.290980471,2.66161135,0.680517052,0.060934298
56.86546803,0.297685494,2.659831549,0.720177058,0.066991201
56.8701067,0.293888674,2.655058443,0.650772047,0.06549664
56.87474537,0.289768719,2.646725735,0.668799323,0.060855637
56.87938404,0.293242406,2.640820028,0.697642964,0.06258618
56.88402271,0.297685494,2.638069425,0.690432053,0.068013795
56.88866138,0.291303604,2.631192918,0.648969319,0.062743503
56.89330005,0.289687936,2.624154611,0.67060205,0.060698315
56.89793872,0.295746692,2.622293909,0.714768875,0.065417979
56.90257739,0.294858075,2.619786006,0.655278866,0.066676556
56.90721606,0.289203235,2.613313999,0.662489776,0.06109162
56.91185473,0.291384388,2.609349895,0.687727962,0.06179957
56.9164934,0.297200794,2.610886997,0.707557965,0.068092456
56.92113207,0.291788305,2.609026295,0.649870683,0.063923419
56.92577074,0.289526369,2.605952091,0.675108869,0.060619654
56.93040941,0.294534941,2.606761092,0.717472967,0.064080741
56.93504808,0.296796877,2.609188095,0.678714324,0.06769915
56.93968675,0.290576553,2.606275692,0.664292504,0.061720909
56.94432542,0.291061254,2.603605989,0.683221143,0.060934298
56.94896409,0.298170195,2.60441499,0.720177058,0.067069862
56.95360276,0.293646323,2.602473388,0.651673411,0.06549664
56.95824143,0.289445586,2.597781183,0.67060205,0.061012959
56.9628801,0.293161623,2.596729482,0.702149782,0.062979486
56.96751877,0.297443144,2.598023883,0.689530689,0.068249778
56.97215744,0.290576553,2.594626079,0.653476138,0.06258618
56.97679611,0.289849503,2.591228276,0.675108869,0.060462331
56.98143478,0.296069826,2.591551876,0.719275694,0.065732623
56.98607345,0.294292591,2.590904675,0.65618023,0.066597895
56.99071212,0.289203235,2.584513569,0.664292504,0.060776976
56.99535079,0.291465171,2.580630365,0.687727962,0.061642248
56.99998946,0.297039227,2.580549464,0.700347055,0.068013795
57.00462813,0.290980471,2.57634266,0.645363864,0.063608774
57.0092668,0.288718535,2.570436954,0.667897959,0.060540992
57.01390547,0.293646323,2.568657152,0.709360693,0.064159402
57.01854414,0.294373374,2.568657152,0.665193867,0.067463167
57.02318281,0.287749134,2.563803147,0.655278866,0.061248942
57.02782148,0.288880102,2.560405343,0.676911597,0.060855637
57.03246015,0.295261992,2.560648043,0.710262056,0.067305845
57.03709882,0.290657337,2.55749294,0.643561137,0.064867352
57.04173749,0.286860516,2.552719835,0.664292504,0.060462331
57.04637616,0.290334203,2.551344533,0.697642964,0.062979486
57.05101483,0.294050241,2.552477135,0.680517052,0.068092456
57.0556535,0.287749134,2.54851303,0.648969319,0.062350197
57.06029217,0.286698949,2.544468026,0.669700686,0.060540992
57.06493084,0.293080839,2.545357927,0.712966148,0.065968607
57.06956951,0.290980471,2.544872527,0.648969319,0.066283251
57.07420818,0.285891115,2.540584822,0.662489776,0.060776976
57.07884685,0.287829917,2.53872412,0.688629326,0.061956892
57.08348552,0.29332319,2.541393823,0.697642964,0.068171117
57.08812419,0.287506784,2.539856721,0.647166592,0.063372791
57.09276286,0.285406415,2.537510619,0.671503414,0.060462331
57.09740153,0.290818904,2.53896682,0.714768875,0.064316724
57.1020402,0.291465171,2.541879223,0.666996595,0.066991201
57.10667887,0.285567982,2.539937621,0.661588412,0.06109162
57.11131754,0.286214249,2.53896682,0.684122507,0.060619654
57.11595621,0.292515356,2.541879223,0.713867512,0.067148523
57.12059488,0.287910701,2.542121924,0.648067956,0.064474046
57.12523355,0.284194663,2.540261222,0.67060205,0.060462331
57.12987222,0.288314618,2.542041024,0.708459329,0.062900825
57.13451089,0.291869088,2.547299529,0.687727962,0.067935134
57.13914956,0.285567982,2.549726532,0.66339114,0.062192875
57.14378823,0.285729548,2.556036738,0.688629326,0.060540992
57.1484269,0.292515356,2.565744749,0.735500242,0.06620459
57.15306557,0.290334203,2.572944856,0.672404778,0.066047268
57.15770424,0.285810332,2.575533659,0.689530689,0.060305009
57.16234291,0.288880102,2.580711265,0.719275694,0.06179957
57.16698158,0.294534941,2.588639473,0.721979786,0.067856472
57.17162025,0.288153051,2.589933874,0.671503414,0.06258618
57.17625892,0.286456599,2.588396773,0.688629326,0.060147687
57.18089759,0.291949872,2.590338375,0.728289332,0.064710029
57.18553626,0.291788305,2.590419275,0.675108869,0.066676556
57.19017493,0.285567982,2.587102371,0.673306141,0.060855637
57.1948136,0.287102866,2.586616971,0.695840236,0.061012959
57.19945227,0.293242406,2.591794576,0.725585241,0.067463167
57.20409094,0.288395401,2.594545179,0.664292504,0.064159402
57.20872961,0.285567982,2.597133982,0.692234781,0.060540992
57.21336828,0.289849503,2.607246493,0.739105697,0.06329413
57.21800695,0.293080839,2.631840119,0.738204334,0.067856472
57.22264562,0.286698949,2.668730558,0.755330246,0.061878231
57.22728429,0.28766835,2.71743241,0.812116164,0.060698315
57.23192296,0.294615724,2.756021751,0.858085717,0.066440573
57.23656163,0.291222821,2.771635467,0.76344252,0.06549664
57.2412003,0.287022083,2.770745566,0.750823427,0.060540992
57.24583897,0.289849503,2.766538762,0.758034337,0.062350197
57.25047764,0.295100425,2.762493757,0.740908425,0.068328439
57.25511631,0.288314618,2.751410446,0.682319779,0.062900825
57.25975498,0.286618166,2.738951832,0.695840236,0.060776976
57.26439365,0.292757706,2.731589925,0.731894787,0.064946013
57.26903232,0.291869088,2.723742616,0.672404778,0.066676556
57.27367099,0.285971899,2.711607603,0.67060205,0.06109162
57.27830966,0.287426,2.702546794,0.691333417,0.061327603
57.28294833,0.293403973,2.69874449,0.712064784,0.06769915
57.287587,0.287749134,2.690330881,0.648969319,0.064238063
57.29222567,0.284840931,2.679409369,0.67060205,0.060698315
57.29686434,0.289445586,2.673341863,0.709360693,0.063844758
57.30150301,0.291384388,2.669701359,0.675108869,0.068092456
57.30614168,0.285083281,2.660074249,0.655278866,0.062114214
57.31078035,0.284840931,2.652307841,0.675108869,0.061248942
57.31541902,0.291222821,2.649314537,0.714768875,0.067227184
57.32005769,0.287829917,2.643166131,0.646265228,0.065575301
57.32469636,0.283306046,2.634428922,0.664292504,0.060776976
57.32933503,0.286618166,2.629817617,0.694938872,0.062900825
57.3339737,0.291303604,2.627714214,0.688629326,0.068485761
57.33861237,0.28459858,2.620595007,0.648969319,0.062979486
57.34325104,0.283467613,2.614123,0.67060205,0.060855637
57.34788971,0.289607152,2.612747699,0.716571603,0.065811284
57.35252838,0.288799318,2.611615097,0.658884321,0.067227184
57.35716705,0.283306046,2.606194792,0.668799323,0.061327603
57.36180572,0.286618166,2.606599292,0.700347055,0.061878231
57.36644439,0.293646323,2.618734305,0.735500242,0.068249778
57.37108306,0.288476185,2.628442315,0.688629326,0.063844758
57.37572173,0.286779733,2.630950218,0.709360693,0.060776976
57.3803604,0.291465171,2.63329632,0.742711153,0.064238063
57.38499907,0.292676922,2.635318823,0.697642964,0.068013795
57.38963774,0.286618166,2.630788418,0.681418415,0.062035553
57.39427641,0.287264433,2.628118715,0.699445691,0.061248942
57.39891508,0.293969457,2.628765916,0.73730297,0.067384506
57.40355375,0.29001107,2.628118715,0.668799323,0.06549664
57.40819242,0.286214249,2.625125412,0.686826598,0.061170281
57.41283109,0.290172636,2.625368112,0.721078422,0.063058147
57.41746976,0.294615724,2.629332216,0.708459329,0.068249778
57.42210843,0.288314618,2.628604115,0.675108869,0.06258618
57.4267471,0.28766835,2.629574916,0.699445691,0.060934298
57.43138577,0.294615724,2.635885123,0.74451388,0.066047268
57.43602444,0.293727107,2.64203353,0.685925234,0.066676556
57.44066311,0.289203235,2.644379632,0.698544327,0.061170281
57.44530178,0.292192222,2.647049335,0.725585241,0.06179957
57.44994045,0.298897246,2.655058443,0.748119335,0.068249778
57.45457912,0.294615724,2.66088325,0.699445691,0.063766097
57.45921779,0.294454158,2.665170954,0.722881149,0.060619654
57.46385646,0.301643882,2.671966561,0.764343883,0.064316724
57.46849513,0.304067384,2.678195868,0.721979786,0.067463167
57.4731338,0.298897246,2.679247569,0.712064784,0.06179957
57.47777247,0.301159181,2.682726273,0.734598879,0.061406264
57.48241114,0.308591256,2.688955579,0.766146611,0.067384506
57.48704981,0.305198352,2.691463482,0.695840236,0.065181996
57.49168848,0.302613283,2.691382582,0.713867512,0.06109162
57.49632715,0.307056371,2.692515183,0.74451388,0.06329413
57.50096582,0.310772408,2.693647784,0.721078422,0.0684071
57.50560449,0.304632868,2.68911738,0.685023871,0.062271536
57.51024316,0.304148168,2.685881376,0.702149782,0.060698315
57.51488183,0.310206924,2.685638676,0.743612516,0.066361912
57.5195205,0.308187339,2.683211673,0.676010233,0.066833878
57.52415917,0.3025325,2.676335166,0.685023871,0.060855637
57.52879784,0.304390518,2.672613762,0.709360693,0.062507519
57.53343651,0.309722224,2.673260963,0.716571603,0.068485761
57.53807518,0.303178767,2.670105859,0.665193867,0.063766097
57.54271385,0.300432131,2.668326058,0.688629326,0.060855637
57.54735252,0.305440703,2.671642961,0.731894787,0.064867352
57.55199119,0.305925403,2.678034068,0.686826598,0.067777811
57.55662986,0.29994743,2.684182474,0.688629326,0.061484925
57.56126853,0.301239965,2.694133185,0.720177058,0.061170281
57.5659072,0.308995173,2.71824141,0.767949339,0.06769915
57.57054587,0.305521486,2.756507151,0.731894787,0.064710029
57.57518454,0.304309735,2.806907905,0.785976614,0.060619654
57.57982321,0.311499459,2.85876486,0.843663896,0.063451452
57.58446188,0.316427248,2.909489213,0.822932529,0.067935134
57.58910055,0.309722224,2.93440644,0.778765704,0.061878231
57.59373922,0.30939909,2.939503145,0.77786434,0.060619654
57.59837789,0.315619413,2.940312146,0.799497071,0.066597895
57.60301656,0.312145726,2.932545738,0.713867512,0.06620459
57.60765523,0.307217938,2.916689321,0.713867512,0.06109162
57.6122939,0.309237523,2.901803705,0.728289332,0.062271536
57.61693257,0.313276694,2.889911393,0.720177058,0.068249778
57.62157124,0.30632932,2.872194274,0.662489776,0.062822164
57.62620991,0.303340334,2.854234455,0.67781296,0.06038367
57.63084858,0.308187339,2.840885941,0.716571603,0.064867352
57.63548725,0.307137154,2.828265527,0.662489776,0.067148523
57.64012592,0.300836048,2.811276509,0.659785685,0.061170281
57.64476459,0.301320748,2.797442595,0.680517052,0.06109162
57.64940326,0.306733237,2.789352586,0.707557965,0.067541828
57.65404193,0.300593697,2.778592875,0.645363864,0.064159402
57.6586806,0.297281577,2.766781462,0.668799323,0.060540992
57.66331927,0.301724665,2.759257754,0.705755238,0.063215469
57.66795794,0.303501901,2.754808249,0.67781296,0.067305845
57.67259661,0.296716093,2.745181139,0.655278866,0.061406264
57.67723528,0.296312176,2.737900131,0.678714324,0.060698315
57.68187395,0.302209366,2.73668663,0.725585241,0.066676556
57.68651262,0.299301163,2.734259627,0.661588412,0.06549664
57.69115129,0.293969457,2.72722132,0.680517052,0.060226348
57.69578996,0.296554527,2.724470717,0.709360693,0.062114214
57.70042863,0.301239965,2.724632517,0.708459329,0.068013795
57.7050673,0.294211807,2.721315614,0.666996595,0.06258618
57.70970597,0.291949872,2.71791781,0.689530689,0.060147687
57.71434464,0.297604711,2.71799871,0.734598879,0.064710029
57.71898331,0.296958444,2.716866109,0.678714324,0.066519234
57.72362198,0.290899687,2.711850304,0.67781296,0.060855637
57.72826065,0.291949872,2.7085334,0.698544327,0.061170281
57.73289932,0.297766278,2.7079671,0.717472967,0.067227184
57.73753799,0.292030655,2.702789494,0.653476138,0.063766097
57.74217666,0.288880102,2.694375885,0.673306141,0.059911704
57.74681533,0.29332319,2.688308379,0.709360693,0.063451452
57.751454,0.295019642,2.684263374,0.673306141,0.067541828
57.75609267,0.288314618,2.674393564,0.653476138,0.06109162
57.76073134,0.288314618,2.665575455,0.672404778,0.060226348
57.76537001,0.294696508,2.660316949,0.712064784,0.066361912
57.77000868,0.290657337,2.653764042,0.641758409,0.064946013
57.77464735,0.286214249,2.644460532,0.660687048,0.059911704
57.77928602,0.289364802,2.638231226,0.690432053,0.061878231
57.78392469,0.29332319,2.635076122,0.682319779,0.067856472
57.78856336,0.286375816,2.626662513,0.642659773,0.062507519
57.79320203,0.285325631,2.618410705,0.664292504,0.060226348
57.7978407,0.291303604,2.614770201,0.709360693,0.065181996
57.80247937,0.290091853,2.611453297,0.650772047,0.06620459
57.80711804,0.285083281,2.603282389,0.657982957,0.06038367
57.81175671,0.286295032,2.597133982,0.681418415,0.060855637
57.81639538,0.292192222,2.59503058,0.698544327,0.067384506
57.82103405,0.286133465,2.587749572,0.639054318,0.06329413
57.82567272,0.283952313,2.580387664,0.661588412,0.059990365
57.83031139,0.288718535,2.576828061,0.702149782,0.063215469
57.83495006,0.290091853,2.575452759,0.664292504,0.066833878
57.83958873,0.28387153,2.569304353,0.651673411,0.060698315
57.8442274,0.28459858,2.564773948,0.676010233,0.060619654
57.84886607,0.290980471,2.56728185,0.718374331,0.066519234
57.85350474,0.287264433,2.569223452,0.660687048,0.064788691
57.85814341,0.283790746,2.568818952,0.687727962,0.060147687
57.86278208,0.288556968,2.571488655,0.721979786,0.062271536
57.86742075,0.293484757,2.575290959,0.707557965,0.067384506
57.87205942,0.288153051,2.571893155,0.67060205,0.061956892
57.87669809,0.289364802,2.569061652,0.690432053,0.060147687
57.88133676,0.296554527,2.569627953,0.732796151,0.065339318
57.88597543,0.295827476,2.569708853,0.667897959,0.06620459
57.8906141,0.291222821,2.565582949,0.676911597,0.060540992
57.89525277,0.293646323,2.565340248,0.703051146,0.061484925
57.89989144,0.299785863,2.569223452,0.717472967,0.06769915
57.90453011,0.293969457,2.570194253,0.666095231,0.063136808
57.90916878,0.292030655,2.570517854,0.690432053,0.060226348
57.91380745,0.297523928,2.574805558,0.734598879,0.064080741
57.91844612,0.298735679,2.580953965,0.694037508,0.067384506
57.92308479,0.292919273,2.582005666,0.687727962,0.061170281
57.92772346,0.293646323,2.583704568,0.710262056,0.060855637
57.93236213,0.29994743,2.589205774,0.740908425,0.067148523
57.9370008,0.295261992,2.589772074,0.669700686,0.064788691
57.94163947,0.291465171,2.587264172,0.686826598,0.060462331
57.94627814,0.295342775,2.587506872,0.718374331,0.063058147
57.95091681,0.298897246,2.589367574,0.698544327,0.067856472
57.95555548,0.292030655,2.586374271,0.666996595,0.062035553
57.96019415,0.291303604,2.584513569,0.689530689,0.060698315
57.96483282,0.297604711,2.587992272,0.734598879,0.065811284
57.96947149,0.295423559,2.590338375,0.67060205,0.065968607
57.97411016,0.290414987,2.588963073,0.685023871,0.06038367
57.97874883,0.292757706,2.593493478,0.715670239,0.061484925
57.9833875,0.298089411,2.602473388,0.726486605,0.067620489
57.98802617,0.292030655,2.606841992,0.678714324,0.062900825
57.99266484,0.29001107,2.611291497,0.704853874,0.060305009
57.99730351,0.295423559,2.621727608,0.750823427,0.064316724
58.00194218,0.295989043,2.634833422,0.707557965,0.067384506
58.00658085,0.29049577,2.645188633,0.710262056,0.06109162
58.01121952,0.290818904,2.660155149,0.738204334,0.061012959
58.01585819,0.296796877,2.682159972,0.77786434,0.067620489
58.02049686,0.292838489,2.706915398,0.731894787,0.064631368
58.02513553,0.289687936,2.737495631,0.772456157,0.060540992
58.0297742,0.293969457,2.777460273,0.819327074,0.063136808
58.03441287,0.297847061,2.82114632,0.801299798,0.067856472
58.03905154,0.292030655,2.870980772,0.801299798,0.061878231
58.04369021,0.292757706,2.960779868,0.899548451,0.060540992
58.04832888,0.301078398,3.128404846,1.079821207,0.066283251
58.05296755,0.301805449,3.373208505,1.2069135,0.06620459
58.05760622,0.299381946,3.627477475,1.332203066,0.060776976
58.06224489,0.304471302,3.823741083,1.35473716,0.062192875
58.06688356,0.310691625,3.953747521,1.303359425,0.0684071
58.07152223,0.304148168,4.017173188,1.15914122,0.063136808
58.0761609,0.302694066,4.026153098,1.067202114,0.060776976
58.08079957,0.307944989,4.013694484,1.022133925,0.065024674
58.08543824,0.307541072,3.986754756,0.906759361,0.067227184
58.09007691,0.301239965,3.945900213,0.853578898,0.061406264
58.09471558,0.302209366,3.900434364,0.833748895,0.061327603
58.09935425,0.307864205,3.857071918,0.823833893,0.06769915
58.10399292,0.301967016,3.807722866,0.730993423,0.064474046
58.10863159,0.298008628,3.757241212,0.733697515,0.06038367
58.11327026,0.301967016,3.712584365,0.757132973,0.063608774
58.11790893,0.304148168,3.670516321,0.715670239,0.067935134
58.1225476,0.29712001,3.626102173,0.685925234,0.061642248
58.12718627,0.296150609,3.584195929,0.699445691,0.060698315
58.13182494,0.302451716,3.54779089,0.738204334,0.066755217
58.13646361,0.298493329,3.511062251,0.667897959,0.065732623
58.14110228,0.29356554,3.47239201,0.682319779,0.06038367
58.14574095,0.296231393,3.436715073,0.707557965,0.062035553
58.15037962,0.300270564,3.404355038,0.700347055,0.067777811
58.15501829,0.293000056,3.366251098,0.652574774,0.062507519
58.15965696,0.291303604,3.328956158,0.672404778,0.060305009
58.16429563,0.297039227,3.297728725,0.715670239,0.064946013
58.1689343,0.296231393,3.267067593,0.658884321,0.066991201
58.17357297,0.289364802,3.233817657,0.660687048,0.060776976
58.17821164,0.291465171,3.204046426,0.685925234,0.061406264
58.18285031,0.297039227,3.1795337,0.708459329,0.067384506
58.18748898,0.290899687,3.152027671,0.649870683,0.063844758
58.19212765,0.288314618,3.122660939,0.673306141,0.060305009
58.19676632,0.293080839,3.098390914,0.71116342,0.063451452
58.20140499,0.294696508,3.07598159,0.675108869,0.067384506
58.20604366,0.287910701,3.048960961,0.65618023,0.06109162
58.21068233,0.287749134,3.024286435,0.675108869,0.060540992
58.215321,0.294211807,3.005679415,0.714768875,0.066755217
58.21995967,0.290818904,2.984726293,0.645363864,0.065181996
58.22459834,0.286456599,2.961346168,0.66339114,0.06038367
58.22923701,0.289687936,2.941444747,0.694037508,0.062192875
58.23387568,0.293403973,2.925669231,0.684122507,0.067620489
58.23851435,0.286295032,2.905525109,0.645363864,0.062271536
58.24315302,0.285406415,2.886270889,0.668799323,0.060069026
58.24779169,0.291142037,2.873326875,0.713867512,0.065260657
58.25243036,0.289930286,2.859735661,0.655278866,0.066519234
58.25706903,0.284517797,2.842584842,0.661588412,0.060619654
58.2617077,0.285729548,2.827780127,0.686826598,0.061563586
58.26634637,0.292030655,2.817586716,0.70395251,0.067856472
58.27098504,0.285810332,2.803267401,0.647166592,0.063608774
58.27562371,0.283306046,2.788867185,0.67060205,0.060462331
58.28026238,0.288314618,2.778754675,0.710262056,0.064080741
58.28490105,0.289849503,2.770098366,0.67060205,0.067856472
58.28953972,0.283790746,2.756668951,0.657982957,0.061878231
58.29417839,0.28387153,2.744614838,0.678714324,0.061170281
58.29881706,0.290576553,2.73660573,0.714768875,0.06769915
58.30345573,0.286618166,2.72746402,0.647166592,0.065653962
58.3080944,0.282175078,2.715976208,0.668799323,0.061248942
58.31273307,0.286295032,2.709908702,0.704853874,0.063372791
58.31737174,0.29049577,2.7079671,0.693136145,0.068643083
58.32201041,0.284033097,2.69914899,0.657081593,0.063215469
58.32664908,0.282982912,2.690169081,0.676911597,0.06179957
58.33128775,0.289930286,2.685315076,0.720177058,0.066991201
58.33592642,0.288072268,2.679571169,0.657982957,0.067620489
58.34056509,0.282902129,2.67018676,0.666996595,0.062114214
58.34520376,0.285164064,2.663391152,0.692234781,0.062900825
58.34984243,0.290899687,2.661692251,0.703051146,0.069429694
58.3544811,0.285002498,2.654896643,0.648969319,0.065181996
58.35911977,0.282578995,2.648020136,0.671503414,0.062350197
58.36375844,0.288153051,2.644217832,0.712064784,0.066361912
58.36839711,0.288960885,2.64259983,0.667897959,0.069429694
58.37303578,0.283709963,2.635804223,0.658884321,0.063530113
58.37767445,0.283952313,2.631759219,0.680517052,0.063215469
58.38231312,0.290980471,2.633458121,0.716571603,0.069744338
58.38695179,0.286618166,2.63329632,0.652574774,0.067305845
58.39159046,0.283225262,2.630141217,0.673306141,0.063058147
58.39622913,0.28718365,2.629979417,0.707557965,0.065889946
58.4008678,0.29073812,2.632406419,0.687727962,0.070766932
58.40550647,0.28387153,2.627795115,0.655278866,0.064710029
58.41014514,0.283225262,2.622051208,0.674207505,0.063215469
58.41478381,0.289768719,2.620595007,0.717472967,0.068800405
58.41942248,0.28766835,2.617439904,0.651673411,0.069036389
58.42406115,0.282417428,2.611938698,0.664292504,0.063058147
58.42869982,0.285244848,2.607893693,0.691333417,0.064395385
58.43333849,0.29073812,2.608540894,0.697642964,0.070530949
58.43797716,0.28459858,2.604091389,0.648067956,0.065575301
58.44261583,0.282740562,2.599156484,0.671503414,0.062822164
58.4472545,0.288233834,2.600450886,0.717472967,0.066991201
58.45189317,0.288718535,2.602392488,0.671503414,0.06990166
58.45653184,0.282902129,2.598428383,0.666095231,0.063608774
58.46117051,0.283790746,2.59503058,0.688629326,0.06329413
58.46580918,0.290334203,2.596405881,0.716571603,0.069587016
58.47044785,0.285729548,2.593978879,0.651673411,0.066755217
58.47508652,0.282175078,2.589367574,0.672404778,0.062664841
58.47972519,0.286618166,2.588234973,0.708459329,0.065417979
58.48436386,0.289768719,2.589043973,0.682319779,0.069980321
58.48900253,0.283306046,2.585079869,0.655278866,0.063844758
58.4936412,0.283063696,2.581682066,0.676010233,0.062822164
58.49827987,0.289607152,2.582086566,0.719275694,0.0684071
58.50291854,0.287102866,2.580953965,0.653476138,0.068092456
58.50755721,0.282740562,2.57626176,0.668799323,0.06258618
58.51219588,0.285648765,2.575290959,0.697642964,0.06400208
58.51683455,0.290818904,2.577798862,0.698544327,0.070058983
58.52147322,0.284517797,2.574967359,0.650772047,0.065024674
58.52611189,0.282821345,2.571893155,0.672404778,0.062271536
58.53075056,0.288718535,2.573430257,0.716571603,0.066597895
58.53538923,0.288395401,2.574481958,0.664292504,0.068564422
58.5400279,0.282740562,2.571569555,0.664292504,0.06258618
58.54466657,0.284437014,2.570113353,0.686826598,0.062979486
58.54930524,0.29049577,2.573187557,0.712064784,0.06911505
58.55394391,0.285406415,2.571893155,0.648969319,0.065575301
58.55858258,0.282255861,2.569385253,0.672404778,0.061720909
58.56322125,0.287345217,2.570679654,0.710262056,0.064946013
58.56785992,0.290334203,2.573672957,0.680517052,0.069272372
58.57249859,0.284033097,2.571084154,0.660687048,0.062900825
58.57713726,0.28387153,2.569951553,0.681418415,0.061878231
58.58177593,0.29073812,2.573106657,0.723782513,0.06769915
58.5864146,0.287345217,2.573430257,0.655278866,0.066676556
58.59105327,0.283548396,2.569385253,0.671503414,0.061956892
58.59569194,0.286133465,2.569304353,0.700347055,0.063451452
58.60033061,0.290899687,2.571488655,0.695840236,0.06911505
58.60496928,0.284679364,2.569466153,0.653476138,0.063608774
58.60960795,0.283386829,2.56736275,0.675108869,0.061406264
58.61424662,0.289284019,2.568818952,0.720177058,0.066047268
58.61888529,0.288556968,2.570922354,0.66339114,0.067777811
58.62352396,0.283306046,2.568252651,0.667897959,0.062350197
58.62816263,0.285244848,2.567848151,0.692234781,0.06258618
58.6328013,0.291061254,2.573349357,0.714768875,0.068485761
58.63743997,0.285567982,2.575210059,0.65618023,0.064946013
58.64207864,0.283225262,2.575048259,0.679615688,0.061327603
58.64671731,0.288314618,2.579740464,0.721078422,0.064552707
58.65135598,0.290980471,2.587992272,0.691333417,0.068485761
58.65599465,0.285244848,2.591794576,0.680517052,0.062743503
58.66063332,0.286214249,2.597862083,0.705755238,0.061484925
58.66527199,0.293646323,2.6143657,0.756231609,0.06769915
58.66991066,0.291142037,2.637422225,0.704853874,0.066361912
58.67454933,0.287749134,2.665818155,0.741809789,0.061406264
58.679188,0.292273005,2.69890629,0.785976614,0.06329413
58.68382667,0.297200794,2.725117918,0.771554794,0.069193711
58.68846534,0.290980471,2.733450627,0.717472967,0.06329413
58.69310401,0.290091853,2.735149528,0.726486605,0.061563586
58.69774268,0.29639296,2.738790032,0.761639792,0.066361912
58.70238135,0.295746692,2.741621535,0.697642964,0.067541828
58.70702002,0.290818904,2.739032733,0.701248419,0.061327603
58.71165869,0.292596139,2.738870932,0.723782513,0.062350197
58.71629736,0.299139596,2.741864236,0.740908425,0.068800405
58.72093603,0.293969457,2.739599033,0.685023871,0.064474046
58.7255747,0.291545955,2.735149528,0.703051146,0.061327603
58.73021337,0.29712001,2.733774227,0.740908425,0.064631368
58.73485204,0.298331762,2.733936027,0.698544327,0.068249778
58.73949071,0.292273005,2.728839322,0.684122507,0.062350197
58.74412938,0.292676922,2.725441518,0.706656601,0.061642248
58.74876805,0.299543513,2.726169619,0.741809789,0.067777811
58.75340672,0.295585125,2.722043715,0.67060205,0.065575301
58.75804539,0.291626738,2.715086307,0.686826598,0.061012959
58.76268406,0.295423559,2.710798603,0.718374331,0.063136808
58.76732273,0.299139596,2.709504201,0.702149782,0.068721744
58.7719614,0.292757706,2.703679395,0.666095231,0.062743503
58.77660007,0.291788305,2.697935489,0.685925234,0.061012959
58.78123874,0.297685494,2.697450088,0.73009206,0.065889946
58.78587741,0.295908259,2.696641088,0.666996595,0.06691254
58.79051608,0.291061254,2.692515183,0.67781296,0.061248942
58.79515475,0.293242406,2.691220782,0.704853874,0.062114214
58.79979342,0.299058813,2.694537685,0.719275694,0.068485761
58.80443209,0.293000056,2.693890485,0.666996595,0.063766097
58.80907076,0.291142037,2.692596083,0.690432053,0.060698315
58.81370943,0.29687766,2.695670287,0.735500242,0.064474046
58.8183481,0.298250978,2.699877091,0.6967416,0.067541828
58.82298677,0.292676922,2.706268198,0.699445691,0.061406264
58.82762544,0.294696508,2.721962814,0.732796151,0.061642248
58.83226411,0.302370933,2.748659843,0.77786434,0.068013795
58.83690278,0.300270564,2.775599571,0.728289332,0.065575301
58.84154145,0.298978029,2.800516798,0.762541156,0.061248942
58.84618012,0.303744251,2.823007022,0.793187524,0.064080741
58.85081879,0.307217938,2.833524033,0.757132973,0.069036389
58.85545746,0.300593697,2.829721729,0.712064784,0.063058147
58.86009613,0.299866647,2.822683421,0.724683877,0.061406264
58.8647348,0.306248537,2.817991216,0.762541156,0.06691254
58.86937347,0.303340334,2.810791109,0.686826598,0.066991201
58.87401214,0.298250978,2.796876294,0.691333417,0.061720909
58.87865081,0.299866647,2.785064881,0.71116342,0.062900825
58.88328948,0.304794435,2.777298473,0.71116342,0.069036389
58.88792815,0.298493329,2.76516346,0.65618023,0.064316724
58.89256682,0.295989043,2.752623947,0.676911597,0.061484925
58.89720549,0.300916831,2.74566654,0.718374331,0.065417979
58.90184416,0.300836048,2.740003534,0.669700686,0.068171117
58.90648283,0.294615724,2.728353921,0.665193867,0.061878231
58.9111215,0.295100425,2.719374012,0.685925234,0.061956892
58.91576017,0.301159181,2.715490808,0.713867512,0.0684071
58.92039884,0.295746692,2.7078862,0.648969319,0.065339318
58.92503751,0.292111438,2.69882539,0.67060205,0.061248942
58.92967618,0.296150609,2.692515183,0.706656601,0.063923419
58.93431485,0.298574112,2.688874679,0.679615688,0.068721744
58.93895352,0.291949872,2.680622871,0.655278866,0.062507519
58.94359219,0.291384388,2.673180063,0.676010233,0.061327603
58.94823086,0.297927845,2.670105859,0.721078422,0.066991201
58.95286953,0.294615724,2.665818155,0.653476138,0.06620459
58.9575082,0.290091853,2.658051747,0.667897959,0.061012959
58.96214687,0.292515356,2.653359542,0.6967416,0.06258618
58.96678554,0.297604711,2.65198424,0.697642964,0.068564422
58.97142421,0.291384388,2.645835834,0.650772047,0.063136808
58.97606288,0.289445586,2.639363827,0.674207505,0.060934298
58.98070155,0.295181208,2.637584025,0.717472967,0.065260657
58.98534022,0.295261992,2.636370524,0.66339114,0.067384506
58.98997889,0.289364802,2.630060317,0.665193867,0.061248942
58.99461756,0.290414987,2.626177113,0.688629326,0.061248942
58.99925623,0.29639296,2.626905214,0.712966148,0.067777811
59.0038949,0.290899687,2.62326471,0.649870683,0.064395385
59.00853357,0.287910701,2.617439904,0.672404778,0.060619654
59.01317224,0.292515356,2.614689301,0.709360693,0.063766097
59.01781091,0.294858075,2.6143657,0.678714324,0.068092456
59.02244958,0.287991484,2.608864494,0.657982957,0.062035553
59.02708825,0.287426,2.60490039,0.678714324,0.06109162
59.03172692,0.294131024,2.606437492,0.721979786,0.067227184
59.03636559,0.29073812,2.605952091,0.655278866,0.066125929
59.04100426,0.286618166,2.602230687,0.674207505,0.061248942
59.04564293,0.290172636,2.602149787,0.70395251,0.062900825
59.0502816,0.294373374,2.605466691,0.701248419,0.068721744
59.05492027,0.288314618,2.605628491,0.66339114,0.06329413
59.05955894,0.287345217,2.606032991,0.686826598,0.060934298
59.06419761,0.293242406,2.611857798,0.732796151,0.06549664
59.06883628,0.292838489,2.618248904,0.680517052,0.067148523
59.07347495,0.287345217,2.620352307,0.688629326,0.061406264
59.07811362,0.289526369,2.62358831,0.71116342,0.061956892
59.08275229,0.295585125,2.629817617,0.729190696,0.068564422
59.08739096,0.289526369,2.631273818,0.668799323,0.064395385
59.09202963,0.2869413,2.632163719,0.692234781,0.061012959
59.0966683,0.292030655,2.638878426,0.732796151,0.064395385
59.10130697,0.293888674,2.655624744,0.708459329,0.068092456
59.10594564,0.287345217,2.681512772,0.718374331,0.062035553
59.11058431,0.288233834,2.722529115,0.775160249,0.061170281
59.11522298,0.295019642,2.776004072,0.842762532,0.067305845
59.11986165,0.292030655,2.816049614,0.780568431,0.065653962
59.12450032,0.287506784,2.836517336,0.786877978,0.061248942
59.12913899,0.291303604,2.846225346,0.797694343,0.063136808
59.13377766,0.295665909,2.850270351,0.764343883,0.068485761
59.13841633,0.289122452,2.843151143,0.707557965,0.062900825
59.143055,0.28766835,2.832795932,0.715670239,0.060934298
59.14769367,0.293969457,2.825676724,0.749020699,0.065575301
59.15233234,0.292434572,2.817182215,0.680517052,0.067069862
59.15697101,0.286860516,2.803267401,0.681418415,0.061484925
59.16160968,0.288476185,2.792184089,0.702149782,0.061956892
59.16624835,0.294696508,2.785226682,0.714768875,0.068171117
59.17088702,0.289041669,2.774871471,0.657081593,0.064080741
59.17552569,0.286618166,2.764435359,0.680517052,0.060855637
59.18016436,0.291465171,2.757073452,0.719275694,0.064710029
59.18480303,0.293000056,2.752300347,0.676010233,0.067935134
59.1894417,0.286618166,2.741783335,0.66339114,0.061563586
59.19408037,0.287345217,2.734421428,0.685925234,0.06109162
59.19871904,0.293727107,2.732479826,0.723782513,0.067148523
59.20335771,0.289768719,2.72730222,0.657982957,0.065260657
59.20799638,0.286052682,2.719293112,0.67781296,0.060462331
59.21263505,0.290172636,2.714115506,0.709360693,0.062743503
59.21727372,0.294211807,2.711364903,0.694938872,0.068092456
59.22191239,0.288072268,2.703274895,0.660687048,0.062035553
59.22655106,0.287102866,2.696641088,0.681418415,0.060305009
59.23118973,0.293646323,2.694294985,0.727387968,0.065732623
59.2358284,0.292353789,2.690735381,0.666095231,0.066361912
59.24046707,0.28766835,2.683211673,0.680517052,0.060776976
59.24510574,0.290091853,2.679004869,0.713867512,0.062114214
59.24974441,0.296312176,2.67973297,0.732796151,0.068092456
59.25438308,0.290899687,2.676173366,0.685925234,0.063451452
59.25902175,0.289445586,2.671642961,0.712064784,0.060619654
59.26366042,0.295504342,2.672047462,0.753527518,0.064631368
59.26829909,0.296554527,2.673180063,0.705755238,0.067541828
59.27293776,0.291222821,2.67026766,0.694938872,0.061563586
59.27757643,0.292434572,2.669215959,0.712966148,0.061170281
59.2822151,0.29970508,2.673746363,0.74451388,0.067384506
59.28685377,0.295908259,2.677225067,0.680517052,0.064867352
59.29149244,0.293888674,2.683049873,0.706656601,0.060776976
59.29613111,0.299301163,2.695103986,0.746316608,0.063372791
59.30076978,0.304067384,2.7083716,0.728289332,0.068249778
59.30540845,0.299624296,2.715005407,0.698544327,0.062350197
59.31004712,0.299785863,2.718322311,0.714768875,0.061406264
59.31468579,0.307137154,2.722043715,0.754428882,0.066597895
59.31932446,0.305521486,2.721315614,0.684122507,0.066519234
59.32396313,0.301401532,2.714358206,0.691333417,0.061012959
59.3286018,0.304956002,2.710232302,0.713867512,0.062271536
59.33324047,0.310933975,2.709746901,0.716571603,0.068171117
59.33787914,0.305198352,2.703598495,0.665193867,0.063372791
59.34251781,0.303582684,2.697935489,0.686826598,0.060855637
59.34715648,0.308995173,2.696236587,0.729190696,0.065181996
59.35179515,0.30939909,2.694375885,0.676911597,0.067541828
59.35643382,0.3030172,2.686852177,0.671503414,0.061642248
59.36107249,0.303744251,2.681512772,0.691333417,0.061406264
59.36571116,0.30939909,2.680865571,0.719275694,0.068013795
59.37034983,0.304148168,2.675930666,0.653476138,0.064631368
59.3749885,0.300755264,2.668406958,0.676010233,0.060698315
59.37962717,0.304471302,2.665009154,0.71116342,0.063530113
59.38426584,0.307056371,2.663714753,0.683221143,0.068171117
59.38890451,0.29970508,2.656757345,0.658884321,0.062114214
59.39354318,0.299058813,2.65141794,0.679615688,0.060855637
59.39818185,0.305279136,2.65157974,0.723782513,0.066676556
59.40282052,0.301886232,2.650123538,0.657982957,0.066361912
59.40745919,0.29687766,2.645754934,0.675108869,0.061012959
59.41209786,0.299220379,2.644865033,0.70395251,0.062507519
59.41673653,0.304067384,2.647372935,0.703051146,0.068879066
59.4213752,0.296958444,2.644379632,0.65618023,0.063530113
59.42601387,0.295261992,2.639040226,0.67781296,0.060776976
59.43065254,0.300755264,2.637745825,0.720177058,0.065417979
59.43529121,0.300108997,2.636936824,0.665193867,0.067620489
59.43992988,0.294292591,2.631112018,0.665193867,0.06109162
59.44456855,0.295181208,2.627309714,0.688629326,0.061406264
59.44920722,0.300755264,2.627795115,0.712064784,0.068171117
59.45384589,0.295423559,2.62375011,0.650772047,0.064474046
59.45848456,0.291949872,2.618248904,0.673306141,0.061012959
59.46312323,0.296312176,2.616145502,0.71116342,0.063844758
59.4677619,0.298978029,2.616388202,0.678714324,0.068092456
59.47240057,0.291788305,2.611048797,0.658884321,0.062271536
59.47703924,0.291384388,2.607246493,0.680517052,0.061012959
59.48167791,0.298331762,2.608379094,0.725585241,0.06691254
59.48631658,0.294777291,2.607731893,0.66339114,0.065653962
59.49095525,0.29025342,2.604091389,0.683221143,0.060855637
59.49559392,0.293484757,2.602716088,0.71116342,0.062664841
59.50023259,0.297685494,2.60481949,0.70395251,0.068485761
59.50487126,0.291465171,2.602392488,0.660687048,0.062822164
59.50950993,0.289607152,2.599237384,0.680517052,0.060934298
59.5141486,0.295585125,2.600289085,0.722881149,0.065732623
59.51878727,0.294454158,2.600936286,0.665193867,0.066991201
59.52342594,0.289284019,2.597053082,0.669700686,0.061248942
59.52806461,0.290576553,2.59543508,0.692234781,0.061956892
59.53270328,0.296554527,2.597457582,0.712064784,0.068092456
59.53734195,0.290818904,2.595920481,0.653476138,0.064080741
59.54198062,0.28766835,2.594140679,0.676911597,0.060855637
59.54661929,0.292596139,2.595839581,0.716571603,0.064474046
59.55125796,0.293969457,2.599237384,0.680517052,0.0684071
59.55589663,0.288153051,2.598428383,0.666996595,0.06179957
59.5605353,0.288799318,2.600936286,0.691333417,0.061170281
59.56517397,0.295181208,2.610806097,0.739105697,0.067227184
59.56981264,0.291061254,2.619543306,0.681418415,0.065653962
59.57445131,0.287426,2.62342651,0.702149782,0.061012959
59.57908998,0.291061254,2.626743413,0.728289332,0.063058147
59.58372865,0.295504342,2.630464817,0.712064784,0.068328439
59.58836732,0.289122452,2.627714214,0.67060205,0.062743503
59.59300599,0.288233834,2.624154611,0.688629326,0.061012959
59.59764466,0.294938858,2.624801811,0.730993423,0.065732623
59.60228333,0.29380789,2.624640011,0.668799323,0.066833878
59.606922,0.288880102,2.619705106,0.674207505,0.06109162
59.61156067,0.291303604,2.617197203,0.697642964,0.061878231
59.61619934,0.298008628,2.618977005,0.712064784,0.068092456
59.62083801,0.292353789,2.616469103,0.655278866,0.064159402
59.62547668,0.289930286,2.613313999,0.67781296,0.060855637
59.63011535,0.295665909,2.612747699,0.719275694,0.064316724
59.63475402,0.297362361,2.614689301,0.67781296,0.06769915
59.63939269,0.291707521,2.610401596,0.666996595,0.061563586
59.64403136,0.292596139,2.607974594,0.688629326,0.061170281
59.64867003,0.299301163,2.610239796,0.724683877,0.067384506
59.6533087,0.294777291,2.610644296,0.662489776,0.065103335
59.65794737,0.291626738,2.609349895,0.687727962,0.061012959
59.66258604,0.295100425,2.610563396,0.720177058,0.063451452
59.66722471,0.298654895,2.612019598,0.701248419,0.068249778
59.67186338,0.291788305,2.607489193,0.665193867,0.062428858
59.67650205,0.291142037,2.603363289,0.682319779,0.060619654
59.68114072,0.297685494,2.603039688,0.724683877,0.065968607
59.68577939,0.295827476,2.601583487,0.657982957,0.066597895
59.69041806,0.290414987,2.59559688,0.667897959,0.061012959
59.69505673,0.292030655,2.592522677,0.693136145,0.062192875
59.6996954,0.297604711,2.593897979,0.703051146,0.0684071
59.70433407,0.291465171,2.590176575,0.649870683,0.063608774
59.70897274,0.288960885,2.58572707,0.672404778,0.06038367
59.71361141,0.29380789,2.585079869,0.713867512,0.064552707
59.71825008,0.294696508,2.58548437,0.667897959,0.06769915
59.72288875,0.288799318,2.579821364,0.662489776,0.061327603
59.72752742,0.289607152,2.577151661,0.683221143,0.061248942
59.73216609,0.295908259,2.579335963,0.714768875,0.067384506
59.73680476,0.291465171,2.578284262,0.649870683,0.065024674
59.74144343,0.288153051,2.574886458,0.672404778,0.060855637
59.7460821,0.292111438,2.574967359,0.708459329,0.063530113
59.75072077,0.295585125,2.57674716,0.686826598,0.068485761
59.75535944,0.289607152,2.573430257,0.658884321,0.06258618
59.75999811,0.289284019,2.571326855,0.679615688,0.060776976
59.76463678,0.295423559,2.573511157,0.722881149,0.066440573
59.76927545,0.293080839,2.573592057,0.657081593,0.066283251
59.77391412,0.288314618,2.570679654,0.672404778,0.06109162
59.77855279,0.290657337,2.571003254,0.700347055,0.062664841
59.78319146,0.295989043,2.573511157,0.704853874,0.068721744
59.78783013,0.289687936,2.571165055,0.654377502,0.063451452
59.7924688,0.287910701,2.568657152,0.676010233,0.060776976
59.79710747,0.293403973,2.569385253,0.718374331,0.065024674
59.80174614,0.293484757,2.571003254,0.668799323,0.067384506
59.80638481,0.287991484,2.567767251,0.666095231,0.061170281
59.81102348,0.289284019,2.566391949,0.688629326,0.061248942
59.81566215,0.295423559,2.570032453,0.717472967,0.06769915
59.82030082,0.29001107,2.570598754,0.655278866,0.064788691
59.82493949,0.287102866,2.568818952,0.679615688,0.060855637
59.82957816,0.291788305,2.571165055,0.716571603,0.063451452
59.83421683,0.294938858,2.575129159,0.688629326,0.068171117
59.8388555,0.287991484,2.574320158,0.665193867,0.061720909
59.84349417,0.288153051,2.574886458,0.689530689,0.061012959
59.84813284,0.295342775,2.581439365,0.73730297,0.066676556
59.85277151,0.292838489,2.587749572,0.674207505,0.065968607
59.85741018,0.288718535,2.589286674,0.691333417,0.060698315
59.86204885,0.292030655,2.592765377,0.718374331,0.062192875
59.86668752,0.297039227,2.599560985,0.716571603,0.068171117
59.87132619,0.291061254,2.602635188,0.673306141,0.063215469
59.87596486,0.289930286,2.606194792,0.695840236,0.06109162
59.88060353,0.295746692,2.615012901,0.740007061,0.065417979
59.8852422,0.296069826,2.62375011,0.685925234,0.067148523
59.88988087,0.290818904,2.629332216,0.688629326,0.061012959
59.89451954,0.292596139,2.637745825,0.712966148,0.061248942
59.89915821,0.299301163,2.648181936,0.736401606,0.068013795
59.90379688,0.294292591,2.650689839,0.673306141,0.064395385
59.90843555,0.291545955,2.649476338,0.694938872,0.06038367
59.91307422,0.296231393,2.650770739,0.73009206,0.063766097
59.91771289,0.298493329,2.652874141,0.695840236,0.068249778
59.92235156,0.292111438,2.648505537,0.674207505,0.062035553
59.92699023,0.292192222,2.644379632,0.692234781,0.061012959
59.9316289,0.298654895,2.644541432,0.732796151,0.06691254
59.93626757,0.295746692,2.643327931,0.665193867,0.065732623
59.94090624,0.291626738,2.638554826,0.683221143,0.060934298
59.94554491,0.294696508,2.637988525,0.713867512,0.063136808
59.95018358,0.299058813,2.640496428,0.708459329,0.069036389
59.95482225,0.292676922,2.637017724,0.666095231,0.063530113
59.95946092,0.291465171,2.63329632,0.687727962,0.061563586
59.96409959,0.297362361,2.633619921,0.731894787,0.066676556
59.96873826,0.296312176,2.63264912,0.674207505,0.069036389
59.97337693,0.291222821,2.627714214,0.684122507,0.066125929
59.9780156,0.293242406,2.624316411,0.712966148,0.07131756
59.98265427,0.299301163,2.625287212,0.73730297,0.082408771
59.98729294,0.293727107,2.621323108,0.67781296,0.083195382
59.99193161,0.291465171,2.615417401,0.6967416,0.082094127
59.99657028,0.296150609,2.6137185,0.730993423,0.086420486
60.00120895,0.297847061,2.6145275,0.688629326,0.09035354
60.00584762,0.291061254,2.609754395,0.67060205,0.084060654
60.01048629,0.291142037,2.606275692,0.689530689,0.082880738
60.01512496,0.298250978,2.608945395,0.726486605,0.088544335
60.01976363,0.294211807,2.608298194,0.660687048,0.086577808
60.0244023,0.290091853,2.605385791,0.681418415,0.08083555
60.02904097,0.29356554,2.605466691,0.712064784,0.08233011
60.03367964,0.298089411,2.608055494,0.700347055,0.087207097
60.03831831,0.291303604,2.606599292,0.661588412,0.080756889
60.04295698,0.290172636,2.60498129,0.682319779,0.078239734
60.04759565,0.296716093,2.607246493,0.727387968,0.082880738
60.05223432,0.295423559,2.609349895,0.667897959,0.083195382
60.05687299,0.290414987,2.607327393,0.678714324,0.076745174
60.06151166,0.292273005,2.607084693,0.702149782,0.076981157
60.06615033,0.298170195,2.611372397,0.716571603,0.082802077
60.070789,0.292434572,2.610644296,0.660687048,0.077453124
60.07542767,0.290091853,2.607570093,0.682319779,0.073756053
60.08006634,0.295261992,2.607731893,0.721979786,0.07721714
60.08470501,0.296231393,2.609268995,0.678714324,0.079891617
60.08934368,0.29025342,2.60506219,0.667897959,0.073362748
60.09398235,0.290818904,2.602958788,0.687727962,0.072497476
60.09862102,0.297200794,2.605790291,0.722881149,0.077846429
60.10325969,0.292919273,2.605304891,0.657081593,0.075407936
60.10789836,0.289122452,2.602311588,0.678714324,0.070688271
60.11253703,0.292919273,2.602068887,0.712064784,0.072497476
60.1171757,0.29663531,2.60441499,0.695840236,0.077767768
60.12181437,0.290091853,2.601664387,0.662489776,0.071632204
60.12645304,0.289445586,2.599237384,0.684122507,0.069272372
60.13109171,0.295342775,2.601502587,0.727387968,0.074699986
60.13573038,0.293888674,2.602068887,0.66339114,0.074542664
60.14036905,0.288960885,2.598671084,0.676010233,0.068721744
60.14500772,0.291384388,2.598671084,0.702149782,0.069587016
60.14964639,0.297281577,2.602473388,0.712064784,0.075407936
60.15428506,0.291142037,2.600612686,0.658884321,0.070452288
60.15892373,0.288960885,2.597133982,0.681418415,0.067463167
60.1635624,0.294373374,2.598266583,0.721979786,0.071238899
60.16820107,0.294938858,2.599560985,0.674207505,0.073913375
60.17283974,0.289849503,2.597376682,0.669700686,0.06769915
60.17747841,0.290414987,2.599641885,0.695840236,0.066755217
60.18211708,0.297443144,2.606437492,0.73009206,0.072733459
60.18675575,0.292515356,2.608055494,0.66339114,0.069980321
60.19139442,0.289284019,2.605709391,0.684122507,0.065811284
60.19603309,0.293484757,2.606275692,0.719275694,0.068328439
60.20067176,0.296716093,2.609107195,0.694938872,0.072654798
60.20531043,0.29001107,2.607812793,0.668799323,0.066676556
60.2099491,0.289607152,2.606680192,0.689530689,0.065103335
60.21458777,0.295908259,2.609997096,0.732796151,0.070688271
60.21922644,0.293646323,2.611210597,0.666996595,0.070452288
60.22386511,0.289041669,2.609349895,0.682319779,0.064788691
60.22850378,0.291788305,2.609754395,0.71116342,0.065653962
60.23314245,0.29712001,2.615012901,0.716571603,0.071789526
60.23778112,0.291222821,2.6144466,0.667897959,0.066755217
60.24241979,0.289445586,2.612424098,0.690432053,0.063766097
60.24705846,0.295261992,2.6144466,0.733697515,0.067777811
60.25169713,0.295504342,2.616307302,0.682319779,0.070058983
60.2563358,0.289526369,2.613152199,0.678714324,0.064080741
60.26097447,0.290899687,2.611291497,0.699445691,0.06400208
60.26561314,0.297281577,2.6145275,0.726486605,0.070137644
60.27025181,0.292192222,2.6145275,0.662489776,0.067069862
60.27489048,0.289122452,2.611291497,0.684122507,0.063372791
60.27952915,0.293969457,2.611453297,0.721078422,0.066047268
60.28416782,0.297039227,2.6137185,0.693136145,0.070216305
60.28880649,0.290657337,2.611453297,0.669700686,0.063844758
60.29344516,0.291061254,2.610482496,0.691333417,0.06258618
60.29808383,0.297847061,2.6143657,0.734598879,0.068485761
60.3027225,0.294696508,2.616145502,0.667897959,0.067620489
60.30736117,0.29049577,2.614123,0.685023871,0.062428858
60.31199984,0.293484757,2.616550003,0.715670239,0.06400208
60.31663851,0.298978029,2.622779309,0.715670239,0.070058983
60.32127718,0.292515356,2.624882711,0.673306141,0.064710029
60.32591585,0.291465171,2.627471514,0.698544327,0.062035553
60.33055452,0.297604711,2.633458121,0.742711153,0.066597895
60.33519319,0.297362361,2.637017724,0.685925234,0.068485761
60.33983186,0.291626738,2.634671622,0.685925234,0.062428858
60.34447053,0.293161623,2.633781721,0.705755238,0.062822164
60.3491092,0.299220379,2.636289624,0.726486605,0.069193711
60.35374787,0.29380789,2.633862621,0.662489776,0.065889946
60.35838654,0.291545955,2.630141217,0.684122507,0.062035553
60.36302521,0.296150609,2.630060317,0.721979786,0.065260657
60.36766388,0.298574112,2.631112018,0.688629326,0.069272372
60.37230255,0.292030655,2.627147914,0.668799323,0.063058147
60.37694122,0.291707521,2.624640011,0.690432053,0.062035553
60.38157989,0.298412545,2.627633314,0.731894787,0.068171117
60.38621856,0.294858075,2.627795115,0.664292504,0.066676556
60.39085723,0.290657337,2.62334561,0.682319779,0.061642248
60.3954959,0.29380789,2.621970308,0.712064784,0.063451452
60.40013457,0.297927845,2.625287212,0.704853874,0.068800405
60.40477324,0.291707521,2.622455709,0.66339114,0.063530113
60.40941191,0.290414987,2.619219705,0.684122507,0.061563586
60.41405058,0.296554527,2.621565808,0.727387968,0.066125929
60.41868925,0.295827476,2.624073711,0.671503414,0.067541828
60.42332792,0.290899687,2.62375011,0.680517052,0.061720909
60.42796659,0.292838489,2.628685016,0.707557965,0.062114214
60.43260526,0.299058813,2.637907625,0.729190696,0.068328439
60.43724393,0.29356554,2.639282927,0.669700686,0.064316724
60.4418826,0.291303604,2.638635726,0.692234781,0.061012959
60.44652127,0.296716093,2.641224529,0.73009206,0.064474046
60.45115994,0.298654895,2.643732431,0.690432053,0.068249778
60.45579861,0.292030655,2.640577328,0.675108869,0.062035553
60.46043728,0.292515356,2.639930127,0.6967416,0.061248942
60.46507595,0.299785863,2.643975132,0.735500242,0.067305845
60.46971462,0.296069826,2.646240334,0.668799323,0.065575301
60.47435329,0.292030655,2.645593133,0.690432053,0.060855637
60.47899196,0.295989043,2.648424636,0.723782513,0.063058147
60.48363063,0.299866647,2.655462944,0.714768875,0.0684071
60.4882693,0.294454158,2.658456247,0.684122507,0.06258618
60.49290797,0.293646323,2.662258551,0.708459329,0.060855637
60.49754664,0.300108997,2.667921557,0.752626154,0.066125929
60.50218531,0.298331762,2.671157561,0.686826598,0.066597895
60.50682398,0.293727107,2.667840657,0.692234781,0.060934298
60.51146265,0.295908259,2.666222655,0.713867512,0.062114214
60.51610132,0.301159181,2.668568758,0.723782513,0.068249778
60.52073999,0.295746692,2.665332754,0.665193867,0.063766097
60.52537866,0.293242406,2.660721449,0.686826598,0.060698315
60.53001733,0.298331762,2.660640549,0.726486605,0.064552707
60.534656,0.29970508,2.661692251,0.683221143,0.067935134
60.53929467,0.294131024,2.658051747,0.673306141,0.061563586
60.54393334,0.294292591,2.655139344,0.693136145,0.061012959
60.54857201,0.300674481,2.656919145,0.727387968,0.067463167
60.55321068,0.296069826,2.655382044,0.659785685,0.065024674
60.55784935,0.292596139,2.650447139,0.681418415,0.060540992
60.56248802,0.296473743,2.648910037,0.713867512,0.062743503
60.56712669,0.300270564,2.650123538,0.695840236,0.068092456
60.57176536,0.29356554,2.646159434,0.662489776,0.062114214
60.57640403,0.293000056,2.64227623,0.683221143,0.060619654
60.5810427,0.299301163,2.64259983,0.727387968,0.065811284
60.58568137,0.29712001,2.641467229,0.66339114,0.065811284
60.59032004,0.292353789,2.637664925,0.676010233,0.060540992
60.59495871,0.294615724,2.636370524,0.702149782,0.06179957
60.59959738,0.300593697,2.638312126,0.710262056,0.067856472
60.60423605,0.294211807,2.635237922,0.657982957,0.063215469
60.60887472,0.292273005,2.632163719,0.681418415,0.06038367
60.61351339,0.297927845,2.63297272,0.724683877,0.064159402
60.61815206,0.298250978,2.634590722,0.678714324,0.06691254
60.62279073,0.292515356,2.631031118,0.672404778,0.060855637
60.6274294,0.293888674,2.628685016,0.694938872,0.060698315
60.63206807,0.300432131,2.630707518,0.723782513,0.066991201
60.63670674,0.295585125,2.629574916,0.658884321,0.063687435
60.64134541,0.292273005,2.626177113,0.679615688,0.059833043
60.64598408,0.296554527,2.626258013,0.715670239,0.062822164
60.65062275,0.299866647,2.628118715,0.693136145,0.06769915
60.65526142,0.293403973,2.625044512,0.665193867,0.061484925
60.65990009,0.293161623,2.622860209,0.684122507,0.060147687
60.66453876,0.29994743,2.625044512,0.727387968,0.065339318
60.66917743,0.297604711,2.625853513,0.660687048,0.065575301
60.6738161,0.292757706,2.622698409,0.675108869,0.059990365
60.67845477,0.295181208,2.622536609,0.702149782,0.061248942
60.68309344,0.300674481,2.625934413,0.705755238,0.067384506
60.68773211,0.294211807,2.624235511,0.65618023,0.062428858
60.69237078,0.292596139,2.621727608,0.678714324,0.059518399
60.69700945,0.298250978,2.624073711,0.723782513,0.06400208
60.70164812,0.298008628,2.626905214,0.674207505,0.066125929
60.70628679,0.292596139,2.624720911,0.673306141,0.060147687
60.71092546,0.294050241,2.625449012,0.697642964,0.060226348
60.71556413,0.300512914,2.63248732,0.728289332,0.066755217
60.7202028,0.296069826,2.637745825,0.669700686,0.063608774
60.72484147,0.293888674,2.64268073,0.699445691,0.059754382
60.72948014,0.29946273,2.654087642,0.743612516,0.062743503
60.73411881,0.303097983,2.667112556,0.717472967,0.067227184
60.73875748,0.297685494,2.673908163,0.697642964,0.061012959
60.74339615,0.297847061,2.68021837,0.717472967,0.059990365
60.74803482,0.305036786,2.688551079,0.757132973,0.065968607
60.75267349,0.302047799,2.692029783,0.685023871,0.065181996
60.75731216,0.297604711,2.690735381,0.698544327,0.060069026
60.76195083,0.300755264,2.692596083,0.729190696,0.061720909
60.7665895,0.305683053,2.698259089,0.729190696,0.06769915
60.77122817,0.299624296,2.697045588,0.682319779,0.062271536
60.77586684,0.298008628,2.694456785,0.702149782,0.060147687
60.78050551,0.303986601,2.696721988,0.747217972,0.064631368
60.78514418,0.304067384,2.69890629,0.693136145,0.066361912
60.78978285,0.298089411,2.696479287,0.697642964,0.060462331
60.79442152,0.299866647,2.696236587,0.722881149,0.060855637
60.79906019,0.306410104,2.700119791,0.745415244,0.067069862
60.80369886,0.300916831,2.700362492,0.686826598,0.063530113
60.80833753,0.298089411,2.699391691,0.710262056,0.059990365
60.8129762,0.302855633,2.701575993,0.747217972,0.06329413
60.81761487,0.305198352,2.706349098,0.712966148,0.067069862
60.82225354,0.298574112,2.706834498,0.695840236,0.060855637
60.82689221,0.298735679,2.706915398,0.715670239,0.059990365
60.83153088,0.305198352,2.710070502,0.754428882,0.066125929
60.83616955,0.301320748,2.709666001,0.684122507,0.065181996
60.84080822,0.297281577,2.706025498,0.700347055,0.060147687
60.84544689,0.300593697,2.706106398,0.729190696,0.062192875
60.85008556,0.304956002,2.7081289,0.721979786,0.067777811
60.85472423,0.298250978,2.704973796,0.678714324,0.062350197
60.8593629,0.29712001,2.701818693,0.699445691,0.060147687
60.86400157,0.30325955,2.702708594,0.742711153,0.065103335
60.86864024,0.302047799,2.703598495,0.684122507,0.066361912
60.87327891,0.296312176,2.700524292,0.690432053,0.06109162
60.87791758,0.298331762,2.701009692,0.717472967,0.061720909
60.88255625,0.304794435,2.7085334,0.740007061,0.067856472
60.88719492,0.298978029,2.712497504,0.685023871,0.063844758
60.89183359,0.29639296,2.716785209,0.712064784,0.060540992
60.89647226,0.301967016,2.725279718,0.75172479,0.064080741
60.90111093,0.303582684,2.731670825,0.71116342,0.06769915
60.9057496,0.297523928,2.730861824,0.695840236,0.061563586
60.91038827,0.297927845,2.729405622,0.714768875,0.060934298
60.91502694,0.304713652,2.731347224,0.750823427,0.067305845
60.91966561,0.300674481,2.730376423,0.681418415,0.065103335
60.92430428,0.296796877,2.72673592,0.70395251,0.06038367
60.92894295,0.300593697,2.72754492,0.739105697,0.062350197
60.93358162,0.304794435,2.731994425,0.729190696,0.068171117
60.93822029,0.298493329,2.732318025,0.705755238,0.062900825
60.94285896,0.297927845,2.734825928,0.746316608,0.060698315
60.94749763,0.304552085,2.742026036,0.795891616,0.065889946
60.9521363,0.303097983,2.74631374,0.728289332,0.066755217
60.95677497,0.298170195,2.744453038,0.730993423,0.061484925
60.96141364,0.300836048,2.744857539,0.749020699,0.062192875
60.96605231,0.306006187,2.747365441,0.758034337,0.068564422
60.97069098,0.300108997,2.745181139,0.697642964,0.064316724
60.97532965,0.298170195,2.741783335,0.717472967,0.061248942
60.97996832,0.303501901,2.741783335,0.755330246,0.064788691
60.98460699,0.304794435,2.743077737,0.712064784,0.067856472
60.98924566,0.298654895,2.740731634,0.702149782,0.062114214
60.99388433,0.299624296,2.740974335,0.724683877,0.061878231
60.998523,0.306006187,2.74615194,0.764343883,0.068013795
61.00316167,0.301320748,2.748498043,0.699445691,0.065339318
61.00780034,0.298008628,2.748498043,0.719275694,0.061327603
61.01243901,0.301967016,2.751653146,0.75172479,0.064080741
61.01707768,0.305279136,2.756668951,0.732796151,0.069036389
61.02171635,0.298735679,2.753271148,0.697642964,0.062900825
61.02635502,0.298089411,2.749226143,0.715670239,0.061406264
61.03099369,0.304148168,2.749873344,0.758034337,0.066676556
61.03563236,0.302128582,2.750277844,0.694938872,0.067227184
61.04027103,0.297685494,2.752381247,0.712966148,0.061484925
61.0449097,0.301159181,2.761846557,0.746316608,0.062822164
61.04954837,0.306894804,2.773819769,0.759837064,0.068957727
61.05418704,0.300836048,2.777541173,0.706656601,0.064316724
61.05882571,0.299058813,2.775195071,0.724683877,0.061563586
61.06346438,0.304632868,2.77454787,0.761639792,0.065811284
61.06810305,0.304956002,2.773657969,0.710262056,0.068485761
61.07274172,0.299624296,2.768318564,0.702149782,0.062507519
61.07738039,0.29994743,2.76500166,0.722881149,0.062192875
61.08201906,0.30657167,2.767509563,0.754428882,0.068643083
61.08665773,0.302451716,2.766619662,0.690432053,0.066047268
61.0912964,0.298816462,2.76492076,0.712966148,0.061956892
61.09593507,0.303178767,2.767428663,0.75172479,0.064710029
61.10057374,0.306894804,2.773415269,0.730993423,0.069587016
61.10521241,0.300916831,2.776489472,0.706656601,0.063687435
61.10985108,0.301159181,2.783123279,0.732796151,0.062350197
61.11448975,0.308995173,2.796957194,0.788680705,0.067541828
61.11912842,0.307621855,2.812975411,0.736401606,0.067305845
61.12376709,0.303340334,2.82146992,0.754428882,0.062035553
61.12840576,0.30584462,2.826323925,0.77065343,0.063530113
61.13304443,0.310772408,2.83109703,0.762541156,0.069508355
61.1376831,0.304471302,2.828589128,0.704853874,0.064710029
61.14232177,0.302451716,2.825676724,0.721979786,0.061956892
61.14696044,0.307944989,2.828750928,0.768850702,0.066361912
61.15159911,0.307541072,2.837245437,0.721979786,0.068957727
61.15623778,0.301724665,2.845497245,0.73009206,0.062822164
61.16087645,0.303178767,2.857551358,0.765245247,0.063058147
61.16551512,0.30939909,2.871466173,0.792286161,0.069351033
61.17015379,0.303986601,2.875511177,0.721078422,0.065811284
61.17479246,0.300755264,2.872275174,0.730993423,0.062192875
61.17943113,0.305279136,2.86879647,0.760738428,0.064946013
61.1840698,0.307783422,2.864589666,0.723782513,0.069429694
61.18870847,0.300997615,2.855852456,0.695840236,0.06329413
61.19334714,0.300916831,2.847196147,0.713867512,0.062192875
61.19798581,0.307217938,2.843151143,0.754428882,0.068013795
61.20262448,0.304228951,2.837245437,0.683221143,0.067148523
61.20726315,0.299543513,2.827213826,0.695840236,0.062114214
61.21190182,0.302128582,2.819447418,0.721979786,0.06400208
61.21654049,0.307137154,2.815483314,0.718374331,0.069429694
61.22117916,0.300432131,2.805694403,0.671503414,0.064159402
61.22581783,0.298978029,2.794853792,0.690432053,0.061878231
61.2304565,0.304875219,2.789837986,0.733697515,0.066676556
61.23509517,0.303663467,2.784741281,0.678714324,0.068092456
61.23973384,0.297766278,2.775033271,0.680517052,0.062114214
61.24437251,0.298978029,2.766862362,0.702149782,0.062507519
61.24901118,0.305117569,2.763302758,0.723782513,0.06911505
61.25364985,0.299220379,2.75529365,0.662489776,0.065181996
61.25828852,0.29639296,2.74566654,0.683221143,0.061720909
61.26292719,0.300512914,2.740408034,0.720177058,0.065103335
61.26756586,0.302451716,2.73692933,0.686826598,0.068957727
61.27220453,0.295585125,2.728353921,0.667897959,0.062428858
61.2768432,0.295746692,2.721396514,0.687727962,0.062192875
61.28148187,0.302370933,2.718322311,0.727387968,0.068171117
61.28612054,0.298250978,2.713225605,0.660687048,0.066755217
61.29075921,0.293646323,2.706429998,0.678714324,0.061720909
61.29539788,0.296958444,2.702627694,0.710262056,0.063530113
61.30003655,0.301320748,2.703760295,0.704853874,0.069351033
61.30467522,0.294615724,2.701414193,0.666996595,0.063687435
61.30931389,0.293403973,2.69890629,0.689530689,0.061956892
61.31395256,0.29970508,2.700119791,0.735500242,0.066597895
61.31859123,0.298816462,2.701171492,0.67781296,0.068092456
61.3232299,0.293403973,2.696721988,0.685023871,0.062192875
61.32786857,0.295261992,2.694052285,0.71116342,0.062822164
61.33250724,0.301563099,2.694942186,0.728289332,0.069036389
61.33714591,0.295746692,2.692191583,0.67060205,0.064946013
61.34178458,0.293242406,2.688793779,0.694037508,0.061563586
61.34642325,0.298654895,2.690088181,0.732796151,0.065024674
61.35106192,0.300351347,2.694133185,0.694938872,0.068485761
61.35570059,0.294131024,2.696721988,0.686826598,0.062192875
61.36033926,0.295585125,2.703032194,0.726486605,0.062035553
61.36497793,0.302451716,2.710717703,0.77786434,0.068328439
61.3696166,0.298654895,2.712254804,0.708459329,0.066440573
61.37425527,0.294454158,2.7082098,0.719275694,0.061956892
61.37889394,0.298170195,2.705297397,0.740908425,0.064159402
61.38353261,0.302290149,2.703517595,0.719275694,0.069587016
61.38817128,0.295504342,2.696721988,0.67781296,0.063844758
61.39280995,0.294696508,2.68984548,0.694037508,0.06258618
61.39744862,0.300593697,2.687580278,0.73730297,0.068013795
61.40208729,0.299381946,2.684425175,0.673306141,0.069587016
61.40672596,0.293888674,2.678195868,0.681418415,0.06400208
61.41136463,0.296150609,2.674474464,0.705755238,0.065103335
61.4160033,0.301724665,2.674069964,0.716571603,0.071396221
61.42064197,0.295504342,2.67042946,0.660687048,0.066676556
61.42528064,0.293484757,2.665332754,0.684122507,0.063608774
61.42991931,0.298654895,2.663310252,0.725585241,0.067856472
61.43455798,0.299785863,2.662986652,0.681418415,0.07060961
61.43919665,0.293403973,2.657566346,0.671503414,0.064238063
61.44383532,0.29380789,2.652793241,0.690432053,0.06400208
61.44847399,0.300351347,2.652388741,0.724683877,0.06990166
61.45311266,0.295827476,2.649152737,0.657982957,0.067541828
61.45775133,0.292838489,2.643166131,0.67781296,0.063372791
61.46239,0.296796877,2.640091928,0.710262056,0.06620459
61.46702867,0.300512914,2.640577328,0.693136145,0.070766932
61.47166734,0.294292591,2.636208723,0.661588412,0.064474046
61.47630601,0.29356554,2.631678319,0.681418415,0.063058147
61.48094468,0.300028214,2.631435618,0.725585241,0.068328439
61.48558335,0.298170195,2.630869318,0.662489776,0.068564422
61.49022202,0.293080839,2.627552414,0.67781296,0.062900825
61.49486069,0.295585125,2.627228814,0.705755238,0.064080741
61.49949936,0.301320748,2.631840119,0.715670239,0.070058983
61.50413803,0.294938858,2.630464817,0.66339114,0.06549664
61.5087767,0.292838489,2.627876015,0.685925234,0.062507519
61.51341537,0.298089411,2.629574916,0.730993423,0.066597895
61.51805404,0.298816462,2.633458121,0.685023871,0.069193711
61.52269271,0.293000056,2.631597419,0.679615688,0.063215469
61.52733138,0.294131024,2.630222117,0.699445691,0.062822164
61.53197005,0.300512914,2.63297272,0.729190696,0.069272372
61.53660872,0.295908259,2.63273002,0.664292504,0.066597895
61.54124739,0.293000056,2.630060317,0.686826598,0.062114214
61.54588606,0.296958444,2.631678319,0.723782513,0.065181996
61.55052473,0.300755264,2.637988525,0.705755238,0.06990166
61.5551634,0.294373374,2.639930127,0.682319779,0.063687435
61.55980207,0.294292591,2.641386329,0.70395251,0.062664841
61.56444074,0.300674481,2.645916734,0.746316608,0.0684071
61.56907941,0.298331762,2.648343736,0.679615688,0.068092456
61.57371808,0.293727107,2.646321234,0.694037508,0.06258618
61.57835675,0.29663531,2.646078534,0.719275694,0.064080741
61.58299542,0.301643882,2.648667337,0.719275694,0.069822999
61.58763409,0.295342775,2.645512233,0.669700686,0.064788691
61.59227276,0.293403973,2.641629029,0.690432053,0.062271536
61.59691143,0.299220379,2.641790829,0.732796151,0.066833878
61.6015501,0.298654895,2.643570631,0.682319779,0.069272372
61.60618877,0.292596139,2.641062729,0.682319779,0.063215469
61.61082744,0.294131024,2.64268073,0.707557965,0.063372791
61.61546611,0.300916831,2.647696536,0.735500242,0.069587016
61.62010478,0.295908259,2.648101036,0.673306141,0.066440573
61.62474345,0.292515356,2.646240334,0.694938872,0.062664841
61.62938212,0.29687766,2.646483034,0.730993423,0.065653962
61.63402079,0.299301163,2.648505537,0.700347055,0.06990166
61.63865946,0.292838489,2.645026833,0.676010233,0.06329413
61.64329813,0.292515356,2.641790829,0.694037508,0.062271536
61.6479368,0.299139596,2.643166131,0.736401606,0.068328439
61.65257547,0.295989043,2.64211443,0.667897959,0.067463167
61.65721414,0.291303604,2.639040226,0.685925234,0.062114214
61.66185281,0.294615724,2.638473926,0.715670239,0.063923419
61.66649148,0.299301163,2.643004331,0.716571603,0.069665677
61.67113015,0.292838489,2.643327931,0.675108869,0.064395385
61.67576882,0.291222821,2.64259983,0.6967416,0.062192875
61.68040749,0.297281577,2.646483034,0.740908425,0.06691254
61.68504616,0.29663531,2.650123538,0.683221143,0.068800405
61.68968483,0.290980471,2.646725735,0.685925234,0.062743503
61.6943235,0.292515356,2.646078534,0.708459329,0.063372791
61.69896217,0.299139596,2.649880838,0.731894787,0.06990166
61.70360084,0.29356554,2.650042638,0.672404778,0.066361912
61.70823951,0.290980471,2.648343736,0.6967416,0.06329413
61.71287818,0.296069826,2.651175239,0.740908425,0.069587016
61.71751685,0.298493329,2.656514645,0.71116342,0.078239734
61.72215552,0.293161623,2.656191045,0.6967416,0.075643919
61.72679419,0.29380789,2.656191045,0.714768875,0.07572258
61.73143286,0.300593697,2.660074249,0.75172479,0.081858144
61.73607153,0.297362361,2.66080235,0.679615688,0.079970278
61.7407102,0.293161623,2.658132647,0.695840236,0.074542664
61.74534887,0.29663531,2.658375347,0.725585241,0.076351869
61.74998754,0.300593697,2.662096751,0.717472967,0.081543499
61.75462621,0.294454158,2.66088325,0.676911597,0.075329275
61.75926488,0.293403973,2.658860748,0.695840236,0.073126764
61.76390355,0.299543513,2.66080235,0.739105697,0.077531785
61.76854222,0.298412545,2.662582151,0.679615688,0.078397056
61.77318089,0.29332319,2.66104505,0.687727962,0.07210417
61.77781956,0.295423559,2.661934951,0.712064784,0.072418815
61.78245823,0.301805449,2.666222655,0.728289332,0.078003751
61.7870969,0.295746692,2.664523754,0.668799323,0.073834714
61.79173557,0.293646323,2.660640549,0.688629326,0.070216305
61.79637424,0.298816462,2.660478749,0.726486605,0.073205426
61.80101291,0.300270564,2.660559649,0.685925234,0.076666513
61.80565158,0.29380789,2.655705644,0.671503414,0.070058983
61.81029025,0.293969457,2.65198424,0.692234781,0.069193711
61.81492892,0.300916831,2.653035941,0.728289332,0.075171952
61.81956759,0.296554527,2.65133704,0.658884321,0.072969442
61.82420626,0.292757706,2.645835834,0.678714324,0.067935134
61.82884493,0.296554527,2.644136932,0.712064784,0.069822999
61.8334836,0.300432131,2.644784133,0.698544327,0.074778647
61.83812227,0.293888674,2.640172828,0.662489776,0.068879066
61.84276094,0.292838489,2.636451424,0.682319779,0.066991201
61.84739961,0.299543513,2.637098624,0.727387968,0.071789526
61.85203828,0.297604711,2.636532324,0.665193867,0.072418815
61.85667695,0.292353789,2.630788418,0.674207505,0.066597895
61.86131562,0.294050241,2.627956915,0.700347055,0.067148523
61.86595429,0.299543513,2.630060317,0.710262056,0.073205426
61.87059296,0.293242406,2.627067014,0.65618023,0.068879066
61.87523163,0.290980471,2.622213009,0.67781296,0.065575301
61.8798703,0.296150609,2.621727608,0.718374331,0.069587016
61.88450897,0.297039227,2.622051208,0.674207505,0.072340154
61.88914764,0.29049577,2.616792703,0.664292504,0.065968607
61.89378631,0.291465171,2.613556699,0.685023871,0.06549664
61.89842498,0.297523928,2.616388202,0.720177058,0.071710865
61.90306365,0.292919273,2.615741002,0.655278866,0.06911505
61.90770232,0.289687936,2.612828599,0.67781296,0.064395385
61.91234099,0.293484757,2.614123,0.714768875,0.066833878
61.91697966,0.29712001,2.621080407,0.701248419,0.071474882
61.92161833,0.290657337,2.624235511,0.676010233,0.065889946
61.926257,0.289768719,2.628361415,0.702149782,0.06400208
61.93089567,0.29639296,2.634833422,0.74451388,0.069272372
61.93553434,0.294131024,2.637179525,0.676911597,0.069587016
61.94017301,0.289364802,2.634914322,0.687727962,0.06400208
61.94481168,0.291707521,2.635076122,0.713867512,0.065181996
61.94945035,0.29712001,2.640334628,0.721078422,0.071160238
61.95408902,0.290980471,2.64268073,0.671503414,0.06620459
61.95872769,0.289607152,2.645997634,0.695840236,0.063608774
61.96336636,0.294615724,2.653116841,0.738204334,0.067541828
61.96800503,0.295261992,2.658860748,0.688629326,0.070137644
61.9726437,0.289041669,2.658537147,0.684122507,0.063923419
61.97728237,0.290091853,2.66120685,0.708459329,0.063766097
61.98192104,0.29663531,2.670105859,0.742711153,0.069980321
61.98655971,0.291869088,2.677467767,0.681418415,0.066597895
61.99119838,0.289122452,2.683211673,0.707557965,0.063136808
61.99583705,0.29380789,2.693890485,0.749020699,0.065811284
62.00047572,0.29712001,2.706106398,0.725585241,0.070216305
62.00511439,0.290657337,2.710151402,0.698544327,0.064395385
62.00975306,0.290172636,2.714520007,0.719275694,0.062664841
62.01439173,0.297039227,2.723014516,0.762541156,0.0684071
62.0190304,0.294373374,2.729567423,0.695840236,0.067463167
62.02366907,0.289930286,2.732237125,0.712966148,0.06258618
62.02830774,0.292596139,2.737333831,0.741809789,0.063844758
62.03294641,0.297927845,2.743805838,0.740007061,0.069822999
62.03758508,0.292030655,2.743482237,0.687727962,0.064552707
62.04222375,0.290172636,2.741055235,0.704853874,0.062192875
62.04686242,0.295908259,2.740246234,0.74451388,0.066519234
62.05150109,0.296312176,2.738061932,0.685925234,0.068564422
62.05613976,0.290414987,2.730376423,0.681418415,0.062900825
62.06077843,0.291465171,2.724147117,0.700347055,0.062979486
62.0654171,0.297927845,2.721962814,0.724683877,0.068957727
62.07005577,0.292676922,2.716138008,0.659785685,0.06549664
62.07469444,0.289768719,2.7086952,0.682319779,0.062035553
62.07933311,0.294211807,2.705297397,0.718374331,0.065103335
62.08397178,0.296958444,2.703113094,0.686826598,0.069429694
62.08861045,0.290414987,2.695265786,0.664292504,0.063372791
62.09324912,0.289768719,2.688389279,0.683221143,0.062114214
62.09788779,0.29639296,2.686609477,0.725585241,0.067384506
62.10252646,0.293242406,2.681593672,0.65618023,0.066833878
62.10716513,0.289203235,2.674231764,0.673306141,0.062035553
62.1118038,0.291626738,2.670105859,0.702149782,0.063530113
62.11644247,0.29639296,2.668973258,0.698544327,0.069193711
62.12108114,0.290091853,2.662986652,0.654377502,0.063923419
62.12571981,0.288314618,2.656838245,0.675108869,0.061563586
62.13035848,0.294292591,2.655382044,0.720177058,0.066361912
62.13499715,0.293646323,2.653440442,0.66339114,0.068013795
62.13963582,0.287991484,2.647049335,0.666996595,0.062114214
62.14427449,0.289526369,2.643651531,0.692234781,0.06258618
62.14891316,0.295504342,2.644703233,0.714768875,0.068721744
62.15355183,0.290414987,2.64243803,0.655278866,0.064710029
62.1581905,0.287829917,2.637745825,0.67781296,0.061170281
62.16282917,0.292434572,2.636936824,0.716571603,0.064946013
62.16746784,0.294777291,2.638312126,0.682319779,0.068643083
62.17210651,0.287910701,2.634428922,0.665193867,0.062428858
62.17674518,0.288153051,2.63289182,0.685925234,0.061563586
62.18138385,0.294777291,2.634995222,0.726486605,0.067777811
62.18602252,0.291303604,2.635076122,0.659785685,0.066283251
62.19066119,0.28718365,2.631759219,0.679615688,0.061484925
62.19529986,0.290980471,2.632163719,0.710262056,0.063451452
62.19993853,0.295019642,2.634348022,0.702149782,0.06911505
62.2045772,0.288395401,2.631597419,0.66339114,0.06329413
62.20921587,0.287345217,2.629332216,0.685925234,0.061406264
62.21385454,0.293646323,2.631112018,0.729190696,0.066125929
62.21849321,0.292192222,2.631516519,0.669700686,0.067463167
62.22313188,0.287345217,2.628604115,0.67781296,0.061484925
62.22777055,0.289041669,2.627956915,0.701248419,0.062192875
62.23240922,0.295100425,2.63264912,0.721979786,0.068564422
62.23704789,0.289526369,2.634590722,0.67060205,0.064788691
62.24168656,0.286860516,2.636127823,0.697642964,0.061248942
62.24632523,0.292596139,2.639768327,0.73730297,0.064867352
62.2509639,0.294292591,2.643327931,0.695840236,0.068249778
62.25560257,0.28766835,2.640900928,0.680517052,0.062192875
62.26024124,0.288072268,2.639687427,0.702149782,0.061563586
62.26487991,0.294696508,2.64259983,0.738204334,0.06769915
62.26951858,0.290818904,2.64243803,0.671503414,0.065732623
62.27415725,0.28718365,2.639606527,0.692234781,0.061248942
62.27879592,0.291303604,2.641062729,0.726486605,0.063372791
62.28343459,0.295261992,2.645431333,0.712064784,0.068879066
62.28807326,0.288960885,2.643247031,0.676010233,0.062900825
62.29271193,0.288072268,2.641143629,0.6967416,0.061248942
62.2973506,0.294373374,2.644056032,0.741809789,0.066440573
62.30198927,0.292919273,2.647130235,0.681418415,0.066991201
62.30662794,0.287829917,2.646968435,0.695840236,0.061327603
62.31126661,0.289849503,2.649799938,0.722881149,0.062428858
62.31590528,0.295746692,2.656514645,0.735500242,0.068564422
62.32054395,0.289607152,2.659427048,0.682319779,0.063766097
62.32518262,0.287587567,2.665413654,0.710262056,0.061012959
62.32982129,0.292919273,2.683211673,0.762541156,0.065103335
62.33445996,0.294373374,2.711526703,0.730993423,0.068171117
62.33909863,0.288476185,2.747446341,0.755330246,0.062035553
62.3437373,0.289930286,2.79307399,0.805806617,0.061406264
62.34837597,0.297604711,2.835061134,0.846367988,0.068013795
62.35301464,0.293080839,2.857227758,0.764343883,0.06549664
62.35765331,0.289526369,2.863133464,0.764343883,0.061484925
62.36229198,0.293242406,2.863537965,0.779667068,0.06400208
62.36693065,0.297200794,2.862486263,0.745415244,0.068957727
62.37156932,0.290414987,2.853182754,0.70395251,0.06258618
62.37620799,0.289930286,2.843070243,0.715670239,0.061248942
62.38084666,0.296312176,2.838054438,0.753527518,0.066676556
62.38548533,0.294131024,2.83044983,0.682319779,0.066833878
62.390124,0.289041669,2.819851918,0.692234781,0.06109162
62.39476267,0.291626738,2.812975411,0.716571603,0.062350197
62.39940134,0.296958444,2.81176191,0.722881149,0.068485761
62.40404001,0.291303604,2.806665204,0.672404778,0.063687435
62.40867868,0.289122452,2.800435898,0.693136145,0.061012959
62.41331735,0.294696508,2.798494296,0.736401606,0.065181996
62.41795602,0.295100425,2.796957194,0.688629326,0.067856472
62.42259469,0.289526369,2.790808787,0.683221143,0.061878231
62.42723336,0.29073812,2.787815484,0.70395251,0.061563586
62.43187203,0.29712001,2.788705385,0.731894787,0.068171117
62.4365107,0.292030655,2.784822181,0.667897959,0.065103335
62.44114937,0.288880102,2.779482775,0.692234781,0.061012959
62.44578804,0.293484757,2.777702974,0.728289332,0.063766097
62.45042671,0.296958444,2.778188374,0.70395251,0.0684071
62.45506538,0.29049577,2.77422427,0.679615688,0.062428858
62.45970405,0.290576553,2.771716367,0.701248419,0.061327603
62.46434272,0.297847061,2.773577069,0.747217972,0.066833878
62.46898139,0.295423559,2.77462877,0.681418415,0.066361912
62.47362006,0.291142037,2.773738869,0.699445691,0.061327603
62.47825873,0.294373374,2.777136673,0.730993423,0.062664841
62.4828974,0.300674481,2.787977284,0.739105697,0.068721744
62.48753607,0.295746692,2.797442595,0.701248419,0.06329413
62.49217474,0.296069826,2.812894511,0.736401606,0.06109162
62.49681341,0.30632932,2.855609756,0.819327074,0.065653962
62.50145208,0.311741809,2.92558833,0.824735257,0.06769915
62.50609075,0.311095542,3.00034001,0.864395263,0.06179957
62.51072942,0.315700197,3.064331978,0.886027994,0.06258618
62.51536809,0.323778539,3.102516818,0.881521175,0.069272372
62.52000676,0.3190931,3.113195629,0.791384797,0.065260657
62.52464543,0.315942547,3.108341624,0.784173887,0.061720909
62.5292841,0.320385635,3.099038114,0.797694343,0.065024674
62.53392277,0.322405221,3.088440203,0.749020699,0.068879066
62.53856144,0.31553863,3.069833183,0.712966148,0.062822164
62.54320011,0.314650012,3.050740763,0.721078422,0.061878231
62.54783878,0.320224068,3.036097848,0.75172479,0.06769915
62.55247745,0.316184897,3.018138029,0.675108869,0.066440573
62.55711612,0.311499459,2.997427607,0.685925234,0.06179957
62.56175479,0.313761395,2.980357689,0.71116342,0.063215469
62.56639346,0.317396649,2.968222676,0.705755238,0.069193711
62.57103213,0.310206924,2.950424657,0.659785685,0.063530113
62.5756708,0.308025772,2.936348042,0.685925234,0.061170281
62.58030947,0.313357478,2.931494037,0.740007061,0.065968607
62.58494814,0.312307293,2.926640032,0.686826598,0.067935134
62.58958681,0.305925403,2.914666819,0.687727962,0.061878231
62.59422548,0.306490887,2.903340807,0.706656601,0.062350197
62.59886415,0.312307293,2.894765398,0.721979786,0.0684071
62.60350282,0.306167753,2.881983184,0.660687048,0.064946013
62.60814149,0.3030172,2.867421169,0.680517052,0.061406264
62.61278016,0.307137154,2.857389558,0.717472967,0.064474046
62.61741883,0.308672039,2.848814149,0.682319779,0.068328439
62.6220575,0.301805449,2.835627435,0.665193867,0.062114214
62.62669617,0.301643882,2.823977823,0.685023871,0.061327603
62.63133484,0.307783422,2.817182215,0.723782513,0.067148523
62.63597351,0.303825034,2.808525906,0.655278866,0.066047268
62.64061218,0.299381946,2.797280794,0.673306141,0.061248942
62.64525085,0.302047799,2.788543585,0.705755238,0.062822164
62.64988952,0.305763836,2.783123279,0.695840236,0.068721744
62.65452819,0.299058813,2.772120868,0.65618023,0.063058147
62.65916686,0.297685494,2.762574658,0.67781296,0.060855637
62.66380553,0.303501901,2.756992552,0.721979786,0.065968607
62.6684442,0.301643882,2.751248646,0.660687048,0.067069862
62.67308287,0.296069826,2.741217035,0.668799323,0.061248942
62.67772154,0.297604711,2.733450627,0.691333417,0.062271536
62.68236021,0.30277485,2.730376423,0.707557965,0.0684071
62.68699888,0.296554527,2.722124615,0.650772047,0.064552707
62.69163755,0.293727107,2.713630106,0.674207505,0.06109162
62.69627622,0.298735679,2.709018801,0.714768875,0.064867352
62.70091489,0.299866647,2.706187298,0.673306141,0.068328439
62.70555356,0.293080839,2.69850179,0.661588412,0.062035553
62.71019223,0.293080839,2.692676983,0.682319779,0.061406264
62.7148309,0.29970508,2.691463482,0.719275694,0.067305845
62.71946957,0.295342775,2.687822978,0.654377502,0.065339318
62.72410824,0.291465171,2.682888073,0.676911597,0.060934298
62.72874691,0.295181208,2.681917272,0.71116342,0.062822164
62.73338558,0.299139596,2.683777974,0.697642964,0.068328439
62.73802425,0.292676922,2.681593672,0.665193867,0.06258618
62.74266292,0.292030655,2.681512772,0.688629326,0.060776976
62.74730159,0.298735679,2.686204977,0.735500242,0.065968607
62.75194026,0.297200794,2.692191583,0.675108869,0.066676556
62.75657893,0.291788305,2.691867983,0.686826598,0.060934298
62.7612176,0.294131024,2.691220782,0.712966148,0.061956892
62.76585627,0.299785863,2.695670287,0.724683877,0.068092456
62.77049494,0.293888674,2.695508486,0.672404778,0.063687435
62.77513361,0.291788305,2.695265786,0.697642964,0.060776976
62.77977228,0.297685494,2.69890629,0.742711153,0.064788691
62.78441095,0.298493329,2.706106398,0.703051146,0.06769915
62.78904962,0.292596139,2.709585101,0.700347055,0.061720909
62.79368829,0.293646323,2.718565011,0.73009206,0.061248942
62.79832696,0.300755264,2.738142832,0.774258885,0.067541828
62.80296563,0.295746692,2.760390355,0.720177058,0.064867352
62.8076043,0.292838489,2.782152478,0.758034337,0.060776976
62.81224297,0.297200794,2.813056311,0.805806617,0.063372791
62.81688164,0.301320748,2.851726552,0.80400389,0.068328439
62.82152031,0.294777291,2.884248387,0.786877978,0.062664841
62.82615898,0.294615724,2.913210617,0.817524347,0.061012959
62.83079765,0.301078398,2.939988546,0.857184353,0.067148523
62.83543632,0.298816462,2.954307861,0.780568431,0.067305845
62.84007499,0.293727107,2.956087663,0.778765704,0.062428858
62.84471366,0.296473743,2.955197762,0.791384797,0.063687435
62.84935233,0.301886232,2.955035962,0.780568431,0.070058983
62.853991,0.295504342,2.947107753,0.714768875,0.065103335
62.85862967,0.29356554,2.935700841,0.725585241,0.062507519
62.86326834,0.299381946,2.926720932,0.758935701,0.066597895
62.86790701,0.299220379,2.919601724,0.702149782,0.069036389
62.87254568,0.293646323,2.90657681,0.693136145,0.063215469
62.87718435,0.294211807,2.895412598,0.712064784,0.063136808
62.88182302,0.301078398,2.888697891,0.739105697,0.069272372
62.88646169,0.296312176,2.87809998,0.672404778,0.066283251
62.89110036,0.292757706,2.865722267,0.690432053,0.062035553
62.89573903,0.297604711,2.857065958,0.723782513,0.065181996
62.9003777,0.300432131,2.850836651,0.695840236,0.069429694
62.90501637,0.29380789,2.839591539,0.67060205,0.063608774
62.90965504,0.293888674,2.829964429,0.690432053,0.062507519
62.91429371,0.300916831,2.825110424,0.732796151,0.068092456
62.91893238,0.298250978,2.818314817,0.665193867,0.067305845
62.92357105,0.293646323,2.808606806,0.682319779,0.062271536
62.92820972,0.296958444,2.8022157,0.710262056,0.063923419
62.93284839,0.3025325,2.799869597,0.712064784,0.069508355
62.93748706,0.296069826,2.792022289,0.665193867,0.064552707
62.94212573,0.294373374,2.78417498,0.687727962,0.062114214
62.9467644,0.300108997,2.780534477,0.73009206,0.066597895
62.95140307,0.300512914,2.777622073,0.67781296,0.068879066
62.95604174,0.295019642,2.771311867,0.679615688,0.062664841
62.96068041,0.29687766,2.767671363,0.70395251,0.062822164
62.96531908,0.30325955,2.769855665,0.729190696,0.069272372
62.96995775,0.297927845,2.768075863,0.667897959,0.065811284
62.97459642,0.295908259,2.767509563,0.694938872,0.061878231
62.97923509,0.301643882,2.777217573,0.742711153,0.064946013
62.98387376,0.305602269,2.791860489,0.723782513,0.069272372
62.98851243,0.300836048,2.8027011,0.710262056,0.063215469
62.9931511,0.301967016,2.813218111,0.734598879,0.062428858
62.99778977,0.30915674,2.823492422,0.77065343,0.0684071
63.00242844,0.30584462,2.824463223,0.692234781,0.067227184
63.00706711,0.301805449,2.816454115,0.702149782,0.062114214
63.01170578,0.305036786,2.810629308,0.727387968,0.06400208
63.01634445,0.310530058,2.807959606,0.718374331,0.069665677
63.02098312,0.305036786,2.798898796,0.671503414,0.064238063
63.02562179,0.303986601,2.789433486,0.690432053,0.062035553
63.03026046,0.310853192,2.783123279,0.730993423,0.066755217
63.03489913,0.310610841,2.776570372,0.67060205,0.068485761
63.0395378,0.305359919,2.76532526,0.673306141,0.062428858
63.04417647,0.306814021,2.757558852,0.697642964,0.06258618
63.04881514,0.312307293,2.753918348,0.716571603,0.069272372
63.05345381,0.306733237,2.74615194,0.657081593,0.065260657
63.05809248,0.303663467,2.738304632,0.678714324,0.061956892
63.06273115,0.308672039,2.734421428,0.718374331,0.065260657
63.06736982,0.310045358,2.731509025,0.682319779,0.068957727
63.07200849,0.303582684,2.723176316,0.666996595,0.062822164
63.07664716,0.303582684,2.716380709,0.686826598,0.062035553
63.08128583,0.310206924,2.714358206,0.727387968,0.067935134
63.0859245,0.306814021,2.710232302,0.660687048,0.066361912
63.09056317,0.303582684,2.702789494,0.679615688,0.06179957
63.09520184,0.306410104,2.698178189,0.710262056,0.06400208
63.09984051,0.310772408,2.696964688,0.701248419,0.069429694
63.10447918,0.304148168,2.690735381,0.662489776,0.063530113
63.10911785,0.30277485,2.685476876,0.683221143,0.061720909
63.11375652,0.308752823,2.685315076,0.728289332,0.066283251
63.11839519,0.307217938,2.684667875,0.668799323,0.06769915
63.12303386,0.301805449,2.678600368,0.675108869,0.061878231
63.12767253,0.303744251,2.674878965,0.698544327,0.06258618
63.1323112,0.30891439,2.673989064,0.712966148,0.068721744
63.13694987,0.302370933,2.668164257,0.655278866,0.064474046
63.14158854,0.300028214,2.66120685,0.676911597,0.061484925
63.14622721,0.304148168,2.658375347,0.716571603,0.065339318
63.15086588,0.305036786,2.656676445,0.674207505,0.068485761
63.15550455,0.298654895,2.649557238,0.662489776,0.062114214
63.16014322,0.298574112,2.644541432,0.683221143,0.062035553
63.16478189,0.305198352,2.644945933,0.720177058,0.067856472
63.16942056,0.300432131,2.64195263,0.654377502,0.065968607
63.17405923,0.296473743,2.637098624,0.675108869,0.061248942
63.1786979,0.299866647,2.635237922,0.708459329,0.063608774
63.18333657,0.303097983,2.635642423,0.692234781,0.068800405
63.18797524,0.296554527,2.631112018,0.658884321,0.062900825
63.19261391,0.294777291,2.626905214,0.678714324,0.061484925
63.19725258,0.301159181,2.626662513,0.723782513,0.066361912
63.20189125,0.298978029,2.625368112,0.660687048,0.06691254
63.20652992,0.293646323,2.620514107,0.672404778,0.061406264
63.21116859,0.295423559,2.618248904,0.698544327,0.062350197
63.21580726,0.301239965,2.619947806,0.710262056,0.068721744
63.22044593,0.294696508,2.617035403,0.657982957,0.064080741
63.2250846,0.292676922,2.6142039,0.681418415,0.061170281
63.22972327,0.297847061,2.616064602,0.724683877,0.064946013
63.23436194,0.298816462,2.618329805,0.680517052,0.068092456
63.23900061,0.292919273,2.616550003,0.674207505,0.061720909
63.24363928,0.293161623,2.616145502,0.697642964,0.061406264
63.24827795,0.299785863,2.620999507,0.73009206,0.067856472
63.25291662,0.294615724,2.622779309,0.66339114,0.065024674
63.25755529,0.290980471,2.622293909,0.684122507,0.060776976
63.26219396,0.294696508,2.624963612,0.719275694,0.063844758
63.26683263,0.298089411,2.630303017,0.698544327,0.068328439
63.2714713,0.291061254,2.630464817,0.67060205,0.062428858
63.27610997,0.29025342,2.631597419,0.692234781,0.061012959
63.28074864,0.296796877,2.637988525,0.73730297,0.066519234
63.28538731,0.294615724,2.642923431,0.673306141,0.066440573
63.29002598,0.289768719,2.643651531,0.686826598,0.061406264
63.29466465,0.292111438,2.646806635,0.713867512,0.062743503
63.29930332,0.297523928,2.653440442,0.720177058,0.068800405
63.30394199,0.291545955,2.654330343,0.671503414,0.063766097
63.30858066,0.289526369,2.654492143,0.694938872,0.061170281
63.31321933,0.295019642,2.657970847,0.73730297,0.065417979
63.317858,0.295585125,2.66088325,0.686826598,0.067856472
63.32249667,0.289445586,2.658294447,0.682319779,0.061720909
63.32713534,0.29049577,2.657080946,0.702149782,0.061720909
63.33177401,0.296796877,2.658294447,0.73009206,0.068249778
63.33641268,0.292111438,2.656514645,0.66339114,0.065339318
63.34105135,0.288637751,2.652469641,0.684122507,0.061248942
63.34569002,0.293000056,2.65166064,0.720177058,0.064238063
63.35032869,0.295827476,2.653035941,0.692234781,0.068721744
63.35496736,0.289768719,2.648586437,0.665193867,0.06258618
63.35960603,0.289607152,2.644460532,0.685023871,0.061327603
63.3642447,0.296150609,2.644379632,0.727387968,0.06691254
63.36888337,0.293403973,2.643651531,0.657982957,0.066755217
63.37352204,0.288799318,2.638959326,0.673306141,0.06179957
63.37816071,0.291545955,2.636694124,0.701248419,0.062979486
63.38279938,0.296796877,2.637422225,0.701248419,0.068721744
63.38743805,0.290576553,2.63321542,0.65618023,0.063687435
63.39207672,0.288880102,2.629736717,0.678714324,0.061248942
63.39671539,0.294534941,2.630626618,0.723782513,0.065968607
63.40135406,0.294373374,2.631516519,0.669700686,0.067777811
63.40599273,0.288637751,2.627390614,0.671503414,0.061642248
63.4106314,0.289768719,2.625529912,0.694037508,0.061878231
63.41527007,0.296473743,2.627228814,0.717472967,0.068564422
63.41990874,0.290980471,2.625125412,0.65618023,0.064788691
63.42454741,0.288395401,2.622293909,0.679615688,0.061248942
63.42918608,0.292919273,2.62391191,0.718374331,0.064474046
63.43382475,0.295746692,2.627228814,0.689530689,0.068564422
63.43846342,0.289849503,2.625853513,0.671503414,0.062428858
63.44310209,0.289930286,2.626015313,0.694037508,0.06179957
63.44774076,0.297443144,2.630222117,0.736401606,0.067305845
63.45237943,0.294696508,2.632406419,0.668799323,0.066125929
63.4570181,0.292111438,2.630869318,0.688629326,0.061484925
63.46165677,0.299220379,2.634267121,0.727387968,0.06329413
63.46629544,0.308833606,2.648424636,0.73730297,0.068957727
63.47093411,0.305198352,2.662743952,0.71116342,0.063687435
63.47557278,0.305763836,2.680703771,0.742711153,0.061484925
63.48021145,0.313842178,2.700605192,0.787779342,0.066440573
63.48485012,0.313115127,2.714520007,0.722881149,0.067856472
63.48948879,0.307783422,2.71775601,0.721078422,0.061878231
63.49412746,0.309560657,2.720668413,0.742711153,0.062271536
63.49876613,0.31578098,2.72722132,0.757132973,0.0684071
63.5034048,0.30939909,2.72697862,0.690432053,0.065103335
63.50804347,0.30632932,2.722933615,0.708459329,0.061327603
63.51268214,0.310853192,2.724066217,0.74451388,0.065024674
63.51732081,0.312953561,2.730861824,0.716571603,0.068564422
63.52195948,0.307056371,2.739841733,0.716571603,0.06258618
63.52659815,0.307541072,2.752462147,0.745415244,0.061720909
63.53123682,0.314811579,2.770260166,0.785976614,0.067620489
63.53587549,0.311257109,2.780777177,0.712064784,0.065968607
63.54051416,0.307541072,2.785954782,0.726486605,0.061406264
63.54515283,0.311580242,2.794772892,0.756231609,0.063687435
63.5497915,0.315457847,2.805613503,0.746316608,0.06911505
63.55443017,0.308672039,2.806179804,0.699445691,0.063215469
63.55906884,0.307137154,2.8030247,0.712966148,0.061327603
63.56370751,0.312630427,2.800516798,0.749922063,0.066519234
63.56834618,0.311014759,2.795177392,0.680517052,0.067856472
63.57298485,0.305198352,2.784255881,0.683221143,0.062192875
63.57762352,0.30657167,2.774871471,0.705755238,0.062743503
63.58226219,0.311903376,2.770664666,0.717472967,0.068721744
63.58690086,0.305683053,2.760794856,0.659785685,0.064159402
63.59153953,0.3025325,2.750520545,0.679615688,0.061406264
63.5961782,0.30657167,2.744533938,0.719275694,0.065653962
63.60081687,0.307541072,2.740165334,0.67781296,0.068957727
63.60545554,0.300512914,2.730861824,0.666996595,0.062428858
63.61009421,0.300916831,2.722448215,0.686826598,0.06179957
63.61473288,0.307056371,2.719050411,0.721979786,0.067935134
63.61937155,0.302209366,2.712982905,0.655278866,0.066047268
63.62401022,0.297766278,2.704650196,0.675108869,0.061484925
63.62864889,0.301159181,2.700281591,0.708459329,0.06400208
63.63328756,0.304228951,2.698339989,0.693136145,0.069036389
63.63792623,0.297604711,2.691382582,0.659785685,0.063058147
63.6425649,0.296231393,2.685557776,0.681418415,0.061720909
63.64720357,0.3025325,2.684829675,0.727387968,0.067069862
63.65184224,0.300432131,2.682968973,0.664292504,0.067620489
63.65648091,0.295181208,2.676982367,0.675108869,0.061878231
63.66111958,0.297281577,2.673827263,0.702149782,0.063058147
63.66575825,0.302855633,2.673908163,0.712966148,0.069036389
63.67039692,0.296716093,2.668730558,0.658884321,0.064631368
63.67503559,0.294373374,2.663552952,0.682319779,0.061720909
63.67967426,0.299381946,2.663552952,0.725585241,0.065653962
63.68431293,0.30018978,2.663876553,0.678714324,0.068564422
63.6889516,0.294050241,2.658132647,0.67060205,0.062271536
63.69359027,0.295019642,2.654249443,0.692234781,0.062192875
63.69822894,0.301482315,2.654653943,0.724683877,0.068721744
63.70286761,0.29663531,2.65190334,0.658884321,0.06549664
63.70750628,0.292757706,2.646887535,0.680517052,0.061563586
63.71214495,0.297200794,2.646240334,0.714768875,0.064316724
63.71678362,0.29994743,2.648424636,0.695840236,0.069036389
63.72142229,0.293080839,2.646078534,0.666996595,0.062900825
63.72606096,0.292838489,2.643894232,0.687727962,0.061563586
63.73069963,0.29946273,2.645997634,0.732796151,0.067227184
63.7353383,0.297281577,2.647453835,0.669700686,0.066833878
63.73997697,0.293000056,2.646321234,0.685925234,0.061484925
63.74461564,0.295665909,2.647696536,0.714768875,0.062822164
63.74925431,0.301159181,2.65222694,0.719275694,0.068879066
63.75389298,0.295019642,2.649880838,0.667897959,0.064159402
63.75853165,0.293242406,2.646563934,0.689530689,0.061170281
63.76317032,0.299058813,2.647211135,0.731894787,0.065653962
63.76780899,0.299220379,2.648910037,0.680517052,0.068171117
63.77244766,0.293000056,2.645512233,0.678714324,0.061956892
63.77708633,0.293969457,2.643732431,0.701248419,0.061956892
63.781725,0.300755264,2.646240334,0.729190696,0.0684071
63.78636367,0.295423559,2.645431333,0.665193867,0.065103335
63.79100234,0.292353789,2.641790829,0.685925234,0.061720909
63.79564101,0.296473743,2.64259983,0.721078422,0.064710029
63.80027968,0.299301163,2.646402134,0.694037508,0.069193711
63.80491835,0.292596139,2.645431333,0.672404778,0.062743503
63.80955702,0.292596139,2.645026833,0.695840236,0.061484925
63.81419569,0.299381946,2.648990937,0.739105697,0.067384506
63.81883436,0.29639296,2.650608939,0.67060205,0.06691254
63.82347303,0.291949872,2.649314537,0.686826598,0.061406264
63.8281117,0.295019642,2.649557238,0.716571603,0.063136808
63.83275037,0.30018978,2.652874141,0.715670239,0.069193711
63.83738904,0.293727107,2.650447139,0.668799323,0.063923419
63.84202771,0.292353789,2.647130235,0.690432053,0.061170281
63.84666638,0.298170195,2.648101036,0.733697515,0.065732623
63.85130505,0.298089411,2.649557238,0.679615688,0.067935134
63.85594372,0.292353789,2.646402134,0.681418415,0.061878231
63.86058239,0.294050241,2.645512233,0.70395251,0.062035553
63.86522106,0.300108997,2.648990937,0.728289332,0.068328439
63.86985973,0.295019642,2.649314537,0.667897959,0.065024674
63.8744984,0.292273005,2.648586437,0.692234781,0.061878231
63.87913707,0.29663531,2.65174154,0.730993423,0.064474046
63.88377574,0.298816462,2.654411243,0.6967416,0.068879066
63.88841441,0.292434572,2.651175239,0.676911597,0.062822164
63.89305308,0.292273005,2.649557238,0.695840236,0.062035553
63.89769175,0.298493329,2.653521342,0.73730297,0.068013795
63.90233042,0.295019642,2.653844942,0.669700686,0.066676556
63.90696909,0.290980471,2.65166064,0.688629326,0.061484925
63.91160776,0.29380789,2.654653943,0.720177058,0.06329413
63.91624643,0.297927845,2.663714753,0.720177058,0.068957727
63.9208851,0.291788305,2.67042946,0.685925234,0.063451452
63.92552377,0.29025342,2.678357668,0.712966148,0.061248942
63.93016244,0.29639296,2.692919684,0.764343883,0.065889946
63.93480111,0.296069826,2.706915398,0.712966148,0.067541828
63.93943978,0.290657337,2.715409907,0.721979786,0.061563586
63.94407845,0.292111438,2.723338116,0.74451388,0.062507519
63.94871712,0.298493329,2.731751725,0.759837064,0.068800405
63.95335579,0.292515356,2.732318025,0.694037508,0.064946013
63.95799446,0.29025342,2.728192121,0.709360693,0.061720909
63.96263313,0.295261992,2.725441518,0.742711153,0.065339318
63.9672718,0.296796877,2.723580816,0.698544327,0.069193711
63.97191047,0.290414987,2.716461609,0.67781296,0.063058147
63.97654914,0.290414987,2.710070502,0.695840236,0.062114214
63.98118781,0.29687766,2.7082098,0.730993423,0.068249778
63.98582648,0.293080839,2.703679395,0.660687048,0.066676556
63.99046515,0.289122452,2.696883788,0.678714324,0.061720909
63.99510382,0.292757706,2.693081484,0.710262056,0.064080741
63.99974249,0.296716093,2.693566884,0.700347055,0.069665677
64.00438116,0.290657337,2.690492681,0.666996595,0.063766097
64.00901983,0.290334203,2.687984778,0.690432053,0.062192875
64.0136585,0.296716093,2.688631979,0.734598879,0.066991201
64.01829717,0.295504342,2.688065678,0.672404778,0.067856472
64.02293584,0.290980471,2.683373474,0.682319779,0.062114214
64.02757451,0.292757706,2.681027371,0.707557965,0.063058147
64.03221318,0.298816462,2.683130773,0.721979786,0.068957727
64.03685185,0.292919273,2.67997567,0.664292504,0.065024674
64.04149052,0.291465171,2.675849766,0.686826598,0.061878231
64.04612919,0.296312176,2.676254266,0.727387968,0.065417979
64.05076786,0.298089411,2.677063267,0.684122507,0.068879066
64.05540653,0.292192222,2.672047462,0.672404778,0.062507519
64.0600452,0.292676922,2.668083357,0.692234781,0.061720909
64.06468387,0.299624296,2.669296859,0.727387968,0.067935134
64.06932254,0.295100425,2.667517057,0.659785685,0.065968607
64.07396121,0.291384388,2.663633853,0.680517052,0.061720909
64.07859988,0.295342775,2.66112595,0.712966148,0.063923419
64.08323855,0.299866647,2.662015851,0.695840236,0.069036389
64.08787722,0.293646323,2.657970847,0.662489776,0.063058147
64.09251589,0.292838489,2.654168543,0.685023871,0.061484925
64.09715456,0.299381946,2.654006742,0.729190696,0.066991201
64.10179323,0.297685494,2.652955041,0.665193867,0.067305845
64.1064319,0.293484757,2.648424636,0.676911597,0.061720909
64.11107057,0.295746692,2.646806635,0.704853874,0.062428858
64.11570924,0.301643882,2.648101036,0.713867512,0.069036389
64.12034791,0.295423559,2.645674034,0.660687048,0.064316724
64.12498658,0.293888674,2.64276163,0.685925234,0.061327603
64.12962525,0.29946273,2.644217832,0.729190696,0.065339318
64.13426392,0.300836048,2.645916734,0.682319779,0.068328439
64.13890259,0.294373374,2.64211443,0.674207505,0.061878231
64.14354126,0.295423559,2.639444727,0.694938872,0.06179957
64.14817993,0.302209366,2.641790829,0.725585241,0.068092456
64.1528186,0.297281577,2.640739128,0.660687048,0.065260657
64.15745727,0.293969457,2.636694124,0.680517052,0.061248942
64.16209594,0.298008628,2.636127823,0.715670239,0.063923419
64.16673461,0.301320748,2.638312126,0.692234781,0.068957727
64.17137328,0.294696508,2.634509822,0.66339114,0.063058147
64.17601195,0.294696508,2.631516519,0.684122507,0.061484925
64.18065062,0.302209366,2.63305362,0.73009206,0.06691254
64.18528929,0.301239965,2.63281092,0.665193867,0.066676556
64.18992796,0.298250978,2.628604115,0.680517052,0.061484925
64.19456663,0.303421117,2.626500713,0.710262056,0.06258618
64.1992053,0.311176325,2.629089516,0.714768875,0.068721744
64.20384397,0.306894804,2.626581613,0.665193867,0.063608774
64.20848264,0.305602269,2.62302201,0.686826598,0.061327603
64.21312131,0.311257109,2.62310291,0.729190696,0.065732623
64.21775998,0.310853192,2.624316411,0.676911597,0.067935134
64.22239865,0.305036786,2.620595007,0.674207505,0.061956892
64.22703732,0.305763836,2.618977005,0.6967416,0.062271536
64.23167599,0.311903376,2.622051208,0.722881149,0.068249778
64.23631466,0.306652454,2.621080407,0.659785685,0.065024674
64.24095333,0.302936417,2.618815205,0.683221143,0.061248942
64.245592,0.307056371,2.619624206,0.720177058,0.064159402
64.25023067,0.309075956,2.622617509,0.693136145,0.068800405
64.25486934,0.302370933,2.620190507,0.669700686,0.062507519
64.25950801,0.301967016,2.618896105,0.690432053,0.061327603
64.26414668,0.308429689,2.622617509,0.732796151,0.067227184
64.26878535,0.305117569,2.624397311,0.666996595,0.066519234
64.27342402,0.300028214,2.62334561,0.685925234,0.061642248
64.27806269,0.303178767,2.626581613,0.718374331,0.062900825
64.28270136,0.307944989,2.633458121,0.719275694,0.069036389
64.28734003,0.301563099,2.635966023,0.676911597,0.063608774
64.2919787,0.300674481,2.638473926,0.700347055,0.061406264
64.29661737,0.306490887,2.644379632,0.745415244,0.065889946
64.30125604,0.30632932,2.65157974,0.692234781,0.068092456
64.30589471,0.301159181,2.654573043,0.695840236,0.062114214
64.31053338,0.303097983,2.666708056,0.732796151,0.062271536
64.31517205,0.310368491,2.68984548,0.771554794,0.068800405
64.31981072,0.308187339,2.716218908,0.728289332,0.065260657
64.32444939,0.307864205,2.74566654,0.762541156,0.061720909
64.32908806,0.312630427,2.768075863,0.801299798,0.065024674
64.33372673,0.315377063,2.779725476,0.757132973,0.06911505
64.3383654,0.308672039,2.777945674,0.722881149,0.062900825
64.34300407,0.307944989,2.772687168,0.729190696,0.062114214
64.34764274,0.314003745,2.770907366,0.760738428,0.068171117
64.35228141,0.310206924,2.766053361,0.685925234,0.066833878
64.35692008,0.305683053,2.757316152,0.699445691,0.062114214
64.36155875,0.308429689,2.751329546,0.724683877,0.06400208
64.36619742,0.312549644,2.749711544,0.713867512,0.069822999
64.37083609,0.305279136,2.741459735,0.67060205,0.063923419
64.37547476,0.303825034,2.734178727,0.689530689,0.061642248
64.38011343,0.30939909,2.730619124,0.731894787,0.066519234
64.3847521,0.307783422,2.726088719,0.672404778,0.06769915
64.38939077,0.302209366,2.715329007,0.675108869,0.062114214
64.39402944,0.303340334,2.7082098,0.697642964,0.062900825
64.39866811,0.308591256,2.706106398,0.714768875,0.069193711
64.40330678,0.302370933,2.699391691,0.654377502,0.064867352
64.40794545,0.299139596,2.691382582,0.676911597,0.061642248
64.41258412,0.303663467,2.687094877,0.715670239,0.065024674
64.41722279,0.305198352,2.684748775,0.678714324,0.068643083
64.42186146,0.297927845,2.677548667,0.665193867,0.06258618
64.42650013,0.297847061,2.672047462,0.685925234,0.061642248
64.4311388,0.304148168,2.671966561,0.724683877,0.067856472
64.43577747,0.299624296,2.669135058,0.657982957,0.066125929
64.44041614,0.295342775,2.663148452,0.678714324,0.061563586
64.44505481,0.298816462,2.660640549,0.710262056,0.063451452
64.44969348,0.3025325,2.66136865,0.698544327,0.069272372
64.45433215,0.295665909,2.656919145,0.662489776,0.06329413
64.45897082,0.294858075,2.652874141,0.685023871,0.061327603
64.46360949,0.300997615,2.653683142,0.73009206,0.06620459
64.46824816,0.299220379,2.653844942,0.668799323,0.067384506
64.47288683,0.29380789,2.649638138,0.676911597,0.061248942
64.4775255,0.295989043,2.648020136,0.702149782,0.062350197
64.48216417,0.302128582,2.650608939,0.715670239,0.068800405
64.48680284,0.296312176,2.648505537,0.661588412,0.064159402
64.49144151,0.293969457,2.649071837,0.690432053,0.06109162
64.49608018,0.299381946,2.655301144,0.735500242,0.064946013
64.50071885,0.300674481,2.662177651,0.694037508,0.068328439
64.50535752,0.294615724,2.66112595,0.683221143,0.062114214
64.50999619,0.295019642,2.659427048,0.701248419,0.06179957
64.51463486,0.301320748,2.66136865,0.733697515,0.067856472
64.51927353,0.29687766,2.660155149,0.66339114,0.065968607
64.5239122,0.292919273,2.655543844,0.683221143,0.061484925
64.52855087,0.296716093,2.654977543,0.715670239,0.063687435
64.53318954,0.300270564,2.656191045,0.6967416,0.068721744
64.53782821,0.293403973,2.65182244,0.664292504,0.063215469
64.54246688,0.292515356,2.648343736,0.686826598,0.061327603
64.54710555,0.298816462,2.649233637,0.731894787,0.066991201
64.55174422,0.296473743,2.649395437,0.666996595,0.067227184
64.55638289,0.291465171,2.645269533,0.678714324,0.061563586
64.56102156,0.294050241,2.643732431,0.704853874,0.062743503
64.56566023,0.29946273,2.646078534,0.712966148,0.068879066
64.5702989,0.293161623,2.643894232,0.658884321,0.063923419
64.57493757,0.291465171,2.640334628,0.682319779,0.061248942
64.57957624,0.296958444,2.640577328,0.723782513,0.065181996
64.58421491,0.297847061,2.64235713,0.67781296,0.068249778
64.58885358,0.291869088,2.640091928,0.673306141,0.062035553
64.59349225,0.293161623,2.640091928,0.6967416,0.062035553
64.59813092,0.299220379,2.645512233,0.73009206,0.068485761
64.60276959,0.294938858,2.648101036,0.666095231,0.065417979
64.60740826,0.291545955,2.649395437,0.690432053,0.061248942
64.61204693,0.295908259,2.656433745,0.730993423,0.064159402
64.6166856,0.299785863,2.668164257,0.712064784,0.069351033
64.62132427,0.29380789,2.673665463,0.685925234,0.063372791
64.62596294,0.293646323,2.681674572,0.709360693,0.062035553
64.63060161,0.301482315,2.695589386,0.756231609,0.067856472
64.63524028,0.299381946,2.705459197,0.691333417,0.067856472
64.63987895,0.294777291,2.709342401,0.704853874,0.061956892
64.64451762,0.297523928,2.713872806,0.730993423,0.063451452
64.64915629,0.303097983,2.720830213,0.733697515,0.069429694
64.65379496,0.296716093,2.723499916,0.685925234,0.064159402
64.65843363,0.295181208,2.72762582,0.71116342,0.061642248
64.6630723,0.301159181,2.737414731,0.758935701,0.065889946
64.66771097,0.301643882,2.74566654,0.707557965,0.068171117
64.67234964,0.295827476,2.746637341,0.705755238,0.062271536
64.67698831,0.297200794,2.747850842,0.725585241,0.062271536
64.68162698,0.303744251,2.752300347,0.750823427,0.068800405
64.68626565,0.298331762,2.751895846,0.684122507,0.065339318
64.69090432,0.295665909,2.747608142,0.704853874,0.06179957
64.69554299,0.29994743,2.747041841,0.739105697,0.065181996
64.70018166,0.302694066,2.747931742,0.709360693,0.069351033
64.70482033,0.296069826,2.743401337,0.685925234,0.06329413
64.709459,0.296069826,2.739194533,0.704853874,0.062035553
64.71409767,0.30325955,2.739194533,0.745415244,0.067856472
64.71873634,0.300108997,2.73692933,0.676911597,0.067384506
64.72337501,0.295423559,2.731670825,0.692234781,0.062350197
64.72801368,0.298170195,2.729567423,0.720177058,0.063687435
64.73265235,0.303825034,2.731428124,0.719275694,0.069744338
64.73729102,0.29712001,2.727949421,0.674207505,0.064474046
64.74192969,0.295423559,2.723257216,0.6967416,0.061956892
64.74656836,0.301482315,2.723257216,0.740908425,0.066519234
64.75120703,0.301482315,2.723338116,0.684122507,0.068249778
64.7558457,0.295908259,2.71791781,0.686826598,0.062507519
64.76048437,0.29687766,2.715571708,0.710262056,0.062743503
64.76512304,0.303340334,2.71743241,0.733697515,0.06911505
64.76976171,0.297523928,2.715490808,0.672404778,0.065417979
64.77440038,0.294696508,2.711607603,0.6967416,0.061406264
64.77903905,0.299543513,2.711526703,0.734598879,0.064631368
64.78367772,0.301482315,2.713225605,0.703051146,0.068800405
64.78831639,0.295019642,2.710070502,0.685023871,0.062664841
64.79295506,0.295181208,2.7087761,0.707557965,0.062350197
64.79759373,0.302209366,2.711607603,0.749020699,0.068879066
64.8022324,0.299139596,2.712578404,0.682319779,0.068092456
64.80687107,0.294615724,2.710232302,0.703051146,0.063923419
64.81150974,0.298250978,2.709989602,0.732796151,0.066991201
64.81614841,0.3030172,2.713387405,0.726486605,0.073205426
64.82078708,0.29687766,2.710879503,0.685023871,0.068564422
64.82542575,0.295746692,2.7082907,0.706656601,0.068013795
64.83006442,0.302047799,2.710394102,0.75172479,0.074778647
64.83470309,0.301078398,2.711203103,0.692234781,0.077767768
64.83934176,0.295827476,2.707158099,0.694037508,0.07281212
64.84398043,0.297604711,2.706025498,0.715670239,0.073992036
64.8486191,0.303825034,2.7084525,0.730993423,0.080599567
64.85325777,0.297523928,2.706349098,0.668799323,0.076273207
64.85789644,0.294938858,2.703032194,0.690432053,0.073048103
64.86253511,0.300108997,2.703922095,0.73009206,0.076351869
64.86717378,0.301724665,2.707238999,0.694037508,0.079891617
64.87181245,0.295585125,2.705863697,0.682319779,0.073126764
64.87645112,0.296150609,2.706915398,0.705755238,0.071868187
64.88108979,0.30325955,2.712982905,0.745415244,0.077689107
64.88572846,0.29946273,2.716299808,0.67781296,0.075486597
64.89036713,0.295261992,2.715733508,0.700347055,0.070373627
64.8950058,0.29946273,2.719050411,0.734598879,0.072182832
64.89964447,0.303986601,2.726250519,0.723782513,0.07721714
64.90428314,0.298089411,2.728434821,0.689530689,0.07131756
64.90892181,0.297927845,2.731347224,0.712966148,0.06911505
64.91356048,0.304552085,2.740488934,0.759837064,0.074070697
64.91819915,0.303501901,2.750925045,0.700347055,0.074464003
64.92283782,0.298654895,2.759338654,0.713867512,0.068485761
64.92747649,0.301724665,2.770745566,0.740908425,0.06911505
64.93211516,0.308591256,2.782799679,0.754428882,0.075093291
64.93675383,0.303178767,2.789595286,0.699445691,0.070216305
64.9413925,0.301482315,2.796390893,0.723782513,0.067227184
64.94603117,0.307298721,2.807231505,0.766146611,0.070845593
64.95066984,0.309075956,2.817505816,0.724683877,0.073756053
64.95530851,0.302936417,2.82179352,0.713867512,0.06769915
64.95994718,0.304148168,2.827294726,0.734598879,0.066991201
64.96458585,0.311499459,2.838216238,0.769752066,0.07281212
64.96922452,0.307702638,2.84986585,0.705755238,0.070294966
64.97386319,0.304390518,2.861191862,0.73009206,0.065653962
64.97850186,0.309075956,2.876158378,0.767047975,0.067777811
64.98314053,0.313438261,2.8965452,0.754428882,0.072890781
64.9877792,0.307783422,2.913291517,0.727387968,0.067069862
64.99241787,0.307944989,2.931736737,0.752626154,0.065103335
64.99705654,0.31529628,2.957948365,0.801299798,0.070373627
65.00169521,0.314650012,2.983836392,0.738204334,0.070216305
65.00633388,0.310530058,3.004951315,0.75172479,0.065024674
65.01097255,0.313922962,3.027846039,0.779667068,0.066047268
65.01561122,0.320224068,3.052035165,0.786877978,0.071868187
65.02024989,0.314650012,3.065383679,0.730993423,0.067384506
65.02488856,0.313195911,3.073554587,0.750823427,0.064238063
65.02952723,0.319739368,3.083100797,0.789582069,0.068249778
65.0341659,0.320708769,3.093051508,0.740007061,0.070766932
65.03880457,0.31505393,3.098067313,0.735500242,0.064552707
65.04344324,0.316508031,3.10421572,0.759837064,0.064474046
65.04808191,0.323859322,3.112710229,0.792286161,0.07060961
65.05272058,0.319658584,3.117806934,0.726486605,0.067541828
65.05735925,0.316750381,3.12330814,0.747217972,0.063530113
65.06199792,0.320789552,3.135362253,0.781469795,0.066440573
65.06663659,0.324344023,3.150490569,0.757132973,0.071002915
65.07127526,0.31836605,3.16076488,0.728289332,0.064788691
65.07591393,0.318285266,3.171362791,0.749922063,0.063451452
65.0805526,0.325474991,3.184145005,0.793187524,0.068957727
65.08519127,0.323374622,3.191749613,0.725585241,0.068643083
65.08982994,0.31885075,3.187381008,0.733697515,0.063608774
65.09446861,0.32216287,3.183255104,0.757132973,0.064867352
65.09910728,0.32806006,3.18875631,0.762541156,0.070766932
65.10374595,0.322566787,3.192073213,0.713867512,0.06549664
65.10838462,0.320870336,3.191992313,0.732796151,0.063058147
65.11302329,0.327090659,3.192477713,0.773357521,0.067227184
65.11766196,0.327413793,3.190536111,0.717472967,0.069744338
65.12230063,0.321516603,3.181313502,0.713867512,0.063530113
65.1269393,0.323051488,3.172252692,0.734598879,0.063687435
65.13157797,0.330564346,3.167803187,0.761639792,0.06990166
65.13621664,0.326363608,3.158904178,0.698544327,0.066676556
65.14085531,0.324020889,3.148306267,0.717472967,0.062822164
65.14549398,0.328625544,3.141267959,0.752626154,0.065575301
65.15013265,0.33137218,3.136090354,0.723782513,0.070058983
65.15477132,0.324263239,3.125896943,0.700347055,0.064238063
65.15940999,0.323859322,3.118211435,0.721979786,0.063058147
65.16404866,0.330725913,3.116108032,0.767949339,0.068721744
65.16868733,0.327090659,3.116108032,0.706656601,0.06769915
65.173326,0.322486004,3.114328231,0.729190696,0.062664841
65.17796467,0.32474794,3.121366538,0.773357521,0.064159402
65.18260334,0.329837295,3.146202864,0.798595707,0.069822999
65.18724201,0.323455405,3.175003295,0.785976614,0.064631368
65.19188068,0.321274253,3.208981331,0.831044803,0.062350197
65.19651935,0.327009876,3.243525668,0.880619811,0.066991201
65.20115802,0.325878908,3.265125991,0.816622983,0.068721744
65.20579669,0.320304852,3.270708096,0.806707981,0.06258618
65.21043536,0.321274253,3.269170995,0.81842571,0.063136808
65.21507403,0.327494576,3.267229393,0.831946167,0.069429694
65.2197127,0.321355036,3.257116882,0.759837064,0.06549664
65.22435137,0.3186084,3.241260465,0.767949339,0.062035553
65.22899004,0.322970705,3.226213049,0.792286161,0.065181996
65.23362871,0.32450559,3.211651034,0.749020699,0.068957727
65.23826738,0.317396649,3.193205814,0.722881149,0.06329413
65.24290605,0.316911948,3.175650496,0.739105697,0.062271536
65.24754472,0.323132271,3.165295285,0.776962976,0.068171117
65.25218339,0.3186084,3.155344574,0.709360693,0.06691254
65.25682206,0.314165312,3.146364665,0.735500242,0.062114214
65.26146073,0.316831165,3.145960164,0.778765704,0.063844758
65.2660994,0.321112686,3.144908463,0.772456157,0.069429694
65.27073807,0.313438261,3.13293525,0.721078422,0.063766097
65.27537674,0.31222651,3.115622632,0.730993423,0.061878231
65.28001541,0.317962133,3.101060617,0.767047975,0.066755217
65.28465408,0.316265681,3.0857705,0.701248419,0.067935134
65.28929275,0.310853192,3.065869079,0.701248419,0.062114214
65.29393142,0.31222651,3.04799016,0.721979786,0.062664841
65.29857009,0.317638999,3.034722546,0.735500242,0.068721744
65.30320876,0.311257109,3.018704329,0.675108869,0.064631368
65.30784743,0.308106555,3.001229911,0.694938872,0.061406264
65.3124861,0.312630427,2.987962297,0.732796151,0.064788691
65.31712477,0.313761395,2.976798085,0.694037508,0.0684071
65.32176344,0.307137154,2.961265268,0.678714324,0.062271536
65.32640211,0.307298721,2.948644855,0.701248419,0.061720909
65.33104078,0.313680611,2.941930148,0.742711153,0.068013795
65.33567945,0.309318307,2.935458141,0.681418415,0.066125929
65.34031812,0.305359919,2.926478231,0.70395251,0.061563586
65.34495679,0.309237523,2.921300626,0.740007061,0.063530113
65.34959546,0.313599828,2.920896125,0.733697515,0.068879066
65.35423413,0.306894804,2.917174721,0.701248419,0.06329413
65.3588728,0.306006187,2.913210617,0.727387968,0.061406264
65.36351147,0.311741809,2.911997116,0.77065343,0.066597895
65.36815014,0.310206924,2.910945415,0.707557965,0.067384506
65.37278881,0.304632868,2.909084713,0.716571603,0.061406264
65.37742748,0.306248537,2.909974614,0.740007061,0.062428858
65.38206615,0.31222651,2.915071319,0.756231609,0.06911505
65.38670482,0.305925403,2.916770221,0.702149782,0.064395385
65.39134349,0.303421117,2.914747719,0.721078422,0.061327603
65.39598216,0.308429689,2.913048817,0.756231609,0.06549664
65.40062083,0.308995173,2.909651014,0.707557965,0.068643083
65.4052595,0.302370933,2.899538503,0.693136145,0.062271536
65.40989817,0.303097983,2.889506892,0.709360693,0.061720909
65.41453684,0.30915674,2.882387685,0.740007061,0.068092456
65.41917551,0.304552085,2.871385273,0.669700686,0.065575301
65.42381418,0.299866647,2.85933116,0.688629326,0.061484925
65.42845285,0.30325955,2.851483852,0.721078422,0.063766097
65.43309152,0.306733237,2.846468047,0.703051146,0.069429694
65.43773019,0.299866647,2.836436436,0.671503414,0.063372791
65.44236886,0.298816462,2.827294726,0.690432053,0.061956892
65.44700753,0.305602269,2.823735122,0.735500242,0.067148523
65.4516462,0.3030172,2.818800217,0.671503414,0.067384506
65.45628487,0.297766278,2.810872009,0.684122507,0.061720909
65.46092354,0.30018978,2.805856203,0.71116342,0.062900825
65.46556221,0.305359919,2.804238202,0.721078422,0.068957727
65.47020088,0.299058813,2.798575196,0.669700686,0.064238063
65.47483955,0.296958444,2.791051488,0.692234781,0.061170281
65.47947822,0.302370933,2.786925583,0.732796151,0.065260657
65.48411689,0.302370933,2.783204179,0.684122507,0.068013795
65.48875556,0.296069826,2.773657969,0.675108869,0.062035553
65.49339423,0.297200794,2.765729761,0.695840236,0.06179957
65.4980329,0.303178767,2.762979158,0.725585241,0.068249778
65.50267157,0.297766278,2.757235252,0.660687048,0.065260657
65.50731024,0.294050241,2.750035144,0.683221143,0.061170281
65.51194891,0.297685494,2.74623284,0.717472967,0.064159402
65.51658758,0.300593697,2.744614838,0.693136145,0.068643083
65.52122625,0.29380789,2.737414731,0.666095231,0.062428858
65.52586492,0.29332319,2.731509025,0.686826598,0.061327603
65.53050359,0.299785863,2.729567423,0.729190696,0.066833878
65.53514226,0.297281577,2.725522418,0.662489776,0.066676556
65.53978093,0.292515356,2.71816051,0.676911597,0.061170281
65.5444196,0.295181208,2.713063805,0.704853874,0.062664841
65.54905827,0.300512914,2.711850304,0.707557965,0.0684071
65.55369694,0.293888674,2.705944597,0.658884321,0.063530113
65.55833561,0.292353789,2.699877091,0.682319779,0.060855637
65.56297428,0.297766278,2.698339989,0.725585241,0.065181996
65.56761295,0.298008628,2.697126488,0.674207505,0.06769915
65.57225162,0.292192222,2.690978082,0.672404778,0.061563586
65.57689029,0.293161623,2.686690377,0.6967416,0.061642248
65.58152896,0.299381946,2.687822978,0.723782513,0.067935134
65.58616763,0.294777291,2.685638676,0.661588412,0.064946013
65.5908063,0.291222821,2.681512772,0.685023871,0.061012959
65.59544497,0.295261992,2.681998172,0.721979786,0.063766097
65.60008364,0.298250978,2.684991475,0.694938872,0.068013795
65.60472231,0.291545955,2.683858874,0.674207505,0.062114214
65.60936098,0.291626738,2.684020674,0.6967416,0.061248942
65.61399965,0.298170195,2.68984548,0.742711153,0.06691254
65.61863832,0.295100425,2.694052285,0.675108869,0.066047268
65.62327699,0.290818904,2.692596083,0.690432053,0.06109162
65.62791566,0.29380789,2.692110683,0.718374331,0.062743503
65.63255433,0.298978029,2.695103986,0.715670239,0.068564422
65.637193,0.292596139,2.693243284,0.668799323,0.063136808
65.64183167,0.291384388,2.691382582,0.690432053,0.060855637
65.64647034,0.29712001,2.692919684,0.734598879,0.065732623
65.65110901,0.296716093,2.693971385,0.67781296,0.067227184
65.65574768,0.291061254,2.68968368,0.679615688,0.061484925
65.66038635,0.292515356,2.687742078,0.702149782,0.061720909
65.66502502,0.298735679,2.68911738,0.725585241,0.068249778
65.66966369,0.293403973,2.687256678,0.664292504,0.064710029
65.67430236,0.290657337,2.684020674,0.686826598,0.061248942
65.67894103,0.295019642,2.685072375,0.727387968,0.064552707
65.6835797,0.297604711,2.68968368,0.697642964,0.068485761
65.68821837,0.291303604,2.688955579,0.679615688,0.062114214
65.69285704,0.291384388,2.688874679,0.699445691,0.061563586
65.69749571,0.297847061,2.692353383,0.740007061,0.067148523
65.70213438,0.295019642,2.694375885,0.675108869,0.065968607
65.70677305,0.291142037,2.695103986,0.697642964,0.061170281
65.71141172,0.295181208,2.696721988,0.73009206,0.063372791
65.71605039,0.300108997,2.701656893,0.721078422,0.068485761
65.72068906,0.293403973,2.699472591,0.676010233,0.063058147
65.72532773,0.292515356,2.696883788,0.694938872,0.061170281
65.7299664,0.298816462,2.699553491,0.738204334,0.066125929
65.73460507,0.297927845,2.701899593,0.679615688,0.06769915
65.73924374,0.293000056,2.697935489,0.683221143,0.061563586
65.74388241,0.294292591,2.695589386,0.704853874,0.062192875
65.74852108,0.300512914,2.697369188,0.719275694,0.068485761
65.75315975,0.294938858,2.693728685,0.658884321,0.064631368
65.75779842,0.292273005,2.688631979,0.680517052,0.061012959
65.76243709,0.296958444,2.687094877,0.719275694,0.064631368
65.76707576,0.298816462,2.687822978,0.680517052,0.068171117
65.77171443,0.291949872,2.683535274,0.665193867,0.061878231
65.7763531,0.292111438,2.680622871,0.685925234,0.06109162
65.78099177,0.298816462,2.683697074,0.724683877,0.067384506
65.78563044,0.295019642,2.684101574,0.658884321,0.065811284
65.79026911,0.291384388,2.681593672,0.680517052,0.06109162
65.79490778,0.294615724,2.681836372,0.712064784,0.063530113
65.79954645,0.298978029,2.684101574,0.698544327,0.069036389
65.80418512,0.292434572,2.680865571,0.662489776,0.062900825
65.80882379,0.291788305,2.677791368,0.682319779,0.061327603
65.81346246,0.298008628,2.678681269,0.725585241,0.06620459
65.81810113,0.296958444,2.678438568,0.66339114,0.066991201
65.8227398,0.291707521,2.674798064,0.674207505,0.061484925
65.82737847,0.294131024,2.674798064,0.701248419,0.062507519
65.83201714,0.299624296,2.679085769,0.715670239,0.068643083
65.83665581,0.29356554,2.677710468,0.660687048,0.064159402
65.84129448,0.291626738,2.674393564,0.682319779,0.061170281
65.84593315,0.297200794,2.675607065,0.722881149,0.065339318
65.85057182,0.297927845,2.676901467,0.681418415,0.068013795
65.85521049,0.291384388,2.674798064,0.675108869,0.061720909
65.85984916,0.292515356,2.68029927,0.700347055,0.061563586
65.86448783,0.299058813,2.690492681,0.739105697,0.067777811
65.8691265,0.294211807,2.694780386,0.67060205,0.06549664
65.87376517,0.290980471,2.693243284,0.686826598,0.061406264
65.87840384,0.294615724,2.694052285,0.720177058,0.063530113
65.88304251,0.298574112,2.695670287,0.702149782,0.068485761
65.88768118,0.292353789,2.692919684,0.67060205,0.062664841
65.89231985,0.291061254,2.691058982,0.692234781,0.061170281
65.89695852,0.297847061,2.693647784,0.739105697,0.066361912
65.90159719,0.295908259,2.694537685,0.674207505,0.066676556
65.90623586,0.291222821,2.691625282,0.685925234,0.061406264
65.91087453,0.293646323,2.690169081,0.71116342,0.06258618
65.9155132,0.299058813,2.692434283,0.717472967,0.068800405
65.92015187,0.292919273,2.687984778,0.66339114,0.06400208
65.92479054,0.291142037,2.683373474,0.684122507,0.060855637
65.92942921,0.29639296,2.682645373,0.727387968,0.065103335
65.93406788,0.297039227,2.683616174,0.681418415,0.06769915
65.93870655,0.29073812,2.68029927,0.676911597,0.06179957
65.94334522,0.291788305,2.678843069,0.699445691,0.061720909
65.94798389,0.298493329,2.686528577,0.73730297,0.067935134
65.95262256,0.294211807,2.703760295,0.697642964,0.065181996
65.95726123,0.290899687,2.722043715,0.739105697,0.06109162
65.9618999,0.295019642,2.73620123,0.776061613,0.063687435
65.96653857,0.298412545,2.745019339,0.74451388,0.068564422
65.97117724,0.292273005,2.742754136,0.70395251,0.062428858
65.97581591,0.292111438,2.738790032,0.713867512,0.061170281
65.98045458,0.298897246,2.739275433,0.75172479,0.066755217
65.98509325,0.296150609,2.73709113,0.680517052,0.066597895
65.98973192,0.291869088,2.730942724,0.690432053,0.061327603
65.99437059,0.294454158,2.725926919,0.712966148,0.062900825
65.99900926,0.299785863,2.724228017,0.713867512,0.068721744
66.00364793,0.293484757,2.71775601,0.661588412,0.063372791
66.0082866,0.291545955,2.710636802,0.683221143,0.060855637
66.01292527,0.297847061,2.7084525,0.724683877,0.065103335
66.01756394,0.298170195,2.706672698,0.672404778,0.067463167
66.02220261,0.292192222,2.699877091,0.669700686,0.061484925
66.02684128,0.293242406,2.695184886,0.692234781,0.061642248
66.03147995,0.29970508,2.694780386,0.719275694,0.068171117
66.03611862,0.294454158,2.690573581,0.655278866,0.064788691
66.04075729,0.291384388,2.684101574,0.676911597,0.061012959
66.04539596,0.295665909,2.681917272,0.713867512,0.063766097
66.05003463,0.298331762,2.680946471,0.684122507,0.068171117
66.0546733,0.291788305,2.675768865,0.662489776,0.062114214
66.05931197,0.291626738,2.671157561,0.682319779,0.06109162
66.06395064,0.298331762,2.67083396,0.723782513,0.06691254
66.06858931,0.295181208,2.668164257,0.655278866,0.065968607
66.07322798,0.290576553,2.663229352,0.672404778,0.061012959
66.07786665,0.293484757,2.66136865,0.702149782,0.062271536
66.08250532,0.298331762,2.662096751,0.701248419,0.068249778
66.08714399,0.292353789,2.658456247,0.658884321,0.062900825
66.09178266,0.290657337,2.655139344,0.680517052,0.060698315
66.09642133,0.29663531,2.655948344,0.723782513,0.065575301
66.10106,0.296312176,2.656029245,0.667897959,0.067148523
66.10569867,0.290899687,2.652631441,0.671503414,0.061563586
66.11033734,0.291949872,2.652793241,0.695840236,0.061956892
66.11497601,0.298250978,2.656029245,0.718374331,0.068092456
66.11961468,0.292676922,2.653925842,0.65618023,0.064395385
66.12425335,0.290091853,2.650608939,0.67781296,0.060855637
66.12889202,0.294454158,2.65141794,0.717472967,0.064238063
66.13353069,0.29663531,2.654006742,0.685023871,0.068721744
66.13816936,0.29025342,2.65133704,0.668799323,0.062035553
66.14280803,0.290576553,2.649233637,0.689530689,0.061248942
66.1474467,0.297281577,2.65133704,0.728289332,0.067227184
66.15208537,0.29356554,2.65157974,0.657982957,0.065968607
66.15672404,0.289122452,2.648748237,0.676911597,0.061012959
66.16136271,0.292273005,2.649152737,0.707557965,0.062900825
66.16600138,0.296796877,2.65214604,0.700347055,0.068564422
66.17064005,0.290414987,2.650851639,0.660687048,0.062743503
66.17527872,0.289203235,2.649799938,0.682319779,0.061012959
66.17991739,0.295100425,2.652712341,0.727387968,0.065968607
66.18455606,0.294131024,2.656029245,0.668799323,0.067069862
66.18919473,0.288556968,2.655139344,0.675108869,0.061248942
66.1938334,0.290334203,2.657404546,0.700347055,0.06179957
66.19847207,0.295989043,2.663552952,0.720177058,0.068092456
66.20311074,0.29025342,2.666546256,0.664292504,0.064159402
66.20774941,0.288153051,2.67018676,0.689530689,0.061012959
66.21238808,0.293161623,2.678600368,0.732796151,0.064631368
66.21702675,0.295181208,2.688551079,0.697642964,0.068171117
66.22166542,0.288637751,2.694861286,0.687727962,0.06179957
66.22630409,0.289445586,2.701818693,0.710262056,0.061170281
66.23094276,0.296473743,2.712335704,0.749922063,0.067069862
66.23558143,0.292676922,2.719697612,0.682319779,0.065575301
66.2402201,0.289526369,2.723580816,0.701248419,0.060698315
66.24485877,0.292838489,2.731266324,0.734598879,0.062822164
66.24949744,0.297443144,2.742592336,0.724683877,0.068171117
66.25413611,0.291061254,2.749468844,0.693136145,0.062900825
66.25877478,0.29049577,2.758448753,0.720177058,0.060698315
66.26341345,0.297200794,2.77422427,0.772456157,0.065732623
66.26805212,0.296554527,2.791294188,0.721078422,0.06691254
66.27269079,0.292030655,2.808121406,0.743612516,0.060776976
66.27732946,0.294858075,2.827780127,0.778765704,0.06179957
66.28196813,0.300836048,2.848328748,0.791384797,0.068249778
66.2866068,0.295181208,2.85916936,0.733697515,0.064080741
66.29124547,0.29332319,2.865884067,0.757132973,0.060855637
66.29588414,0.299058813,2.876158378,0.80400389,0.064631368
66.30052281,0.300836048,2.885542788,0.767949339,0.067777811
66.30516148,0.294534941,2.888293391,0.76344252,0.061720909
66.30980015,0.295100425,2.88780799,0.771554794,0.061563586
66.31443882,0.301401532,2.886837189,0.788680705,0.067777811
66.31907749,0.296958444,2.880122482,0.707557965,0.065181996
66.32371616,0.29332319,2.86895827,0.717472967,0.061248942
66.32835483,0.297200794,2.860949162,0.742711153,0.063766097
66.3329935,0.300755264,2.854638955,0.716571603,0.068485761
66.33763217,0.293969457,2.842908443,0.67781296,0.06258618
66.34227084,0.292838489,2.831582431,0.692234781,0.061406264
66.34690951,0.299381946,2.824948624,0.732796151,0.066440573
66.35154818,0.297039227,2.816535015,0.665193867,0.066440573
66.35618685,0.291949872,2.803833701,0.675108869,0.061012959
66.36082552,0.294050241,2.793882991,0.700347055,0.061956892
66.36546419,0.299785863,2.788462685,0.706656601,0.068643083
66.37010286,0.293888674,2.779159175,0.654377502,0.063766097
66.37474153,0.292111438,2.768884864,0.676911597,0.060855637
66.3793802,0.29712001,2.763302758,0.719275694,0.064710029
66.38401887,0.297523928,2.759500454,0.671503414,0.067384506
66.38865754,0.291303604,2.750925045,0.666996595,0.061484925
66.39329621,0.292030655,2.745504739,0.690432053,0.061563586
66.39793488,0.298978029,2.746556441,0.725585241,0.06769915
66.40257355,0.294211807,2.745019339,0.662489776,0.064946013
66.40721222,0.291384388,2.741217035,0.686826598,0.060934298
66.41185089,0.296069826,2.739356333,0.721078422,0.063451452
66.41648956,0.299624296,2.738628232,0.694938872,0.068171117
66.42112823,0.29332319,2.731266324,0.66339114,0.062192875
66.4257669,0.292353789,2.723257216,0.681418415,0.06109162
66.43040557,0.299301163,2.719859412,0.724683877,0.066440573
66.43504424,0.29663531,2.715005407,0.657081593,0.066047268
66.43968291,0.292192222,2.707238999,0.67060205,0.061012959
66.44432158,0.294615724,2.702708594,0.698544327,0.062428858
66.44896025,0.29994743,2.700766992,0.701248419,0.068171117
66.45359892,0.29356554,2.694861286,0.652574774,0.063372791
66.45823759,0.292192222,2.687499378,0.674207505,0.060462331
66.46287626,0.298331762,2.685234175,0.719275694,0.065024674
66.46751493,0.298250978,2.683373474,0.668799323,0.067384506
66.4721536,0.292676922,2.677225067,0.666996595,0.061248942
66.47679227,0.29380789,2.672613762,0.690432053,0.061878231
66.48143094,0.300270564,2.672371062,0.717472967,0.067856472
66.48606961,0.295423559,2.669458659,0.654377502,0.064946013
66.49070828,0.292192222,2.664281053,0.678714324,0.061327603
66.49534695,0.29639296,2.665009154,0.719275694,0.064159402
66.49998562,0.299220379,2.668487858,0.694037508,0.0684071
66.50462429,0.292757706,2.666465356,0.675108869,0.062192875
66.50926296,0.292596139,2.665009154,0.694037508,0.061484925
66.51390163,0.298735679,2.666869856,0.733697515,0.067227184
66.5185403,0.295827476,2.665494555,0.664292504,0.066283251
66.52317897,0.291626738,2.66153045,0.680517052,0.061248942
66.52781764,0.294615724,2.66080235,0.710262056,0.062743503
66.53245631,0.299543513,2.664442853,0.708459329,0.068721744
66.53709498,0.29332319,2.662743952,0.66339114,0.063687435
66.54173365,0.292111438,2.660478749,0.686826598,0.061327603
66.54637232,0.298008628,2.663148452,0.731894787,0.065653962
66.55101099,0.297281577,2.665979955,0.678714324,0.067541828
66.55564966,0.292353789,2.665818155,0.685023871,0.061406264
66.56028833,0.294373374,2.67051036,0.712966148,0.061878231
66.564927,0.301078398,2.681917272,0.740908425,0.068249778
66.56956567,0.296069826,2.690573581,0.685023871,0.064631368
66.57420434,0.294131024,2.698178189,0.710262056,0.06109162
66.57884301,0.29970508,2.710475002,0.756231609,0.064080741
66.58348168,0.302855633,2.726088719,0.731894787,0.0684071
66.58812035,0.297443144,2.739437233,0.721979786,0.062192875
66.59275902,0.299381946,2.759419554,0.758935701,0.061327603
66.59739769,0.308268122,2.790485187,0.8112148,0.067384506
66.60203636,0.307460288,2.829155428,0.758935701,0.066047268
66.60667503,0.308995173,2.886189989,0.824735257,0.061248942
66.6113137,0.322970705,3.002686112,0.978868463,0.06329413
66.61595237,0.346397896,3.223705147,1.160042584,0.069272372
66.62059104,0.373217991,3.540590783,1.359243979,0.064316724
66.62522971,0.402623156,3.895499459,1.550333101,0.063372791
66.62986838,0.426615831,4.173876654,1.598105382,0.068721744
66.63450705,0.432189887,4.323865413,1.418733989,0.070530949
66.63914572,0.426696615,4.372405465,1.260995327,0.064946013
66.64378439,0.42564643,4.369493062,1.150127582,0.06549664
66.64842306,0.428069933,4.342876934,1.05908984,0.071789526
66.65306173,0.418699056,4.296521184,0.917575726,0.067856472
66.6577004,0.411994032,4.237383222,0.874310265,0.064159402
66.66233907,0.412478733,4.178164359,0.85898708,0.067541828
66.66697774,0.410136014,4.116842094,0.780568431,0.070924254
66.67161641,0.399311036,4.052202925,0.73730297,0.064710029
66.67625508,0.395433432,3.99096156,0.739105697,0.064238063
66.68089375,0.397856934,3.936677603,0.760738428,0.070216305
66.68553242,0.389455459,3.881827345,0.683221143,0.068092456
66.69017109,0.382023384,3.826248986,0.6967416,0.063451452
66.69480976,0.381861817,3.778437035,0.729190696,0.06549664
66.69944843,0.383719836,3.740009494,0.725585241,0.07060961
66.7040871,0.37483366,3.705141557,0.702149782,0.064788691
66.70872577,0.371279189,3.671244421,0.728289332,0.062743503
66.71336444,0.374752876,3.637913586,0.76344252,0.067935134
66.71800311,0.369663521,3.599728745,0.691333417,0.068643083
66.72264178,0.362231446,3.555314598,0.692234781,0.062979486
66.72728045,0.360777345,3.514783655,0.71116342,0.063844758
66.73191912,0.363847115,3.478378617,0.718374331,0.070216305
66.73655779,0.355122505,3.439627476,0.659785685,0.065889946
66.74119646,0.35003315,3.401038135,0.679615688,0.062743503
66.74583513,0.352941353,3.367707299,0.719275694,0.066361912
66.7504738,0.351487252,3.336965267,0.674207505,0.069744338
66.75511247,0.342843426,3.30201643,0.66339114,0.06329413
66.75975114,0.341227757,3.270222696,0.684122507,0.062979486
66.76438981,0.345751629,3.244820069,0.716571603,0.069351033
66.76902848,0.339692872,3.21715224,0.650772047,0.066833878
66.77366715,0.334361167,3.18899901,0.672404778,0.062664841
66.77830582,0.336380752,3.165457085,0.710262056,0.064788691
66.78294449,0.337915637,3.146121964,0.694037508,0.069980321
66.78758316,0.330079645,3.12298454,0.66339114,0.06400208
66.79222183,0.327979277,3.101384217,0.685023871,0.062271536
66.7968605,0.332826282,3.083586198,0.728289332,0.067856472
66.80149917,0.329514162,3.063765677,0.660687048,0.067856472
66.80613784,0.322970705,3.041032753,0.671503414,0.062350197
66.81077651,0.324020889,3.020888631,0.698544327,0.06329413
66.81541518,0.32830241,3.004870415,0.70395251,0.069351033
66.82005385,0.320627985,2.984483593,0.649870683,0.064631368
66.82469252,0.317719782,2.963611371,0.671503414,0.061720909
66.82933119,0.321758953,2.948402155,0.712966148,0.065811284
66.83396986,0.321274253,2.93464914,0.666095231,0.068879066
66.83860853,0.314165312,2.91563762,0.661588412,0.062271536
66.8432472,0.313922962,2.900104803,0.685023871,0.062035553
66.84788587,0.319416234,2.889992293,0.715670239,0.068328439
66.85252454,0.313519045,2.876077478,0.651673411,0.065732623
66.85716321,0.309318307,2.860382861,0.672404778,0.061642248
66.86180188,0.312388077,2.849137749,0.707557965,0.064395385
66.86644055,0.314246095,2.83999604,0.684122507,0.069429694
66.87107922,0.307056371,2.826162125,0.657081593,0.062822164
66.87571789,0.305683053,2.813541712,0.67781296,0.061406264
66.88035656,0.311580242,2.806179804,0.721078422,0.067305845
66.88499523,0.308187339,2.797280794,0.653476138,0.066755217
66.8896339,0.3025325,2.785145781,0.668799323,0.061484925
66.89427257,0.305117569,2.776489472,0.697642964,0.062979486
66.89891124,0.309318307,2.771635467,0.699445691,0.069036389
66.90354991,0.3030172,2.762008357,0.652574774,0.063608774
66.90818858,0.301078398,2.752138546,0.676010233,0.061327603
66.91282725,0.305602269,2.748336242,0.720177058,0.065575301
66.91746592,0.305683053,2.744048538,0.668799323,0.067777811
66.92210459,0.299543513,2.735634929,0.667897959,0.061642248
66.92674326,0.300108997,2.729162922,0.690432053,0.061720909
66.93138193,0.306652454,2.727787621,0.716571603,0.067856472
66.9360206,0.300836048,2.722286415,0.653476138,0.064710029
66.94065927,0.297604711,2.714600907,0.676911597,0.060934298
66.94529794,0.302047799,2.709908702,0.713867512,0.063844758
66.94993661,0.304552085,2.707400799,0.684122507,0.068328439
66.95457528,0.298250978,2.699715291,0.661588412,0.062192875
66.95921395,0.298574112,2.692757883,0.683221143,0.060934298
66.96385262,0.305763836,2.690492681,0.728289332,0.066755217
66.96849129,0.305359919,2.686124076,0.665193867,0.065968607
66.97312996,0.305198352,2.679409369,0.690432053,0.06109162
66.97776863,0.314246095,2.675202565,0.729190696,0.062822164
66.9824073,0.327736926,2.673503663,0.73730297,0.068485761
66.98704597,0.334845867,2.668083357,0.707557965,0.063215469
66.99168464,0.35665739,2.662743952,0.750823427,0.061012959
66.99632331,0.404077257,2.662582151,0.840959805,0.066519234
67.00096198,0.466765191,2.663552952,0.853578898,0.068328439
67.00560065,0.51636621,2.659912449,0.889633449,0.062743503
67.01023932,0.537612249,2.658941648,0.887830721,0.063372791
67.01487799,0.547710177,2.663391152,0.87070481,0.069980321
67.01951666,0.542540038,2.662663052,0.776061613,0.065968607
67.02415533,0.536562065,2.660236049,0.768850702,0.062428858
67.028794,0.535188747,2.66128775,0.782371159,0.065889946
67.03343267,0.52912999,2.663552952,0.729190696,0.069822999
67.03807134,0.514185058,2.659507948,0.6967416,0.063608774
67.04271001,0.506187499,2.657323646,0.707557965,0.06258618
67.04734868,0.504975748,2.659831549,0.740007061,0.068800405
67.05198735,0.493262152,2.659427048,0.666996595,0.067069862
67.05662602,0.481225423,2.654977543,0.680517052,0.061956892
67.06126469,0.476539984,2.652874141,0.708459329,0.064159402
67.06590336,0.473954915,2.654411243,0.697642964,0.069508355
67.07054203,0.460221734,2.650204438,0.655278866,0.064159402
67.0751807,0.452547309,2.645107733,0.676010233,0.062428858
67.07981937,0.451981825,2.644541432,0.718374331,0.067227184
67.08445804,0.44454975,2.643894232,0.658884321,0.0684071
67.08909671,0.433320855,2.638393026,0.664292504,0.062350197
67.09373538,0.429604818,2.635318823,0.688629326,0.062822164
67.09837405,0.430170302,2.634995222,0.704853874,0.069036389
67.10301272,0.419345324,2.631516519,0.647166592,0.065024674
67.10765139,0.412155599,2.626419813,0.67060205,0.061563586
67.11229006,0.412721083,2.626177113,0.71116342,0.065181996
67.11692873,0.410216797,2.627228814,0.672404778,0.068564422
67.1215674,0.401169054,2.622293909,0.66339114,0.062350197
67.12620607,0.400765137,2.619543306,0.685925234,0.062035553
67.13084474,0.407954862,2.620271407,0.725585241,0.068249778
67.13548341,0.402703939,2.618248904,0.658884321,0.066047268
67.14012208,0.396322049,2.6140421,0.67781296,0.061642248
67.14476075,0.396483616,2.6136376,0.709360693,0.063923419
67.14939942,0.39680675,2.615255601,0.694037508,0.068800405
67.15403809,0.386708822,2.612666799,0.657982957,0.063530113
67.15867676,0.382184951,2.609997096,0.678714324,0.061563586
67.16331543,0.385093154,2.611695997,0.722881149,0.066755217
67.1679541,0.380246149,2.612747699,0.660687048,0.067463167
67.17259277,0.371521539,2.609430795,0.67060205,0.061720909
67.17723144,0.370875272,2.608702694,0.695840236,0.062664841
67.18187011,0.373379558,2.611615097,0.708459329,0.068879066
67.18650878,0.364735732,2.610725196,0.653476138,0.064316724
67.19114745,0.360050294,2.609268995,0.67781296,0.061327603
67.19578612,0.362635363,2.612019598,0.719275694,0.065339318
67.20042479,0.360858128,2.616307302,0.676911597,0.068171117
67.20506346,0.352133519,2.615660102,0.667897959,0.062114214
67.20970213,0.350437067,2.616711803,0.690432053,0.06179957
67.2143408,0.354637805,2.622455709,0.724683877,0.068249778
67.21897947,0.348175131,2.624963612,0.659785685,0.065653962
67.22361814,0.342520292,2.624963612,0.682319779,0.061248942
67.22825681,0.344539877,2.628523215,0.716571603,0.063923419
67.23289548,0.346236329,2.635318823,0.700347055,0.068879066
67.23753415,0.337834854,2.639282927,0.672404778,0.062979486
67.24217282,0.335734485,2.643327931,0.695840236,0.061248942
67.24681149,0.340743057,2.65198424,0.741809789,0.06691254
67.25145016,0.337188586,2.659265248,0.676911597,0.066833878
67.25608883,0.330968263,2.66161135,0.690432053,0.061406264
67.2607275,0.332099231,2.666303555,0.718374331,0.062428858
67.26536617,0.336138402,2.676092466,0.726486605,0.068721744
67.27000484,0.329191028,2.682079072,0.676911597,0.063844758
67.27464351,0.326686742,2.688308379,0.703051146,0.06109162
67.27928218,0.331291397,2.701575993,0.750823427,0.065339318
67.28392085,0.331210613,2.71735151,0.707557965,0.067935134
67.28855952,0.32499029,2.729648323,0.709360693,0.062035553
67.29319819,0.325555774,2.747203641,0.735500242,0.061956892
67.29783686,0.331452964,2.772687168,0.772456157,0.067935134
67.30247553,0.327656143,2.795339192,0.714768875,0.065024674
67.3071142,0.32474794,2.813946212,0.742711153,0.06109162
67.31175287,0.329271811,2.835870135,0.78507525,0.063923419
67.31639154,0.333149415,2.860221061,0.765245247,0.068721744
67.32103021,0.326767525,2.87826178,0.73730297,0.062822164
67.32566888,0.326767525,2.8970306,0.758935701,0.061170281
67.33030755,0.333876466,2.920572525,0.805806617,0.066519234
67.33494622,0.331452964,2.942091948,0.739105697,0.066283251
67.33958489,0.327413793,2.956653963,0.756231609,0.061248942
67.34422356,0.330645129,2.973400281,0.785976614,0.062350197
67.34886223,0.336219185,2.995324204,0.794088888,0.068249778
67.3535009,0.330725913,3.01012892,0.750823427,0.063608774
67.35813957,0.329998862,3.020807731,0.773357521,0.061248942
67.36277824,0.336219185,3.034965246,0.816622983,0.065339318
67.36741691,0.335815268,3.046533959,0.761639792,0.067463167
67.37205558,0.329998862,3.04799016,0.757132973,0.061563586
67.37669425,0.33137218,3.050255363,0.785976614,0.061720909
67.38133292,0.33751172,3.059963373,0.827439348,0.068249778
67.38597159,0.332664715,3.070561284,0.799497071,0.064946013
67.39061026,0.335492135,3.108422524,1.035654382,0.061878231
67.39524893,0.349063749,3.175812296,1.343019431,0.065811284
67.3998876,0.355445639,3.221197244,1.370961709,0.071081577
67.40452627,0.349629233,3.227588351,1.218631229,0.065181996
67.40916494,0.348255915,3.220388243,1.105960757,0.064238063
67.41380361,0.353426054,3.21788034,1.048273475,0.070058983
67.41844228,0.348821399,3.218284841,0.912167544,0.069036389
67.42308095,0.34340891,3.221601744,0.889633449,0.063608774
67.42771962,0.345186145,3.225080448,0.881521175,0.065103335
67.43235829,0.348013565,3.220307343,0.835551622,0.070845593
67.43699696,0.339612089,3.200729522,0.752626154,0.06549664
67.44163563,0.336219185,3.177268497,0.747217972,0.062979486
67.4462743,0.340016006,3.155991775,0.771554794,0.067541828
67.45091297,0.337996421,3.133825151,0.701248419,0.069429694
67.45555164,0.331049046,3.107289923,0.694037508,0.063215469
67.46019031,0.330806696,3.084556999,0.709360693,0.063687435
67.46482898,0.335330568,3.06708258,0.724683877,0.070373627
67.46946765,0.328544761,3.046048558,0.660687048,0.066361912
67.47410632,0.324182456,3.023720134,0.680517052,0.062743503
67.47874499,0.327656143,3.005436715,0.716571603,0.065811284
67.48338366,0.32806006,2.989822999,0.680517052,0.069822999
67.48802233,0.320466419,2.969921577,0.661588412,0.063451452
67.492661,0.319577801,2.951314558,0.681418415,0.062822164
67.49729967,0.324667156,2.938289644,0.719275694,0.068721744
67.50193834,0.319739368,2.922271427,0.650772047,0.067069862
67.50657701,0.314811579,2.904068908,0.668799323,0.062192875
67.51121568,0.317315865,2.889506892,0.698544327,0.064316724
67.51585435,0.320224068,2.878989881,0.690432053,0.069822999
67.52049302,0.313195911,2.863214364,0.650772047,0.064159402
67.52513169,0.310045358,2.848490549,0.672404778,0.061956892
67.52977036,0.315700197,2.838458938,0.717472967,0.066833878
67.53440903,0.313680611,2.828670028,0.658884321,0.068249778
67.5390477,0.307702638,2.814108012,0.665193867,0.062271536
67.54368637,0.308348906,2.801892099,0.687727962,0.063058147
67.54832504,0.313922962,2.794611091,0.703051146,0.06911505
67.55296371,0.307541072,2.782718779,0.645363864,0.064946013
67.55760238,0.304390518,2.770745566,0.667897959,0.061484925
67.56224105,0.308995173,2.762979158,0.708459329,0.064867352
67.56687972,0.309883791,2.756507151,0.668799323,0.068643083
67.57151839,0.302936417,2.74582834,0.657081593,0.062507519
67.57615706,0.302613283,2.737657431,0.678714324,0.061878231
67.58079573,0.308752823,2.735230429,0.716571603,0.068171117
67.5854344,0.304228951,2.728758422,0.648969319,0.066125929
67.59007307,0.300108997,2.719050411,0.668799323,0.061563586
67.59471174,0.302936417,2.713144705,0.700347055,0.063687435
67.59935041,0.30608697,2.709018801,0.685023871,0.068879066
67.60398908,0.298897246,2.699877091,0.648067956,0.06329413
67.60862775,0.297281577,2.690897181,0.668799323,0.061642248
67.61326642,0.303340334,2.686609477,0.712064784,0.066833878
67.61790509,0.301320748,2.681189171,0.648067956,0.067305845
67.62254376,0.295908259,2.671966561,0.657982957,0.06179957
67.62718243,0.297281577,2.665737255,0.682319779,0.062743503
67.6318211,0.302694066,2.662501251,0.694938872,0.068564422
67.63645977,0.296312176,2.655543844,0.639955681,0.064238063
67.64109844,0.29380789,2.647696536,0.661588412,0.06109162
67.64573711,0.298897246,2.644298732,0.703051146,0.065181996
67.65037578,0.29994743,2.64187173,0.658884321,0.068249778
67.65501445,0.29356554,2.633943521,0.649870683,0.062035553
67.65965312,0.294373374,2.627795115,0.672404778,0.061642248
67.66429179,0.300916831,2.626905214,0.705755238,0.067935134
67.66893046,0.296231393,2.62310291,0.639054318,0.064946013
67.67356913,0.292434572,2.616630903,0.659785685,0.060855637
67.6782078,0.296150609,2.613071299,0.694037508,0.063608774
67.68284647,0.299381946,2.612666799,0.674207505,0.068643083
67.68748514,0.292596139,2.607408293,0.643561137,0.062428858
67.69212381,0.291949872,2.602473388,0.665193867,0.060855637
67.69676248,0.297847061,2.603605989,0.71116342,0.06620459
67.70140115,0.295746692,2.603363289,0.648969319,0.066361912
67.70603982,0.290576553,2.600046385,0.664292504,0.060855637
67.71067849,0.292757706,2.599075584,0.692234781,0.062271536
67.71531716,0.298493329,2.601826187,0.699445691,0.068328439
67.71995583,0.292192222,2.599237384,0.648067956,0.063372791
67.7245945,0.289768719,2.596001381,0.668799323,0.060698315
67.72923317,0.295019642,2.597619383,0.712064784,0.064946013
67.73387184,0.295100425,2.598428383,0.662489776,0.06769915
67.73851051,0.289122452,2.593978879,0.657081593,0.061484925
67.74314918,0.290172636,2.590742875,0.678714324,0.061484925
67.74778785,0.296473743,2.592118177,0.708459329,0.067541828
67.75242652,0.291788305,2.590742875,0.645363864,0.064788691
67.75706519,0.288476185,2.586374271,0.666095231,0.061012959
67.76170386,0.292434572,2.586536071,0.702149782,0.063451452
67.76634253,0.295504342,2.587911372,0.676010233,0.068013795
67.7709812,0.288556968,2.583947268,0.649870683,0.06179957
67.77561987,0.288153051,2.580953965,0.669700686,0.060540992
67.78025854,0.294858075,2.583380967,0.713867512,0.066519234
67.78489721,0.292111438,2.585241669,0.648969319,0.066125929
67.78953588,0.288314618,2.584594469,0.668799323,0.060934298
67.79417455,0.291949872,2.589529374,0.701248419,0.062350197
67.79881322,0.297685494,2.599641885,0.706656601,0.068249778
67.80345189,0.292515356,2.60425319,0.661588412,0.063058147
67.80809056,0.291465171,2.605466691,0.684122507,0.060855637
67.81272923,0.297927845,2.610644296,0.726486605,0.065260657
67.8173679,0.298008628,2.6142039,0.672404778,0.067384506
67.82200657,0.292596139,2.610967897,0.669700686,0.061484925
67.82664524,0.293403973,2.609107195,0.690432053,0.061484925
67.83128391,0.29946273,2.611776898,0.714768875,0.067856472
67.83592258,0.293888674,2.611372397,0.651673411,0.064474046
67.84056125,0.291142037,2.608136394,0.673306141,0.060698315
67.84519992,0.295585125,2.607974594,0.710262056,0.063844758
67.84983859,0.297927845,2.608945395,0.679615688,0.068171117
67.85447726,0.291465171,2.605790291,0.657982957,0.062035553
67.85911593,0.291384388,2.602554288,0.67781296,0.060934298
67.8637546,0.297847061,2.602877888,0.717472967,0.066676556
67.86839327,0.294454158,2.601259886,0.647166592,0.065811284
67.87303194,0.289687936,2.595920481,0.662489776,0.060776976
67.87767061,0.292434572,2.593169878,0.691333417,0.062350197
67.88230928,0.296473743,2.592846278,0.686826598,0.068328439
67.88694795,0.29001107,2.587749572,0.641758409,0.062979486
67.89158662,0.288476185,2.582491067,0.66339114,0.060698315
67.89622529,0.294131024,2.580792165,0.706656601,0.065575301
67.90086396,0.293161623,2.578688762,0.649870683,0.06691254
67.90550263,0.287022083,2.572054955,0.651673411,0.061327603
67.9101413,0.288718535,2.568171751,0.675108869,0.061720909
67.91477997,0.294454158,2.569304353,0.6967416,0.067777811
67.91941864,0.288880102,2.56647285,0.635448863,0.064395385
67.92405731,0.286052682,2.561376144,0.659785685,0.060540992
67.92869598,0.290818904,2.560567143,0.700347055,0.064080741
67.93333465,0.293000056,2.562346945,0.666095231,0.068092456
67.93797332,0.286375816,2.558301941,0.649870683,0.06179957
67.94261199,0.285729548,2.556360339,0.672404778,0.06109162
67.94725066,0.292515356,2.559191842,0.712966148,0.067069862
67.95188933,0.288880102,2.559110942,0.646265228,0.065417979
67.956528,0.284517797,2.555551338,0.666996595,0.060776976
67.96116667,0.287991484,2.55708844,0.706656601,0.062822164
67.96580534,0.292757706,2.564854848,0.716571603,0.0684071
67.97044401,0.286214249,2.56736275,0.692234781,0.062822164
67.97508268,0.285002498,2.568090851,0.71116342,0.060855637
67.97972135,0.291061254,2.570841454,0.746316608,0.065889946
67.98436002,0.290172636,2.570922354,0.67781296,0.067305845
67.98899869,0.284840931,2.56671555,0.676911597,0.061327603
67.99363736,0.286618166,2.564773948,0.695840236,0.06179957
67.99827603,0.292838489,2.56655375,0.707557965,0.068249778
68.0029147,0.287102866,2.563236846,0.646265228,0.064159402
68.00755337,0.284517797,2.559110942,0.666996595,0.060698315
68.01219204,0.289687936,2.558059241,0.705755238,0.064474046
68.01683071,0.291303604,2.559030042,0.665193867,0.067856472
68.02146938,0.284760147,2.554499637,0.651673411,0.061563586
68.02610805,0.285648765,2.551749034,0.672404778,0.06109162
68.03074672,0.292434572,2.553205235,0.709360693,0.067069862
68.03538539,0.288233834,2.551587234,0.641758409,0.065260657
68.04002406,0.28459858,2.547056829,0.660687048,0.060698315
68.04466273,0.288233834,2.546166928,0.693136145,0.063215469
68.0493014,0.292273005,2.546814129,0.67781296,0.068249778
68.05394007,0.286052682,2.543092725,0.642659773,0.062664841
68.05857874,0.285244848,2.540099422,0.66339114,0.060855637
68.06321741,0.291869088,2.541070223,0.707557965,0.065811284
68.06785608,0.290414987,2.540584822,0.6444625,0.066597895
68.07249475,0.285729548,2.535730817,0.654377502,0.06109162
68.07713342,0.288556968,2.533303814,0.680517052,0.061878231
68.08177209,0.294211807,2.535164516,0.691333417,0.068328439
68.08641076,0.288960885,2.532737514,0.63725159,0.063372791
68.09104943,0.288072268,2.530229611,0.661588412,0.060619654
68.0956881,0.293969457,2.530553211,0.703051146,0.064788691
68.10032677,0.295665909,2.532009413,0.659785685,0.067620489
68.10496544,0.29001107,2.528449809,0.651673411,0.061406264
68.10960411,0.291303604,2.526670007,0.672404778,0.06109162
68.11424278,0.297847061,2.530634112,0.705755238,0.067463167
68.11888145,0.293403973,2.530876812,0.640857045,0.065103335
68.12352012,0.29049577,2.528530709,0.662489776,0.060540992
68.12815879,0.294534941,2.52925881,0.6967416,0.063136808
68.13279746,0.298493329,2.532656614,0.676911597,0.068171117
68.13743613,0.292596139,2.52909701,0.645363864,0.062035553
68.1420748,0.292353789,2.527236308,0.666095231,0.061170281
68.14671347,0.29970508,2.52901611,0.710262056,0.066361912
68.15135214,0.298170195,2.52942061,0.646265228,0.066283251
68.15599081,0.293403973,2.526103707,0.658884321,0.061012959
68.16062948,0.295908259,2.525132906,0.686826598,0.062192875
68.16526815,0.301078398,2.528126209,0.694037508,0.0684071
68.16990682,0.295019642,2.526508207,0.643561137,0.063451452
68.17454549,0.293161623,2.524971106,0.666996595,0.060462331
68.17918416,0.298816462,2.527479008,0.71116342,0.064788691
68.18382283,0.299301163,2.531524012,0.662489776,0.068013795
68.1884615,0.292919273,2.52925881,0.659785685,0.061642248
68.19310017,0.294131024,2.528288009,0.680517052,0.061406264
68.19773884,0.300028214,2.532090313,0.707557965,0.068013795
68.20237751,0.294696508,2.530553211,0.641758409,0.06549664
68.20701618,0.291545955,2.526831807,0.662489776,0.06109162
68.21165485,0.295746692,2.526508207,0.698544327,0.063766097
68.21629352,0.298735679,2.52917791,0.672404778,0.068564422
68.22093219,0.291465171,2.526022807,0.645363864,0.06258618
68.22557086,0.291465171,2.523434004,0.666095231,0.061406264
68.23020953,0.298008628,2.525052006,0.710262056,0.067227184
68.2348482,0.294938858,2.524809305,0.643561137,0.066440573
68.23948687,0.289930286,2.520926101,0.658884321,0.061248942
68.24412554,0.292596139,2.520521601,0.686826598,0.062900825
68.24876421,0.297362361,2.522625003,0.687727962,0.068800405
68.25340288,0.291061254,2.519389,0.639955681,0.063687435
68.25804155,0.288880102,2.516395696,0.661588412,0.061012959
68.26268022,0.294696508,2.517204697,0.70395251,0.06549664
68.26731889,0.294615724,2.518013698,0.650772047,0.06769915
68.27195756,0.288880102,2.513806894,0.649870683,0.061563586
68.27659623,0.289849503,2.512997893,0.672404778,0.061878231
68.2812349,0.296231393,2.515424895,0.6967416,0.068171117
68.28587357,0.290657337,2.513564193,0.634547499,0.064946013
68.29051224,0.287506784,2.51024729,0.657081593,0.061012959
68.29515091,0.292111438,2.51000459,0.693136145,0.06400208
68.29978958,0.295019642,2.511703491,0.662489776,0.068564422
68.30442825,0.288233834,2.507334887,0.640857045,0.062114214
68.30906692,0.287991484,2.505150584,0.660687048,0.061406264
68.31370559,0.294454158,2.507496687,0.702149782,0.066755217
68.31834426,0.291303604,2.506768586,0.635448863,0.065968607
68.32298293,0.287102866,2.503694383,0.653476138,0.060934298
68.3276216,0.289930286,2.502885382,0.684122507,0.06258618
68.33226027,0.295019642,2.506283186,0.682319779,0.068328439
68.33689894,0.288799318,2.505393285,0.640857045,0.063136808
68.34153761,0.287506784,2.504179783,0.662489776,0.060934298
68.34617628,0.29356554,2.506525886,0.707557965,0.065653962
68.35081495,0.293080839,2.507820287,0.648969319,0.067463167
68.35545362,0.287345217,2.505231485,0.654377502,0.061563586
68.36009229,0.288880102,2.504826984,0.679615688,0.061720909
68.36473096,0.295261992,2.508224788,0.699445691,0.067935134
68.36936963,0.289768719,2.507577587,0.640857045,0.064080741
68.3740083,0.2869413,2.505231485,0.664292504,0.060855637
68.37864697,0.292111438,2.506930386,0.703051146,0.06400208
68.38328564,0.29380789,2.51000459,0.666095231,0.067935134
68.38792431,0.287749134,2.507739387,0.648969319,0.061642248
68.39256298,0.287991484,2.506606786,0.669700686,0.061327603
68.39720165,0.294696508,2.51032819,0.708459329,0.067541828
68.40184032,0.290980471,2.511056291,0.640857045,0.065889946
68.40647899,0.2869413,2.508548388,0.660687048,0.060934298
68.41111766,0.29049577,2.509438289,0.692234781,0.062979486
68.41575633,0.295100425,2.513564193,0.684122507,0.068564422
68.420395,0.288799318,2.513483293,0.645363864,0.062900825
68.42503367,0.288233834,2.513806894,0.668799323,0.060698315
68.42967234,0.294373374,2.518013698,0.712966148,0.066047268
68.43431101,0.293484757,2.523838504,0.657081593,0.067069862
68.43894968,0.288072268,2.528449809,0.673306141,0.06109162
68.44358835,0.290414987,2.536863418,0.703051146,0.06179957
68.44822702,0.296958444,2.54827033,0.721078422,0.068013795
68.45286569,0.291626738,2.551020933,0.660687048,0.063844758
68.45750436,0.288880102,2.550697333,0.680517052,0.060776976
68.46214303,0.294131024,2.552719835,0.718374331,0.064080741
68.4667817,0.295989043,2.554985037,0.674207505,0.067856472
68.47142037,0.29025342,2.552962535,0.66339114,0.061563586
68.47605904,0.290899687,2.553205235,0.686826598,0.06109162
68.48069771,0.297685494,2.559758142,0.728289332,0.067463167
68.48533638,0.293969457,2.564693048,0.664292504,0.06549664
68.48997505,0.291142037,2.56712005,0.685023871,0.060855637
68.49461372,0.295665909,2.572944856,0.719275694,0.063372791
68.49925239,0.29994743,2.582491067,0.702149782,0.068249778
68.50389106,0.293646323,2.583461868,0.66339114,0.062822164
68.50852973,0.292757706,2.582895567,0.681418415,0.061170281
68.5131684,0.299139596,2.584432669,0.721979786,0.06620459
68.51780707,0.297523928,2.585241669,0.657081593,0.066833878
68.52244574,0.292192222,2.581520265,0.665193867,0.061170281
68.52708441,0.293969457,2.580792165,0.690432053,0.062114214
68.53172308,0.29994743,2.583866368,0.701248419,0.068485761
68.53636175,0.294373374,2.582086566,0.647166592,0.063923419
68.54100042,0.292273005,2.580953965,0.671503414,0.060776976
68.54563909,0.297685494,2.584675369,0.715670239,0.064788691
68.55027776,0.298816462,2.591309176,0.674207505,0.068092456
68.55491643,0.293403973,2.595758681,0.674207505,0.06179957
68.5595551,0.295827476,2.604091389,0.705755238,0.061642248
68.56419377,0.303178767,2.616388202,0.741809789,0.067777811
68.56883244,0.298493329,2.62350741,0.673306141,0.064867352
68.57347111,0.295100425,2.626096213,0.692234781,0.060776976
68.57810978,0.299058813,2.629089516,0.721078422,0.063451452
68.58274845,0.302290149,2.631516519,0.694037508,0.068643083
68.58738712,0.295423559,2.627876015,0.660687048,0.062743503
68.59202579,0.294534941,2.624559111,0.67781296,0.061012959
68.59666446,0.300512914,2.625206312,0.719275694,0.066361912
68.60130313,0.297766278,2.624478211,0.653476138,0.066283251
68.6059418,0.293080839,2.620028706,0.665193867,0.061248942
68.61058047,0.295827476,2.616954503,0.692234781,0.062271536
68.61521914,0.300997615,2.618653405,0.698544327,0.068485761
68.61985781,0.294615724,2.615336501,0.647166592,0.063530113
68.62449648,0.292676922,2.611615097,0.669700686,0.060934298
68.62913515,0.298493329,2.612424098,0.713867512,0.065181996
68.63377382,0.298574112,2.6142039,0.666095231,0.067856472
68.63841249,0.292757706,2.611453297,0.664292504,0.061563586
68.64305116,0.293646323,2.612100498,0.688629326,0.061563586
68.64768983,0.299543513,2.617520804,0.721078422,0.067856472
68.6523285,0.294292591,2.618491605,0.659785685,0.065103335
68.65696717,0.290899687,2.616711803,0.681418415,0.06109162
68.66160584,0.295261992,2.618006204,0.717472967,0.063844758
68.66624451,0.298170195,2.622293909,0.692234781,0.068800405
68.67088318,0.291465171,2.620675907,0.666996595,0.062900825
68.67552185,0.291222821,2.619381506,0.688629326,0.061563586
68.68016052,0.297927845,2.62350741,0.731894787,0.066991201
68.68479919,0.294858075,2.626905214,0.669700686,0.066519234
68.68943786,0.290172636,2.634833422,0.710262056,0.061406264
68.69407653,0.292676922,2.654653943,0.766146611,0.062900825
68.6987152,0.297604711,2.678034068,0.77786434,0.068879066
68.70335387,0.291869088,2.691301682,0.724683877,0.063687435
68.70799254,0.290172636,2.69882539,0.739105697,0.061012959
68.71263121,0.295989043,2.709180601,0.776962976,0.06549664
68.71726988,0.296069826,2.715976208,0.714768875,0.067541828
68.72190855,0.290414987,2.713872806,0.704853874,0.061484925
68.72654722,0.291142037,2.709908702,0.715670239,0.062035553
68.73118589,0.29712001,2.707805299,0.727387968,0.068249778
68.73582456,0.291869088,2.700443392,0.657982957,0.065024674
68.74046323,0.288314618,2.690978082,0.674207505,0.061248942
68.7451019,0.292273005,2.684344275,0.709360693,0.064395385
68.74974057,0.294858075,2.679328469,0.675108869,0.068721744
68.75437924,0.288233834,2.67034856,0.652574774,0.062664841
68.75901791,0.287991484,2.662501251,0.671503414,0.061406264
68.76365658,0.294131024,2.659265248,0.712064784,0.067463167
68.76829525,0.290818904,2.654087642,0.643561137,0.066597895
68.77293392,0.285971899,2.645674034,0.660687048,0.061563586
68.77757259,0.289041669,2.640011028,0.690432053,0.063451452
68.78221126,0.293484757,2.637907625,0.685023871,0.069036389
68.78684993,0.287022083,2.630222117,0.641758409,0.063372791
68.7914886,0.285648765,2.622293909,0.66339114,0.061248942
68.79612727,0.291303604,2.619300606,0.708459329,0.065732623
68.80076594,0.29049577,2.616792703,0.650772047,0.067463167
68.80540461,0.284840931,2.611776898,0.65618023,0.061563586
68.81004328,0.286860516,2.609268995,0.684122507,0.062350197
68.81468195,0.293080839,2.611695997,0.708459329,0.068643083
68.81932062,0.287345217,2.609349895,0.648969319,0.064710029
68.82395929,0.285002498,2.60417229,0.669700686,0.061170281
68.82859796,0.289687936,2.603282389,0.707557965,0.064867352
68.83323663,0.291707521,2.603282389,0.67060205,0.0684071
68.8378753,0.285487198,2.597781183,0.654377502,0.062271536
68.84251397,0.285567982,2.594140679,0.675108869,0.061720909
68.84715264,0.292192222,2.595839581,0.716571603,0.067384506
68.85179131,0.288637751,2.59503058,0.651673411,0.066047268
68.85642998,0.284840931,2.592037277,0.672404778,0.061484925
68.86106865,0.288233834,2.592441777,0.703051146,0.063136808
68.86570732,0.292596139,2.595758681,0.694037508,0.068800405
68.87034599,0.286052682,2.593493478,0.655278866,0.063136808
68.87498466,0.285325631,2.591794576,0.676911597,0.061484925
68.87962333,0.291949872,2.59478788,0.721078422,0.066047268
68.884262,0.29049577,2.597781183,0.662489776,0.067227184
68.88890067,0.286133465,2.597376682,0.672404778,0.061406264
68.89353934,0.288960885,2.60481949,0.706656601,0.062350197
68.89817801,0.295908259,2.621404008,0.73730297,0.068249778
68.90281668,0.291869088,2.633943521,0.685925234,0.064395385
68.90745535,0.290091853,2.641709929,0.705755238,0.060855637
68.91209402,0.296150609,2.648990937,0.74451388,0.064710029
68.91673269,0.297523928,2.654815743,0.699445691,0.068171117
68.92137136,0.291142037,2.653116841,0.682319779,0.061878231
68.92601003,0.291545955,2.653035941,0.699445691,0.061720909
68.9306487,0.298008628,2.656595545,0.734598879,0.068013795
68.93528737,0.293646323,2.657161846,0.666095231,0.066125929
68.93992604,0.289607152,2.654573043,0.684122507,0.061327603
68.94456471,0.29356554,2.655543844,0.716571603,0.063923419
68.94920338,0.297523928,2.659669748,0.702149782,0.069193711
68.95384205,0.290899687,2.660074249,0.671503414,0.063451452
68.95848072,0.290657337,2.664038353,0.697642964,0.061720909
68.96311939,0.297200794,2.674878965,0.749020699,0.067148523
68.96775806,0.29639296,2.682645373,0.688629326,0.067777811
68.97239673,0.291707521,2.684586975,0.698544327,0.062035553
68.9770354,0.295019642,2.68911738,0.726486605,0.062822164
68.98167407,0.300997615,2.697288288,0.735500242,0.068879066
68.98631274,0.295585125,2.69931079,0.67781296,0.064316724
68.99095141,0.29380789,2.697854589,0.695840236,0.061327603
68.99559008,0.299301163,2.698016389,0.733697515,0.065653962
69.00022875,0.300270564,2.697692789,0.685023871,0.068485761
69.00486742,0.293888674,2.690897181,0.673306141,0.062428858
69.00950609,0.295019642,2.686204977,0.692234781,0.062114214
69.01414476,0.302209366,2.686690377,0.723782513,0.068249778
69.01878343,0.297523928,2.684101574,0.657982957,0.065653962
69.0234221,0.29380789,2.67997567,0.678714324,0.061406264
69.02806077,0.297847061,2.680622871,0.714768875,0.064080741
69.03269944,0.301401532,2.684829675,0.695840236,0.068957727
69.03733811,0.295100425,2.684182474,0.666996595,0.063058147
69.04197678,0.294615724,2.685962276,0.689530689,0.061406264
69.04661545,0.301563099,2.692029783,0.736401606,0.067069862
69.05125412,0.29946273,2.697045588,0.673306141,0.067069862
69.05589279,0.295181208,2.698420889,0.688629326,0.06179957
69.06053146,0.298089411,2.701980493,0.718374331,0.062900825
69.06517013,0.303421117,2.711607603,0.725585241,0.068957727
69.0698088,0.298008628,2.71759421,0.676911597,0.064159402
69.07444747,0.296069826,2.723014516,0.701248419,0.061878231
69.07908614,0.301724665,2.732803426,0.745415244,0.065732623
69.08372481,0.302290149,2.741783335,0.697642964,0.068092456
69.08836348,0.29639296,2.744210338,0.693136145,0.062114214
69.09300215,0.297604711,2.747769942,0.712966148,0.062271536
69.09764082,0.303825034,2.753918348,0.735500242,0.068328439
69.10227949,0.299381946,2.75585995,0.666996595,0.065417979
69.10691816,0.295908259,2.756345351,0.687727962,0.061642248
69.11155683,0.30018978,2.758529653,0.721979786,0.064474046
69.1161955,0.302855633,2.761442056,0.693136145,0.069429694
69.12083417,0.29639296,2.758367853,0.666996595,0.063136808
69.12547284,0.295746692,2.75594085,0.687727962,0.06179957
69.13011151,0.302370933,2.757073452,0.731894787,0.067305845
69.13475018,0.30018978,2.756507151,0.661588412,0.06691254
69.13938885,0.295181208,2.751005945,0.675108869,0.06179957
69.14402752,0.297685494,2.74582834,0.700347055,0.063372791
69.14866619,0.302290149,2.743644037,0.698544327,0.06911505
69.15330486,0.295746692,2.73620123,0.650772047,0.063923419
69.15794353,0.29380789,2.728596621,0.672404778,0.061484925
69.1625822,0.29970508,2.724308917,0.713867512,0.065653962
69.16722087,0.298978029,2.720021212,0.660687048,0.068013795
69.17185954,0.29332319,2.710555902,0.660687048,0.062035553
69.17649821,0.294373374,2.702708594,0.683221143,0.062114214
69.18113688,0.30018978,2.699877091,0.706656601,0.068643083
69.18577555,0.294454158,2.693081484,0.645363864,0.065103335
69.19041422,0.291465171,2.684748775,0.668799323,0.061484925
69.19505289,0.295504342,2.681108271,0.708459329,0.064788691
69.19969156,0.297523928,2.678681269,0.676911597,0.068800405
69.20433023,0.290818904,2.67067216,0.653476138,0.062743503
69.2089689,0.290899687,2.662663052,0.673306141,0.061956892
69.21360757,0.296716093,2.659750648,0.712064784,0.067935134
69.21824624,0.293242406,2.654411243,0.6444625,0.066597895
69.22288491,0.288395401,2.645674034,0.661588412,0.061563586
69.22752358,0.291707521,2.639768327,0.691333417,0.063451452
69.23216225,0.295827476,2.638554826,0.686826598,0.069429694
69.23680092,0.289041669,2.63321542,0.6444625,0.063766097
69.24143959,0.287991484,2.627067014,0.666996595,0.061484925
69.24607826,0.293727107,2.624720911,0.712064784,0.066519234
69.25071693,0.292596139,2.62366921,0.655278866,0.067935134
69.2553556,0.287102866,2.618896105,0.661588412,0.062114214
69.25999427,0.288556968,2.617278103,0.687727962,0.062743503
69.26463294,0.294696508,2.62302201,0.710262056,0.068879066
69.26927161,0.289122452,2.627390614,0.653476138,0.064946013
69.27391028,0.28718365,2.627552414,0.67781296,0.061484925
69.27854895,0.291949872,2.630383917,0.717472967,0.065024674
69.28318762,0.293646323,2.637017724,0.685023871,0.068800405
69.28782629,0.28718365,2.64251893,0.67781296,0.062271536
69.29246496,0.287829917,2.654653943,0.707557965,0.061956892
69.29710363,0.294131024,2.67026766,0.749020699,0.067935134
69.3017423,0.290576553,2.682159972,0.683221143,0.066125929
69.30638097,0.286779733,2.688955579,0.701248419,0.061484925
69.31101964,0.290172636,2.697207388,0.728289332,0.063530113
69.31565831,0.294696508,2.704650196,0.714768875,0.069036389
69.32029698,0.287910701,2.705944597,0.676911597,0.063451452
69.32493565,0.286779733,2.705863697,0.695840236,0.061248942
69.32957432,0.29356554,2.712416604,0.740908425,0.066361912
69.33421299,0.292030655,2.721477414,0.685023871,0.067777811
69.33885166,0.287345217,2.726169619,0.693136145,0.061878231
69.34349033,0.289122452,2.732560726,0.721078422,0.062664841
69.348129,0.295423559,2.745504739,0.74451388,0.069036389
69.35276767,0.289526369,2.752947547,0.691333417,0.064631368
69.35740634,0.287910701,2.754646449,0.712064784,0.061720909
69.36204501,0.293000056,2.758448753,0.75172479,0.065260657
69.36668368,0.294292591,2.762089257,0.708459329,0.068879066
69.37132235,0.288395401,2.756345351,0.691333417,0.062822164
69.37596102,0.288718535,2.749630644,0.705755238,0.062192875
69.38059969,0.295342775,2.74623284,0.736401606,0.068171117
69.38523836,0.291142037,2.738385532,0.665193867,0.066283251
69.38987703,0.287264433,2.72746402,0.680517052,0.061563586
69.3945157,0.290818904,2.720021212,0.709360693,0.064080741
69.39915437,0.294131024,2.715409907,0.692234781,0.069193711
69.40379304,0.287506784,2.705540097,0.65618023,0.063530113
69.40843171,0.286375816,2.695993887,0.676010233,0.061720909
69.41307038,0.292515356,2.692353383,0.720177058,0.066833878
69.41770905,0.291061254,2.688146579,0.658884321,0.067541828
69.42234772,0.286295032,2.683049873,0.672404778,0.062035553
69.42698639,0.288718535,2.68046107,0.700347055,0.063058147
69.43162506,0.294292591,2.681674572,0.710262056,0.069193711
69.43626373,0.288476185,2.676739666,0.655278866,0.064552707
69.4409024,0.286456599,2.67042946,0.676010233,0.061642248
69.44554107,0.291545955,2.668811458,0.715670239,0.065653962
69.45017974,0.292111438,2.667112556,0.67060205,0.068879066
69.45481841,0.286698949,2.659750648,0.660687048,0.062664841
69.45945708,0.2869413,2.654977543,0.682319779,0.062192875
69.46409575,0.29332319,2.653359542,0.713867512,0.068564422
69.46873442,0.288960885,2.647777436,0.646265228,0.066047268
69.47337309,0.285083281,2.639363827,0.666095231,0.061878231
69.47801176,0.289041669,2.634428922,0.699445691,0.064316724
69.48265043,0.292111438,2.632163719,0.676911597,0.06911505
69.4872891,0.285002498,2.625044512,0.647166592,0.06329413
69.49192777,0.284517797,2.618491605,0.667897959,0.061720909
69.49656644,0.290899687,2.617197203,0.712064784,0.067227184
69.50120511,0.288637751,2.6140421,0.648067956,0.067069862
69.50584378,0.283629179,2.607812793,0.661588412,0.061563586
69.51048245,0.286133465,2.60465769,0.689530689,0.062979486
69.51512112,0.291303604,2.60481949,0.695840236,0.069036389
69.51975979,0.285083281,2.600774486,0.645363864,0.064159402
69.52439846,0.283386829,2.59511148,0.668799323,0.061248942
69.52903713,0.289041669,2.593250778,0.71116342,0.065575301
69.5336758,0.289203235,2.592037277,0.659785685,0.068564422
69.53831447,0.283709963,2.587264172,0.657081593,0.062271536
69.54295314,0.284437014,2.583947268,0.680517052,0.062192875
69.54759181,0.291303604,2.586536071,0.709360693,0.068643083
69.55223048,0.285891115,2.58588887,0.646265228,0.065417979
69.55686915,0.283467613,2.582895567,0.669700686,0.061642248
69.56150782,0.287506784,2.583057367,0.706656601,0.064474046
69.56614649,0.29049577,2.58588887,0.678714324,0.069272372
69.57078516,0.283790746,2.582571967,0.653476138,0.062900825
69.57542383,0.283467613,2.579821364,0.673306141,0.06179957
69.5800625,0.289930286,2.583219167,0.717472967,0.067463167
69.58470117,0.287102866,2.584594469,0.649870683,0.06691254
69.58933984,0.282336645,2.582895567,0.666996595,0.061720909
69.59397851,0.285244848,2.583380967,0.695840236,0.063136808
69.59861718,0.29025342,2.58588887,0.695840236,0.06911505
69.60325585,0.28435623,2.583623668,0.648067956,0.064080741
69.60789452,0.282659778,2.581520265,0.669700686,0.061720909
69.61253319,0.288637751,2.582652867,0.712064784,0.065889946
69.61717186,0.288072268,2.583057367,0.65618023,0.068171117
69.62181053,0.282013511,2.577879762,0.65618023,0.062192875
69.6264492,0.283548396,2.574724658,0.678714324,0.062271536
69.63108787,0.289930286,2.575371859,0.702149782,0.068643083
69.63572654,0.284194663,2.571488655,0.638152954,0.064867352
69.64036521,0.281528811,2.56647285,0.660687048,0.06109162
69.64500388,0.286133465,2.564693048,0.698544327,0.064080741
69.64964255,0.288314618,2.564450347,0.666996595,0.068249778
69.65428122,0.282498212,2.559434542,0.646265228,0.062114214
69.65891989,0.281932728,2.556522139,0.667897959,0.061248942
69.66355856,0.288637751,2.55725024,0.709360693,0.06691254
69.66819723,0.285002498,2.555551338,0.641758409,0.066125929
69.6728359,0.280640193,2.550616433,0.659785685,0.061248942
69.67747457,0.283790746,2.548917531,0.690432053,0.062900825
69.68211324,0.288233834,2.550859133,0.685023871,0.068564422
69.68675191,0.282013511,2.546409628,0.642659773,0.063215469
69.69139058,0.280478626,2.542930925,0.664292504,0.06109162
69.69602925,0.2869413,2.542930925,0.708459329,0.065811284
69.70066792,0.285971899,2.542930925,0.650772047,0.067069862
69.70530659,0.28055941,2.53904772,0.655278866,0.061484925
69.70994526,0.282336645,2.536216217,0.67781296,0.061956892
69.71458393,0.288314618,2.537915119,0.698544327,0.068171117
69.7192226,0.282740562,2.535488117,0.639054318,0.064474046
69.72386127,0.280236276,2.531604913,0.661588412,0.060855637
69.72849994,0.285083281,2.531524012,0.700347055,0.064080741
69.73313861,0.286779733,2.533142014,0.664292504,0.067856472
69.73777728,0.280478626,2.52942061,0.648067956,0.062035553
69.74241595,0.281205677,2.526912708,0.668799323,0.061248942
69.74705462,0.28766835,2.52893521,0.707557965,0.067541828
69.75169329,0.283790746,2.528368909,0.639955681,0.065732623
69.75633196,0.280074709,2.524404805,0.657982957,0.060934298
69.76097063,0.283629179,2.523110404,0.689530689,0.063136808
69.7656093,0.28766835,2.525213806,0.679615688,0.068485761
69.77024797,0.280963327,2.522139603,0.639955681,0.063136808
69.77488664,0.279832359,2.518822699,0.661588412,0.06109162
69.77952531,0.285487198,2.520198,0.705755238,0.066125929
69.78416398,0.284679364,2.520521601,0.645363864,0.06691254
69.78880265,0.279266875,2.516557497,0.653476138,0.061170281
69.79344132,0.281124893,2.515667596,0.678714324,0.062114214
69.79807999,0.287426,2.5201171,0.695840236,0.068249778
69.80271866,0.281690377,2.520683401,0.639955681,0.064080741
69.80735733,0.279670792,2.518418199,0.66339114,0.060776976
69.811996,0.285164064,2.520602501,0.704853874,0.064552707
69.81663467,0.286375816,2.523353104,0.662489776,0.068171117
69.82127334,0.280478626,2.520440701,0.650772047,0.062035553
69.82591201,0.281367244,2.518499099,0.672404778,0.061484925
69.83055068,0.288072268,2.521249702,0.708459329,0.067541828
69.83518935,0.283548396,2.520521601,0.641758409,0.06549664
69.83982802,0.280074709,2.518337298,0.662489776,0.061012959
69.84446669,0.284033097,2.5196317,0.695840236,0.06329413
69.84910536,0.288153051,2.523757604,0.681418415,0.0684071
69.85374403,0.281367244,2.523676704,0.648969319,0.062664841
69.8583827,0.28055941,2.524081205,0.669700686,0.061012959
69.86302137,0.287022083,2.529906011,0.716571603,0.06620459
69.86766004,0.285567982,2.534436416,0.657081593,0.066597895
69.87229871,0.280882543,2.536054417,0.67060205,0.061484925
69.87693738,0.283790746,2.53872412,0.6967416,0.06258618
69.88157605,0.289445586,2.544791627,0.707557965,0.068721744
69.88621472,0.283467613,2.545762428,0.653476138,0.064159402
69.89085339,0.281690377,2.545277027,0.675108869,0.06109162
69.89549206,0.287506784,2.54810853,0.717472967,0.064788691
69.90013073,0.288556968,2.552719835,0.673306141,0.067856472
69.9047694,0.283386829,2.551668134,0.666095231,0.061720909
69.90940807,0.284760147,2.553286136,0.691333417,0.061563586
69.91404674,0.291384388,2.558463741,0.724683877,0.068013795
69.91868541,0.28718365,2.559596342,0.657982957,0.065575301
69.92332408,0.284275447,2.558221041,0.67781296,0.061327603
69.92796275,0.287829917,2.560081743,0.709360693,0.064316724
69.93260142,0.291384388,2.563075046,0.685925234,0.06911505
69.93724009,0.284921714,2.560324443,0.654377502,0.063215469
69.94187876,0.283709963,2.558949142,0.674207505,0.061563586
69.94651743,0.29001107,2.561457044,0.717472967,0.067069862
69.9511561,0.288233834,2.561457044,0.651673411,0.066991201
69.95579477,0.283144479,2.55757384,0.66339114,0.061642248
69.96043344,0.286052682,2.556360339,0.690432053,0.062507519
69.96507211,0.290576553,2.559191842,0.694037508,0.068643083
69.96971078,0.284437014,2.556764839,0.643561137,0.06400208
69.97434945,0.282578995,2.553205235,0.665193867,0.061406264
69.97898812,0.288153051,2.553447936,0.708459329,0.065575301
69.98362679,0.288637751,2.554823237,0.659785685,0.0684071
69.98826546,0.282982912,2.551263633,0.657081593,0.062192875
69.99290413,0.284033097,2.549726532,0.679615688,0.062192875
69.9975428,0.290091853,2.551829934,0.707557965,0.068643083
70.00218147,0.285406415,2.549483832,0.6444625,0.065732623
70.00682014,0.282013511,2.546005128,0.665193867,0.062192875
70.01145881,0.286375816,2.545762428,0.702149782,0.065024674
70.01609748,0.289284019,2.547461329,0.675108869,0.069822999
70.02073615,0.282821345,2.543497225,0.651673411,0.064159402
70.02537482,0.282740562,2.540665722,0.674207505,0.063215469
70.03001349,0.289930286,2.542930925,0.721979786,0.069665677
70.03465216,0.2869413,2.542607324,0.65618023,0.069508355
70.03929083,0.283063696,2.537672419,0.672404778,0.065339318
70.0439295,0.286052682,2.536620718,0.700347055,0.068013795
70.04856817,0.291707521,2.53896682,0.700347055,0.075407936
70.05320684,0.285244848,2.535488117,0.653476138,0.071396221
70.05784551,0.283790746,2.532575714,0.675108869,0.070373627
70.06248418,0.289607152,2.533465615,0.719275694,0.075958563
70.06712285,0.289849503,2.534517316,0.66339114,0.07863304
70.07176152,0.28411388,2.530472311,0.66339114,0.074070697
70.07640019,0.285487198,2.528368909,0.685925234,0.075407936
70.08103886,0.291384388,2.530391411,0.706656601,0.082487432
70.08567753,0.285729548,2.528530709,0.643561137,0.079262328
70.0903162,0.283225262,2.524647505,0.666095231,0.075643919
70.09495487,0.287587567,2.525375606,0.703051146,0.078869023
70.09959354,0.289930286,2.527802609,0.671503414,0.082959399
70.10423221,0.283467613,2.525213806,0.651673411,0.07643053
70.10887088,0.283306046,2.523595804,0.671503414,0.075250613
70.11350955,0.289768719,2.526265507,0.713867512,0.081228855
70.11814822,0.286295032,2.527559908,0.645363864,0.079576973
70.12278689,0.282175078,2.524566605,0.662489776,0.074228019
70.12742556,0.285083281,2.525537406,0.693136145,0.075643919
70.13206423,0.289445586,2.530229611,0.687727962,0.081150194
70.1367029,0.283225262,2.52966331,0.646265228,0.075565258
70.14134157,0.282336645,2.530229611,0.67060205,0.073048103
70.14598024,0.288395401,2.536135317,0.717472967,0.077374462
70.15061891,0.287829917,2.541879223,0.661588412,0.07863304
70.15525758,0.282094294,2.543820826,0.669700686,0.072182832
70.15989625,0.283790746,2.552153534,0.702149782,0.072261493
70.16453492,0.29025342,2.57601906,0.743612516,0.07863304
70.16917359,0.284840931,2.600936286,0.705755238,0.073992036
70.17381226,0.282659778,2.617520804,0.732796151,0.070452288
70.17845093,0.28766835,2.628280515,0.758935701,0.073834714
70.1830896,0.289284019,2.633943521,0.710262056,0.077295801
70.18772827,0.282740562,2.630788418,0.682319779,0.070766932
70.19236694,0.283306046,2.626500713,0.693136145,0.069980321
70.19700561,0.290172636,2.625772612,0.723782513,0.075801241
70.20164428,0.286456599,2.62302201,0.651673411,0.074149358
70.20628295,0.282740562,2.615821902,0.667897959,0.068879066
70.21092162,0.286295032,2.612747699,0.697642964,0.070766932
70.21556029,0.290334203,2.612909499,0.684122507,0.07572258
70.22019896,0.28411388,2.608298194,0.646265228,0.06990166
70.22483763,0.282902129,2.603605989,0.666996595,0.068013795
70.2294763,0.289526369,2.603444189,0.712064784,0.072497476
70.23411497,0.288233834,2.603767789,0.653476138,0.073598731
70.23875364,0.283386829,2.599237384,0.662489776,0.067620489
70.24339231,0.285325631,2.598266583,0.690432053,0.068092456
70.24803098,0.291869088,2.602635188,0.710262056,0.073992036
70.25266965,0.2869413,2.60498129,0.662489776,0.069429694
70.25730832,0.285406415,2.606761092,0.690432053,0.066125929
70.26194699,0.290899687,2.609592595,0.729190696,0.069822999
70.26658566,0.292192222,2.612828599,0.685925234,0.073126764
70.27122433,0.286052682,2.609916196,0.672404778,0.066676556
70.275863,0.286456599,2.607893693,0.692234781,0.06620459
70.28050167,0.293080839,2.611048797,0.727387968,0.072340154
70.28514034,0.289445586,2.611048797,0.660687048,0.069665677
70.28977901,0.285810332,2.608459994,0.679615688,0.065260657
70.29441768,0.289768719,2.607893693,0.712966148,0.067227184
70.29905635,0.29380789,2.612100498,0.697642964,0.072576137
70.30369502,0.287506784,2.611695997,0.665193867,0.066676556
70.30833369,0.287426,2.611129697,0.686826598,0.064710029
70.31297236,0.294615724,2.615255601,0.73009206,0.06990166
70.31761103,0.293969457,2.617763504,0.666095231,0.070373627
70.3222497,0.289849503,2.616550003,0.678714324,0.064631368
70.32688837,0.292919273,2.618168004,0.705755238,0.065653962
70.33152704,0.298735679,2.626419813,0.718374331,0.071553543
70.33616571,0.292192222,2.630222117,0.665193867,0.066991201
70.34080438,0.290414987,2.632406419,0.688629326,0.064080741
70.34544305,0.295100425,2.638635726,0.73009206,0.068171117
70.35008172,0.296069826,2.643247031,0.682319779,0.070845593
70.35472039,0.289768719,2.640172828,0.672404778,0.064631368
70.35935906,0.290414987,2.637017724,0.691333417,0.064316724
70.36399773,0.296554527,2.638473926,0.719275694,0.070688271
70.3686364,0.291626738,2.635480623,0.650772047,0.067856472
70.37327507,0.287991484,2.629008616,0.669700686,0.063766097
70.37791374,0.291869088,2.625934413,0.701248419,0.066283251
70.38255241,0.295181208,2.624559111,0.679615688,0.071160238
70.38719108,0.287910701,2.617925304,0.649870683,0.065181996
70.39182975,0.287345217,2.612504998,0.67060205,0.063372791
70.39646842,0.29380789,2.611129697,0.713867512,0.068957727
70.40110709,0.291222821,2.608217294,0.647166592,0.068800405
70.40574576,0.286375816,2.601745287,0.662489776,0.06329413
70.41038443,0.288880102,2.598104783,0.689530689,0.064474046
70.4150231,0.293727107,2.599480085,0.694938872,0.070452288
70.41966177,0.28766835,2.595758681,0.645363864,0.065339318
70.42430044,0.285891115,2.592199077,0.668799323,0.06258618
70.42893911,0.291869088,2.591956377,0.712064784,0.066991201
70.43357778,0.292111438,2.592360877,0.661588412,0.069272372
70.43821645,0.286375816,2.587830472,0.657982957,0.063530113
70.44285512,0.287345217,2.584918069,0.680517052,0.063687435
70.44749379,0.293646323,2.586940571,0.708459329,0.069822999
70.45213246,0.288476185,2.58532257,0.645363864,0.066440573
70.45677113,0.285406415,2.581762966,0.667897959,0.062428858
70.4614098,0.289364802,2.581762966,0.704853874,0.065417979
70.46604847,0.292192222,2.583947268,0.678714324,0.06990166
70.47068714,0.286052682,2.581358465,0.657081593,0.063766097
70.47532581,0.285648765,2.582086566,0.679615688,0.062664841
70.47996448,0.292434572,2.590014774,0.728289332,0.068171117
70.48460315,0.290091853,2.597376682,0.66339114,0.06769915
70.48924182,0.285810332,2.602230687,0.684122507,0.062428858
70.49388049,0.289687936,2.610725196,0.721078422,0.063844758
70.49851916,0.295342775,2.621970308,0.722881149,0.069822999
70.50315783,0.289041669,2.624316411,0.671503414,0.064316724
70.5077965,0.287426,2.62342651,0.688629326,0.061878231
70.51243517,0.29356554,2.624801811,0.729190696,0.066440573
70.51707384,0.293484757,2.626905214,0.672404778,0.068564422
70.52171251,0.28766835,2.624235511,0.672404778,0.062664841
70.52635118,0.289768719,2.62375011,0.694938872,0.062900825
70.53098985,0.295989043,2.627633314,0.717472967,0.069193711
70.53562852,0.291303604,2.628118715,0.657081593,0.06549664
70.54026719,0.288960885,2.628523215,0.682319779,0.062114214
70.54490586,0.294534941,2.635318823,0.723782513,0.064946013
70.54954453,0.297766278,2.648262836,0.697642964,0.069272372
70.5541832,0.292353789,2.66128775,0.686826598,0.063058147
70.55882187,0.293484757,2.678195868,0.713867512,0.062350197
70.56346054,0.301563099,2.703355795,0.762541156,0.067935134
70.56809921,0.299543513,2.730780924,0.704853874,0.066991201
70.57273788,0.295908259,2.753109347,0.727387968,0.062192875
70.57737655,0.299543513,2.772282668,0.758935701,0.063923419
70.58201522,0.304713652,2.784579481,0.747217972,0.069429694
70.58665389,0.298331762,2.785469382,0.694037508,0.063923419
70.59129256,0.297281577,2.782152478,0.707557965,0.061878231
70.59593123,0.3030172,2.780938977,0.74451388,0.067148523
70.6005699,0.3025325,2.777379373,0.681418415,0.068013795
70.60520857,0.296796877,2.769532065,0.681418415,0.062192875
70.60984724,0.298412545,2.762979158,0.702149782,0.062900825
70.61448591,0.304390518,2.759904955,0.718374331,0.069429694
70.61912458,0.299058813,2.752381247,0.657081593,0.065417979
70.62376325,0.295827476,2.744291238,0.67781296,0.061720909
70.62840192,0.300108997,2.740084434,0.716571603,0.065575301
70.63304059,0.302047799,2.737657431,0.681418415,0.069272372
70.63767926,0.295423559,2.729082022,0.666996595,0.063215469
70.64231793,0.295665909,2.722286415,0.686826598,0.062507519
70.6469566,0.301967016,2.720344813,0.722881149,0.068800405
70.65159527,0.297443144,2.715167207,0.653476138,0.066833878
70.65623394,0.293080839,2.707319899,0.672404778,0.062428858
70.66087261,0.29639296,2.702546794,0.70395251,0.064552707
70.66551128,0.300593697,2.701252392,0.693136145,0.070137644
70.67014995,0.293646323,2.695508486,0.65618023,0.064316724
70.67478862,0.292353789,2.690088181,0.679615688,0.062428858
70.67942729,0.298493329,2.68968368,0.724683877,0.06769915
70.68406596,0.297362361,2.687580278,0.66339114,0.068564422
70.68870463,0.291869088,2.68013747,0.671503414,0.062428858
70.6933433,0.293000056,2.675445265,0.695840236,0.063058147
70.69798197,0.299220379,2.674959865,0.709360693,0.069272372
70.70262064,0.293000056,2.669135058,0.653476138,0.064788691
70.70725931,0.29049577,2.661692251,0.674207505,0.061563586
70.71189798,0.295100425,2.658294447,0.712064784,0.065339318
70.71653665,0.296069826,2.655382044,0.669700686,0.068800405
70.72117532,0.289284019,2.647211135,0.657982957,0.06258618
70.72581399,0.289607152,2.640900928,0.678714324,0.062035553
70.73045266,0.296312176,2.638797526,0.713867512,0.068564422
70.73509133,0.291869088,2.634186221,0.647166592,0.066283251
70.73973,0.28766835,2.626419813,0.666996595,0.061563586
70.74436867,0.291061254,2.622455709,0.700347055,0.063766097
70.74900734,0.295019642,2.621889408,0.682319779,0.068879066
70.75364601,0.288718535,2.616630903,0.649870683,0.063136808
70.75828468,0.287426,2.611453297,0.669700686,0.061406264
70.76292335,0.293888674,2.610644296,0.713867512,0.066519234
70.76756202,0.291869088,2.608783594,0.651673411,0.067305845
70.77220069,0.286456599,2.603525089,0.66339114,0.061642248
70.77683936,0.288880102,2.601098086,0.689530689,0.062507519
70.78147803,0.294534941,2.602392488,0.699445691,0.068643083
70.7861167,0.288395401,2.598994684,0.645363864,0.064080741
70.79075537,0.2869413,2.594383379,0.667897959,0.06109162
70.79539404,0.291788305,2.594626079,0.71116342,0.065339318
70.80003271,0.293161623,2.595839581,0.666095231,0.068092456
70.80467138,0.28718365,2.591794576,0.660687048,0.062428858
70.80931005,0.288072268,2.590095675,0.682319779,0.062192875
70.81394872,0.294858075,2.592522677,0.713867512,0.068249778
70.81858739,0.29025342,2.592927178,0.648969319,0.06620459
70.82322606,0.286779733,2.590500175,0.67060205,0.061563586
70.82786473,0.291061254,2.590661975,0.706656601,0.063766097
70.8325034,0.294292591,2.593655278,0.685023871,0.068957727
70.83714207,0.287829917,2.591390076,0.655278866,0.062822164
70.84178074,0.287264433,2.589124874,0.675108869,0.061484925
70.84641941,0.294050241,2.590661975,0.719275694,0.066833878
70.85105808,0.291384388,2.591147376,0.654377502,0.066833878
70.85569675,0.286860516,2.587992272,0.668799323,0.061642248
70.86033542,0.289041669,2.587021471,0.695840236,0.062822164
70.86497409,0.294211807,2.589772074,0.700347055,0.068721744
70.86961276,0.287910701,2.587587772,0.648969319,0.063766097
70.87425143,0.286456599,2.583866368,0.669700686,0.061327603
70.8788901,0.291788305,2.583219167,0.712064784,0.065260657
70.88352877,0.291788305,2.583219167,0.659785685,0.067777811
70.88816744,0.286133465,2.578607862,0.655278866,0.061484925
70.89280611,0.287102866,2.575210059,0.676911597,0.061563586
70.89744478,0.293646323,2.57650446,0.705755238,0.068013795
70.90208345,0.288476185,2.574320158,0.641758409,0.064710029
70.90672212,0.284921714,2.570275154,0.665193867,0.060855637
70.91136079,0.289284019,2.569789753,0.702149782,0.063844758
70.91599946,0.292030655,2.571084154,0.675108869,0.068485761
70.92063813,0.285648765,2.567767251,0.649870683,0.062350197
70.9252768,0.285567982,2.565259348,0.669700686,0.061248942
70.92991547,0.292273005,2.566068349,0.712064784,0.066755217
70.93455414,0.289364802,2.565582949,0.6444625,0.066047268
70.93919281,0.284679364,2.561052544,0.660687048,0.061170281
70.94383148,0.28718365,2.559434542,0.688629326,0.062822164
70.94847015,0.292596139,2.561537944,0.687727962,0.068721744
70.95310882,0.286052682,2.558706441,0.641758409,0.063530113
70.95774749,0.284840931,2.556360339,0.66339114,0.061012959
70.96238616,0.29073812,2.55733114,0.708459329,0.065732623
70.96702483,0.29025342,2.558059241,0.653476138,0.067856472
70.9716635,0.284679364,2.553609736,0.653476138,0.061642248
70.97630217,0.286375816,2.551506334,0.676010233,0.062035553
70.98094084,0.292919273,2.554337837,0.699445691,0.0684071
70.98557951,0.287749134,2.553771536,0.639054318,0.064946013
70.99021818,0.284437014,2.552234434,0.662489776,0.061406264
70.99485685,0.289364802,2.554014236,0.701248419,0.064238063
70.99949552,0.291788305,2.558382841,0.67060205,0.068485761
71.00413419,0.285406415,2.55765474,0.651673411,0.062271536
71.00877286,0.285729548,2.558221041,0.674207505,0.061406264
71.01341153,0.292757706,2.564531247,0.719275694,0.067305845
71.0180502,0.289687936,2.569142552,0.655278866,0.066047268
71.02268887,0.285648765,2.569466153,0.673306141,0.061406264
71.02732754,0.288960885,2.572540356,0.703051146,0.063058147
71.03196621,0.294292591,2.580711265,0.700347055,0.068721744
71.03660488,0.288637751,2.583623668,0.660687048,0.063215469
71.04124355,0.287991484,2.58564617,0.683221143,0.061012959
71.04588222,0.294777291,2.591956377,0.726486605,0.065811284
71.05052089,0.294131024,2.597457582,0.668799323,0.067463167
71.05515956,0.288395401,2.598104783,0.672404778,0.061563586
71.05979823,0.290091853,2.599156484,0.694037508,0.062271536
71.0644369,0.296231393,2.603929589,0.710262056,0.068879066
71.06907557,0.290818904,2.60425319,0.650772047,0.064710029
71.07371424,0.288153051,2.602635188,0.673306141,0.061170281
71.07835291,0.293161623,2.605871191,0.712064784,0.064552707
71.08299158,0.295019642,2.610239796,0.676010233,0.068249778
71.08763025,0.288718535,2.609188095,0.660687048,0.062428858
71.09226892,0.289041669,2.609511695,0.681418415,0.061563586
71.09690759,0.295746692,2.614123,0.721078422,0.067541828
71.10154626,0.291869088,2.615174701,0.654377502,0.065968607
71.10618493,0.287991484,2.614932001,0.676010233,0.061012959
71.1108236,0.291384388,2.618006204,0.710262056,0.063136808
71.11546227,0.295746692,2.625206312,0.702149782,0.068879066
71.12010094,0.289284019,2.627956915,0.669700686,0.062900825
71.12473961,0.288314618,2.630383917,0.694938872,0.06109162
71.12937828,0.294292591,2.635076122,0.740007061,0.065889946
71.13401695,0.293000056,2.637422225,0.675108869,0.066991201
71.13865562,0.287910701,2.63256822,0.679615688,0.061012959
71.14329429,0.29001107,2.630222117,0.699445691,0.06179957
71.14793296,0.296069826,2.631516519,0.71116342,0.068171117
71.15257163,0.29025342,2.628523215,0.652574774,0.063766097
71.1572103,0.288072268,2.62318381,0.673306141,0.060776976
71.16184897,0.293242406,2.622779309,0.712966148,0.064474046
71.16648764,0.295100425,2.624316411,0.671503414,0.067777811
71.17112631,0.289930286,2.619219705,0.661588412,0.061642248
71.17576498,0.291061254,2.616388202,0.682319779,0.061327603
71.18040365,0.298089411,2.617844404,0.717472967,0.067620489
71.18504232,0.294777291,2.616064602,0.651673411,0.06549664
71.18968099,0.291303604,2.612747699,0.673306141,0.061170281
71.19431966,0.295261992,2.612909499,0.705755238,0.063687435
71.19895833,0.29946273,2.616469103,0.690432053,0.068957727
71.203597,0.293242406,2.615174701,0.658884321,0.062664841
71.20823567,0.292757706,2.615660102,0.679615688,0.061248942
71.21287434,0.29970508,2.620756807,0.727387968,0.06620459
71.21751301,0.298170195,2.625610812,0.666095231,0.066755217
71.22215168,0.293242406,2.627471514,0.680517052,0.061248942
71.22679035,0.295908259,2.63273002,0.707557965,0.062350197
71.23142902,0.301401532,2.641629029,0.718374331,0.068328439
71.23606769,0.295181208,2.645997634,0.665193867,0.063608774
71.24070636,0.293403973,2.650123538,0.689530689,0.061012959
71.24534503,0.298574112,2.66144955,0.738204334,0.064788691
71.2499837,0.300108997,2.685638676,0.712966148,0.06769915
71.25462237,0.296069826,2.717108809,0.727387968,0.061642248
71.25926104,0.298008628,2.756749851,0.772456157,0.061327603
71.26389971,0.306167753,2.800597698,0.815721619,0.067856472
71.26853838,0.302451716,2.832957732,0.748119335,0.064788691
71.27317705,0.299058813,2.847277047,0.75172479,0.060855637
71.27781572,0.303097983,2.851645652,0.768850702,0.063530113
71.28245439,0.30584462,2.851483852,0.730993423,0.068328439
71.28709306,0.298493329,2.842746643,0.690432053,0.062271536
71.29173173,0.297847061,2.833443133,0.702149782,0.060855637
71.2963704,0.303905818,2.827618327,0.740908425,0.066676556
71.30100907,0.301159181,2.820660919,0.669700686,0.066676556
71.30564774,0.296312176,2.809739408,0.680517052,0.061406264
71.31028641,0.298816462,2.8026202,0.705755238,0.062428858
71.31492508,0.303986601,2.798575196,0.707557965,0.068485761
71.31956375,0.297200794,2.789433486,0.65618023,0.063530113
71.32420242,0.295181208,2.779240075,0.67781296,0.060855637
71.32884109,0.300270564,2.773738869,0.719275694,0.065181996
71.33347976,0.300351347,2.767266862,0.666996595,0.067463167
71.33811843,0.294454158,2.75545545,0.66339114,0.061563586
71.3427571,0.295342775,2.746718241,0.684122507,0.061642248
71.34739577,0.301401532,2.742511436,0.709360693,0.067777811
71.35203444,0.295989043,2.734259627,0.645363864,0.064788691
71.35667311,0.293161623,2.724632517,0.667897959,0.060855637
71.36131178,0.297847061,2.719616712,0.704853874,0.064080741
71.36595045,0.300755264,2.715895308,0.676911597,0.068328439
71.37058912,0.294615724,2.707158099,0.653476138,0.062192875
71.37522779,0.295665909,2.699877091,0.676010233,0.061484925
71.37986646,0.303421117,2.698178189,0.720177058,0.06691254
71.38450513,0.302613283,2.694537685,0.654377502,0.066047268
71.3891438,0.29994743,2.687822978,0.673306141,0.061012959
71.39378247,0.303986601,2.683939774,0.703051146,0.062900825
71.39842114,0.309964574,2.683858874,0.705755238,0.068328439
71.40305981,0.304390518,2.67989477,0.660687048,0.062979486
71.40769848,0.303501901,2.675768865,0.682319779,0.060855637
71.41233715,0.310045358,2.676092466,0.725585241,0.065417979
71.41697582,0.309237523,2.676901467,0.673306141,0.067463167
71.42161449,0.303744251,2.673180063,0.676010233,0.061642248
71.42625316,0.305036786,2.67091486,0.697642964,0.062035553
71.43089183,0.310691625,2.673422763,0.719275694,0.068800405
71.4355305,0.305763836,2.671885661,0.658884321,0.064946013
71.44016917,0.3030172,2.668002457,0.681418415,0.060934298
71.44480784,0.307621855,2.668487858,0.720177058,0.064080741
71.44944651,0.310691625,2.669539559,0.688629326,0.068171117
71.45408518,0.305117569,2.663957453,0.67060205,0.062271536
71.45872385,0.30584462,2.659993349,0.689530689,0.061170281
71.46336252,0.312388077,2.660640549,0.728289332,0.067305845
71.46800119,0.309237523,2.658051747,0.657982957,0.066519234
71.47263986,0.305279136,2.65190334,0.674207505,0.061327603
71.47727853,0.308187339,2.648748237,0.703051146,0.063136808
71.4819172,0.312872777,2.648829137,0.6967416,0.068643083
71.48655587,0.30584462,2.644622332,0.653476138,0.06329413
71.49119454,0.304390518,2.640253728,0.676010233,0.060934298
71.49583321,0.310368491,2.641548129,0.720177058,0.065811284
71.50047188,0.30915674,2.64235713,0.662489776,0.067541828
71.50511055,0.303744251,2.639363827,0.666996595,0.061642248
71.50974922,0.305359919,2.638473926,0.691333417,0.062114214
71.51438789,0.311257109,2.64268073,0.71116342,0.0684071
71.51902656,0.305359919,2.64227623,0.652574774,0.064552707
71.52366523,0.302451716,2.641629029,0.676911597,0.06109162
71.5283039,0.307217938,2.643408831,0.716571603,0.064552707
71.53294257,0.30891439,2.646563934,0.678714324,0.0684071
71.53758124,0.302209366,2.644379632,0.66339114,0.062192875
71.54221991,0.302451716,2.643408831,0.685023871,0.061248942
71.54685858,0.309318307,2.650123538,0.725585241,0.067227184
71.55149725,0.304713652,2.653521342,0.658884321,0.065732623
71.55613592,0.300836048,2.654330343,0.678714324,0.06109162
71.56077459,0.304067384,2.658051747,0.712064784,0.063136808
71.56541326,0.308106555,2.663957453,0.700347055,0.068249778
71.57005193,0.301482315,2.664604654,0.66339114,0.062822164
71.5746906,0.300432131,2.665575455,0.683221143,0.06109162
71.57932927,0.306410104,2.669701359,0.726486605,0.066125929
71.58396794,0.304794435,2.673099163,0.664292504,0.067069862
71.58860661,0.299220379,2.672694662,0.671503414,0.061248942
71.59324528,0.301320748,2.674312664,0.695840236,0.061956892
71.59788395,0.307137154,2.678114968,0.710262056,0.0684071
71.60252262,0.300593697,2.676739666,0.654377502,0.064238063
71.60716129,0.298493329,2.673908163,0.675108869,0.061406264
71.61179996,0.303905818,2.674069964,0.714768875,0.064946013
71.61643863,0.304552085,2.673746363,0.672404778,0.068013795
71.6210773,0.298250978,2.668002457,0.659785685,0.061720909
71.62571597,0.298816462,2.663391152,0.678714324,0.061406264
71.63035464,0.304794435,2.663957453,0.712064784,0.067856472
71.63499331,0.300270564,2.66144955,0.645363864,0.065181996
71.63963198,0.296231393,2.654734843,0.666996595,0.060934298
71.64427065,0.299624296,2.652874141,0.701248419,0.063372791
71.64890932,0.303178767,2.653764042,0.683221143,0.068721744
71.65354799,0.29663531,2.648829137,0.650772047,0.062900825
71.65818666,0.295585125,2.644460532,0.671503414,0.06109162
71.66282533,0.301886232,2.643570631,0.715670239,0.066125929
71.667464,0.29994743,2.64219533,0.651673411,0.066755217
71.67210267,0.294696508,2.636370524,0.662489776,0.061327603
71.67674134,0.296716093,2.63313452,0.686826598,0.062271536
71.68138001,0.301805449,2.63329632,0.694938872,0.0684071
71.68601868,0.295504342,2.628685016,0.640857045,0.063451452
71.69065735,0.293888674,2.622536609,0.662489776,0.060619654
71.69529602,0.298897246,2.620433207,0.70395251,0.064946013
71.69993469,0.299381946,2.619705106,0.657081593,0.067856472
71.70457336,0.293000056,2.6139612,0.649870683,0.06179957
71.70921203,0.294131024,2.609754395,0.671503414,0.061406264
71.7138507,0.300028214,2.609592595,0.702149782,0.06769915
71.71848937,0.295423559,2.606599292,0.63725159,0.065103335
71.72312804,0.291545955,2.601178986,0.659785685,0.060934298
71.72776671,0.295423559,2.600208185,0.695840236,0.063451452
71.73240538,0.298089411,2.602311588,0.674207505,0.068643083
71.73704405,0.291626738,2.598347483,0.646265228,0.06258618
71.74168272,0.290980471,2.59503058,0.666996595,0.060855637
71.74632139,0.29712001,2.596163181,0.71116342,0.066519234
71.75096006,0.294454158,2.59511148,0.645363864,0.066361912
71.75559873,0.289607152,2.590581075,0.659785685,0.061248942
71.7602374,0.292434572,2.589124874,0.686826598,0.062350197
71.76487607,0.297281577,2.590985576,0.689530689,0.068328439
71.76951474,0.290899687,2.587668672,0.639054318,0.063372791
71.77415341,0.288960885,2.583623668,0.660687048,0.061012959
71.77879208,0.294615724,2.583380967,0.70395251,0.065181996
71.78343075,0.294938858,2.583219167,0.653476138,0.067620489
71.78806942,0.289041669,2.579012363,0.650772047,0.061406264
71.79270809,0.290091853,2.577070761,0.673306141,0.06179957
71.79734676,0.296069826,2.578931463,0.701248419,0.068249778
71.80198543,0.291061254,2.577232561,0.638152954,0.065024674
71.8066241,0.288072268,2.573430257,0.660687048,0.060855637
71.81126277,0.292434572,2.572863956,0.698544327,0.063766097
71.81590144,0.295181208,2.574805558,0.671503414,0.068249778
71.82054011,0.288314618,2.572216756,0.647166592,0.062507519
71.82517878,0.287991484,2.570275154,0.667897959,0.061248942
71.82981745,0.294858075,2.571650455,0.712064784,0.06691254
71.83445612,0.291949872,2.571650455,0.6444625,0.066440573
71.83909479,0.287102866,2.569466153,0.660687048,0.06109162
71.84373346,0.289849503,2.569547053,0.690432053,0.062428858
71.84837213,0.295181208,2.572135856,0.688629326,0.068328439
71.8530108,0.288233834,2.569627953,0.643561137,0.063372791
71.85764947,0.286779733,2.56671555,0.666996595,0.061012959
71.86228814,0.292596139,2.568495352,0.71116342,0.065732623
71.86692681,0.292353789,2.570517854,0.657081593,0.067541828
71.87156548,0.287102866,2.568657152,0.659785685,0.061720909
71.87620415,0.288395401,2.569547053,0.683221143,0.062114214
71.88084282,0.294858075,2.575210059,0.709360693,0.067856472
71.88548149,0.289607152,2.577151661,0.649870683,0.064474046
71.89012016,0.2869413,2.578122462,0.675108869,0.061012959
71.89475883,0.292030655,2.583219167,0.716571603,0.064080741
71.8993975,0.294534941,2.588315873,0.685023871,0.068328439
71.90403617,0.288476185,2.588234973,0.666095231,0.062428858
71.90867484,0.288395401,2.588801273,0.685925234,0.061406264
71.91331351,0.295100425,2.593088978,0.722881149,0.067069862
71.91795218,0.291788305,2.592927178,0.652574774,0.065968607
71.92259085,0.287506784,2.590581075,0.668799323,0.061170281
71.92722952,0.290980471,2.591551876,0.699445691,0.063058147
71.93186819,0.295423559,2.59543508,0.694037508,0.068564422
71.93650686,0.288718535,2.593412578,0.651673411,0.063058147
71.94114553,0.28766835,2.591875476,0.674207505,0.06109162
71.9457842,0.29380789,2.594706979,0.716571603,0.06620459
71.95042287,0.292676922,2.59551598,0.658884321,0.067069862
71.95506154,0.287587567,2.591713676,0.66339114,0.061327603
71.95970021,0.289364802,2.591147376,0.686826598,0.061878231
71.96433888,0.295504342,2.593493478,0.704853874,0.0684071
71.96897755,0.289768719,2.591794576,0.645363864,0.064552707
71.97361622,0.287102866,2.588315873,0.667897959,0.061248942
71.97825489,0.291707521,2.589043973,0.706656601,0.064631368
71.98289356,0.293242406,2.591390076,0.667897959,0.068249778
71.98753223,0.287264433,2.589529374,0.654377502,0.062192875
71.9921709,0.287587567,2.588477673,0.67781296,0.061484925
71.99680957,0.294454158,2.592846278,0.717472967,0.067541828
72.00144824,0.290818904,2.593736178,0.649870683,0.06549664
72.00608691,0.286375816,2.590661975,0.667897959,0.061012959
72.01072558,0.29001107,2.591632776,0.701248419,0.063058147
72.01536425,0.294534941,2.596729482,0.691333417,0.068485761
72.02000292,0.288395401,2.596972182,0.655278866,0.062743503
72.02464159,0.28766835,2.598428383,0.676911597,0.060855637
72.02928026,0.294615724,2.605547591,0.723782513,0.065968607
72.03391893,0.29380789,2.612504998,0.664292504,0.066755217
72.0385576,0.290414987,2.6140421,0.675108869,0.061170281
72.04319627,0.294615724,2.618168004,0.702149782,0.06179957
72.04783494,0.30325955,2.626824314,0.720177058,0.068092456
72.05247361,0.298250978,2.629898517,0.66339114,0.063766097
72.05711228,0.29712001,2.630788418,0.684122507,0.060776976
72.06175095,0.3025325,2.635480623,0.723782513,0.064552707
72.06638962,0.304067384,2.641062729,0.678714324,0.067541828
72.07102829,0.297927845,2.639444727,0.666996595,0.061642248
72.07566696,0.298493329,2.637260425,0.684122507,0.061248942
72.08030563,0.304552085,2.638473926,0.715670239,0.067227184
72.0849443,0.29994743,2.635966023,0.646265228,0.065181996
72.08958297,0.295746692,2.630222117,0.665193867,0.060698315
72.09422164,0.29946273,2.627309714,0.697642964,0.063058147
72.09886031,0.302855633,2.628037815,0.679615688,0.068171117
72.10349898,0.296069826,2.622293909,0.646265228,0.062114214
72.10813765,0.294777291,2.616388202,0.666095231,0.061012959
72.11277632,0.300674481,2.615417401,0.709360693,0.066440573
72.11741499,0.298493329,2.612666799,0.6444625,0.066597895
72.12205366,0.293403973,2.606356592,0.657081593,0.060855637
72.12669233,0.295423559,2.603525089,0.682319779,0.062114214
72.131331,0.300755264,2.60433409,0.690432053,0.068328439
72.13596967,0.294373374,2.600127285,0.639054318,0.063687435
72.14060834,0.292353789,2.595839581,0.661588412,0.060855637
72.14524701,0.298331762,2.59503058,0.704853874,0.065103335
72.14988568,0.299139596,2.59494968,0.659785685,0.067856472
72.15452435,0.293242406,2.590904675,0.654377502,0.061878231
72.15916302,0.29380789,2.588882173,0.67781296,0.061406264
72.16380169,0.300270564,2.591147376,0.710262056,0.06769915
72.16844036,0.295827476,2.590419275,0.647166592,0.064788691
72.17307903,0.291869088,2.589043973,0.67060205,0.06109162
72.1777177,0.295989043,2.591309176,0.707557965,0.063608774
72.18235637,0.299139596,2.59486878,0.685925234,0.068485761
72.18699504,0.292596139,2.594545179,0.658884321,0.062271536
72.19163371,0.291788305,2.59527328,0.680517052,0.060855637
72.19627238,0.298493329,2.603605989,0.726486605,0.066519234
72.20091105,0.295665909,2.610077996,0.66339114,0.066676556
72.20554972,0.291142037,2.611695997,0.680517052,0.061248942
72.21018839,0.293646323,2.615741002,0.71116342,0.062428858
72.21482706,0.298978029,2.621404008,0.712064784,0.068564422
72.21946573,0.292676922,2.620756807,0.660687048,0.063766097
72.2241044,0.290899687,2.618734305,0.680517052,0.06109162
72.22874307,0.296473743,2.620352307,0.721078422,0.065575301
72.23338174,0.29639296,2.622051208,0.668799323,0.067856472
72.23802041,0.290657337,2.618410705,0.665193867,0.061642248
72.24265908,0.291545955,2.617359004,0.685925234,0.06179957
72.24729775,0.297604711,2.619866906,0.713867512,0.067856472
72.25193642,0.292273005,2.617844404,0.650772047,0.064946013
72.25657509,0.289041669,2.6143657,0.672404778,0.06109162
72.26121376,0.293242406,2.613313999,0.707557965,0.064080741
72.26585243,0.295585125,2.613233099,0.676911597,0.0684071
72.2704911,0.289041669,2.607489193,0.652574774,0.062035553
72.27512977,0.288637751,2.602716088,0.67060205,0.061170281
72.27976844,0.295342775,2.603039688,0.712064784,0.066991201
72.28440711,0.292192222,2.601664387,0.6444625,0.066361912
72.28904578,0.287345217,2.595839581,0.661588412,0.061327603
72.29368445,0.290091853,2.593088978,0.691333417,0.062900825
72.29832312,0.295019642,2.593331678,0.689530689,0.068879066
72.30296179,0.288880102,2.589043973,0.643561137,0.063608774
72.30760046,0.287345217,2.584432669,0.66339114,0.061327603
72.31223913,0.292838489,2.584109068,0.707557965,0.065968607
72.3168778,0.292192222,2.584998969,0.653476138,0.067541828
72.32151647,0.286456599,2.580387664,0.657081593,0.061563586
72.32615514,0.287587567,2.578931463,0.681418415,0.061878231
72.33079381,0.294131024,2.582086566,0.705755238,0.068249778
72.33543248,0.289364802,2.580630365,0.645363864,0.064710029
72.34007115,0.286456599,2.576908961,0.666996595,0.061248942
72.34470982,0.290980471,2.57674716,0.704853874,0.064395385
72.34934849,0.293000056,2.577798862,0.67060205,0.068328439
72.35398716,0.286295032,2.573753857,0.651673411,0.062035553
72.35862583,0.286052682,2.570356054,0.671503414,0.061170281
72.3632645,0.293080839,2.571569555,0.712064784,0.067227184
72.36790317,0.289445586,2.570113353,0.643561137,0.065889946
72.37254184,0.285406415,2.565502049,0.661588412,0.061012959
72.37718051,0.288395401,2.565178448,0.691333417,0.063136808
72.38181918,0.292676922,2.568009951,0.685023871,0.068643083
72.38645785,0.286618166,2.564126747,0.643561137,0.063136808
72.39109652,0.285406415,2.560567143,0.664292504,0.060776976
72.39573519,0.291707521,2.562346945,0.709360693,0.066125929
72.40037386,0.29001107,2.563398646,0.650772047,0.067463167
72.40501253,0.285002498,2.560243543,0.658884321,0.061720909
72.4096512,0.2869413,2.559515442,0.683221143,0.062035553
72.41428987,0.292838489,2.562023345,0.700347055,0.068328439
72.41892854,0.287022083,2.559919943,0.640857045,0.064238063
72.42356721,0.284760147,2.555874938,0.66339114,0.06109162
72.42820588,0.290414987,2.556764839,0.702149782,0.064710029
72.43284455,0.292273005,2.560243543,0.667897959,0.0684071
72.43748322,0.286375816,2.559030042,0.657982957,0.062271536
72.44212189,0.286860516,2.559110942,0.679615688,0.061484925
72.44676056,0.29380789,2.562913246,0.715670239,0.06769915
72.45139923,0.289526369,2.562913246,0.646265228,0.065811284
72.4560379,0.285891115,2.559596342,0.665193867,0.061248942
72.46067657,0.289526369,2.558787341,0.694938872,0.063608774
72.46531524,0.293646323,2.560890744,0.681418415,0.068800405
72.46995391,0.286214249,2.55757384,0.643561137,0.063136808
72.47459258,0.285487198,2.554256937,0.665193867,0.061248942
72.47923125,0.291626738,2.555389538,0.710262056,0.06620459
72.48386992,0.290172636,2.556198539,0.647166592,0.066833878
72.48850859,0.285244848,2.552396235,0.657081593,0.061327603
72.49314726,0.287102866,2.551910834,0.683221143,0.062114214
72.49778593,0.292838489,2.554661437,0.695840236,0.068328439
72.5024246,0.28718365,2.554014236,0.641758409,0.06400208
72.50706327,0.284921714,2.551101833,0.665193867,0.060934298
72.51170194,0.289768719,2.552315335,0.70395251,0.064867352
72.51634061,0.290818904,2.553771536,0.661588412,0.068092456
72.52097928,0.284517797,2.551182733,0.651673411,0.061956892
72.52561795,0.285729548,2.550373732,0.673306141,0.061406264
72.53025662,0.291869088,2.554014236,0.708459329,0.067384506
72.53489529,0.287910701,2.553286136,0.641758409,0.065181996
72.53953396,0.283952313,2.551101833,0.664292504,0.060698315
72.54417263,0.28766835,2.553124335,0.699445691,0.063136808
72.5488113,0.291626738,2.55725024,0.682319779,0.068485761
72.55344997,0.285487198,2.556764839,0.651673411,0.06258618
72.55808864,0.285164064,2.55741204,0.674207505,0.061012959
72.56272731,0.291222821,2.562832346,0.718374331,0.066361912
72.56736598,0.289607152,2.56647285,0.654377502,0.066755217
72.57200465,0.284840931,2.565259348,0.666095231,0.061878231
72.57664332,0.287264433,2.566068349,0.691333417,0.06258618
72.58128199,0.292838489,2.570598754,0.699445691,0.068643083
72.58592066,0.286698949,2.570113353,0.646265228,0.064080741
72.59055933,0.284437014,2.567848151,0.669700686,0.06109162
72.595198,0.289930286,2.570194253,0.712064784,0.065024674
72.59983667,0.29049577,2.573511157,0.665193867,0.068092456
72.60447534,0.28459858,2.571974055,0.659785685,0.061878231
72.60911401,0.285971899,2.573025756,0.682319779,0.061563586
72.61375268,0.292676922,2.579416863,0.719275694,0.068171117
72.61839135,0.288556968,2.585160769,0.662489776,0.065260657
72.62303002,0.285567982,2.589691174,0.689530689,0.061170281
72.62766869,0.29001107,2.598832884,0.727387968,0.063530113
72.63230736,0.292919273,2.607570093,0.702149782,0.0684071
72.63694603,0.286698949,2.606518392,0.667897959,0.062979486
72.6415847,0.286375816,2.605385791,0.684122507,0.06109162
72.64622337,0.292757706,2.607165593,0.723782513,0.066833878
72.65086204,0.290657337,2.607084693,0.655278866,0.066440573
72.65550071,0.286295032,2.602635188,0.667897959,0.061248942
72.66013938,0.288880102,2.600612686,0.693136145,0.062822164
72.66477805,0.293646323,2.602392488,0.694938872,0.068800405
72.66941672,0.288233834,2.598994684,0.645363864,0.063608774
72.67405539,0.286295032,2.59551598,0.666996595,0.061012959
72.67869406,0.291626738,2.596001381,0.710262056,0.065575301
72.68333273,0.291545955,2.597133982,0.658884321,0.06769915
72.6879714,0.285971899,2.592765377,0.657982957,0.061642248
72.69261007,0.287102866,2.590419275,0.680517052,0.061642248
72.69724874,0.293484757,2.592765377,0.706656601,0.068171117
72.70188741,0.287991484,2.591228276,0.642659773,0.064788691
72.70652608,0.284921714,2.586536071,0.664292504,0.06109162
72.71116475,0.289203235,2.58605067,0.701248419,0.06400208
72.71580342,0.292192222,2.587425972,0.672404778,0.068485761
72.72044209,0.285244848,2.583380967,0.649870683,0.062192875
72.72508076,0.285244848,2.580630365,0.67060205,0.061248942
72.72971943,0.292111438,2.582571967,0.713867512,0.066991201
72.7343581,0.288718535,2.583461868,0.647166592,0.066125929
72.73899677,0.284033097,2.580873065,0.664292504,0.06109162
72.74363544,0.287345217,2.581358465,0.695840236,0.06258618
72.74827411,0.292434572,2.586697871,0.6967416,0.0684071
72.75291278,0.286698949,2.588882173,0.655278866,0.063215469
72.75755145,0.285567982,2.592037277,0.683221143,0.061012959
72.76219012,0.292273005,2.601098086,0.733697515,0.06549664
72.76682879,0.292030655,2.612019598,0.683221143,0.067227184
72.77146746,0.287102866,2.619543306,0.688629326,0.061406264
72.77610613,0.289445586,2.632082819,0.719275694,0.062035553
72.7807448,0.296554527,2.653925842,0.757132973,0.0684071
72.78538347,0.291626738,2.671804761,0.703051146,0.064552707
72.79002214,0.289607152,2.684344275,0.725585241,0.060698315
72.79466081,0.294858075,2.695508486,0.760738428,0.064474046
72.79929948,0.297362361,2.707158099,0.728289332,0.068328439
72.80393815,0.291142037,2.711850304,0.706656601,0.062350197
72.80857682,0.291545955,2.713225605,0.718374331,0.061484925
72.81321549,0.298250978,2.715976208,0.748119335,0.066991201
72.81785416,0.294454158,2.712416604,0.671503414,0.065889946
72.82249283,0.290334203,2.704731096,0.683221143,0.060855637
72.8271315,0.293727107,2.699877091,0.708459329,0.06258618
72.83177017,0.297685494,2.69858269,0.697642964,0.068328439
72.83640884,0.291384388,2.691139882,0.653476138,0.062979486
72.84104751,0.289768719,2.683535274,0.673306141,0.060855637
72.84568618,0.295827476,2.681027371,0.716571603,0.065653962
72.85032485,0.294292591,2.677467767,0.65618023,0.067305845
72.85496352,0.288880102,2.669377759,0.660687048,0.061406264
72.85960219,0.29001107,2.664281053,0.684122507,0.061878231
72.86424086,0.296069826,2.663229352,0.702149782,0.068328439
72.86887953,0.290818904,2.658375347,0.643561137,0.064395385
72.8735182,0.287749134,2.652550541,0.666996595,0.061248942
72.87815687,0.292273005,2.650447139,0.707557965,0.064788691
72.88279554,0.293969457,2.649719038,0.669700686,0.068328439
72.88743421,0.287587567,2.644865033,0.65618023,0.061956892
72.89207288,0.287587567,2.641386329,0.676911597,0.061406264
72.89671155,0.294373374,2.642923431,0.715670239,0.067384506
72.90135022,0.289849503,2.641305429,0.648067956,0.065811284
72.90598889,0.286133465,2.635966023,0.668799323,0.061484925
72.91062756,0.290091853,2.634914322,0.701248419,0.063451452
72.91526623,0.294050241,2.637341325,0.688629326,0.068721744
72.9199049,0.28718365,2.63321542,0.651673411,0.062979486
72.92454357,0.286214249,2.629494016,0.673306141,0.061248942
72.92918224,0.292757706,2.629898517,0.718374331,0.065968607
72.93382091,0.291303604,2.630222117,0.65618023,0.066991201
72.93845958,0.285971899,2.626015313,0.665193867,0.061406264
72.94309825,0.288153051,2.623992811,0.690432053,0.062192875
72.94773692,0.294131024,2.626177113,0.70395251,0.0684071
72.95237559,0.288314618,2.62358831,0.647166592,0.064159402
72.95701426,0.285971899,2.619624206,0.67060205,0.06109162
72.96165293,0.290818904,2.620109606,0.712064784,0.064710029
72.9662916,0.292273005,2.621404008,0.669700686,0.067935134
72.97093027,0.285971899,2.618329805,0.662489776,0.062035553
72.97556894,0.287022083,2.617925304,0.685023871,0.061642248
72.98020761,0.294050241,2.622213009,0.721078422,0.067856472
72.98484628,0.289768719,2.62350741,0.655278866,0.065732623
72.98948495,0.286375816,2.621889408,0.676911597,0.061406264
72.99412362,0.290091853,2.62366921,0.710262056,0.063687435
72.99876229,0.294131024,2.627471514,0.692234781,0.068564422
73.00340096,0.287910701,2.626500713,0.659785685,0.062743503
73.00803963,0.287426,2.624882711,0.681418415,0.061248942
73.0126783,0.294615724,2.628765916,0.726486605,0.066519234
73.01731697,0.292515356,2.631921019,0.662489776,0.06691254
73.02195564,0.287991484,2.630626618,0.675108869,0.061406264
73.02659431,0.290576553,2.631678319,0.702149782,0.062428858
73.03123298,0.295827476,2.637098624,0.71116342,0.068643083
73.03587165,0.290172636,2.638554826,0.659785685,0.064080741
73.04051032,0.288314618,2.639363827,0.685925234,0.060855637
73.04514899,0.29356554,2.644460532,0.73009206,0.065024674
73.04978766,0.294373374,2.649719038,0.684122507,0.068013795
73.05442633,0.288476185,2.65214604,0.680517052,0.061956892
73.059065,0.289526369,2.657404546,0.707557965,0.061484925
73.06370367,0.296312176,2.669377759,0.743612516,0.068013795
73.06834234,0.292434572,2.685476876,0.693136145,0.065417979
73.07298101,0.289930286,2.709908702,0.730993423,0.061170281
73.07761968,0.295181208,2.749711544,0.792286161,0.063923419
73.08225835,0.300108997,2.796957194,0.787779342,0.068643083
73.08689702,0.295423559,2.833362233,0.764343883,0.062979486
73.09153569,0.296150609,2.863942465,0.786877978,0.061248942
73.09617436,0.303744251,2.886918089,0.820228438,0.067148523
73.10081303,0.301482315,2.8971115,0.73730297,0.06691254
73.1054517,0.29687766,2.895736199,0.735500242,0.061563586
73.11009037,0.299543513,2.893390096,0.750823427,0.062900825
73.11472904,0.305036786,2.892500195,0.74451388,0.069193711
73.11936771,0.298735679,2.88716079,0.691333417,0.064395385
73.12400638,0.297039227,2.884491087,0.716571603,0.061878231
73.12864505,0.303340334,2.886189989,0.759837064,0.065889946
73.13328372,0.303097983,2.886998989,0.705755238,0.0684071
73.13792239,0.297281577,2.881983184,0.700347055,0.062114214
73.14256106,0.298493329,2.880122482,0.723782513,0.061956892
73.14719973,0.30608697,2.889425992,0.766146611,0.0684071
73.1518384,0.302694066,2.907224011,0.731894787,0.065260657
73.15647707,0.301805449,2.933354739,0.782371159,0.061327603
73.16111574,0.308510473,2.962316969,0.831946167,0.064867352
73.16575441,0.311822593,2.98221839,0.793187524,0.069193711
73.17039308,0.306006187,2.986829695,0.750823427,0.063058147
73.17503175,0.30584462,2.986991496,0.755330246,0.062192875
73.17967042,0.31246886,2.988528597,0.78507525,0.068171117
73.18430909,0.30964144,2.986910595,0.708459329,0.066991201
73.18894776,0.305198352,2.980600389,0.717472967,0.061956892
73.19358643,0.307944989,2.975665484,0.739105697,0.063687435
73.1982251,0.312630427,2.972833981,0.730993423,0.069272372
73.20286377,0.306006187,2.963530471,0.680517052,0.064159402
73.20750244,0.303986601,2.954874161,0.699445691,0.061878231
73.21214111,0.309479874,2.950990957,0.741809789,0.066676556
73.21677978,0.308995173,2.946945953,0.685925234,0.068092456
73.22141845,0.30325955,2.938127844,0.685925234,0.062350197
73.22605712,0.303986601,2.931979437,0.708459329,0.062743503
73.23069579,0.309803007,2.929795135,0.730993423,0.069036389
73.23533446,0.304067384,2.923242228,0.668799323,0.06549664
73.23997313,0.300997615,2.914747719,0.688629326,0.062035553
73.2446118,0.305117569,2.909246513,0.725585241,0.065103335
73.24925047,0.307137154,2.90592961,0.690432053,0.069193711
73.25388914,0.300593697,2.8969497,0.67060205,0.063058147
73.25852781,0.300755264,2.889911393,0.690432053,0.062114214
73.26316648,0.306894804,2.888536091,0.730993423,0.068092456
73.26780515,0.303097983,2.884976487,0.66339114,0.066676556
73.27244382,0.298493329,2.87842358,0.683221143,0.061720909
73.27708249,0.301320748,2.874863977,0.713867512,0.063451452
73.28172116,0.305279136,2.875511177,0.706656601,0.06911505
73.28635983,0.298331762,2.869605471,0.664292504,0.063530113
73.2909985,0.296958444,2.862971664,0.685023871,0.061406264
73.29563717,0.302694066,2.862081763,0.728289332,0.066519234
73.30027584,0.301320748,2.860625562,0.67060205,0.067856472
73.30491451,0.295746692,2.855447956,0.676911597,0.062035553
73.30955318,0.297523928,2.853101854,0.702149782,0.062743503
73.31419185,0.303178767,2.855286156,0.721979786,0.068879066
73.31883052,0.297281577,2.855205256,0.666095231,0.064631368
73.32346919,0.294696508,2.855124356,0.694037508,0.061170281
73.32810786,0.300270564,2.860949162,0.742711153,0.064867352
73.33274653,0.302290149,2.872356074,0.71116342,0.068564422
73.3373852,0.295989043,2.880203382,0.700347055,0.062428858
73.34202387,0.296473743,2.88707989,0.720177058,0.061956892
73.34666254,0.3030172,2.896302499,0.757132973,0.067935134
73.35130121,0.298978029,2.901237405,0.688629326,0.065968607
73.35593988,0.295019642,2.902046405,0.705755238,0.061327603
73.36057855,0.298574112,2.903907107,0.735500242,0.063766097
73.36521722,0.302694066,2.90625321,0.717472967,0.069272372
73.36985589,0.296150609,2.901480105,0.678714324,0.063530113
73.37449456,0.294858075,2.8967879,0.697642964,0.061563586
73.37913323,0.300836048,2.8969497,0.740908425,0.066676556
73.3837719,0.298978029,2.895978899,0.678714324,0.067463167
73.38841057,0.29380789,2.891772095,0.687727962,0.061720909
73.39304924,0.296069826,2.892014795,0.713867512,0.06258618
73.39768791,0.301886232,2.8967879,0.726486605,0.069036389
73.40232658,0.295989043,2.897758701,0.672404778,0.064395385
73.40696525,0.294050241,2.898729502,0.6967416,0.061248942
73.41160392,0.29946273,2.903826207,0.738204334,0.065103335
73.41624259,0.300108997,2.909327413,0.695840236,0.068564422
73.42088126,0.293888674,2.910136414,0.686826598,0.062114214
73.42551993,0.294696508,2.913453318,0.71116342,0.061878231
73.4301586,0.301563099,2.921219726,0.746316608,0.068249778
73.43479727,0.297604711,2.927287232,0.682319779,0.066125929
73.43943594,0.294373374,2.93456824,0.707557965,0.061720909
73.44407461,0.298493329,2.946056052,0.745415244,0.064080741
73.44871328,0.302613283,2.959242766,0.727387968,0.069351033
73.45335195,0.295989043,2.963692271,0.694037508,0.06329413
73.45799062,0.295908259,2.967575475,0.713867512,0.061956892
73.46262929,0.302694066,2.97242948,0.755330246,0.067148523
73.46726796,0.300755264,2.975503683,0.687727962,0.067463167
73.47190663,0.295827476,2.974613782,0.697642964,0.061720909
73.4765453,0.298735679,2.975908184,0.722881149,0.062743503
73.48118397,0.304148168,2.98140939,0.729190696,0.068957727
73.48582264,0.298250978,2.983836392,0.676911597,0.063844758
73.49046131,0.296312176,2.986425195,0.701248419,0.061327603
73.49509998,0.302290149,2.992816302,0.745415244,0.065339318
73.49973865,0.303340334,2.999854609,0.698544327,0.068092456
73.50437732,0.29712001,3.00090631,0.692234781,0.062428858
73.50901599,0.298654895,3.003252413,0.715670239,0.061956892
73.51365466,0.305279136,3.008996319,0.747217972,0.068092456
73.51829333,0.300351347,3.01020982,0.683221143,0.065417979
73.522932,0.29712001,3.009239019,0.704853874,0.061642248
73.52757067,0.301482315,3.011099721,0.739105697,0.064395385
73.53220934,0.304309735,3.012879523,0.716571603,0.069036389
73.53684801,0.298008628,3.009239019,0.687727962,0.062900825
73.54148668,0.297685494,3.006488416,0.707557965,0.061484925
73.54612535,0.304067384,3.01029072,0.755330246,0.06691254
73.55076402,0.301563099,3.021616732,0.703051146,0.066833878
73.55540269,0.297200794,3.039981052,0.740007061,0.061720909
73.56004136,0.29994743,3.06635448,0.779667068,0.062979486
73.56468003,0.305359919,3.097501013,0.794990252,0.068800405
73.5693187,0.299058813,3.118130535,0.749020699,0.064238063
73.57395737,0.297443144,3.123874441,0.756231609,0.061484925
73.57859604,0.302936417,3.122418239,0.783272523,0.065653962
73.58323471,0.303097983,3.115218132,0.716571603,0.068013795
73.58787338,0.29663531,3.101788717,0.704853874,0.061878231
73.59251205,0.297281577,3.088440203,0.718374331,0.062035553
73.59715072,0.303421117,3.079460294,0.738204334,0.0684071
73.60178939,0.298008628,3.06643538,0.669700686,0.065103335
73.60642806,0.294696508,3.050417163,0.686826598,0.061563586
73.61106673,0.298816462,3.03876755,0.721078422,0.064316724
73.6157054,0.301159181,3.029706741,0.691333417,0.068721744
73.62034407,0.294615724,3.014578425,0.666095231,0.062507519
73.62498274,0.294373374,3.00074451,0.684122507,0.061563586
73.62962141,0.300593697,2.9912792,0.725585241,0.067305845
73.63426008,0.297523928,2.979872288,0.65618023,0.066361912
73.63889875,0.292676922,2.964501272,0.672404778,0.061327603
73.64353742,0.295585125,2.95317526,0.700347055,0.062979486
73.64817609,0.300593697,2.944599851,0.697642964,0.068721744
73.65281476,0.294131024,2.930442336,0.652574774,0.063372791
73.65745343,0.292353789,2.917093821,0.674207505,0.06109162
73.6620921,0.298170195,2.908356612,0.718374331,0.065575301
73.66673077,0.29712001,2.899619403,0.662489776,0.067541828
73.67136944,0.291545955,2.885461888,0.665193867,0.061484925
73.67600811,0.293080839,2.874054976,0.688629326,0.061878231
73.68064678,0.299058813,2.868149269,0.71116342,0.068092456
73.68528545,0.29332319,2.857794059,0.651673411,0.064080741
73.68992412,0.290657337,2.845416345,0.673306141,0.060462331
73.69456279,0.295181208,2.837002736,0.71116342,0.06400208
73.69920146,0.296958444,2.829964429,0.676010233,0.067856472
73.70384013,0.29049577,2.817182215,0.65618023,0.062035553
73.7084788,0.290657337,2.806098904,0.676010233,0.061248942
73.71311747,0.297443144,2.799545997,0.715670239,0.067227184
73.71775614,0.29380789,2.790889688,0.647166592,0.065968607
73.72239481,0.289687936,2.778107474,0.66339114,0.061012959
73.72703348,0.292919273,2.768803964,0.694037508,0.062979486
73.73167215,0.297362361,2.763788159,0.686826598,0.068564422
73.73631082,0.291142037,2.753271148,0.645363864,0.062979486
73.74094949,0.290091853,2.742187836,0.666996595,0.061170281
73.74558816,0.295908259,2.736120329,0.710262056,0.065811284
73.75022683,0.294777291,2.729567423,0.651673411,0.066991201
73.7548655,0.288960885,2.718726811,0.657081593,0.061248942
73.75950417,0.290576553,2.710798603,0.680517052,0.061956892
73.76414284,0.296312176,2.707319899,0.697642964,0.068092456
73.76878151,0.290657337,2.700200691,0.640857045,0.063923419
73.77342018,0.288072268,2.690897181,0.66339114,0.060855637
73.77805885,0.293242406,2.686366777,0.70395251,0.064395385
73.78269752,0.294534941,2.683292573,0.665193867,0.067777811
73.78733619,0.288476185,2.674959865,0.651673411,0.06179957
73.79197486,0.289122452,2.668487858,0.673306141,0.061327603
73.79661353,0.295746692,2.666950756,0.71116342,0.067148523
73.8012522,0.291545955,2.662339451,0.6444625,0.065103335
73.80589087,0.287829917,2.655543844,0.664292504,0.060855637
73.81052954,0.291222821,2.65206514,0.6967416,0.063136808
73.81516821,0.295181208,2.65198424,0.683221143,0.068721744
73.81980688,0.288314618,2.645674034,0.648969319,0.062507519
73.82444555,0.288072268,2.640658228,0.67060205,0.060934298
73.82908422,0.294534941,2.640011028,0.715670239,0.066125929
73.83372289,0.29332319,2.638959326,0.655278866,0.067069862
73.83836156,0.288395401,2.634186221,0.666095231,0.061248942
73.84300023,0.29049577,2.63321542,0.694037508,0.062192875
73.8476389,0.29639296,2.635480623,0.708459329,0.0684071
73.85227757,0.290334203,2.63281092,0.653476138,0.063687435
73.85691624,0.288233834,2.628361415,0.676010233,0.060934298
73.86155491,0.293403973,2.628361415,0.717472967,0.064631368
73.86619358,0.294615724,2.630222117,0.673306141,0.06769915
73.87083225,0.288476185,2.626419813,0.665193867,0.061484925
73.87547092,0.289203235,2.624316411,0.685925234,0.06109162
73.88010959,0.295746692,2.626096213,0.717472967,0.067463167
73.88474826,0.291061254,2.624235511,0.650772047,0.065181996
73.88938693,0.287345217,2.619705106,0.669700686,0.061170281
73.8940256,0.291384388,2.618006204,0.703051146,0.063372791
73.89866427,0.294534941,2.618815205,0.682319779,0.068328439
73.90330294,0.288314618,2.614851101,0.649870683,0.062350197
73.90794161,0.287829917,2.610158896,0.669700686,0.061248942
73.91258028,0.294131024,2.610158896,0.712966148,0.066361912
73.91721895,0.291707521,2.608379094,0.648067956,0.066676556
73.92185762,0.2869413,2.603686889,0.660687048,0.061170281
73.92649629,0.289364802,2.601664387,0.686826598,0.062350197
73.93113496,0.294696508,2.602877888,0.694037508,0.0684071
73.93577363,0.288153051,2.600208185,0.645363864,0.063687435
73.9404123,0.286698949,2.598185683,0.673306141,0.060855637
73.94505097,0.292515356,2.602554288,0.720177058,0.065103335
73.94968964,0.293242406,2.607650993,0.674207505,0.067384506
73.95432831,0.287022083,2.605223991,0.669700686,0.061563586
73.95896698,0.287991484,2.60481949,0.690432053,0.061327603
73.96360565,0.294534941,2.608783594,0.721078422,0.067856472
73.96824432,0.289687936,2.609673495,0.658884321,0.064788691
73.97288299,0.286295032,2.609592595,0.688629326,0.060855637
73.97752166,0.29073812,2.615336501,0.728289332,0.063844758
73.98216033,0.293969457,2.622213009,0.704853874,0.068564422
73.986799,0.28766835,2.621484908,0.676911597,0.062428858
73.99143767,0.287587567,2.619462406,0.694938872,0.061248942
73.99607634,0.29380789,2.621484908,0.735500242,0.067148523
74.00071501,0.291061254,2.621080407,0.666095231,0.06620459
74.00535368,0.286456599,2.616064602,0.676911597,0.061327603
74.00999235,0.289284019,2.6139612,0.701248419,0.062428858
74.01463102,0.294373374,2.6143657,0.701248419,0.068564422
74.01926969,0.288072268,2.610482496,0.651673411,0.06329413
74.02390836,0.286456599,2.608136394,0.674207505,0.061248942
74.02854703,0.292515356,2.609592595,0.716571603,0.065417979
74.0331857,0.292273005,2.610401596,0.665193867,0.067227184
74.03782437,0.287022083,2.606032991,0.66339114,0.061406264
74.04246304,0.288718535,2.60441499,0.686826598,0.061642248
74.04710171,0.295181208,2.608459994,0.712966148,0.067856472
74.05174038,0.290657337,2.608379094,0.650772047,0.064788691
74.05637905,0.287991484,2.607003793,0.675108869,0.060698315
74.06101772,0.292757706,2.609188095,0.712966148,0.063844758
74.06565639,0.295665909,2.613233099,0.684122507,0.068249778
74.07029506,0.289364802,2.611938698,0.662489776,0.061956892
74.07493373,0.289607152,2.611048797,0.681418415,0.060698315
74.0795724,0.296150609,2.612828599,0.721078422,0.067069862
74.08421107,0.293161623,2.611534197,0.651673411,0.065968607
74.08884974,0.289364802,2.608702694,0.668799323,0.060540992
74.09348841,0.292353789,2.608217294,0.697642964,0.06258618
74.09812708,0.297281577,2.610725196,0.694938872,0.068249778
74.10276575,0.29049577,2.608379094,0.650772047,0.063058147
74.10740442,0.288718535,2.605952091,0.672404778,0.060855637
74.11204309,0.295019642,2.607974594,0.715670239,0.06549664
74.11668176,0.293969457,2.611210597,0.66339114,0.067227184
74.12132043,0.289203235,2.612909499,0.675108869,0.060934298
74.1259591,0.291626738,2.619543306,0.705755238,0.061484925
74.13059777,0.297847061,2.628604115,0.727387968,0.068013795
74.13523644,0.292596139,2.631112018,0.665193867,0.064159402
74.13987511,0.289930286,2.629979417,0.683221143,0.060934298
74.14451378,0.295100425,2.630626618,0.717472967,0.064080741
74.14915245,0.29712001,2.633862621,0.681418415,0.068092456
74.15379112,0.29073812,2.630545717,0.662489776,0.061956892
74.15842979,0.29073812,2.628118715,0.681418415,0.061327603
74.16306846,0.296716093,2.630141217,0.721979786,0.067069862
74.16770713,0.29332319,2.629736717,0.654377502,0.065811284
74.1723458,0.289203235,2.624963612,0.673306141,0.060698315
74.17698447,0.292676922,2.62366921,0.70395251,0.062743503
74.18162314,0.29712001,2.625368112,0.695840236,0.068328439
74.18626181,0.29025342,2.620433207,0.65618023,0.06258618
74.19090048,0.289041669,2.616064602,0.676010233,0.060462331
74.19553915,0.294858075,2.615821902,0.718374331,0.065575301
74.20017782,0.293888674,2.6142848,0.658884321,0.066991201
74.20481649,0.288637751,2.608540894,0.664292504,0.061248942
74.20945516,0.289930286,2.606599292,0.687727962,0.061484925
74.21409383,0.295827476,2.607974594,0.70395251,0.067620489
74.2187325,0.289607152,2.60449589,0.643561137,0.063766097
74.22337117,0.2869413,2.600612686,0.666095231,0.06038367
74.22800984,0.291626738,2.599803685,0.704853874,0.064316724
74.23264851,0.29332319,2.600046385,0.665193867,0.06769915
74.23728718,0.286698949,2.596486781,0.652574774,0.061327603
74.24192585,0.287426,2.594383379,0.674207505,0.060540992
74.24656452,0.29380789,2.598104783,0.712966148,0.066991201
74.25120319,0.29025342,2.599641885,0.648969319,0.065103335
74.25584186,0.286618166,2.597538482,0.67060205,0.060698315
74.26048053,0.291142037,2.598913784,0.703051146,0.062822164
74.2651192,0.294696508,2.603686889,0.690432053,0.068013795
74.26975787,0.288153051,2.603444189,0.657982957,0.062114214
74.27439654,0.287102866,2.60465769,0.681418415,0.060305009
74.27903521,0.293969457,2.611372397,0.728289332,0.065653962
74.28367388,0.292192222,2.617278103,0.669700686,0.06620459
74.28831255,0.28766835,2.619381506,0.680517052,0.060619654
74.29295122,0.29025342,2.627390614,0.710262056,0.061642248
74.29758989,0.296554527,2.643247031,0.730993423,0.068171117
74.30222856,0.290657337,2.656919145,0.680517052,0.063687435
74.30686723,0.288556968,2.668002457,0.702149782,0.060540992
74.3115059,0.293484757,2.676739666,0.740007061,0.064552707
74.31614457,0.294615724,2.683292573,0.691333417,0.067620489
74.32078324,0.288556968,2.684182474,0.679615688,0.061012959
74.32542191,0.289122452,2.688389279,0.700347055,0.061170281
74.33006058,0.295665909,2.696398387,0.733697515,0.067463167
74.33469925,0.291545955,2.701333293,0.666996595,0.064867352
74.33933792,0.287829917,2.701414193,0.685925234,0.060698315
74.34397659,0.291465171,2.701899593,0.715670239,0.063451452
74.34861526,0.295100425,2.703436695,0.693136145,0.068249778
74.35325393,0.288153051,2.698420889,0.659785685,0.062114214
74.3578926,0.287506784,2.692676983,0.67781296,0.061012959
74.36253127,0.29380789,2.692838784,0.721979786,0.066125929
74.36716994,0.292111438,2.691058982,0.657081593,0.066361912
74.37180861,0.286537383,2.685962276,0.669700686,0.060934298
74.37644728,0.288960885,2.683616174,0.697642964,0.061956892
74.38108595,0.294373374,2.685881376,0.706656601,0.068171117
74.38572462,0.287587567,2.683858874,0.658884321,0.06329413
74.39036329,0.286456599,2.682321772,0.685023871,0.060698315
74.39500196,0.291949872,2.687822978,0.730993423,0.064946013
74.39964063,0.292515356,2.696560188,0.688629326,0.067148523
74.4042793,0.286698949,2.702142293,0.692234781,0.06109162
74.40891797,0.288395401,2.706996299,0.716571603,0.061012959
74.41355664,0.294938858,2.713872806,0.74451388,0.067384506
74.41819531,0.290172636,2.714762707,0.676010233,0.064395385
74.42283398,0.287102866,2.713549206,0.695840236,0.060698315
74.42747265,0.291707521,2.71743241,0.731894787,0.06329413
74.43211132,0.295504342,2.725037018,0.709360693,0.068171117
74.43674999,0.289364802,2.72673592,0.685925234,0.061878231
74.44138866,0.289687936,2.729001122,0.706656601,0.060462331
74.44602733,0.29712001,2.738709132,0.752626154,0.066361912
74.450666,0.294696508,2.743886738,0.683221143,0.066125929
74.45530467,0.29025342,2.743724938,0.695840236,0.061012959
74.45994334,0.293403973,2.746799141,0.722881149,0.062271536
74.46458201,0.298816462,2.751491346,0.722881149,0.0684071
74.46922068,0.293000056,2.748012642,0.671503414,0.063058147
74.47385935,0.290980471,2.740812534,0.686826598,0.060855637
74.47849802,0.29639296,2.73692933,0.725585241,0.065181996
74.48313669,0.296069826,2.732884326,0.668799323,0.067227184
74.48777536,0.29025342,2.724147117,0.666095231,0.061012959
74.49241403,0.291465171,2.71807961,0.686826598,0.061327603
74.4970527,0.297927845,2.716380709,0.71116342,0.067463167
74.50169137,0.292676922,2.711688504,0.648969319,0.064159402
74.50633004,0.290172636,2.706915398,0.676911597,0.060226348
74.51096871,0.295181208,2.707319899,0.719275694,0.063451452
74.51560738,0.298089411,2.7086143,0.687727962,0.067777811
74.52024605,0.291384388,2.703193995,0.66339114,0.061878231
74.52488472,0.291303604,2.697450088,0.680517052,0.060619654
74.52952339,0.297927845,2.695751187,0.720177058,0.066676556
74.53416206,0.294696508,2.693243284,0.650772047,0.065575301
74.53880073,0.29049577,2.686285877,0.668799323,0.060540992
74.5434394,0.29356554,2.682888073,0.697642964,0.062350197
74.54807807,0.298170195,2.685153275,0.694938872,0.068013795
74.55271674,0.292192222,2.685072375,0.654377502,0.062350197
74.55735541,0.291303604,2.686690377,0.681418415,0.060305009
74.56199408,0.298089411,2.696479287,0.733697515,0.065339318
74.56663275,0.298412545,2.710151402,0.688629326,0.067148523
74.57127142,0.293969457,2.721396514,0.703051146,0.060934298
74.57591009,0.297362361,2.731751725,0.729190696,0.061563586
74.58054876,0.304794435,2.741540635,0.752626154,0.067935134
74.58518743,0.29970508,2.743967638,0.688629326,0.064316724
74.5898261,0.296958444,2.740003534,0.70395251,0.060855637
74.59446477,0.301724665,2.738870932,0.735500242,0.064238063
74.59910344,0.303986601,2.737172031,0.693136145,0.068092456
74.60374211,0.297362361,2.729162922,0.669700686,0.061878231
74.60838078,0.29712001,2.722043715,0.685925234,0.060934298
74.61301945,0.303582684,2.719050411,0.721078422,0.067148523
74.61765812,0.299543513,2.713791906,0.650772047,0.065260657
74.62229679,0.294938858,2.704811996,0.669700686,0.060619654
74.62693546,0.298170195,2.700038891,0.700347055,0.062350197
74.63157413,0.302694066,2.699553491,0.692234781,0.068013795
74.6362128,0.296473743,2.694456785,0.653476138,0.062507519
74.64085147,0.295019642,2.688712879,0.675108869,0.060462331
74.64549014,0.301078398,2.688793779,0.723782513,0.065339318
74.65012881,0.300432131,2.691301682,0.678714324,0.066440573
74.65476748,0.295019642,2.690088181,0.691333417,0.060540992
74.65940615,0.29663531,2.68968368,0.712064784,0.061248942
74.66404482,0.301967016,2.692191583,0.724683877,0.06769915
74.66868349,0.295989043,2.690492681,0.665193867,0.06329413
74.67332216,0.293888674,2.688955579,0.690432053,0.060226348
74.67796083,0.299220379,2.693890485,0.73730297,0.063844758
74.6825995,0.301967016,2.707077199,0.71116342,0.067856472
74.68723817,0.297685494,2.724308917,0.729190696,0.061248942
74.69187684,0.29946273,2.737414731,0.75172479,0.06109162
74.69651551,0.306006187,2.745181139,0.771554794,0.067148523
74.70115418,0.301239965,2.743401337,0.688629326,0.064867352
74.70579285,0.297281577,2.735473129,0.6967416,0.06038367
74.71043152,0.300997615,2.729001122,0.720177058,0.062428858
74.71507019,0.304956002,2.725684218,0.698544327,0.067856472
74.71970886,0.297523928,2.717027909,0.657982957,0.062114214
74.72434753,0.296231393,2.709099701,0.675108869,0.060226348
74.7289862,0.302370933,2.706672698,0.717472967,0.065575301
74.73362487,0.300108997,2.702951294,0.653476138,0.066047268
74.73826354,0.294615724,2.694618585,0.664292504,0.060619654
74.74290221,0.296473743,2.68976458,0.689530689,0.061720909
74.74754088,0.301805449,2.68919828,0.701248419,0.06769915
74.75217955,0.295342775,2.683939774,0.648067956,0.063136808
74.75681822,0.292838489,2.678600368,0.671503414,0.060069026
74.76145689,0.297847061,2.676739666,0.713867512,0.064474046
74.76609556,0.298654895,2.675849766,0.67060205,0.067148523
74.77073423,0.292596139,2.669215959,0.661588412,0.061170281
74.7753729,0.293161623,2.664361953,0.681418415,0.060855637
74.78001157,0.299139596,2.665413654,0.713867512,0.06691254
74.78465024,0.294696508,2.661773151,0.647166592,0.064946013
74.78928891,0.291303604,2.655867444,0.668799323,0.060776976
74.79392758,0.294938858,2.653764042,0.70395251,0.062743503
74.79856625,0.298493329,2.654249443,0.681418415,0.067935134
74.80320492,0.291626738,2.648181936,0.648969319,0.061956892
74.80784359,0.29073812,2.64268073,0.667897959,0.060540992
74.81248226,0.296958444,2.641467229,0.71116342,0.065811284
74.81712093,0.295100425,2.639687427,0.645363864,0.066047268
74.8217596,0.290172636,2.633700821,0.658884321,0.06038367
74.82639827,0.292273005,2.631112018,0.685925234,0.061878231
74.83103694,0.297847061,2.63256822,0.694037508,0.068013795
74.83567561,0.291545955,2.628927716,0.6444625,0.062900825
74.84031428,0.289445586,2.624316411,0.666996595,0.060069026
74.84495295,0.294777291,2.625287212,0.712064784,0.064552707
74.84959162,0.294858075,2.626258013,0.664292504,0.067227184
74.85423029,0.289122452,2.622536609,0.659785685,0.060855637
74.85886896,0.290414987,2.620756807,0.684122507,0.061012959
74.86350763,0.296716093,2.62391191,0.713867512,0.067305845
74.8681463,0.292192222,2.624073711,0.650772047,0.064395385
74.87278497,0.289041669,2.621080407,0.672404778,0.060540992
74.87742364,0.293242406,2.622374809,0.708459329,0.063136808
74.88206231,0.29639296,2.625529912,0.682319779,0.067935134
74.88670098,0.29001107,2.622051208,0.653476138,0.061956892
74.89133965,0.289849503,2.619057905,0.672404778,0.060619654
74.89597832,0.29639296,2.619786006,0.713867512,0.066125929
74.90061699,0.293646323,2.619381506,0.646265228,0.065811284
74.90525566,0.289041669,2.615336501,0.661588412,0.060147687
74.90989433,0.291788305,2.613475799,0.689530689,0.061720909
74.914533,0.296958444,2.616226402,0.691333417,0.067856472
74.91917167,0.290576553,2.6137185,0.645363864,0.062822164
74.92381034,0.289284019,2.611291497,0.667897959,0.060462331
74.92844901,0.294777291,2.613313999,0.712064784,0.065103335
74.93308768,0.294615724,2.615336501,0.660687048,0.066991201
74.93772635,0.288314618,2.612504998,0.659785685,0.060855637
74.94236502,0.289768719,2.610967897,0.683221143,0.060698315
74.94700369,0.29639296,2.614123,0.707557965,0.067384506
74.95164236,0.291061254,2.612262298,0.6444625,0.06400208
74.95628103,0.287910701,2.608783594,0.666996595,0.060462331
74.9609197,0.292596139,2.608864494,0.704853874,0.063608774
74.96555837,0.295181208,2.611938698,0.674207505,0.06769915
74.97019704,0.288476185,2.609754395,0.653476138,0.061484925
74.97483571,0.288476185,2.608540894,0.674207505,0.06038367
74.97947438,0.295261992,2.610967897,0.714768875,0.06620459
74.98411305,0.292111438,2.612666799,0.647166592,0.065653962
74.98875172,0.288072268,2.610967897,0.665193867,0.060462331
74.99339039,0.291545955,2.612424098,0.695840236,0.062271536
74.99802906,0.295746692,2.617763504,0.693136145,0.067777811
75.00266773,0.289203235,2.617439904,0.650772047,0.062271536
75.0073064,0.288153051,2.616954503,0.673306141,0.060147687
75.01194507,0.293888674,2.621323108,0.719275694,0.064867352
75.01658374,0.293484757,2.626905214,0.666095231,0.066440573
75.02122241,0.287910701,2.628685016,0.67060205,0.060934298
75.02586108,0.289687936,2.633862621,0.698544327,0.061720909
75.03049975,0.295665909,2.643247031,0.721078422,0.067935134
75.03513842,0.29025342,2.648990937,0.66339114,0.064080741
75.03977709,0.288153051,2.653278642,0.687727962,0.060462331
75.04441576,0.293000056,2.661692251,0.728289332,0.063844758
75.04905443,0.294373374,2.672209262,0.695840236,0.067620489
75.0536931,0.288718535,2.678923969,0.681418415,0.061563586
75.05833177,0.289203235,2.68952188,0.707557965,0.060540992
75.06297044,0.295989043,2.705863697,0.748119335,0.066597895
75.06760911,0.292838489,2.71775601,0.681418415,0.065103335
75.07224778,0.288880102,2.726412319,0.701248419,0.060305009
75.07688645,0.293161623,2.736039429,0.732796151,0.062271536
75.08152512,0.297847061,2.747284541,0.722881149,0.067777811
75.08616379,0.291707521,2.750116044,0.683221143,0.062114214
75.09080246,0.290980471,2.751167745,0.70395251,0.060147687
75.09544113,0.297927845,2.75577905,0.748119335,0.065103335
75.1000798,0.296716093,2.759176854,0.685023871,0.06620459
75.10471847,0.291707521,2.756911652,0.689530689,0.06109162
75.10935714,0.293888674,2.75569815,0.712064784,0.061484925
75.11399581,0.300270564,2.757963353,0.728289332,0.068092456
75.11863448,0.294454158,2.754484649,0.668799323,0.063687435
75.12327315,0.291949872,2.750520545,0.691333417,0.060776976
75.12791182,0.29712001,2.749954244,0.731894787,0.064631368
75.13255049,0.298897246,2.750439645,0.689530689,0.067935134
75.13718916,0.292353789,2.744453038,0.675108869,0.061720909
75.14182783,0.292676922,2.739841733,0.692234781,0.061248942
75.1464665,0.299220379,2.740327134,0.727387968,0.06769915
75.15110517,0.295261992,2.738304632,0.661588412,0.065339318
75.15574384,0.291949872,2.737414731,0.688629326,0.060855637
75.16038251,0.295989043,2.743563137,0.729190696,0.06329413
75.16502118,0.299866647,2.75505095,0.720177058,0.068328439
75.16965985,0.293403973,2.757397052,0.683221143,0.062743503
75.17429852,0.292515356,2.756102651,0.699445691,0.061012959
75.17893719,0.298735679,2.75585995,0.73730297,0.06620459
75.18357586,0.29687766,2.752381247,0.666996595,0.066833878
75.18821453,0.292111438,2.743320437,0.675108869,0.060934298
75.1928532,0.294050241,2.737657431,0.697642964,0.061720909
75.19749187,0.298735679,2.735392229,0.705755238,0.067935134
75.20213054,0.292596139,2.728920222,0.648969319,0.063372791
75.20676921,0.290414987,2.721477414,0.669700686,0.060619654
75.21140788,0.295665909,2.717270609,0.710262056,0.064395385
75.21604655,0.296312176,2.714277306,0.665193867,0.067384506
75.22068522,0.290334203,2.706025498,0.657081593,0.06109162
75.22532389,0.290657337,2.700119791,0.678714324,0.060619654
75.22996256,0.296958444,2.698178189,0.709360693,0.066991201
75.23460123,0.292192222,2.692676983,0.643561137,0.064710029
75.2392399,0.288960885,2.686204977,0.666095231,0.060305009
75.24387857,0.293080839,2.683858874,0.70395251,0.06329413
75.24851724,0.296796877,2.687094877,0.685925234,0.067777811
75.25315591,0.290334203,2.686124076,0.658884321,0.06179957
75.25779458,0.290414987,2.688389279,0.685925234,0.06038367
75.26243325,0.297039227,2.701495093,0.742711153,0.065732623
75.26707192,0.295342775,2.718322311,0.687727962,0.066047268
75.27171059,0.291626738,2.734825928,0.710262056,0.060619654
75.27634926,0.294211807,2.750277844,0.739105697,0.061956892
75.28098793,0.29970508,2.760147655,0.73730297,0.068013795
75.2856266,0.293727107,2.758125153,0.676010233,0.063136808
75.29026527,0.291949872,2.752219447,0.690432053,0.06038367
75.29490394,0.29712001,2.749792444,0.727387968,0.064474046
75.29954261,0.297523928,2.748174442,0.672404778,0.066991201
75.30418128,0.291707521,2.741540635,0.668799323,0.060776976
75.30881995,0.292838489,2.73636303,0.689530689,0.061170281
75.31345862,0.298978029,2.734745028,0.715670239,0.06769915
75.31809729,0.294050241,2.730052823,0.650772047,0.064238063
75.32273596,0.290899687,2.723257216,0.672404778,0.060462331
75.32737463,0.295261992,2.719778512,0.706656601,0.063372791
75.3320133,0.298089411,2.718645911,0.679615688,0.067620489
75.33665197,0.291788305,2.710555902,0.652574774,0.06179957
75.34129064,0.291142037,2.702951294,0.669700686,0.060540992
75.34592931,0.297443144,2.699472591,0.710262056,0.06620459
75.35056798,0.294454158,2.693324184,0.641758409,0.065968607
75.35520665,0.289364802,2.684829675,0.65618023,0.06038367
75.35984532,0.292192222,2.679328469,0.685023871,0.062114214
75.36448399,0.297200794,2.677225067,0.685925234,0.067856472
75.36912266,0.290576553,2.671723861,0.639054318,0.062822164
75.37376133,0.288880102,2.666869856,0.66339114,0.060226348
75.3784,0.294373374,2.667597957,0.709360693,0.064788691
75.38303867,0.294615724,2.67034856,0.661588412,0.066676556
75.38767734,0.289607152,2.671966561,0.668799323,0.060619654
75.39231601,0.291465171,2.683454374,0.71116342,0.060855637
75.39695468,0.298250978,2.69874449,0.743612516,0.067541828
75.40159335,0.29380789,2.706672698,0.67781296,0.063923419
75.40623202,0.291142037,2.710232302,0.6967416,0.060305009
75.41087069,0.295746692,2.711526703,0.726486605,0.063530113
75.41550936,0.298089411,2.711445803,0.688629326,0.06769915
75.42014803,0.291545955,2.704811996,0.662489776,0.061563586
75.4247867,0.292030655,2.698420889,0.678714324,0.060462331
75.42942537,0.298978029,2.696074787,0.717472967,0.066283251
75.43406404,0.297039227,2.691625282,0.648969319,0.065260657
75.43870271,0.29380789,2.684020674,0.666996595,0.060698315
75.44334138,0.29687766,2.679166669,0.695840236,0.062192875
75.44798005,0.301967016,2.677710468,0.688629326,0.068013795
75.45261872,0.295019642,2.671319361,0.6444625,0.062507519
75.45725739,0.29356554,2.664847354,0.664292504,0.06038367
75.46189606,0.29946273,2.663067552,0.708459329,0.065181996
75.46653473,0.297847061,2.661773151,0.651673411,0.066833878
75.4711734,0.292192222,2.657242746,0.658884321,0.061012959
75.47581207,0.293727107,2.657242746,0.687727962,0.06179957
75.48045074,0.299381946,2.664119253,0.718374331,0.067620489
75.48508941,0.293727107,2.666708056,0.666095231,0.063844758
75.48972808,0.290818904,2.667031656,0.686826598,0.06038367
75.49436675,0.295665909,2.671723861,0.726486605,0.063923419
75.49900542,0.297443144,2.678357668,0.689530689,0.067777811
75.50364409,0.290657337,2.67997567,0.673306141,0.061327603
75.50828276,0.290818904,2.681270071,0.691333417,0.060934298
75.51292143,0.297200794,2.687337578,0.729190696,0.067305845
75.5175601,0.293242406,2.68968368,0.661588412,0.065339318
75.52219877,0.289364802,2.686609477,0.678714324,0.060698315
75.52683744,0.292676922,2.685638676,0.706656601,0.06258618
75.53147611,0.296796877,2.685315076,0.693136145,0.068013795
75.53611478,0.290091853,2.679166669,0.650772047,0.062192875
75.54075345,0.288880102,2.673260963,0.668799323,0.060226348
75.54539212,0.295181208,2.670105859,0.709360693,0.065339318
75.55003079,0.293969457,2.666141755,0.645363864,0.066519234
75.55466946,0.288799318,2.658132647,0.651673411,0.06038367
75.55930813,0.290334203,2.652631441,0.675108869,0.061484925
75.5639468,0.296150609,2.651013439,0.690432053,0.06769915
75.56858547,0.290091853,2.645593133,0.633646135,0.063136808
75.57322414,0.28766835,2.639040226,0.657982957,0.060226348
75.57786281,0.292434572,2.636613224,0.698544327,0.063766097
75.58250148,0.29380789,2.635561523,0.657081593,0.067069862
75.58714015,0.287345217,2.629170416,0.646265228,0.061248942
75.59177882,0.287749134,2.625044512,0.666996595,0.061012959
75.59641749,0.294050241,2.625691712,0.70395251,0.067069862
75.60105616,0.289849503,2.62383101,0.63725159,0.065181996
75.60569483,0.286052682,2.618734305,0.657982957,0.060540992
75.6103335,0.290091853,2.616792703,0.692234781,0.06258618
75.61497217,0.293646323,2.617925304,0.676010233,0.067777811
75.61961084,0.287102866,2.6140421,0.642659773,0.062114214
75.62424951,0.286860516,2.610320696,0.662489776,0.06038367
75.62888818,0.293080839,2.611129697,0.707557965,0.065732623
75.63352685,0.291545955,2.609916196,0.6444625,0.06620459
75.63816552,0.286375816,2.60506219,0.653476138,0.060305009
75.64280419,0.288960885,2.601583487,0.678714324,0.061484925
75.64744286,0.294777291,2.603039688,0.687727962,0.067856472
75.65208153,0.288637751,2.598751984,0.635448863,0.062979486
75.6567202,0.286537383,2.594706979,0.657982957,0.060462331
75.66135887,0.291869088,2.595677781,0.701248419,0.064159402
75.66599754,0.293000056,2.597133982,0.657081593,0.06691254
75.67063621,0.2869413,2.594140679,0.650772047,0.060855637
75.67527488,0.288233834,2.592360877,0.673306141,0.060540992
75.67991355,0.294454158,2.59559688,0.706656601,0.066755217
75.68455222,0.29001107,2.59503058,0.640857045,0.064080741
75.68919089,0.286618166,2.592199077,0.662489776,0.060226348
75.69382956,0.29073812,2.592684477,0.6967416,0.062900825
75.69846823,0.29380789,2.594221579,0.674207505,0.067463167
75.7031069,0.287264433,2.589610274,0.643561137,0.061563586
75.70774557,0.287022083,2.58548437,0.661588412,0.060226348
75.71238424,0.29332319,2.58605067,0.705755238,0.065732623
75.71702291,0.291061254,2.58556527,0.639955681,0.065968607
75.72166158,0.285891115,2.580953965,0.654377502,0.060698315
75.72630025,0.288718535,2.578850563,0.680517052,0.062192875
75.73093892,0.29380789,2.579578663,0.685925234,0.068092456
75.73557759,0.287345217,2.57626176,0.634547499,0.06329413
75.74021626,0.285406415,2.572702156,0.658884321,0.060462331
75.74485493,0.291142037,2.573106657,0.70395251,0.064788691
75.7494936,0.291222821,2.573753857,0.654377502,0.067148523
75.75413227,0.285406415,2.570113353,0.650772047,0.061248942
75.75877094,0.286537383,2.568414452,0.674207505,0.061327603
75.76340961,0.292596139,2.572783056,0.70395251,0.067620489
75.76804828,0.288476185,2.575210059,0.645363864,0.064474046
75.77268695,0.285002498,2.578122462,0.672404778,0.06038367
75.77732562,0.289284019,2.584109068,0.709360693,0.063058147
75.78196429,0.292353789,2.590095675,0.682319779,0.067541828
75.78660296,0.285971899,2.588234973,0.654377502,0.061563586
75.79124163,0.285729548,2.586374271,0.672404778,0.060462331
75.7958803,0.292353789,2.588477673,0.713867512,0.06620459
75.80051897,0.289930286,2.589124874,0.645363864,0.065339318
75.80515764,0.285891115,2.586616971,0.660687048,0.060462331
75.80979631,0.288960885,2.587264172,0.688629326,0.062035553
75.81443498,0.29356554,2.590823775,0.686826598,0.067777811
75.81907365,0.287022083,2.588315873,0.639054318,0.062743503
75.82371232,0.285244848,2.58621247,0.66339114,0.060619654
75.82835099,0.291142037,2.593008078,0.716571603,0.065103335
75.83298966,0.291061254,2.607246493,0.675108869,0.067069862
75.83762833,0.285406415,2.616873603,0.685023871,0.060776976
75.842267,0.287102866,2.625529912,0.708459329,0.06109162
75.84690567,0.293484757,2.635076122,0.729190696,0.067463167
75.85154434,0.288233834,2.636532324,0.660687048,0.063923419
75.85618301,0.285164064,2.63289182,0.676010233,0.060147687
75.86082168,0.289687936,2.631354718,0.709360693,0.063372791
75.86546035,0.291626738,2.630950218,0.672404778,0.067620489
75.87009902,0.285083281,2.624316411,0.648969319,0.061720909
75.87473769,0.285083281,2.618491605,0.665193867,0.060619654
75.87937636,0.291707521,2.617520804,0.704853874,0.066125929
75.88401503,0.287910701,2.6143657,0.635448863,0.064867352
75.8886537,0.283709963,2.607650993,0.651673411,0.059990365
75.89329237,0.286456599,2.60481949,0.681418415,0.06179957
75.89793104,0.291222821,2.605385791,0.675108869,0.06769915
75.90256971,0.284840931,2.601664387,0.634547499,0.062114214
75.90720838,0.283386829,2.597133982,0.657081593,0.059754382
75.91184705,0.289607152,2.597457582,0.700347055,0.064631368
75.91648572,0.288476185,2.596729482,0.643561137,0.065889946
75.92112439,0.282902129,2.591147376,0.647166592,0.060305009
75.92576306,0.284840931,2.587506872,0.671503414,0.060855637
75.93040173,0.290657337,2.588801273,0.690432053,0.067148523
75.9350404,0.284760147,2.58596977,0.63004068,0.063451452
75.93967907,0.282417428,2.581034865,0.652574774,0.060069026
75.94431774,0.287426,2.580953965,0.692234781,0.06329413
75.94895641,0.288960885,2.582329266,0.657081593,0.066833878
75.95359508,0.282578995,2.578041562,0.641758409,0.060776976
75.95823375,0.282902129,2.575129159,0.661588412,0.060305009
75.96287242,0.289203235,2.577151661,0.701248419,0.066361912
75.96751109,0.285648765,2.57674716,0.633646135,0.064552707
75.97214976,0.281609594,2.574239258,0.654377502,0.059754382
75.97678843,0.285325631,2.575290959,0.686826598,0.06179957
75.9814271,0.289364802,2.578607862,0.676010233,0.067148523
75.98606577,0.283063696,2.575695459,0.639054318,0.06109162
75.99070444,0.282417428,2.572863956,0.658884321,0.059518399
75.99534311,0.288556968,2.574320158,0.703051146,0.064631368
75.99998178,0.28718365,2.574724658,0.642659773,0.06549664
76.00462045,0.281528811,2.571488655,0.649870683,0.05959706
76.00925912,0.284194663,2.569547053,0.674207505,0.06038367
76.01389779,0.290091853,2.572297656,0.688629326,0.066833878
76.01853646,0.28411388,2.571488655,0.635448863,0.062664841
76.02317513,0.281771161,2.569708853,0.658884321,0.059754382
76.0278138,0.287102866,2.572702156,0.701248419,0.063451452
76.03245247,0.288556968,2.577717961,0.662489776,0.066833878
76.03709114,0.282417428,2.576908961,0.652574774,0.06038367
76.04172981,0.283467613,2.57601906,0.672404778,0.060305009
76.04636848,0.290334203,2.579902264,0.706656601,0.066283251
76.05100715,0.286537383,2.580630365,0.639955681,0.064316724
76.05564582,0.283144479,2.577717961,0.658884321,0.059754382
76.06028449,0.287264433,2.577556161,0.690432053,0.062192875
76.06492316,0.290980471,2.579659564,0.671503414,0.067620489
76.06956183,0.284760147,2.575129159,0.63725159,0.061484925
76.0742005,0.283709963,2.570436954,0.657081593,0.059754382
76.07883917,0.289768719,2.570356054,0.701248419,0.065339318
76.08347784,0.288153051,2.568980752,0.635448863,0.065889946
76.08811651,0.283144479,2.563398646,0.645363864,0.060069026
76.09275518,0.285164064,2.560486243,0.671503414,0.061170281
76.09739385,0.29049577,2.561780645,0.680517052,0.067384506
76.10203252,0.284517797,2.558382841,0.628237952,0.062743503
76.10667119,0.282902129,2.553690636,0.652574774,0.059754382
76.11130986,0.28766835,2.553933336,0.694938872,0.063608774
76.11594853,0.288395401,2.555308638,0.648969319,0.066519234
76.1205872,0.282417428,2.551668134,0.6444625,0.060147687
76.12522587,0.283306046,2.550050132,0.666095231,0.059990365
76.12986454,0.290091853,2.553609736,0.699445691,0.066440573
76.13450321,0.286052682,2.554256937,0.636350226,0.06400208
76.13914188,0.282821345,2.553690636,0.659785685,0.059754382
76.14378055,0.286860516,2.55733114,0.698544327,0.062507519
76.14841922,0.290091853,2.564126747,0.678714324,0.067305845
76.15305789,0.284275447,2.565502049,0.651673411,0.06109162
76.15769656,0.283952313,2.568980752,0.673306141,0.059833043
76.16233523,0.290657337,2.575857259,0.716571603,0.065732623
76.1669739,0.288072268,2.581277565,0.651673411,0.065575301
76.17161257,0.283790746,2.58548437,0.669700686,0.059911704
76.17625124,0.2869413,2.59494968,0.700347055,0.06109162
76.18088991,0.292919273,2.608783594,0.707557965,0.067227184
76.18552858,0.287022083,2.618087104,0.662489776,0.062271536
76.19016725,0.285567982,2.626258013,0.686826598,0.059439737
76.19480592,0.291869088,2.640415528,0.735500242,0.063844758
76.19944459,0.292192222,2.659507948,0.689530689,0.066283251
76.20408326,0.2869413,2.675526165,0.689530689,0.060462331
76.20872193,0.288395401,2.695265786,0.716571603,0.060540992
76.2133606,0.295665909,2.721072914,0.749922063,0.067148523
76.21799927,0.291303604,2.739113633,0.687727962,0.063844758
76.22263794,0.288395401,2.750196944,0.71116342,0.060069026
76.22727661,0.292757706,2.760956656,0.742711153,0.062822164
76.23191528,0.295746692,2.769612965,0.710262056,0.067148523
76.23655395,0.289203235,2.769693865,0.682319779,0.061170281
76.24119262,0.289122452,2.767590463,0.698544327,0.059754382
76.24583129,0.296069826,2.768642164,0.73730297,0.065575301
76.25046996,0.292757706,2.76532526,0.664292504,0.065181996
76.25510863,0.287991484,2.757154352,0.676010233,0.059990365
76.2597473,0.290818904,2.752300347,0.702149782,0.061563586
76.26438597,0.295504342,2.751491346,0.698544327,0.067620489
76.26902464,0.288880102,2.74647554,0.653476138,0.062428858
76.27366331,0.287345217,2.741702435,0.678714324,0.059754382
76.27830198,0.292676922,2.742915937,0.724683877,0.064395385
76.28294065,0.292515356,2.744938439,0.672404778,0.066361912
76.28757932,0.286295032,2.743724938,0.676911597,0.060147687
76.29221799,0.288072268,2.74639464,0.702149782,0.06038367
76.29685666,0.294373374,2.75553635,0.729190696,0.066755217
76.30149533,0.288799318,2.762655558,0.672404778,0.06329413
76.306134,0.286133465,2.770341066,0.701248419,0.059754382
76.31077267,0.291222821,2.784903081,0.747217972,0.062900825
76.31541134,0.293727107,2.803591001,0.721078422,0.06691254
76.32005001,0.287749134,2.817101315,0.705755238,0.060698315
76.32468868,0.287910701,2.83133973,0.727387968,0.059518399
76.32932735,0.294858075,2.846387146,0.768850702,0.065732623
76.33396602,0.291384388,2.858279459,0.703051146,0.064552707
76.33860469,0.287749134,2.869443671,0.722881149,0.059675721
76.34324336,0.291303604,2.883277586,0.752626154,0.061248942
76.34788203,0.296150609,2.903179007,0.745415244,0.067305845
76.3525207,0.289526369,2.916770221,0.700347055,0.061720909
76.35715937,0.288395401,2.921300626,0.716571603,0.059675721
76.36179804,0.294696508,2.92558833,0.756231609,0.064946013
76.36643671,0.293727107,2.92550743,0.693136145,0.066283251
76.37107538,0.288476185,2.917660122,0.692234781,0.060226348
76.37571405,0.290334203,2.910298214,0.712064784,0.060540992
76.38035272,0.296069826,2.90641501,0.725585241,0.067227184
76.38499139,0.290576553,2.896302499,0.660687048,0.063136808
76.38963006,0.28766835,2.882792185,0.678714324,0.059833043
76.39426873,0.292596139,2.872194274,0.714768875,0.06329413
76.3989074,0.294050241,2.863214364,0.675108869,0.066991201
76.40354607,0.28766835,2.848975949,0.657081593,0.061012959
76.40818474,0.288233834,2.836921836,0.674207505,0.06038367
76.41282341,0.294696508,2.830368929,0.712966148,0.066440573
76.41746208,0.290818904,2.822278921,0.645363864,0.064631368
76.42210075,0.28718365,2.81216641,0.666095231,0.059990365
76.42673942,0.290980471,2.805613503,0.698544327,0.062271536
76.43137809,0.295019642,2.802053899,0.685925234,0.06769915
76.43601676,0.288880102,2.793802091,0.648969319,0.062271536
76.44065543,0.287991484,2.785307582,0.671503414,0.060226348
76.4452941,0.294534941,2.780777177,0.715670239,0.065103335
76.44993277,0.292919273,2.77479057,0.652574774,0.066125929
76.45457144,0.287991484,2.764273559,0.660687048,0.060540992
76.45921011,0.290172636,2.756021751,0.684122507,0.061327603
76.46384878,0.295989043,2.751248646,0.695840236,0.068013795
76.46848745,0.289768719,2.742835037,0.638152954,0.063530113
76.47312612,0.287264433,2.733693327,0.660687048,0.060462331
76.47776479,0.292353789,2.729729223,0.702149782,0.064080741
76.48240346,0.29380789,2.72689772,0.659785685,0.067463167
76.48704213,0.28766835,2.720344813,0.650772047,0.061248942
76.4916808,0.288395401,2.714115506,0.67060205,0.060855637
76.49631947,0.294615724,2.712497504,0.705755238,0.066833878
76.50095814,0.29025342,2.7087761,0.639955681,0.064316724
76.50559681,0.2869413,2.702304094,0.660687048,0.060069026
76.51023548,0.290414987,2.700362492,0.694938872,0.062507519
76.51487415,0.294454158,2.700928792,0.678714324,0.06769915
76.51951282,0.288153051,2.698178189,0.649870683,0.062035553
76.52415149,0.287426,2.696155687,0.673306141,0.060540992
76.52879016,0.293969457,2.697369188,0.716571603,0.065653962
76.53342883,0.292273005,2.695508486,0.648969319,0.065889946
76.5380675,0.287506784,2.68936008,0.659785685,0.060619654
76.54270617,0.289930286,2.685881376,0.685925234,0.061563586
76.54734484,0.295585125,2.687661178,0.695840236,0.06769915
76.55198351,0.289607152,2.685881376,0.6444625,0.063372791
76.55662218,0.288072268,2.682402672,0.667897959,0.060462331
76.56126085,0.29380789,2.682645373,0.710262056,0.064631368
76.56589952,0.294454158,2.683373474,0.66339114,0.067069862
76.57053819,0.288960885,2.679571169,0.657081593,0.061248942
76.57517686,0.289445586,2.677063267,0.679615688,0.060855637
76.57981553,0.296150609,2.67965207,0.710262056,0.067227184
76.5844542,0.292030655,2.677629567,0.6444625,0.064395385
76.58909287,0.288637751,2.672613762,0.665193867,0.060462331
76.59373154,0.292515356,2.672047462,0.700347055,0.062900825
76.59837021,0.295665909,2.672532862,0.676010233,0.067777811
76.60300888,0.289122452,2.668406958,0.646265228,0.061720909
76.60764755,0.288880102,2.663552952,0.666095231,0.060462331
76.61228622,0.295019642,2.662905752,0.709360693,0.065968607
76.61692489,0.292434572,2.660155149,0.640857045,0.065732623
76.62156356,0.28766835,2.652874141,0.654377502,0.060462331
76.62620223,0.290657337,2.648990937,0.682319779,0.061720909
76.6308409,0.295342775,2.648505537,0.685925234,0.06769915
76.63547957,0.288960885,2.643247031,0.63725159,0.062664841
76.64011824,0.2869413,2.637988525,0.658884321,0.060147687
76.64475691,0.292515356,2.636936824,0.703051146,0.064395385
76.64939558,0.292273005,2.637098624,0.652574774,0.066833878
76.65403425,0.286214249,2.632001919,0.649870683,0.060619654
76.65867292,0.287345217,2.627956915,0.671503414,0.060698315
76.66331159,0.293484757,2.629008616,0.698544327,0.066991201
76.66795026,0.288395401,2.626905214,0.635448863,0.063766097
76.67258893,0.286052682,2.624316411,0.660687048,0.060069026
76.6772276,0.29073812,2.628361415,0.70395251,0.063058147
76.68186627,0.29380789,2.636694124,0.681418415,0.067463167
76.68650494,0.287749134,2.639363827,0.662489776,0.061484925
76.69114361,0.287829917,2.643651531,0.688629326,0.060540992
76.69578228,0.295746692,2.66144955,0.758935701,0.065968607
76.70042095,0.294615724,2.686528577,0.723782513,0.065181996
76.70505962,0.292192222,2.706187298,0.752626154,0.060147687
76.70969829,0.295585125,2.718403211,0.768850702,0.061878231
76.71433696,0.300674481,2.723338116,0.746316608,0.067856472
76.71897563,0.293646323,2.71807961,0.683221143,0.062428858
76.7236143,0.292030655,2.709827802,0.691333417,0.060226348
76.72825297,0.297847061,2.704488396,0.724683877,0.064867352
76.73289164,0.296796877,2.69906809,0.661588412,0.066755217
76.73753031,0.290657337,2.68976458,0.657982957,0.061012959
76.74216898,0.291788305,2.682159972,0.676911597,0.061248942
76.74680765,0.298089411,2.678923969,0.697642964,0.067463167
76.75144632,0.292596139,2.673099163,0.63725159,0.063844758
76.75608499,0.289607152,2.666141755,0.658884321,0.060147687
76.76072366,0.293727107,2.663067552,0.697642964,0.06329413
76.76536233,0.296554527,2.66104505,0.662489776,0.067384506
76.770001,0.289768719,2.654087642,0.641758409,0.061170281
76.77463967,0.289445586,2.648424636,0.660687048,0.060462331
76.77927834,0.296069826,2.646563934,0.702149782,0.066361912
76.78391701,0.292353789,2.643327931,0.634547499,0.064946013
76.78855568,0.28766835,2.638069425,0.654377502,0.060226348
76.79319435,0.291222821,2.638069425,0.689530689,0.061878231
76.79783302,0.295746692,2.643894232,0.688629326,0.067935134
76.80247169,0.29001107,2.647372935,0.658884321,0.062192875
76.80711036,0.289203235,2.651175239,0.680517052,0.060147687
76.81174903,0.295181208,2.657000046,0.723782513,0.065103335
76.8163877,0.294373374,2.659831549,0.661588412,0.066361912
76.82102637,0.288718535,2.656110145,0.66339114,0.060462331
76.82566504,0.290172636,2.653116841,0.684122507,0.061170281
76.83030371,0.295989043,2.653440442,0.700347055,0.067227184
76.83494238,0.290091853,2.649638138,0.640857045,0.063451452
76.83958105,0.287506784,2.645593133,0.662489776,0.059990365
76.84421972,0.292273005,2.645269533,0.702149782,0.063687435
76.84885839,0.293969457,2.647292035,0.664292504,0.067305845
76.85349706,0.287345217,2.644622332,0.651673411,0.060776976
76.85813573,0.288153051,2.644136932,0.675108869,0.06038367
76.8627744,0.294777291,2.648667337,0.712064784,0.066597895
76.86741307,0.290899687,2.649719038,0.6444625,0.064552707
76.87205174,0.287506784,2.648020136,0.665193867,0.060226348
76.87669041,0.291222821,2.651013439,0.699445691,0.062350197
76.88132908,0.295746692,2.656433745,0.686826598,0.067777811
76.88596775,0.289203235,2.657404546,0.653476138,0.061406264
76.89060642,0.288314618,2.657485446,0.676911597,0.059754382
76.89524509,0.294615724,2.663148452,0.721979786,0.064946013
76.89988376,0.293161623,2.666708056,0.660687048,0.065968607
76.90452243,0.28766835,2.665251854,0.668799323,0.060462331
76.9091611,0.29001107,2.664119253,0.692234781,0.061406264
76.91379977,0.295504342,2.666546256,0.703051146,0.067541828
76.91843844,0.289607152,2.661934951,0.6444625,0.062900825
76.92307711,0.287426,2.656676445,0.665193867,0.059990365
76.92771578,0.292596139,2.655220244,0.704853874,0.063608774
76.93235445,0.29380789,2.654896643,0.660687048,0.067148523
76.93699312,0.287264433,2.647858336,0.651673411,0.06109162
76.94163179,0.287829917,2.643166131,0.672404778,0.060776976
76.94627046,0.294534941,2.643489731,0.706656601,0.066755217
76.95090913,0.289930286,2.641224529,0.641758409,0.064080741
76.9555478,0.286375816,2.637017724,0.66339114,0.059754382
76.96018647,0.29025342,2.637745825,0.700347055,0.062428858
76.96482514,0.294131024,2.643408831,0.688629326,0.067384506
76.96946381,0.287587567,2.645269533,0.662489776,0.061406264
76.97410248,0.286698949,2.647696536,0.686826598,0.059990365
76.97874115,0.292919273,2.65190334,0.730993423,0.065575301
76.98337982,0.290980471,2.654006742,0.66339114,0.065575301
76.98801849,0.285891115,2.649152737,0.672404778,0.060147687
76.99265716,0.287749134,2.645350433,0.692234781,0.06109162
76.99729583,0.293403973,2.644784133,0.695840236,0.067305845
77.0019345,0.287264433,2.638069425,0.639955681,0.062428858
77.00657317,0.284921714,2.630383917,0.658884321,0.059518399
77.01121184,0.290091853,2.627228814,0.699445691,0.063844758
77.01585051,0.290899687,2.626338913,0.650772047,0.066676556
77.02048918,0.285002498,2.619705106,0.645363864,0.060226348
77.02512785,0.286052682,2.614689301,0.665193867,0.060462331
77.02976652,0.292192222,2.614770201,0.694938872,0.066676556
77.03440519,0.287587567,2.611615097,0.63004068,0.063766097
77.03904386,0.284921714,2.606356592,0.652574774,0.059754382
77.04368253,0.288476185,2.60481949,0.688629326,0.06258618
77.0483212,0.291465171,2.607003793,0.665193867,0.067069862
77.05295987,0.284921714,2.603282389,0.639054318,0.061170281
77.05759854,0.28411388,2.599075584,0.660687048,0.059990365
77.06223721,0.290980471,2.600936286,0.705755238,0.065811284
77.06687588,0.288233834,2.602554288,0.641758409,0.06549664
77.07151455,0.283467613,2.601421687,0.657982957,0.060226348
77.07615322,0.286456599,2.60473859,0.690432053,0.061563586
77.08079189,0.291626738,2.616388202,0.705755238,0.067463167
77.08543056,0.285648765,2.631031118,0.67781296,0.062271536
77.09006923,0.284437014,2.646321234,0.71116342,0.059754382
77.0947079,0.29001107,2.660559649,0.755330246,0.064316724
77.09934657,0.290172636,2.667921557,0.694037508,0.066676556
77.10398524,0.284437014,2.664442853,0.681418415,0.060698315
77.10862391,0.286133465,2.66120685,0.695840236,0.06038367
77.11326258,0.292596139,2.661934951,0.716571603,0.066676556
77.11790125,0.287829917,2.658860748,0.650772047,0.06329413
77.12253992,0.284921714,2.653278642,0.669700686,0.05959706
77.12717859,0.289607152,2.65190334,0.704853874,0.062743503
77.13181726,0.291788305,2.652388741,0.672404778,0.067069862
77.13645593,0.285244848,2.647372935,0.648969319,0.060776976
77.1410946,0.285002498,2.643975132,0.667897959,0.059911704
77.14573327,0.291949872,2.644056032,0.707557965,0.06549664
77.15037194,0.288395401,2.642923431,0.639955681,0.064788691
77.15501061,0.284033097,2.638554826,0.657081593,0.059754382
77.15964928,0.287022083,2.636370524,0.685925234,0.061327603
77.16428795,0.291465171,2.637260425,0.683221143,0.067463167
77.16892662,0.285244848,2.63289182,0.639054318,0.062192875
77.17356529,0.283709963,2.629332216,0.662489776,0.059675721
77.17820396,0.289607152,2.63289182,0.709360693,0.064710029
77.18284263,0.289284019,2.637017724,0.657982957,0.066597895
77.1874813,0.283386829,2.636046923,0.662489776,0.060147687
77.19211997,0.284921714,2.635318823,0.685023871,0.060226348
77.19675864,0.291303604,2.637503125,0.702149782,0.066991201
77.20139731,0.285891115,2.634024421,0.639054318,0.063215469
77.20603598,0.282982912,2.628118715,0.659785685,0.059675721
77.21067465,0.287587567,2.625610812,0.697642964,0.063058147
77.21531332,0.289607152,2.626338913,0.661588412,0.066833878
77.21995199,0.283306046,2.620271407,0.642659773,0.061012959
77.22459066,0.283306046,2.615498302,0.661588412,0.060226348
77.22922933,0.29001107,2.615012901,0.700347055,0.066125929
77.233868,0.286779733,2.611695997,0.631843407,0.065024674
77.23850667,0.282498212,2.606275692,0.650772047,0.060069026
77.24314534,0.285729548,2.603201488,0.681418415,0.062114214
77.24778401,0.289687936,2.603363289,0.673306141,0.067856472
77.25242268,0.283386829,2.598428383,0.632744771,0.062271536
77.25706135,0.282498212,2.593897979,0.653476138,0.059911704
77.26170002,0.288799318,2.593736178,0.698544327,0.064946013
77.26633869,0.287506784,2.593331678,0.639054318,0.066361912
77.27097736,0.282094294,2.588154073,0.647166592,0.060540992
77.27561603,0.284275447,2.58564617,0.671503414,0.061170281
77.2802547,0.290091853,2.587425972,0.688629326,0.06769915
77.28489337,0.284194663,2.58548437,0.630942044,0.063766097
77.28953204,0.281851944,2.581439365,0.654377502,0.060147687
77.29417071,0.287264433,2.581601166,0.694938872,0.063766097
77.29880938,0.288395401,2.583785468,0.655278866,0.067384506
77.30344805,0.282175078,2.580468564,0.642659773,0.06109162
77.30808672,0.282821345,2.578688762,0.66339114,0.060619654
77.31272539,0.289364802,2.581601166,0.700347055,0.066833878
77.31736406,0.285567982,2.581520265,0.633646135,0.064631368
77.32200273,0.282094294,2.579578663,0.655278866,0.060147687
77.3266414,0.285487198,2.581277565,0.688629326,0.062271536
77.33128007,0.289526369,2.586293371,0.675108869,0.067541828
77.33591874,0.282821345,2.586455171,0.639955681,0.06179957
77.34055741,0.282013511,2.58564617,0.660687048,0.060069026
77.34519608,0.288314618,2.590581075,0.704853874,0.065103335
77.34983475,0.286860516,2.594383379,0.643561137,0.065889946
77.35447342,0.281609594,2.593169878,0.654377502,0.06038367
77.35911209,0.283952313,2.593817079,0.679615688,0.061012959
77.36375076,0.289849503,2.597862083,0.690432053,0.067463167
77.36838943,0.28435623,2.596891282,0.635448863,0.062900825
77.3730281,0.281690377,2.594221579,0.65618023,0.060147687
77.37766677,0.287022083,2.595677781,0.6967416,0.063766097
77.38230544,0.288072268,2.597376682,0.651673411,0.066833878
77.38694411,0.281609594,2.593736178,0.642659773,0.060698315
77.39158278,0.283386829,2.591470976,0.66339114,0.060069026
77.39622145,0.289687936,2.593897979,0.695840236,0.066676556
77.40086012,0.285244848,2.593331678,0.629139316,0.064159402
77.40549879,0.282094294,2.589205774,0.650772047,0.05959706
77.41013746,0.285648765,2.588477673,0.684122507,0.062271536
77.41477613,0.289526369,2.590742875,0.665193867,0.067384506
77.4194148,0.283144479,2.587183271,0.634547499,0.061406264
77.42405347,0.282578995,2.585160769,0.655278866,0.059833043
77.42869214,0.289122452,2.587345072,0.700347055,0.065417979
77.43333081,0.287264433,2.588720373,0.634547499,0.065653962
77.43796948,0.282417428,2.58613157,0.648067956,0.059911704
77.44260815,0.285567982,2.586374271,0.676010233,0.061406264
77.44724682,0.290899687,2.591956377,0.685023871,0.067620489
77.45188549,0.285567982,2.592765377,0.636350226,0.062664841
77.45652416,0.283952313,2.594302479,0.662489776,0.060147687
77.46116283,0.290334203,2.601340787,0.706656601,0.064316724
77.4658015,0.291222821,2.608945395,0.657982957,0.067069862
77.47044017,0.286052682,2.609835296,0.653476138,0.060462331
77.47507884,0.2869413,2.612181398,0.676010233,0.06038367
77.47971751,0.29380789,2.617197203,0.703051146,0.06691254
77.48435618,0.289203235,2.618087104,0.63725159,0.063923419
77.48899485,0.286295032,2.615417401,0.657982957,0.059990365
77.49363352,0.29049577,2.615336501,0.691333417,0.062743503
77.49827219,0.293080839,2.617035403,0.665193867,0.067463167
77.50291086,0.286375816,2.612343198,0.63725159,0.061406264
77.50754953,0.285648765,2.608783594,0.655278866,0.060147687
77.5121882,0.291949872,2.608540894,0.698544327,0.065653962
77.51682687,0.289041669,2.607246493,0.63004068,0.065339318
77.52146554,0.28435623,2.601907087,0.643561137,0.060226348
77.52610421,0.28718365,2.599803685,0.672404778,0.061563586
77.53074288,0.292192222,2.600369985,0.672404778,0.067541828
77.53538155,0.285729548,2.59559688,0.623731133,0.062743503
77.54002022,0.284275447,2.589852974,0.6444625,0.060069026
77.54465889,0.29001107,2.588801273,0.688629326,0.064395385
77.54929756,0.289849503,2.587425972,0.635448863,0.066440573
77.55393623,0.284033097,2.580953965,0.634547499,0.060462331
77.5585749,0.285487198,2.576908961,0.657081593,0.060776976
77.56321357,0.291949872,2.577070761,0.682319779,0.066991201
77.56785224,0.286779733,2.574320158,0.620125678,0.063687435
77.57249091,0.283952313,2.568738052,0.6444625,0.060305009
77.57712958,0.289041669,2.56687735,0.683221143,0.063608774
77.58176825,0.292192222,2.567929051,0.653476138,0.067777811
77.58640692,0.287506784,2.563398646,0.632744771,0.061406264
77.59104559,0.288314618,2.560162643,0.654377502,0.060462331
77.59568426,0.295989043,2.561699744,0.6967416,0.066519234
77.60032293,0.293403973,2.560728943,0.63004068,0.065575301
77.6049616,0.289687936,2.556683939,0.648067956,0.060540992
77.60960027,0.293080839,2.556036738,0.67781296,0.062192875
77.61423894,0.297604711,2.560162643,0.674207505,0.067856472
77.61887761,0.290818904,2.560809844,0.634547499,0.062271536
77.62351628,0.289284019,2.564854848,0.666996595,0.059990365
77.62815495,0.295261992,2.576908961,0.724683877,0.064631368
77.63279362,0.294292591,2.58588887,0.67060205,0.066440573
77.63743229,0.288718535,2.58596977,0.667897959,0.06038367
77.64207096,0.289364802,2.584998969,0.684122507,0.060934298
77.64670963,0.295261992,2.587425972,0.699445691,0.067541828
77.6513483,0.289768719,2.584432669,0.635448863,0.063766097
77.65598697,0.2869413,2.580468564,0.65618023,0.060305009
77.66062564,0.291949872,2.581843866,0.694037508,0.063451452
77.66526431,0.294131024,2.584513569,0.658884321,0.067541828
77.66990298,0.287264433,2.583300067,0.645363864,0.061327603
77.67454165,0.2869413,2.584837169,0.667897959,0.060462331
77.67918032,0.29356554,2.591147376,0.709360693,0.066361912
77.68381899,0.289687936,2.592765377,0.641758409,0.065024674
77.68845766,0.285164064,2.589933874,0.657982957,0.060305009
77.69309633,0.288314618,2.589205774,0.685925234,0.062271536
77.697735,0.292111438,2.590742875,0.673306141,0.067856472
77.70237367,0.285244848,2.58588887,0.632744771,0.062035553
77.70701234,0.28411388,2.580873065,0.652574774,0.060069026
77.71165101,0.290091853,2.580711265,0.694938872,0.065181996
77.71628968,0.288960885,2.579740464,0.634547499,0.066519234
77.72092835,0.283063696,2.574805558,0.641758409,0.060540992
77.72556702,0.285083281,2.571650455,0.665193867,0.061170281
77.73020569,0.291303604,2.572702156,0.681418415,0.067541828
77.73484436,0.285810332,2.569708853,0.624632497,0.063372791
77.73948303,0.283063696,2.564450347,0.645363864,0.060226348
77.7441217,0.287829917,2.563317746,0.685925234,0.063923419
77.74876037,0.289284019,2.563075046,0.645363864,0.067463167
77.75339904,0.282659778,2.55716934,0.631843407,0.061327603
77.75803771,0.283386829,2.553609736,0.653476138,0.060540992
77.76267638,0.289607152,2.555389538,0.690432053,0.06691254
77.76731505,0.285406415,2.553609736,0.623731133,0.065024674
77.77195372,0.281367244,2.548998431,0.646265228,0.060698315
77.77659239,0.284921714,2.549079331,0.680517052,0.063136808
77.78123106,0.288799318,2.552962535,0.669700686,0.068328439
77.78586973,0.282336645,2.552315335,0.63725159,0.062350197
77.7905084,0.281609594,2.551425434,0.659785685,0.060934298
77.79514707,0.288072268,2.554904137,0.706656601,0.06620459
77.79978574,0.286375816,2.55757384,0.645363864,0.066991201
77.80442441,0.281124893,2.555227738,0.65618023,0.061484925
77.80906308,0.283467613,2.554580537,0.681418415,0.062507519
77.81370175,0.289364802,2.556603039,0.688629326,0.068564422
77.81834042,0.282740562,2.553286136,0.63004068,0.064316724
77.82297909,0.28080176,2.548674831,0.649870683,0.06109162
77.82761776,0.286052682,2.547056829,0.688629326,0.065024674
77.83225643,0.2869413,2.546814129,0.640857045,0.068092456
77.8368951,0.28080176,2.541474723,0.631843407,0.061878231
77.84153377,0.281205677,2.537187018,0.654377502,0.061406264
77.84617244,0.28766835,2.537834219,0.685925234,0.067777811
77.85081111,0.282902129,2.535164516,0.619224315,0.065181996
77.85544978,0.279105308,2.530795912,0.640857045,0.061012959
77.86008845,0.282982912,2.52909701,0.675108869,0.063608774
77.86472712,0.286214249,2.532009413,0.654377502,0.068643083
77.86936579,0.279347658,2.52942061,0.625533861,0.062428858
77.87400446,0.278862958,2.526265507,0.647166592,0.06109162
77.87864313,0.285002498,2.527479008,0.692234781,0.066519234
77.8832818,0.282659778,2.527802609,0.627336589,0.066361912
77.88792047,0.27748964,2.524000304,0.640857045,0.06109162
77.89255914,0.280317059,2.523919404,0.666996595,0.062271536
77.89719781,0.285891115,2.526831807,0.673306141,0.068485761
77.90183648,0.279670792,2.525456506,0.623731133,0.06329413
77.90647515,0.277812773,2.522544103,0.645363864,0.060698315
77.91111382,0.283467613,2.523838504,0.687727962,0.065103335
77.91575249,0.283952313,2.525780106,0.639955681,0.067541828
77.92039116,0.278135907,2.521977802,0.635448863,0.061248942
77.92502983,0.279590008,2.5197126,0.658884321,0.061406264
77.9296685,0.285971899,2.523434004,0.687727962,0.067856472
77.93430717,0.281124893,2.522382303,0.624632497,0.064395385
77.93894584,0.278539824,2.518903599,0.646265228,0.06038367
77.94358451,0.282498212,2.5197935,0.684122507,0.063215469
77.94822318,0.285648765,2.523434004,0.659785685,0.068328439
77.95286185,0.279751575,2.521330602,0.636350226,0.062271536
77.95750052,0.279347658,2.520440701,0.657081593,0.060855637
77.96213919,0.285891115,2.524000304,0.699445691,0.066676556
77.96677786,0.282982912,2.525456506,0.632744771,0.066125929
77.97141653,0.278378257,2.522301403,0.648067956,0.060855637
77.9760552,0.281448027,2.521735102,0.675108869,0.062271536
77.98069387,0.286456599,2.524971106,0.673306141,0.068171117
77.98533254,0.279913142,2.522463203,0.625533861,0.063136808
77.98997121,0.278378257,2.5196317,0.647166592,0.060540992
77.99460988,0.28435623,2.521492402,0.690432053,0.064946013
77.99924855,0.283709963,2.523434004,0.636350226,0.066991201
78.00388722,0.278297474,2.520440701,0.636350226,0.06109162
78.00852589,0.279428442,2.5199553,0.658884321,0.061248942
78.01316456,0.285406415,2.523029503,0.682319779,0.067541828
78.01780323,0.280640193,2.522625003,0.621928406,0.064159402
78.0224419,0.277408856,2.521573302,0.646265228,0.060462331
78.02708057,0.282417428,2.524485705,0.687727962,0.063766097
78.03171924,0.28459858,2.529906011,0.657081593,0.067777811
78.03635791,0.27797434,2.530310511,0.639054318,0.061484925
78.04099658,0.277812773,2.532009413,0.662489776,0.060698315
78.04563525,0.284275447,2.53904772,0.706656601,0.066519234
78.05027392,0.281367244,2.545438827,0.641758409,0.065575301
78.05491259,0.277328073,2.54802763,0.662489776,0.060855637
78.05955126,0.28080176,2.553933336,0.693136145,0.06258618
78.06418993,0.285406415,2.561861545,0.690432053,0.068249778
78.0688286,0.279266875,2.565744749,0.655278866,0.063136808
78.07346727,0.278297474,2.568657152,0.676911597,0.060698315
78.07810594,0.28459858,2.573349357,0.715670239,0.06549664
78.08274461,0.283952313,2.57634266,0.652574774,0.06691254
78.08738328,0.278620607,2.573753857,0.652574774,0.061012959
78.09202195,0.280236276,2.572378556,0.672404778,0.061484925
78.09666062,0.286698949,2.575452759,0.689530689,0.06769915
78.10129929,0.281367244,2.573592057,0.628237952,0.064080741
78.10593796,0.278539824,2.570922354,0.650772047,0.060540992
78.11057663,0.283629179,2.572054955,0.690432053,0.063530113
78.1152153,0.285164064,2.57634266,0.654377502,0.067227184
78.11985397,0.278943741,2.573753857,0.639054318,0.061170281
78.12449264,0.279105308,2.573268457,0.659785685,0.060226348
78.12913131,0.286214249,2.577232561,0.6967416,0.066676556
78.13376998,0.282821345,2.578122462,0.628237952,0.065024674
78.13840865,0.278943741,2.575614559,0.650772047,0.060305009
78.14304732,0.282740562,2.57626176,0.684122507,0.062350197
78.14768599,0.287022083,2.579174163,0.674207505,0.068092456
78.15232466,0.280640193,2.57626176,0.635448863,0.062350197
78.15696333,0.279832359,2.573996558,0.657081593,0.060619654
78.161602,0.286456599,2.575776359,0.700347055,0.065339318
78.16624067,0.285164064,2.57601906,0.638152954,0.066597895
78.17087934,0.280317059,2.573025756,0.645363864,0.060698315
78.17551801,0.282578995,2.573349357,0.67060205,0.061484925
78.18015668,0.288637751,2.577960662,0.685925234,0.067777811
78.18479535,0.283467613,2.579578663,0.630942044,0.063608774
78.18943402,0.281690377,2.581843866,0.657081593,0.060698315
78.19407269,0.287910701,2.590257475,0.70395251,0.064316724
78.19871136,0.290334203,2.603444189,0.67060205,0.067463167
78.20335003,0.28459858,2.610806097,0.660687048,0.061327603
78.2079887,0.285487198,2.617601704,0.680517052,0.060776976
78.21262737,0.292676922,2.627633314,0.715670239,0.067384506
78.21726604,0.289203235,2.634590722,0.648067956,0.065181996
78.22190471,0.285083281,2.637907625,0.668799323,0.060698315
78.22654338,0.289364802,2.643975132,0.700347055,0.063058147
78.23118205,0.292919273,2.649557238,0.680517052,0.068171117
78.23582072,0.286375816,2.645350433,0.642659773,0.062114214
78.24045939,0.285567982,2.639282927,0.658884321,0.060226348
78.24509806,0.291626738,2.636532324,0.699445691,0.065575301
78.24973673,0.289768719,2.631678319,0.632744771,0.066125929
78.2543754,0.283952313,2.622779309,0.641758409,0.060462331
78.25901407,0.286052682,2.616873603,0.664292504,0.061484925
78.26365274,0.291465171,2.6144466,0.673306141,0.067935134
78.26829141,0.285164064,2.607650993,0.618322951,0.063136808
78.27293008,0.282821345,2.599965485,0.639955681,0.06038367
78.27756875,0.288314618,2.596244081,0.681418415,0.064159402
78.28220742,0.288880102,2.593817079,0.636350226,0.067227184
78.28684609,0.282417428,2.586940571,0.63004068,0.061012959
78.29148476,0.282902129,2.582086566,0.654377502,0.060698315
78.29612343,0.289364802,2.582410166,0.686826598,0.06691254
78.3007621,0.284275447,2.579821364,0.623731133,0.064316724
78.30540077,0.281205677,2.575533659,0.645363864,0.060069026
78.31003944,0.285083281,2.574643758,0.682319779,0.062822164
78.31467811,0.288314618,2.576908961,0.660687048,0.067856472
78.31931678,0.281448027,2.573430257,0.632744771,0.061878231
78.32395545,0.281124893,2.570922354,0.654377502,0.060540992
78.32859412,0.287345217,2.571407755,0.6967416,0.066047268
78.33323279,0.284517797,2.569142552,0.63004068,0.066125929
78.33787146,0.279670792,2.562508745,0.642659773,0.060776976
78.34251013,0.282175078,2.559353642,0.668799323,0.061878231
78.3471488,0.287345217,2.559758142,0.67060205,0.068092456
78.35178747,0.281367244,2.555146838,0.620125678,0.063058147
78.35642614,0.279266875,2.549322031,0.641758409,0.060540992
78.36106481,0.285406415,2.548593931,0.685925234,0.064395385
78.36570348,0.285406415,2.549564732,0.635448863,0.067069862
78.37034215,0.279751575,2.545681527,0.632744771,0.061012959
78.37498082,0.280963327,2.542850024,0.653476138,0.060934298
78.37961949,0.287264433,2.543578125,0.679615688,0.067463167
78.38425816,0.281690377,2.539614021,0.613816132,0.064159402
78.38889683,0.278297474,2.533708315,0.636350226,0.059990365
78.3935355,0.282902129,2.531604913,0.673306141,0.063136808
78.39817417,0.285244848,2.532575714,0.645363864,0.06769915
78.40281284,0.278782174,2.52925881,0.625533861,0.061406264
78.40745151,0.278378257,2.527640808,0.647166592,0.060540992
78.41209018,0.284679364,2.529986911,0.689530689,0.06620459
78.41672885,0.281528811,2.52950151,0.621027042,0.06549664
78.42136752,0.277166506,2.525132906,0.63725159,0.060305009
78.42600619,0.279993926,2.523434004,0.665193867,0.061878231
78.43064486,0.284679364,2.525213806,0.664292504,0.067777811
78.43528353,0.27821669,2.521654202,0.618322951,0.062507519
78.4399222,0.276520239,2.517285597,0.639054318,0.060147687
78.44456087,0.282821345,2.517285597,0.683221143,0.065103335
78.44919954,0.282417428,2.518013698,0.628237952,0.066833878
78.45383821,0.276681805,2.513159693,0.63004068,0.060934298
78.45847688,0.277893557,2.511460791,0.653476138,0.061248942
78.46311555,0.284517797,2.513483293,0.676911597,0.067541828
78.46775422,0.279024525,2.511703491,0.615618859,0.06400208
78.47239289,0.276277888,2.508143888,0.639054318,0.060147687
78.47703156,0.280882543,2.51008549,0.678714324,0.063608774
78.48167023,0.283306046,2.513402393,0.646265228,0.067384506
78.4863089,0.277004939,2.511865292,0.627336589,0.061406264
78.49094757,0.277004939,2.509600089,0.648067956,0.060540992
78.49558624,0.283548396,2.512107992,0.689530689,0.066361912
78.50022491,0.279993926,2.512350692,0.621928406,0.065260657
78.50486358,0.275712404,2.508467488,0.639955681,0.06038367
78.50950225,0.278862958,2.508224788,0.67060205,0.062114214
78.51414092,0.283306046,2.512188892,0.665193867,0.06769915
78.51877959,0.276762589,2.51073269,0.623731133,0.062271536
78.52341826,0.275712404,2.509519189,0.648067956,0.060462331
78.52805693,0.281690377,2.513078793,0.694037508,0.065260657
78.5326956,0.28128646,2.516072096,0.63725159,0.066833878
78.53733427,0.276116321,2.515263095,0.645363864,0.060855637
78.54197294,0.27797434,2.518013698,0.67060205,0.061406264
78.54661161,0.28387153,2.525780106,0.691333417,0.067856472
78.55125028,0.27821669,2.529744211,0.636350226,0.06400208
78.55588895,0.275954755,2.532090313,0.662489776,0.060540992
78.56052762,0.281609594,2.538076919,0.703051146,0.06400208
78.56516629,0.283306046,2.545034327,0.666996595,0.067620489
78.56980496,0.276924156,2.547137729,0.655278866,0.061170281
78.57444363,0.277328073,2.548755731,0.674207505,0.060540992
78.5790823,0.28411388,2.552315335,0.707557965,0.066597895
78.58372097,0.279913142,2.552234434,0.635448863,0.065024674
78.58835964,0.276035538,2.54786583,0.651673411,0.06038367
78.59299831,0.279347658,2.546571428,0.679615688,0.06258618
78.59763698,0.283629179,2.547218629,0.66339114,0.068249778
78.60227565,0.277085722,2.542121924,0.623731133,0.062192875
78.60691432,0.275873971,2.537672419,0.643561137,0.060540992
78.61155299,0.282013511,2.538076919,0.685925234,0.065417979
78.61619166,0.28080176,2.536782518,0.624632497,0.066440573
78.62083033,0.275954755,2.531362212,0.632744771,0.060855637
78.625469,0.277893557,2.528692509,0.657081593,0.061248942
78.63010767,0.283306046,2.530472311,0.67060205,0.067856472
78.63474634,0.277328073,2.527074508,0.614717496,0.06329413
78.63938501,0.275227704,2.522220503,0.63725159,0.06038367
78.64402368,0.28055941,2.521168801,0.67781296,0.06400208
78.64866235,0.282013511,2.521168801,0.634547499,0.067541828
78.65330102,0.275712404,2.516961997,0.623731133,0.061170281
78.65793969,0.276277888,2.513806894,0.646265228,0.060776976
78.66257836,0.283225262,2.516719297,0.681418415,0.066991201
78.66721703,0.278701391,2.515910296,0.615618859,0.064552707
78.6718557,0.27514692,2.512997893,0.63725159,0.06038367
78.67649437,0.278701391,2.514130494,0.672404778,0.062664841
78.68113304,0.282336645,2.518175498,0.655278866,0.067856472
78.68577171,0.275793188,2.516557497,0.624632497,0.061878231
78.69041038,0.275308487,2.516719297,0.647166592,0.060226348
78.69504905,0.281851944,2.520764301,0.692234781,0.065181996
78.69968772,0.279670792,2.522867703,0.628237952,0.065732623
78.70432639,0.275066137,2.520845201,0.640857045,0.060305009
78.70896506,0.278055124,2.521816002,0.668799323,0.061170281
78.71360373,0.283629179,2.526589107,0.67781296,0.067227184
78.7182424,0.277570423,2.526670007,0.626435225,0.062664841
78.72288107,0.275793188,2.525052006,0.649870683,0.059754382
78.72751974,0.281124893,2.527964409,0.693136145,0.063844758
78.73215841,0.282659778,2.531119512,0.645363864,0.066676556
78.73679708,0.276681805,2.528045309,0.638152954,0.060619654
78.74143575,0.277893557,2.528530709,0.659785685,0.060698315
78.74607442,0.284679364,2.534031915,0.691333417,0.066991201
78.75071309,0.280074709,2.537672419,0.63004068,0.06400208
78.75535176,0.277328073,2.540584822,0.655278866,0.060147687
78.75999043,0.282013511,2.546005128,0.693136145,0.062743503
78.7646291,0.285164064,2.551910834,0.666996595,0.06769915
78.76926777,0.278862958,2.550940033,0.639054318,0.061642248
78.77390644,0.278701391,2.550616433,0.659785685,0.060147687
78.77854511,0.285164064,2.553690636,0.703051146,0.065968607
78.78318378,0.282578995,2.556036738,0.635448863,0.065732623
78.78782245,0.278055124,2.554337837,0.652574774,0.060776976
78.79246112,0.281609594,2.558463741,0.687727962,0.062507519
78.79709979,0.287022083,2.570679654,0.702149782,0.068171117
78.80173846,0.281690377,2.577313461,0.657982957,0.063215469
78.80637713,0.280963327,2.582410166,0.683221143,0.060619654
78.8110158,0.286698949,2.588720373,0.722881149,0.065024674
78.81565447,0.286779733,2.593978879,0.666996595,0.066991201
78.82029314,0.281528811,2.593897979,0.66339114,0.061248942
78.82493181,0.282982912,2.596082281,0.685023871,0.061248942
78.82957048,0.289203235,2.601178986,0.709360693,0.067777811
78.83420915,0.283790746,2.601583487,0.643561137,0.064395385
78.83884782,0.281124893,2.598185683,0.662489776,0.060698315
78.84348649,0.285487198,2.597457582,0.694938872,0.063766097
78.84812516,0.288233834,2.598913784,0.665193867,0.0684071
78.85276383,0.281690377,2.59494968,0.641758409,0.062271536
78.8574025,0.281367244,2.590985576,0.660687048,0.060934298
78.86204117,0.287910701,2.591713676,0.699445691,0.06691254
78.86667984,0.28459858,2.589043973,0.629139316,0.065968607
78.87131851,0.280155492,2.581520265,0.641758409,0.061248942
78.87595718,0.282659778,2.577637061,0.669700686,0.062428858
78.88059585,0.287587567,2.576908961,0.665193867,0.068092456
78.88523452,0.28104411,2.571731355,0.619224315,0.062900825
78.88987319,0.279913142,2.566149249,0.641758409,0.060855637
78.89451186,0.285567982,2.565502049,0.686826598,0.065103335
78.89915053,0.285002498,2.564288547,0.63004068,0.066991201
78.9037892,0.279105308,2.558706441,0.633646135,0.06109162
78.90842787,0.28055941,2.555227738,0.657081593,0.061484925
78.91306654,0.286295032,2.556926639,0.678714324,0.06769915
78.91770521,0.280720976,2.554095136,0.618322951,0.063766097
78.92234388,0.278055124,2.548998431,0.640857045,0.060305009
78.92698255,0.282821345,2.54762313,0.679615688,0.063608774
78.93162122,0.284679364,2.548998431,0.645363864,0.06769915
78.93625989,0.278135907,2.544791627,0.627336589,0.061563586
78.94089856,0.278135907,2.542283724,0.648067956,0.060934298
78.94553723,0.285083281,2.544144426,0.688629326,0.066676556
78.9501759,0.281448027,2.544791627,0.621928406,0.065575301
78.95481457,0.277408856,2.541960124,0.641758409,0.060540992
78.95945324,0.281205677,2.542364624,0.673306141,0.062664841
78.96409191,0.286052682,2.546733229,0.667897959,0.0684071
78.96873058,0.279428442,2.547056829,0.63004068,0.062507519
78.97336925,0.278539824,2.548593931,0.653476138,0.060147687
78.97800792,0.285083281,2.553528836,0.700347055,0.064946013
78.98264659,0.284679364,2.558544641,0.6444625,0.066361912
78.98728526,0.279751575,2.559839042,0.654377502,0.060619654
78.99192393,0.282336645,2.564531247,0.682319779,0.061327603
78.9965626,0.289041669,2.575533659,0.70395251,0.067777811
79.00120127,0.28435623,2.582167466,0.648969319,0.063608774
79.00583994,0.282175078,2.589205774,0.674207505,0.060226348
79.01047861,0.288637751,2.600774486,0.719275694,0.063451452
79.01511728,0.292030655,2.616954503,0.685023871,0.067541828
79.01975595,0.287264433,2.628361415,0.675108869,0.061170281
79.02439462,0.288556968,2.64227623,0.699445691,0.060776976
79.02903329,0.295908259,2.663633853,0.741809789,0.066755217
79.03367196,0.293080839,2.684991475,0.678714324,0.065024674
79.03831063,0.290899687,2.700766992,0.699445691,0.060226348
79.0429493,0.295989043,2.721801014,0.739105697,0.06258618
79.04758797,0.301724665,2.759419554,0.735500242,0.067935134
79.05222664,0.299058813,2.807797805,0.723782513,0.062192875
79.05686531,0.302451716,2.871708873,0.772456157,0.060776976
79.06150398,0.311661026,2.950586457,0.840959805,0.065889946
79.06614265,0.313680611,3.027926939,0.787779342,0.066833878
79.07078132,0.311661026,3.093860509,0.79679298,0.061170281
79.07541999,0.315700197,3.138274656,0.812116164,0.062192875
79.08005866,0.322889921,3.165618885,0.814820255,0.068328439
79.08469733,0.317477432,3.173061693,0.746316608,0.064159402
79.089336,0.31553863,3.168531288,0.756231609,0.060855637
79.09397467,0.320385635,3.161654781,0.782371159,0.064788691
79.09861334,0.320547202,3.149519768,0.721979786,0.068013795
79.10325201,0.313842178,3.131236349,0.702149782,0.061878231
79.10789068,0.314246095,3.113033829,0.715670239,0.061248942
79.11252935,0.319577801,3.098148213,0.740007061,0.06769915
79.11716802,0.314650012,3.077842292,0.66339114,0.065260657
79.12180669,0.310126141,3.055271168,0.676911597,0.060934298
79.12644536,0.313195911,3.035936047,0.704853874,0.063608774
79.13108403,0.315700197,3.01991783,0.679615688,0.068564422
79.1357227,0.308268122,2.998479308,0.645363864,0.062743503
79.14036137,0.306975588,2.978335186,0.66339114,0.061012959
79.14500004,0.312549644,2.964177671,0.706656601,0.066361912
79.14963871,0.310045358,2.950667357,0.640857045,0.066597895
79.15427738,0.304552085,2.93481094,0.653476138,0.061248942
79.15891605,0.30632932,2.922109627,0.679615688,0.062507519
79.16355472,0.311176325,2.914909519,0.686826598,0.068721744
79.16819339,0.304632868,2.903502607,0.635448863,0.063923419
79.17283206,0.302613283,2.892823796,0.658884321,0.06109162
79.17747073,0.308106555,2.886918089,0.700347055,0.065103335
79.1821094,0.308106555,2.880526983,0.651673411,0.067620489
79.18674807,0.301805449,2.86895827,0.646265228,0.061563586
79.19138674,0.302370933,2.858522159,0.668799323,0.061406264
79.19602541,0.308429689,2.853506354,0.698544327,0.068013795
79.20066408,0.30325955,2.844607345,0.632744771,0.065103335
79.20530275,0.299220379,2.833604933,0.653476138,0.061012959
79.20994142,0.302936417,2.827375626,0.688629326,0.063766097
79.21458009,0.305440703,2.822845221,0.664292504,0.068328439
79.21921876,0.298493329,2.814674313,0.639955681,0.062114214
79.22385743,0.297766278,2.807959606,0.66339114,0.060698315
79.2284961,0.304148168,2.806018004,0.706656601,0.066519234
79.23313477,0.300916831,2.801811199,0.639054318,0.066125929
79.23777344,0.296231393,2.795096492,0.657081593,0.061012959
79.24241211,0.298412545,2.790970588,0.685023871,0.062428858
79.24705078,0.303097983,2.789918887,0.685023871,0.068328439
79.25168945,0.296312176,2.784903081,0.63725159,0.063451452
79.25632812,0.294777291,2.782799679,0.660687048,0.060698315
79.26096679,0.300270564,2.786521083,0.704853874,0.065339318
79.26560546,0.299866647,2.788543585,0.650772047,0.067856472
79.27024413,0.29356554,2.782556979,0.650772047,0.061327603
79.2748828,0.294696508,2.775599571,0.67060205,0.061563586
79.27952147,0.300512914,2.771635467,0.691333417,0.068171117
79.28416014,0.295181208,2.762170157,0.625533861,0.064631368
79.28879881,0.291142037,2.750439645,0.646265228,0.060776976
79.29343748,0.294938858,2.742673236,0.682319779,0.063844758
79.29807615,0.297281577,2.737172031,0.650772047,0.068328439
79.30271482,0.29025342,2.725846019,0.627336589,0.062114214
79.30735349,0.289687936,2.715652608,0.647166592,0.06109162
79.31199216,0.295827476,2.711364903,0.690432053,0.066833878
79.31663083,0.292030655,2.704811996,0.623731133,0.065889946
79.3212695,0.287829917,2.695993887,0.643561137,0.061012959
79.32590817,0.290576553,2.691544382,0.676911597,0.062428858
79.33054684,0.295181208,2.691787082,0.674207505,0.068171117
79.33518551,0.288395401,2.685395976,0.63004068,0.06258618
79.33982418,0.286860516,2.678276768,0.651673411,0.060462331
79.34446285,0.292838489,2.677305967,0.694938872,0.065417979
79.34910152,0.292838489,2.677386867,0.639955681,0.067227184
79.35374019,0.287345217,2.673665463,0.645363864,0.061484925
79.35837886,0.288637751,2.669944059,0.666996595,0.06179957
79.36301753,0.294454158,2.669215959,0.685023871,0.068092456
79.3676562,0.289122452,2.663148452,0.623731133,0.064395385
79.37229487,0.285891115,2.656110145,0.6444625,0.060540992
79.37693354,0.29049577,2.65222694,0.682319779,0.06400208
79.38157221,0.292596139,2.649233637,0.645363864,0.067856472
79.38621088,0.285729548,2.641548129,0.628237952,0.061720909
79.39084955,0.285164064,2.635318823,0.647166592,0.060855637
79.39548822,0.291303604,2.633619921,0.685023871,0.06691254
79.40012689,0.287345217,2.628442315,0.617421587,0.065260657
79.40476556,0.282982912,2.620918607,0.635448863,0.060619654
79.40940423,0.285971899,2.617116303,0.666996595,0.062664841
79.4140429,0.290172636,2.616226402,0.657081593,0.0684071
79.41868157,0.283629179,2.610563396,0.620125678,0.062271536
79.42332024,0.282498212,2.605628491,0.642659773,0.060462331
79.42795891,0.288395401,2.606518392,0.688629326,0.065417979
79.43259758,0.2869413,2.606922892,0.629139316,0.066440573
79.43723625,0.281448027,2.602392488,0.63725159,0.060462331
79.44187492,0.283386829,2.599884585,0.662489776,0.06109162
79.44651359,0.289364802,2.602958788,0.678714324,0.067227184
79.45115226,0.283629179,2.602230687,0.621928406,0.063136808
79.45579093,0.280882543,2.600774486,0.646265228,0.060305009
79.4604296,0.286214249,2.602958788,0.685925234,0.063608774
79.46506827,0.287749134,2.606032991,0.645363864,0.067148523
79.46970694,0.281690377,2.603363289,0.631843407,0.060855637
79.47434561,0.282417428,2.601259886,0.651673411,0.060226348
79.47898428,0.288476185,2.602311588,0.687727962,0.066519234
79.48362295,0.284679364,2.599884585,0.619224315,0.064946013
79.48826162,0.280720976,2.594706979,0.639054318,0.060226348
79.49290029,0.284033097,2.592037277,0.672404778,0.062192875
79.49753896,0.28766835,2.591875476,0.65618023,0.06769915
79.50217763,0.281205677,2.586536071,0.621928406,0.061956892
79.5068163,0.280074709,2.582491067,0.642659773,0.060147687
79.51145497,0.286295032,2.582248366,0.687727962,0.065339318
79.51609364,0.284840931,2.581520265,0.625533861,0.065968607
79.52073231,0.279590008,2.577475261,0.635448863,0.060540992
79.52537098,0.281690377,2.575371859,0.661588412,0.061563586
79.53000965,0.286618166,2.57642356,0.672404778,0.067856472
79.53464832,0.280478626,2.572540356,0.618322951,0.063451452
79.53928699,0.278782174,2.567443651,0.639955681,0.060619654
79.54392566,0.28411388,2.56687735,0.681418415,0.064395385
79.54856433,0.284679364,2.56679645,0.635448863,0.067148523
79.553203,0.278862958,2.561295244,0.627336589,0.061012959
79.55784167,0.279590008,2.55733114,0.648969319,0.060698315
79.56248034,0.286214249,2.558140141,0.681418415,0.06691254
79.56711901,0.281448027,2.556360339,0.615618859,0.064395385
79.57175768,0.277812773,2.552638935,0.638152954,0.060226348
79.57639635,0.282013511,2.552153534,0.673306141,0.063058147
79.58103502,0.285729548,2.555308638,0.655278866,0.067856472
79.58567369,0.279266875,2.554176036,0.628237952,0.061720909
79.59031236,0.279024525,2.553124335,0.652574774,0.06038367
79.59495103,0.286052682,2.55749294,0.697642964,0.065968607
79.5995897,0.284437014,2.560243543,0.631843407,0.065889946
79.60422837,0.279670792,2.558059241,0.645363864,0.060462331
79.60886704,0.283144479,2.558382841,0.674207505,0.061878231
79.61350571,0.288314618,2.561942445,0.679615688,0.067935134
79.61814438,0.282417428,2.560809844,0.629139316,0.06329413
79.62278305,0.280397843,2.558625541,0.651673411,0.060619654
79.62742172,0.285971899,2.559758142,0.693136145,0.064710029
79.63206039,0.286295032,2.561780645,0.643561137,0.067227184
79.63669906,0.280397843,2.558706441,0.638152954,0.061327603
79.64133773,0.281609594,2.55773564,0.659785685,0.061327603
79.6459764,0.287910701,2.560809844,0.685925234,0.067620489
79.65061507,0.282740562,2.559596342,0.621928406,0.064474046
79.65525374,0.279428442,2.556360339,0.643561137,0.060540992
79.65989241,0.283952313,2.555632238,0.678714324,0.063372791
79.66453108,0.286779733,2.558059241,0.650772047,0.068092456
79.66916975,0.280317059,2.554499637,0.625533861,0.06179957
79.67380842,0.280155492,2.552315335,0.6444625,0.060698315
79.67844709,0.286779733,2.554742337,0.687727962,0.066440573
79.68308576,0.28411388,2.554661437,0.620125678,0.065811284
79.68772443,0.278862958,2.551829934,0.636350226,0.060934298
79.6923631,0.282013511,2.551101833,0.666095231,0.062350197
79.69700177,0.286779733,2.553933336,0.666996595,0.068092456
79.70164044,0.280478626,2.551991734,0.620125678,0.062900825
79.70627911,0.278782174,2.549564732,0.642659773,0.060776976
79.71091778,0.284679364,2.550778233,0.685925234,0.065024674
79.71555645,0.284517797,2.551344533,0.630942044,0.067148523
79.72019512,0.278539824,2.546975929,0.630942044,0.061170281
79.72483379,0.279832359,2.544953427,0.653476138,0.061406264
79.72947246,0.286214249,2.54786583,0.67781296,0.067620489
79.73411113,0.280882543,2.546814129,0.614717496,0.064080741
79.7387498,0.278055124,2.542930925,0.63725159,0.060462331
79.74338847,0.282659778,2.542850024,0.675108869,0.063136808
79.74802714,0.284679364,2.544468026,0.643561137,0.067463167
79.75266581,0.278135907,2.540827522,0.623731133,0.061484925
79.75730448,0.278055124,2.53848142,0.646265228,0.060698315
79.76194315,0.285244848,2.540261222,0.687727962,0.066361912
79.76658182,0.281690377,2.540989323,0.619224315,0.065103335
79.77122049,0.277651206,2.538076919,0.639054318,0.060226348
79.77585916,0.281367244,2.540503922,0.673306141,0.062271536
79.78049783,0.286537383,2.550292832,0.678714324,0.068013795
79.7851365,0.280720976,2.55749294,0.651673411,0.062271536
79.78977517,0.279751575,2.562751446,0.672404778,0.060305009
79.79441384,0.286133465,2.568090851,0.710262056,0.065024674
79.79905251,0.285244848,2.570598754,0.646265228,0.066597895
79.80369118,0.279428442,2.56679645,0.645363864,0.060540992
79.80832985,0.28104411,2.563803147,0.665193867,0.061248942
79.81296852,0.28718365,2.564450347,0.682319779,0.067856472
79.81760719,0.281609594,2.561214344,0.620125678,0.063923419
79.82224586,0.278701391,2.556036738,0.641758409,0.060540992
79.82688453,0.283548396,2.553933336,0.678714324,0.063530113
79.8315232,0.285083281,2.553528836,0.639955681,0.067463167
79.83616187,0.278782174,2.54802763,0.62282977,0.061327603
79.84080054,0.279024525,2.543173625,0.641758409,0.060855637
79.84543921,0.285648765,2.543011825,0.679615688,0.066676556
79.85007788,0.281367244,2.540342122,0.61111204,0.064946013
79.85471655,0.277408856,2.534436416,0.630942044,0.060698315
79.85935522,0.280963327,2.532171213,0.662489776,0.062664841
79.86399389,0.285002498,2.534274615,0.652574774,0.068092456
79.86863256,0.278297474,2.531281312,0.617421587,0.062271536
79.87327123,0.276924156,2.528288009,0.640857045,0.06038367
79.8779099,0.283063696,2.529744211,0.685925234,0.065811284
79.88254857,0.282013511,2.531604913,0.625533861,0.066440573
79.88718724,0.276197105,2.52966331,0.633646135,0.060540992
79.89182591,0.278539824,2.529906011,0.659785685,0.061327603
79.89646458,0.28435623,2.534274615,0.676010233,0.067777811
79.90110325,0.278701391,2.534274615,0.620125678,0.063215469
79.90574192,0.276601022,2.533708315,0.643561137,0.059911704
79.91038059,0.281771161,2.536378018,0.684122507,0.063766097
79.91501926,0.283225262,2.540908422,0.642659773,0.06691254
79.91965793,0.277166506,2.539533121,0.632744771,0.060934298
79.9242966,0.277408856,2.539694921,0.654377502,0.060855637
79.92893527,0.28435623,2.544306226,0.689530689,0.066991201
79.93357394,0.280478626,2.545843328,0.621928406,0.064946013
79.93821261,0.276601022,2.543982626,0.642659773,0.060462331
79.94285128,0.28055941,2.544791627,0.675108869,0.062507519
79.94748995,0.28435623,2.549079331,0.659785685,0.067777811
79.95212862,0.277651206,2.54794673,0.627336589,0.062035553
79.95676729,0.277408856,2.546733229,0.648067956,0.06038367
79.96140596,0.28387153,2.549483832,0.693136145,0.065653962
79.96604463,0.281528811,2.551506334,0.63004068,0.066676556
79.9706833,0.276601022,2.54851303,0.641758409,0.061248942
79.97532197,0.279186091,2.548674831,0.667897959,0.062743503
79.97996064,0.284437014,2.553043435,0.678714324,0.069508355
79.98459931,0.278620607,2.551182733,0.626435225,0.065103335
79.98923798,0.276601022,2.550211932,0.648969319,0.062743503
79.99387665,0.281851944,2.553852436,0.691333417,0.066991201
79.99851532,0.282821345,2.559677242,0.646265228,0.06990166
80.00315399,0.276520239,2.561376144,0.639955681,0.063766097
80.00779266,0.277570423,2.565016648,0.662489776,0.063372791
80.01243133,0.284275447,2.572054955,0.694037508,0.069587016
80.01707,0.279590008,2.574320158,0.627336589,0.06691254
80.02170867,0.276277888,2.573268457,0.647166592,0.062507519
80.02634734,0.280317059,2.574562858,0.682319779,0.065653962
80.03098601,0.283467613,2.578769663,0.662489776,0.070373627
80.03562468,0.277570423,2.579174163,0.63725159,0.064080741
80.04026335,0.277812773,2.580953965,0.660687048,0.062350197
80.04490202,0.284679364,2.587830472,0.706656601,0.068092456
80.04954069,0.282578995,2.591875476,0.641758409,0.068249778
80.05417936,0.278055124,2.590661975,0.654377502,0.062664841
80.05881803,0.28080176,2.591794576,0.679615688,0.063844758
80.0634567,0.286214249,2.59527328,0.681418415,0.069665677
80.06809537,0.280236276,2.592765377,0.630942044,0.064631368
80.07273404,0.278378257,2.590338375,0.653476138,0.061878231
80.07737271,0.284033097,2.590581075,0.695840236,0.066283251
80.08201138,0.284194663,2.590742875,0.6444625,0.068879066
80.08665005,0.278378257,2.586616971,0.642659773,0.062428858
80.09128872,0.279509225,2.584675369,0.666996595,0.062271536
80.09592739,0.285971899,2.588396773,0.6967416,0.068485761
80.10056606,0.281124893,2.588801273,0.63725159,0.065260657
80.10520473,0.277812773,2.587911372,0.66339114,0.061170281
80.1098434,0.282417428,2.589367574,0.698544327,0.064159402
80.11448207,0.285164064,2.591470976,0.667897959,0.068879066
80.11912074,0.278701391,2.58596977,0.639054318,0.06258618
80.12375941,0.278943741,2.580064064,0.655278866,0.061484925
80.12839808,0.285002498,2.579255063,0.695840236,0.067148523
80.13303675,0.282417428,2.577556161,0.626435225,0.066676556
80.13767542,0.27748964,2.573025756,0.641758409,0.061327603
80.14231409,0.280317059,2.570922354,0.667897959,0.06258618
80.14695276,0.285487198,2.572621256,0.666095231,0.068721744
80.15159143,0.279186091,2.568171751,0.619224315,0.063608774
80.1562301,0.277570423,2.563803147,0.640857045,0.060934298
80.16086877,0.283386829,2.563560446,0.684122507,0.065260657
80.16550744,0.283790746,2.562994146,0.629139316,0.067620489
80.17014611,0.277812773,2.556683939,0.63004068,0.061642248
80.17478478,0.279105308,2.553367036,0.652574774,0.062035553
80.17942345,0.285729548,2.554176036,0.676911597,0.068092456
80.18406212,0.280478626,2.552396235,0.615618859,0.064395385
80.18870079,0.277651206,2.54786583,0.638152954,0.060226348
80.19333946,0.282175078,2.547056829,0.676010233,0.063530113
80.19797813,0.28459858,2.54786583,0.6444625,0.067935134
80.2026168,0.278135907,2.543982626,0.624632497,0.061642248
80.20725547,0.278135907,2.541474723,0.646265228,0.060698315
80.21189414,0.285002498,2.543497225,0.687727962,0.066755217
80.21653281,0.281690377,2.542769124,0.619224315,0.06549664
80.22117148,0.277812773,2.53823872,0.638152954,0.06038367
80.22581015,0.28080176,2.536620718,0.666996595,0.062271536
80.23044882,0.285487198,2.537591519,0.658884321,0.068013795
80.23508749,0.279024525,2.533627415,0.617421587,0.062428858
80.23972616,0.277893557,2.530229611,0.639955681,0.060147687
80.24436483,0.283467613,2.530715012,0.685023871,0.065024674
80.2490035,0.282902129,2.530876812,0.628237952,0.066440573
80.25364217,0.277166506,2.527074508,0.634547499,0.060619654
80.25828084,0.279105308,2.525375606,0.660687048,0.061170281
80.26291951,0.285567982,2.529906011,0.681418415,0.067305845
80.26755818,0.280155492,2.529986911,0.624632497,0.063530113
80.27219685,0.277651206,2.529906011,0.649870683,0.059990365
80.27683552,0.282659778,2.533627415,0.690432053,0.063844758
80.28147419,0.284760147,2.537996019,0.653476138,0.067463167
80.28611286,0.278943741,2.536135317,0.639054318,0.061484925
80.29075153,0.279266875,2.535649917,0.660687048,0.060855637
80.2953902,0.286295032,2.539533121,0.697642964,0.067148523
80.30002887,0.282336645,2.539694921,0.628237952,0.065339318
80.30466754,0.278459041,2.535811717,0.645363864,0.060698315
80.30930621,0.281932728,2.535407217,0.676010233,0.062900825
80.31394488,0.285810332,2.537591519,0.662489776,0.068328439
80.31858355,0.279347658,2.533384714,0.623731133,0.062822164
80.32322222,0.278378257,2.529744211,0.643561137,0.060855637
80.32786089,0.284760147,2.531847613,0.688629326,0.065968607
80.33249956,0.283144479,2.532899314,0.628237952,0.066755217
80.33713823,0.27797434,2.528368909,0.639054318,0.061170281
80.3417769,0.279590008,2.526831807,0.665193867,0.062035553
80.34641557,0.285406415,2.52958241,0.681418415,0.068643083
80.35105424,0.279509225,2.52909701,0.628237952,0.064474046
80.35569291,0.277247289,2.527155408,0.651673411,0.061563586
80.36033158,0.282255861,2.528530709,0.693136145,0.065103335
80.36497025,0.283790746,2.530472311,0.651673411,0.068485761
80.36960892,0.277651206,2.527479008,0.641758409,0.062271536
80.37424759,0.278701391,2.526750907,0.66339114,0.061878231
80.37888626,0.285406415,2.532737514,0.703051146,0.068249778
80.38352493,0.281690377,2.536944318,0.639955681,0.065653962
80.3881636,0.278943741,2.540503922,0.665193867,0.061563586
80.39280227,0.28411388,2.551101833,0.705755238,0.06400208
80.39744094,0.289364802,2.567605451,0.694037508,0.069272372
80.40207961,0.28435623,2.581115765,0.667897959,0.063766097
80.40671828,0.284517797,2.591066476,0.694037508,0.061720909
80.41135695,0.292111438,2.600774486,0.736401606,0.06691254
80.41599562,0.291303604,2.608702694,0.672404778,0.067463167
80.42063429,0.287506784,2.611048797,0.682319779,0.062114214
80.42527296,0.29025342,2.6136376,0.703051146,0.063215469
80.42991163,0.296554527,2.618896105,0.706656601,0.069508355
80.4345503,0.291061254,2.616307302,0.648067956,0.064788691
80.43918897,0.289122452,2.610886997,0.667897959,0.061878231
80.44382764,0.295665909,2.608945395,0.706656601,0.065732623
80.44846631,0.297200794,2.608217294,0.658884321,0.068485761
80.45310498,0.293403973,2.602716088,0.652574774,0.062192875
80.45774365,0.296958444,2.598590184,0.674207505,0.062192875
80.46238232,0.308106555,2.598913784,0.709360693,0.068485761
80.46702099,0.311176325,2.59527328,0.645363864,0.065968607
80.47165966,0.314973146,2.588882173,0.669700686,0.06179957
80.47629833,0.325313424,2.586536071,0.704853874,0.064395385
80.480937,0.333876466,2.586940571,0.681418415,0.069193711
80.48557567,0.330645129,2.581601166,0.652574774,0.063451452
80.49021434,0.331695314,2.575452759,0.67060205,0.062192875
80.49485301,0.338481121,2.575210059,0.710262056,0.067541828
80.49949168,0.335249784,2.573187557,0.639955681,0.067227184
80.50413035,0.329191028,2.567605451,0.652574774,0.062035553
80.50876902,0.330564346,2.565016648,0.678714324,0.06329413
80.51340769,0.334845867,2.56671555,0.682319779,0.069351033
80.51804636,0.327171442,2.564126747,0.633646135,0.064316724
80.52268503,0.324182456,2.561133444,0.657982957,0.06179957
80.5273237,0.328625544,2.563398646,0.702149782,0.06620459
80.53196237,0.327333009,2.56647285,0.653476138,0.068564422
80.53660104,0.320547202,2.564126747,0.654377502,0.062428858
80.54123971,0.320143285,2.564288547,0.67781296,0.062271536
80.54587838,0.32499029,2.569223452,0.706656601,0.068564422
80.55051705,0.319012317,2.569870653,0.641758409,0.065968607
80.55515572,0.314569229,2.56671555,0.662489776,0.061720909
80.55979439,0.317558215,2.56671555,0.695840236,0.064867352
80.56443306,0.319173884,2.568252651,0.66339114,0.069429694
80.56907173,0.311580242,2.564045847,0.638152954,0.063058147
80.5737104,0.310449275,2.560971644,0.658884321,0.062192875
80.57834907,0.315700197,2.562185145,0.700347055,0.06769915
80.58298774,0.311741809,2.561295244,0.631843407,0.067148523
80.58762641,0.306006187,2.55708844,0.647166592,0.062035553
80.59226508,0.307864205,2.555308638,0.676010233,0.063136808
80.59690375,0.31198416,2.55725024,0.674207505,0.069036389
80.60154242,0.304228951,2.553690636,0.628237952,0.063844758
80.60618109,0.301805449,2.549645632,0.650772047,0.061484925
80.61081976,0.306490887,2.551344533,0.694938872,0.066047268
80.61545843,0.305198352,2.551991734,0.639955681,0.068013795
80.6200971,0.298897246,2.54835123,0.641758409,0.062114214
80.62473577,0.299381946,2.547056829,0.666095231,0.062428858
80.62937444,0.304875219,2.550211932,0.689530689,0.068721744
80.63401311,0.298493329,2.549079331,0.629139316,0.065103335
80.63865178,0.295261992,2.545924228,0.651673411,0.061956892
80.64329045,0.299381946,2.547218629,0.690432053,0.064552707
80.64792912,0.300593697,2.550131032,0.655278866,0.068957727
80.65256779,0.29380789,2.546895029,0.63725159,0.062428858
80.65720646,0.29332319,2.543820826,0.65618023,0.06179957
80.66184513,0.299381946,2.546166928,0.695840236,0.067856472
80.6664838,0.295665909,2.545843328,0.628237952,0.066519234
80.67112247,0.290980471,2.542688224,0.645363864,0.061720909
80.67576114,0.293969457,2.541798323,0.675108869,0.063608774
80.68039981,0.298008628,2.544225326,0.667897959,0.068957727
80.68503848,0.290657337,2.541232023,0.628237952,0.063451452
80.68967715,0.289041669,2.538157819,0.648969319,0.06109162
80.69431582,0.294454158,2.540423022,0.692234781,0.066047268
80.69895449,0.292757706,2.541232023,0.634547499,0.067541828
80.70359316,0.28718365,2.53831962,0.641758409,0.061563586
80.70823183,0.288718535,2.537591519,0.666996595,0.062035553
80.7128705,0.294938858,2.541879223,0.685925234,0.068643083
80.71750917,0.288718535,2.541879223,0.628237952,0.064552707
80.72214784,0.285648765,2.540665722,0.651673411,0.061248942
80.72678651,0.290414987,2.542526424,0.692234781,0.064788691
80.73142518,0.292111438,2.545843328,0.653476138,0.068171117
80.73606385,0.285567982,2.544548926,0.639955681,0.062114214
80.74070252,0.286052682,2.545762428,0.662489776,0.061642248
80.74534119,0.292838489,2.551344533,0.703051146,0.06769915
80.74997986,0.288476185,2.553933336,0.635448863,0.065811284
80.75461853,0.285164064,2.552315335,0.654377502,0.06109162
80.7592572,0.288314618,2.553447936,0.685023871,0.063608774
80.76389587,0.292353789,2.556764839,0.672404778,0.069193711
80.76853454,0.285971899,2.554661437,0.635448863,0.06329413
80.77317321,0.284760147,2.552881635,0.657081593,0.061170281
80.77781188,0.291222821,2.556117639,0.701248419,0.066361912
80.78245055,0.289607152,2.558787341,0.639054318,0.067305845
80.78708922,0.284921714,2.55708844,0.648969319,0.061248942
80.79172789,0.2869413,2.55749294,0.674207505,0.062271536
80.79636656,0.292676922,2.562913246,0.686826598,0.069036389
80.80100523,0.286779733,2.563155946,0.633646135,0.064395385
80.8056439,0.284275447,2.563964947,0.659785685,0.061484925
80.81028257,0.289768719,2.568738052,0.704853874,0.065024674
80.81492124,0.290980471,2.574562858,0.662489776,0.0684071
80.81955991,0.285002498,2.575129159,0.653476138,0.06179957
80.82419858,0.285648765,2.577232561,0.672404778,0.061484925
80.82883725,0.292273005,2.583300067,0.705755238,0.067620489
80.83347592,0.287991484,2.586293371,0.640857045,0.06549664
80.83811459,0.28435623,2.58564617,0.661588412,0.06109162
80.84275326,0.288072268,2.588396773,0.695840236,0.063608774
80.84739193,0.292353789,2.593817079,0.676911597,0.068564422
80.8520306,0.285971899,2.593655278,0.646265228,0.06258618
80.85666927,0.285729548,2.593655278,0.667897959,0.06109162
80.86130794,0.292515356,2.599641885,0.713867512,0.066676556
80.86594661,0.290818904,2.605223991,0.653476138,0.066597895
80.87058528,0.286537383,2.608136394,0.67060205,0.061327603
80.87522395,0.289284019,2.616550003,0.70395251,0.062350197
80.87986262,0.29639296,2.632163719,0.719275694,0.0684071
80.88450129,0.292919273,2.646887535,0.674207505,0.063844758
80.88913996,0.293403973,2.66153045,0.703051146,0.061012959
80.89377863,0.300108997,2.67989477,0.757132973,0.064946013
80.8984173,0.302694066,2.696802888,0.712064784,0.067856472
80.90305597,0.297847061,2.705540097,0.695840236,0.061642248
80.90769464,0.298574112,2.7084525,0.704853874,0.061563586
80.91233331,0.304713652,2.710394102,0.723782513,0.068013795
80.91697198,0.299139596,2.706753598,0.652574774,0.065024674
80.92161065,0.295665909,2.699877091,0.668799323,0.060855637
80.92624932,0.29970508,2.696236587,0.699445691,0.063451452
80.93088799,0.302936417,2.694699486,0.672404778,0.068092456
80.93552666,0.295989043,2.687013977,0.6444625,0.06258618
80.94016533,0.295100425,2.68029927,0.66339114,0.061012959
80.944804,0.301239965,2.677953168,0.704853874,0.066440573
80.94944267,0.298250978,2.674150864,0.638152954,0.066283251
80.95408134,0.293403973,2.667921557,0.651673411,0.06109162
80.95872001,0.295746692,2.663067552,0.678714324,0.062271536
80.96335868,0.300432131,2.66144955,0.679615688,0.068249778
80.96799735,0.29380789,2.656029245,0.631843407,0.063372791
80.97263602,0.291869088,2.650285338,0.653476138,0.060855637
80.97727469,0.29712001,2.648424636,0.6967416,0.065181996
80.98191336,0.297200794,2.647615636,0.646265228,0.067463167
80.98655203,0.291061254,2.641790829,0.646265228,0.061406264
80.9911907,0.292111438,2.637584025,0.668799323,0.061327603
80.99582937,0.298735679,2.638959326,0.694938872,0.067856472
81.00046804,0.293888674,2.637745825,0.633646135,0.064474046
81.00510671,0.291303604,2.634428922,0.658884321,0.06038367
81.00974538,0.295746692,2.635966023,0.700347055,0.063530113
81.01438405,0.298089411,2.641709929,0.674207505,0.068092456
81.01902272,0.291869088,2.641062729,0.653476138,0.062035553
81.02366139,0.291707521,2.639444727,0.671503414,0.061248942
81.02830006,0.298250978,2.640900928,0.709360693,0.067069862
81.03293873,0.294534941,2.638959326,0.63725159,0.066125929
81.0375774,0.289849503,2.633539021,0.652574774,0.06109162
81.04221607,0.292919273,2.630383917,0.679615688,0.062664841
81.04685474,0.297443144,2.630141217,0.674207505,0.068643083
81.05149341,0.290576553,2.625449012,0.629139316,0.063372791
81.05613208,0.288960885,2.620756807,0.649870683,0.061170281
81.06077075,0.294534941,2.620433207,0.693136145,0.065653962
81.06540942,0.293888674,2.619947806,0.63725159,0.067305845
81.07004809,0.288233834,2.6144466,0.639955681,0.060934298
81.07468676,0.289364802,2.611291497,0.66339114,0.061406264
81.07932543,0.295423559,2.613152199,0.684122507,0.068092456
81.0839641,0.289445586,2.610401596,0.625533861,0.064710029
81.08860277,0.286618166,2.605952091,0.648969319,0.060776976
81.09324144,0.291142037,2.606599292,0.687727962,0.064159402
81.09788011,0.293403973,2.608702694,0.653476138,0.068328439
81.10251878,0.287102866,2.606194792,0.63725159,0.062192875
81.10715745,0.287022083,2.60433409,0.659785685,0.061484925
81.11179612,0.29356554,2.608702694,0.700347055,0.067541828
81.11643479,0.290414987,2.609673495,0.633646135,0.065968607
81.12107346,0.286698949,2.607974594,0.655278866,0.061170281
81.12571213,0.289930286,2.608864494,0.686826598,0.062979486
81.1303508,0.294292591,2.6139612,0.67781296,0.068721744
81.13498947,0.287829917,2.6143657,0.639054318,0.062900825
81.13962814,0.287102866,2.6143657,0.661588412,0.06109162
81.14426681,0.29356554,2.619866906,0.706656601,0.066047268
81.14890548,0.292757706,2.625125412,0.648067956,0.067148523
81.15354415,0.287345217,2.625368112,0.655278866,0.061406264
81.15818282,0.289930286,2.628523215,0.678714324,0.062350197
81.16282149,0.295665909,2.634833422,0.694938872,0.068800405
81.16746016,0.290172636,2.637503125,0.63725159,0.064395385
81.17209883,0.287749134,2.64219533,0.662489776,0.061012959
81.1767375,0.293080839,2.650204438,0.705755238,0.064316724
81.18137617,0.294858075,2.658779847,0.666996595,0.068013795
81.18601484,0.288799318,2.662096751,0.653476138,0.061878231
81.19065351,0.289364802,2.667597957,0.675108869,0.061327603
81.19529218,0.296069826,2.676011566,0.71116342,0.067541828
81.19993085,0.292192222,2.681108271,0.643561137,0.06549664
81.20456952,0.288718535,2.681674572,0.662489776,0.061012959
81.20920819,0.292353789,2.684829675,0.695840236,0.063136808
81.21384686,0.296473743,2.691220782,0.680517052,0.0684071
81.21848553,0.290091853,2.691544382,0.645363864,0.06258618
81.2231242,0.289768719,2.692110683,0.666996595,0.061248942
81.22776287,0.296716093,2.69866359,0.712966148,0.065968607
81.23240154,0.295261992,2.703598495,0.648969319,0.066597895
81.23704021,0.29025342,2.702465894,0.657982957,0.061012959
81.24167888,0.292757706,2.704083895,0.683221143,0.062114214
81.24631755,0.298735679,2.709018801,0.694037508,0.0684071
81.25095622,0.292919273,2.7085334,0.638152954,0.063923419
81.25559489,0.29025342,2.707158099,0.660687048,0.061012959
81.26023356,0.295665909,2.709342401,0.701248419,0.064946013
81.26487223,0.296958444,2.713144705,0.658884321,0.068013795
81.2695109,0.291384388,2.711850304,0.649870683,0.062035553
81.27414957,0.291949872,2.711688504,0.669700686,0.061642248
81.27878824,0.298816462,2.715652608,0.702149782,0.068013795
81.28342691,0.294292591,2.715329007,0.635448863,0.06549664
81.28806558,0.290818904,2.712740205,0.65618023,0.061563586
81.29270425,0.295019642,2.714115506,0.690432053,0.063530113
81.29734292,0.298574112,2.718322311,0.671503414,0.068485761
81.30198159,0.291949872,2.71743241,0.640857045,0.062664841
81.30662026,0.290818904,2.716704309,0.661588412,0.06109162
81.31125893,0.297604711,2.719374012,0.705755238,0.066597895
81.3158976,0.295504342,2.722690915,0.640857045,0.066755217
81.32053627,0.290657337,2.721315614,0.655278866,0.060855637
81.32517494,0.293484757,2.722043715,0.681418415,0.062271536
81.32981361,0.298897246,2.726331419,0.690432053,0.068328439
81.33445228,0.292353789,2.72722132,0.639955681,0.063530113
81.33909095,0.291061254,2.72705952,0.66339114,0.061012959
81.34372962,0.296554527,2.731670825,0.705755238,0.065339318
81.34836829,0.29687766,2.73684843,0.657081593,0.06769915
81.35300696,0.29049577,2.73709113,0.654377502,0.061563586
81.35764563,0.291949872,2.739437233,0.678714324,0.061563586
81.3622843,0.298735679,2.749226143,0.71116342,0.067935134
81.36692297,0.29380789,2.75505095,0.648969319,0.064788691
81.37156164,0.29073812,2.760390355,0.674207505,0.06109162
81.37620031,0.295585125,2.769208465,0.712064784,0.064080741
81.38083898,0.299139596,2.779887276,0.686826598,0.068564422
81.38547765,0.293080839,2.785631182,0.662489776,0.062507519
81.39011632,0.292596139,2.79315489,0.685925234,0.061642248
81.39475499,0.300270564,2.805289903,0.733697515,0.067463167
81.39939366,0.298250978,2.817505816,0.671503414,0.066833878
81.40403233,0.294454158,2.828103727,0.689530689,0.061720909
81.408671,0.297847061,2.842342142,0.721078422,0.062979486
81.41330967,0.303905818,2.860787362,0.725585241,0.069193711
81.41794834,0.298008628,2.871466173,0.683221143,0.064238063
81.42258701,0.29663531,2.881174183,0.71116342,0.062035553
81.42722568,0.302694066,2.895493498,0.758034337,0.066283251
81.43186435,0.302855633,2.908680212,0.707557965,0.068171117
81.43650302,0.297281577,2.91555672,0.707557965,0.061720909
81.44114169,0.298816462,2.921462426,0.727387968,0.062114214
81.44578036,0.305521486,2.926640032,0.748119335,0.068721744
81.45041903,0.300916831,2.92550743,0.678714324,0.065260657
81.4550577,0.298170195,2.918954523,0.692234781,0.06179957
81.45969637,0.303501901,2.914424119,0.723782513,0.064867352
81.46433504,0.306248537,2.912887017,0.690432053,0.069429694
81.46897371,0.30018978,2.907224011,0.667897959,0.063687435
81.47361238,0.301320748,2.903340807,0.686826598,0.063372791
81.47825105,0.308752823,2.902450906,0.725585241,0.069351033
81.48288972,0.305683053,2.898567702,0.655278866,0.068643083
81.48752839,0.302047799,2.889183292,0.67060205,0.063687435
81.49216706,0.304956002,2.883358486,0.697642964,0.065260657
81.49680573,0.310045358,2.881093283,0.692234781,0.071081577
81.5014444,0.303663467,2.871708873,0.647166592,0.065653962
81.50608307,0.302370933,2.862000863,0.666095231,0.063608774
81.51072174,0.308025772,2.857632258,0.709360693,0.068171117
81.51536041,0.307217938,2.851564752,0.651673411,0.069508355
81.51999908,0.301320748,2.841290441,0.653476138,0.063530113
81.52463775,0.302613283,2.832715032,0.675108869,0.063923419
81.52927642,0.308025772,2.827780127,0.6967416,0.069980321
81.53391509,0.301886232,2.818557517,0.636350226,0.06620459
81.53855376,0.298654895,2.808283206,0.659785685,0.062900825
81.54319243,0.303097983,2.801811199,0.699445691,0.065889946
81.5478311,0.304794435,2.797847095,0.665193867,0.069980321
81.55246977,0.297847061,2.789352586,0.648067956,0.06329413
81.55710844,0.297443144,2.780858077,0.666996595,0.062900825
81.56174711,0.303744251,2.776570372,0.70395251,0.069036389
81.56638578,0.29946273,2.769855665,0.635448863,0.067227184
81.57102445,0.295181208,2.759500454,0.654377502,0.062428858
81.57566312,0.298250978,2.752704847,0.684122507,0.064552707
81.58030179,0.301967016,2.749630644,0.674207505,0.069508355
81.58494046,0.294534941,2.740731634,0.635448863,0.063687435
81.58957913,0.293080839,2.731428124,0.65618023,0.061956892
81.5942178,0.298897246,2.72746402,0.700347055,0.066991201
81.59885647,0.297362361,2.723095416,0.639955681,0.067777811
81.60349514,0.291869088,2.714277306,0.647166592,0.062035553
81.60813381,0.293484757,2.7084525,0.671503414,0.062900825
81.61277248,0.298816462,2.707158099,0.686826598,0.069036389
81.61741115,0.292515356,2.701009692,0.631843407,0.064946013
81.62204982,0.289607152,2.693971385,0.654377502,0.061406264
81.62668849,0.294373374,2.692272483,0.695840236,0.065339318
81.63132716,0.295908259,2.691625282,0.65618023,0.068957727
81.63596583,0.289284019,2.685234175,0.6444625,0.062350197
81.6406045,0.289607152,2.681027371,0.665193867,0.062035553
81.64524317,0.295908259,2.681755472,0.703051146,0.068249778
81.64988184,0.291626738,2.680784671,0.639054318,0.066125929
81.65452051,0.287829917,2.677144167,0.660687048,0.061563586
81.65915918,0.291545955,2.678034068,0.6967416,0.06400208
81.66379785,0.295585125,2.683049873,0.685023871,0.069036389
81.66843652,0.289364802,2.684991475,0.655278866,0.062900825
81.67307519,0.288637751,2.68919828,0.683221143,0.061327603
81.67771386,0.295423559,2.697045588,0.730993423,0.066519234
81.68235253,0.29380789,2.704002995,0.669700686,0.067541828
81.6869912,0.289203235,2.7085334,0.682319779,0.06179957
81.69162987,0.292030655,2.71783691,0.712064784,0.062979486
81.69626854,0.298493329,2.731751725,0.727387968,0.068879066
81.70090721,0.292919273,2.741136135,0.67781296,0.064395385
81.70554588,0.291707521,2.753352048,0.71116342,0.061170281
81.71018455,0.298816462,2.776004072,0.764343883,0.065339318
81.71482322,0.301724665,2.803671901,0.734598879,0.068171117
81.71946189,0.297443144,2.823816022,0.736401606,0.061956892
81.72410056,0.299381946,2.845820846,0.759837064,0.061563586
81.72873923,0.308025772,2.876239278,0.79679298,0.06769915
81.7333779,0.306733237,2.91571852,0.758034337,0.065575301
81.73801657,0.307944989,2.970083378,0.822932529,0.061406264
81.74265524,0.318689183,3.052358765,0.910364816,0.064238063
81.74729391,0.332341581,3.199516021,0.995093012,0.069272372
81.75193258,0.344782228,3.429919465,1.136607125,0.063530113
81.75657125,0.368774903,3.774958331,1.352033069,0.062743503
81.76120992,0.408520345,4.176465457,1.592697199,0.069272372
81.76584859,0.437198459,4.555563259,1.672017212,0.070058983
81.77048726,0.454324544,4.840574262,1.723394947,0.065339318
81.77512593,0.474358832,4.900602125,1.707170399,0.067148523
81.7797646,0.490353949,4.900602125,1.622442204,0.073677392
81.78440327,0.487284179,4.900602125,1.408818987,0.069036389
81.78904194,0.483648925,4.900602125,1.250178962,0.066283251
81.79368061,0.487122612,4.900602125,1.160042584,0.070373627
81.79831928,0.482921875,4.900602125,1.005909377,0.072890781
81.80295795,0.472823947,4.900602125,0.924786637,0.066676556
81.80759662,0.469834961,4.900602125,0.890534813,0.06691254
81.81223529,0.471854546,4.900602125,0.875211629,0.073048103
81.81687396,0.461514268,4.8768175,0.774258885,0.069665677
81.82151263,0.452951226,4.808942328,0.761639792,0.065653962
81.8261513,0.451820258,4.721084835,0.769752066,0.068643083
81.83078997,0.448588921,4.638081347,0.721078422,0.072969442
81.83542864,0.436713759,4.550790154,0.680517052,0.066833878
81.84006731,0.430897353,4.468352967,0.690432053,0.06549664
81.84470598,0.431382053,4.394005788,0.724683877,0.070766932
81.84934465,0.423465278,4.32014401,0.650772047,0.070058983
81.85398332,0.413609701,4.245715931,0.662489776,0.064552707
81.85862199,0.411428549,4.177921659,0.687727962,0.065968607
81.86326066,0.411670899,4.117003894,0.687727962,0.071868187
81.86789933,0.401007487,4.055843429,0.640857045,0.066676556
81.872538,0.395594998,3.997352667,0.662489776,0.064395385
81.87717667,0.39680675,3.945414812,0.705755238,0.068564422
81.88181534,0.392767579,3.895337659,0.652574774,0.070373627
81.88645401,0.383073568,3.844775105,0.65618023,0.064316724
81.89109268,0.3809732,3.797367655,0.681418415,0.064552707
81.89573135,0.383315919,3.754409709,0.705755238,0.070294966
81.90037002,0.374672093,3.708296661,0.640857045,0.067069862
81.90500869,0.368370986,3.661212811,0.658884321,0.063136808
81.90964736,0.369663521,3.620115567,0.694938872,0.066440573
81.91428603,0.369421171,3.581202626,0.660687048,0.070530949
81.9189247,0.360211861,3.539053681,0.639054318,0.064159402
81.92356337,0.356334257,3.49989804,0.657982957,0.063530113
81.92820204,0.360050294,3.465596403,0.697642964,0.068957727
81.93284071,0.353749187,3.433074569,0.63004068,0.06769915
81.93747938,0.347367297,3.397640331,0.648969319,0.062900825
81.94211805,0.348175131,3.366170198,0.679615688,0.064474046
81.94675672,0.350194717,3.338502368,0.675108869,0.070452288
81.95139539,0.341470108,3.307598536,0.632744771,0.064710029
81.95603406,0.337673287,3.277908204,0.655278866,0.062350197
81.96067273,0.342035592,3.253880879,0.699445691,0.067227184
81.9653114,0.338481121,3.231067054,0.643561137,0.068564422
81.96995007,0.331776097,3.206392528,0.649870683,0.062664841
81.97458874,0.331856881,3.186733807,0.676010233,0.063136808
81.97922741,0.336057618,3.172980793,0.698544327,0.069351033
81.98386608,0.329271811,3.155991775,0.643561137,0.065653962
81.98850475,0.325151857,3.139973558,0.67060205,0.062114214
81.99314342,0.328544761,3.127757645,0.712064784,0.06549664
81.99778209,0.329514162,3.117564234,0.676010233,0.069508355
82.00242076,0.322243654,3.107451723,0.668799323,0.063058147
82.00705943,0.32192052,3.103649419,0.694037508,0.062271536
82.0116981,0.32830241,3.109150625,0.740908425,0.0684071
82.01633677,0.324182456,3.116917033,0.682319779,0.06691254
82.02097544,0.319335451,3.12298454,0.705755238,0.062192875
82.02561411,0.322809138,3.131802649,0.739105697,0.064316724
82.03025278,0.327090659,3.138517356,0.724683877,0.069744338
82.03489145,0.319900935,3.133663351,0.680517052,0.063923419
82.03953012,0.317962133,3.122256439,0.694938872,0.062114214
82.04416879,0.323455405,3.109636026,0.730993423,0.067463167
82.04880746,0.320466419,3.095640311,0.66339114,0.068171117
82.05344613,0.314165312,3.075253489,0.665193867,0.062664841
82.0580848,0.314811579,3.05729367,0.685925234,0.063608774
82.06272347,0.319173884,3.042974355,0.695840236,0.06990166
82.06736214,0.312307293,3.024043735,0.636350226,0.065653962
82.07200081,0.309075956,3.003899613,0.655278866,0.062428858
82.07663948,0.313115127,2.987719596,0.693136145,0.065968607
82.08127815,0.313357478,2.971863179,0.648969319,0.069193711
82.08591682,0.306006187,2.952447159,0.63725159,0.062900825
82.09055549,0.305036786,2.93489184,0.657081593,0.062428858
82.09519416,0.310691625,2.920815225,0.690432053,0.068800405
82.09983283,0.305359919,2.904554308,0.623731133,0.066676556
82.1044715,0.301159181,2.885461888,0.6444625,0.062114214
82.10911017,0.304148168,2.871708873,0.678714324,0.064395385
82.11374884,0.307056371,2.861758163,0.661588412,0.069822999
82.11838751,0.29970508,2.846225346,0.629139316,0.063923419
82.12302618,0.298331762,2.831825131,0.650772047,0.062035553
82.12766485,0.304228951,2.82179352,0.695840236,0.067541828
82.13230352,0.301563099,2.810063008,0.631843407,0.06769915
82.13694219,0.295746692,2.795986393,0.643561137,0.062192875
82.14158086,0.297281577,2.784498581,0.668799323,0.063136808
82.14621953,0.302047799,2.776732173,0.676911597,0.069429694
82.1508582,0.295504342,2.76500166,0.623731133,0.064788691
82.15549687,0.292919273,2.752462147,0.647166592,0.061878231
82.16013554,0.297604711,2.745181139,0.689530689,0.06549664
82.16477421,0.297362361,2.737900131,0.643561137,0.068485761
82.16941288,0.291303604,2.726655019,0.63725159,0.06258618
82.17405155,0.291788305,2.71775601,0.660687048,0.062192875
82.17869022,0.297604711,2.712740205,0.691333417,0.068328439
82.18332889,0.292273005,2.704245696,0.626435225,0.065811284
82.18796756,0.288395401,2.693000584,0.647166592,0.061563586
82.19260623,0.292192222,2.686528577,0.681418415,0.06400208
82.1972449,0.294938858,2.682807173,0.658884321,0.069193711
82.20188357,0.288314618,2.674069964,0.629139316,0.063058147
82.20652224,0.287749134,2.665899055,0.650772047,0.06179957
82.21116091,0.294131024,2.662420351,0.695840236,0.067384506
82.21579958,0.291545955,2.658618047,0.630942044,0.067227184
82.22043825,0.286133465,2.650851639,0.6444625,0.061642248
82.22507692,0.288476185,2.645026833,0.672404778,0.062979486
82.22971559,0.293000056,2.64243803,0.676010233,0.068879066
82.23435426,0.286860516,2.634833422,0.625533861,0.063687435
82.23899293,0.285002498,2.626500713,0.646265228,0.061327603
82.2436316,0.290172636,2.62318381,0.688629326,0.065653962
82.24827027,0.290091853,2.619866906,0.63725159,0.068013795
82.25290894,0.284194663,2.611210597,0.634547499,0.062114214
82.25754761,0.284679364,2.605385791,0.657081593,0.061956892
82.26218628,0.29049577,2.60441499,0.684122507,0.068328439
82.26682495,0.285406415,2.599803685,0.621928406,0.065181996
82.27146362,0.282175078,2.594383379,0.6444625,0.061563586
82.27610229,0.286456599,2.591551876,0.683221143,0.064474046
82.28074096,0.288880102,2.590985576,0.65618023,0.068957727
82.28537963,0.282013511,2.585079869,0.632744771,0.062743503
82.2900183,0.282175078,2.580306764,0.654377502,0.061327603
82.29465697,0.288718535,2.579659564,0.6967416,0.067305845
82.29929564,0.285406415,2.578203362,0.631843407,0.066755217
82.30393431,0.280882543,2.572863956,0.650772047,0.061406264
82.30857298,0.283952313,2.570922354,0.680517052,0.062900825
82.31321165,0.288718535,2.572378556,0.678714324,0.068879066
82.31785032,0.282013511,2.569385253,0.631843407,0.063608774
82.32248899,0.280640193,2.566068349,0.652574774,0.061484925
82.32712766,0.286779733,2.565744749,0.694938872,0.065653962
82.33176633,0.286214249,2.565663849,0.639054318,0.067856472
82.336405,0.280478626,2.561376144,0.641758409,0.06179957
82.34104367,0.282417428,2.560324443,0.666095231,0.062271536
82.34568234,0.288637751,2.562508745,0.688629326,0.068328439
82.35032101,0.283306046,2.561295244,0.627336589,0.064788691
82.35495968,0.279993926,2.55741204,0.648067956,0.061012959
82.35959835,0.284760147,2.556198539,0.684122507,0.064159402
82.36423702,0.286779733,2.556117639,0.648969319,0.068485761
82.36887569,0.280640193,2.551101833,0.63004068,0.062507519
82.37351436,0.280720976,2.547542229,0.650772047,0.061484925
82.37815303,0.287022083,2.54851303,0.690432053,0.067463167
82.3827917,0.283306046,2.547299529,0.623731133,0.06620459
82.38743037,0.279105308,2.543659025,0.643561137,0.061406264
82.39206904,0.282417428,2.543254525,0.676010233,0.06329413
82.39670771,0.287264433,2.546814129,0.671503414,0.069193711
82.40134638,0.281124893,2.545034327,0.631843407,0.063608774
82.40598505,0.279993926,2.544144426,0.653476138,0.061327603
82.41062372,0.286052682,2.549322031,0.699445691,0.066047268
82.41526239,0.285002498,2.555227738,0.643561137,0.06769915
82.41990106,0.279590008,2.555713138,0.651673411,0.061878231
82.42453973,0.281771161,2.55757384,0.675108869,0.062114214
82.4291784,0.287991484,2.563560446,0.693136145,0.068328439
82.43381707,0.281771161,2.563479546,0.631843407,0.064474046
82.43845574,0.279024525,2.559272742,0.650772047,0.061170281
82.44309441,0.284033097,2.55789744,0.687727962,0.064631368
82.44773308,0.285406415,2.55725024,0.647166592,0.068328439
82.45237175,0.279024525,2.551425434,0.630942044,0.062350197
82.45701042,0.279670792,2.547137729,0.649870683,0.061406264
82.46164909,0.285891115,2.54762313,0.686826598,0.067777811
82.46628776,0.281690377,2.545277027,0.619224315,0.066047268
82.47092643,0.277812773,2.540261222,0.638152954,0.061327603
82.4755651,0.281367244,2.53856232,0.67060205,0.06329413
82.48020377,0.285406415,2.539452221,0.658884321,0.068564422
82.48484244,0.278539824,2.534598216,0.621928406,0.062900825
82.48948111,0.277812773,2.530472311,0.643561137,0.060934298
82.49411978,0.283952313,2.531038612,0.688629326,0.066047268
82.49875845,0.282578995,2.531281312,0.627336589,0.067305845
82.50339712,0.277408856,2.52933971,0.639955681,0.06109162
82.50803579,0.280155492,2.531847613,0.668799323,0.062035553
82.51267446,0.286456599,2.540342122,0.688629326,0.068643083
82.51731313,0.28080176,2.543497225,0.636350226,0.064080741
82.5219518,0.278701391,2.544306226,0.657982957,0.061012959
82.52659047,0.28387153,2.546409628,0.697642964,0.064631368
82.53122914,0.284760147,2.549726532,0.652574774,0.067620489
82.53586781,0.278862958,2.547218629,0.639955681,0.061720909
82.54050648,0.279590008,2.546086028,0.660687048,0.061406264
82.54514515,0.286052682,2.550050132,0.694938872,0.06769915
82.54978382,0.281205677,2.550859133,0.627336589,0.065811284
82.55442249,0.278055124,2.550292832,0.648969319,0.061484925
82.55906116,0.281932728,2.553690636,0.685023871,0.06400208
82.56369983,0.286295032,2.560648043,0.668799323,0.068800405
82.5683385,0.279832359,2.562023345,0.63725159,0.063215469
82.57297717,0.279186091,2.562994146,0.657982957,0.061642248
82.57761584,0.285648765,2.567929051,0.700347055,0.066991201
82.58225451,0.283548396,2.570113353,0.634547499,0.067463167
82.58689318,0.278539824,2.565987449,0.6444625,0.062114214
82.59153185,0.280963327,2.564207647,0.667897959,0.062900825
82.59617052,0.286456599,2.564773948,0.674207505,0.069272372
82.60080919,0.280155492,2.559839042,0.620125678,0.064395385
82.60544786,0.278378257,2.554176036,0.641758409,0.061327603
82.61008653,0.283629179,2.552962535,0.684122507,0.065260657
82.6147252,0.284275447,2.551910834,0.633646135,0.068171117
82.61936387,0.278378257,2.545115227,0.627336589,0.062035553
82.62400254,0.279024525,2.540261222,0.648969319,0.06179957
82.62864121,0.285567982,2.539775821,0.676911597,0.068485761
82.63327988,0.280640193,2.535892617,0.612914768,0.065653962
82.63791855,0.277166506,2.530391411,0.632744771,0.061406264
82.64255722,0.281528811,2.527721708,0.667897959,0.064159402
82.64719589,0.284921714,2.527479008,0.643561137,0.069036389
82.65183456,0.278135907,2.522058702,0.617421587,0.062743503
82.65647323,0.277651206,2.517770998,0.63725159,0.061720909
82.6611119,0.28387153,2.518175498,0.681418415,0.067148523
82.66575057,0.281690377,2.516557497,0.615618859,0.066755217
82.67038924,0.276762589,2.512512492,0.631843407,0.061642248
82.67502791,0.279186091,2.51024729,0.659785685,0.062822164
82.67966658,0.284517797,2.512269792,0.66339114,0.06911505
82.68430525,0.27821669,2.509114689,0.615618859,0.063923419
82.68894392,0.276439455,2.506040485,0.638152954,0.061170281
82.69358259,0.282498212,2.507415787,0.682319779,0.06549664
82.69822126,0.282094294,2.508548388,0.630942044,0.068013795
82.70285993,0.276277888,2.503937083,0.63004068,0.061563586
82.7074986,0.277570423,2.501914581,0.651673411,0.061642248
82.71213727,0.28387153,2.504422484,0.676911597,0.068013795
82.71677594,0.278943741,2.502561782,0.612914768,0.064946013
82.72141461,0.275631621,2.498759478,0.635448863,0.060776976
82.72605328,0.280155492,2.499002178,0.673306141,0.063687435
82.73069195,0.282982912,2.502399982,0.645363864,0.068171117
82.73533062,0.276439455,2.499892079,0.627336589,0.062428858
82.73996929,0.277004939,2.499244878,0.648969319,0.061170281
82.74460796,0.283386829,2.50134828,0.689530689,0.066991201
82.74924663,0.279913142,2.50078198,0.619224315,0.066283251
82.7538853,0.275389271,2.495685274,0.633646135,0.061248942
82.75852397,0.278539824,2.494148173,0.661588412,0.062900825
82.76316264,0.283225262,2.495523474,0.657982957,0.068721744
82.76780131,0.276762589,2.49188297,0.612914768,0.063608774
82.77243998,0.275066137,2.488323367,0.634547499,0.06109162
82.77707865,0.280963327,2.488485167,0.678714324,0.065889946
82.78171732,0.279832359,2.489051467,0.623731133,0.067620489
82.78635599,0.274015953,2.485330063,0.626435225,0.061406264
82.79099466,0.275793188,2.483954762,0.649870683,0.061878231
82.79563333,0.282013511,2.486867165,0.672404778,0.068171117
82.800272,0.276762589,2.486300864,0.612013404,0.064788691
82.80491067,0.273773602,2.483873862,0.636350226,0.06109162
82.80954934,0.278862958,2.487757066,0.676911597,0.064316724
82.81418801,0.28104411,2.494229073,0.647166592,0.068643083
82.81882668,0.275066137,2.495847075,0.631843407,0.062192875
82.82346535,0.27514692,2.499163978,0.654377502,0.061642248
82.82810402,0.282175078,2.504907884,0.693136145,0.067856472
82.83274269,0.27821669,2.505878685,0.623731133,0.06620459
82.83738136,0.274500653,2.503613483,0.640857045,0.061406264
82.84202003,0.278297474,2.504017983,0.67060205,0.063136808
82.8466587,0.282982912,2.508224788,0.662489776,0.06911505
82.85129737,0.276035538,2.506364086,0.621027042,0.063844758
82.85593604,0.27514692,2.503856183,0.641758409,0.061563586
82.86057471,0.281124893,2.506202286,0.685925234,0.066519234
82.86521338,0.280236276,2.507092187,0.626435225,0.06769915
82.86985205,0.274743003,2.503451683,0.632744771,0.061878231
82.87449072,0.276681805,2.501510081,0.657081593,0.062192875
82.87912939,0.282659778,2.504179783,0.674207505,0.068643083
82.88376806,0.276843372,2.502885382,0.615618859,0.064474046
82.88840673,0.274500653,2.500296579,0.639054318,0.06109162
82.8930454,0.279751575,2.501752781,0.678714324,0.064710029
82.89768407,0.281609594,2.503694383,0.639054318,0.0684071
82.90232274,0.275227704,2.50053928,0.626435225,0.061956892
82.90696141,0.275550838,2.498759478,0.647166592,0.061248942
82.91160008,0.282013511,2.501510081,0.684122507,0.067856472
82.91623875,0.277812773,2.501995481,0.617421587,0.066047268
82.92087742,0.274258303,2.499083078,0.638152954,0.061248942
82.92551609,0.278297474,2.499487578,0.671503414,0.063608774
82.93015476,0.283063696,2.503775283,0.658884321,0.068721744
82.93479343,0.276601022,2.503532583,0.627336589,0.062900825
82.9394321,0.276035538,2.505069684,0.653476138,0.061170281
82.94407077,0.283063696,2.512350692,0.700347055,0.066125929
82.94870944,0.281367244,2.518256398,0.639054318,0.067069862
82.95334811,0.276601022,2.517690098,0.648067956,0.061327603
82.95798678,0.278943741,2.518256398,0.669700686,0.062350197
82.96262545,0.284517797,2.521654202,0.678714324,0.068564422
82.96726412,0.278378257,2.521654202,0.625533861,0.06400208
82.97190279,0.276681805,2.520764301,0.649870683,0.061012959
82.97654146,0.282175078,2.523514904,0.691333417,0.064946013
82.98118013,0.283225262,2.526589107,0.647166592,0.068092456
82.9858188,0.276843372,2.523434004,0.636350226,0.061956892
82.99045747,0.27748964,2.522463203,0.655278866,0.061878231
82.99509614,0.284517797,2.525618306,0.687727962,0.068092456
82.99973481,0.280478626,2.525294706,0.621928406,0.065339318
83.00437348,0.277247289,2.522625003,0.643561137,0.060855637
83.00901215,0.280882543,2.523029503,0.676911597,0.063530113
83.01365082,0.284194663,2.525780106,0.65618023,0.068800405
83.01828949,0.27773199,2.523110404,0.625533861,0.062979486
83.02292816,0.277085722,2.521411502,0.646265228,0.061642248
83.02756683,0.283952313,2.524323905,0.691333417,0.066833878
83.0322055,0.281690377,2.525699206,0.628237952,0.067069862
83.03684417,0.277166506,2.522625003,0.641758409,0.061170281
83.04148284,0.279590008,2.522382303,0.669700686,0.062507519
83.04612151,0.285325631,2.526670007,0.676010233,0.068643083
83.05076018,0.278701391,2.526346407,0.624632497,0.06400208
83.05539885,0.277166506,2.524971106,0.648067956,0.061406264
83.06003752,0.282982912,2.528692509,0.691333417,0.065339318
83.06467619,0.283629179,2.532171213,0.641758409,0.068092456
83.06931486,0.277651206,2.52958241,0.63725159,0.06179957
83.07395353,0.278701391,2.528611609,0.658884321,0.061878231
83.0785922,0.284840931,2.531847613,0.687727962,0.068013795
83.08323087,0.280074709,2.531362212,0.620125678,0.065575301
83.08786954,0.276843372,2.527398108,0.642659773,0.061248942
83.09250821,0.281124893,2.527559908,0.679615688,0.063608774
83.09714688,0.283952313,2.530715012,0.654377502,0.0684071
83.10178555,0.27748964,2.528207109,0.629139316,0.062507519
83.10642422,0.277247289,2.528045309,0.651673411,0.061170281
83.11106289,0.283709963,2.533870115,0.695840236,0.066833878
83.11570156,0.281205677,2.53848142,0.63004068,0.066361912
83.12034023,0.277166506,2.540908422,0.648969319,0.061406264
83.1249789,0.279913142,2.546166928,0.682319779,0.062822164
83.12961757,0.285729548,2.555632238,0.685023871,0.068800405
83.13425624,0.279509225,2.561376144,0.642659773,0.063372791
83.13889491,0.278297474,2.56671555,0.666095231,0.061012959
83.14353358,0.28459858,2.574886458,0.710262056,0.065732623
83.14817225,0.284437014,2.581924766,0.655278866,0.068013795
83.15281092,0.278782174,2.584432669,0.655278866,0.062035553
83.15744959,0.280720976,2.588801273,0.679615688,0.061956892
83.16208826,0.287506784,2.596163181,0.70395251,0.068171117
83.16672693,0.282417428,2.597781183,0.639054318,0.064710029
83.1713656,0.279428442,2.59551598,0.658884321,0.060698315
83.17600427,0.283790746,2.59543508,0.694037508,0.063844758
83.18064294,0.286375816,2.596244081,0.660687048,0.067856472
83.18528161,0.279913142,2.591147376,0.636350226,0.062035553
83.18992028,0.279509225,2.586374271,0.655278866,0.060934298
83.19455895,0.286052682,2.587021471,0.694938872,0.06691254
83.19919762,0.282902129,2.583704568,0.625533861,0.066125929
83.20383629,0.278378257,2.580468564,0.645363864,0.061012959
83.20847496,0.281851944,2.580792165,0.67781296,0.062743503
83.21311363,0.286779733,2.58540347,0.676911597,0.068249778
83.2177523,0.28055941,2.58605067,0.63725159,0.063058147
83.22239097,0.279670792,2.58548437,0.658884321,0.060698315
83.22702964,0.285891115,2.587345072,0.702149782,0.06549664
83.23166831,0.285244848,2.589529374,0.646265228,0.066991201
83.23630698,0.279913142,2.587992272,0.651673411,0.061406264
83.24094565,0.281690377,2.587587772,0.675108869,0.061878231
83.24558432,0.287991484,2.591228276,0.693136145,0.0684071
83.25022299,0.282094294,2.589448474,0.630942044,0.064631368
83.25486166,0.279751575,2.586616971,0.653476138,0.061012959
83.25950033,0.28459858,2.587992272,0.692234781,0.064159402
83.264139,0.286618166,2.590095675,0.657982957,0.068249778
83.26877767,0.280317059,2.58556527,0.640857045,0.062271536
83.27341634,0.279832359,2.581924766,0.660687048,0.061327603
83.27805501,0.286698949,2.582410166,0.701248419,0.067148523
83.28269368,0.282659778,2.579335963,0.635448863,0.065732623
83.28733235,0.278701391,2.573834757,0.658884321,0.061012959
83.29197102,0.281932728,2.571974055,0.698544327,0.063058147
83.29660969,0.286133465,2.573268457,0.697642964,0.068328439
83.30124836,0.279751575,2.569789753,0.660687048,0.063136808
83.30588703,0.278378257,2.56736275,0.681418415,0.061012959
83.3105257,0.284760147,2.569951553,0.723782513,0.06620459
83.31516437,0.283225262,2.572054955,0.660687048,0.067148523
83.31980304,0.277812773,2.572216756,0.667897959,0.061642248
83.32444171,0.279590008,2.57674716,0.694938872,0.062271536
83.32908038,0.285567982,2.58588887,0.710262056,0.0684071
83.33371905,0.279913142,2.591551876,0.65618023,0.064316724
83.33835772,0.277651206,2.596648582,0.680517052,0.061012959
83.34299639,0.282821345,2.605304891,0.723782513,0.064788691
83.34763506,0.284194663,2.615336501,0.685023871,0.068013795
83.35227373,0.278378257,2.616145502,0.667897959,0.062192875
83.3569124,0.278539824,2.615579202,0.683221143,0.061563586
83.36155107,0.285406415,2.616954503,0.712966148,0.068092456
83.36618974,0.281528811,2.614851101,0.641758409,0.065889946
83.37082841,0.277570423,2.611129697,0.658884321,0.061327603
83.37546708,0.281932728,2.611938698,0.694037508,0.063451452
83.38010575,0.285971899,2.615417401,0.679615688,0.068564422
83.38474442,0.279670792,2.613475799,0.642659773,0.062743503
83.38938309,0.278862958,2.611695997,0.661588412,0.06109162
83.39402176,0.285487198,2.6139612,0.70395251,0.066833878
83.39866043,0.28435623,2.614851101,0.639955681,0.067227184
83.4032991,0.279186091,2.610644296,0.649870683,0.061720909
83.40793777,0.28128646,2.610725196,0.67781296,0.062507519
83.41257644,0.287102866,2.6145275,0.689530689,0.0684071
83.41721511,0.282013511,2.615498302,0.639054318,0.063923419
83.42185378,0.280155492,2.617601704,0.666996595,0.061012959
83.42649245,0.286214249,2.627471514,0.715670239,0.065103335
83.43113112,0.287910701,2.640415528,0.67781296,0.068013795
83.43576979,0.282578995,2.646483034,0.674207505,0.061878231
83.44040846,0.283952313,2.652712341,0.6967416,0.061327603
83.44504713,0.290576553,2.663229352,0.73009206,0.067856472
83.4496858,0.286618166,2.668649658,0.66339114,0.065417979
83.45432447,0.283952313,2.67051036,0.685925234,0.06109162
83.45896314,0.288153051,2.674474464,0.717472967,0.063530113
83.46360181,0.292111438,2.67973297,0.694037508,0.068485761
83.46824048,0.286052682,2.67997567,0.66339114,0.062900825
83.47287915,0.285971899,2.679004869,0.682319779,0.061327603
83.47751782,0.292919273,2.68046107,0.722881149,0.066833878
83.48215649,0.29073812,2.67973297,0.652574774,0.066676556
83.48679516,0.285810332,2.673584563,0.661588412,0.06109162
83.49143383,0.288314618,2.669701359,0.685023871,0.062822164
83.4960725,0.293403973,2.669054158,0.687727962,0.068879066
83.50071117,0.288072268,2.663229352,0.635448863,0.063608774
83.50534984,0.285487198,2.657000046,0.65618023,0.061248942
83.50998851,0.290980471,2.654734843,0.698544327,0.065653962
83.51462718,0.291384388,2.653521342,0.647166592,0.067935134
83.51926585,0.285244848,2.647777436,0.6444625,0.061878231
83.52390452,0.286295032,2.645674034,0.667897959,0.061720909
83.52854319,0.292434572,2.648343736,0.6967416,0.068092456
83.53318186,0.287102866,2.647292035,0.635448863,0.064867352
83.53782053,0.284275447,2.647372935,0.66339114,0.061012959
83.5424592,0.288637751,2.653116841,0.707557965,0.06400208
83.54709787,0.291626738,2.661854051,0.686826598,0.0684071
83.55173654,0.284921714,2.66096415,0.657982957,0.062350197
83.55637521,0.284840931,2.657161846,0.669700686,0.061012959
83.56101388,0.291303604,2.656352845,0.708459329,0.066991201
83.56565255,0.288476185,2.652793241,0.638152954,0.066283251
83.57029122,0.28387153,2.646159434,0.650772047,0.06109162
83.57492989,0.286456599,2.641467229,0.675108869,0.062900825
83.57956856,0.291222821,2.639363827,0.671503414,0.068564422
83.58420723,0.28411388,2.631759219,0.623731133,0.063058147
83.5888459,0.282659778,2.62383101,0.6444625,0.060855637
83.59348457,0.288395401,2.620352307,0.686826598,0.06549664
83.59812324,0.287991484,2.616630903,0.633646135,0.067620489
83.60276191,0.282013511,2.608864494,0.633646135,0.061642248
83.60740058,0.283063696,2.603282389,0.65618023,0.061878231
83.61203925,0.289284019,2.602068887,0.680517052,0.068328439
83.61667792,0.283952313,2.596810382,0.619224315,0.065339318
83.62131659,0.28104411,2.590500175,0.642659773,0.061878231
83.62595526,0.285406415,2.587830472,0.680517052,0.065811284
83.63059393,0.287426,2.588315873,0.650772047,0.070373627
83.6352326,0.280640193,2.583542768,0.631843407,0.064867352
83.63987127,0.280397843,2.581762966,0.654377502,0.064159402
83.64450994,0.287345217,2.586859671,0.704853874,0.070452288
83.64914861,0.284679364,2.594545179,0.653476138,0.06911505
83.65378728,0.281205677,2.598347483,0.680517052,0.063923419
83.65842595,0.284194663,2.600693586,0.702149782,0.065968607
83.66306462,0.289041669,2.602958788,0.687727962,0.071632204
83.66770329,0.282013511,2.598185683,0.638152954,0.066125929
83.67234196,0.281124893,2.592684477,0.654377502,0.064316724
83.67698063,0.286618166,2.591309176,0.694037508,0.068800405
83.6816193,0.285648765,2.589205774,0.634547499,0.069822999
83.68625797,0.280236276,2.582329266,0.636350226,0.064316724
83.69089664,0.282013511,2.578446062,0.659785685,0.064474046
83.69553531,0.287991484,2.578769663,0.67781296,0.07060961
83.70017398,0.281690377,2.575048259,0.618322951,0.066361912
83.70481265,0.279186091,2.569708853,0.640857045,0.063058147
83.70945132,0.284275447,2.568171751,0.679615688,0.066519234
83.71408999,0.285810332,2.569466153,0.643561137,0.070216305
83.71872866,0.279590008,2.565097548,0.628237952,0.063844758
83.72336733,0.280074709,2.561942445,0.649870683,0.06329413
83.728006,0.286133465,2.563884047,0.688629326,0.06911505
83.73264467,0.282578995,2.563155946,0.621928406,0.067541828
83.73728334,0.278701391,2.559191842,0.639955681,0.062507519
83.74192201,0.282175078,2.55789744,0.67060205,0.064631368
83.74656068,0.285971899,2.559677242,0.658884321,0.070216305
83.75119935,0.278943741,2.555874938,0.621027042,0.064316724
83.75583802,0.278135907,2.551668134,0.642659773,0.062114214
83.76047669,0.285002498,2.553124335,0.687727962,0.067305845
83.76511536,0.283467613,2.553852436,0.626435225,0.068328439
83.76975403,0.277893557,2.550535533,0.634547499,0.062428858
83.7743927,0.279913142,2.548836631,0.660687048,0.063136808
83.77903137,0.286133465,2.551182733,0.675108869,0.069429694
83.78367004,0.280397843,2.549726532,0.619224315,0.064946013
83.78830871,0.278055124,2.546733229,0.642659773,0.06179957
83.79294738,0.283225262,2.54843213,0.684122507,0.06549664
83.79758605,0.28459858,2.551182733,0.642659773,0.068879066
83.80222472,0.278701391,2.54818943,0.632744771,0.062507519
83.80686339,0.278943741,2.547056829,0.653476138,0.061956892
83.81150206,0.285648765,2.550778233,0.687727962,0.068249778
83.81614073,0.281367244,2.550778233,0.621027042,0.066047268
83.8207794,0.277651206,2.54810853,0.641758409,0.061642248
83.82541807,0.281448027,2.54778493,0.675108869,0.063844758
83.83005674,0.285002498,2.551101833,0.65618023,0.068957727
83.83469541,0.278135907,2.548755731,0.623731133,0.063372791
83.83933408,0.27773199,2.546166928,0.645363864,0.06179957
83.84397275,0.284437014,2.54794673,0.688629326,0.066755217
83.84861142,0.282498212,2.549079331,0.624632497,0.066991201
83.85325009,0.27748964,2.546086028,0.635448863,0.061642248
83.85788876,0.279590008,2.544953427,0.661588412,0.062743503
83.86252743,0.284679364,2.54794673,0.671503414,0.068879066
83.8671661,0.279347658,2.545924228,0.619224315,0.064080741
83.87180477,0.277166506,2.544306226,0.642659773,0.061563586
83.87644344,0.283063696,2.546247828,0.685925234,0.065339318
83.88108211,0.283790746,2.549564732,0.639955681,0.067935134
83.88572078,0.277812773,2.547542229,0.634547499,0.061956892
83.89035945,0.279105308,2.546733229,0.65618023,0.061720909
83.89499812,0.285406415,2.550211932,0.686826598,0.068013795
83.89963679,0.28080176,2.550616433,0.621027042,0.065653962
83.90427546,0.277651206,2.548836631,0.6444625,0.061406264
83.90891413,0.281771161,2.551749034,0.683221143,0.063923419
83.9135528,0.285406415,2.558787341,0.664292504,0.068957727
83.91819147,0.279105308,2.560890744,0.639054318,0.062900825
83.92283014,0.278782174,2.563803147,0.661588412,0.061406264
83.92746881,0.286133465,2.571569555,0.707557965,0.067227184
83.93210748,0.283306046,2.577313461,0.642659773,0.066833878
83.93674615,0.278620607,2.579093263,0.658884321,0.061563586
83.94138482,0.28128646,2.582652867,0.686826598,0.062743503
83.94602349,0.286779733,2.588073172,0.687727962,0.068721744
83.95066216,0.280236276,2.587911372,0.636350226,0.064159402
83.95530083,0.278862958,2.586778771,0.657081593,0.061248942
83.9599395,0.284921714,2.590419275,0.699445691,0.065889946
83.96457817,0.285164064,2.593897979,0.649870683,0.068328439
83.96921684,0.279590008,2.593331678,0.648067956,0.061956892
83.97385551,0.280478626,2.59535418,0.672404778,0.061720909
83.97849418,0.287264433,2.603120588,0.702149782,0.068564422
83.98313285,0.283063696,2.608298194,0.642659773,0.065417979
83.98777152,0.280478626,2.613475799,0.669700686,0.061170281
83.99241019,0.286052682,2.623992811,0.712064784,0.064316724
83.99704886,0.289041669,2.635480623,0.683221143,0.06911505
84.00168753,0.282902129,2.640253728,0.659785685,0.062743503
84.0063262,0.283225262,2.64268073,0.676911597,0.062035553
84.01096487,0.29025342,2.648181936,0.717472967,0.067541828
84.01560354,0.287345217,2.65166064,0.648067956,0.067148523
84.02024221,0.283548396,2.651013439,0.664292504,0.061956892
84.02488088,0.2869413,2.653683142,0.694037508,0.063687435
84.02951955,0.292353789,2.660155149,0.693136145,0.069193711
84.03415822,0.286375816,2.662177651,0.648067956,0.063687435
84.03879689,0.285648765,2.665494555,0.669700686,0.061406264
84.04343556,0.291384388,2.672047462,0.712966148,0.065889946
84.04807423,0.291061254,2.676173366,0.659785685,0.067856472
84.0527129,0.285729548,2.675445265,0.662489776,0.061878231
84.05735157,0.287749134,2.676416066,0.685023871,0.061956892
84.06199024,0.294292591,2.681270071,0.707557965,0.068171117
84.06662891,0.288799318,2.681917272,0.647166592,0.065024674
84.07126758,0.285971899,2.679247569,0.667897959,0.061248942
84.07590625,0.290657337,2.679247569,0.70395251,0.064474046
84.08054492,0.292757706,2.679571169,0.666996595,0.068721744
84.08518359,0.286537383,2.675121665,0.647166592,0.062428858
84.08982226,0.286779733,2.671238461,0.666095231,0.061956892
84.09446093,0.292919273,2.67018676,0.704853874,0.067777811
84.0990996,0.289445586,2.667597957,0.63725159,0.065968607
84.10373827,0.285729548,2.662501251,0.654377502,0.061248942
84.10837694,0.288718535,2.660316949,0.684122507,0.063058147
84.11301561,0.293242406,2.66136865,0.676911597,0.068721744
84.11765428,0.286698949,2.657242746,0.635448863,0.06329413
84.12229295,0.285325631,2.653278642,0.657982957,0.061327603
84.12693162,0.291465171,2.654653943,0.705755238,0.066047268
84.13157029,0.290334203,2.657404546,0.651673411,0.067463167
84.13620896,0.284840931,2.657566346,0.662489776,0.061406264
84.14084763,0.286779733,2.658860748,0.688629326,0.061956892
84.1454863,0.292838489,2.664766454,0.708459329,0.068328439
84.15012497,0.287264433,2.666303555,0.652574774,0.064159402
84.15476364,0.285002498,2.667193456,0.678714324,0.060776976
84.15940231,0.289849503,2.672532862,0.721979786,0.064395385
84.16404098,0.291545955,2.678357668,0.683221143,0.067935134
84.16867965,0.285648765,2.677386867,0.668799323,0.061956892
84.17331832,0.286618166,2.68038017,0.693136145,0.061327603
84.17795699,0.293646323,2.68911738,0.733697515,0.067148523
84.18259566,0.29025342,2.695670287,0.668799323,0.065417979
84.18723433,0.287426,2.703274895,0.693136145,0.060934298
84.191873,0.292111438,2.715814408,0.726486605,0.063215469
84.19651167,0.296796877,2.731509025,0.713867512,0.068800405
84.20115034,0.291707521,2.740812534,0.685925234,0.062900825
84.20578901,0.292273005,2.751895846,0.713867512,0.060934298
84.21042768,0.299543513,2.769612965,0.765245247,0.066125929
84.21506635,0.300755264,2.794125691,0.714768875,0.066991201
84.21970502,0.298654895,2.82114632,0.740007061,0.061406264
84.22434369,0.302694066,2.847600648,0.776061613,0.062114214
84.22898236,0.310853192,2.880850583,0.797694343,0.068564422
84.23362103,0.306975588,2.911673516,0.738204334,0.06400208
84.2382597,0.306894804,2.938613244,0.767949339,0.06109162
84.24289837,0.314569229,2.961103468,0.815721619,0.065024674
84.24753704,0.317154298,2.977121685,0.762541156,0.0684071
84.25217571,0.311337892,2.979872288,0.739105697,0.062350197
84.25681438,0.312872777,2.979305987,0.750823427,0.062114214
84.26145305,0.319577801,2.979225087,0.771554794,0.068249778
84.26609172,0.314811579,2.97226768,0.691333417,0.066125929
84.27073039,0.310772408,2.958514665,0.700347055,0.061563586
84.27536906,0.313599828,2.946298752,0.722881149,0.06400208
84.28000773,0.316750381,2.935458141,0.695840236,0.06911505
84.2846464,0.30915674,2.918711823,0.655278866,0.063136808
84.28928507,0.307864205,2.901318305,0.67060205,0.061720909
84.29392374,0.313599828,2.888616991,0.710262056,0.067069862
84.29856241,0.310772408,2.875187577,0.641758409,0.067148523
84.30320108,0.305359919,2.858036759,0.651673411,0.061878231
84.30783975,0.306733237,2.844930945,0.676911597,0.062743503
84.31247842,0.311095542,2.836274636,0.684122507,0.068957727
84.31711709,0.304148168,2.822521621,0.632744771,0.06400208
84.32175576,0.301320748,2.810629308,0.655278866,0.061248942
84.32639443,0.30608697,2.8028629,0.6967416,0.065260657
84.3310331,0.305763836,2.796229093,0.648969319,0.068249778
84.33567177,0.298816462,2.784579481,0.641758409,0.061956892
84.34031044,0.299139596,2.775033271,0.66339114,0.061720909
84.34494911,0.304632868,2.770098366,0.693136145,0.068171117
84.34958778,0.29994743,2.761846557,0.627336589,0.065260657
84.35422645,0.296069826,2.753352048,0.650772047,0.061327603
84.35886512,0.29970508,2.746880041,0.685925234,0.063687435
84.36350379,0.302209366,2.742430536,0.661588412,0.0684071
84.36814246,0.295019642,2.733450627,0.634547499,0.062507519
84.37278113,0.294373374,2.725765118,0.654377502,0.061170281
84.3774198,0.300270564,2.721962814,0.6967416,0.066991201
84.38205847,0.296958444,2.716138008,0.63004068,0.066676556
84.38669714,0.292353789,2.706025498,0.6444625,0.061406264
84.39133581,0.294615724,2.699877091,0.672404778,0.062664841
84.39597448,0.299220379,2.698097289,0.674207505,0.068721744
84.40061315,0.292192222,2.690411781,0.625533861,0.063530113
84.40525182,0.290091853,2.683616174,0.647166592,0.060855637
84.40989049,0.295746692,2.68013747,0.690432053,0.06549664
84.41452916,0.295989043,2.677305967,0.639955681,0.067620489
84.41916783,0.289364802,2.67075306,0.638152954,0.061563586
84.4238065,0.29001107,2.666060855,0.662489776,0.062114214
84.42844517,0.296473743,2.665818155,0.688629326,0.068328439
84.43308384,0.291384388,2.662015851,0.623731133,0.064710029
84.43772251,0.288072268,2.657323646,0.648067956,0.061248942
84.44236118,0.292434572,2.658132647,0.688629326,0.064316724
84.44699985,0.294696508,2.662582151,0.662489776,0.068564422
84.45163852,0.288233834,2.662258551,0.642659773,0.06258618
84.45627719,0.288153051,2.662582151,0.665193867,0.061248942
84.46091586,0.294454158,2.666950756,0.709360693,0.066833878
84.46555453,0.291626738,2.668568758,0.643561137,0.066283251
84.4701932,0.287345217,2.665494555,0.660687048,0.061170281
84.47483187,0.290172636,2.664200153,0.688629326,0.062664841
84.47947054,0.294373374,2.664604654,0.682319779,0.0684071
84.48410921,0.287749134,2.659265248,0.635448863,0.063058147
84.48874788,0.286295032,2.653925842,0.655278866,0.06109162
84.49338655,0.291707521,2.65222694,0.698544327,0.065732623
84.49802522,0.291061254,2.651013439,0.641758409,0.067305845
84.50266389,0.285567982,2.645188633,0.6444625,0.061327603
84.50730256,0.286618166,2.643570631,0.668799323,0.061563586
84.51194123,0.292757706,2.647777436,0.693136145,0.068171117
84.5165799,0.287426,2.649152737,0.636350226,0.064238063
84.52121857,0.28459858,2.653602242,0.665193867,0.060934298
84.52585724,0.288799318,2.663714753,0.712966148,0.064238063
84.53049591,0.290980471,2.675768865,0.682319779,0.068171117
84.53513458,0.28435623,2.68029927,0.664292504,0.061878231
84.53977325,0.284517797,2.682645373,0.680517052,0.061170281
84.54441192,0.291061254,2.686285877,0.718374331,0.067305845
84.54905059,0.28766835,2.685476876,0.645363864,0.065732623
84.55368926,0.283225262,2.679409369,0.658884321,0.060776976
84.55832793,0.286698949,2.673908163,0.685023871,0.062822164
84.5629666,0.291142037,2.67107666,0.672404778,0.068249778
84.56760527,0.284275447,2.662663052,0.629139316,0.062743503
84.57224394,0.282902129,2.654168543,0.648067956,0.060934298
84.57688261,0.289203235,2.649719038,0.690432053,0.065811284
84.58152128,0.287829917,2.645350433,0.63004068,0.067069862
84.58615995,0.282498212,2.638069425,0.635448863,0.061170281
84.59079862,0.284517797,2.63289182,0.660687048,0.061720909
84.59543729,0.290091853,2.63289182,0.676911597,0.068092456
84.60007596,0.28435623,2.627390614,0.619224315,0.064080741
84.60471463,0.281609594,2.621080407,0.642659773,0.060462331
84.6093533,0.2869413,2.618491605,0.683221143,0.064080741
84.61399197,0.288476185,2.618168004,0.643561137,0.06769915
84.61863064,0.281367244,2.612666799,0.631843407,0.061406264
84.62326931,0.282175078,2.607893693,0.651673411,0.06109162
84.62790798,0.288880102,2.607003793,0.687727962,0.067227184
84.63254665,0.28459858,2.60425319,0.621027042,0.064946013
84.63718532,0.28055941,2.598023883,0.639955681,0.060776976
84.64182399,0.284437014,2.594626079,0.671503414,0.062979486
84.64646266,0.288233834,2.59494968,0.657081593,0.068249778
84.65110133,0.281690377,2.589043973,0.621928406,0.06258618
84.65574,0.28080176,2.583542768,0.643561137,0.060698315
84.66037867,0.287264433,2.583461868,0.687727962,0.066047268
84.66501734,0.285083281,2.582167466,0.627336589,0.066597895
84.66965601,0.279832359,2.575857259,0.635448863,0.060934298
84.67429468,0.282094294,2.572702156,0.660687048,0.061956892
84.67893335,0.287749134,2.572944856,0.672404778,0.068249778
84.68357202,0.281609594,2.568818952,0.618322951,0.063766097
84.68821069,0.279105308,2.564288547,0.640857045,0.060934298
84.69284936,0.284275447,2.563964947,0.682319779,0.064474046
84.69748803,0.284760147,2.564531247,0.639054318,0.067620489
84.7021267,0.278701391,2.560243543,0.630942044,0.061406264
84.70676537,0.279428442,2.557978341,0.654377502,0.061406264
84.71140404,0.285810332,2.560081743,0.687727962,0.067305845
84.71604271,0.28128646,2.560081743,0.62282977,0.064946013
84.72068138,0.277893557,2.55741204,0.6444625,0.060619654
84.72532005,0.282659778,2.55789744,0.679615688,0.063215469
84.72995872,0.285971899,2.561861545,0.661588412,0.068328439
84.73459739,0.279509225,2.562266045,0.635448863,0.062192875
84.73923606,0.278782174,2.565421148,0.66339114,0.060540992
84.74387473,0.285648765,2.57658536,0.716571603,0.066125929
84.7485134,0.283790746,2.584837169,0.653476138,0.066519234
84.75315207,0.278943741,2.585241669,0.664292504,0.060698315
84.75779074,0.281609594,2.585160769,0.688629326,0.061956892
84.76242941,0.287102866,2.589367574,0.694037508,0.068171117
84.76706808,0.28128646,2.587992272,0.643561137,0.063372791
84.77170675,0.279751575,2.58588887,0.667897959,0.06038367
84.77634542,0.285971899,2.587102371,0.712064784,0.064788691
84.78098409,0.286052682,2.587425972,0.668799323,0.067384506
84.78562276,0.279913142,2.582652867,0.666996595,0.061406264
84.79026143,0.28104411,2.580792165,0.690432053,0.061484925
84.7949001,0.28718365,2.582976467,0.718374331,0.068171117
84.79953877,0.282336645,2.581924766,0.650772047,0.064946013
84.80417744,0.279105308,2.578203362,0.667897959,0.060855637
84.80881611,0.283225262,2.578769663,0.698544327,0.063687435
84.81345478,0.286133465,2.581843866,0.671503414,0.068249778
84.81809345,0.279913142,2.578931463,0.6444625,0.062192875
84.82273212,0.279832359,2.57634266,0.662489776,0.060855637
84.82737079,0.286860516,2.578203362,0.70395251,0.066755217
84.83200946,0.28387153,2.578688762,0.636350226,0.066125929
84.83664813,0.279590008,2.574158358,0.650772047,0.06109162
84.8412868,0.282498212,2.573106657,0.676911597,0.062507519
84.84592547,0.287506784,2.57593816,0.67781296,0.0684071
84.85056414,0.281205677,2.574239258,0.630942044,0.063451452
84.85520281,0.279832359,2.572054955,0.651673411,0.060776976
84.85984148,0.285648765,2.572702156,0.692234781,0.06549664
84.86448015,0.285164064,2.572054955,0.63725159,0.067463167
84.86911882,0.279428442,2.56655375,0.636350226,0.061406264
84.87375749,0.280640193,2.562751446,0.657982957,0.06179957
84.87839616,0.286860516,2.564854848,0.682319779,0.068249778
84.88303483,0.282094294,2.561376144,0.620125678,0.064710029
84.8876735,0.278620607,2.556117639,0.640857045,0.060934298
84.89231217,0.282902129,2.554418737,0.676010233,0.064238063
84.89695084,0.285487198,2.554095136,0.6444625,0.068328439
84.90158951,0.278862958,2.54843213,0.621928406,0.062192875
84.90622818,0.278862958,2.543901726,0.641758409,0.061248942
84.91086685,0.285244848,2.544306226,0.682319779,0.06691254
84.91550552,0.281932728,2.542202824,0.613816132,0.065968607
84.92014419,0.27773199,2.536378018,0.631843407,0.061012959
84.92478286,0.280882543,2.533951015,0.660687048,0.062743503
84.92942153,0.285648765,2.534274615,0.65618023,0.068643083
84.9340602,0.278862958,2.530391411,0.613816132,0.063215469
84.93869887,0.277408856,2.526589107,0.636350226,0.06109162
84.94333754,0.283709963,2.527155408,0.682319779,0.065575301
84.94797621,0.282982912,2.527883509,0.625533861,0.067384506
84.95261488,0.277328073,2.523676704,0.629139316,0.061406264
84.95725355,0.278862958,2.521654202,0.652574774,0.06179957
84.96189222,0.285244848,2.523029503,0.673306141,0.068171117
84.96653089,0.279266875,2.520683401,0.612914768,0.064238063
84.97116956,0.276601022,2.516961997,0.63725159,0.060934298
84.97580823,0.280882543,2.516557497,0.675108869,0.064316724
84.9804469,0.283063696,2.518256398,0.639054318,0.068092456
84.98508557,0.277085722,2.513968694,0.621928406,0.061956892
84.98972424,0.277004939,2.512107992,0.643561137,0.061248942
84.99436291,0.28387153,2.515020395,0.682319779,0.067541828
84.99900158,0.280074709,2.515424895,0.614717496,0.065968607
85.00364025,0.276116321,2.512674292,0.634547499,0.060776976
85.00827892,0.279751575,2.513159693,0.666996595,0.062664841
85.01291759,0.283952313,2.516961997,0.657982957,0.068643083
85.01755626,0.27797434,2.516233896,0.621928406,0.062822164
85.02219493,0.277166506,2.515667596,0.647166592,0.060619654
85.0268336,0.283386829,2.520764301,0.692234781,0.065653962
85.03147227,0.282013511,2.524323905,0.631843407,0.066755217
85.03611094,0.277004939,2.523595804,0.640857045,0.061012959
85.04074961,0.278539824,2.524647505,0.665193867,0.062035553
85.04538828,0.285002498,2.530310511,0.682319779,0.0684071
85.05002695,0.279266875,2.531200412,0.625533861,0.064080741
85.05466562,0.276843372,2.52966331,0.648969319,0.060776976
85.05930429,0.282175078,2.531604913,0.687727962,0.064316724
85.06394296,0.283629179,2.533789215,0.645363864,0.06769915
85.06858163,0.277328073,2.529986911,0.631843407,0.061563586
85.0732203,0.278055124,2.528126209,0.651673411,0.061248942
85.07785897,0.284760147,2.530067811,0.686826598,0.067463167
85.08249764,0.280478626,2.52958241,0.619224315,0.065575301
85.08713631,0.277004939,2.525780106,0.639955681,0.061406264
85.09177498,0.28080176,2.525941907,0.672404778,0.063451452
85.09641365,0.285002498,2.52885431,0.657081593,0.068564422
85.10105232,0.278055124,2.526670007,0.62282977,0.062743503
85.10569099,0.277408856,2.523595804,0.643561137,0.060855637
85.11032966,0.284033097,2.525618306,0.686826598,0.065968607
85.11496833,0.282094294,2.525537406,0.623731133,0.066676556
85.119607,0.27748964,2.521492402,0.633646135,0.061248942
85.12424567,0.279590008,2.5198744,0.659785685,0.062192875
85.12888434,0.285083281,2.523029503,0.668799323,0.0684071
85.13352301,0.279024525,2.521330602,0.616520223,0.063923419
85.13816168,0.277085722,2.517770998,0.639955681,0.061012959
85.14280035,0.282336645,2.519227199,0.682319779,0.064788691
85.14743902,0.283144479,2.521654202,0.638152954,0.068171117
85.15207769,0.276762589,2.518579999,0.632744771,0.061956892
85.15671636,0.278055124,2.518418199,0.655278866,0.061642248
85.16135503,0.284760147,2.523595804,0.689530689,0.068249778
85.1659937,0.279751575,2.524647505,0.625533861,0.065653962
85.17063237,0.276681805,2.524809305,0.649870683,0.061248942
85.17527104,0.281124893,2.528692509,0.688629326,0.064080741
85.17990971,0.28459858,2.535164516,0.669700686,0.068721744
85.18454838,0.277893557,2.535488117,0.641758409,0.062979486
85.18918705,0.277570423,2.535488117,0.660687048,0.06109162
85.19382572,0.284275447,2.539371321,0.702149782,0.066755217
85.19846439,0.281771161,2.540746622,0.633646135,0.06691254
85.20310306,0.276924156,2.537429719,0.645363864,0.061406264
85.20774173,0.279913142,2.53880502,0.672404778,0.062743503
85.2123804,0.285164064,2.545196127,0.676911597,0.068879066
85.21701907,0.278943741,2.547299529,0.628237952,0.063923419
85.22165774,0.277166506,2.549402931,0.655278866,0.061248942
85.22629641,0.283225262,2.556198539,0.700347055,0.065339318
85.23093508,0.28411388,2.563560446,0.653476138,0.068249778
85.23557375,0.278378257,2.567443651,0.653476138,0.061878231
85.24021242,0.279590008,2.573592057,0.676010233,0.061484925
85.24485109,0.286456599,2.583704568,0.70395251,0.067935134
85.24948976,0.282094294,2.588073172,0.639955681,0.064946013
85.25412843,0.279105308,2.588963073,0.659785685,0.061170281
85.2587671,0.283225262,2.592441777,0.694037508,0.064159402
85.26340577,0.286618166,2.596001381,0.665193867,0.068564422
85.26804444,0.279913142,2.593817079,0.639955681,0.06258618
85.27268311,0.279832359,2.592279977,0.659785685,0.061327603
85.27732178,0.2869413,2.59486878,0.702149782,0.066755217
85.28196045,0.28411388,2.594383379,0.634547499,0.06620459
85.28659912,0.279590008,2.589852974,0.648067956,0.060855637
85.29123779,0.282659778,2.587506872,0.675108869,0.06258618
85.29587646,0.28766835,2.589367574,0.674207505,0.068328439
85.30051513,0.281367244,2.584998969,0.626435225,0.06329413
85.3051538,0.279913142,2.581196665,0.646265228,0.060698315
85.30979247,0.285729548,2.580387664,0.688629326,0.065339318
85.31443114,0.285810332,2.580387664,0.634547499,0.066991201
85.31906981,0.279590008,2.575614559,0.636350226,0.061248942
85.32370848,0.281205677,2.572621256,0.659785685,0.061248942
85.32834715,0.28766835,2.574562858,0.682319779,0.067620489
85.33298582,0.282013511,2.571488655,0.620125678,0.064159402
85.33762449,0.279186091,2.56647285,0.643561137,0.060698315
85.34226316,0.283790746,2.565744749,0.682319779,0.063608774
85.34690183,0.286052682,2.56663465,0.649870683,0.067935134
85.3515405,0.279428442,2.562346945,0.63004068,0.061956892
85.35617917,0.279670792,2.559434542,0.651673411,0.061012959
85.36081784,0.286214249,2.561537944,0.694037508,0.067069862
85.36545651,0.282821345,2.561699744,0.625533861,0.066125929
85.37009518,0.279186091,2.558868241,0.643561137,0.061248942
85.37473385,0.282740562,2.55789744,0.673306141,0.063215469
85.37937252,0.287426,2.560243543,0.666996595,0.068564422
85.38401119,0.280882543,2.55725024,0.623731133,0.062979486
85.38864986,0.279913142,2.554418737,0.643561137,0.060934298
85.39328853,0.285971899,2.553933336,0.685925234,0.065575301
85.3979272,0.285083281,2.552962535,0.626435225,0.06691254
85.40256587,0.279428442,2.547137729,0.63004068,0.061248942
85.40720454,0.28104411,2.543254525,0.653476138,0.06179957
85.41184321,0.287264433,2.544063526,0.672404778,0.068013795
85.41648188,0.281528811,2.539937621,0.613816132,0.064080741
85.42112055,0.278539824,2.534193715,0.635448863,0.060540992
85.42575922,0.283063696,2.532333013,0.676010233,0.064159402
85.43039789,0.285002498,2.532090313,0.639054318,0.067620489
85.43503656,0.278378257,2.526589107,0.623731133,0.061248942
85.43967523,0.27797434,2.523757604,0.6444625,0.060540992
85.4443139,0.284840931,2.526022807,0.685925234,0.067227184
85.44895257,0.280720976,2.524971106,0.617421587,0.065417979
85.45359124,0.276358672,2.521411502,0.63725159,0.060934298
85.45822991,0.280155492,2.521816002,0.667897959,0.063136808
85.46286858,0.284033097,2.525375606,0.657081593,0.068328439
85.46750725,0.277085722,2.522625003,0.619224315,0.062350197
85.47214592,0.276277888,2.518418199,0.639054318,0.060540992
85.47678459,0.282175078,2.518660899,0.682319779,0.065732623
85.48142326,0.280720976,2.518660899,0.621027042,0.066440573
85.48606193,0.275550838,2.514858595,0.63004068,0.060855637
85.4907006,0.278135907,2.513483293,0.657081593,0.061484925
85.49533927,0.284517797,2.517770998,0.676010233,0.068013795
85.49997794,0.279105308,2.520926101,0.626435225,0.063844758
85.50461661,0.277812773,2.523919404,0.657081593,0.06038367
85.50925528,0.283467613,2.529825111,0.700347055,0.064474046
85.51389395,0.285164064,2.533546515,0.653476138,0.067777811
85.51853262,0.278620607,2.530876812,0.639955681,0.061406264
85.52317129,0.279024525,2.529744211,0.658884321,0.06109162
85.52780996,0.285567982,2.532575714,0.691333417,0.067463167
85.53244863,0.281124893,2.532333013,0.624632497,0.065103335
85.5370873,0.277651206,2.52966331,0.645363864,0.060540992
85.54172597,0.281205677,2.530795912,0.679615688,0.063136808
85.54636464,0.284840931,2.536135317,0.662489776,0.068092456
85.55100331,0.278539824,2.535730817,0.631843407,0.062035553
85.55564198,0.277893557,2.535164516,0.652574774,0.060776976
85.56028065,0.284679364,2.539775821,0.697642964,0.06620459
85.56491932,0.282659778,2.544063526,0.634547499,0.066361912
85.56955799,0.277651206,2.544629826,0.648067956,0.061327603
85.57419666,0.279913142,2.549079331,0.676010233,0.062350197
85.57883533,0.285971899,2.55773564,0.686826598,0.068249778
85.583474,0.280155492,2.565259348,0.639955681,0.063766097
85.58811267,0.278055124,2.574724658,0.666996595,0.061012959
85.59275134,0.283709963,2.590500175,0.713867512,0.064867352
85.59739001,0.28411388,2.608136394,0.671503414,0.067620489
85.60202868,0.278378257,2.621080407,0.671503414,0.061720909
85.60666735,0.279590008,2.636694124,0.697642964,0.061248942
85.61130602,0.285729548,2.655301144,0.728289332,0.06769915
85.61594469,0.280963327,2.664523754,0.659785685,0.065181996
85.62058336,0.277247289,2.668406958,0.678714324,0.061170281
85.62522203,0.281528811,2.673908163,0.710262056,0.06329413
85.6298607,0.284275447,2.679085769,0.681418415,0.068328439
85.63449937,0.277812773,2.676577866,0.648067956,0.062271536
85.63913804,0.277247289,2.673018263,0.66339114,0.060934298
85.64377671,0.284033097,2.672856462,0.704853874,0.066833878
85.64841538,0.281609594,2.67067216,0.636350226,0.06620459
85.65305405,0.276843372,2.663795653,0.648969319,0.060855637
85.65769272,0.280074709,2.659184348,0.673306141,0.062192875
85.66233139,0.285164064,2.657242746,0.674207505,0.068564422
85.66697006,0.278620607,2.649638138,0.62282977,0.06329413
85.67160873,0.277328073,2.64235713,0.641758409,0.060776976
85.6762474,0.282821345,2.638473926,0.684122507,0.065181996
85.68088607,0.283144479,2.635885123,0.632744771,0.067541828
85.68552474,0.277247289,2.628765916,0.63004068,0.061327603
85.69016341,0.27821669,2.62358831,0.652574774,0.061563586
85.69480208,0.284275447,2.62375011,0.680517052,0.067935134
85.69944075,0.279347658,2.620918607,0.617421587,0.064788691
85.70407942,0.276277888,2.617844404,0.641758409,0.060619654
85.70871809,0.28080176,2.618006204,0.680517052,0.063687435
85.71335676,0.283467613,2.620756807,0.655278866,0.068249778
85.71799543,0.276762589,2.619381506,0.635448863,0.061956892
85.7226341,0.276924156,2.622941109,0.661588412,0.061170281
85.72727277,0.284275447,2.631678319,0.708459329,0.066755217
85.73191144,0.281367244,2.637017724,0.6444625,0.065968607
85.73655011,0.277166506,2.637745825,0.658884321,0.060855637
85.74118878,0.280478626,2.637826725,0.684122507,0.062507519
85.74582745,0.285648765,2.639121127,0.678714324,0.068328439
85.75046612,0.278701391,2.635561523,0.631843407,0.062979486
85.75510479,0.27748964,2.629817617,0.648969319,0.060855637
85.75974346,0.282902129,2.625853513,0.688629326,0.06549664
85.76438213,0.282417428,2.622536609,0.630942044,0.067148523
85.7690208,0.276843372,2.6140421,0.630942044,0.06109162
85.77365947,0.278539824,2.607246493,0.651673411,0.061563586
85.77829814,0.28435623,2.60506219,0.672404778,0.068013795
85.78293681,0.279105308,2.598671084,0.612013404,0.064238063
85.78757548,0.276035538,2.591228276,0.636350226,0.060462331
85.79221415,0.280640193,2.587345072,0.674207505,0.063923419
85.79685282,0.282578995,2.58621247,0.639955681,0.068013795
85.80149149,0.276358672,2.579983164,0.623731133,0.06179957
85.80613016,0.276681805,2.574239258,0.6444625,0.060855637
85.81076883,0.283225262,2.573106657,0.682319779,0.067227184
85.8154075,0.278862958,2.569870653,0.614717496,0.065811284
85.82004617,0.274823787,2.563236846,0.631843407,0.060855637
85.82468484,0.27821669,2.559839042,0.662489776,0.062507519
85.82932351,0.282336645,2.559919943,0.654377502,0.0684071
85.83396218,0.276035538,2.555146838,0.612914768,0.062979486
85.83860085,0.274823787,2.550292832,0.635448863,0.060855637
85.84323952,0.28104411,2.549807432,0.679615688,0.065811284
85.84787819,0.279751575,2.54851303,0.620125678,0.067069862
85.85251686,0.274500653,2.543416325,0.627336589,0.06109162
85.85715553,0.276116321,2.541474723,0.652574774,0.061484925
85.8617942,0.282094294,2.543901726,0.671503414,0.068013795
85.86643287,0.276439455,2.542769124,0.615618859,0.063766097
85.87107154,0.274015953,2.541474723,0.639955681,0.060305009
85.87571021,0.279266875,2.546328728,0.684122507,0.064238063
85.88034888,0.281124893,2.555551338,0.652574774,0.067856472
85.88498755,0.275631621,2.562346945,0.648969319,0.06179957
85.88962622,0.276924156,2.574643758,0.678714324,0.060855637
85.89426489,0.284033097,2.589852974,0.718374331,0.067148523
85.89890356,0.280155492,2.596648582,0.646265228,0.065260657
85.90354223,0.276601022,2.595677781,0.658884321,0.060540992
85.9081809,0.280236276,2.594464279,0.684122507,0.062900825
85.91281957,0.284437014,2.594302479,0.665193867,0.068564422
85.91745824,0.27797434,2.588639473,0.624632497,0.062743503
85.92209691,0.276843372,2.582086566,0.642659773,0.060934298
85.92673558,0.282902129,2.579821364,0.685023871,0.066361912
85.93137425,0.281367244,2.577232561,0.621027042,0.067227184
85.93601292,0.276116321,2.570598754,0.63004068,0.061563586
85.94065159,0.278378257,2.56647285,0.655278866,0.062507519
85.94529026,0.284033097,2.566311049,0.666095231,0.068800405
85.94992893,0.27797434,2.561295244,0.61111204,0.064395385
85.9545676,0.276116321,2.555794038,0.633646135,0.061248942
85.95920627,0.280963327,2.553690636,0.675108869,0.064946013
85.96384494,0.282175078,2.552234434,0.63004068,0.068328439
85.96848361,0.275470054,2.546247828,0.621928406,0.062114214
85.97312228,0.276601022,2.542041024,0.645363864,0.06179957
85.97776095,0.283144479,2.542850024,0.678714324,0.067935134
85.98239962,0.278539824,2.541717423,0.612914768,0.065575301
85.98703829,0.27466222,2.537753319,0.633646135,0.061484925
85.99167696,0.278459041,2.537510619,0.669700686,0.063687435
85.99631563,0.282013511,2.540261222,0.652574774,0.068643083
86.0009543,0.275793188,2.53823872,0.62282977,0.06258618
86.00559297,0.275389271,2.536782518,0.643561137,0.061406264
86.01023164,0.281851944,2.53904772,0.686826598,0.066519234
86.01487031,0.280074709,2.539775821,0.62282977,0.06691254
86.01950898,0.27490457,2.535973517,0.635448863,0.061406264
86.02414765,0.277812773,2.535002716,0.661588412,0.062271536
86.02878632,0.283467613,2.537672419,0.668799323,0.068564422
86.03342499,0.278055124,2.535245416,0.617421587,0.063608774
86.03806366,0.276277888,2.531281312,0.639955681,0.060934298
86.04270233,0.282578995,2.532090313,0.682319779,0.065181996
86.047341,0.282982912,2.533789215,0.634547499,0.067856472
86.05197967,0.277408856,2.529986911,0.629139316,0.061484925
86.05661834,0.279024525,2.528207109,0.650772047,0.06179957
86.06125701,0.285567982,2.531038612,0.680517052,0.06769915
86.06589568,0.280478626,2.531200412,0.617421587,0.065103335
86.07053435,0.277166506,2.52942061,0.640857045,0.060855637
86.07517302,0.281528811,2.530957712,0.678714324,0.063766097
86.07981169,0.285002498,2.536216217,0.655278866,0.0684071
86.08445036,0.27797434,2.536135317,0.629139316,0.06258618
86.08908903,0.277812773,2.536297118,0.649870683,0.061170281
86.0937277,0.284679364,2.541474723,0.694037508,0.066361912
86.09836637,0.281932728,2.545196127,0.628237952,0.066440573
86.10300504,0.277812773,2.546409628,0.648067956,0.061248942
86.10764371,0.281448027,2.551668134,0.684122507,0.062428858
86.11228238,0.287022083,2.560648043,0.687727962,0.068643083
86.11692105,0.280882543,2.563398646,0.63725159,0.063451452
86.12155972,0.279347658,2.564288547,0.657081593,0.060776976
86.12619839,0.284840931,2.568495352,0.697642964,0.065181996
86.13083706,0.284921714,2.572863956,0.643561137,0.067227184
86.13547573,0.279105308,2.573187557,0.643561137,0.061720909
86.1401144,0.280317059,2.57634266,0.666996595,0.061642248
86.14475307,0.286295032,2.583623668,0.693136145,0.068171117
86.14939174,0.28128646,2.588315873,0.633646135,0.064788691
86.15403041,0.278539824,2.593331678,0.660687048,0.061012959
86.15866908,0.282659778,2.603039688,0.702149782,0.064316724
86.16330775,0.285567982,2.613394899,0.674207505,0.0684071
86.16794642,0.278943741,2.616954503,0.651673411,0.062428858
86.17258509,0.278539824,2.620675907,0.668799323,0.061406264
86.17722376,0.285164064,2.625529912,0.709360693,0.067148523
86.18186243,0.282175078,2.627552414,0.640857045,0.066283251
86.1865011,0.27748964,2.625934413,0.657982957,0.061170281
86.19113977,0.280720976,2.627309714,0.686826598,0.062822164
86.19577844,0.285891115,2.630788418,0.680517052,0.068643083
86.20041711,0.279670792,2.628280515,0.633646135,0.063766097
86.20505578,0.278297474,2.624397311,0.653476138,0.061327603
86.20969445,0.284275447,2.62342651,0.694037508,0.065968607
86.21433312,0.283629179,2.621808508,0.635448863,0.067305845
86.21897179,0.277570423,2.615012901,0.634547499,0.061248942
86.22361046,0.278943741,2.610158896,0.655278866,0.061878231
86.22824913,0.284840931,2.609026295,0.674207505,0.068092456
86.2328878,0.279751575,2.603201488,0.613816132,0.064395385
86.23752647,0.276843372,2.59551598,0.635448863,0.060698315
86.24216514,0.281367244,2.592684477,0.673306141,0.064238063
86.24680381,0.283225262,2.591390076,0.639054318,0.067935134
86.25144248,0.276843372,2.584756269,0.623731133,0.061878231
86.25608115,0.276439455,2.580387664,0.6444625,0.061248942
86.26071982,0.283467613,2.580630365,0.684122507,0.067148523
86.26535849,0.279913142,2.577475261,0.615618859,0.065339318
86.26999716,0.275631621,2.570922354,0.635448863,0.060776976
86.27463583,0.279266875,2.568171751,0.666095231,0.062664841
86.2792745,0.283306046,2.569385253,0.657081593,0.068092456
86.28391317,0.276601022,2.564773948,0.618322951,0.062743503
86.28855184,0.275712404,2.559839042,0.639054318,0.061012959
86.29319051,0.282175078,2.559353642,0.682319779,0.065575301
86.29782918,0.28055941,2.558221041,0.62282977,0.066833878
86.30246785,0.275308487,2.552234434,0.629139316,0.060855637
86.30710652,0.277328073,2.54851303,0.652574774,0.062035553
86.31174519,0.283306046,2.548674831,0.667897959,0.067777811
86.31638386,0.277166506,2.545357927,0.610210677,0.063608774
86.32102253,0.27441987,2.540584822,0.632744771,0.060855637
86.3256612,0.279590008,2.53896682,0.672404778,0.064395385
86.33029987,0.280882543,2.53888592,0.632744771,0.067463167
86.33493854,0.27466222,2.534112815,0.621027042,0.061563586
86.33957721,0.274823787,2.530472311,0.642659773,0.061327603
86.34421588,0.281690377,2.532009413,0.679615688,0.067148523
86.34885455,0.277408856,2.530067811,0.612013404,0.065181996
86.35349322,0.273773602,2.526184607,0.632744771,0.060698315
86.35813189,0.277328073,2.525213806,0.666996595,0.062979486
86.36277056,0.281205677,2.528126209,0.654377502,0.068249778
86.36740923,0.274258303,2.525699206,0.621928406,0.062350197
86.3720479,0.273692819,2.524323905,0.645363864,0.060698315
86.37668657,0.280074709,2.528368909,0.694037508,0.065889946
86.38132524,0.278701391,2.534840916,0.647166592,0.066991201
86.38596391,0.273935169,2.541312923,0.686826598,0.061012959
86.39060258,0.276277888,2.550050132,0.721979786,0.061956892
86.39524125,0.282821345,2.558221041,0.724683877,0.068171117
86.39987992,0.276439455,2.559353642,0.658884321,0.063608774
86.40451859,0.274500653,2.55773564,0.67060205,0.060698315
86.40915726,0.279913142,2.558301941,0.703051146,0.064631368
86.41379593,0.280963327,2.559596342,0.651673411,0.067856472
86.4184346,0.27514692,2.555955838,0.639955681,0.061406264
86.42307327,0.275712404,2.553690636,0.658884321,0.061406264
86.42771194,0.282013511,2.555874938,0.689530689,0.067777811
86.43235061,0.277328073,2.553933336,0.621928406,0.065181996
86.43698928,0.274015953,2.549888332,0.641758409,0.060776976
86.44162795,0.277812773,2.550940033,0.676911597,0.063766097
86.44626662,0.281528811,2.556036738,0.657081593,0.068564422
86.45090529,0.27490457,2.556683939,0.627336589,0.061956892
86.45554396,0.274015953,2.55789744,0.648969319,0.060855637
86.46018263,0.280640193,2.564854848,0.694938872,0.06620459
86.4648213,0.278701391,2.570194253,0.630942044,0.066283251
86.46945997,0.273692819,2.570436954,0.643561137,0.060855637
86.47409864,0.276035538,2.572621256,0.668799323,0.062428858
86.47873731,0.281932728,2.577475261,0.674207505,0.068249778
86.48337598,0.275550838,2.57666626,0.623731133,0.063530113
86.48801465,0.273773602,2.574239258,0.646265228,0.060855637
86.49265332,0.279751575,2.576828061,0.688629326,0.064867352
86.49729199,0.280155492,2.581115765,0.638152954,0.067856472
86.50193066,0.274743003,2.579174163,0.634547499,0.061563586
86.50656933,0.275631621,2.577475261,0.655278866,0.06109162
86.511208,0.281771161,2.579740464,0.682319779,0.067541828
86.51584667,0.276681805,2.579012363,0.618322951,0.064631368
86.52048534,0.273288902,2.580306764,0.641758409,0.060855637
86.52512401,0.277408856,2.58596977,0.680517052,0.063608774
86.52976268,0.280397843,2.589772074,0.653476138,0.068171117
86.53440135,0.273692819,2.587425972,0.628237952,0.062271536
86.53904002,0.273369685,2.584513569,0.648067956,0.060698315
86.54367869,0.280074709,2.58605067,0.690432053,0.066361912
86.54831736,0.277651206,2.584675369,0.621928406,0.06620459
86.55295603,0.272965768,2.579416863,0.63725159,0.060776976
86.5575947,0.275793188,2.57674716,0.664292504,0.062507519
86.56223337,0.280963327,2.579093263,0.66339114,0.0684071
86.56687204,0.27466222,2.575533659,0.616520223,0.063215469
86.57151071,0.273288902,2.571650455,0.638152954,0.060855637
86.57614938,0.279186091,2.571731355,0.682319779,0.065260657
86.58078805,0.279509225,2.571893155,0.628237952,0.067463167
86.58542672,0.273531252,2.567605451,0.628237952,0.061406264
86.59006539,0.275793188,2.565582949,0.651673411,0.061484925
86.59470406,0.282175078,2.568495352,0.676911597,0.068171117
86.59934273,0.277085722,2.56712005,0.615618859,0.064710029
86.6039814,0.274177519,2.564288547,0.639955681,0.061012959
86.60862007,0.279105308,2.56679645,0.678714324,0.063923419
86.61325874,0.281771161,2.570598754,0.648067956,0.068171117
86.61789741,0.275389271,2.567767251,0.628237952,0.062350197
86.62253608,0.275470054,2.564612148,0.648067956,0.06109162
86.62717475,0.282336645,2.564773948,0.687727962,0.06691254
86.63181342,0.279024525,2.562023345,0.617421587,0.066047268
86.63645209,0.27466222,2.55708844,0.633646135,0.060934298
86.64109076,0.277570423,2.554176036,0.662489776,0.062743503
86.64572943,0.282578995,2.554337837,0.657081593,0.068564422
86.6503681,0.275712404,2.549888332,0.614717496,0.06329413
86.65500677,0.274985354,2.545034327,0.636350226,0.061170281
86.65964544,0.28128646,2.544144426,0.679615688,0.065811284
86.66428411,0.280317059,2.542445524,0.621928406,0.067463167
86.66892278,0.274823787,2.536944318,0.627336589,0.061406264
86.67356145,0.276439455,2.533627415,0.649870683,0.062035553
86.67820012,0.282578995,2.535649917,0.668799323,0.068485761
86.68283879,0.276762589,2.532737514,0.608407949,0.064474046
86.68747746,0.274339086,2.528288009,0.631843407,0.060776976
86.69211613,0.279105308,2.528288009,0.671503414,0.064474046
86.6967548,0.280882543,2.52917791,0.635448863,0.068249778
86.70139347,0.274985354,2.524647505,0.619224315,0.062114214
86.70603214,0.275389271,2.522058702,0.641758409,0.061406264
86.71067081,0.282175078,2.523353104,0.679615688,0.067541828
86.71530948,0.27773199,2.523353104,0.612013404,0.065811284
86.71994815,0.273450469,2.5193081,0.631843407,0.061170281
86.72458682,0.277085722,2.517609198,0.662489776,0.062979486
86.72922549,0.280720976,2.518822699,0.650772047,0.0684071
86.73386416,0.274581436,2.514211394,0.612013404,0.062743503
86.73850283,0.273208118,2.51000459,0.633646135,0.060619654
86.7431415,0.279105308,2.509438289,0.676911597,0.065811284
86.74778017,0.277812773,2.508386588,0.615618859,0.066676556
86.75241884,0.272804201,2.503370783,0.623731133,0.06109162
86.75705751,0.274823787,2.50045838,0.648067956,0.061956892
86.76169618,0.28104411,2.502157281,0.662489776,0.068485761
86.76633485,0.274985354,2.498921278,0.606605222,0.064238063
86.77097352,0.272965768,2.494957174,0.628237952,0.060776976
86.77561219,0.27821669,2.494148173,0.668799323,0.064316724
86.78025086,0.279428442,2.493986373,0.626435225,0.068092456
86.78488953,0.273288902,2.489617768,0.615618859,0.061484925
86.7895282,0.274015953,2.487757066,0.638152954,0.06109162
86.79416687,0.28104411,2.489698668,0.674207505,0.067541828
86.79880554,0.276439455,2.488889667,0.607506585,0.065417979
86.80344421,0.272723418,2.485330063,0.629139316,0.060776976
86.80808288,0.276439455,2.485330063,0.66339114,0.06329413
86.81272155,0.279832359,2.487595266,0.648067956,0.068092456
86.81736022,0.273612035,2.484601963,0.614717496,0.062271536
86.82199889,0.273127335,2.48209406,0.635448863,0.060540992
86.82663756,0.279509225,2.483469361,0.678714324,0.065968607
86.83127623,0.277651206,2.484359262,0.616520223,0.066440573
86.8359149,0.272642634,2.48201316,0.629139316,0.060698315
86.84055357,0.27466222,2.481527759,0.655278866,0.062035553
86.84519224,0.280478626,2.484682863,0.666095231,0.068171117
86.84983091,0.274581436,2.483388461,0.612013404,0.063844758
86.85446958,0.272723418,2.480799659,0.635448863,0.060698315
86.85910825,0.278378257,2.48201316,0.67781296,0.064316724
86.86374692,0.279024525,2.484359262,0.630942044,0.067463167
86.86838559,0.273450469,2.48168956,0.623731133,0.061563586
86.87302426,0.27441987,2.480071558,0.646265228,0.060934298
86.87766293,0.28080176,2.482903061,0.676911597,0.067463167
86.8823016,0.276520239,2.482903061,0.612013404,0.065103335
86.88694027,0.272965768,2.480314258,0.633646135,0.060776976
86.89157894,0.277166506,2.481285059,0.668799323,0.063136808
86.89621761,0.28055941,2.485815464,0.648067956,0.067777811
86.90085628,0.274015953,2.485168263,0.620125678,0.061956892
86.90549495,0.273692819,2.485249163,0.641758409,0.060698315
86.91013362,0.280155492,2.489779568,0.686826598,0.06620459
86.91477229,0.278055124,2.493258272,0.621027042,0.06620459
86.91941096,0.273692819,2.492044771,0.634547499,0.060776976
86.92404963,0.276681805,2.493662772,0.66339114,0.061878231
86.9286883,0.282255861,2.497950477,0.666996595,0.068092456
86.93332697,0.276116321,2.497950477,0.618322951,0.063530113
86.93796564,0.27441987,2.497384176,0.640857045,0.060698315
86.94260431,0.280317059,2.50078198,0.684122507,0.064788691
86.94724298,0.28104411,2.504422484,0.633646135,0.067384506
86.95188165,0.274823787,2.501995481,0.630942044,0.061248942
86.95652032,0.276439455,2.502966282,0.651673411,0.061484925
86.96115899,0.283467613,2.508467488,0.679615688,0.067856472
86.96579766,0.278862958,2.51040909,0.616520223,0.064946013
86.97043633,0.276520239,2.51040909,0.639955681,0.060934298
86.975075,0.281771161,2.513887794,0.678714324,0.063687435
86.97971367,0.285567982,2.5194699,0.651673411,0.068564422
86.98435234,0.279913142,2.520764301,0.629139316,0.062271536
86.98899101,0.280155492,2.523838504,0.651673411,0.06109162
86.99362968,0.287102866,2.530957712,0.697642964,0.066361912
86.99826835,0.284679364,2.536863418,0.631843407,0.066047268
87.00290702,0.28055941,2.539614021,0.650772047,0.061012959
87.00754569,0.283467613,2.545438827,0.679615688,0.062743503
87.01218436,0.288718535,2.554337837,0.679615688,0.068249778
87.01682303,0.282740562,2.558382841,0.633646135,0.063215469
87.0214617,0.281528811,2.562589645,0.657081593,0.060776976
87.02610037,0.28766835,2.571407755,0.701248419,0.06549664
87.03073904,0.28718365,2.582248366,0.649870683,0.067384506
87.03537771,0.282175078,2.589286674,0.654377502,0.061248942
87.04001638,0.28435623,2.598751984,0.681418415,0.061563586
87.04465505,0.290899687,2.610967897,0.704853874,0.068171117
87.04929372,0.285325631,2.619138805,0.643561137,0.064474046
87.05393239,0.283225262,2.626986114,0.666095231,0.06038367
87.05857106,0.288233834,2.639525627,0.706656601,0.06400208
87.06320973,0.290657337,2.654977543,0.676911597,0.068092456
87.0678484,0.283952313,2.663229352,0.657982957,0.061720909
87.07248707,0.283790746,2.67067216,0.676911597,0.060855637
87.07712574,0.290657337,2.682321772,0.715670239,0.066755217
87.08176441,0.287829917,2.691625282,0.648969319,0.06549664
87.08640308,0.283386829,2.696074787,0.666095231,0.06038367
87.09104175,0.2869413,2.702870394,0.694037508,0.06258618
87.09568042,0.291626738,2.712821105,0.687727962,0.068328439
87.10031909,0.285083281,2.71799871,0.647166592,0.062979486
87.10495776,0.283952313,2.722529115,0.668799323,0.060776976
87.10959643,0.29001107,2.729648323,0.712064784,0.06549664
87.1142351,0.289364802,2.734583228,0.651673411,0.067069862
87.11887377,0.283790746,2.733531527,0.655278866,0.061012959
87.12351244,0.285002498,2.733369727,0.676911597,0.061406264
87.12815111,0.291061254,2.734825928,0.692234781,0.068092456
87.13278978,0.285810332,2.729729223,0.63004068,0.063923419
87.13742845,0.283548396,2.721962814,0.648067956,0.060619654
87.14206712,0.288072268,2.716866109,0.685023871,0.064395385
87.14670579,0.289768719,2.713549206,0.646265228,0.068013795
87.15134446,0.282578995,2.704002995,0.63004068,0.061878231
87.15598313,0.282498212,2.695993887,0.649870683,0.060776976
87.1606218,0.288880102,2.693485984,0.687727962,0.067148523
87.16526047,0.284760147,2.687984778,0.619224315,0.06549664
87.16989914,0.28080176,2.678681269,0.639054318,0.060855637
87.17453781,0.284275447,2.672694662,0.67060205,0.062900825
87.17917648,0.287991484,2.67067216,0.658884321,0.068564422
87.18381515,0.281448027,2.664038353,0.621928406,0.063136808
87.18845382,0.280317059,2.657889946,0.643561137,0.06109162
87.19309249,0.286133465,2.658375347,0.688629326,0.066440573
87.19773116,0.284679364,2.658132647,0.627336589,0.067148523
87.20236983,0.279186091,2.65190334,0.636350226,0.061563586
87.2070085,0.28104411,2.648829137,0.662489776,0.062114214
87.21164717,0.286779733,2.649152737,0.676911597,0.068013795
87.21628584,0.28080176,2.645026833,0.62282977,0.063608774
87.22092451,0.278539824,2.639202027,0.6444625,0.060698315
87.22556318,0.28387153,2.637179525,0.685023871,0.064316724
87.23020185,0.285325631,2.635076122,0.641758409,0.06769915
87.23484052,0.278459041,2.629170416,0.630942044,0.061406264
87.23947919,0.278943741,2.625044512,0.651673411,0.060855637
87.24411786,0.285729548,2.624801811,0.685925234,0.067069862
87.24875653,0.281528811,2.622213009,0.619224315,0.064946013
87.2533952,0.27773199,2.617278103,0.639054318,0.060776976
87.25803387,0.281367244,2.615660102,0.673306141,0.063058147
87.26267254,0.284921714,2.616873603,0.65618023,0.068249778
87.26731121,0.277893557,2.613071299,0.623731133,0.062507519
87.27194988,0.277166506,2.608459994,0.643561137,0.060855637
87.27658855,0.283548396,2.607650993,0.688629326,0.066125929
87.28122722,0.28128646,2.607003793,0.623731133,0.06620459
87.28586589,0.276197105,2.601987987,0.635448863,0.061012959
87.29050456,0.278459041,2.599399184,0.662489776,0.062035553
87.29514323,0.284517797,2.600208185,0.669700686,0.068249778
87.2997819,0.27821669,2.596810382,0.617421587,0.063451452
87.30442057,0.276520239,2.591875476,0.639955681,0.060540992
87.30905924,0.281771161,2.590823775,0.680517052,0.064788691
87.31369791,0.282417428,2.590419275,0.633646135,0.06769915
87.31833658,0.276520239,2.585241669,0.627336589,0.061406264
87.32297525,0.277247289,2.581682066,0.648067956,0.061327603
87.32761392,0.283952313,2.582652867,0.678714324,0.067856472
87.33225259,0.279670792,2.581439365,0.615618859,0.064946013
87.33689126,0.276116321,2.577960662,0.63725159,0.06109162
87.34152993,0.280155492,2.578850563,0.672404778,0.063766097
87.3461686,0.283306046,2.581115765,0.650772047,0.068721744
87.35080727,0.276601022,2.577637061,0.624632497,0.06258618
87.35544594,0.276277888,2.575857259,0.648969319,0.06109162
87.36008461,0.283306046,2.580306764,0.6967416,0.066597895
87.36472328,0.281124893,2.584756269,0.632744771,0.066361912
87.36936195,0.276439455,2.58548437,0.649870683,0.060934298
87.37400062,0.279590008,2.587102371,0.676010233,0.062664841
87.37863929,0.284517797,2.590904675,0.676010233,0.068564422
87.38327796,0.278459041,2.588558573,0.623731133,0.063451452
87.38791663,0.277085722,2.584109068,0.6444625,0.060855637
87.3925553,0.282740562,2.583461868,0.685925234,0.064946013
87.39719397,0.282902129,2.582976467,0.632744771,0.067305845
87.40183264,0.277004939,2.578365162,0.63004068,0.061327603
87.40647131,0.278135907,2.57626176,0.653476138,0.061484925
87.41110998,0.284517797,2.579578663,0.680517052,0.067777811
87.41574865,0.279266875,2.579012363,0.618322951,0.064631368
87.42038732,0.276843372,2.57634266,0.640857045,0.060855637
87.42502599,0.280963327,2.575776359,0.676911597,0.063766097
87.42966466,0.283548396,2.57642356,0.646265228,0.068328439
87.43430333,0.276843372,2.571165055,0.62282977,0.062035553
87.438942,0.276843372,2.566230149,0.642659773,0.060855637
87.44358067,0.283306046,2.56679645,0.685023871,0.066833878
87.44821934,0.279913142,2.565097548,0.616520223,0.065889946
87.45285801,0.275308487,2.559596342,0.631843407,0.060776976
87.45749668,0.278297474,2.55741204,0.661588412,0.06258618
87.46213535,0.283225262,2.558868241,0.658884321,0.068485761
87.46677402,0.276762589,2.555065937,0.613816132,0.063058147
87.47141269,0.275308487,2.550373732,0.635448863,0.060776976
87.47605136,0.281367244,2.549807432,0.679615688,0.065417979
87.48069003,0.281205677,2.549645632,0.62282977,0.067227184
87.4853287,0.275389271,2.544629826,0.625533861,0.06109162
87.48996737,0.276843372,2.541636523,0.648969319,0.061642248
87.49460604,0.283629179,2.543901726,0.67060205,0.068092456
87.49924471,0.278378257,2.541717423,0.610210677,0.064316724
87.50388338,0.275793188,2.538157819,0.633646135,0.060855637
87.50852205,0.28055941,2.537996019,0.672404778,0.064080741
87.51316072,0.282740562,2.539533121,0.639054318,0.068013795
87.51779939,0.276843372,2.535811717,0.621027042,0.061720909
87.52243806,0.277166506,2.533789215,0.642659773,0.061170281
87.52707673,0.283952313,2.536216217,0.683221143,0.066991201
87.5317154,0.280397843,2.537267919,0.614717496,0.065732623
87.53635407,0.276601022,2.534921816,0.634547499,0.06038367
87.54099274,0.280155492,2.535569017,0.666095231,0.062507519
87.54563141,0.28459858,2.53904772,0.659785685,0.068092456
87.55027008,0.278135907,2.537753319,0.618322951,0.062664841
87.55490875,0.277408856,2.536944318,0.639955681,0.060619654
87.55954742,0.283467613,2.539775821,0.684122507,0.06549664
87.56418609,0.282740562,2.541717423,0.624632497,0.066833878
87.56882476,0.277408856,2.53872412,0.630942044,0.061012959
87.57346343,0.279347658,2.53831962,0.654377502,0.061642248
87.5781021,0.285891115,2.543416325,0.671503414,0.06769915
87.58274077,0.279993926,2.541879223,0.613816132,0.063844758
87.58737944,0.27773199,2.539614021,0.635448863,0.06038367
87.59201811,0.282740562,2.541393823,0.675108869,0.064080741
87.59665678,0.284760147,2.543659025,0.636350226,0.06769915
87.60129545,0.278055124,2.540180322,0.62282977,0.061248942
87.60593412,0.278620607,2.53831962,0.642659773,0.060855637
87.61057279,0.285406415,2.541312923,0.679615688,0.067148523
87.61521146,0.281367244,2.540908422,0.612013404,0.065260657
87.61985013,0.277812773,2.537187018,0.632744771,0.060776976
87.6244888,0.281205677,2.537429719,0.665193867,0.063058147
87.62912747,0.285083281,2.540180322,0.653476138,0.068249778
87.63376614,0.278620607,2.537267919,0.616520223,0.062507519
87.63840481,0.27748964,2.534598216,0.63725159,0.060934298
87.64304348,0.28411388,2.535649917,0.682319779,0.065811284
87.64768215,0.282417428,2.536620718,0.620125678,0.066676556
87.65232082,0.277004939,2.533142014,0.63004068,0.061170281
87.65695949,0.278943741,2.531847613,0.65618023,0.061642248
87.66159816,0.284921714,2.535083616,0.669700686,0.068092456
87.66623683,0.279024525,2.534031915,0.614717496,0.063844758
87.6708755,0.276762589,2.531766713,0.63725159,0.06038367
87.67551417,0.282498212,2.533465615,0.680517052,0.064316724
87.68015284,0.283467613,2.538157819,0.639054318,0.067384506
87.68479151,0.277166506,2.537429719,0.631843407,0.061406264
87.68943018,0.278378257,2.538157819,0.653476138,0.061170281
87.69406885,0.285244848,2.543173625,0.688629326,0.067463167
87.69870752,0.280478626,2.546409628,0.626435225,0.065181996
87.70334619,0.277085722,2.54762313,0.648969319,0.060855637
87.70798486,0.281124893,2.550050132,0.681418415,0.06329413
87.71262353,0.284679364,2.553690636,0.661588412,0.068485761
87.7172622,0.27821669,2.552396235,0.629139316,0.062271536
87.72190087,0.277408856,2.550697333,0.649870683,0.060698315
87.72653954,0.28411388,2.552719835,0.693136145,0.06620459
87.73117821,0.282175078,2.553771536,0.626435225,0.06691254
87.73581688,0.277328073,2.550454633,0.639054318,0.061012959
87.74045555,0.280074709,2.549645632,0.666095231,0.062428858
87.74509422,0.285567982,2.553205235,0.672404778,0.069036389
87.74973289,0.279428442,2.551829934,0.621928406,0.064395385
87.75437156,0.277651206,2.552638935,0.650772047,0.061563586
87.75901023,0.283467613,2.562913246,0.704853874,0.065968607
87.7636489,0.284033097,2.575614559,0.664292504,0.068957727
87.76828757,0.27797434,2.581682066,0.662489776,0.063136808
87.77292624,0.279266875,2.58621247,0.682319779,0.06258618
87.77756491,0.286214249,2.593088978,0.708459329,0.069193711
87.78220358,0.281205677,2.594059779,0.639054318,0.066519234
87.78684225,0.277812773,2.592927178,0.657982957,0.062743503
87.79148092,0.282417428,2.59494968,0.693136145,0.065811284
87.79611959,0.285406415,2.600450886,0.667897959,0.070766932
87.80075826,0.279266875,2.599884585,0.639054318,0.064946013
87.80539693,0.278862958,2.600046385,0.658884321,0.063687435
87.8100356,0.285810332,2.605223991,0.703051146,0.069193711
87.81467427,0.283144479,2.610967897,0.63725159,0.068879066
87.81931294,0.278459041,2.616226402,0.653476138,0.063766097
87.82395161,0.281528811,2.625934413,0.685925234,0.065181996
87.82859028,0.286698949,2.640900928,0.692234781,0.07131756
87.83322895,0.28080176,2.650123538,0.648067956,0.066125929
87.83786762,0.279428442,2.66161135,0.673306141,0.063923419
87.84250629,0.285567982,2.679004869,0.722881149,0.067935134
87.84714496,0.286456599,2.701333293,0.678714324,0.070058983
87.85178363,0.281932728,2.721720114,0.685023871,0.064238063
87.8564223,0.28387153,2.746718241,0.712966148,0.064238063
87.86106097,0.290576553,2.775114171,0.740007061,0.070530949
87.86569964,0.286618166,2.79315489,0.674207505,0.066991201
87.87033831,0.283952313,2.800678598,0.690432053,0.063058147
87.87497698,0.288637751,2.806179804,0.721078422,0.066125929
87.87961565,0.291303604,2.809901208,0.685925234,0.070294966
87.88425432,0.285002498,2.806584304,0.658884321,0.064552707
87.88889299,0.284840931,2.804157302,0.676010233,0.063215469
87.89353166,0.291707521,2.805694403,0.716571603,0.068879066
87.89817033,0.288637751,2.804885402,0.646265228,0.06769915
87.902809,0.284437014,2.800678598,0.66339114,0.063215469
87.90744767,0.288395401,2.801568499,0.6967416,0.064710029
87.91208634,0.293403973,2.807312405,0.697642964,0.070216305
87.91672501,0.288072268,2.808364106,0.655278866,0.064867352
87.92136368,0.287345217,2.811357409,0.67781296,0.062743503
87.92600235,0.293727107,2.815240613,0.720177058,0.067384506
87.93064102,0.293888674,2.820741819,0.666095231,0.069036389
87.93527969,0.288799318,2.825191324,0.672404778,0.062979486
87.93991836,0.291545955,2.835303835,0.701248419,0.063372791
87.94455703,0.298654895,2.851888352,0.725585241,0.069744338
87.9491957,0.293969457,2.864104265,0.666996595,0.065889946
87.95383437,0.292030655,2.870738072,0.685023871,0.062350197
87.95847304,0.297443144,2.876320178,0.718374331,0.065653962
87.96311171,0.299624296,2.87761458,0.67781296,0.069744338
87.96775038,0.292757706,2.86903917,0.654377502,0.063058147
87.97238905,0.292515356,2.85900756,0.668799323,0.062192875
87.97702772,0.299058813,2.852131053,0.703051146,0.0684071
87.98166639,0.295181208,2.842584842,0.631843407,0.067069862
87.98630506,0.291142037,2.829802629,0.649870683,0.062114214
87.99094373,0.294373374,2.82138902,0.680517052,0.064080741
87.9955824,0.298574112,2.817101315,0.671503414,0.069429694
88.00022107,0.292030655,2.807797805,0.632744771,0.063923419
88.00485974,0.291626738,2.800759498,0.655278866,0.06179957
88.00949841,0.297847061,2.799545997,0.700347055,0.066597895
88.01413708,0.29663531,2.796957194,0.640857045,0.067935134
88.01877575,0.291142037,2.788381785,0.645363864,0.062271536
88.02341442,0.293403973,2.782880579,0.669700686,0.062350197
88.02805309,0.299301163,2.781747978,0.684122507,0.068721744
88.03269176,0.293242406,2.77398157,0.62282977,0.064710029
88.03733043,0.290334203,2.76475896,0.643561137,0.061406264
88.0419691,0.295181208,2.759176854,0.683221143,0.064867352
88.04660777,0.29639296,2.753837448,0.642659773,0.068485761
88.05124644,0.289930286,2.745262039,0.630942044,0.062350197
88.05588511,0.290091853,2.740165334,0.65618023,0.061878231
88.06052378,0.29712001,2.740569834,0.697642964,0.067856472
88.06516245,0.292838489,2.737252931,0.63004068,0.065968607
88.06980112,0.288960885,2.729567423,0.648969319,0.061327603
88.07443979,0.292515356,2.724551617,0.678714324,0.063451452
88.07907846,0.295827476,2.721801014,0.662489776,0.068879066
88.08371713,0.289445586,2.714843607,0.627336589,0.062900825
88.0883558,0.288314618,2.709746901,0.648067956,0.061170281
88.09299447,0.294858075,2.709827802,0.694037508,0.066361912
88.09763314,0.29332319,2.709908702,0.632744771,0.066833878
88.10227181,0.288476185,2.706349098,0.642659773,0.061327603
88.10691048,0.290818904,2.704731096,0.668799323,0.062271536
88.11154915,0.296796877,2.7081289,0.679615688,0.068721744
88.11618782,0.290980471,2.706268198,0.625533861,0.064159402
88.12082649,0.288799318,2.702384994,0.647166592,0.061170281
88.12546516,0.293969457,2.701252392,0.687727962,0.064946013
88.13010383,0.295019642,2.699877091,0.642659773,0.067935134
88.1347425,0.287991484,2.693243284,0.633646135,0.061956892
88.13938117,0.288637751,2.687175778,0.653476138,0.061956892
88.14401984,0.295585125,2.686043176,0.685925234,0.06769915
88.14865851,0.290980471,2.680865571,0.619224315,0.065181996
88.15329718,0.287345217,2.673584563,0.639054318,0.061170281
88.15793585,0.291061254,2.669863159,0.672404778,0.063372791
88.16257452,0.294696508,2.668326058,0.651673411,0.068249778
88.16721319,0.288153051,2.66112595,0.621928406,0.062507519
88.17185186,0.286860516,2.654734843,0.641758409,0.060698315
88.17649053,0.29332319,2.652874141,0.685023871,0.066125929
88.1811292,0.290980471,2.649314537,0.619224315,0.066361912
88.18576787,0.286133465,2.64211443,0.632744771,0.060698315
88.19040654,0.288314618,2.637664925,0.659785685,0.062192875
88.19504521,0.29356554,2.637260425,0.665193867,0.068013795
88.19968388,0.287102866,2.63248732,0.613816132,0.06329413
88.20432255,0.285083281,2.626015313,0.63725159,0.060698315
88.20896122,0.29073812,2.624397311,0.678714324,0.064867352
88.21359989,0.291142037,2.622941109,0.629139316,0.067384506
88.21823856,0.285567982,2.617278103,0.625533861,0.061406264
88.22287723,0.286698949,2.613556699,0.648969319,0.061406264
88.2275159,0.293080839,2.614851101,0.676911597,0.06769915
88.23215457,0.288314618,2.612747699,0.612914768,0.064867352
88.23679324,0.285567982,2.608540894,0.636350226,0.060619654
88.24143191,0.289687936,2.608298194,0.672404778,0.06329413
88.24607058,0.292434572,2.610077996,0.648067956,0.067856472
88.25070925,0.286052682,2.605385791,0.62282977,0.061878231
88.25534792,0.285164064,2.600936286,0.640857045,0.060462331
88.25998659,0.291545955,2.600936286,0.683221143,0.066125929
88.26462526,0.288718535,2.600046385,0.616520223,0.065732623
88.26926393,0.284275447,2.59503058,0.633646135,0.060462331
88.2739026,0.287022083,2.593574378,0.662489776,0.062271536
88.27854127,0.292111438,2.595839581,0.66339114,0.068171117
88.28317994,0.285487198,2.593331678,0.617421587,0.062664841
88.28781861,0.283790746,2.590823775,0.639955681,0.060147687
88.29245728,0.289849503,2.592522677,0.685023871,0.064788691
88.29709595,0.289203235,2.593978879,0.630942044,0.06691254
88.30173462,0.283467613,2.590176575,0.630942044,0.060776976
88.30637329,0.284275447,2.588315873,0.653476138,0.061170281
88.31101196,0.290899687,2.591147376,0.678714324,0.067620489
88.31565063,0.285810332,2.589529374,0.617421587,0.06400208
88.3202893,0.283144479,2.587021471,0.640857045,0.060305009
88.32492797,0.287991484,2.588477673,0.678714324,0.06329413
88.32956664,0.290334203,2.591470976,0.648067956,0.06769915
88.33420531,0.28435623,2.589124874,0.628237952,0.061642248
88.33884398,0.28411388,2.587830472,0.648067956,0.060619654
88.34348265,0.290576553,2.590419275,0.689530689,0.066440573
88.34812132,0.2869413,2.590338375,0.621027042,0.06549664
88.35275999,0.282902129,2.58621247,0.639955681,0.060619654
88.35739866,0.285971899,2.586455171,0.668799323,0.062271536
88.36203733,0.290414987,2.590500175,0.664292504,0.067856472
88.366676,0.283952313,2.588558573,0.623731133,0.062271536
88.37131467,0.282982912,2.587668672,0.648969319,0.060540992
88.37595334,0.289849503,2.592360877,0.6967416,0.065181996
88.38059201,0.289364802,2.596567681,0.641758409,0.066676556
88.38523068,0.284033097,2.597457582,0.648067956,0.060540992
88.38986935,0.286295032,2.600289085,0.671503414,0.061248942
88.39450802,0.292434572,2.607489193,0.692234781,0.067463167
88.39914669,0.28718365,2.610401596,0.633646135,0.063766097
88.40378536,0.285406415,2.612343198,0.658884321,0.060147687
88.40842403,0.29049577,2.618248904,0.697642964,0.063608774
88.4130627,0.292353789,2.625853513,0.661588412,0.067541828
88.41770137,0.286375816,2.627956915,0.647166592,0.061563586
88.42234004,0.28718365,2.63321542,0.669700686,0.060776976
88.42697871,0.294373374,2.650366239,0.719275694,0.067069862
88.43161738,0.291222821,2.673827263,0.665193867,0.065103335
88.43625605,0.289364802,2.695589386,0.691333417,0.060462331
88.44089472,0.294534941,2.720102112,0.732796151,0.062507519
88.44553339,0.301563099,2.754808249,0.739105697,0.068171117
88.45017206,0.297847061,2.782556979,0.706656601,0.062664841
88.45481073,0.297927845,2.802053899,0.721979786,0.060855637
88.4594494,0.305279136,2.820337319,0.761639792,0.06620459
88.46408807,0.304390518,2.83109703,0.693136145,0.066833878
88.46872674,0.29946273,2.833362233,0.692234781,0.061170281
88.47336541,0.301320748,2.835708335,0.709360693,0.061878231
88.47800408,0.307621855,2.839429739,0.716571603,0.068171117
88.48264275,0.302209366,2.838216238,0.657081593,0.063844758
88.48728142,0.299785863,2.835303835,0.676911597,0.061012959
88.49192009,0.305359919,2.836355536,0.714768875,0.064631368
88.49655876,0.307217938,2.839025239,0.672404778,0.068013795
88.50119743,0.301239965,2.835951035,0.658884321,0.06179957
88.5058361,0.302128582,2.831906031,0.675108869,0.061406264
88.51047477,0.30939909,2.832148731,0.709360693,0.067384506
88.51511344,0.305521486,2.829640829,0.640857045,0.065339318
88.51975211,0.302047799,2.823573322,0.659785685,0.060619654
88.52439078,0.306006187,2.82146992,0.692234781,0.063215469
88.52902945,0.310045358,2.822036221,0.676010233,0.068485761
88.53366812,0.30325955,2.817505816,0.642659773,0.062428858
88.53830679,0.302855633,2.814188912,0.664292504,0.060934298
88.54294546,0.30915674,2.816696815,0.710262056,0.06620459
88.54758413,0.307137154,2.818072116,0.647166592,0.066519234
88.5522228,0.301967016,2.813622612,0.657081593,0.061012959
88.55686147,0.303501901,2.811114709,0.682319779,0.061956892
88.56150014,0.309237523,2.810467508,0.692234781,0.0684071
88.56613881,0.302936417,2.804642702,0.635448863,0.063766097
88.57077748,0.300108997,2.796714494,0.655278866,0.061012959
88.57541615,0.305198352,2.79355939,0.694037508,0.064788691
88.58005482,0.306006187,2.791375088,0.646265228,0.067541828
88.58469349,0.299866647,2.78417498,0.638152954,0.061406264
88.58933216,0.300108997,2.778592875,0.659785685,0.060619654
88.59397083,0.30632932,2.777055773,0.689530689,0.067227184
88.5986095,0.301239965,2.772120868,0.621928406,0.064631368
88.60324817,0.297927845,2.764354459,0.642659773,0.060226348
88.60788684,0.302128582,2.761846557,0.676010233,0.062979486
88.61252551,0.305359919,2.762574658,0.655278866,0.068092456
88.61716418,0.298735679,2.758125153,0.626435225,0.062114214
88.62180285,0.298250978,2.754484649,0.648969319,0.060462331
88.62644152,0.305036786,2.75553635,0.694037508,0.066125929
88.63108019,0.302855633,2.754565549,0.628237952,0.066125929
88.63571886,0.298250978,2.750035144,0.640857045,0.060934298
88.64035753,0.300432131,2.748255342,0.669700686,0.062035553
88.6449962,0.305925403,2.749792444,0.674207505,0.068092456
88.64963487,0.299543513,2.74599014,0.623731133,0.063058147
88.65427354,0.297604711,2.741459735,0.646265228,0.060305009
88.65891221,0.303340334,2.740650734,0.689530689,0.064474046
88.66355088,0.303178767,2.739032733,0.638152954,0.06691254
88.66818955,0.297281577,2.732803426,0.633646135,0.060855637
88.67282822,0.298089411,2.729162922,0.65618023,0.061012959
88.67746689,0.304067384,2.729810123,0.683221143,0.067227184
88.68210556,0.298331762,2.726169619,0.619224315,0.063923419
88.68674423,0.294777291,2.719778512,0.640857045,0.060147687
88.6913829,0.298978029,2.71743241,0.676911597,0.063136808
88.69602157,0.301078398,2.717108809,0.650772047,0.067856472
88.70066024,0.294292591,2.712416604,0.626435225,0.061563586
88.70529891,0.293646323,2.7082907,0.648067956,0.060540992
88.70993758,0.300108997,2.7082907,0.689530689,0.066283251
88.71457625,0.29687766,2.704326596,0.621027042,0.065575301
88.71921492,0.291949872,2.696721988,0.636350226,0.060540992
88.72385359,0.295019642,2.691625282,0.664292504,0.062035553
88.72849226,0.299220379,2.690492681,0.662489776,0.067620489
88.73313093,0.292353789,2.684748775,0.615618859,0.06258618
88.7377696,0.290818904,2.678681269,0.638152954,0.060540992
88.74240827,0.296069826,2.676577866,0.681418415,0.064946013
88.74704694,0.295181208,2.674717164,0.626435225,0.066676556
88.75168561,0.289203235,2.666546256,0.627336589,0.060776976
88.75632428,0.290334203,2.660316949,0.649870683,0.061327603
88.76096295,0.296231393,2.659184348,0.672404778,0.067384506
88.76560162,0.29049577,2.654653943,0.61111204,0.063608774
88.77024029,0.287506784,2.647615636,0.633646135,0.060147687
88.77487896,0.291788305,2.645188633,0.672404778,0.06329413
88.77951763,0.293969457,2.644784133,0.640857045,0.067305845
88.7841563,0.287022083,2.638635726,0.621928406,0.061327603
88.78879497,0.286779733,2.633943521,0.641758409,0.060619654
88.79343364,0.293242406,2.634671622,0.682319779,0.066440573
88.79807231,0.289364802,2.632163719,0.614717496,0.065260657
88.80271098,0.285002498,2.626258013,0.633646135,0.06038367
88.80734965,0.287749134,2.62342651,0.664292504,0.062192875
88.81198832,0.292111438,2.624478211,0.658884321,0.068013795
88.81662699,0.285729548,2.620271407,0.617421587,0.06258618
88.82126566,0.284194663,2.615741002,0.639955681,0.06038367
88.82590433,0.290091853,2.616145502,0.684122507,0.06549664
88.830543,0.289203235,2.616145502,0.627336589,0.066676556
88.83518167,0.283790746,2.612504998,0.633646135,0.060855637
88.83982034,0.285002498,2.610886997,0.659785685,0.061248942
88.84445901,0.29049577,2.613475799,0.678714324,0.06769915
88.84909768,0.284840931,2.611048797,0.619224315,0.063687435
88.85373635,0.282255861,2.607408293,0.642659773,0.060226348
88.85837502,0.287506784,2.608459994,0.681418415,0.06400208
88.86301369,0.288960885,2.610563396,0.645363864,0.06769915
88.86765236,0.282498212,2.608136394,0.632744771,0.061406264
88.87229103,0.282740562,2.608783594,0.65618023,0.061012959
88.8769297,0.289364802,2.615983702,0.697642964,0.067227184
88.88156837,0.285325631,2.619947806,0.634547499,0.065339318
88.88620704,0.281205677,2.621242208,0.65618023,0.060619654
88.89084571,0.284760147,2.625529912,0.690432053,0.062979486
88.89548438,0.289122452,2.63313452,0.67781296,0.068564422
88.90012305,0.282659778,2.634186221,0.641758409,0.062900825
88.90476172,0.281367244,2.634024421,0.661588412,0.060934298
88.90940039,0.28766835,2.636532324,0.703051146,0.065889946
88.91403906,0.286214249,2.637826725,0.639054318,0.066991201
88.91867773,0.28104411,2.633619921,0.646265228,0.061563586
88.9233164,0.282982912,2.63248732,0.67060205,0.062035553
88.92795507,0.288880102,2.634024421,0.682319779,0.0684071
88.93259374,0.282740562,2.631192918,0.623731133,0.064316724
88.93723241,0.280478626,2.627471514,0.646265228,0.061248942
88.94187108,0.285891115,2.627795115,0.685023871,0.065339318
88.94650975,0.287264433,2.628118715,0.643561137,0.068171117
88.95114842,0.280478626,2.62318381,0.630942044,0.062035553
88.95578709,0.280882543,2.619381506,0.651673411,0.061642248
88.96042576,0.287587567,2.619705106,0.683221143,0.067935134
88.96506443,0.283225262,2.616307302,0.615618859,0.065417979
88.9697031,0.279832359,2.610725196,0.636350226,0.061327603
88.97434177,0.283225262,2.607650993,0.667897959,0.063530113
88.97898044,0.287102866,2.607003793,0.648969319,0.068643083
88.98361911,0.280317059,2.601987987,0.616520223,0.062900825
88.98825778,0.279913142,2.598266583,0.638152954,0.060934298
88.99289645,0.286214249,2.599560985,0.683221143,0.06620459
88.99753512,0.28411388,2.598994684,0.621027042,0.066676556
89.00217379,0.279266875,2.593978879,0.633646135,0.061248942
89.00681246,0.281690377,2.591794576,0.659785685,0.06258618
89.01145113,0.287102866,2.593736178,0.667897959,0.068643083
89.0160898,0.281367244,2.590904675,0.613816132,0.064080741
89.02072847,0.279266875,2.587021471,0.636350226,0.061248942
89.02536714,0.285083281,2.586940571,0.678714324,0.065260657
89.03000581,0.285729548,2.587911372,0.630942044,0.068092456
89.03464448,0.279590008,2.583866368,0.623731133,0.061878231
89.03928315,0.28055941,2.580792165,0.646265228,0.061642248
89.04392182,0.287345217,2.583138267,0.67781296,0.067777811
89.04856049,0.282498212,2.582329266,0.613816132,0.065260657
89.05319916,0.278943741,2.579174163,0.635448863,0.06109162
89.05783783,0.283386829,2.579093263,0.671503414,0.063530113
89.0624765,0.286698949,2.581277565,0.649870683,0.068249778
89.06711517,0.279993926,2.578526962,0.621928406,0.06258618
89.07175384,0.280074709,2.577717961,0.6444625,0.061484925
89.07639251,0.286375816,2.581277565,0.690432053,0.066676556
89.08103118,0.28411388,2.584109068,0.625533861,0.066597895
89.08566985,0.279509225,2.583785468,0.641758409,0.061012959
89.09030852,0.282417428,2.58596977,0.67060205,0.062664841
89.09494719,0.288314618,2.593736178,0.676911597,0.068485761
89.09958586,0.282578995,2.598832884,0.631843407,0.063451452
89.10422453,0.281690377,2.607003793,0.659785685,0.060776976
89.1088632,0.288395401,2.620999507,0.710262056,0.065260657
89.11350187,0.288880102,2.638878426,0.669700686,0.067227184
89.11814054,0.284033097,2.65133704,0.672404778,0.061406264
89.12277921,0.285244848,2.662177651,0.692234781,0.061248942
89.12741788,0.292030655,2.67034856,0.712064784,0.068171117
89.13205655,0.287264433,2.669539559,0.640857045,0.064788691
89.13669522,0.284275447,2.664038353,0.657081593,0.060698315
89.14133389,0.288880102,2.66153045,0.688629326,0.063923419
89.14597256,0.290899687,2.660397849,0.655278866,0.067935134
89.15061123,0.284437014,2.654815743,0.631843407,0.061720909
89.1552499,0.284437014,2.649880838,0.652574774,0.060855637
89.15988857,0.290980471,2.650042638,0.694938872,0.06691254
89.16452724,0.287264433,2.647049335,0.625533861,0.066519234
89.16916591,0.282902129,2.640172828,0.640857045,0.061170281
89.17380458,0.286052682,2.637826725,0.669700686,0.062743503
89.17844325,0.290657337,2.639121127,0.666095231,0.068879066
89.18308192,0.284194663,2.635157022,0.621928406,0.063372791
89.18772059,0.282982912,2.630869318,0.643561137,0.060934298
89.19235926,0.288718535,2.630545717,0.687727962,0.065653962
89.19699793,0.288233834,2.630788418,0.631843407,0.067384506
89.2016366,0.282417428,2.625772612,0.631843407,0.061406264
89.20627527,0.284033097,2.622455709,0.655278866,0.061642248
89.21091394,0.290334203,2.624154611,0.676911597,0.068013795
89.21555261,0.284679364,2.621808508,0.616520223,0.064159402
89.22019128,0.281690377,2.617278103,0.639054318,0.060934298
89.22482995,0.286456599,2.616226402,0.678714324,0.064238063
89.22946862,0.289041669,2.616792703,0.643561137,0.068013795
89.23410729,0.282336645,2.612019598,0.624632497,0.061720909
89.23874596,0.282255861,2.609430795,0.646265228,0.060934298
89.24338463,0.289122452,2.611695997,0.687727962,0.067148523
89.2480233,0.285406415,2.610725196,0.621027042,0.065575301
89.25266197,0.281367244,2.607246493,0.640857045,0.060540992
89.25730064,0.284437014,2.608055494,0.672404778,0.062428858
89.26193931,0.288637751,2.612181398,0.665193867,0.068092456
89.26657798,0.282175078,2.612504998,0.626435225,0.062822164
89.27121665,0.280640193,2.613152199,0.650772047,0.060540992
89.27585532,0.286779733,2.619057905,0.697642964,0.065732623
89.28049399,0.285567982,2.624801811,0.639054318,0.066833878
89.28513266,0.280397843,2.627956915,0.648067956,0.060776976
89.28977133,0.282498212,2.634348022,0.676010233,0.061720909
89.29441,0.288395401,2.647211135,0.698544327,0.067856472
89.29904867,0.283063696,2.655301144,0.643561137,0.06400208
89.30368734,0.280478626,2.662824852,0.671503414,0.060698315
89.30832601,0.285406415,2.676739666,0.716571603,0.064316724
89.31296468,0.287345217,2.690978082,0.681418415,0.067935134
89.31760335,0.28104411,2.697611889,0.666996595,0.061248942
89.32224202,0.281205677,2.704973796,0.685925234,0.060776976
89.32688069,0.287991484,2.715571708,0.720177058,0.066833878
89.33151936,0.284437014,2.719050411,0.647166592,0.065024674
89.33615803,0.280317059,2.715895308,0.661588412,0.060305009
89.3407967,0.283629179,2.712902005,0.689530689,0.06258618
89.34543537,0.287587567,2.711526703,0.67060205,0.068013795
89.35007404,0.280640193,2.703841195,0.630942044,0.062271536
89.35471271,0.279670792,2.695589386,0.649870683,0.060855637
89.35935138,0.285971899,2.691867983,0.693136145,0.065889946
89.36399005,0.284517797,2.687175778,0.629139316,0.066440573
89.36862872,0.279105308,2.678762169,0.63725159,0.060934298
89.37326739,0.281205677,2.673018263,0.661588412,0.06179957
89.37790606,0.287102866,2.672128362,0.673306141,0.067935134
89.38254473,0.281367244,2.666465356,0.618322951,0.063687435
89.3871834,0.279428442,2.660074249,0.640857045,0.060540992
89.39182207,0.284517797,2.658132647,0.682319779,0.064238063
89.39646074,0.285406415,2.657647246,0.638152954,0.067305845
89.40109941,0.278943741,2.65206514,0.629139316,0.061248942
89.40573808,0.279832359,2.648505537,0.649870683,0.061170281
89.41037675,0.286456599,2.649557238,0.683221143,0.067227184
89.41501542,0.281932728,2.647292035,0.617421587,0.064867352
89.41965409,0.278135907,2.64251893,0.639054318,0.060540992
89.42429276,0.282336645,2.641548129,0.673306141,0.06258618
89.42893143,0.285487198,2.643004331,0.651673411,0.068013795
89.4335701,0.278862958,2.639282927,0.621027042,0.061956892
89.43820877,0.27821669,2.636046923,0.641758409,0.060540992
89.44284744,0.285164064,2.637179525,0.685023871,0.065968607
89.44748611,0.282982912,2.636370524,0.621027042,0.066361912
89.45212478,0.278135907,2.632163719,0.634547499,0.060855637
89.45676345,0.280478626,2.629332216,0.661588412,0.062114214
89.46140212,0.286295032,2.630707518,0.668799323,0.068013795
89.46604079,0.280155492,2.626905214,0.617421587,0.06329413
89.47067946,0.278378257,2.620999507,0.63725159,0.060226348
89.47531813,0.283386829,2.619381506,0.67781296,0.064474046
89.4799568,0.28411388,2.617278103,0.629139316,0.067227184
89.48459547,0.27797434,2.610644296,0.625533861,0.060934298
89.48923414,0.278943741,2.605952091,0.646265228,0.06109162
89.49387281,0.285406415,2.605223991,0.675108869,0.067148523
89.49851148,0.280236276,2.601826187,0.610210677,0.064238063
89.50315015,0.277247289,2.596405881,0.633646135,0.060305009
89.50778882,0.281528811,2.594059779,0.668799323,0.063372791
89.51242749,0.284194663,2.593331678,0.643561137,0.067935134
89.51706616,0.27748964,2.587911372,0.617421587,0.061563586
89.52170483,0.277328073,2.583785468,0.638152954,0.060147687
89.5263435,0.28411388,2.584028168,0.682319779,0.065889946
89.53098217,0.281528811,2.581924766,0.614717496,0.065968607
89.53562084,0.277004939,2.576828061,0.630942044,0.060462331
89.54025951,0.279024525,2.574886458,0.659785685,0.06179957
89.54489818,0.284679364,2.578041562,0.661588412,0.068013795
89.54953685,0.278297474,2.575695459,0.615618859,0.062743503
89.55417552,0.277166506,2.574077458,0.641758409,0.059911704
89.55881419,0.283063696,2.577394361,0.686826598,0.064710029
89.56345286,0.282821345,2.582167466,0.636350226,0.067069862
89.56809153,0.277408856,2.584837169,0.639054318,0.06109162
89.5727302,0.278620607,2.590500175,0.666095231,0.06109162
89.57736887,0.285810332,2.604091389,0.6967416,0.067227184
89.58200754,0.281124893,2.614851101,0.638152954,0.06400208
89.58664621,0.278701391,2.621889408,0.66339114,0.060540992
89.59128488,0.283225262,2.630464817,0.705755238,0.063608774
89.59592355,0.285971899,2.636855924,0.671503414,0.068013795
89.60056222,0.279913142,2.634671622,0.645363864,0.061563586
89.60520089,0.279913142,2.631354718,0.659785685,0.06038367
89.60983956,0.286375816,2.631678319,0.695840236,0.066597895
89.61447823,0.282740562,2.629413116,0.624632497,0.06549664
89.6191169,0.278378257,2.62366921,0.639054318,0.060305009
89.62375557,0.281448027,2.620190507,0.666996595,0.062114214
89.62839424,0.286133465,2.620837707,0.662489776,0.068171117
89.63303291,0.280155492,2.616550003,0.619224315,0.063058147
89.63767158,0.278459041,2.612343198,0.641758409,0.060305009
89.64231025,0.28459858,2.6140421,0.686826598,0.065103335
89.64694892,0.284275447,2.616145502,0.631843407,0.066755217
89.65158759,0.279105308,2.6137994,0.63725159,0.061170281
89.65622626,0.280963327,2.6137994,0.660687048,0.061406264
89.66086493,0.287102866,2.618896105,0.683221143,0.06769915
89.6655036,0.281932728,2.619705106,0.62282977,0.06400208
89.67014227,0.279266875,2.617925304,0.6444625,0.060305009
89.67478094,0.284437014,2.619300606,0.682319779,0.063923419
89.67941961,0.286456599,2.622455709,0.647166592,0.067620489
89.68405828,0.280478626,2.620514107,0.63004068,0.061327603
89.68869695,0.28104411,2.619624206,0.650772047,0.060698315
89.69333562,0.28766835,2.62366921,0.690432053,0.066833878
89.69797429,0.284275447,2.62310291,0.621928406,0.065024674
89.70261296,0.28055941,2.618653405,0.639955681,0.060305009
89.70725163,0.28411388,2.617116303,0.669700686,0.062271536
89.7118903,0.288476185,2.617682604,0.658884321,0.067935134
89.71652897,0.281771161,2.612747699,0.618322951,0.062271536
89.72116764,0.280397843,2.608217294,0.639054318,0.060147687
89.72580631,0.2869413,2.606761092,0.682319779,0.065260657
89.73044498,0.285487198,2.604091389,0.621027042,0.066519234
89.73508365,0.279751575,2.597295782,0.627336589,0.060855637
89.73972232,0.282175078,2.593088978,0.651673411,0.061484925
89.74436099,0.287910701,2.592360877,0.666095231,0.06769915
89.74899966,0.281771161,2.587102371,0.608407949,0.063530113
89.75363833,0.279024525,2.581277565,0.631843407,0.060305009
89.758277,0.284437014,2.579416863,0.673306141,0.063923419
89.76291567,0.285648765,2.579821364,0.633646135,0.067305845
89.76755434,0.279590008,2.575290959,0.623731133,0.061170281
89.77219301,0.279670792,2.573106657,0.643561137,0.060698315
89.77683168,0.286618166,2.574158358,0.680517052,0.066991201
89.78147035,0.282094294,2.571407755,0.612013404,0.064867352
89.78610902,0.278539824,2.56703915,0.631843407,0.06038367
89.79074769,0.281851944,2.565016648,0.664292504,0.062743503
89.79538636,0.285648765,2.56671555,0.648969319,0.068092456
89.80002503,0.279186091,2.562751446,0.615618859,0.062271536
89.8046637,0.278539824,2.559758142,0.638152954,0.060226348
89.80930237,0.28459858,2.560890744,0.682319779,0.06549664
89.81394104,0.283144479,2.561052544,0.619224315,0.06620459
89.81857971,0.277893557,2.55716934,0.629139316,0.060698315
89.82321838,0.279993926,2.555632238,0.655278866,0.061406264
89.82785705,0.285891115,2.55757384,0.666996595,0.067856472
89.83249572,0.279428442,2.554580537,0.612013404,0.063136808
89.83713439,0.277328073,2.551182733,0.633646135,0.060147687
89.84177306,0.282498212,2.551506334,0.676010233,0.064238063
89.84641173,0.283629179,2.552558035,0.63004068,0.067305845
89.8510504,0.277247289,2.548674831,0.621928406,0.06109162
89.85568907,0.278055124,2.546571428,0.645363864,0.061170281
89.86032774,0.285244848,2.549888332,0.678714324,0.067463167
89.86496641,0.28055941,2.550778233,0.614717496,0.064710029
89.86960508,0.277651206,2.54851303,0.63725159,0.060540992
89.87424375,0.281851944,2.548674831,0.671503414,0.06329413
89.87888242,0.285406415,2.550778233,0.648969319,0.068013795
89.88352109,0.279186091,2.547137729,0.619224315,0.061956892
89.88815976,0.27821669,2.544225326,0.639054318,0.060619654
89.89279843,0.285002498,2.546086028,0.682319779,0.066047268
89.8974371,0.282821345,2.546086028,0.615618859,0.066125929
89.90207577,0.277812773,2.541474723,0.63004068,0.060462331
89.90671444,0.280397843,2.539533121,0.65618023,0.06179957
89.91135311,0.285810332,2.542041024,0.661588412,0.067856472
89.91599178,0.279186091,2.539533121,0.610210677,0.063372791
89.92063045,0.277328073,2.536054417,0.632744771,0.06038367
89.92526912,0.282740562,2.536135317,0.675108869,0.064631368
89.92990779,0.282902129,2.538157819,0.625533861,0.066755217
89.93454646,0.277004939,2.534517316,0.621928406,0.060619654
89.93918513,0.27797434,2.532818414,0.6444625,0.060855637
89.9438238,0.284517797,2.536054417,0.674207505,0.067148523
89.94846247,0.279751575,2.536135317,0.61111204,0.064474046
89.95310114,0.276277888,2.534598216,0.635448863,0.060540992
89.95773981,0.280640193,2.537996019,0.676010233,0.063215469
89.96237848,0.28411388,2.543254525,0.649870683,0.06769915
89.96701715,0.277408856,2.542850024,0.626435225,0.061878231
89.97165582,0.277247289,2.543254525,0.647166592,0.060540992
89.97629449,0.28411388,2.547218629,0.688629326,0.066361912
89.98093316,0.281124893,2.548998431,0.621027042,0.065889946
89.98557183,0.276277888,2.545843328,0.636350226,0.060855637
89.9902105,0.279186091,2.544791627,0.664292504,0.062114214
89.99484917,0.284275447,2.54794673,0.66339114,0.068171117
89.99948784,0.278055124,2.546086028,0.616520223,0.063136808
90.00412651,0.276358672,2.543416325,0.638152954,0.060698315
90.00876518,0.282578995,2.545357927,0.682319779,0.064946013
90.01340385,0.282498212,2.54778493,0.627336589,0.06691254
90.01804252,0.277004939,2.545277027,0.629139316,0.060934298
90.02268119,0.278620607,2.545843328,0.654377502,0.061012959
90.02731986,0.285244848,2.551101833,0.681418415,0.06769915
90.03195853,0.280720976,2.554256937,0.62282977,0.064395385
90.0365972,0.278539824,2.556603039,0.648969319,0.060619654
90.04123587,0.283790746,2.562589645,0.689530689,0.063687435
90.04587454,0.286779733,2.571731355,0.660687048,0.067856472
90.05051321,0.28104411,2.577070761,0.648067956,0.061563586
90.05515188,0.281690377,2.58540347,0.67060205,0.060934298
90.05979055,0.288880102,2.599318284,0.717472967,0.06691254
90.06442922,0.285891115,2.612262298,0.65618023,0.065811284
90.06906789,0.282740562,2.625691712,0.679615688,0.061012959
90.07370656,0.286214249,2.641062729,0.71116342,0.062822164
90.07834523,0.290657337,2.653359542,0.700347055,0.068328439
90.0829839,0.28387153,2.655220244,0.649870683,0.062979486
90.08762257,0.282255861,2.653602242,0.665193867,0.060698315
90.09226124,0.288637751,2.654087642,0.703051146,0.065732623
90.09689991,0.287991484,2.653521342,0.640857045,0.06769915
90.10153858,0.282417428,2.647939236,0.642659773,0.061406264
90.10617725,0.28411388,2.643813332,0.664292504,0.061878231
90.11081592,0.29025342,2.643813332,0.679615688,0.068328439
90.11545459,0.284760147,2.640981829,0.620125678,0.064316724
90.12009326,0.282255861,2.636289624,0.641758409,0.060855637
90.12473193,0.287264433,2.635561523,0.680517052,0.064316724
90.1293706,0.288476185,2.636532324,0.641758409,0.068171117
90.13400927,0.282013511,2.631435618,0.625533861,0.062035553
90.13864794,0.282175078,2.627390614,0.647166592,0.061406264
90.14328661,0.288880102,2.628361415,0.685023871,0.067384506
90.14792528,0.285325631,2.626581613,0.617421587,0.065732623
90.15256395,0.28128646,2.622051208,0.63725159,0.061170281
90.15720262,0.28435623,2.620918607,0.669700686,0.063215469
90.16184129,0.289041669,2.622536609,0.657081593,0.068721744
90.16647996,0.282175078,2.618491605,0.620125678,0.063058147
90.17111863,0.281448027,2.615821902,0.643561137,0.06109162
90.1757573,0.287749134,2.619543306,0.692234781,0.066440573
90.18039597,0.286860516,2.624235511,0.634547499,0.067463167
90.18503464,0.281690377,2.625044512,0.647166592,0.061406264
90.18967331,0.284194663,2.628442315,0.674207505,0.062192875
90.19431198,0.29025342,2.633781721,0.688629326,0.068564422
90.19895065,0.284437014,2.635157022,0.632744771,0.064080741
90.20358932,0.282094294,2.637098624,0.65618023,0.060619654
90.20822799,0.28766835,2.646159434,0.702149782,0.064474046
90.21286666,0.288960885,2.657566346,0.661588412,0.067620489
90.21750533,0.282255861,2.664038353,0.652574774,0.061484925
90.222144,0.282821345,2.67059126,0.673306141,0.061563586
90.22678267,0.289849503,2.68029927,0.707557965,0.067305845
90.23142134,0.285567982,2.685153275,0.642659773,0.065103335
90.23606001,0.282417428,2.683697074,0.660687048,0.060698315
90.24069868,0.285729548,2.682888073,0.688629326,0.063451452
90.24533735,0.289203235,2.682888073,0.666996595,0.068092456
90.24997602,0.283144479,2.676092466,0.631843407,0.061956892
90.25461469,0.282417428,2.669377759,0.650772047,0.060855637
90.25925336,0.288556968,2.668164257,0.694037508,0.065889946
90.26389203,0.286860516,2.665899055,0.628237952,0.066755217
90.2685307,0.281448027,2.660236049,0.639054318,0.060776976
90.27316937,0.283709963,2.657000046,0.664292504,0.062114214
90.27780804,0.289041669,2.657404546,0.673306141,0.068249778
90.28244671,0.282982912,2.652874141,0.620125678,0.063608774
90.28708538,0.281205677,2.648586437,0.641758409,0.061484925
90.29172405,0.286860516,2.648505537,0.685023871,0.064867352
90.29636272,0.287506784,2.65149884,0.640857045,0.068013795
90.30100139,0.281851944,2.649799938,0.638152954,0.061170281
90.30564006,0.282821345,2.65149884,0.66339114,0.061406264
90.31027873,0.289849503,2.66120685,0.699445691,0.067620489
90.3149174,0.286052682,2.671885661,0.643561137,0.065181996
90.31955607,0.283709963,2.68005657,0.668799323,0.061012959
90.32419474,0.287829917,2.68903648,0.702149782,0.063766097
90.32883341,0.290980471,2.695265786,0.676010233,0.068328439
90.33347208,0.28459858,2.693971385,0.6444625,0.062507519
90.33811075,0.283790746,2.690492681,0.659785685,0.061012959
90.34274942,0.290334203,2.68968368,0.698544327,0.066755217
90.34738809,0.287910701,2.685719576,0.628237952,0.066519234
90.35202676,0.282902129,2.678681269,0.639955681,0.060934298
90.35666543,0.285567982,2.674069964,0.665193867,0.062664841
90.3613041,0.290818904,2.672209262,0.666996595,0.068643083
90.36594277,0.284517797,2.665251854,0.618322951,0.063530113
90.37058144,0.282498212,2.658375347,0.639054318,0.061012959
90.37522011,0.287991484,2.655543844,0.680517052,0.065339318
90.37985878,0.287910701,2.653602242,0.628237952,0.067463167
90.38449745,0.282336645,2.646806635,0.628237952,0.061248942
90.38913612,0.282902129,2.644136932,0.653476138,0.061484925
90.39377479,0.289041669,2.647453835,0.684122507,0.067777811
90.39841346,0.28435623,2.646563934,0.62282977,0.064552707
90.40305213,0.280963327,2.64203353,0.645363864,0.060540992
90.4076908,0.285244848,2.641386329,0.681418415,0.063530113
90.41232947,0.287829917,2.642842531,0.651673411,0.068328439
90.41696814,0.281771161,2.640334628,0.630942044,0.062035553
90.42160681,0.281932728,2.638473926,0.650772047,0.06109162
90.42624548,0.288476185,2.640900928,0.692234781,0.066676556
90.43088415,0.285083281,2.641467229,0.624632497,0.065732623
90.43552282,0.28080176,2.637988525,0.641758409,0.060855637
90.44016149,0.28411388,2.637745825,0.671503414,0.062428858
90.44480016,0.288880102,2.640900928,0.669700686,0.068171117
90.44943883,0.282659778,2.637907625,0.62282977,0.063215469
90.4540775,0.28104411,2.633619921,0.643561137,0.060855637
90.45871617,0.286860516,2.63321542,0.685925234,0.065260657
90.46335484,0.286375816,2.63248732,0.629139316,0.067069862
90.46799351,0.28080176,2.626986114,0.63004068,0.061248942
90.47263218,0.281932728,2.62310291,0.653476138,0.061563586
90.47727085,0.287991484,2.62342651,0.675108869,0.068013795
90.48190952,0.282740562,2.620271407,0.615618859,0.064395385
90.48654819,0.279913142,2.615012901,0.63725159,0.061012959
90.49118686,0.284437014,2.613313999,0.675108869,0.064238063
90.49582553,0.286214249,2.614123,0.639955681,0.067856472
90.5004642,0.280236276,2.609754395,0.623731133,0.061563586
90.50510287,0.280397843,2.605547591,0.643561137,0.060462331
90.50974154,0.286537383,2.605871191,0.683221143,0.066361912
90.51438021,0.282902129,2.60441499,0.615618859,0.065103335
90.51901888,0.279186091,2.599480085,0.634547499,0.060226348
90.52365755,0.282417428,2.597700283,0.666095231,0.062114214
90.52829622,0.286698949,2.600693586,0.660687048,0.067777811
90.53293489,0.280317059,2.600289085,0.625533861,0.062114214
90.53757356,0.279186091,2.597942983,0.646265228,0.060462331
90.54221223,0.285002498,2.598751984,0.690432053,0.065103335
90.5468509,0.28387153,2.597862083,0.628237952,0.066283251
90.55148957,0.278459041,2.592441777,0.631843407,0.060776976
90.55612824,0.28055941,2.589286674,0.65618023,0.061170281
90.56076691,0.286375816,2.589852974,0.672404778,0.067384506
90.56540558,0.28055941,2.586536071,0.613816132,0.063215469
90.57004425,0.27797434,2.582086566,0.63725159,0.059833043
90.57468292,0.282659778,2.582005666,0.67781296,0.063530113
90.57932159,0.28435623,2.583785468,0.639054318,0.067384506
90.58396026,0.27797434,2.580064064,0.626435225,0.061012959
90.58859893,0.278539824,2.578526962,0.648969319,0.06038367
90.5932376,0.284679364,2.582976467,0.688629326,0.066676556
90.59787627,0.28080176,2.58621247,0.625533861,0.064710029
90.60251494,0.276843372,2.586455171,0.648067956,0.060069026
90.60715361,0.280640193,2.590257475,0.682319779,0.062114214
90.61179228,0.284840931,2.598104783,0.669700686,0.067777811
90.61643095,0.278135907,2.602311588,0.63725159,0.062114214
90.62106962,0.277812773,2.609188095,0.66339114,0.060226348
90.62570829,0.284275447,2.625044512,0.719275694,0.065732623
90.63034696,0.282902129,2.648505537,0.679615688,0.066440573
90.63498563,0.27797434,2.683858874,0.721979786,0.060934298
90.6396243,0.281448027,2.745181139,0.797694343,0.061484925
90.64426297,0.287910701,2.810548408,0.836452986,0.067935134
90.64890164,0.282821345,2.858603059,0.785976614,0.063687435
90.65354031,0.281367244,2.892742896,0.798595707,0.06038367
90.65817898,0.286860516,2.912401616,0.809412072,0.064552707
90.66281765,0.288395401,2.920572525,0.73730297,0.067227184
90.66745632,0.282578995,2.917821922,0.710262056,0.061406264
90.67209499,0.28435623,2.91539492,0.720177058,0.06109162
90.67673366,0.292030655,2.917983722,0.743612516,0.06769915
90.68137233,0.287749134,2.916527521,0.666996595,0.064946013
90.686011,0.28435623,2.913129717,0.681418415,0.060540992
90.69064967,0.288718535,2.911592616,0.71116342,0.06329413
90.69528834,0.293161623,2.911188115,0.685925234,0.068092456
90.69992701,0.286779733,2.902936306,0.650772047,0.062271536
90.70456568,0.286618166,2.896302499,0.666996595,0.060934298
90.70920435,0.292919273,2.894199097,0.709360693,0.066125929
90.71384302,0.290980471,2.892338395,0.642659773,0.065968607
90.71848169,0.286779733,2.888455191,0.655278866,0.060698315
90.72312036,0.289445586,2.886351789,0.681418415,0.061956892
90.72775903,0.294534941,2.886918089,0.686826598,0.068013795
90.7323977,0.287991484,2.883682086,0.63725159,0.063215469
90.73703637,0.286052682,2.879798882,0.660687048,0.060776976
90.74167504,0.291465171,2.87850448,0.703051146,0.064946013
90.74631371,0.292030655,2.877290979,0.652574774,0.067620489
90.75095238,0.285891115,2.872113374,0.648067956,0.061327603
90.75559105,0.286537383,2.869686371,0.673306141,0.061248942
90.76022972,0.292919273,2.869281871,0.702149782,0.067541828
90.76486839,0.28718365,2.862000863,0.633646135,0.064552707
90.76950706,0.28387153,2.850593951,0.652574774,0.06038367
90.77414573,0.287829917,2.842503942,0.686826598,0.063372791
90.7787844,0.29073812,2.835870135,0.657081593,0.067856472
90.78342307,0.284033097,2.824220523,0.63004068,0.061720909
90.78806174,0.283467613,2.81176191,0.648067956,0.06038367
90.79270041,0.29001107,2.803995501,0.688629326,0.066361912
90.79733908,0.2869413,2.793963891,0.619224315,0.065811284
90.80197775,0.282255861,2.781019877,0.633646135,0.060698315
90.80661642,0.285002498,2.770745566,0.662489776,0.062114214
90.81125509,0.290091853,2.764192659,0.661588412,0.068013795
90.81589376,0.283467613,2.752543047,0.614717496,0.062822164
90.82053243,0.281448027,2.741378835,0.636350226,0.060305009
90.8251711,0.2869413,2.734745028,0.679615688,0.064788691
90.82980977,0.286295032,2.72730222,0.624632497,0.06691254
90.83444844,0.280640193,2.714924507,0.624632497,0.061012959
90.83908711,0.281609594,2.705216497,0.647166592,0.061248942
90.84372578,0.287829917,2.699877091,0.67060205,0.067935134
90.84836445,0.282255861,2.690897181,0.607506585,0.064238063
90.85300312,0.279186091,2.67997567,0.630942044,0.060619654
90.85764179,0.283548396,2.673180063,0.668799323,0.063687435
90.86228046,0.285971899,2.668487858,0.635448863,0.068092456
90.86691913,0.279590008,2.658618047,0.615618859,0.061956892
90.8715578,0.279024525,2.649880838,0.635448863,0.061012959
90.87619647,0.285648765,2.645835834,0.676010233,0.066440573
90.88083514,0.282336645,2.639282927,0.607506585,0.06549664
90.88547381,0.278135907,2.630222117,0.624632497,0.060540992
90.89011248,0.281124893,2.624559111,0.655278866,0.062428858
90.89475115,0.285971899,2.622051208,0.649870683,0.068249778
90.89938982,0.278862958,2.615012901,0.608407949,0.062822164
90.90402849,0.277570423,2.607812793,0.63004068,0.060619654
90.90866716,0.283306046,2.60490039,0.674207505,0.065103335
90.91330583,0.282659778,2.602068887,0.617421587,0.066597895
90.9179445,0.276843372,2.594221579,0.621928406,0.06109162
90.92258317,0.27821669,2.589610274,0.645363864,0.061406264
90.92722184,0.28435623,2.589043973,0.665193867,0.067856472
90.93186051,0.278782174,2.584109068,0.605703858,0.06400208
90.93649918,0.275793188,2.578526962,0.629139316,0.060305009
90.94113785,0.280640193,2.577313461,0.667897959,0.063923419
90.94577652,0.282417428,2.57666626,0.632744771,0.067620489
90.95041519,0.275954755,2.570841454,0.617421587,0.061878231
90.95505386,0.276681805,2.566311049,0.639054318,0.060855637
90.95969253,0.283063696,2.567524551,0.67781296,0.067069862
90.9643312,0.279509225,2.565906549,0.610210677,0.065260657
90.96896987,0.275793188,2.561214344,0.63004068,0.06038367
90.97360854,0.278782174,2.559191842,0.662489776,0.062743503
90.97824721,0.282902129,2.561699744,0.652574774,0.068092456
90.98288588,0.276520239,2.558301941,0.613816132,0.062350197
90.98752455,0.275550838,2.555308638,0.636350226,0.060462331
90.99216322,0.281771161,2.556117639,0.680517052,0.06549664
90.99680189,0.280317059,2.556764839,0.620125678,0.066519234
91.00144056,0.274823787,2.552558035,0.628237952,0.060855637
91.00607923,0.277166506,2.550940033,0.653476138,0.061720909
91.0107179,0.282982912,2.553933336,0.668799323,0.068249778
91.01535657,0.276924156,2.553286136,0.61111204,0.063923419
91.01999524,0.27466222,2.549726532,0.634547499,0.060619654
91.02463391,0.280155492,2.549888332,0.676010233,0.064238063
91.02927258,0.281528811,2.551829934,0.635448863,0.067856472
91.03391125,0.275227704,2.54770403,0.625533861,0.061642248
91.03854992,0.275954755,2.545519727,0.649870683,0.06109162
91.04318859,0.282498212,2.54851303,0.687727962,0.067384506
91.04782726,0.278297474,2.54778493,0.620125678,0.065417979
91.05246593,0.27490457,2.545277027,0.640857045,0.060462331
91.0571046,0.279024525,2.546409628,0.675108869,0.062822164
91.06174327,0.283225262,2.550940033,0.657982957,0.068092456
91.06638194,0.277004939,2.550859133,0.625533861,0.062428858
91.07102061,0.276520239,2.551263633,0.646265228,0.060698315
91.07565928,0.283548396,2.556441239,0.693136145,0.066047268
91.08029795,0.281609594,2.562427845,0.633646135,0.066597895
91.08493662,0.277166506,2.56671555,0.648969319,0.061248942
91.08957529,0.279832359,2.572863956,0.676010233,0.062192875
91.09421396,0.285891115,2.580468564,0.683221143,0.068171117
91.09885263,0.279751575,2.582329266,0.628237952,0.063844758
91.1034913,0.27797434,2.582814667,0.651673411,0.060776976
91.10812997,0.28411388,2.587911372,0.694938872,0.064946013
91.11276864,0.284679364,2.593897979,0.649870683,0.067935134
91.11740731,0.279024525,2.592522677,0.640857045,0.061563586
91.12204598,0.279993926,2.591875476,0.658884321,0.061170281
91.12668465,0.286860516,2.594626079,0.686826598,0.067620489
91.13132332,0.282013511,2.592199077,0.619224315,0.064946013
91.13596199,0.278620607,2.588073172,0.638152954,0.060776976
91.14060066,0.282821345,2.58556527,0.671503414,0.063451452
91.14523933,0.286052682,2.58548437,0.647166592,0.0684071
91.149878,0.279266875,2.579983164,0.616520223,0.062507519
91.15451667,0.279105308,2.57609996,0.636350226,0.061012959
91.15915534,0.285406415,2.575695459,0.679615688,0.066597895
91.16379401,0.283144479,2.573753857,0.612914768,0.06620459
91.16843268,0.278135907,2.568171751,0.627336589,0.060855637
91.17307135,0.280640193,2.565178448,0.655278866,0.062114214
91.17771002,0.285971899,2.566068349,0.659785685,0.068171117
91.18234869,0.279509225,2.562185145,0.61111204,0.063372791
91.18698736,0.27797434,2.55757384,0.632744771,0.060855637
91.19162603,0.283306046,2.55716934,0.676911597,0.065103335
91.1962647,0.283467613,2.557007539,0.625533861,0.067384506
91.20090337,0.277328073,2.551668134,0.623731133,0.061406264
91.20554204,0.278459041,2.549160231,0.645363864,0.061406264
91.21018071,0.284517797,2.550050132,0.672404778,0.06769915
91.21481938,0.279266875,2.54762313,0.608407949,0.064316724
91.21945805,0.276520239,2.542364624,0.63004068,0.060619654
91.22409672,0.280720976,2.540989323,0.666095231,0.063530113
91.22873539,0.283144479,2.542445524,0.63725159,0.068092456
91.23337406,0.276358672,2.537672419,0.615618859,0.062035553
91.23801273,0.276116321,2.534679116,0.635448863,0.060855637
91.2426514,0.282740562,2.535488117,0.676911597,0.066597895
91.24729007,0.279590008,2.534274615,0.609309313,0.066047268
91.25192874,0.275389271,2.52925881,0.626435225,0.060855637
91.25656741,0.278459041,2.527640808,0.654377502,0.062664841
91.26120608,0.283306046,2.530148711,0.654377502,0.068328439
91.26584475,0.276924156,2.527479008,0.609309313,0.063058147
91.27048342,0.275470054,2.524485705,0.631843407,0.060855637
91.27512209,0.281367244,2.525699206,0.676010233,0.065103335
91.27976076,0.280963327,2.526508207,0.621928406,0.067069862
91.28439943,0.275470054,2.521492402,0.62282977,0.061327603
91.2890381,0.276601022,2.5198744,0.646265228,0.061406264
91.29367677,0.282578995,2.521977802,0.667897959,0.067935134
91.29831544,0.27748964,2.5201171,0.606605222,0.064474046
91.30295411,0.27466222,2.516152996,0.63004068,0.060776976
91.30759278,0.278943741,2.515910296,0.667897959,0.06400208
91.31223145,0.281367244,2.518499099,0.634547499,0.068013795
91.31687012,0.27514692,2.515101295,0.616520223,0.06179957
91.32150879,0.275066137,2.513402393,0.638152954,0.060855637
91.32614746,0.281528811,2.516476597,0.678714324,0.066833878
91.33078613,0.278055124,2.517851898,0.61111204,0.065417979
91.3354248,0.274339086,2.516881097,0.63004068,0.060540992
91.34006347,0.277651206,2.519389,0.662489776,0.06258618
91.34470214,0.282175078,2.524081205,0.65618023,0.068013795
91.34934081,0.275873971,2.524162105,0.617421587,0.062664841
91.35397948,0.27490457,2.524566605,0.639955681,0.060540992
91.35861815,0.28104411,2.529825111,0.686826598,0.065260657
91.36325682,0.280640193,2.535083616,0.628237952,0.066755217
91.36789549,0.275470054,2.535407217,0.636350226,0.060776976
91.37253416,0.277408856,2.53840052,0.660687048,0.061720909
91.37717283,0.28387153,2.544387126,0.67781296,0.067777811
91.3818115,0.278135907,2.546005128,0.619224315,0.063687435
91.38645017,0.275873971,2.547380429,0.641758409,0.060462331
91.39108884,0.281124893,2.552881635,0.681418415,0.064159402
91.39572751,0.282578995,2.55716934,0.641758409,0.06769915
91.40036618,0.276358672,2.555308638,0.625533861,0.061484925
91.40500485,0.277004939,2.554499637,0.646265228,0.060855637
91.40964352,0.283952313,2.558301941,0.684122507,0.066991201
91.41428219,0.279670792,2.558301941,0.615618859,0.065575301
91.41892086,0.275631621,2.554661437,0.634547499,0.061012959
91.42355953,0.279590008,2.554256937,0.667897959,0.062900825
91.4281982,0.28411388,2.55708844,0.653476138,0.068249778
91.43283687,0.277651206,2.554095136,0.616520223,0.062192875
91.43747554,0.276924156,2.550373732,0.636350226,0.060540992
91.44211421,0.283144479,2.550616433,0.678714324,0.065732623
91.44675288,0.281448027,2.551020933,0.615618859,0.066755217
91.45139155,0.276358672,2.546895029,0.625533861,0.061012959
91.45603022,0.278862958,2.544791627,0.650772047,0.061878231
91.46066889,0.284275447,2.547380429,0.664292504,0.067620489
91.46530756,0.27821669,2.545357927,0.610210677,0.06329413
91.46994623,0.276439455,2.542850024,0.633646135,0.060619654
91.4745849,0.282094294,2.545681527,0.676911597,0.064788691
91.47922357,0.283306046,2.548755731,0.635448863,0.067856472
91.48386224,0.277004939,2.546814129,0.626435225,0.061406264
91.48850091,0.27797434,2.545438827,0.647166592,0.061327603
91.49313958,0.284679364,2.54786583,0.678714324,0.06769915
91.49777825,0.280074709,2.547380429,0.613816132,0.065339318
91.50241692,0.277328073,2.545600627,0.634547499,0.060934298
91.50705559,0.281124893,2.546814129,0.668799323,0.063608774
91.51169426,0.284517797,2.549807432,0.649870683,0.068485761
91.51633293,0.27821669,2.54786583,0.619224315,0.062428858
91.5209716,0.277893557,2.547056829,0.639955681,0.061170281
91.52561027,0.28459858,2.550373732,0.684122507,0.066755217
91.53024894,0.282659778,2.550940033,0.618322951,0.06691254
91.53488761,0.278055124,2.546814129,0.630942044,0.061170281
91.53952628,0.280397843,2.545762428,0.657982957,0.062428858
91.54416495,0.285810332,2.549888332,0.664292504,0.068328439
91.54880362,0.279590008,2.54794673,0.612914768,0.063687435
91.55344229,0.27773199,2.543901726,0.633646135,0.060776976
91.55808096,0.283467613,2.543982626,0.676010233,0.064946013
91.56271963,0.284194663,2.545277027,0.625533861,0.067935134
91.5673583,0.277328073,2.541312923,0.620125678,0.061720909
91.57199697,0.27821669,2.53856232,0.640857045,0.061720909
91.57663564,0.284517797,2.539856721,0.67060205,0.06769915
91.58127431,0.280074709,2.537996019,0.604802494,0.065103335
91.58591298,0.276439455,2.534760016,0.627336589,0.060855637
91.59055165,0.280397843,2.534436416,0.66339114,0.063687435
91.59519032,0.282740562,2.536863418,0.63725159,0.0684071
91.59982899,0.276601022,2.534031915,0.610210677,0.062271536
91.60446766,0.276035538,2.531928513,0.630942044,0.061170281
91.60910633,0.282255861,2.534921816,0.675108869,0.066833878
91.613745,0.279590008,2.536216217,0.607506585,0.066283251
91.61838367,0.274823787,2.533222914,0.621928406,0.061327603
91.62302234,0.277651206,2.533142014,0.649870683,0.062743503
91.62766101,0.282659778,2.536216217,0.650772047,0.0684071
91.63229968,0.276035538,2.533708315,0.602999766,0.063058147
91.63693835,0.274177519,2.531685813,0.625533861,0.060540992
91.64157702,0.280155492,2.533951015,0.67060205,0.065260657
91.64621569,0.279590008,2.536378018,0.617421587,0.067148523
91.65085436,0.273935169,2.533222914,0.617421587,0.060934298
91.65549303,0.275066137,2.532333013,0.639955681,0.061484925
91.6601317,0.281367244,2.535245416,0.665193867,0.06769915
91.66477037,0.276358672,2.533789215,0.602999766,0.064552707
91.66940904,0.272884985,2.530229611,0.626435225,0.060540992
91.67404771,0.27748964,2.529744211,0.66339114,0.063530113
91.67868638,0.279509225,2.531847613,0.632744771,0.068092456
91.68332505,0.272884985,2.527317208,0.61111204,0.061720909
91.68796372,0.273046552,2.524162105,0.630942044,0.061012959
91.69260239,0.279913142,2.525213806,0.671503414,0.066676556
91.69724106,0.276277888,2.524728405,0.60390113,0.065653962
91.70187973,0.272238717,2.5201171,0.62282977,0.060776976
91.7065184,0.275066137,2.518337298,0.652574774,0.062350197
91.71115707,0.280236276,2.521168801,0.648969319,0.068013795
91.71579574,0.274339086,2.5200362,0.610210677,0.062900825
91.72043441,0.272723418,2.5195508,0.633646135,0.060619654
91.72507308,0.279186091,2.522220503,0.676911597,0.065260657
91.72971175,0.278782174,2.523838504,0.618322951,0.067541828
91.73435042,0.273127335,2.5196317,0.621027042,0.061484925
91.73898909,0.274581436,2.517123797,0.643561137,0.061720909
91.74362776,0.281205677,2.518499099,0.662489776,0.068171117
91.74826643,0.275308487,2.515505795,0.601197039,0.064080741
91.7529051,0.272723418,2.511622591,0.623731133,0.060540992
91.75754377,0.27773199,2.511056291,0.66339114,0.064238063
91.76218244,0.279428442,2.512836093,0.629139316,0.068013795
91.76682111,0.272965768,2.508629288,0.613816132,0.061720909
91.77145978,0.273369685,2.505555085,0.633646135,0.060855637
91.77609845,0.280074709,2.507011286,0.671503414,0.067148523
91.78073712,0.276601022,2.505069684,0.602999766,0.065653962
91.78537579,0.272400284,2.50062018,0.621928406,0.060619654
91.79001446,0.276197105,2.498921278,0.652574774,0.062743503
91.79465313,0.280155492,2.50078198,0.642659773,0.068171117
91.7992918,0.273450469,2.496656075,0.60390113,0.062350197
91.80393047,0.272561851,2.492853771,0.625533861,0.060540992
91.80856914,0.279347658,2.494229073,0.669700686,0.065732623
91.81320781,0.27821669,2.494390873,0.610210677,0.066833878
91.81784648,0.272723418,2.490264969,0.618322951,0.061170281
91.82248515,0.275389271,2.488970567,0.642659773,0.061642248
91.82712382,0.281367244,2.49180207,0.657982957,0.067856472
91.83176249,0.275389271,2.49107397,0.602098403,0.063687435
91.83640116,0.273288902,2.488404267,0.625533861,0.060776976
91.84103983,0.278459041,2.489941368,0.665193867,0.064552707
91.8456785,0.279832359,2.493096472,0.625533861,0.068171117
91.85031717,0.273935169,2.49188297,0.614717496,0.06179957
91.85495584,0.27441987,2.49147847,0.635448863,0.061248942
91.85959451,0.28080176,2.496089775,0.672404778,0.067384506
91.86423318,0.276843372,2.497869577,0.607506585,0.065339318
91.86887185,0.273208118,2.497303276,0.629139316,0.060698315
91.87351052,0.27748964,2.50062018,0.665193867,0.063215469
91.87814919,0.281528811,2.507092187,0.651673411,0.068171117
91.88278786,0.274500653,2.507901187,0.617421587,0.062743503
91.88742653,0.274339086,2.507739387,0.640857045,0.060934298
91.8920652,0.280720976,2.512269792,0.684122507,0.066519234
91.89670387,0.279347658,2.515991196,0.621027042,0.067069862
91.90134254,0.274500653,2.514615895,0.631843407,0.061327603
91.90598121,0.277812773,2.516476597,0.65618023,0.062350197
91.91061988,0.283306046,2.522220503,0.666996595,0.068485761
91.91525855,0.277247289,2.521977802,0.612013404,0.063844758
91.91989722,0.275712404,2.5201171,0.635448863,0.060776976
91.92453589,0.28104411,2.522786803,0.676911597,0.064788691
91.92917456,0.282336645,2.526265507,0.630942044,0.067935134
91.93381323,0.276762589,2.524566605,0.621928406,0.061563586
91.9384519,0.277328073,2.523757604,0.642659773,0.061248942
91.94309057,0.283790746,2.528207109,0.674207505,0.067620489
91.94772924,0.279186091,2.528207109,0.606605222,0.064867352
91.95236791,0.275631621,2.525456506,0.628237952,0.060776976
91.95700658,0.279347658,2.526022807,0.66339114,0.063530113
91.96164525,0.282902129,2.530148711,0.642659773,0.068643083
91.96628392,0.276520239,2.528045309,0.613816132,0.062822164
91.97092259,0.275712404,2.526265507,0.634547499,0.06109162
91.97556126,0.282094294,2.528530709,0.679615688,0.066519234
91.98019993,0.280074709,2.52901611,0.612914768,0.066597895
91.9848386,0.275308487,2.526184607,0.625533861,0.061170281
91.98947727,0.27773199,2.525780106,0.654377502,0.062428858
91.99411594,0.283144479,2.52901611,0.660687048,0.068564422
91.99875461,0.276358672,2.528126209,0.610210677,0.063923419
92.00339328,0.27466222,2.526184607,0.633646135,0.061406264
92.00803195,0.280236276,2.527964409,0.676010233,0.065417979
92.01267062,0.280640193,2.529986911,0.626435225,0.06769915
92.01730929,0.27490457,2.527479008,0.621928406,0.061563586
92.02194796,0.276116321,2.526589107,0.6444625,0.061484925
92.02658663,0.282659778,2.530391411,0.674207505,0.067935134
92.0312253,0.27748964,2.531928513,0.612914768,0.064631368
92.03586397,0.274581436,2.530957712,0.635448863,0.061012959
92.04050264,0.278782174,2.533222914,0.674207505,0.063530113
92.04514131,0.281932728,2.537267919,0.647166592,0.068485761
92.04977998,0.275470054,2.536216217,0.624632497,0.062428858
92.05441865,0.27514692,2.536054417,0.647166592,0.061248942
92.05905732,0.282175078,2.541636523,0.694037508,0.067148523
92.06369599,0.279024525,2.545843328,0.627336589,0.066361912
92.06833466,0.274581436,2.545357927,0.6444625,0.06109162
92.07297333,0.277570423,2.548755731,0.676010233,0.062664841
92.077612,0.282740562,2.55708844,0.680517052,0.068249778
92.08225067,0.276116321,2.560728943,0.63725159,0.063451452
92.08688934,0.275470054,2.563398646,0.660687048,0.06109162
92.09152801,0.281448027,2.569385253,0.70395251,0.06549664
92.09616668,0.281367244,2.574401058,0.647166592,0.067541828
92.10080535,0.275227704,2.574239258,0.648067956,0.061642248
92.10544402,0.277166506,2.57642356,0.674207505,0.06179957
92.11008269,0.283790746,2.584028168,0.701248419,0.068328439
92.11472136,0.278539824,2.588234973,0.645363864,0.064867352
92.11936003,0.275631621,2.593493478,0.680517052,0.060776976
92.1239987,0.280236276,2.60441499,0.726486605,0.063923419
92.12863737,0.282982912,2.618006204,0.699445691,0.068171117
92.13327604,0.277166506,2.624073711,0.679615688,0.062114214
92.13791471,0.277166506,2.628361415,0.695840236,0.061248942
92.14255338,0.284033097,2.636046923,0.735500242,0.067148523
92.14719205,0.280478626,2.639525627,0.665193867,0.065889946
92.15183072,0.276601022,2.638554826,0.681418415,0.06109162
92.15646939,0.280317059,2.640900928,0.71116342,0.062664841
92.16110806,0.284679364,2.646725735,0.701248419,0.0684071
92.16574673,0.278378257,2.644541432,0.653476138,0.063215469
92.1703854,0.276924156,2.64219533,0.671503414,0.06109162
92.17502407,0.283629179,2.645026833,0.712966148,0.06549664
92.17966274,0.283063696,2.648181936,0.654377502,0.067541828
92.18430141,0.278055124,2.645997634,0.658884321,0.061720909
92.18894008,0.280155492,2.644703233,0.678714324,0.062114214
92.19357875,0.286052682,2.646402134,0.694938872,0.068249778
92.19821742,0.28080176,2.643813332,0.632744771,0.064474046
92.20285609,0.278297474,2.639282927,0.654377502,0.06109162
92.20749476,0.28387153,2.637664925,0.691333417,0.064474046
92.21213343,0.286052682,2.637907625,0.651673411,0.067935134
92.2167721,0.279913142,2.631840119,0.634547499,0.061878231
92.22141077,0.28055941,2.627390614,0.654377502,0.061248942
92.22604944,0.287749134,2.627147914,0.691333417,0.067148523
92.23068811,0.283709963,2.624801811,0.621027042,0.06549664
92.23532678,0.279428442,2.619138805,0.639054318,0.061012959
92.23996545,0.283386829,2.615660102,0.667897959,0.062900825
92.24460412,0.287345217,2.615417401,0.655278866,0.0684071
92.24924279,0.280963327,2.609511695,0.617421587,0.06258618
92.25388146,0.279751575,2.60506219,0.639054318,0.060855637
92.25852013,0.285891115,2.605143091,0.684122507,0.066047268
92.2631588,0.28459858,2.60481949,0.621928406,0.066833878
92.26779747,0.279186091,2.599560985,0.629139316,0.061406264
92.27243614,0.28080176,2.596324981,0.652574774,0.062035553
92.27707481,0.2869413,2.597295782,0.666095231,0.068485761
92.28171348,0.281124893,2.593817079,0.610210677,0.06400208
92.28635215,0.278620607,2.589367574,0.633646135,0.060934298
92.29099082,0.283548396,2.588558573,0.672404778,0.064788691
92.29562949,0.285002498,2.588154073,0.63004068,0.068013795
92.30026816,0.278620607,2.582895567,0.620125678,0.061956892
92.30490683,0.278943741,2.578850563,0.639955681,0.061563586
92.3095455,0.285487198,2.579983164,0.675108869,0.068013795
92.31418417,0.281124893,2.577879762,0.608407949,0.065889946
92.31882284,0.277408856,2.572621256,0.629139316,0.061248942
92.32346151,0.281367244,2.570194253,0.661588412,0.063372791
92.32810018,0.285164064,2.571084154,0.6444625,0.0684071
92.33273885,0.278620607,2.56663465,0.612013404,0.062507519
92.33737752,0.277812773,2.563155946,0.632744771,0.061012959
92.34201619,0.284194663,2.563964947,0.678714324,0.066125929
92.34665486,0.282255861,2.564126747,0.615618859,0.066833878
92.35129353,0.277812773,2.561133444,0.628237952,0.06109162
92.3559322,0.279832359,2.561537944,0.655278866,0.062271536
92.36057087,0.285325631,2.565825649,0.66339114,0.068564422
92.36520954,0.279509225,2.564773948,0.612013404,0.063608774
92.36984821,0.27773199,2.563317746,0.634547499,0.060855637
92.37448688,0.283386829,2.564854848,0.676911597,0.065024674
92.37912555,0.28411388,2.56712005,0.629139316,0.067777811
92.38376422,0.278135907,2.564045847,0.621928406,0.061406264
92.38840289,0.279105308,2.561295244,0.642659773,0.061406264
92.39304156,0.285406415,2.562832346,0.673306141,0.068249778
92.39768023,0.280882543,2.560405343,0.608407949,0.065103335
92.4023189,0.27773199,2.554661437,0.629139316,0.061012959
92.40695757,0.281528811,2.552719835,0.664292504,0.063687435
92.41159624,0.284760147,2.553690636,0.641758409,0.068171117
92.41623491,0.27821669,2.549645632,0.612914768,0.062271536
92.42087358,0.277651206,2.546490528,0.633646135,0.06109162
92.42551225,0.284033097,2.54827033,0.67781296,0.066440573
92.43015092,0.281690377,2.54835123,0.61111204,0.066283251
92.43478959,0.276439455,2.545924228,0.627336589,0.060855637
92.43942826,0.279347658,2.546975929,0.65618023,0.062350197
92.44406693,0.284275447,2.551506334,0.661588412,0.068328439
92.4487056,0.277651206,2.551182733,0.613816132,0.063530113
92.45334427,0.276439455,2.550697333,0.635448863,0.060855637
92.45798294,0.282013511,2.553609736,0.679615688,0.065339318
92.46262161,0.282094294,2.557007539,0.628237952,0.067541828
92.46726028,0.276439455,2.556764839,0.628237952,0.061170281
92.47189895,0.27773199,2.558544641,0.654377502,0.061327603
92.47653762,0.284275447,2.564935748,0.682319779,0.067777811
92.48117629,0.279347658,2.56647285,0.619224315,0.064395385
92.48581496,0.276277888,2.566230149,0.641758409,0.060776976
92.49045363,0.280478626,2.567767251,0.676911597,0.063766097
92.4950923,0.283386829,2.570194253,0.645363864,0.068092456
92.49973097,0.277004939,2.56655375,0.621928406,0.061878231
92.50436964,0.276924156,2.564045847,0.640857045,0.060934298
92.50900831,0.283629179,2.56655375,0.684122507,0.066676556
92.51364698,0.280882543,2.56703915,0.617421587,0.065968607
92.51828565,0.276439455,2.565340248,0.634547499,0.060698315
92.52292432,0.279751575,2.565825649,0.664292504,0.062900825
92.52756299,0.284679364,2.571650455,0.66339114,0.068643083
92.53220166,0.278459041,2.573834757,0.625533861,0.063372791
92.53684033,0.277651206,2.582571967,0.657081593,0.060855637
92.541479,0.284517797,2.603282389,0.71116342,0.065653962
92.54611767,0.285406415,2.626662513,0.668799323,0.067148523
92.55075634,0.28080176,2.636694124,0.666996595,0.061406264
92.55539501,0.282417428,2.64268073,0.685023871,0.061878231
92.56003368,0.288637751,2.647130235,0.699445691,0.068485761
92.56467235,0.283386829,2.645350433,0.631843407,0.064631368
92.56931102,0.280478626,2.639768327,0.649870683,0.060619654
92.57394969,0.285406415,2.637341325,0.684122507,0.063923419
92.57858836,0.287264433,2.635642423,0.646265228,0.068013795
92.58322703,0.280882543,2.629494016,0.627336589,0.061956892
92.5878657,0.280720976,2.625125412,0.645363864,0.06109162
92.59250437,0.287587567,2.625449012,0.685023871,0.067148523
92.59714304,0.28387153,2.62375011,0.615618859,0.065968607
92.60178171,0.279509225,2.618896105,0.634547499,0.060698315
92.60642038,0.282498212,2.618410705,0.667897959,0.062428858
92.61105905,0.28718365,2.621889408,0.662489776,0.068249778
92.61569772,0.280397843,2.618653405,0.621027042,0.062979486
92.62033639,0.279105308,2.613313999,0.639955681,0.06109162
92.62497506,0.285406415,2.612343198,0.683221143,0.065732623
92.62961373,0.284194663,2.610401596,0.62282977,0.067069862
92.6342524,0.278943741,2.60449589,0.627336589,0.061012959
92.63889107,0.28055941,2.601502587,0.653476138,0.062035553
92.64352974,0.286779733,2.604091389,0.671503414,0.068092456
92.64816841,0.28104411,2.603444189,0.613816132,0.063766097
92.65280708,0.278701391,2.600369985,0.635448863,0.060934298
92.65744575,0.283629179,2.599237384,0.675108869,0.064159402
92.66208442,0.285244848,2.599722785,0.634547499,0.067856472
92.66672309,0.279105308,2.59511148,0.621928406,0.061484925
92.67136176,0.279428442,2.591470976,0.642659773,0.060934298
92.67600043,0.286214249,2.593817079,0.678714324,0.066991201
92.6806391,0.282336645,2.592279977,0.612013404,0.065260657
92.68527777,0.278378257,2.589124874,0.633646135,0.060540992
92.68991644,0.282417428,2.589529374,0.668799323,0.06258618
92.69455511,0.286537383,2.594059779,0.657081593,0.068092456
92.69919378,0.280074709,2.594221579,0.62282977,0.062428858
92.70383245,0.279751575,2.595920481,0.647166592,0.060698315
92.70847112,0.286133465,2.602149787,0.694938872,0.065968607
92.71310979,0.285729548,2.612585898,0.641758409,0.066833878
92.71774846,0.282175078,2.628442315,0.67060205,0.06109162
92.72238713,0.286052682,2.647372935,0.703051146,0.061878231
92.7270258,0.292515356,2.67051036,0.726486605,0.068249778
92.73166447,0.287749134,2.688146579,0.672404778,0.063766097
92.73630314,0.286295032,2.696802888,0.687727962,0.061012959
92.74094181,0.292030655,2.701090592,0.719275694,0.064788691
92.74558048,0.292757706,2.703032194,0.665193867,0.067935134
92.75021915,0.286375816,2.69882539,0.648969319,0.061248942
92.75485782,0.28718365,2.694375885,0.665193867,0.061406264
92.75949649,0.293403973,2.695265786,0.697642964,0.067620489
92.76413516,0.289122452,2.697207388,0.635448863,0.064946013
92.76877383,0.285567982,2.705863697,0.672404778,0.060540992
92.7734125,0.289849503,2.721234714,0.710262056,0.063058147
92.77805117,0.29356554,2.733936027,0.692234781,0.068249778
92.78268984,0.286618166,2.734987728,0.657982957,0.062428858
92.78732851,0.285810332,2.733288826,0.67060205,0.060619654
92.79196718,0.291949872,2.732884326,0.708459329,0.066361912
92.79660585,0.289768719,2.731428124,0.640857045,0.066755217
92.80124452,0.284921714,2.72714042,0.652574774,0.061327603
92.80588319,0.286860516,2.725684218,0.678714324,0.062350197
92.81052186,0.292192222,2.72730222,0.684122507,0.068721744
92.81516053,0.285891115,2.724470717,0.632744771,0.06400208
92.8197992,0.283548396,2.722933615,0.657982957,0.061012959
92.82443787,0.288960885,2.729082022,0.705755238,0.064946013
92.82907654,0.289203235,2.737414731,0.662489776,0.067935134
92.83371521,0.283790746,2.749549744,0.672404778,0.061956892
92.83835388,0.284194663,2.770907366,0.705755238,0.061563586
92.84299255,0.291465171,2.799222396,0.74451388,0.067935134
92.84763122,0.286537383,2.819285618,0.672404778,0.064946013
92.85226989,0.283225262,2.824544123,0.682319779,0.060855637
92.85690856,0.287506784,2.822845221,0.707557965,0.063766097
92.86154723,0.29025342,2.818233917,0.67060205,0.068564422
92.8661859,0.283306046,2.806988805,0.636350226,0.062192875
92.87082457,0.282982912,2.795743693,0.652574774,0.060855637
92.87546324,0.289364802,2.787815484,0.692234781,0.066519234
92.88010191,0.285971899,2.778673775,0.621027042,0.066125929
92.88474058,0.281528811,2.765891561,0.634547499,0.061012959
92.88937925,0.284437014,2.756264451,0.662489776,0.062114214
92.89401792,0.289687936,2.750601445,0.66339114,0.068092456
92.89865659,0.283144479,2.740408034,0.615618859,0.062979486
92.90329526,0.281528811,2.730376423,0.636350226,0.060305009
92.90793393,0.287506784,2.726088719,0.680517052,0.064867352
92.9125726,0.287587567,2.722529115,0.628237952,0.067148523
92.91721127,0.281932728,2.714843607,0.630942044,0.060934298
92.92184994,0.283709963,2.710555902,0.655278866,0.06109162
92.92648861,0.291142037,2.712659305,0.684122507,0.06769915
92.93112728,0.287506784,2.713791906,0.628237952,0.06400208
92.93576595,0.286537383,2.714520007,0.655278866,0.060540992
92.94040462,0.29356554,2.722043715,0.697642964,0.063608774
92.94504329,0.297200794,2.731428124,0.669700686,0.06769915
92.94968196,0.291707521,2.735311329,0.647166592,0.06179957
92.95432063,0.291303604,2.737657431,0.665193867,0.060540992
92.9589593,0.297847061,2.742673236,0.707557965,0.066676556
92.96359797,0.294131024,2.743886738,0.639955681,0.065811284
92.96823664,0.289687936,2.741459735,0.657081593,0.061012959
92.97287531,0.292676922,2.741783335,0.685925234,0.062192875
92.97751398,0.296958444,2.744695739,0.678714324,0.067935134
92.98215265,0.29025342,2.740731634,0.632744771,0.062507519
92.98679132,0.288718535,2.737333831,0.654377502,0.06038367
92.99142999,0.294615724,2.738870932,0.699445691,0.065181996
92.99606866,0.293888674,2.738870932,0.641758409,0.06691254
93.00070733,0.288314618,2.733127026,0.643561137,0.060776976
93.005346,0.289041669,2.72754492,0.66339114,0.061170281
93.00998467,0.295100425,2.725117918,0.682319779,0.067777811
93.01462334,0.289284019,2.71824141,0.618322951,0.063923419
93.01926201,0.285891115,2.709423301,0.638152954,0.060462331
93.02390068,0.29073812,2.703193995,0.674207505,0.063451452
93.02853935,0.291869088,2.69890629,0.635448863,0.067384506
93.03317802,0.285325631,2.688470179,0.617421587,0.061327603
93.03781669,0.285002498,2.68021837,0.636350226,0.060619654
93.04245536,0.291303604,2.676496966,0.674207505,0.066597895
93.04709403,0.287506784,2.67042946,0.605703858,0.065417979
93.0517327,0.283306046,2.661854051,0.625533861,0.060462331
93.05637137,0.286295032,2.656595545,0.657982957,0.062350197
93.06101004,0.290334203,2.654492143,0.647166592,0.06769915
93.06564871,0.283467613,2.647372935,0.608407949,0.062114214
93.07028738,0.282094294,2.640820028,0.629139316,0.06038367
93.07492605,0.288233834,2.637503125,0.673306141,0.065181996
93.07956472,0.286618166,2.633619921,0.612013404,0.066361912
93.08420339,0.281448027,2.626500713,0.620125678,0.060619654
93.08884206,0.282821345,2.622051208,0.645363864,0.06109162
93.09348073,0.288718535,2.621970308,0.661588412,0.067620489
93.0981194,0.282498212,2.616550003,0.604802494,0.063608774
93.10275807,0.279913142,2.609835296,0.628237952,0.06038367
93.10739674,0.285002498,2.607650993,0.667897959,0.064080741
93.11203541,0.286295032,2.606841992,0.627336589,0.067856472
93.11667408,0.280074709,2.600127285,0.615618859,0.061563586
93.12131275,0.280074709,2.59551598,0.636350226,0.060619654
93.12595142,0.286779733,2.596324981,0.672404778,0.066833878
93.13059009,0.282336645,2.592846278,0.605703858,0.064788691
93.13522876,0.278378257,2.587264172,0.625533861,0.06038367
93.13986743,0.281932728,2.58540347,0.658884321,0.06258618
93.1445061,0.285729548,2.586616971,0.642659773,0.067935134
93.14914477,0.279347658,2.582895567,0.610210677,0.061878231
93.15378344,0.278862958,2.579012363,0.632744771,0.06038367
93.15842211,0.285567982,2.580144964,0.678714324,0.065339318
93.16306078,0.283548396,2.580873065,0.615618859,0.066125929
93.16769945,0.278620607,2.577313461,0.628237952,0.060462331
93.17233812,0.280963327,2.577151661,0.653476138,0.061484925
93.17697679,0.287022083,2.579821364,0.665193867,0.067384506
93.18161546,0.280963327,2.578203362,0.61111204,0.063058147
93.18625413,0.278782174,2.574643758,0.632744771,0.060226348
93.1908928,0.28459858,2.575776359,0.676010233,0.06400208
93.19553147,0.285729548,2.576828061,0.63004068,0.067069862
93.20017014,0.279266875,2.572944856,0.621928406,0.061248942
93.20480881,0.280397843,2.570275154,0.642659773,0.061012959
93.20944748,0.28718365,2.572459456,0.675108869,0.067227184
93.21408615,0.282417428,2.571650455,0.609309313,0.064552707
93.21872482,0.279428442,2.568899852,0.631843407,0.060305009
93.22336349,0.283952313,2.569627953,0.666996595,0.06258618
93.22800216,0.286860516,2.574158358,0.647166592,0.067620489
93.23264083,0.280236276,2.573430257,0.618322951,0.062114214
93.2372795,0.279751575,2.574320158,0.640857045,0.060540992
93.24191817,0.286860516,2.580630365,0.687727962,0.065811284
93.24655684,0.284679364,2.58613157,0.624632497,0.065811284
93.25119551,0.280155492,2.588882173,0.639955681,0.060540992
93.25583418,0.282740562,2.595839581,0.673306141,0.061956892
93.26047285,0.288314618,2.607489193,0.680517052,0.067777811
93.26511152,0.282740562,2.611695997,0.63004068,0.06258618
93.26975019,0.281609594,2.612585898,0.649870683,0.060462331
93.27438886,0.287345217,2.616469103,0.689530689,0.064552707
93.27902753,0.28766835,2.619947806,0.638152954,0.066833878
93.2836662,0.282013511,2.618329805,0.634547499,0.060776976
93.28830487,0.282902129,2.618977005,0.655278866,0.060540992
93.29294354,0.289445586,2.62342651,0.681418415,0.067148523
93.29758221,0.284679364,2.62375011,0.617421587,0.064159402
93.30222088,0.281205677,2.622051208,0.63725159,0.060147687
93.30685955,0.285729548,2.62358831,0.674207505,0.06329413
93.31149822,0.288637751,2.626824314,0.647166592,0.067856472
93.31613689,0.282094294,2.624963612,0.62282977,0.061878231
93.32077556,0.281932728,2.624478211,0.642659773,0.060226348
93.32541423,0.288799318,2.627956915,0.685023871,0.066361912
93.3300529,0.285810332,2.627795115,0.616520223,0.065968607
93.33469157,0.281205677,2.623992811,0.632744771,0.060698315
93.33933024,0.28387153,2.62326471,0.658884321,0.062114214
93.34396891,0.289364802,2.625206312,0.657982957,0.068013795
93.34860758,0.282821345,2.621727608,0.61111204,0.062743503
93.35324625,0.281124893,2.617439904,0.632744771,0.06038367
93.35788492,0.287022083,2.617763504,0.676010233,0.064946013
93.36252359,0.286779733,2.617520804,0.621928406,0.06691254
93.36716226,0.281124893,2.612019598,0.62282977,0.060855637
93.37180093,0.282175078,2.608702694,0.645363864,0.061170281
93.3764396,0.288233834,2.609188095,0.668799323,0.067777811
93.38107827,0.283225262,2.605547591,0.606605222,0.064159402
93.38571694,0.280317059,2.599965485,0.628237952,0.060226348
93.39035561,0.285083281,2.597700283,0.666095231,0.063451452
93.39499428,0.287022083,2.598185683,0.632744771,0.067935134
93.39963295,0.280397843,2.592846278,0.613816132,0.06179957
93.40427162,0.280397843,2.588477673,0.633646135,0.060619654
93.40891029,0.286618166,2.588963073,0.676010233,0.066361912
93.41354896,0.283790746,2.587264172,0.609309313,0.065575301
93.41818763,0.279993926,2.582571967,0.63004068,0.060462331
93.4228263,0.283467613,2.580306764,0.660687048,0.062192875
93.42746497,0.288153051,2.581520265,0.652574774,0.067935134
93.43210364,0.281448027,2.577232561,0.610210677,0.062743503
93.43674231,0.279913142,2.573996558,0.630942044,0.060462331
93.44138098,0.286133465,2.574239258,0.675108869,0.065339318
93.44601965,0.285244848,2.574158358,0.617421587,0.066597895
93.45065832,0.279590008,2.570032453,0.621928406,0.060855637
93.45529699,0.281124893,2.56728185,0.646265228,0.061327603
93.45993566,0.28718365,2.568657152,0.665193867,0.06769915
93.46457433,0.281367244,2.56703915,0.606605222,0.064080741
93.469213,0.279186091,2.563641347,0.630942044,0.060462331
93.47385167,0.28411388,2.564450347,0.67060205,0.063844758
93.47849034,0.286052682,2.56663465,0.633646135,0.067777811
93.48312901,0.279266875,2.563641347,0.620125678,0.061720909
93.48776768,0.279266875,2.562508745,0.642659773,0.060934298
93.49240635,0.286537383,2.56679645,0.682319779,0.067227184
93.49704502,0.283225262,2.568899852,0.616520223,0.06549664
93.50168369,0.279590008,2.568333552,0.63725159,0.060855637
93.50632236,0.283063696,2.570194253,0.669700686,0.062900825
93.51096103,0.287991484,2.574077458,0.658884321,0.068800405
93.5155997,0.281528811,2.572863956,0.621027042,0.063530113
93.52023837,0.280963327,2.570922354,0.642659773,0.062035553
93.52487704,0.28766835,2.573592057,0.686826598,0.067463167
93.52951571,0.286375816,2.575290959,0.627336589,0.068721744
93.53415438,0.281528811,2.572783056,0.636350226,0.063687435
93.53879305,0.28411388,2.573268457,0.662489776,0.064946013
93.54343172,0.290091853,2.578365162,0.679615688,0.072576137
93.54807039,0.284517797,2.579255063,0.624632497,0.068879066
93.55270906,0.282498212,2.578931463,0.646265228,0.065968607
93.55734773,0.28766835,2.582571967,0.685925234,0.070137644
93.5619864,0.289041669,2.587830472,0.643561137,0.07352007
93.56662507,0.282740562,2.587506872,0.632744771,0.067305845
93.57126374,0.283548396,2.587425972,0.653476138,0.067148523
93.57590241,0.290414987,2.592927178,0.686826598,0.073048103
93.58054108,0.286133465,2.597376682,0.621928406,0.070452288
93.58517975,0.282659778,2.599237384,0.6444625,0.065889946
93.58981842,0.286375816,2.603929589,0.676911597,0.068092456
93.59445709,0.290657337,2.610806097,0.659785685,0.073362748
93.59909576,0.284275447,2.611129697,0.627336589,0.067227184
93.60373443,0.283225262,2.613233099,0.648067956,0.065417979
93.6083731,0.289849503,2.619947806,0.692234781,0.070530949
93.61301177,0.288153051,2.624801811,0.63004068,0.070924254
93.61765044,0.282902129,2.628523215,0.646265228,0.065024674
93.62228911,0.286456599,2.638473926,0.679615688,0.065968607
93.62692778,0.292676922,2.654168543,0.6967416,0.072261493
93.63156645,0.286860516,2.665332754,0.650772047,0.067148523
93.63620512,0.285325631,2.674150864,0.675108869,0.064238063
93.64084379,0.29380789,2.685315076,0.721979786,0.068013795
93.64548246,0.298008628,2.697288288,0.680517052,0.070924254
93.65012113,0.293646323,2.701656893,0.674207505,0.064631368
93.6547598,0.294777291,2.706672698,0.690432053,0.064631368
93.65939847,0.301724665,2.715248107,0.714768875,0.071081577
93.66403714,0.29687766,2.718888611,0.6444625,0.067856472
93.66867581,0.293000056,2.720749313,0.662489776,0.063451452
93.67331448,0.296796877,2.725117918,0.694037508,0.065811284
93.67795315,0.29970508,2.729567423,0.666095231,0.070845593
93.68259182,0.293000056,2.72705952,0.635448863,0.064631368
93.68723049,0.292030655,2.726574119,0.655278866,0.063136808
93.69186916,0.298493329,2.731509025,0.699445691,0.068564422
93.69650783,0.295585125,2.734664128,0.630942044,0.068328439
93.7011465,0.290334203,2.732479826,0.6444625,0.062900825
93.70578517,0.292838489,2.731994425,0.67060205,0.064159402
93.71042384,0.297766278,2.734421428,0.672404778,0.070058983
93.71506251,0.291465171,2.731832625,0.623731133,0.064946013
93.71970118,0.289364802,2.728353921,0.645363864,0.062664841
93.72433985,0.295100425,2.728192121,0.687727962,0.066755217
93.72897852,0.295181208,2.728596621,0.636350226,0.068643083
93.73361719,0.288960885,2.724956118,0.633646135,0.062743503
93.73825586,0.290091853,2.723176316,0.65618023,0.06258618
93.74289453,0.296554527,2.725846019,0.685023871,0.06911505
93.7475332,0.291626738,2.724632517,0.62282977,0.065811284
93.75217187,0.288233834,2.721720114,0.645363864,0.061878231
93.75681054,0.292757706,2.721477414,0.682319779,0.064710029
93.76144921,0.295423559,2.722610015,0.653476138,0.069665677
93.76608788,0.288718535,2.719212212,0.630942044,0.063215469
93.77072655,0.287991484,2.717027909,0.651673411,0.062350197
93.77536522,0.294615724,2.719050411,0.694037508,0.067856472
93.78000389,0.291465171,2.718322311,0.625533861,0.06691254
93.78464256,0.287102866,2.713711006,0.6444625,0.061563586
93.78928123,0.29049577,2.710879503,0.672404778,0.06329413
93.7939199,0.295019642,2.711364903,0.668799323,0.069351033
93.79855857,0.288233834,2.706510898,0.621928406,0.063923419
93.80319724,0.286537383,2.701333293,0.641758409,0.061563586
93.80783591,0.292596139,2.700686092,0.686826598,0.065811284
93.81247458,0.293000056,2.700038891,0.632744771,0.067856472
93.81711325,0.286618166,2.695993887,0.635448863,0.061878231
93.82175192,0.288153051,2.693081484,0.657982957,0.06258618
93.82639059,0.294454158,2.695508486,0.679615688,0.068800405
93.83102926,0.289122452,2.695265786,0.619224315,0.065339318
93.83566793,0.286133465,2.693485984,0.643561137,0.061720909
93.8403066,0.290899687,2.695346686,0.682319779,0.064552707
93.84494527,0.29332319,2.699796191,0.651673411,0.0684071
93.84958394,0.287022083,2.698339989,0.632744771,0.062350197
93.85422261,0.287022083,2.697288288,0.652574774,0.061484925
93.85886128,0.294211807,2.701009692,0.692234781,0.067777811
93.86349995,0.290657337,2.701899593,0.623731133,0.066519234
93.86813862,0.286537383,2.700362492,0.641758409,0.061484925
93.87277729,0.290334203,2.702304094,0.675108869,0.062979486
93.87741596,0.295100425,2.709827802,0.674207505,0.068721744
93.88205463,0.289445586,2.716785209,0.640857045,0.06329413
93.8866933,0.288637751,2.725765118,0.668799323,0.061327603
93.89133197,0.294938858,2.735796729,0.713867512,0.066125929
93.89597064,0.294454158,2.741864236,0.654377502,0.067463167
93.90060931,0.288637751,2.741055235,0.657081593,0.06179957
93.90524798,0.290818904,2.740731634,0.676911597,0.062271536
93.90988665,0.296716093,2.742915937,0.690432053,0.0684071
93.91452532,0.291142037,2.740246234,0.628237952,0.064395385
93.91916399,0.288395401,2.735554029,0.648969319,0.061406264
93.92380266,0.29380789,2.733774227,0.686826598,0.064552707
93.92844133,0.294858075,2.733450627,0.646265228,0.068171117
93.93308,0.288556968,2.72730222,0.630942044,0.062035553
93.93771867,0.289041669,2.722367315,0.650772047,0.061170281
93.94235734,0.295665909,2.722852715,0.688629326,0.067541828
93.94699601,0.291465171,2.721072914,0.623731133,0.065575301
93.95163468,0.287587567,2.71767511,0.647166592,0.061248942
93.95627335,0.291303604,2.71799871,0.685925234,0.063687435
93.96091202,0.295665909,2.720263913,0.678714324,0.068800405
93.96555069,0.289364802,2.716138008,0.639955681,0.063058147
93.97018936,0.288233834,2.711122203,0.65618023,0.061248942
93.97482803,0.294292591,2.708937901,0.695840236,0.066440573
93.9794667,0.292353789,2.705297397,0.63004068,0.067305845
93.98410537,0.287102866,2.697773689,0.636350226,0.061406264
93.98874404,0.288880102,2.693000584,0.660687048,0.062507519
93.99338271,0.294777291,2.692515183,0.672404778,0.068957727
93.99802138,0.288718535,2.688874679,0.618322951,0.064474046
94.00266005,0.286214249,2.684506075,0.640857045,0.061248942
94.00729872,0.291465171,2.684829675,0.682319779,0.064867352
94.01193739,0.292515356,2.685315076,0.638152954,0.068171117
94.01657606,0.286456599,2.680703771,0.628237952,0.061878231
94.02121473,0.286375816,2.675930666,0.648969319,0.061484925
94.0258534,0.293242406,2.676011566,0.680517052,0.06769915
94.03049207,0.288637751,2.672856462,0.614717496,0.065103335
94.03513074,0.285164064,2.667112556,0.633646135,0.060934298
94.03976941,0.288880102,2.665090054,0.667897959,0.06329413
94.04440808,0.292273005,2.665413654,0.650772047,0.068171117
94.04904675,0.285729548,2.659750648,0.620125678,0.062271536
94.05368542,0.285083281,2.654653943,0.639955681,0.060776976
94.05832409,0.291626738,2.654330343,0.684122507,0.066361912
94.06296276,0.289122452,2.65166064,0.618322951,0.066597895
94.06760143,0.283952313,2.644945933,0.629139316,0.061012959
94.0722401,0.286052682,2.641305429,0.655278866,0.061956892
94.07687877,0.291222821,2.640253728,0.661588412,0.0684071
94.08151744,0.285164064,2.634833422,0.609309313,0.063372791
94.08615611,0.283063696,2.629089516,0.630942044,0.060855637
94.09079478,0.288072268,2.626824314,0.673306141,0.064867352
94.09543345,0.288799318,2.625449012,0.625533861,0.067620489
94.10007212,0.282982912,2.618653405,0.620125678,0.061563586
94.10471079,0.284275447,2.613394899,0.641758409,0.061720909
94.10934946,0.290172636,2.6144466,0.671503414,0.067856472
94.11398813,0.285406415,2.611048797,0.607506585,0.064867352
94.1186268,0.281690377,2.60506219,0.629139316,0.060776976
94.12326547,0.285891115,2.603525089,0.666996595,0.063608774
94.12790414,0.288960885,2.60417229,0.643561137,0.0684071
94.13254281,0.282417428,2.600208185,0.617421587,0.062428858
94.13718148,0.281932728,2.596972182,0.639054318,0.060855637
94.14182015,0.287991484,2.599560985,0.684122507,0.06691254
94.14645882,0.285729548,2.600127285,0.619224315,0.066597895
94.15109749,0.28128646,2.598023883,0.63725159,0.061563586
94.15573616,0.284275447,2.598590184,0.665193867,0.06329413
94.16037483,0.289768719,2.603282389,0.668799323,0.069744338
94.1650135,0.283548396,2.602554288,0.621928406,0.065103335
94.16965217,0.281367244,2.600046385,0.643561137,0.06258618
94.17429084,0.287264433,2.601664387,0.687727962,0.067541828
94.17892951,0.287749134,2.602716088,0.634547499,0.070137644
94.18356818,0.281851944,2.600046385,0.632744771,0.064395385
94.18820685,0.282902129,2.598428383,0.653476138,0.065024674
94.19284552,0.289364802,2.600693586,0.678714324,0.071081577
94.19748419,0.284517797,2.599075584,0.614717496,0.067777811
94.20212286,0.28128646,2.594626079,0.635448863,0.06400208
94.20676153,0.285567982,2.592927178,0.67060205,0.066833878
94.2114002,0.288314618,2.593331678,0.639955681,0.071081577
94.21603887,0.281932728,2.587506872,0.618322951,0.065103335
94.22067754,0.281448027,2.583300067,0.63725159,0.063608774
94.22531621,0.288476185,2.583219167,0.678714324,0.069272372
94.22995488,0.285244848,2.581115765,0.609309313,0.068564422
94.23459355,0.280963327,2.57593816,0.627336589,0.063530113
94.23923222,0.28411388,2.573349357,0.657081593,0.065181996
94.24387089,0.288880102,2.574886458,0.652574774,0.07060961
94.24850956,0.282336645,2.571003254,0.609309313,0.065103335
94.25314823,0.28128646,2.567686351,0.630942044,0.062822164
94.2577869,0.287345217,2.569870653,0.676911597,0.067463167
94.26242557,0.286860516,2.571569555,0.620125678,0.068957727
94.26706424,0.281528811,2.568009951,0.624632497,0.062979486
94.27170291,0.283144479,2.566391949,0.648969319,0.063530113
94.27634158,0.289687936,2.572702156,0.67781296,0.069980321
94.28098025,0.285325631,2.580064064,0.631843407,0.065811284
94.28561892,0.283548396,2.58548437,0.66339114,0.062350197
94.29025759,0.288799318,2.592037277,0.699445691,0.065653962
94.29489626,0.290414987,2.596486781,0.658884321,0.069351033
94.29953493,0.283548396,2.594059779,0.639054318,0.063451452
94.3041736,0.284033097,2.593736178,0.660687048,0.06258618
94.30881227,0.290576553,2.597619383,0.700347055,0.068485761
94.31345094,0.287264433,2.598751984,0.633646135,0.066833878
94.31808961,0.283467613,2.599237384,0.655278866,0.062350197
94.32272828,0.28718365,2.605304891,0.692234781,0.063844758
94.32736695,0.292030655,2.613394899,0.686826598,0.069587016
94.33200562,0.285648765,2.6137185,0.641758409,0.063766097
94.33664429,0.284679364,2.612504998,0.65618023,0.061642248
94.34128296,0.290899687,2.613556699,0.694037508,0.067069862
94.34592163,0.289364802,2.614123,0.63004068,0.068171117
94.3505603,0.283952313,2.608379094,0.633646135,0.062192875
94.35519897,0.286133465,2.60481949,0.655278866,0.062979486
94.35983764,0.292030655,2.605547591,0.668799323,0.068800405
94.36447631,0.285810332,2.601987987,0.61111204,0.064946013
94.36911498,0.283144479,2.596729482,0.633646135,0.061248942
94.37375365,0.287910701,2.59486878,0.672404778,0.065024674
94.37839232,0.289284019,2.59535418,0.630942044,0.068721744
94.38303099,0.282578995,2.590500175,0.618322951,0.062428858
94.38766966,0.283063696,2.58613157,0.638152954,0.061878231
94.39230833,0.289607152,2.586778771,0.675108869,0.0684071
94.396947,0.285406415,2.584513569,0.607506585,0.066125929
94.40158567,0.281528811,2.579578663,0.629139316,0.061484925
94.40622434,0.285083281,2.577879762,0.662489776,0.063844758
94.41086301,0.288880102,2.580064064,0.647166592,0.068879066
94.41550168,0.282255861,2.575533659,0.612013404,0.063058147
94.42014035,0.281528811,2.572216756,0.632744771,0.061327603
94.42477902,0.288153051,2.574967359,0.67781296,0.06691254
94.42941769,0.286456599,2.57601906,0.617421587,0.067384506
94.43405636,0.281609594,2.573996558,0.63004068,0.061642248
94.43869503,0.284033097,2.576828061,0.657982957,0.062822164
94.4433337,0.289849503,2.583785468,0.671503414,0.069193711
94.44797237,0.283790746,2.586455171,0.620125678,0.064474046
94.45261104,0.281851944,2.587102371,0.6444625,0.061248942
94.45724971,0.287264433,2.591794576,0.685023871,0.064946013
94.46188838,0.287991484,2.595920481,0.639054318,0.068171117
94.46652705,0.281771161,2.592603577,0.629139316,0.061956892
94.47116572,0.282336645,2.590338375,0.648969319,0.061642248
94.47580439,0.288960885,2.591309176,0.678714324,0.067935134
94.48044306,0.284194663,2.589124874,0.61111204,0.065417979
94.48508173,0.280317059,2.584109068,0.631843407,0.060698315
94.4897204,0.28459858,2.582248366,0.666095231,0.06329413
94.49435907,0.28766835,2.582814667,0.643561137,0.068328439
94.49899774,0.281124893,2.577717961,0.612914768,0.062428858
94.50363641,0.280317059,2.573025756,0.632744771,0.060855637
94.50827508,0.286698949,2.572702156,0.676911597,0.066519234
94.51291375,0.284275447,2.571974055,0.612914768,0.066283251
94.51755242,0.279590008,2.568657152,0.628237952,0.060855637
94.52219109,0.282498212,2.568252651,0.657081593,0.062271536
94.52682976,0.287910701,2.571893155,0.66339114,0.068171117
94.53146843,0.282094294,2.570436954,0.613816132,0.063530113
94.5361071,0.280640193,2.569142552,0.638152954,0.060776976
94.54074577,0.286133465,2.572783056,0.684122507,0.064867352
94.54538444,0.2869413,2.576989861,0.635448863,0.067384506
94.55002311,0.28055941,2.57626176,0.631843407,0.061170281
94.55466178,0.281851944,2.57666626,0.653476138,0.061170281
94.55930045,0.288153051,2.582005666,0.682319779,0.067541828
94.56393912,0.283386829,2.584351768,0.620125678,0.064238063
94.56857779,0.280720976,2.58556527,0.6444625,0.060462331
94.57321646,0.285164064,2.590176575,0.681418415,0.063451452
94.57785513,0.288556968,2.598590184,0.655278866,0.067856472
94.5824938,0.282175078,2.601421687,0.632744771,0.061956892
94.58713247,0.282336645,2.606032991,0.658884321,0.060776976
94.59177114,0.289607152,2.619543306,0.709360693,0.066361912
94.59640981,0.287991484,2.639444727,0.657081593,0.065889946
94.60104848,0.285244848,2.671481161,0.706656601,0.060698315
94.60568715,0.293080839,2.72689772,0.769752066,0.062192875
94.61032582,0.303501901,2.803914601,0.802201162,0.067856472
94.61496449,0.301401532,2.872517874,0.768850702,0.062664841
94.61960316,0.302290149,2.926720932,0.800398435,0.060540992
94.62424183,0.310772408,2.971135079,0.845466624,0.064788691
94.6288805,0.311661026,2.999369209,0.771554794,0.066833878
94.63351917,0.306248537,3.005113115,0.742711153,0.060698315
94.63815784,0.307137154,3.00082541,0.73730297,0.061248942
94.64279651,0.313115127,2.995162404,0.739105697,0.067620489
94.64743518,0.306894804,2.98157119,0.658884321,0.064159402
94.65207385,0.3030172,2.964582172,0.668799323,0.06038367
94.65671252,0.306894804,2.950505557,0.697642964,0.063372791
94.66135119,0.308429689,2.938289644,0.657081593,0.067856472
94.66598986,0.301239965,2.920248925,0.632744771,0.061563586
94.67062853,0.300512914,2.904068908,0.648067956,0.060855637
94.6752672,0.306652454,2.891933895,0.685023871,0.06691254
94.67990587,0.30277485,2.877290979,0.613816132,0.065653962
94.68454454,0.297847061,2.859978361,0.63004068,0.060619654
94.68918321,0.29994743,2.846548947,0.658884321,0.062114214
94.69382188,0.304228951,2.837083637,0.651673411,0.068013795
94.69846055,0.297604711,2.822521621,0.609309313,0.062743503
94.70309922,0.295181208,2.809415807,0.630942044,0.060462331
94.70773789,0.301159181,2.800354998,0.675108869,0.065260657
94.71237656,0.29994743,2.790889688,0.617421587,0.066833878
94.71701523,0.293646323,2.777622073,0.62282977,0.061012959
94.7216539,0.294938858,2.767347763,0.647166592,0.061248942
94.72629257,0.300270564,2.761603856,0.666996595,0.067620489
94.73093124,0.294373374,2.752138546,0.607506585,0.06400208
94.73556991,0.291222821,2.740650734,0.630942044,0.060619654
94.74020858,0.295423559,2.734016927,0.67060205,0.064080741
94.74484725,0.296796877,2.728920222,0.633646135,0.06769915
94.74948592,0.289849503,2.719131311,0.618322951,0.061406264
94.75412459,0.289445586,2.709989602,0.640857045,0.060934298
94.75876326,0.295504342,2.706268198,0.678714324,0.06691254
94.76340193,0.291384388,2.699877091,0.609309313,0.065181996
94.7680406,0.28718365,2.690169081,0.628237952,0.060540992
94.77267927,0.29001107,2.684829675,0.661588412,0.062900825
94.77731794,0.293969457,2.682564473,0.649870683,0.068328439
94.78195661,0.287102866,2.675364365,0.61111204,0.062350197
94.78659528,0.286133465,2.668406958,0.633646135,0.060540992
94.79123395,0.291707521,2.67026766,0.683221143,0.065339318
94.79587262,0.290091853,2.671642961,0.624632497,0.066519234
94.80051129,0.285164064,2.668002457,0.635448863,0.060855637
94.80514996,0.286860516,2.666465356,0.660687048,0.061484925
94.80978863,0.292515356,2.668002457,0.673306141,0.067463167
94.8144273,0.286537383,2.663633853,0.615618859,0.063530113
94.81906597,0.284275447,2.658294447,0.63725159,0.060305009
94.82370464,0.289364802,2.657566346,0.67781296,0.064080741
94.82834331,0.291142037,2.657323646,0.636350226,0.067541828
94.83298198,0.285002498,2.652631441,0.626435225,0.061406264
94.83762065,0.285810332,2.649233637,0.647166592,0.060776976
94.84225932,0.292919273,2.649799938,0.682319779,0.067227184
94.84689799,0.289364802,2.645916734,0.615618859,0.065024674
94.85153666,0.286698949,2.641224529,0.63725159,0.06038367
94.85617533,0.291869088,2.639849227,0.67060205,0.062743503
94.860814,0.297200794,2.641629029,0.655278866,0.068013795
94.86545267,0.293000056,2.638312126,0.624632497,0.062192875
94.87009134,0.294211807,2.636127823,0.647166592,0.060855637
94.87473001,0.302290149,2.638716626,0.692234781,0.066125929
94.87936868,0.300997615,2.639525627,0.627336589,0.066283251
94.88400735,0.29663531,2.636532324,0.638152954,0.060855637
94.88864602,0.29946273,2.635804223,0.662489776,0.061720909
94.89328469,0.304794435,2.639282927,0.671503414,0.067856472
94.89792336,0.298574112,2.639040226,0.620125678,0.063372791
94.90256203,0.296554527,2.639687427,0.646265228,0.06038367
94.9072007,0.301724665,2.647453835,0.692234781,0.064710029
94.91183937,0.301967016,2.654734843,0.648067956,0.067384506
94.91647804,0.295665909,2.656191045,0.639955681,0.061406264
94.92111671,0.295827476,2.658698947,0.661588412,0.061248942
94.92575538,0.301805449,2.666222655,0.694037508,0.067384506
94.93039405,0.297362361,2.672047462,0.631843407,0.065024674
94.93503272,0.293646323,2.677063267,0.65618023,0.060934298
94.93967139,0.298170195,2.686528577,0.693136145,0.063687435
94.94431006,0.300997615,2.700038891,0.672404778,0.068643083
94.94894873,0.294454158,2.7086143,0.6444625,0.062664841
94.9535874,0.294050241,2.716380709,0.66339114,0.061406264
94.95822607,0.300351347,2.728111221,0.705755238,0.067305845
94.96286474,0.297847061,2.737819231,0.639054318,0.067384506
94.96750341,0.293242406,2.74623284,0.657081593,0.062743503
94.97214208,0.296069826,2.756911652,0.690432053,0.06549664
94.97678075,0.301320748,2.772363568,0.699445691,0.072733459
94.98141942,0.295746692,2.78377048,0.654377502,0.069587016
94.98605809,0.294050241,2.794449291,0.679615688,0.069193711
94.99069676,0.300512914,2.808930407,0.725585241,0.075407936
94.99533543,0.301482315,2.82187442,0.674207505,0.079734295
94.9999741,0.295665909,2.827861027,0.67060205,0.07501463
95.00461277,0.296473743,2.833604933,0.688629326,0.076194546
95.00925144,0.302855633,2.843151143,0.712064784,0.082723416
95.01389011,0.297523928,2.847762448,0.646265228,0.079734295
95.01852878,0.294373374,2.848895049,0.665193867,0.075801241
95.02316745,0.298897246,2.852050152,0.698544327,0.078082412
95.02780612,0.301078398,2.854234455,0.665193867,0.08233011
95.03244479,0.294131024,2.849218649,0.638152954,0.07572258
95.03708346,0.29332319,2.842746643,0.655278866,0.074149358
95.04172213,0.298978029,2.839348839,0.694938872,0.079655634
95.0463608,0.295665909,2.833119532,0.625533861,0.078790362
95.05099947,0.290576553,2.825676724,0.641758409,0.073284087
95.05563814,0.293242406,2.82138902,0.668799323,0.074228019
95.06027681,0.297443144,2.820580019,0.666996595,0.079970278
95.06491548,0.29073812,2.815564214,0.621027042,0.074149358
95.06955415,0.288960885,2.810872009,0.642659773,0.071396221
95.07419282,0.294454158,2.811276509,0.687727962,0.075565258
95.07883149,0.293888674,2.809901208,0.63004068,0.076981157
95.08347016,0.287506784,2.801406699,0.63004068,0.07060961
95.08810883,0.288799318,2.79339759,0.651673411,0.070530949
95.0927475,0.294696508,2.790970588,0.674207505,0.076902496
95.09738617,0.288718535,2.786116582,0.614717496,0.072733459
95.10202484,0.285487198,2.780372676,0.639054318,0.068643083
95.10666351,0.29025342,2.779320975,0.67781296,0.071868187
95.11130218,0.292434572,2.780453576,0.647166592,0.07572258
95.11594085,0.285729548,2.777217573,0.630942044,0.068957727
95.12057952,0.286133465,2.774871471,0.653476138,0.068013795
95.12521819,0.292757706,2.777136673,0.694938872,0.073992036
95.12985686,0.288880102,2.775842272,0.627336589,0.072340154
95.13449553,0.28459858,2.770583766,0.645363864,0.067384506
95.1391342,0.288072268,2.768318564,0.67781296,0.069272372
95.14377287,0.292515356,2.770017465,0.672404778,0.07501463
95.14841154,0.285891115,2.766700562,0.632744771,0.069587016
95.15305021,0.285164064,2.761927457,0.654377502,0.068013795
95.15768888,0.290818904,2.760956656,0.698544327,0.074306681
95.16232755,0.290172636,2.758691453,0.639955681,0.077374462
95.16696622,0.284921714,2.751653146,0.645363864,0.07352007
95.17160489,0.286779733,2.746799141,0.67060205,0.075407936
95.17624356,0.293080839,2.74623284,0.687727962,0.082723416
95.18088223,0.287345217,2.741702435,0.626435225,0.079105006
95.1855209,0.284921714,2.734502328,0.646265228,0.076037224
95.19015957,0.289930286,2.731670825,0.683221143,0.079576973
95.19479824,0.290899687,2.728839322,0.642659773,0.082487432
95.19943691,0.284517797,2.720830213,0.627336589,0.076037224
95.20407558,0.284840931,2.713387405,0.647166592,0.075407936
95.20871425,0.291061254,2.711445803,0.683221143,0.080992872
95.21335292,0.287102866,2.706672698,0.615618859,0.07863304
95.21799159,0.283306046,2.69890629,0.635448863,0.073598731
95.22263026,0.286779733,2.695265786,0.667897959,0.075565258
95.22726893,0.290657337,2.694375885,0.655278866,0.080363583
95.2319076,0.28387153,2.688227479,0.620125678,0.074228019
95.23654627,0.283306046,2.684101574,0.641758409,0.072497476
95.24118494,0.289768719,2.687742078,0.690432053,0.076745174
95.24582361,0.288960885,2.691625282,0.630942044,0.07721714
95.25046228,0.283952313,2.688793779,0.641758409,0.071396221
95.25510095,0.285971899,2.687013977,0.666996595,0.071946848
95.25973962,0.291788305,2.688065678,0.680517052,0.077295801
95.26437829,0.286214249,2.684506075,0.627336589,0.072576137
95.26901696,0.284275447,2.678762169,0.648969319,0.069351033
95.27365563,0.289930286,2.677629567,0.687727962,0.072969442
95.2782943,0.290818904,2.677386867,0.642659773,0.07572258
95.28293297,0.285164064,2.672047462,0.633646135,0.06911505
95.28757164,0.285648765,2.668730558,0.655278866,0.068485761
95.29221031,0.291949872,2.671157561,0.690432053,0.074385342
95.29684898,0.287910701,2.67059126,0.626435225,0.071868187
95.30148765,0.284517797,2.667031656,0.648969319,0.067541828
95.30612632,0.288395401,2.667678857,0.682319779,0.069587016
95.31076499,0.292192222,2.671481161,0.666095231,0.074070697
95.31540366,0.285891115,2.67018676,0.638152954,0.068013795
95.32004233,0.285406415,2.669296859,0.659785685,0.066361912
95.324681,0.291949872,2.67075306,0.702149782,0.071710865
95.32931967,0.290091853,2.668892358,0.634547499,0.07131756
95.33395834,0.285164064,2.662824852,0.643561137,0.065968607
95.33859701,0.287749134,2.658294447,0.667897959,0.066676556
95.34323568,0.293080839,2.657970847,0.672404778,0.07281212
95.34787435,0.286779733,2.65222694,0.619224315,0.067777811
95.35251302,0.285325631,2.645674034,0.640857045,0.064946013
95.35715169,0.29049577,2.644298732,0.684122507,0.069193711
95.36179036,0.291384388,2.644622332,0.636350226,0.071946848
95.36642903,0.285244848,2.640011028,0.634547499,0.065181996
95.3710677,0.286295032,2.638797526,0.659785685,0.065181996
95.37570637,0.29332319,2.643975132,0.694938872,0.07131756
95.38034504,0.288556968,2.645107733,0.634547499,0.068171117
95.38498371,0.285164064,2.643085231,0.655278866,0.063844758
95.38962238,0.289687936,2.643975132,0.690432053,0.066676556
95.39426105,0.293242406,2.647453835,0.665193867,0.071396221
95.39889972,0.286375816,2.645835834,0.639955681,0.065024674
95.40353839,0.286214249,2.645107733,0.661588412,0.063766097
95.40817706,0.293080839,2.648990937,0.70395251,0.069429694
95.41281573,0.290980471,2.650689839,0.63725159,0.068879066
95.4174544,0.286537383,2.648424636,0.654377502,0.063451452
95.42209307,0.289607152,2.649152737,0.684122507,0.065103335
95.42673174,0.294858075,2.652793241,0.684122507,0.070924254
95.43137041,0.288476185,2.649961738,0.635448863,0.065575301
95.43600908,0.28718365,2.646725735,0.655278866,0.063136808
95.44064775,0.292838489,2.646725735,0.695840236,0.067384506
95.44528642,0.292757706,2.646321234,0.640857045,0.069587016
95.44992509,0.287102866,2.641143629,0.639955681,0.06329413
95.45456376,0.288799318,2.637664925,0.661588412,0.06329413
95.45920243,0.294938858,2.638716626,0.685925234,0.069587016
95.4638411,0.289768719,2.635885123,0.62282977,0.066283251
95.46847977,0.286456599,2.631031118,0.6444625,0.062271536
95.47311844,0.290980471,2.629898517,0.681418415,0.065181996
95.47775711,0.292596139,2.630626618,0.649870683,0.069665677
95.48239578,0.286133465,2.625772612,0.629139316,0.063215469
95.48703445,0.285891115,2.622132109,0.648969319,0.062428858
95.49167312,0.292838489,2.622132109,0.688629326,0.068249778
95.49631179,0.289122452,2.619947806,0.620125678,0.067069862
95.50095046,0.284840931,2.614851101,0.63725159,0.062035553
95.50558913,0.287506784,2.612666799,0.667897959,0.063844758
95.5102278,0.292273005,2.614770201,0.662489776,0.069665677
95.51486647,0.285891115,2.611210597,0.621027042,0.064316724
95.51950514,0.284517797,2.608540894,0.645363864,0.061563586
95.52414381,0.290414987,2.611210597,0.690432053,0.066361912
95.52878248,0.289768719,2.6138803,0.635448863,0.068171117
95.53342115,0.284840931,2.612828599,0.6444625,0.062192875
95.53805982,0.286779733,2.6142848,0.672404778,0.062507519
95.54269849,0.292838489,2.619705106,0.692234781,0.068721744
95.54733716,0.287264433,2.619057905,0.630942044,0.065103335
95.55197583,0.28411388,2.616388202,0.651673411,0.061563586
95.5566145,0.289364802,2.616388202,0.689530689,0.065260657
95.56125317,0.291545955,2.618248904,0.651673411,0.069036389
95.56589184,0.284840931,2.615498302,0.635448863,0.062664841
95.57053051,0.285244848,2.613475799,0.654377502,0.061878231
95.57516918,0.291707521,2.615417401,0.692234781,0.067856472
95.57980785,0.288072268,2.614689301,0.623731133,0.066125929
95.58444652,0.283790746,2.610967897,0.6444625,0.061327603
95.58908519,0.287587567,2.610967897,0.676010233,0.063766097
95.59372386,0.292273005,2.6140421,0.665193867,0.069272372
95.59836253,0.285567982,2.611534197,0.628237952,0.063530113
95.6030012,0.284517797,2.610401596,0.650772047,0.061406264
95.60763987,0.291142037,2.612424098,0.695840236,0.066440573
95.61227854,0.289930286,2.6139612,0.635448863,0.067305845
95.61691721,0.284840931,2.611615097,0.642659773,0.061642248
95.62155588,0.287102866,2.611129697,0.668799323,0.062350197
95.62619455,0.293080839,2.615336501,0.683221143,0.068721744
95.63083322,0.287345217,2.615902802,0.628237952,0.064316724
95.63547189,0.285002498,2.615579202,0.652574774,0.061327603
95.64011056,0.290091853,2.618734305,0.694037508,0.064710029
95.64474923,0.291626738,2.622617509,0.652574774,0.068328439
95.6493879,0.285567982,2.621727608,0.641758409,0.062192875
95.65402657,0.286375816,2.621484908,0.662489776,0.061563586
95.65866524,0.293161623,2.625449012,0.697642964,0.067935134
95.66330391,0.289284019,2.627067014,0.63004068,0.065575301
95.66794258,0.285002498,2.624801811,0.651673411,0.061012959
95.67258125,0.289041669,2.626581613,0.685925234,0.063530113
95.67721992,0.293000056,2.63329632,0.672404778,0.068485761
95.68185859,0.287102866,2.635966023,0.640857045,0.062743503
95.68649726,0.286537383,2.638150326,0.662489776,0.061012959
95.69113593,0.292838489,2.643975132,0.707557965,0.065968607
95.6957746,0.291626738,2.648910037,0.646265228,0.066519234
95.70041327,0.286618166,2.65141794,0.660687048,0.060776976
95.70505194,0.289041669,2.658294447,0.688629326,0.062035553
95.70969061,0.295019642,2.67026766,0.702149782,0.068092456
95.71432928,0.29049577,2.680622871,0.660687048,0.063058147
95.71896795,0.289526369,2.693162384,0.694037508,0.060305009
95.72360662,0.295504342,2.713953706,0.745415244,0.064316724
95.72824529,0.296231393,2.740003534,0.710262056,0.067148523
95.73288396,0.290091853,2.763464558,0.714768875,0.060776976
95.73752263,0.291545955,2.786601983,0.740908425,0.060934298
95.7421613,0.298412545,2.81240911,0.774258885,0.066755217
95.74679997,0.294211807,2.843717444,0.721979786,0.064316724
95.75143864,0.292030655,2.902208206,0.785976614,0.059833043
95.75607731,0.297443144,3.010857021,0.893238904,0.062428858
95.76071598,0.302451716,3.157852477,0.94461664,0.067148523
95.76535465,0.297523928,3.292227519,0.958137096,0.060855637
95.76999332,0.298816462,3.41503385,0.996895739,0.059675721
95.77463199,0.306248537,3.511466752,1.027542108,0.065103335
95.77927066,0.303744251,3.558388802,0.902252542,0.065181996
95.78390933,0.299381946,3.564213608,0.856282989,0.05959706
95.788548,0.302128582,3.555152798,0.83735435,0.061170281
95.79318667,0.307460288,3.539458182,0.804905254,0.066991201
95.79782534,0.300997615,3.513974654,0.727387968,0.061720909
95.80246401,0.299381946,3.484365223,0.729190696,0.059046432
95.80710268,0.305036786,3.458153595,0.755330246,0.063451452
95.81174135,0.305359919,3.431537467,0.692234781,0.065968607
95.81638002,0.299301163,3.400390934,0.680517052,0.059754382
95.82101869,0.300593697,3.370943303,0.694938872,0.060226348
95.82565736,0.306652454,3.346673277,0.716571603,0.067148523
95.83029603,0.300997615,3.319005448,0.650772047,0.064159402
95.8349347,0.297766278,3.289153316,0.673306141,0.060619654
95.83957337,0.301886232,3.262941688,0.715670239,0.064631368
95.84421204,0.304228951,3.238914363,0.700347055,0.070137644
95.84885071,0.297766278,3.209224031,0.682319779,0.064867352
95.85348938,0.296716093,3.181798902,0.698544327,0.064631368
95.85812805,0.303097983,3.160117679,0.733697515,0.070845593
95.86276672,0.299866647,3.136575754,0.658884321,0.070530949
95.86740539,0.295504342,3.109797826,0.671503414,0.065260657
95.87204406,0.298008628,3.087712102,0.694938872,0.066991201
95.87668273,0.302209366,3.069428683,0.688629326,0.072733459
95.8813214,0.294938858,3.046938459,0.638152954,0.067541828
95.88596007,0.293242406,3.024448235,0.65618023,0.064946013
95.89059874,0.298331762,3.006973817,0.697642964,0.069429694
95.89523741,0.297604711,2.990631999,0.639955681,0.07131756
95.89987608,0.291869088,2.970973279,0.640857045,0.065260657
95.90451475,0.292919273,2.954226961,0.66339114,0.065575301
95.90915342,0.298654895,2.942900949,0.685023871,0.071789526
95.91379209,0.292757706,2.928986134,0.62282977,0.068328439
95.91843076,0.289445586,2.912887017,0.6444625,0.064552707
95.92306943,0.29380789,2.901075604,0.683221143,0.06769915
95.9277081,0.295989043,2.891043994,0.648969319,0.071632204
95.93234677,0.289122452,2.875753878,0.629139316,0.065417979
95.93698544,0.288960885,2.860706462,0.648067956,0.064474046
95.94162411,0.295181208,2.850432151,0.686826598,0.070294966
95.94626278,0.290818904,2.838297138,0.618322951,0.068957727
95.95090145,0.286375816,2.823249722,0.63725159,0.064238063
95.95554012,0.289445586,2.810548408,0.667897959,0.065889946
95.96017879,0.29356554,2.801568499,0.661588412,0.071632204
95.96481746,0.286779733,2.788058185,0.620125678,0.065968607
95.96945613,0.284921714,2.775680471,0.641758409,0.064159402
95.9740948,0.291222821,2.766376962,0.686826598,0.068957727
95.97873347,0.29025342,2.756668951,0.628237952,0.070373627
95.98337214,0.28435623,2.744129438,0.635448863,0.064316724
95.98801081,0.285891115,2.734664128,0.661588412,0.064631368
95.99264948,0.291626738,2.729729223,0.679615688,0.071081577
95.99728815,0.285810332,2.720830213,0.62282977,0.066833878
96.00192682,0.283144479,2.710475002,0.646265228,0.06329413
96.00656549,0.287829917,2.704731096,0.685925234,0.067148523
96.01120416,0.289687936,2.700443392,0.647166592,0.07060961
96.01584283,0.282902129,2.691382582,0.631843407,0.064474046
96.0204815,0.283790746,2.683858874,0.652574774,0.063530113
96.02512017,0.29025342,2.681836372,0.689530689,0.070058983
96.02975884,0.285891115,2.677467767,0.62282977,0.0684071
96.03439751,0.282740562,2.669782259,0.642659773,0.063530113
96.03903618,0.286537383,2.665494555,0.675108869,0.06549664
96.04367485,0.290576553,2.664442853,0.662489776,0.070845593
96.04831352,0.284679364,2.658779847,0.625533861,0.065181996
96.05295219,0.283225262,2.653764042,0.647166592,0.063058147
96.05759086,0.289364802,2.654006742,0.692234781,0.067777811
96.06222953,0.288072268,2.652307841,0.629139316,0.068879066
96.0668682,0.283629179,2.646644835,0.639054318,0.063058147
96.07150687,0.285891115,2.643489731,0.665193867,0.064080741
96.07614554,0.291788305,2.645107733,0.67781296,0.070216305
96.08078421,0.286295032,2.641548129,0.623731133,0.065732623
96.08542288,0.284679364,2.637341325,0.647166592,0.062822164
96.09006155,0.290818904,2.637988525,0.688629326,0.066440573
96.09470022,0.292353789,2.639040226,0.646265228,0.069665677
96.09933889,0.286698949,2.636046923,0.63725159,0.063608774
96.10397756,0.287506784,2.635157022,0.658884321,0.062900825
96.10861623,0.294858075,2.638554826,0.694037508,0.069351033
96.1132549,0.290414987,2.639525627,0.629139316,0.066519234
96.11789357,0.287102866,2.637098624,0.648969319,0.062428858
96.12253224,0.290980471,2.639040226,0.684122507,0.064788691
96.12717091,0.295019642,2.644541432,0.666996595,0.069665677
96.13180958,0.288476185,2.645188633,0.63725159,0.063687435
96.13644825,0.288153051,2.646968435,0.658884321,0.062192875
96.14108692,0.295019642,2.652874141,0.703051146,0.067384506
96.14572559,0.292757706,2.655624744,0.636350226,0.067620489
96.15036426,0.288072268,2.653925842,0.648969319,0.062192875
96.15500293,0.290980471,2.655220244,0.676911597,0.063608774
96.1596416,0.296958444,2.660559649,0.685023871,0.069351033
96.16428027,0.290980471,2.66153045,0.633646135,0.064710029
96.16891894,0.289526369,2.661934951,0.65618023,0.062035553
96.17355761,0.295100425,2.665090054,0.699445691,0.066125929
96.17819628,0.296150609,2.668892358,0.649870683,0.068721744
96.18283495,0.291303604,2.665737255,0.642659773,0.062192875
96.18747362,0.292434572,2.664119253,0.664292504,0.062271536
96.19211229,0.299301163,2.667517057,0.692234781,0.068721744
96.19675096,0.295342775,2.667921557,0.627336589,0.065889946
96.20138963,0.292596139,2.665009154,0.648067956,0.061484925
96.2060283,0.297200794,2.666546256,0.684122507,0.064395385
96.21066697,0.301643882,2.67091486,0.659785685,0.068879066
96.21530564,0.297039227,2.669539559,0.635448863,0.062664841
96.21994431,0.298816462,2.668892358,0.657982957,0.061248942
96.22458298,0.306652454,2.672937362,0.701248419,0.067305845
96.22922165,0.305036786,2.674474464,0.634547499,0.06691254
96.23386032,0.302047799,2.672047462,0.649870683,0.061720909
96.23849899,0.30584462,2.672532862,0.678714324,0.063058147
96.24313766,0.312791994,2.677953168,0.683221143,0.068721744
96.24777633,0.309075956,2.68046107,0.63725159,0.063451452
96.252415,0.309560657,2.683697074,0.662489776,0.061248942
96.25705367,0.316911948,2.692029783,0.708459329,0.065417979
96.26169234,0.317477432,2.701495093,0.657081593,0.067541828
96.26633101,0.31222651,2.706672698,0.659785685,0.061406264
96.27096968,0.313761395,2.712982905,0.680517052,0.061720909
96.27560835,0.319497018,2.721962814,0.70395251,0.068171117
96.28024702,0.314569229,2.726007819,0.639955681,0.064710029
96.28488569,0.311176325,2.72738312,0.657982957,0.06109162
96.28952436,0.315457847,2.730861824,0.694037508,0.06400208
96.29416303,0.316992732,2.733855127,0.661588412,0.068171117
96.2988017,0.309803007,2.729891023,0.63725159,0.061956892
96.30344037,0.308995173,2.725603318,0.655278866,0.061012959
96.30807904,0.315215496,2.724470717,0.694938872,0.066991201
96.31271771,0.310853192,2.720749313,0.624632497,0.065968607
96.31735638,0.306006187,2.713630106,0.639955681,0.060934298
96.32199505,0.308268122,2.709504201,0.667897959,0.062428858
96.32663372,0.31198416,2.7081289,0.662489776,0.068171117
96.33127239,0.305440703,2.701980493,0.618322951,0.062743503
96.33591106,0.303097983,2.695832087,0.640857045,0.060698315
96.34054973,0.308672039,2.695346686,0.685925234,0.065417979
96.3451884,0.308025772,2.693890485,0.629139316,0.066991201
96.34982707,0.301805449,2.688065678,0.631843407,0.061484925
96.35446574,0.302936417,2.684344275,0.655278866,0.061406264
96.35910441,0.308510473,2.685315076,0.676911597,0.067856472
96.36374308,0.302694066,2.682159972,0.618322951,0.063923419
96.36838175,0.299543513,2.676982367,0.639955681,0.060540992
96.37302042,0.303663467,2.675607065,0.678714324,0.063766097
96.37765909,0.305279136,2.676173366,0.643561137,0.06769915
96.38229776,0.298654895,2.671157561,0.627336589,0.061720909
96.38693643,0.298493329,2.667597957,0.648067956,0.060619654
96.3915751,0.304794435,2.667759757,0.686826598,0.066519234
96.39621377,0.300432131,2.665818155,0.618322951,0.064867352
96.40085244,0.296150609,2.66096415,0.63725159,0.060226348
96.40549111,0.298816462,2.659022548,0.666996595,0.062114214
96.41012978,0.30277485,2.659669748,0.657081593,0.06769915
96.41476845,0.295665909,2.655786544,0.618322951,0.062114214
96.41940712,0.294373374,2.65222694,0.639955681,0.060147687
96.42404579,0.30018978,2.653440442,0.685023871,0.064946013
96.42868446,0.298978029,2.654087642,0.624632497,0.065968607
96.43332313,0.293484757,2.649557238,0.633646135,0.060147687
96.4379618,0.295100425,2.647939236,0.657982957,0.060776976
96.44260047,0.300674481,2.65149884,0.673306141,0.067384506
96.44723914,0.294696508,2.650366239,0.617421587,0.062979486
96.45187781,0.292515356,2.648910037,0.640857045,0.059833043
96.45651648,0.297443144,2.652955041,0.683221143,0.063451452
96.46115515,0.298897246,2.659831549,0.646265228,0.066755217
96.46579382,0.292353789,2.663472052,0.639054318,0.060462331
96.47043249,0.293080839,2.669944059,0.661588412,0.059990365
96.47507116,0.30018978,2.680622871,0.698544327,0.066125929
96.47970983,0.296312176,2.687580278,0.632744771,0.06400208
96.4843485,0.292919273,2.690654481,0.651673411,0.05959706
96.48898717,0.296958444,2.694618585,0.683221143,0.061956892
96.49362584,0.300997615,2.69890629,0.666095231,0.066991201
96.49826451,0.294131024,2.696479287,0.63004068,0.06109162
96.50290318,0.293646323,2.693728685,0.648969319,0.059439737
96.50754185,0.299543513,2.694942186,0.691333417,0.064946013
96.51218052,0.297766278,2.693890485,0.628237952,0.065339318
96.51681919,0.292434572,2.688631979,0.639054318,0.059911704
96.52145786,0.294534941,2.685719576,0.662489776,0.060698315
96.52609653,0.300270564,2.686852177,0.67060205,0.066833878
96.5307352,0.293969457,2.682726273,0.615618859,0.062350197
96.53537387,0.291788305,2.678195868,0.638152954,0.059439737
96.54001254,0.296716093,2.678357668,0.680517052,0.06329413
96.54465121,0.297443144,2.679490269,0.633646135,0.066440573
96.54928988,0.291384388,2.675283465,0.626435225,0.060305009
96.55392855,0.291949872,2.673260963,0.648969319,0.059990365
96.55856722,0.298816462,2.677225067,0.682319779,0.066519234
96.56320589,0.294131024,2.679409369,0.619224315,0.06400208
96.56784456,0.290576553,2.67981387,0.643561137,0.059361076
96.57248323,0.295019642,2.683777974,0.678714324,0.06179957
96.5771219,0.298250978,2.690007281,0.658884321,0.067148523
96.58176057,0.292192222,2.691463482,0.63004068,0.060934298
96.58639924,0.291869088,2.692838784,0.651673411,0.059518399
96.59103791,0.298816462,2.700686092,0.694938872,0.065024674
96.59567658,0.296473743,2.705135597,0.628237952,0.06549664
96.60031525,0.291303604,2.704731096,0.641758409,0.059754382
96.60495392,0.294292591,2.706106398,0.67060205,0.061170281
96.60959259,0.29970508,2.711364903,0.674207505,0.067069862
96.61423126,0.29356554,2.710313202,0.623731133,0.062114214
96.61886993,0.291465171,2.707077199,0.645363864,0.05959706
96.6235086,0.297523928,2.706591798,0.685925234,0.063766097
96.62814727,0.297281577,2.705378297,0.633646135,0.066361912
96.63278594,0.291303604,2.698339989,0.627336589,0.060305009
96.63742461,0.292676922,2.692515183,0.648067956,0.059990365
96.64206328,0.299139596,2.690816281,0.674207505,0.066283251
96.64670195,0.294050241,2.685476876,0.608407949,0.063530113
96.65134062,0.290657337,2.677548667,0.629139316,0.05959706
96.65597929,0.294696508,2.673746363,0.664292504,0.062507519
96.66061796,0.297847061,2.67067216,0.636350226,0.067069862
96.66525663,0.291142037,2.662743952,0.612013404,0.060698315
96.6698953,0.290576553,2.656838245,0.631843407,0.059439737
96.67453397,0.296716093,2.654977543,0.673306141,0.06549664
96.67917264,0.29380789,2.651013439,0.605703858,0.064867352
96.68381131,0.288880102,2.643247031,0.621928406,0.059754382
96.68844998,0.291545955,2.639040226,0.649870683,0.061248942
96.69308865,0.296150609,2.637907625,0.648067956,0.067227184
96.69772732,0.289203235,2.632244619,0.602098403,0.062271536
96.70236599,0.287426,2.626986114,0.626435225,0.059282415
96.70700466,0.293080839,2.625368112,0.669700686,0.06400208
96.71164333,0.292434572,2.623992811,0.616520223,0.065968607
96.716282,0.286618166,2.617682604,0.618322951,0.059990365
96.72092067,0.287991484,2.6139612,0.640857045,0.060305009
96.72555934,0.294131024,2.614608401,0.66339114,0.066597895
96.73019801,0.287829917,2.610482496,0.602098403,0.062979486
96.73483668,0.284760147,2.605223991,0.625533861,0.059125093
96.73947535,0.289284019,2.603444189,0.662489776,0.062428858
96.74411402,0.291626738,2.60449589,0.630942044,0.066519234
96.74875269,0.285002498,2.600289085,0.612914768,0.060619654
96.75339136,0.285244848,2.597457582,0.633646135,0.05959706
96.75803003,0.292030655,2.599560985,0.675108869,0.06549664
96.7626687,0.288314618,2.599237384,0.608407949,0.064395385
96.76730737,0.28435623,2.596244081,0.628237952,0.059282415
96.77194604,0.287506784,2.597053082,0.659785685,0.061012959
96.77658471,0.292192222,2.601826187,0.654377502,0.066833878
96.78122338,0.285487198,2.602392488,0.615618859,0.061406264
96.78586205,0.285083281,2.608136394,0.650772047,0.059439737
96.79050072,0.291545955,2.621080407,0.706656601,0.064316724
96.79513939,0.290899687,2.632325519,0.655278866,0.065653962
96.79977806,0.285325631,2.633781721,0.657081593,0.059833043
96.80441673,0.287426,2.634833422,0.675108869,0.060305009
96.8090554,0.29356554,2.638959326,0.687727962,0.066833878
96.81369407,0.287264433,2.638473926,0.626435225,0.062507519
96.81833274,0.285487198,2.635804223,0.647166592,0.059203754
96.82297141,0.29049577,2.637341325,0.685023871,0.062979486
96.82761008,0.292030655,2.640900928,0.647166592,0.066597895
96.83224875,0.286052682,2.639040226,0.632744771,0.060305009
96.83688742,0.287022083,2.639768327,0.654377502,0.059911704
96.84152609,0.293727107,2.645674034,0.694037508,0.065968607
96.84616476,0.290091853,2.648181936,0.627336589,0.064159402
96.85080343,0.286618166,2.648667337,0.646265228,0.059361076
96.8554421,0.290657337,2.652874141,0.678714324,0.061956892
96.86008077,0.294858075,2.661773151,0.671503414,0.067384506
96.86471944,0.289849503,2.671804761,0.649870683,0.061327603
96.86935811,0.290576553,2.690735381,0.689530689,0.05959706
96.87399678,0.298735679,2.716947009,0.746316608,0.064946013
96.87863545,0.299301163,2.739922633,0.692234781,0.065889946
96.88327412,0.295423559,2.752623947,0.702149782,0.060147687
96.88791279,0.297847061,2.761522956,0.717472967,0.061170281
96.89255146,0.303744251,2.769289365,0.721078422,0.067384506
96.89719013,0.298008628,2.767994963,0.655278866,0.063058147
96.9018288,0.295746692,2.765487061,0.672404778,0.059990365
96.90646747,0.300997615,2.765810661,0.707557965,0.063687435
96.91110614,0.301967016,2.766053361,0.660687048,0.06691254
96.91574481,0.295989043,2.760552155,0.646265228,0.060619654
96.92038348,0.296069826,2.75585995,0.662489776,0.06038367
96.92502215,0.302613283,2.754484649,0.692234781,0.066676556
96.92966082,0.298170195,2.749387944,0.621027042,0.064946013
96.93429949,0.294534941,2.740893435,0.639054318,0.059911704
96.93893816,0.298170195,2.735877629,0.671503414,0.062350197
96.94357683,0.301724665,2.733046126,0.650772047,0.067384506
96.9482155,0.294777291,2.724875218,0.617421587,0.061720909
96.95285417,0.294292591,2.71799871,0.639054318,0.060147687
96.95749284,0.300432131,2.715248107,0.682319779,0.065260657
96.96213151,0.297927845,2.711850304,0.618322951,0.065417979
96.96677018,0.292596139,2.704083895,0.629139316,0.059911704
96.97140885,0.294777291,2.69866359,0.655278866,0.061170281
96.97604752,0.29994743,2.697126488,0.66339114,0.067305845
96.98068619,0.293403973,2.691382582,0.61111204,0.062507519
96.98532486,0.290980471,2.684910575,0.633646135,0.059754382
96.98996353,0.295827476,2.682079072,0.675108869,0.063608774
96.9946022,0.29639296,2.67981387,0.625533861,0.066676556
96.99924087,0.289930286,2.672775562,0.620125678,0.060619654
97.00387954,0.290818904,2.667436157,0.641758409,0.060540992
97.00851821,0.29687766,2.666060855,0.671503414,0.066833878
97.01315688,0.292030655,2.661773151,0.606605222,0.06400208
97.01779555,0.288395401,2.655382044,0.627336589,0.060226348
97.02243422,0.292192222,2.65198424,0.66339114,0.062900825
97.02707289,0.294777291,2.65214604,0.640857045,0.067856472
97.03171156,0.288314618,2.647049335,0.613816132,0.06179957
97.03635023,0.287910701,2.64235713,0.634547499,0.060619654
97.0409889,0.294534941,2.641386329,0.67781296,0.065968607
97.04562757,0.291626738,2.639930127,0.612013404,0.065732623
97.05026624,0.286618166,2.634509822,0.626435225,0.060069026
97.05490491,0.288960885,2.631597419,0.653476138,0.061563586
97.05954358,0.294292591,2.632001919,0.657081593,0.067541828
97.06418225,0.287991484,2.628765916,0.609309313,0.062428858
97.06882092,0.285729548,2.624963612,0.631843407,0.060147687
97.07345959,0.291303604,2.624478211,0.675108869,0.064474046
97.07809826,0.291303604,2.624397311,0.623731133,0.066519234
97.08273693,0.285325631,2.620433207,0.62282977,0.060540992
97.0873756,0.286537383,2.618410705,0.6444625,0.060855637
97.09201427,0.292838489,2.619866906,0.673306141,0.066991201
97.09665294,0.287506784,2.618977005,0.61111204,0.063766097
97.10129161,0.28459858,2.617359004,0.63725159,0.060069026
97.10593028,0.289122452,2.619300606,0.678714324,0.063136808
97.11056895,0.291626738,2.624478211,0.651673411,0.067541828
97.11520762,0.285244848,2.62391191,0.63004068,0.061012959
97.11984629,0.285164064,2.62302201,0.649870683,0.060226348
97.12448496,0.292111438,2.626743413,0.691333417,0.066047268
97.12912363,0.288960885,2.627309714,0.621928406,0.065024674
97.1337623,0.284437014,2.62350741,0.639054318,0.060147687
97.13840097,0.28766835,2.622455709,0.666996595,0.061878231
97.14303964,0.292515356,2.624640011,0.662489776,0.067777811
97.14767831,0.285648765,2.621565808,0.617421587,0.062507519
97.15231698,0.284921714,2.619138805,0.63725159,0.060226348
97.15695565,0.290657337,2.619705106,0.681418415,0.064946013
97.16159432,0.289849503,2.620756807,0.625533861,0.066676556
97.16623299,0.284033097,2.616469103,0.627336589,0.060698315
97.17087166,0.285406415,2.6144466,0.650772047,0.060934298
97.17551033,0.291465171,2.616954503,0.669700686,0.067541828
97.180149,0.285487198,2.615174701,0.608407949,0.064080741
97.18478767,0.282578995,2.611615097,0.630942044,0.060540992
97.18942634,0.287426,2.612181398,0.67060205,0.063766097
97.19406501,0.289768719,2.6142039,0.63725159,0.067227184
97.19870368,0.283467613,2.612100498,0.621027042,0.061170281
97.20334235,0.28411388,2.611048797,0.641758409,0.060226348
97.20798102,0.290414987,2.6142848,0.680517052,0.06620459
97.21261969,0.2869413,2.6137994,0.61111204,0.064788691
97.21725836,0.283063696,2.610320696,0.63004068,0.059990365
97.22189703,0.286133465,2.609511695,0.662489776,0.062114214
97.2265357,0.290818904,2.613394899,0.655278866,0.067935134
97.23117437,0.284840931,2.611695997,0.615618859,0.062350197
97.23581304,0.28387153,2.608783594,0.63725159,0.060069026
97.24045171,0.289849503,2.610077996,0.680517052,0.065024674
97.24509038,0.288556968,2.611210597,0.620125678,0.066125929
97.24972905,0.283144479,2.607812793,0.626435225,0.060540992
97.25436772,0.285164064,2.606437492,0.650772047,0.061170281
97.25900639,0.290899687,2.609673495,0.667897959,0.067384506
97.26364506,0.284840931,2.608459994,0.610210677,0.063451452
97.26828373,0.283144479,2.606437492,0.634547499,0.060069026
97.2729224,0.287910701,2.608459994,0.676911597,0.063608774
97.27756107,0.289364802,2.612504998,0.639054318,0.067069862
97.28219974,0.283306046,2.611372397,0.628237952,0.060934298
97.28683841,0.283629179,2.610806097,0.648969319,0.060540992
97.29147708,0.290414987,2.615255601,0.685023871,0.066991201
97.29611575,0.285971899,2.616145502,0.618322951,0.065024674
97.30075442,0.282175078,2.614608401,0.639955681,0.060698315
97.30539309,0.286537383,2.616630903,0.674207505,0.062271536
97.31003176,0.290657337,2.621808508,0.659785685,0.067777811
97.31467043,0.28435623,2.620271407,0.626435225,0.061878231
97.3193091,0.283709963,2.619947806,0.647166592,0.059911704
97.32394777,0.289768719,2.624235511,0.692234781,0.065103335
97.32858644,0.288314618,2.626500713,0.628237952,0.066125929
97.33322511,0.283144479,2.625610812,0.639955681,0.060619654
97.33786378,0.285648765,2.626824314,0.666095231,0.061248942
97.34250245,0.291142037,2.63281092,0.655278866,0.056293294