#Digilent WaveForms Oscilloscope Acquisition,,,,
#Device Name: Discovery3,,,,
#Serial Number: SN:210415BB0163,,,,
#Device Plus: Discovery3,,,,
#Serial Plus: SN:210415BB0594,,,,
#Date Time: 2025-03-28 15:43:07.912.649.790,,,,
#Sample rate: 215.579Hz,,,,
#Samples: 12403,,,,
#Trigger: Source: Channel 1 Type: Edge Condition: Rising Level: 0 V Hyst.: Auto HoldOff: 0 s,,,,
#Channel 1: Range: 500 mV/div Offset: -1.5 V Sample Mode: Average,,,,
#Channel 2: Range: 500 mV/div Offset: -2.25 V Sample Mode: Average,,,,
#Channel 3: Range: 1 V/div Offset: 1 V Sample Mode: Average,,,,
#Channel 4: Range: 200 mV/div Offset: -820 mV Sample Mode: Average,,,,
,,,,
#,,,,
#Time (s),Channel 1 (V),Channel 2 (V),Channel 3 (V),Channel 4 (V)
40.97338461,0.195252119,1.389619301,0.458781561,0.071789526
40.97802328,0.167381839,1.367857178,0.510159297,0.045438066
40.98266195,0.174652347,1.366886377,0.532693391,0.05157363
40.98730062,0.170532393,1.360737971,0.455176106,0.049607103
40.99193929,0.166250871,1.349897359,0.465992472,0.044887439
40.99657796,0.169320641,1.342939952,0.491230657,0.046932627
41.00121663,0.173602163,1.339137648,0.475006109,0.05228158
41.0058553,0.167139489,1.329753238,0.436247467,0.046932627
41.01049397,0.165927738,1.320368828,0.453373379,0.045280744
41.01513264,0.172390411,1.316242924,0.495737476,0.050629697
41.01977131,0.171017093,1.310984418,0.434444739,0.051023002
41.02440998,0.165766171,1.302004508,0.442557013,0.045280744
41.02904865,0.167301056,1.294885301,0.465992472,0.046224677
41.03368732,0.173440596,1.293348199,0.479512928,0.052674885
41.03832599,0.167462623,1.287199793,0.425431101,0.048427187
41.04296466,0.164958337,1.279756985,0.446162468,0.045359405
41.04760333,0.169966909,1.27563108,0.485822475,0.049135137
41.052242,0.171501794,1.273284978,0.443458377,0.052124257
41.05688067,0.165362254,1.26576127,0.434444739,0.045910033
41.06151934,0.166089305,1.260664565,0.454274742,0.045280744
41.06615801,0.172955895,1.259208363,0.488526566,0.051258986
41.07079668,0.168028107,1.254273458,0.423628374,0.049528442
41.07543535,0.164231286,1.24674975,0.444359741,0.045359405
41.08007402,0.168270457,1.244403647,0.476808837,0.047561915
41.08471269,0.171905711,1.243918247,0.459682925,0.052753546
41.08935136,0.165523821,1.238659741,0.428135193,0.046853965
41.09399003,0.164715986,1.233320336,0.44886656,0.045202083
41.0986287,0.171097877,1.233158535,0.492132021,0.050629697
41.10326737,0.169482208,1.231702334,0.431740648,0.05086568
41.10790604,0.16455442,1.226201128,0.442557013,0.045359405
41.11254471,0.166977922,1.223935926,0.466893835,0.04646066
41.11718338,0.172794328,1.225149427,0.475907473,0.052674885
41.12182205,0.166412438,1.221751623,0.426332465,0.047955221
41.12646072,0.164150503,1.217383019,0.447965196,0.045359405
41.13109939,0.169805342,1.217787519,0.48942793,0.049449781
41.13573806,0.170855526,1.21875832,0.444359741,0.051966935
41.14037673,0.164877553,1.214632416,0.439852922,0.045910033
41.1450154,0.166008521,1.213985215,0.462387016,0.045910033
41.14965407,0.172713545,1.217383019,0.493934749,0.052517563
41.15429274,0.16810889,1.217544819,0.431740648,0.049607103
41.15893141,0.165362254,1.217221218,0.456978834,0.045595388
41.16357008,0.169724558,1.224744926,0.498441568,0.048505848
41.16820875,0.174086863,1.239954143,0.485822475,0.053146851
41.17284742,0.168674374,1.249581253,0.464189744,0.047247271
41.17748609,0.167947323,1.254597058,0.479512928,0.045910033
41.18212476,0.17449078,1.257590361,0.516468843,0.051416308
41.18676343,0.172390411,1.25678136,0.446162468,0.051258986
41.1914021,0.167462623,1.250632954,0.45607747,0.046067355
41.19604077,0.170613176,1.247882351,0.479512928,0.047325932
41.20067944,0.175621748,1.248934052,0.480414292,0.053618818
41.20531811,0.169320641,1.244969948,0.430839284,0.048584509
41.20995678,0.16762419,1.239387842,0.450669287,0.045988694
41.21459545,0.173036679,1.238821541,0.493033385,0.050157731
41.21923412,0.173682946,1.238497941,0.443458377,0.052832207
41.22387279,0.167462623,1.233239435,0.441655649,0.046696643
41.22851146,0.168755157,1.230407932,0.46328838,0.046853965
41.23315013,0.175217831,1.231216933,0.490329294,0.05306819
41.2377888,0.170128476,1.229437131,0.429036557,0.049843086
41.24242747,0.167058706,1.226686529,0.452472015,0.045988694
41.24706614,0.171905711,1.230246132,0.493033385,0.048977814
41.25170481,0.175137048,1.238012541,0.472302018,0.053618818
41.25634348,0.169078291,1.241895745,0.455176106,0.047325932
41.26098215,0.169239858,1.245698049,0.476808837,0.046303338
41.26562082,0.176429582,1.253059956,0.518271571,0.052045596
41.27025949,0.173359812,1.255729659,0.450669287,0.05157363
41.27489816,0.168916724,1.252736356,0.462387016,0.046146016
41.27953683,0.171501794,1.251037454,0.486723839,0.047955221
41.2841755,0.176833499,1.252979056,0.484019747,0.053461496
41.28881417,0.170047692,1.249581253,0.438050194,0.048427187
41.29345284,0.168432024,1.244484547,0.45607747,0.045910033
41.29809151,0.174167646,1.243109246,0.497540204,0.050315053
41.30273018,0.173925296,1.242219345,0.441655649,0.052124257
41.30736885,0.16835124,1.236313639,0.442557013,0.046381999
41.31200752,0.169239858,1.231297833,0.46328838,0.046539321
41.31664619,0.175460181,1.231783234,0.484921111,0.05306819
41.32128486,0.170128476,1.229032631,0.426332465,0.049292459
41.32592353,0.167301056,1.225392127,0.447965196,0.045674049
41.3305622,0.171744144,1.225715727,0.488526566,0.049056476
41.33520087,0.175056264,1.231540534,0.469597927,0.053304174
41.33983954,0.169320641,1.238012541,0.469597927,0.047247271
41.34447821,0.169562992,1.243513746,0.495737476,0.046381999
41.34911688,0.176429582,1.249581253,0.5299893,0.052124257
41.35375555,0.172713545,1.249904853,0.45607747,0.051023002
41.35839422,0.16810889,1.246345249,0.466893835,0.045988694
41.36303289,0.171340227,1.243837347,0.491230657,0.047797898
41.36767156,0.175702531,1.244080047,0.481315656,0.053461496
41.37231023,0.169401425,1.239792342,0.438050194,0.047797898
41.3769489,0.167785756,1.235181038,0.45607747,0.04575271
41.38158757,0.17400608,1.235100137,0.497540204,0.050629697
41.38622624,0.173117462,1.234048436,0.440754286,0.05228158
41.39086491,0.16762419,1.229356231,0.444359741,0.046303338
41.39550358,0.169482208,1.226929229,0.468696563,0.046853965
41.40014225,0.175460181,1.22822363,0.486723839,0.053225513
41.40478092,0.170451609,1.226848329,0.42993792,0.049135137
41.40941959,0.16786654,1.223855026,0.453373379,0.045595388
41.41405826,0.174571564,1.224987627,0.495737476,0.049135137
41.41869693,0.178772301,1.22822363,0.465992472,0.05306819
41.4233356,0.173198245,1.227252829,0.452472015,0.047011288
41.42797427,0.173440596,1.22806183,0.471400654,0.046303338
41.43261294,0.180468753,1.235100137,0.510159297,0.052202919
41.43725161,0.1773182,1.240035043,0.444359741,0.050629697
41.44189028,0.173279029,1.242219345,0.46328838,0.045988694
41.44652895,0.176995066,1.247963251,0.494836113,0.048112543
41.45116762,0.181115021,1.255001559,0.481315656,0.05377614
41.45580629,0.174409997,1.254435258,0.443458377,0.047955221
41.46044496,0.173279029,1.251603755,0.46328838,0.045910033
41.46508363,0.179418569,1.251765555,0.50384975,0.050787019
41.4697223,0.178126034,1.251684655,0.443458377,0.051888274
41.47436097,0.172471195,1.24699245,0.450669287,0.046146016
41.47899964,0.17424843,1.244646348,0.474104746,0.046932627
41.48363831,0.179903269,1.245859849,0.488526566,0.053304174
41.48827698,0.174086863,1.243028346,0.434444739,0.048899153
41.49291565,0.171340227,1.239711442,0.457880198,0.045516727
41.49755432,0.176429582,1.241329444,0.499342932,0.048977814
41.50219299,0.178045251,1.245778949,0.461485653,0.052360241
41.50683166,0.171744144,1.245859849,0.452472015,0.046303338
41.51147033,0.172632762,1.245698049,0.473203382,0.045831371
41.516109,0.179176218,1.248934052,0.505652478,0.051730952
41.52074767,0.174813914,1.248205951,0.438050194,0.049921747
41.52538634,0.170855526,1.242785646,0.45607747,0.045595388
41.53002501,0.173844513,1.240844044,0.486723839,0.047797898
41.53466368,0.17756055,1.241572144,0.470499291,0.052753546
41.53930235,0.170855526,1.23768894,0.438050194,0.047325932
41.54394102,0.169724558,1.233563036,0.458781561,0.045438066
41.54857969,0.176025665,1.234857437,0.502047023,0.050551036
41.55321836,0.17424843,1.236879939,0.443458377,0.051258986
41.55785703,0.169320641,1.236799039,0.464189744,0.045674049
41.5624957,0.17142101,1.242704746,0.501145659,0.046539321
41.56713437,0.177156633,1.253302657,0.514666116,0.052753546
41.57177304,0.171017093,1.258318462,0.460584289,0.048269865
41.57641171,0.169078291,1.259531963,0.477710201,0.045516727
41.58105038,0.174167646,1.265033169,0.518271571,0.049135137
41.58568905,0.174894697,1.271828776,0.473203382,0.052045596
41.59032772,0.168593591,1.272718677,0.465992472,0.045910033
41.59496639,0.169562992,1.274336679,0.484921111,0.045359405
41.59960506,0.176268015,1.278381683,0.512863388,0.051652291
41.60424373,0.17166336,1.276440081,0.446162468,0.049135137
41.6088824,0.167704973,1.272799577,0.46328838,0.045044761
41.61352107,0.172228844,1.271343376,0.494836113,0.047561915
41.61815974,0.175621748,1.271909676,0.471400654,0.052438902
41.62279841,0.168755157,1.26616577,0.439852922,0.046696643
41.62743708,0.168028107,1.260745465,0.457880198,0.045044761
41.63207575,0.174894697,1.259046563,0.498441568,0.050551036
41.63671442,0.172228844,1.256943161,0.432642012,0.050629697
41.64135309,0.166977922,1.249500353,0.445261105,0.045202083
41.64599176,0.169562992,1.245374448,0.471400654,0.046381999
41.65063043,0.174975481,1.244727248,0.476808837,0.05228158
41.6552691,0.168512807,1.240115943,0.426332465,0.047561915
41.65990777,0.166574005,1.235100137,0.447063832,0.045123422
41.66454644,0.172471195,1.234129336,0.48942793,0.049449781
41.66918511,0.172875112,1.233482136,0.440754286,0.051809613
41.67382378,0.166897139,1.22838543,0.437148831,0.045674049
41.67846245,0.16786654,1.225068527,0.459682925,0.045438066
41.68310112,0.174167646,1.226201128,0.487625202,0.051652291
41.68773979,0.169078291,1.223693225,0.424529738,0.04866317
41.69237846,0.166170088,1.21843472,0.447063832,0.044494133
41.69701713,0.170613176,1.217625719,0.48221702,0.047404593
41.7016558,0.173279029,1.21900102,0.45607747,0.052202919
41.70629447,0.166816355,1.215441417,0.432642012,0.046224677
41.71093314,0.166250871,1.214066115,0.45607747,0.044808778
41.71557181,0.172390411,1.21851562,0.500244295,0.05086568
41.72021048,0.169805342,1.220295422,0.436247467,0.050000408
41.72484915,0.16503912,1.216493118,0.449767924,0.044887439
41.72948782,0.167704973,1.215036916,0.475907473,0.046696643
41.73412649,0.173036679,1.216654918,0.475006109,0.05228158
41.73876516,0.166574005,1.213257114,0.428135193,0.047325932
41.74340383,0.16503912,1.20905031,0.44886656,0.044730116
41.7480425,0.170855526,1.20905031,0.490329294,0.049135137
41.75268117,0.170693959,1.20921211,0.438050194,0.051337647
41.75731984,0.164715986,1.204277205,0.437148831,0.045280744
41.76195851,0.166331655,1.202416503,0.460584289,0.045674049
41.76659718,0.172955895,1.204439005,0.484921111,0.052124257
41.77123585,0.16786654,1.201769302,0.425431101,0.048820492
41.77587452,0.16503912,1.198047898,0.449767924,0.044651455
41.78051319,0.169239858,1.198695099,0.488526566,0.048033882
41.78515186,0.172228844,1.201041201,0.457880198,0.052360241
41.78979053,0.16528147,1.196834397,0.437148831,0.04646066
41.7944292,0.165200687,1.193921994,0.455176106,0.045516727
41.79906787,0.172148061,1.196268096,0.494836113,0.051258986
41.80370654,0.168755157,1.196106296,0.429036557,0.050393714
41.80834521,0.164473636,1.192142192,0.446162468,0.045674049
41.81298388,0.167301056,1.191171391,0.475006109,0.04716861
41.81762255,0.171824927,1.194245594,0.472302018,0.052832207
41.82226122,0.165604604,1.193193893,0.430839284,0.047640576
41.82689989,0.164312069,1.194488294,0.460584289,0.045359405
41.83153856,0.170047692,1.203549104,0.518271571,0.05007907
41.83617723,0.169643775,1.213095314,0.469597927,0.051809613
41.8408159,0.163988936,1.213823415,0.468696563,0.045831371
41.84545457,0.165443037,1.213985215,0.484921111,0.046067355
41.85009324,0.171986494,1.216493118,0.499342932,0.052674885
41.85473191,0.166250871,1.214632416,0.437148831,0.048820492
41.85937058,0.163746585,1.212124513,0.455176106,0.045202083
41.86400925,0.168835941,1.213418914,0.491230657,0.048427187
41.86864792,0.170855526,1.215603217,0.45607747,0.052360241
41.87328659,0.16479677,1.212771714,0.439852922,0.045988694
41.87792526,0.164958337,1.211234612,0.458781561,0.045516727
41.88256393,0.171501794,1.214470616,0.49663884,0.051416308
41.8872026,0.168432024,1.213580715,0.431740648,0.049843086
41.89184127,0.164150503,1.209778411,0.44886656,0.045202083
41.89647994,0.167301056,1.20969751,0.477710201,0.047325932
41.90111861,0.17166336,1.211153712,0.466893835,0.052832207
41.90575728,0.165200687,1.206704207,0.428135193,0.047089949
41.91039595,0.163988936,1.203468204,0.44886656,0.045359405
41.91503462,0.170209259,1.204277205,0.491230657,0.05007907
41.91967329,0.169239858,1.204115405,0.432642012,0.051180325
41.92431196,0.163827369,1.2001513,0.438951558,0.045831371
41.92895063,0.165604604,1.198695099,0.465091108,0.046146016
41.9335893,0.171340227,1.200798501,0.481315656,0.052596224
41.93822797,0.166089305,1.199261399,0.426332465,0.048427187
41.94286664,0.163423452,1.196429896,0.447965196,0.045438066
41.94750531,0.168593591,1.197886098,0.48942793,0.048977814
41.95214398,0.170693959,1.201364802,0.451570651,0.05228158
41.95678265,0.164312069,1.198533299,0.439852922,0.046303338
41.96142132,0.164715986,1.197966998,0.461485653,0.04575271
41.96605999,0.17142101,1.202012002,0.498441568,0.052045596
41.97069866,0.167543406,1.203791804,0.432642012,0.050236392
41.97533733,0.163988936,1.201850202,0.454274742,0.045595388
41.979976,0.168028107,1.205328906,0.488526566,0.048033882
41.98461467,0.172875112,1.214470616,0.48221702,0.053146851
41.98925334,0.167220272,1.226524728,0.466893835,0.047640576
41.99389201,0.16786654,1.243432846,0.508356569,0.045438066
41.99853068,0.175217831,1.264224168,0.559734305,0.050472375
42.00316935,0.174894697,1.278138983,0.493033385,0.051180325
42.00780802,0.169966909,1.281860387,0.493934749,0.045516727
42.01244669,0.172551978,1.28509639,0.510159297,0.046224677
42.01708536,0.178368384,1.289626795,0.511962024,0.052832207
42.02172403,0.172148061,1.288494194,0.453373379,0.047955221
42.0263627,0.170128476,1.28453009,0.471400654,0.045123422
42.03100137,0.175460181,1.286552592,0.507455206,0.049135137
42.03564004,0.177237416,1.289869496,0.462387016,0.05228158
42.04027871,0.171582577,1.289950396,0.453373379,0.046067355
42.04491738,0.172228844,1.291649297,0.474104746,0.045674049
42.04955605,0.178772301,1.297393204,0.506553842,0.052202919
42.05419472,0.174652347,1.301923608,0.443458377,0.049843086
42.05883339,0.171259443,1.305483212,0.465992472,0.045359405
42.06347206,0.175702531,1.311388918,0.502047023,0.047955221
42.06811073,0.180145619,1.321825029,0.486723839,0.052674885
42.0727494,0.17424843,1.328620637,0.458781561,0.046853965
42.07738807,0.17424843,1.335416244,0.479512928,0.04575271
42.08202674,0.181357371,1.349411959,0.527285209,0.050944341
42.08666541,0.180711103,1.362760473,0.469597927,0.050944341
42.09130408,0.177641334,1.381529293,0.492132021,0.04575271
42.09594275,0.181842071,1.40717462,0.526383845,0.046775304
42.10058142,0.190970598,1.446249361,0.545312484,0.053146851
42.10522009,0.187173777,1.486294904,0.508356569,0.048427187
42.10985876,0.187739261,1.529010149,0.541707029,0.045988694
42.11449743,0.196140736,1.573909697,0.592183401,0.049764425
42.1191361,0.200179907,1.622692449,0.551622031,0.052438902
42.12377477,0.197917972,1.662657091,0.545312484,0.04646066
42.12841344,0.201310875,1.697282328,0.558832941,0.04646066
42.13305211,0.209308434,1.723251255,0.576860217,0.052832207
42.13769078,0.204865346,1.734739067,0.504751114,0.05007907
42.14232945,0.201391659,1.735628968,0.516468843,0.046067355
42.14696812,0.205350046,1.733444666,0.540805665,0.048741831
42.15160679,0.208258249,1.730127762,0.507455206,0.053304174
42.15624546,0.200906958,1.719772551,0.475907473,0.047404593
42.16088413,0.200018341,1.707394838,0.487625202,0.046303338
42.1655228,0.205996314,1.69954753,0.524581117,0.051652291
42.17016147,0.202522627,1.689030519,0.455176106,0.051180325
42.17480014,0.197514055,1.674873004,0.467795199,0.045988694
42.17943881,0.19953364,1.662657091,0.493033385,0.047404593
42.18407748,0.203895945,1.654000782,0.492132021,0.053697479
42.18871615,0.197271704,1.640490467,0.445261105,0.048584509
42.19335482,0.194848202,1.626252052,0.466893835,0.046224677
42.19799349,0.200260691,1.616220442,0.511060661,0.050315053
42.20263216,0.19977599,1.607078732,0.460584289,0.05228158
42.20727083,0.193474884,1.595186419,0.459682925,0.046224677
42.2119095,0.194121151,1.587177311,0.481315656,0.046303338
42.21654817,0.199937557,1.587420011,0.508356569,0.052910868
42.22118684,0.194444285,1.584831208,0.450669287,0.049213798
42.22582551,0.190970598,1.580462604,0.473203382,0.04575271
42.23046418,0.195494469,1.580381704,0.510159297,0.04866317
42.23510285,0.197756405,1.582161506,0.480414292,0.052989529
42.23974152,0.190889814,1.5770648,0.459682925,0.046539321
42.24438019,0.190405114,1.573586096,0.477710201,0.045831371
42.24901886,0.197029354,1.574395097,0.516468843,0.051730952
42.25365753,0.194040368,1.574071497,0.450669287,0.050629697
42.2582962,0.190001197,1.571644494,0.468696563,0.045674049
42.26293487,0.192667049,1.572453495,0.49663884,0.047483254
42.26757354,0.197998755,1.576093999,0.493934749,0.05306819
42.27221221,0.191455298,1.573505196,0.451570651,0.047876559
42.27685088,0.189920413,1.569136592,0.471400654,0.045516727
42.28148955,0.195494469,1.56727589,0.514666116,0.050157731
42.28612822,0.194605852,1.563311786,0.457880198,0.051888274
42.29076689,0.188304745,1.552066674,0.458781561,0.045988694
42.29540556,0.189031796,1.542763164,0.480414292,0.046617982
42.30004423,0.194525068,1.537181058,0.498441568,0.052989529
42.3046829,0.188223961,1.526097746,0.438050194,0.049135137
42.30932157,0.184992625,1.513234632,0.457880198,0.045674049
42.31396024,0.188708662,1.503041222,0.493934749,0.049135137
42.31859891,0.190809031,1.495355713,0.459682925,0.052989529
42.32323758,0.183780873,1.481845399,0.445261105,0.046696643
42.32787625,0.183215389,1.469386786,0.465992472,0.04646066
42.33251492,0.188789445,1.460973177,0.504751114,0.052910868
42.33715359,0.184427141,1.450941566,0.438050194,0.051337647
42.34179226,0.179822486,1.437431252,0.459682925,0.046696643
42.34643093,0.182245988,1.427318741,0.492132021,0.048741831
42.3510696,0.186446726,1.421493935,0.487625202,0.054248106
42.35570827,0.179337785,1.410491523,0.451570651,0.048584509
42.36034694,0.17756055,1.399408212,0.469597927,0.04646066
42.36498561,0.182811472,1.392612605,0.509257933,0.051494969
42.36962428,0.181680504,1.385088897,0.447063832,0.05306819
42.37426295,0.175702531,1.373358384,0.450669287,0.047011288
42.37890162,0.176995066,1.364782975,0.470499291,0.047640576
42.38354029,0.182649905,1.35984807,0.484019747,0.054012123
42.38817896,0.176833499,1.35086816,0.426332465,0.049921747
42.39281763,0.173763729,1.339865749,0.447063832,0.046775304
42.3974563,0.178772301,1.333879142,0.484921111,0.050393714
42.40209497,0.180307186,1.329995938,0.447063832,0.053382835
42.40673364,0.173602163,1.320449728,0.435346103,0.04716861
42.41137231,0.173925296,1.31333052,0.457880198,0.046539321
42.41601098,0.180307186,1.311146218,0.493934749,0.052674885
42.42064965,0.176106449,1.305725912,0.428135193,0.050787019
42.42528832,0.171986494,1.297231403,0.447965196,0.046146016
42.42992699,0.175217831,1.291730198,0.479512928,0.048348526
42.43456566,0.178933868,1.290516696,0.465992472,0.053540157
42.43920433,0.17166336,1.283559289,0.432642012,0.047561915
42.443843,0.170451609,1.276844582,0.451570651,0.045988694
42.44848167,0.176671932,1.275711981,0.495737476,0.050944341
42.45312034,0.174894697,1.273608578,0.434444739,0.051494969
42.45775901,0.169562992,1.267541072,0.444359741,0.046381999
42.46239768,0.171501794,1.263981468,0.469597927,0.047011288
42.46703635,0.177641334,1.264547769,0.481315656,0.053461496
42.47167502,0.171986494,1.261069065,0.429036557,0.049135137
42.47631369,0.169886125,1.256943161,0.451570651,0.046224677
42.48095236,0.175298614,1.25661956,0.492132021,0.049607103
42.48559103,0.176510366,1.257185861,0.449767924,0.052596224
42.4902297,0.170532393,1.251846455,0.440754286,0.046617982
42.49486837,0.17117866,1.249662153,0.462387016,0.04646066
42.49950704,0.177398983,1.251441955,0.494836113,0.052596224
42.50414571,0.173036679,1.250552054,0.430839284,0.050315053
42.50878438,0.169482208,1.24650705,0.451570651,0.045674049
42.51342305,0.173117462,1.246426149,0.485822475,0.048269865
42.51806172,0.176510366,1.248772252,0.465992472,0.053304174
42.52270039,0.170047692,1.245374448,0.436247467,0.04716861
42.52733906,0.168916724,1.242785646,0.45607747,0.04575271
42.53197773,0.175217831,1.245050848,0.500244295,0.050944341
42.5366164,0.173198245,1.246426149,0.437148831,0.051023002
42.54125507,0.168028107,1.243594646,0.44886656,0.045516727
42.54589374,0.170693959,1.243432846,0.475006109,0.046853965
42.55053241,0.176025665,1.24739695,0.481315656,0.052910868
42.55517108,0.169724558,1.246183449,0.431740648,0.048033882
42.55980975,0.167462623,1.243594646,0.453373379,0.04575271
42.56444842,0.173359812,1.246264349,0.494836113,0.049921747
42.56908709,0.173925296,1.249095852,0.44886656,0.052438902
42.57372576,0.16762419,1.247882351,0.444359741,0.046381999
42.57836443,0.168755157,1.248934052,0.465992472,0.046303338
42.5830031,0.175056264,1.254273458,0.494836113,0.052674885
42.58764177,0.171097877,1.258237562,0.434444739,0.049449781
42.59228044,0.16786654,1.261797166,0.459682925,0.045595388
42.59691911,0.172309628,1.272475977,0.500244295,0.048348526
42.60155778,0.176187232,1.287927893,0.48221702,0.052989529
42.60619645,0.169966909,1.300548307,0.462387016,0.04716861
42.61083512,0.169966909,1.316323824,0.488526566,0.045674049
42.61547379,0.177964467,1.339056748,0.539002938,0.051337647
42.62011246,0.176348799,1.363164973,0.481315656,0.051023002
42.62475113,0.172713545,1.383066394,0.502948387,0.045595388
42.6293898,0.175944882,1.40749822,0.536298847,0.046853965
42.63402847,0.182165205,1.434357049,0.540805665,0.052674885
42.63866714,0.176833499,1.45401577,0.49663884,0.047561915
42.64330581,0.175783315,1.468415985,0.516468843,0.045044761
42.64794448,0.181761288,1.486052204,0.560635669,0.049607103
42.65258315,0.182569122,1.499967018,0.50384975,0.051494969
42.65722182,0.176914283,1.503931123,0.494836113,0.045831371
42.66186049,0.177964467,1.506924426,0.508356569,0.045910033
42.66649916,0.184346357,1.510241329,0.524581117,0.052202919
42.67113783,0.179337785,1.505468224,0.457880198,0.048741831
42.6757765,0.176187232,1.497054615,0.475006109,0.045359405
42.68041517,0.180307186,1.490097208,0.506553842,0.048899153
42.68505384,0.182973039,1.485485903,0.475006109,0.052910868
42.68969251,0.176106449,1.475130692,0.453373379,0.046696643
42.69433118,0.175379398,1.466878883,0.471400654,0.04575271
42.69896985,0.181599721,1.462348478,0.512863388,0.051416308
42.70360852,0.178045251,1.456523672,0.446162468,0.050708358
42.70824719,0.172955895,1.448110063,0.465992472,0.045359405
42.71288586,0.175864098,1.442608858,0.49663884,0.047011288
42.71752453,0.18038797,1.441557156,0.494836113,0.052753546
42.7221632,0.173844513,1.435004249,0.454274742,0.047561915
42.72680187,0.171905711,1.428936743,0.475907473,0.045202083
42.73144054,0.177479767,1.428855843,0.520975662,0.049764425
42.73607921,0.176591149,1.431363746,0.468696563,0.051494969
42.74071788,0.170693959,1.430797445,0.473203382,0.04575271
42.74535655,0.171824927,1.433305348,0.499342932,0.046067355
42.74999522,0.178045251,1.442851558,0.523679754,0.052124257
42.75463389,0.173117462,1.451750567,0.473203382,0.048899153
42.75927256,0.170128476,1.464613681,0.509257933,0.045280744
42.76391123,0.174975481,1.486214004,0.559734305,0.048348526
42.7685499,0.1773182,1.513396433,0.535397483,0.052438902
42.77318857,0.171097877,1.534511355,0.525482481,0.046146016
42.77782724,0.17117866,1.556273478,0.550720667,0.045674049
42.78246591,0.177883684,1.580381704,0.590380673,0.051337647
42.78710458,0.17449078,1.599959524,0.520975662,0.050000408
42.79174325,0.170370826,1.61484514,0.533594755,0.045202083
42.79638192,0.173279029,1.628679055,0.555227486,0.046853965
42.80102059,0.177964467,1.639276966,0.539002938,0.052674885
42.80565926,0.171259443,1.642108469,0.497540204,0.046853965
42.81029793,0.169966909,1.644050071,0.517370207,0.044808778
42.8149366,0.176025665,1.644535472,0.553424758,0.049764425
42.81957527,0.174409997,1.639924167,0.486723839,0.051023002
42.82421394,0.168593591,1.627222853,0.483118383,0.045044761
42.82885261,0.169886125,1.61484514,0.498441568,0.04575271
42.83349128,0.175864098,1.603600028,0.508356569,0.051966935
42.83812995,0.169966909,1.587096411,0.444359741,0.048033882
42.84276862,0.167462623,1.56759949,0.461485653,0.045044761
42.84740729,0.171905711,1.552390274,0.49663884,0.048584509
42.85204596,0.173359812,1.53952716,0.45607747,0.052045596
42.85668463,0.167139489,1.521810042,0.439852922,0.045910033
42.8613233,0.167301056,1.505144624,0.456978834,0.045595388
42.86596197,0.17400608,1.493414111,0.492132021,0.051337647
42.87060064,0.170047692,1.479418397,0.425431101,0.049449781
42.87523931,0.165846954,1.463076579,0.444359741,0.0449661
42.87987798,0.169643775,1.450617966,0.475907473,0.047719237
42.88451665,0.173602163,1.441476256,0.465091108,0.052674885
42.88915532,0.166816355,1.428289542,0.430839284,0.047011288
42.89379399,0.165927738,1.415264629,0.450669287,0.045359405
42.89843266,0.172551978,1.40757912,0.494836113,0.050236392
42.90307133,0.170774743,1.39787111,0.434444739,0.051180325
42.90771,0.165766171,1.385816997,0.443458377,0.045280744
42.91234867,0.167543406,1.376028087,0.467795199,0.046224677
42.91698734,0.173602163,1.371093182,0.480414292,0.052674885
42.92162601,0.16786654,1.361870572,0.427233829,0.048427187
42.92626468,0.165119904,1.351677161,0.450669287,0.045438066
42.93090335,0.170209259,1.346499556,0.492132021,0.048977814
42.93554202,0.172067278,1.344072553,0.453373379,0.052202919
42.94018069,0.166170088,1.338814047,0.45607747,0.046067355
42.94481936,0.168028107,1.336548845,0.484921111,0.046067355
42.94945803,0.174894697,1.335658944,0.512863388,0.052045596
42.9540967,0.171017093,1.329915038,0.440754286,0.049685764
42.95873537,0.167543406,1.319883427,0.454274742,0.045044761
42.96337404,0.17117866,1.31268332,0.48221702,0.047797898
42.96801271,0.174813914,1.308152915,0.461485653,0.05306819
42.97265138,0.168270457,1.299092105,0.429036557,0.046696643
42.97729005,0.167381839,1.290273996,0.446162468,0.045516727
42.98192872,0.173279029,1.286228992,0.48942793,0.050787019
42.98656739,0.17117866,1.281213186,0.426332465,0.051180325
42.99120606,0.165766171,1.272314177,0.438050194,0.045674049
42.99584473,0.167462623,1.266732071,0.465091108,0.04646066
43.0004834,0.173036679,1.26535677,0.473203382,0.052753546
43.00512207,0.167058706,1.260098264,0.423628374,0.048033882
43.00976074,0.165200687,1.253788057,0.446162468,0.0449661
43.01439941,0.170451609,1.251765555,0.488526566,0.049213798
43.01903808,0.170855526,1.250471154,0.441655649,0.051888274
43.02367675,0.164958337,1.243675547,0.435346103,0.04575271
43.02831542,0.165604604,1.238012541,0.45607747,0.045595388
43.03295409,0.172309628,1.236960839,0.484921111,0.052045596
43.03759276,0.16762419,1.233967536,0.421825646,0.049135137
43.04223143,0.163827369,1.227576429,0.441655649,0.045123422
43.0468701,0.168270457,1.224178626,0.475006109,0.047719237
43.05150877,0.171259443,1.223531425,0.451570651,0.052674885
43.05614744,0.164715986,1.21851562,0.424529738,0.04646066
43.06078611,0.164069719,1.214227915,0.444359741,0.045202083
43.06542478,0.170532393,1.214066115,0.487625202,0.050629697
43.07006345,0.167704973,1.212286313,0.423628374,0.050629697
43.07470212,0.163181101,1.206623307,0.438050194,0.045438066
43.07934079,0.165523821,1.204277205,0.466893835,0.046775304
43.08397946,0.170855526,1.205733406,0.470499291,0.052832207
43.08861813,0.164312069,1.202335603,0.42272701,0.047640576
43.0932568,0.162534834,1.198209698,0.445261105,0.045359405
43.09789547,0.16786654,1.198209698,0.488526566,0.049213798
43.10253414,0.168512807,1.1998277,0.438951558,0.05157363
43.10717281,0.162373267,1.195539995,0.437148831,0.045516727
43.11181148,0.163342668,1.193112993,0.459682925,0.045831371
43.11645015,0.169805342,1.195378195,0.484921111,0.052360241
43.12108882,0.164473636,1.193921994,0.42272701,0.049056476
43.12572749,0.161161516,1.191494991,0.445261105,0.045044761
43.13036616,0.165604604,1.192223092,0.481315656,0.048348526
43.13500483,0.168512807,1.195054595,0.452472015,0.052753546
43.1396435,0.162050134,1.191737691,0.42993792,0.047011288
43.14428217,0.1622117,1.189876989,0.449767924,0.045595388
43.14892084,0.168512807,1.193598393,0.491230657,0.051494969
43.15355951,0.165846954,1.195782696,0.428135193,0.050708358
43.15819818,0.161403866,1.193921994,0.447063832,0.045359405
43.16283685,0.164635203,1.196429896,0.479512928,0.047089949
43.16747552,0.169643775,1.204924405,0.483118383,0.05306819
43.17211419,0.162777184,1.209859311,0.445261105,0.047719237
43.17675286,0.162050134,1.222884224,0.487625202,0.045516727
43.18139153,0.168512807,1.262525267,0.583169763,0.049764425
43.1860302,0.16835124,1.328297036,0.598492948,0.05157363
43.19066887,0.163019535,1.396900309,0.641758409,0.045438066
43.19530754,0.165523821,1.448595464,0.66339114,0.045831371
43.19994621,0.171824927,1.475211592,0.648067956,0.052124257
43.20458488,0.166816355,1.478690296,0.547115212,0.048505848
43.20922355,0.163423452,1.471247488,0.536298847,0.0449661
43.21386222,0.16835124,1.462995679,0.549819303,0.047955221
43.21850089,0.170693959,1.453773069,0.498441568,0.052438902
43.22313956,0.164392853,1.439615554,0.465992472,0.046146016
43.22777823,0.164715986,1.426914241,0.475907473,0.045280744
43.2324169,0.171097877,1.418662432,0.507455206,0.051258986
43.23705557,0.167704973,1.409116222,0.436247467,0.049921747
43.24169424,0.163261885,1.396091308,0.450669287,0.045359405
43.24633291,0.166977922,1.387030499,0.479512928,0.047404593
43.25097158,0.17142101,1.380720292,0.470499291,0.052832207
43.25561025,0.16503912,1.36996058,0.42993792,0.04716861
43.26024892,0.163585019,1.36017167,0.450669287,0.045044761
43.26488759,0.169482208,1.356126666,0.494836113,0.050000408
43.26952626,0.168916724,1.352243462,0.438951558,0.051416308
43.27416493,0.163019535,1.344072553,0.445261105,0.045438066
43.2788036,0.165119904,1.337519646,0.467795199,0.045988694
43.28344227,0.17117866,1.334930843,0.485822475,0.052045596
43.28808094,0.165604604,1.327973436,0.427233829,0.048348526
43.29271961,0.162857968,1.319074427,0.447965196,0.045123422
43.29735828,0.168028107,1.314382222,0.486723839,0.048269865
43.30199695,0.169724558,1.311712519,0.450669287,0.051966935
43.30663562,0.163261885,1.304350611,0.437148831,0.045910033
43.31127429,0.164231286,1.298283104,0.456978834,0.045359405
43.31591296,0.170774743,1.296665103,0.493033385,0.051337647
43.32055163,0.166977922,1.292620098,0.425431101,0.049764425
43.3251903,0.163261885,1.28477279,0.442557013,0.045280744
43.32982897,0.166331655,1.279271584,0.472302018,0.047404593
43.33446764,0.171017093,1.278058083,0.459682925,0.052674885
43.33910631,0.164312069,1.270777075,0.42272701,0.04716861
43.34374498,0.163261885,1.263981468,0.443458377,0.045280744
43.34838365,0.169159074,1.260988165,0.485822475,0.050472375
43.35302232,0.16835124,1.257994862,0.426332465,0.051494969
43.35766099,0.162857968,1.251927355,0.435346103,0.045595388
43.36229966,0.164715986,1.248691352,0.462387016,0.046381999
43.36693833,0.171097877,1.250875654,0.479512928,0.052753546
43.371577,0.165523821,1.249095852,0.428135193,0.048348526
43.37621567,0.163019535,1.245698049,0.451570651,0.045202083
43.38085434,0.168270457,1.245536249,0.493033385,0.048820492
43.38549301,0.170128476,1.24715425,0.453373379,0.052124257
43.39013168,0.163988936,1.243756447,0.444359741,0.045910033
43.39477035,0.164392853,1.239792342,0.46328838,0.045595388
43.39940902,0.17117866,1.240277743,0.494836113,0.051652291
43.40404769,0.166816355,1.23752714,0.428135193,0.049921747
43.40868636,0.162777184,1.231702334,0.446162468,0.044887439
43.41332503,0.166735572,1.22854723,0.476808837,0.047561915
43.4179637,0.171097877,1.22854723,0.457880198,0.052753546
43.42260237,0.16455442,1.222884224,0.425431101,0.046932627
43.42724104,0.163504235,1.217302119,0.445261105,0.045359405
43.43187971,0.170451609,1.216493118,0.48942793,0.050472375
43.43651838,0.168755157,1.215360517,0.426332465,0.051023002
43.44115705,0.163585019,1.20905031,0.438050194,0.045280744
43.44579572,0.165362254,1.205733406,0.464189744,0.046146016
43.45043439,0.17142101,1.206623307,0.473203382,0.052360241
43.45507306,0.165362254,1.203063703,0.420924282,0.047797898
43.45971173,0.162696401,1.198371498,0.442557013,0.044730116
43.4643504,0.16786654,1.197643398,0.484921111,0.04866317
43.46898907,0.168674374,1.197724298,0.441655649,0.051966935
43.47362774,0.162938751,1.194083794,0.435346103,0.045595388
43.47826641,0.163423452,1.192223092,0.455176106,0.045674049
43.48290508,0.169805342,1.194245594,0.486723839,0.051809613
43.48754375,0.165443037,1.192870293,0.42272701,0.049292459
43.49218242,0.162373267,1.188501688,0.442557013,0.0449661
43.49682109,0.166331655,1.187126387,0.476808837,0.047404593
43.50145976,0.169482208,1.189553389,0.455176106,0.052517563
43.50609843,0.162938751,1.185589285,0.428135193,0.046381999
43.5107371,0.162534834,1.181867881,0.447063832,0.044730116
43.51537577,0.169078291,1.183243182,0.48942793,0.050472375
43.52001444,0.166654788,1.183243182,0.424529738,0.050787019
43.52465311,0.162050134,1.179845379,0.439852922,0.045044761
43.52929178,0.164635203,1.178793678,0.465992472,0.04646066
43.53393045,0.170128476,1.181948781,0.469597927,0.052753546
43.53856912,0.164231286,1.180088079,0.420924282,0.047561915
43.54320779,0.162292484,1.177580176,0.442557013,0.045280744
43.54784646,0.168028107,1.179521778,0.485822475,0.049292459
43.55248513,0.168512807,1.182272381,0.438951558,0.051809613
43.5571238,0.162534834,1.180411679,0.437148831,0.045674049
43.56176247,0.163504235,1.18113978,0.461485653,0.046067355
43.56640114,0.170451609,1.188339888,0.493934749,0.052202919
43.57103981,0.165846954,1.196429896,0.438951558,0.048977814
43.57567848,0.162696401,1.203953604,0.466893835,0.044887439
43.58031715,0.166735572,1.212690814,0.50384975,0.047876559
43.58495582,0.170047692,1.218111119,0.473203382,0.052674885
43.58959449,0.163423452,1.215360517,0.444359741,0.046617982
43.59423316,0.163504235,1.212367213,0.459682925,0.045674049
43.59887183,0.170047692,1.214066115,0.49663884,0.051023002
43.6035105,0.167301056,1.212529014,0.428135193,0.050472375
43.60814917,0.162454051,1.205895206,0.441655649,0.045202083
43.61278784,0.165685387,1.203063703,0.467795199,0.046696643
43.61742651,0.170693959,1.204034504,0.466893835,0.052753546
43.62206518,0.164392853,1.1996659,0.421825646,0.047404593
43.62670385,0.162857968,1.194811895,0.441655649,0.045359405
43.63134252,0.168835941,1.194407394,0.484019747,0.049764425
43.63598119,0.168432024,1.193679294,0.431740648,0.051730952
43.64061986,0.162615618,1.188178088,0.432642012,0.045831371
43.64525853,0.163746585,1.185265685,0.455176106,0.045910033
43.6498972,0.170209259,1.185751085,0.479512928,0.052045596
43.65453587,0.164877553,1.183404983,0.419121555,0.048427187
43.65917454,0.16148465,1.178874578,0.441655649,0.044887439
43.66381321,0.165766171,1.178389177,0.477710201,0.048112543
43.66845188,0.168512807,1.180330779,0.447063832,0.052360241
43.67309055,0.162130917,1.176609375,0.428135193,0.046303338
43.67772922,0.162050134,1.173211572,0.447965196,0.045438066
43.68236789,0.168674374,1.175395874,0.487625202,0.051258986
43.68700656,0.166008521,1.174910474,0.420022919,0.050000408
43.69164523,0.161403866,1.171027269,0.438050194,0.045202083
43.6962839,0.164635203,1.170299169,0.466893835,0.046932627
43.70092257,0.169320641,1.172968872,0.462387016,0.052596224
43.70556124,0.163504235,1.170056468,0.421825646,0.047247271
43.71019991,0.161888567,1.166982265,0.442557013,0.045438066
43.71483858,0.168270457,1.168276667,0.487625202,0.05007907
43.71947725,0.16762419,1.169490168,0.430839284,0.051494969
43.72411592,0.161888567,1.166254164,0.435346103,0.04575271
43.72875459,0.163423452,1.165121563,0.457880198,0.046067355
43.73339326,0.170128476,1.167710366,0.477710201,0.052202919
43.73803193,0.164231286,1.166254164,0.420022919,0.048505848
43.7426706,0.161727,1.163584462,0.441655649,0.045123422
43.74730927,0.166412438,1.164474363,0.480414292,0.048741831
43.75194794,0.168835941,1.167144065,0.445261105,0.052832207
43.75658661,0.162373267,1.163988962,0.42993792,0.046539321
43.76122528,0.162777184,1.16237096,0.450669287,0.045831371
43.76586395,0.169643775,1.164069862,0.48942793,0.051730952
43.77050262,0.166170088,1.164150762,0.42272701,0.049921747
43.77514129,0.162130917,1.160672059,0.440754286,0.045280744
43.77977996,0.165443037,1.160105758,0.471400654,0.04716861
43.78441863,0.169966909,1.16237096,0.461485653,0.052832207
43.7890573,0.163342668,1.159377657,0.424529738,0.047089949
43.79369597,0.162454051,1.156788854,0.444359741,0.045595388
43.79833464,0.168270457,1.158164156,0.488526566,0.050157731
43.80297331,0.167543406,1.159296757,0.42993792,0.051180325
43.80761198,0.162050134,1.155656253,0.436247467,0.045280744
43.81225065,0.164473636,1.155009052,0.461485653,0.046303338
43.81688932,0.170774743,1.158002356,0.476808837,0.052674885
43.82152799,0.16455442,1.157112455,0.421825646,0.048269865
43.82616666,0.162130917,1.154604552,0.443458377,0.045044761
43.83080533,0.167381839,1.155737153,0.483118383,0.048741831
43.835444,0.168916724,1.157193355,0.442557013,0.052202919
43.84008267,0.162454051,1.153471951,0.430839284,0.046303338
43.84472134,0.162615618,1.151773049,0.450669287,0.045910033
43.84936001,0.169724558,1.154685452,0.484921111,0.051652291
43.85399868,0.165685387,1.154604552,0.420924282,0.049685764
43.85863735,0.16148465,1.15250115,0.441655649,0.045123422
43.86327602,0.165604604,1.153633751,0.474104746,0.047640576
43.86791469,0.169401425,1.156869754,0.458781561,0.052910868
43.87255336,0.163423452,1.155089953,0.424529738,0.047011288
43.87719203,0.162292484,1.15258205,0.444359741,0.045359405
43.8818307,0.168997508,1.154847252,0.488526566,0.050708358
43.88646937,0.167220272,1.156222554,0.427233829,0.051494969
43.89110804,0.162534834,1.153310151,0.438050194,0.045595388
43.89574671,0.164150503,1.152177549,0.462387016,0.046696643
43.90038538,0.169886125,1.156384354,0.474104746,0.052753546
43.90502405,0.163988936,1.154766352,0.420924282,0.048112543
43.90966272,0.161727,1.15225845,0.443458377,0.045359405
43.91430139,0.167220272,1.154280952,0.484019747,0.049449781
43.91894006,0.168432024,1.156627054,0.441655649,0.052438902
43.92357873,0.162454051,1.154038251,0.433543375,0.046381999
43.9282174,0.162938751,1.15306745,0.455176106,0.046146016
43.93285607,0.169643775,1.156465254,0.486723839,0.052360241
43.93749474,0.165846954,1.156222554,0.42272701,0.049607103
43.94213341,0.1622117,1.153957351,0.442557013,0.045595388
43.94677208,0.165846954,1.154280952,0.476808837,0.047955221
43.95141075,0.169805342,1.157274255,0.45607747,0.05306819
43.95604942,0.163019535,1.155413553,0.428135193,0.046932627
43.96068809,0.162696401,1.153471951,0.447965196,0.045516727
43.96532676,0.168997508,1.156546154,0.492132021,0.050944341
43.96996543,0.167704973,1.158083256,0.427233829,0.050629697
43.9746041,0.162130917,1.154685452,0.440754286,0.045359405
43.97924277,0.164635203,1.154119152,0.465992472,0.046617982
43.98388144,0.170128476,1.156788854,0.472302018,0.052753546
43.98852011,0.164231286,1.156465254,0.421825646,0.048033882
43.99315878,0.1622117,1.155009052,0.443458377,0.045202083
43.99779745,0.16786654,1.157031555,0.485822475,0.04937112
44.00243612,0.168512807,1.159377657,0.438951558,0.051652291
44.00707479,0.1622117,1.156546154,0.434444739,0.045988694
44.01171346,0.163261885,1.156627054,0.455176106,0.046381999
44.01635213,0.170128476,1.160105758,0.48221702,0.052202919
44.0209908,0.16528147,1.159296757,0.420022919,0.049449781
44.02562947,0.161888567,1.156222554,0.441655649,0.045123422
44.03026814,0.166412438,1.156950655,0.476808837,0.047640576
44.03490681,0.169805342,1.159701257,0.452472015,0.052360241
44.03954548,0.163100318,1.156869754,0.427233829,0.046303338
44.04418415,0.162696401,1.154766352,0.447063832,0.045674049
44.04882282,0.169320641,1.156788854,0.48942793,0.05086568
44.05346149,0.167139489,1.157840555,0.423628374,0.049921747
44.05810016,0.162777184,1.154604552,0.438951558,0.045202083
44.06273883,0.165119904,1.153957351,0.465992472,0.046696643
44.0673775,0.170451609,1.156869754,0.467795199,0.052517563
44.07201617,0.164069719,1.155251753,0.420924282,0.047404593
44.07665484,0.162050134,1.15225845,0.442557013,0.044887439
44.08129351,0.167947323,1.153552851,0.484921111,0.049449781
44.08593218,0.16786654,1.155737153,0.433543375,0.051337647
44.09057085,0.161888567,1.15250115,0.433543375,0.045516727
44.09520952,0.163342668,1.150964048,0.455176106,0.045674049
44.09984819,0.169886125,1.154280952,0.480414292,0.051809613
44.10448686,0.164473636,1.153229251,0.419121555,0.048348526
44.10912553,0.16148465,1.150964048,0.440754286,0.044808778
44.1137642,0.165766171,1.151530349,0.476808837,0.047876559
44.11840287,0.168512807,1.153876451,0.447965196,0.052202919
44.12304154,0.162130917,1.151368549,0.428135193,0.046067355
44.12768021,0.162050134,1.149993247,0.447965196,0.045123422
44.13231888,0.168835941,1.153471951,0.490329294,0.05086568
44.13695755,0.166008521,1.154119152,0.424529738,0.050315053
44.14159622,0.161565433,1.151449449,0.441655649,0.045202083
44.14623489,0.164877553,1.15233935,0.470499291,0.046853965
44.15087356,0.169966909,1.156060754,0.466893835,0.052438902
44.15551223,0.163504235,1.153957351,0.423628374,0.047089949
44.1601509,0.161807783,1.151368549,0.443458377,0.0449661
44.16478957,0.168028107,1.153148351,0.487625202,0.05007907
44.16942824,0.16786654,1.154685452,0.433543375,0.051416308
44.17406691,0.161888567,1.151368549,0.436247467,0.045359405
44.17870558,0.163342668,1.150802248,0.458781561,0.045910033
44.18334425,0.169482208,1.153633751,0.479512928,0.05228158
44.18798292,0.164231286,1.15298655,0.420924282,0.048505848
44.19262159,0.161565433,1.150074147,0.443458377,0.044887439
44.19726026,0.166412438,1.151853949,0.480414292,0.047955221
44.20189893,0.168512807,1.154361852,0.447965196,0.052045596
44.2065376,0.16196935,1.151934849,0.430839284,0.045988694
44.21117627,0.162534834,1.151125848,0.450669287,0.045202083
44.21581494,0.169724558,1.155170853,0.491230657,0.051258986
44.22045361,0.165685387,1.156627054,0.426332465,0.049685764
44.22509228,0.161727,1.154442752,0.445261105,0.044730116
44.22973095,0.165119904,1.155251753,0.475006109,0.046932627
44.23436962,0.170209259,1.158487756,0.465992472,0.052674885
44.23900829,0.163342668,1.157193355,0.426332465,0.046932627
44.24364696,0.161727,1.154523652,0.447965196,0.0449661
44.24828563,0.16786654,1.156222554,0.490329294,0.049921747
44.2529243,0.167381839,1.157840555,0.431740648,0.050944341
44.25756297,0.161727,1.154280952,0.437148831,0.045123422
44.26220164,0.164069719,1.154200052,0.461485653,0.045988694
44.26684031,0.169643775,1.157921456,0.477710201,0.05228158
44.27147898,0.164473636,1.156869754,0.421825646,0.048269865
44.27611765,0.16196935,1.154523652,0.444359741,0.044887439
44.28075632,0.166493222,1.155575353,0.483118383,0.048584509
44.28539499,0.168432024,1.158406856,0.446162468,0.052360241
44.29003366,0.16196935,1.156627054,0.434444739,0.045910033
44.29467233,0.162454051,1.156627054,0.457880198,0.045516727
44.299311,0.169805342,1.16229006,0.498441568,0.051809613
44.30394967,0.165685387,1.165364263,0.436247467,0.05007907
44.30858834,0.16196935,1.164797963,0.455176106,0.045280744
44.31322701,0.165443037,1.166415965,0.484019747,0.047561915
44.31786568,0.169643775,1.170784569,0.469597927,0.052832207
44.32250435,0.163019535,1.169004767,0.434444739,0.047089949
44.32714302,0.1622117,1.167467666,0.453373379,0.045044761
44.33178169,0.168674374,1.169975568,0.49663884,0.050315053
44.33642036,0.166897139,1.171998071,0.435346103,0.051101663
44.34105903,0.161727,1.169247468,0.445261105,0.045359405
44.3456977,0.163908152,1.169409268,0.468696563,0.046303338
44.35033637,0.170290042,1.173373372,0.480414292,0.052438902
44.35497504,0.164392853,1.173454272,0.428135193,0.048269865
44.35961371,0.162050134,1.172402571,0.450669287,0.045044761
44.36425238,0.16786654,1.177256576,0.492132021,0.048820492
44.36889105,0.169482208,1.183566783,0.451570651,0.052202919
44.37352972,0.163423452,1.184375784,0.444359741,0.045831371
44.37816839,0.163827369,1.186964586,0.465091108,0.045359405
44.38280706,0.171259443,1.194002894,0.499342932,0.051809613
44.38744573,0.167058706,1.196591697,0.434444739,0.049135137
44.3920844,0.163665802,1.196996197,0.454274742,0.044808778
44.39672307,0.16762419,1.1994232,0.485822475,0.047404593
44.40136174,0.171340227,1.204519905,0.465992472,0.052674885
44.40600041,0.165523821,1.202740103,0.434444739,0.046696643
44.41063908,0.16455442,1.1999086,0.453373379,0.045123422
44.41527775,0.170693959,1.201122101,0.494836113,0.050472375
44.41991642,0.168835941,1.200555801,0.430839284,0.05086568
44.42455509,0.163908152,1.195701796,0.441655649,0.045359405
44.42919376,0.166089305,1.193921994,0.465992472,0.04646066
44.43383243,0.171824927,1.196025396,0.472302018,0.052832207
44.4384711,0.165523821,1.193355693,0.421825646,0.048033882
44.44310977,0.163504235,1.189310689,0.444359741,0.045280744
44.44774844,0.169401425,1.19068599,0.486723839,0.049449781
44.45238711,0.170047692,1.191252291,0.439852922,0.05228158
44.45702578,0.163585019,1.186802786,0.434444739,0.045910033
44.46166445,0.164473636,1.183485883,0.454274742,0.045988694
44.46630312,0.17117866,1.185427485,0.484019747,0.052124257
44.47094179,0.166897139,1.184618484,0.420924282,0.049528442
44.47558046,0.162938751,1.179683579,0.441655649,0.045516727
44.48021913,0.167058706,1.178955478,0.475006109,0.048269865
44.4848578,0.170451609,1.18113978,0.452472015,0.052910868
44.48949647,0.163908152,1.177418376,0.428135193,0.046617982
44.49413514,0.163665802,1.174020573,0.447965196,0.045595388
44.49877381,0.169805342,1.175800375,0.491230657,0.051180325
44.50341248,0.167704973,1.175638574,0.425431101,0.051180325
44.50805115,0.162857968,1.171998071,0.440754286,0.045674049
44.51268982,0.165362254,1.171998071,0.468696563,0.046853965
44.51732849,0.17093631,1.176447575,0.472302018,0.052674885
44.52196716,0.16455442,1.175800375,0.426332465,0.048033882
44.52660583,0.163100318,1.174182373,0.447965196,0.045595388
44.5312445,0.169078291,1.176771176,0.490329294,0.049764425
44.53588317,0.169320641,1.180249879,0.439852922,0.051966935
44.54052184,0.163261885,1.177661077,0.439852922,0.046303338
44.54516051,0.164877553,1.178389177,0.462387016,0.046303338
44.54979918,0.171744144,1.184294884,0.48942793,0.052753546
44.55443785,0.166574005,1.185265685,0.429036557,0.049292459
44.55907652,0.163504235,1.184780284,0.451570651,0.04575271
44.56371519,0.16810889,1.186964586,0.487625202,0.048741831
44.56835386,0.171501794,1.191333191,0.458781561,0.053225513
44.57299253,0.164635203,1.188906188,0.437148831,0.047089949
44.5776312,0.164392853,1.186802786,0.454274742,0.045831371
44.58226987,0.170855526,1.188582588,0.494836113,0.051494969
44.58690854,0.168028107,1.188501688,0.428135193,0.050708358
44.59154721,0.163261885,1.184294884,0.442557013,0.045516727
44.59618588,0.166170088,1.182757782,0.469597927,0.047483254
44.60082455,0.171501794,1.184213983,0.467795199,0.053304174
44.60546322,0.164877553,1.181625181,0.424529738,0.048033882
44.61010189,0.163423452,1.178146477,0.446162468,0.045674049
44.61474056,0.169078291,1.178470077,0.488526566,0.050157731
44.61937923,0.168835941,1.179359978,0.436247467,0.052045596
44.6240179,0.163261885,1.175719474,0.437148831,0.045988694
44.62865657,0.164392853,1.173211572,0.459682925,0.046381999
44.63329524,0.170613176,1.175072274,0.480414292,0.052832207
44.63793391,0.16503912,1.173211572,0.420924282,0.048977814
44.64257258,0.162615618,1.170056468,0.442557013,0.04575271
44.64721125,0.167058706,1.170703669,0.479512928,0.048977814
44.65184992,0.168997508,1.173130672,0.447965196,0.052989529
44.65648859,0.162857968,1.169975568,0.430839284,0.046853965
44.66112726,0.162857968,1.167224965,0.449767924,0.045988694
44.66576593,0.169482208,1.170460969,0.48942793,0.052360241
44.6704046,0.165685387,1.170056468,0.423628374,0.050472375
44.67504327,0.161646217,1.166901365,0.441655649,0.04575271
44.67968194,0.164877553,1.166982265,0.471400654,0.047719237
44.68432061,0.169482208,1.169732868,0.464189744,0.053304174
44.68895928,0.162615618,1.166982265,0.424529738,0.047797898
44.69359795,0.161807783,1.165364263,0.446162468,0.045516727
44.69823662,0.168028107,1.168195766,0.491230657,0.050393714
44.70287529,0.167220272,1.170865469,0.434444739,0.051652291
44.70751396,0.161888567,1.168195766,0.440754286,0.045831371
44.71215263,0.163504235,1.169328368,0.465091108,0.046539321
44.7167913,0.169886125,1.177013876,0.48942793,0.052989529
44.72142997,0.164715986,1.184618484,0.446162468,0.049135137
44.72606864,0.162857968,1.193436593,0.478611565,0.045831371
44.73070731,0.168674374,1.207108708,0.526383845,0.049135137
44.73534598,0.171582577,1.219648221,0.490329294,0.052989529
44.73998465,0.165523821,1.222722424,0.470499291,0.046853965
44.74462332,0.165604604,1.223126925,0.483118383,0.045910033
44.74926199,0.172551978,1.226201128,0.511962024,0.051966935
44.75390066,0.168593591,1.225230327,0.441655649,0.050393714
44.75853933,0.164473636,1.221347123,0.457880198,0.045674049
44.763178,0.168189673,1.220538122,0.485822475,0.048033882
44.76781667,0.172228844,1.222803324,0.473203382,0.053225513
44.77245534,0.165927738,1.220780822,0.435346103,0.047640576
44.77709401,0.164715986,1.21851562,0.455176106,0.04575271
44.78173268,0.17093631,1.221023523,0.498441568,0.050944341
44.78637135,0.169724558,1.222237024,0.438050194,0.05157363
44.79101002,0.16455442,1.21900102,0.446162468,0.04575271
44.79564869,0.166250871,1.21843472,0.470499291,0.046696643
44.80028736,0.172228844,1.222075224,0.484019747,0.052832207
44.80492603,0.166008521,1.219648221,0.428135193,0.04866317
44.8095647,0.163908152,1.214147015,0.44886656,0.045516727
44.81420337,0.168916724,1.213338014,0.487625202,0.049449781
44.81884204,0.170290042,1.213176214,0.445261105,0.052832207
44.82348071,0.163827369,1.208484009,0.434444739,0.04646066
44.82811938,0.164635203,1.205248006,0.454274742,0.046303338
44.83275805,0.171259443,1.206218807,0.488526566,0.052438902
44.83739672,0.166897139,1.205248006,0.42272701,0.049843086
44.84203539,0.163261885,1.200555801,0.442557013,0.04575271
44.84667406,0.166897139,1.198209698,0.474104746,0.047955221
44.85131273,0.170451609,1.199018699,0.457880198,0.05306819
44.8559514,0.163746585,1.194569194,0.426332465,0.046932627
44.86059007,0.163181101,1.190928691,0.447063832,0.045910033
44.86522874,0.169562992,1.192384892,0.490329294,0.051101663
44.86986741,0.167543406,1.191737691,0.428135193,0.051494969
44.87450608,0.162534834,1.187207287,0.438951558,0.045910033
44.87914475,0.165119904,1.186802786,0.464189744,0.047404593
44.88378342,0.171017093,1.189229789,0.472302018,0.053540157
44.88842209,0.16479677,1.187045486,0.42272701,0.048505848
44.89306076,0.162777184,1.183324083,0.444359741,0.045910033
44.89769943,0.16810889,1.183971283,0.485822475,0.049764425
44.9023381,0.169239858,1.185751085,0.440754286,0.052753546
44.90697677,0.162938751,1.182191481,0.435346103,0.046381999
44.91161544,0.163746585,1.178793678,0.45607747,0.046303338
44.91625411,0.170370826,1.180007179,0.486723839,0.052832207
44.92089278,0.165766171,1.179036378,0.423628374,0.05007907
44.92553145,0.162292484,1.175072274,0.445261105,0.04575271
44.93017012,0.166412438,1.174748673,0.479512928,0.04866317
44.93480879,0.169643775,1.177661077,0.457880198,0.053225513
44.93944746,0.163181101,1.174263273,0.42993792,0.047404593
44.94408613,0.162454051,1.17151267,0.449767924,0.04575271
44.9487248,0.168997508,1.173858772,0.493033385,0.051337647
44.95336347,0.166897139,1.174829574,0.430839284,0.051494969
44.95800214,0.162050134,1.172483471,0.446162468,0.045910033
44.96264081,0.164473636,1.172887971,0.473203382,0.047404593
44.96727948,0.169724558,1.176932976,0.479512928,0.053461496
44.97191815,0.163181101,1.176852076,0.434444739,0.048112543
44.97655682,0.161807783,1.177013876,0.458781561,0.045674049
44.98119549,0.167301056,1.181544281,0.50384975,0.049921747
44.98583416,0.16835124,1.186802786,0.457880198,0.052674885
44.99047283,0.162696401,1.188663488,0.45607747,0.046539321
44.9951115,0.163342668,1.194407394,0.479512928,0.045988694
44.99975017,0.169886125,1.202982803,0.506553842,0.052753546
45.00438884,0.165200687,1.20905031,0.444359741,0.049607103
45.00902751,0.162050134,1.214227915,0.467795199,0.045516727
45.01366618,0.166493222,1.225149427,0.50384975,0.048899153
45.01830485,0.169724558,1.23785074,0.477710201,0.053146851
45.02294352,0.163342668,1.243594646,0.454274742,0.046696643
45.02758219,0.163423452,1.247963251,0.470499291,0.045674049
45.03222086,0.169724558,1.253221757,0.510159297,0.051809613
45.03685953,0.166977922,1.254677958,0.441655649,0.051101663
45.0414982,0.162292484,1.250390254,0.453373379,0.04575271
45.04613687,0.16528147,1.248125051,0.477710201,0.047247271
45.05077554,0.170209259,1.248691352,0.475907473,0.053540157
45.05541421,0.163746585,1.244080047,0.429036557,0.048033882
45.06005288,0.1622117,1.238983342,0.449767924,0.045831371
45.06469155,0.168189673,1.23785074,0.490329294,0.050236392
45.06933022,0.167785756,1.236960839,0.438050194,0.052202919
45.07396889,0.162130917,1.230893333,0.438050194,0.046067355
45.07860756,0.163423452,1.226524728,0.458781561,0.046381999
45.08324623,0.169724558,1.226848329,0.481315656,0.052910868
45.0878849,0.164312069,1.223126925,0.420924282,0.04937112
45.09252357,0.161565433,1.216493118,0.442557013,0.045516727
45.09716224,0.166089305,1.214308815,0.478611565,0.04866317
45.10180091,0.168755157,1.213985215,0.447965196,0.052832207
45.10643958,0.162615618,1.208726709,0.42993792,0.046932627
45.11107825,0.162454051,1.204358105,0.44886656,0.045595388
45.11571692,0.168997508,1.204277205,0.488526566,0.051888274
45.12035559,0.165927738,1.202416503,0.421825646,0.05086568
45.12499426,0.161323083,1.197319797,0.438951558,0.045831371
45.12963293,0.164877553,1.194569194,0.467795199,0.047719237
45.1342716,0.169320641,1.195539995,0.46328838,0.053540157
45.13891027,0.162454051,1.191414091,0.42272701,0.047876559
45.14354894,0.161080733,1.186964586,0.443458377,0.045831371
45.14818761,0.166977922,1.186640986,0.485822475,0.050472375
45.15282628,0.166897139,1.187045486,0.42993792,0.052202919
45.15746495,0.161565433,1.181867881,0.433543375,0.046224677
45.16210362,0.163019535,1.178470077,0.456978834,0.046617982
45.16674229,0.168997508,1.179683579,0.476808837,0.052910868
45.17138096,0.163746585,1.178308277,0.419121555,0.049135137
45.17601963,0.160919166,1.175800375,0.443458377,0.04575271
45.1806583,0.165846954,1.177094776,0.48221702,0.049213798
45.18529697,0.168189673,1.18049258,0.449767924,0.052910868
45.18993564,0.1622117,1.179117278,0.435346103,0.046539321
45.19457431,0.162373267,1.177418376,0.453373379,0.046146016
45.19921298,0.169078291,1.179440878,0.490329294,0.052202919
45.20385165,0.165362254,1.178793678,0.42272701,0.050551036
45.20849032,0.160999949,1.174829574,0.439852922,0.045988694
45.21312899,0.164958337,1.173454272,0.470499291,0.048033882
45.21776766,0.169401425,1.174425073,0.460584289,0.053304174
45.22240633,0.1622117,1.17151267,0.42272701,0.047955221
45.227045,0.160999949,1.167791266,0.443458377,0.046067355
45.23168367,0.167301056,1.168195766,0.487625202,0.051101663
45.23632234,0.166412438,1.168842967,0.429036557,0.052202919
45.24096101,0.161080733,1.165283363,0.437148831,0.046303338
45.24559968,0.162938751,1.164069862,0.462387016,0.046696643
45.25023835,0.169078291,1.165849664,0.476808837,0.053382835
45.25487702,0.163665802,1.164150762,0.421825646,0.049213798
45.25951569,0.160999949,1.160348458,0.442557013,0.04575271
45.26415436,0.166008521,1.160591158,0.48221702,0.049449781
45.26879303,0.16786654,1.16237096,0.441655649,0.053382835
45.2734317,0.161565433,1.159296757,0.42993792,0.047089949
45.27807037,0.162050134,1.156788854,0.451570651,0.046381999
45.28270904,0.169320641,1.159782158,0.486723839,0.052438902
45.28734771,0.16503912,1.158730456,0.420924282,0.050708358
45.29198638,0.161080733,1.155979854,0.440754286,0.046146016
45.29662505,0.164958337,1.156788854,0.473203382,0.048269865
45.30126372,0.169078291,1.160510258,0.459682925,0.053618818
45.30590239,0.162292484,1.159458557,0.427233829,0.047876559
45.31054106,0.161807783,1.158568656,0.449767924,0.045831371
45.31517973,0.168270457,1.161561959,0.493033385,0.051101663
45.3198184,0.166816355,1.162694561,0.430839284,0.051652291
45.32445707,0.161242299,1.159782158,0.439852922,0.046146016
45.32909574,0.163665802,1.159215857,0.465091108,0.047011288
45.33373441,0.169482208,1.16253276,0.475006109,0.053461496
45.33837308,0.163746585,1.160914759,0.42272701,0.048820492
45.34301175,0.161888567,1.158487756,0.444359741,0.045910033
45.34765042,0.166977922,1.158811357,0.484019747,0.049921747
45.35228909,0.167947323,1.160105758,0.439852922,0.052674885
45.35692776,0.161888567,1.156465254,0.431740648,0.046696643
45.36156643,0.162373267,1.154038251,0.451570651,0.046381999
45.3662051,0.169159074,1.156627054,0.483118383,0.052517563
45.37084377,0.16479677,1.156060754,0.419121555,0.050157731
45.37548244,0.161080733,1.15258205,0.439852922,0.045674049
45.38012111,0.165846954,1.15258205,0.473203382,0.048427187
45.38475978,0.169239858,1.154685452,0.453373379,0.053540157
45.38939845,0.162454051,1.151934849,0.424529738,0.047640576
45.39403712,0.161403866,1.149265146,0.444359741,0.045910033
45.39867579,0.167947323,1.151368549,0.486723839,0.05157363
45.40331446,0.166089305,1.15242025,0.424529738,0.051809613
45.40795313,0.161080733,1.148698846,0.436247467,0.046146016
45.4125918,0.163423452,1.148051645,0.46328838,0.047483254
45.41723047,0.169078291,1.151287649,0.469597927,0.053618818
45.42186914,0.162857968,1.149993247,0.420022919,0.048899153
45.42650781,0.161242299,1.148698846,0.444359741,0.046067355
45.43114648,0.166654788,1.151530349,0.488526566,0.050157731
45.43578515,0.16786654,1.155818053,0.443458377,0.052832207
45.44042382,0.162130917,1.154361852,0.438951558,0.046696643
45.44506249,0.162696401,1.154119152,0.459682925,0.046696643
45.44970116,0.169724558,1.157436055,0.485822475,0.052753546
45.45433983,0.164473636,1.156950655,0.421825646,0.050000408
45.4589785,0.161323083,1.153876451,0.442557013,0.046146016
45.46361717,0.165362254,1.154361852,0.477710201,0.048977814
45.46825584,0.168755157,1.157031555,0.453373379,0.053382835
45.47289451,0.16196935,1.154685452,0.428135193,0.047404593
45.47753318,0.161888567,1.15250115,0.447965196,0.045910033
45.48217185,0.168674374,1.155413553,0.490329294,0.051652291
45.48681052,0.165685387,1.155575353,0.425431101,0.051337647
45.49144919,0.160919166,1.15298655,0.440754286,0.046224677
45.49608786,0.164312069,1.153633751,0.466893835,0.047561915
45.50072653,0.169482208,1.157031555,0.468696563,0.053618818
45.5053652,0.163181101,1.156141654,0.421825646,0.048820492
45.51000387,0.160999949,1.15306745,0.443458377,0.045910033
45.51464254,0.166977922,1.154604552,0.485822475,0.050315053
45.51928121,0.167139489,1.157274255,0.434444739,0.052517563
45.52391988,0.161242299,1.153795551,0.434444739,0.04646066
45.52855855,0.162373267,1.151530349,0.455176106,0.046617982
45.53319722,0.168835941,1.155251753,0.479512928,0.052832207
45.53783589,0.163665802,1.154119152,0.419121555,0.049449781
45.54247456,0.160838382,1.151287649,0.441655649,0.045595388
45.54711323,0.165362254,1.15225845,0.478611565,0.048584509
45.5517519,0.168189673,1.155170853,0.447965196,0.05306819
45.55639057,0.161403866,1.151853949,0.427233829,0.047011288
45.56102924,0.161565433,1.149507847,0.447063832,0.045910033
45.56566791,0.168512807,1.152015749,0.487625202,0.051337647
45.57030658,0.165523821,1.152015749,0.421825646,0.050551036
45.57494525,0.160999949,1.149265146,0.438951558,0.04575271
45.57958392,0.164069719,1.149184246,0.468696563,0.047325932
45.58422259,0.168674374,1.152096649,0.465992472,0.053146851
45.58886126,0.162534834,1.149022446,0.42272701,0.048033882
45.59349993,0.160838382,1.146757244,0.444359741,0.04575271
45.5981386,0.166977922,1.148375245,0.487625202,0.050472375
45.60277727,0.166574005,1.149507847,0.432642012,0.052360241
45.60741594,0.161242299,1.145867343,0.436247467,0.046381999
45.61205461,0.162373267,1.144734742,0.457880198,0.046775304
45.61669328,0.169239858,1.147970745,0.478611565,0.05306819
45.62133195,0.163665802,1.146029143,0.419121555,0.049528442
45.62597062,0.160757599,1.14295494,0.439852922,0.046303338
45.63060929,0.165362254,1.14344034,0.477710201,0.049449781
45.63524796,0.16762419,1.145381942,0.444359741,0.052910868
45.63988663,0.161323083,1.141741438,0.427233829,0.046853965
45.6445253,0.161807783,1.141013338,0.446162468,0.046067355
45.64916397,0.16835124,1.14319764,0.485822475,0.051966935
45.65380264,0.164635203,1.14327854,0.419121555,0.050944341
45.65844131,0.160676815,1.140042537,0.438050194,0.045674049
45.66307998,0.163504235,1.139799836,0.467795199,0.047640576
45.66771865,0.168432024,1.14311674,0.459682925,0.053225513
45.67235732,0.161646217,1.140689737,0.420924282,0.047561915
45.67699599,0.160515249,1.138586335,0.441655649,0.04575271
45.68163466,0.166574005,1.140608837,0.484921111,0.050629697
45.68627333,0.165927738,1.141660538,0.428135193,0.051809613
45.690912,0.160757599,1.138909935,0.434444739,0.045988694
45.69555067,0.162050134,1.138343635,0.461485653,0.046696643
45.70018934,0.168674374,1.143925741,0.480414292,0.05306819
45.70482801,0.163504235,1.146595444,0.427233829,0.048899153
45.70946668,0.160919166,1.146514543,0.44886656,0.045595388
45.71410535,0.165846954,1.148051645,0.485822475,0.049213798
45.71874402,0.167462623,1.150883148,0.446162468,0.052517563
45.72338269,0.161242299,1.147323544,0.431740648,0.046617982
45.72802136,0.16148465,1.145867343,0.450669287,0.045831371
45.73266003,0.168432024,1.149022446,0.486723839,0.051966935
45.7372987,0.164635203,1.148698846,0.421825646,0.050236392
45.74193737,0.160515249,1.145705543,0.440754286,0.045674049
45.74657604,0.164150503,1.146029143,0.473203382,0.047719237
45.75121471,0.16835124,1.149750547,0.461485653,0.05306819
45.75585338,0.161727,1.148456146,0.426332465,0.047247271
45.76049205,0.160919166,1.147323544,0.446162468,0.045674049
45.76513072,0.167301056,1.149912347,0.48942793,0.050472375
45.76976939,0.165766171,1.150802248,0.429036557,0.051416308
45.77440806,0.160515249,1.147728045,0.437148831,0.045910033
45.77904673,0.162938751,1.146514543,0.462387016,0.046617982
45.7836854,0.168755157,1.149831447,0.475907473,0.052910868
45.78832407,0.163100318,1.149346046,0.423628374,0.048269865
45.79296274,0.160596032,1.146676344,0.446162468,0.045280744
45.79760141,0.166331655,1.149022446,0.486723839,0.049135137
45.80224008,0.16762419,1.15225845,0.444359741,0.052438902
45.80687875,0.161403866,1.150802248,0.434444739,0.046146016
45.81151742,0.162130917,1.149507847,0.453373379,0.045831371
45.81615609,0.168755157,1.152015749,0.485822475,0.052360241
45.82079476,0.16479677,1.151934849,0.420924282,0.049843086
45.82543343,0.160919166,1.148860646,0.441655649,0.045674049
45.8300721,0.164877553,1.149346046,0.474104746,0.048269865
45.83471077,0.168997508,1.151692149,0.45607747,0.05306819
45.83934944,0.162696401,1.148375245,0.425431101,0.047247271
45.84398811,0.162292484,1.145948243,0.444359741,0.045438066
45.84862678,0.168593591,1.148456146,0.487625202,0.050708358
45.85326545,0.165927738,1.150074147,0.424529738,0.051258986
45.85790412,0.161646217,1.146352743,0.436247467,0.04575271
45.86254279,0.164150503,1.144977442,0.461485653,0.047011288
45.86718146,0.170047692,1.148051645,0.469597927,0.053225513
45.87182013,0.163423452,1.146352743,0.419121555,0.048348526
45.8764588,0.161323083,1.143925741,0.441655649,0.045438066
45.88109747,0.166654788,1.145381942,0.483118383,0.049764425
45.88573614,0.167704973,1.148456146,0.438050194,0.052202919
45.89037481,0.161646217,1.145624643,0.431740648,0.046067355
45.89501348,0.1622117,1.144411141,0.452472015,0.046224677
45.89965215,0.168835941,1.148213445,0.483118383,0.052438902
45.90429082,0.16455442,1.148132545,0.419121555,0.049764425
45.90892949,0.160999949,1.145786443,0.440754286,0.04575271
45.91356816,0.165119904,1.146919044,0.476808837,0.048741831
45.91820683,0.168674374,1.151044948,0.454274742,0.05306819
45.9228455,0.1622117,1.150559548,0.42993792,0.046775304
45.92748417,0.162454051,1.15274385,0.454274742,0.045595388
45.93212284,0.169643775,1.163018161,0.50384975,0.051416308
45.93676151,0.168028107,1.173454272,0.447965196,0.051416308
45.94140018,0.163504235,1.180007179,0.465091108,0.045910033
45.94603885,0.166331655,1.185831985,0.490329294,0.047561915
45.95067752,0.171905711,1.192546692,0.488526566,0.053304174
45.95531619,0.165604604,1.191575891,0.436247467,0.048191204
45.95995486,0.163908152,1.189148889,0.454274742,0.045831371
45.96459353,0.169482208,1.19003879,0.493934749,0.050315053
45.9692322,0.169724558,1.191171391,0.442557013,0.052202919
45.97387087,0.163585019,1.186883686,0.439852922,0.046617982
45.97850954,0.164877553,1.184699384,0.460584289,0.047955221
45.98314821,0.17166336,1.188501688,0.488526566,0.054090784
45.98778688,0.166816355,1.189634289,0.42993792,0.050944341
45.99242555,0.163746585,1.189553389,0.453373379,0.046696643
45.99706422,0.167947323,1.191980392,0.48942793,0.049528442
46.00170289,0.17142101,1.196915297,0.461485653,0.054248106
46.00634156,0.164635203,1.195539995,0.440754286,0.048191204
46.01098023,0.164715986,1.195135495,0.460584289,0.047089949
46.0156189,0.17117866,1.199180499,0.500244295,0.052989529
46.02025757,0.168674374,1.200798501,0.435346103,0.051966935
46.02489624,0.164231286,1.198775999,0.451570651,0.046775304
46.02953491,0.166897139,1.1997468,0.478611565,0.048427187
46.03417358,0.172471195,1.205005306,0.476808837,0.054405429
46.03881225,0.166331655,1.205895206,0.433543375,0.049213798
46.04345092,0.16503912,1.206704207,0.454274742,0.046696643
46.04808959,0.17093631,1.212286313,0.499342932,0.051258986
46.05272826,0.171097877,1.21851562,0.447063832,0.052989529
46.05736693,0.165362254,1.220457222,0.449767924,0.046932627
46.0620056,0.166654788,1.224825827,0.473203382,0.047247271
46.06664427,0.173602163,1.232915835,0.495737476,0.053540157
46.07128294,0.168512807,1.236232739,0.437148831,0.050236392
46.07592161,0.165846954,1.238174341,0.458781561,0.046539321
46.08056028,0.170774743,1.244160947,0.49663884,0.049921747
46.08519895,0.173602163,1.250309354,0.464189744,0.054090784
46.08983762,0.167220272,1.250632954,0.445261105,0.047561915
46.09447629,0.167220272,1.249662153,0.46328838,0.046775304
46.09911496,0.17424843,1.252412756,0.500244295,0.052674885
46.10375363,0.170613176,1.251441955,0.430839284,0.051337647
46.1083923,0.166089305,1.246264349,0.447063832,0.04646066
46.11303097,0.169320641,1.243432846,0.475006109,0.048269865
46.11766964,0.173925296,1.243918247,0.467795199,0.054090784
46.12230831,0.167139489,1.238497941,0.427233829,0.048505848
46.12694698,0.165604604,1.233077635,0.447063832,0.046617982
46.13158565,0.172067278,1.231945034,0.48942793,0.05157363
46.13622432,0.17117866,1.230893333,0.432642012,0.05306819
46.14086299,0.165523821,1.224502226,0.438951558,0.046775304
46.14550166,0.166897139,1.220376322,0.462387016,0.047483254
46.15014033,0.172875112,1.220457222,0.480414292,0.053697479
46.154779,0.167301056,1.216816718,0.42272701,0.049528442
46.15941767,0.164150503,1.211639113,0.444359741,0.046224677
46.16405634,0.169239858,1.209778411,0.481315656,0.049528442
46.16869501,0.170855526,1.208726709,0.444359741,0.053146851
46.17333368,0.164231286,1.203953604,0.430839284,0.047089949
46.17797235,0.164635203,1.200394001,0.450669287,0.046224677
46.18261102,0.171097877,1.201283902,0.487625202,0.052596224
46.18724969,0.167785756,1.200394001,0.42272701,0.050551036
46.19188836,0.163100318,1.195782696,0.442557013,0.046381999
46.19652703,0.166331655,1.194326494,0.474104746,0.048427187
46.2011657,0.17117866,1.197319797,0.46328838,0.05377614
46.20580437,0.164392853,1.194164694,0.427233829,0.048348526
46.21044304,0.163100318,1.191818592,0.447965196,0.04646066
46.21508171,0.169805342,1.193921994,0.493033385,0.051494969
46.21972038,0.168593591,1.195863596,0.435346103,0.052360241
46.22435905,0.163019535,1.194083794,0.447063832,0.046696643
46.22899772,0.165604604,1.196510797,0.475907473,0.047483254
46.23363639,0.171582577,1.202254703,0.491230657,0.053618818
46.23827506,0.165846954,1.201850202,0.433543375,0.049449781
46.24291373,0.163585019,1.198614199,0.453373379,0.046539321
46.2475524,0.168432024,1.1994232,0.491230657,0.05007907
46.25219107,0.169886125,1.200474901,0.44886656,0.053146851
46.25682974,0.163827369,1.195701796,0.436247467,0.047247271
46.26146841,0.164150503,1.193193893,0.455176106,0.04646066
46.26610708,0.170774743,1.195459095,0.490329294,0.052517563
46.27074575,0.166574005,1.193841094,0.424529738,0.050629697
46.27538442,0.162615618,1.189148889,0.444359741,0.046146016
46.28002309,0.166250871,1.188097188,0.476808837,0.048348526
46.28466176,0.170128476,1.189391589,0.458781561,0.053697479
46.28930043,0.163504235,1.185831985,0.426332465,0.048033882
46.2939391,0.162373267,1.183000482,0.446162468,0.046381999
46.29857777,0.168916724,1.183000482,0.48942793,0.051494969
46.30321644,0.167220272,1.182838682,0.427233829,0.052045596
46.30785511,0.162130917,1.178227377,0.438050194,0.04646066
46.31249378,0.164150503,1.177418376,0.46328838,0.047247271
46.31713245,0.170128476,1.179764479,0.473203382,0.053618818
46.32177112,0.163746585,1.178389177,0.421825646,0.049213798
46.32640979,0.162130917,1.177013876,0.445261105,0.046067355
46.33104846,0.167462623,1.178389177,0.486723839,0.050000408
46.33568713,0.168674374,1.18089708,0.443458377,0.052989529
46.3403258,0.162454051,1.177094776,0.436247467,0.046853965
46.34496447,0.163100318,1.174667773,0.457880198,0.046617982
46.34960314,0.170128476,1.177661077,0.490329294,0.053146851
46.35424181,0.164312069,1.175962175,0.426332465,0.050157731
46.35888048,0.1622117,1.17183627,0.444359741,0.046146016
46.36351915,0.165927738,1.172078971,0.477710201,0.048584509
46.36815782,0.168674374,1.173939673,0.456978834,0.053697479
46.37279649,0.162938751,1.169894668,0.427233829,0.047640576
46.37743516,0.161242299,1.167063165,0.446162468,0.045988694
46.38207383,0.168593591,1.169409268,0.488526566,0.05157363
46.3867125,0.165443037,1.168681167,0.424529738,0.051494969
46.39135117,0.161565433,1.165040663,0.438050194,0.045831371
46.39598984,0.163423452,1.163422661,0.464189744,0.047325932
46.40062851,0.169078291,1.166901365,0.469597927,0.053461496
46.40526718,0.163100318,1.165606964,0.420924282,0.048741831
46.40990585,0.160919166,1.163908062,0.441655649,0.046146016
46.41454452,0.166816355,1.166092364,0.484921111,0.050236392
46.41918319,0.167058706,1.169166568,0.438050194,0.053146851
46.42382186,0.161403866,1.167872166,0.435346103,0.046853965
46.42846053,0.163100318,1.169085667,0.458781561,0.047247271
46.4330992,0.169724558,1.174829574,0.487625202,0.053461496
46.43773787,0.164392853,1.177903777,0.428135193,0.050236392
46.44237654,0.16148465,1.180088079,0.449767924,0.046224677
46.44701521,0.165604604,1.184456684,0.485822475,0.049135137
46.45165388,0.169078291,1.19068599,0.459682925,0.053697479
46.45629255,0.162292484,1.189715189,0.435346103,0.047640576
46.46093122,0.16196935,1.188906188,0.454274742,0.046381999
46.46556989,0.168512807,1.191252291,0.495737476,0.05228158
46.47020856,0.165685387,1.191414091,0.429036557,0.051652291
46.47484723,0.160676815,1.185993785,0.443458377,0.046067355
46.4794859,0.163746585,1.184052183,0.470499291,0.047955221
46.48412457,0.169078291,1.185589285,0.470499291,0.05377614
46.48876324,0.162050134,1.181786981,0.423628374,0.048584509
46.49340191,0.160999949,1.177984677,0.444359741,0.046067355
46.49804058,0.166574005,1.177903777,0.486723839,0.050472375
46.50267925,0.166574005,1.178146477,0.434444739,0.052438902
46.50731792,0.160515249,1.173858772,0.433543375,0.046539321
46.51195659,0.162130917,1.170946369,0.45607747,0.047089949
46.51659526,0.168512807,1.173130672,0.479512928,0.05306819
46.52123393,0.163665802,1.170622769,0.420022919,0.049921747
46.5258726,0.160030548,1.166577765,0.441655649,0.046224677
46.53051127,0.165200687,1.166415965,0.479512928,0.049292459
46.53514994,0.168755157,1.168842967,0.449767924,0.053697479
46.53978861,0.160999949,1.165687864,0.430839284,0.047089949
46.54442728,0.161565433,1.163422661,0.451570651,0.046381999
46.54906595,0.16786654,1.165606964,0.493033385,0.052045596
46.55370462,0.164715986,1.165930564,0.426332465,0.051023002
46.55834329,0.160192115,1.163341761,0.443458377,0.046146016
46.56298196,0.163100318,1.163503562,0.473203382,0.047955221
46.56762063,0.168270457,1.166173264,0.467795199,0.053697479
46.5722593,0.16148465,1.164312562,0.425431101,0.048584509
46.57689797,0.160353682,1.16196646,0.44886656,0.046146016
46.58153664,0.166654788,1.165283363,0.493033385,0.050944341
46.58617531,0.165766171,1.168600267,0.437148831,0.052832207
46.59081398,0.160353682,1.169813768,0.446162468,0.046932627
46.59545265,0.162696401,1.179279078,0.483118383,0.047561915
46.60009132,0.169724558,1.197481598,0.51556748,0.053618818
46.60472999,0.16503912,1.211881813,0.46328838,0.050000408
46.60936866,0.162696401,1.221104423,0.485822475,0.046224677
46.61400733,0.16762419,1.22798093,0.517370207,0.049921747
46.618646,0.170128476,1.232106834,0.473203382,0.053618818
46.62328467,0.163585019,1.228870831,0.450669287,0.047561915
46.62792334,0.163504235,1.225068527,0.465091108,0.047089949
46.63256201,0.170370826,1.225634827,0.500244295,0.05306819
46.63720068,0.166574005,1.223612325,0.430839284,0.05157363
46.64183935,0.162373267,1.217463919,0.447965196,0.046775304
46.64647802,0.165604604,1.213499815,0.476808837,0.04866317
46.65111669,0.169724558,1.213742515,0.465992472,0.054169445
46.65575536,0.162857968,1.208403109,0.428135193,0.048505848
46.66039403,0.16148465,1.203953604,0.447965196,0.046617982
46.6650327,0.167704973,1.204439005,0.48942793,0.051258986
46.66967137,0.166654788,1.202982803,0.431740648,0.05228158
46.67431004,0.161323083,1.197400697,0.438050194,0.046853965
46.67894871,0.162857968,1.194326494,0.462387016,0.047561915
46.68358738,0.169159074,1.195054595,0.477710201,0.053697479
46.68822605,0.162938751,1.191333191,0.421825646,0.049607103
46.69286472,0.160919166,1.187126387,0.442557013,0.046146016
46.69750339,0.166089305,1.187126387,0.48221702,0.049764425
46.70214206,0.168028107,1.188097188,0.443458377,0.053225513
46.70678073,0.162373267,1.183566783,0.430839284,0.047483254
46.7114194,0.161807783,1.18065438,0.452472015,0.046932627
46.71605807,0.169078291,1.182353281,0.487625202,0.053461496
46.72069674,0.16503912,1.181544281,0.423628374,0.051101663
46.72533541,0.161161516,1.177903777,0.444359741,0.046381999
46.72997408,0.165200687,1.178308277,0.478611565,0.048348526
46.73461275,0.169482208,1.181625181,0.465992472,0.053854801
46.73925142,0.163423452,1.180249879,0.432642012,0.047955221
46.74389009,0.1622117,1.178550977,0.453373379,0.045910033
46.74852876,0.168512807,1.182191481,0.497540204,0.051337647
46.75316743,0.167462623,1.184537584,0.437148831,0.051888274
46.7578061,0.16196935,1.182838682,0.446162468,0.046067355
46.76244477,0.163988936,1.183485883,0.471400654,0.047483254
46.76708344,0.169886125,1.188987089,0.483118383,0.053697479
46.77172211,0.164473636,1.19011969,0.430839284,0.048977814
46.77636078,0.162534834,1.19076689,0.452472015,0.046146016
46.78099945,0.167785756,1.194569194,0.493033385,0.050157731
46.78563812,0.169078291,1.1996659,0.450669287,0.053540157
46.79027679,0.163019535,1.200879401,0.442557013,0.047089949
46.79491546,0.164150503,1.205490706,0.464189744,0.047089949
46.79955413,0.171824927,1.216088617,0.498441568,0.052989529
46.8041928,0.167947323,1.224825827,0.438050194,0.050236392
46.80883147,0.16503912,1.233320336,0.462387016,0.046224677
46.81347014,0.169401425,1.246345249,0.501145659,0.048505848
46.81810881,0.17400608,1.263253367,0.48942793,0.053697479
46.82274748,0.16762419,1.274417579,0.462387016,0.047483254
46.82738615,0.167543406,1.28509639,0.48221702,0.046224677
46.83202482,0.174329213,1.301114607,0.528186573,0.051337647
46.83666349,0.173036679,1.318103625,0.465992472,0.051888274
46.84130216,0.168755157,1.331209439,0.479512928,0.046146016
46.84594083,0.171905711,1.347065856,0.506553842,0.047404593
46.8505795,0.178691518,1.366400977,0.513764752,0.053618818
46.85521817,0.173117462,1.379425891,0.46328838,0.048820492
46.85985684,0.172067278,1.390428302,0.484019747,0.045831371
46.86449551,0.177964467,1.402320615,0.524581117,0.050000408
46.86913418,0.179014652,1.410653324,0.473203382,0.052517563
46.87377285,0.173844513,1.411219624,0.465091108,0.046539321
46.87841152,0.174813914,1.410410623,0.481315656,0.046303338
46.88305019,0.181195804,1.411138724,0.506553842,0.052202919
46.88768886,0.176187232,1.406689219,0.439852922,0.050000408
46.89232753,0.173440596,1.398599211,0.457880198,0.046303338
46.8969662,0.176995066,1.392612605,0.488526566,0.048584509
46.90160487,0.180468753,1.3881631,0.46328838,0.053540157
46.90624354,0.173521379,1.377646089,0.436247467,0.047247271
46.91088221,0.172309628,1.368908879,0.454274742,0.045831371
46.91552088,0.178853085,1.363164973,0.495737476,0.05157363
46.92015955,0.175540965,1.356045766,0.42993792,0.051023002
46.92479822,0.171340227,1.345124254,0.443458377,0.045674049
46.92943689,0.173279029,1.336953345,0.470499291,0.047561915
46.93407556,0.178691518,1.332503841,0.472302018,0.053225513
46.93871423,0.172471195,1.323119431,0.424529738,0.048269865
46.9433529,0.170290042,1.31300692,0.446162468,0.045595388
46.94799157,0.175944882,1.308476515,0.487625202,0.049843086
46.95263024,0.175783315,1.30394611,0.436247467,0.052360241
46.95726891,0.169724558,1.2938336,0.434444739,0.046224677
46.96190758,0.170370826,1.285986291,0.455176106,0.046617982
46.96654625,0.176914283,1.283559289,0.481315656,0.052989529
46.97118492,0.171744144,1.277734483,0.419121555,0.049607103
46.97582359,0.16835124,1.269563574,0.441655649,0.045674049
46.98046226,0.172713545,1.26568037,0.476808837,0.048505848
46.98510093,0.175056264,1.263576968,0.44886656,0.05306819
46.9897396,0.168755157,1.25661956,0.428135193,0.046853965
46.99437827,0.168432024,1.251199255,0.449767924,0.045988694
46.99901694,0.17473313,1.251037454,0.492132021,0.051730952
47.00365561,0.17166336,1.248367752,0.426332465,0.05086568
47.00829428,0.166735572,1.241653044,0.441655649,0.045910033
47.01293295,0.169401425,1.23728444,0.468696563,0.047404593
47.01757162,0.173925296,1.23712264,0.466893835,0.053146851
47.02221029,0.166816355,1.230731533,0.42272701,0.047640576
47.02684896,0.165523821,1.225230327,0.443458377,0.045438066
47.03148763,0.171340227,1.225311227,0.485822475,0.050236392
47.0361263,0.170290042,1.225473027,0.434444739,0.052202919
47.04076497,0.164715986,1.222560624,0.441655649,0.04646066
47.04540364,0.165604604,1.221913423,0.466893835,0.046853965
47.05004231,0.172228844,1.224906727,0.488526566,0.052989529
47.05468098,0.167058706,1.223046025,0.42993792,0.049449781
47.05931965,0.163746585,1.218030219,0.449767924,0.045910033
47.06395832,0.16835124,1.216897618,0.484921111,0.048899153
47.06859699,0.170855526,1.21835382,0.453373379,0.052989529
47.07323566,0.163908152,1.213904315,0.436247467,0.047011288
47.07787433,0.164635203,1.210830112,0.455176106,0.046539321
47.082513,0.171582577,1.214389715,0.497540204,0.051966935
47.08715167,0.168028107,1.21859652,0.439852922,0.050944341
47.09179034,0.164877553,1.222722424,0.466893835,0.046303338
47.09642901,0.169078291,1.234291137,0.507455206,0.047955221
47.10106768,0.174571564,1.24731605,0.50384975,0.05377614
47.10570635,0.16786654,1.252412756,0.464189744,0.048269865
47.11034502,0.167543406,1.258075762,0.486723839,0.046067355
47.11498369,0.174329213,1.272233277,0.53720021,0.051023002
47.11962236,0.174409997,1.289950396,0.491230657,0.052517563
47.12426103,0.169401425,1.300305607,0.498441568,0.046303338
47.1288997,0.17117866,1.304107911,0.508356569,0.047011288
47.13353837,0.177156633,1.306373113,0.512863388,0.053461496
47.13817704,0.171986494,1.302247209,0.446162468,0.049685764
47.14281571,0.169401425,1.2939954,0.459682925,0.046224677
47.14745438,0.173925296,1.289222295,0.493033385,0.049764425
47.15209305,0.175783315,1.285662691,0.452472015,0.053304174
47.15673172,0.168997508,1.277006382,0.435346103,0.046853965
47.16137039,0.168755157,1.269968074,0.453373379,0.046381999
47.16600906,0.174813914,1.268188273,0.48942793,0.052438902
47.17064773,0.171017093,1.263576968,0.421825646,0.050944341
47.1752864,0.166897139,1.25653866,0.441655649,0.046224677
47.17992507,0.170209259,1.253221757,0.473203382,0.048112543
47.18456374,0.174167646,1.252089155,0.461485653,0.053540157
47.18920241,0.166897139,1.245698049,0.426332465,0.048112543
47.19384108,0.165362254,1.239792342,0.446162468,0.045988694
47.19847975,0.171501794,1.238659741,0.48942793,0.051101663
47.20311842,0.169966909,1.235909138,0.42993792,0.051888274
47.20775709,0.164231286,1.230327032,0.438951558,0.046146016
47.21239576,0.166331655,1.227414629,0.46328838,0.04716861
47.21703443,0.172148061,1.228951731,0.476808837,0.053304174
47.2216731,0.166897139,1.226039328,0.424529738,0.048977814
47.22631177,0.164312069,1.224583126,0.453373379,0.045595388
47.23095044,0.169805342,1.230165232,0.501145659,0.049449781
47.23558911,0.171744144,1.236960839,0.465091108,0.052910868
47.24022778,0.165119904,1.236960839,0.454274742,0.046853965
47.24486645,0.166089305,1.236718139,0.469597927,0.046303338
47.24950512,0.172632762,1.239387842,0.500244295,0.052910868
47.25414379,0.168432024,1.238497941,0.430839284,0.050551036
47.25878246,0.164312069,1.233805736,0.447965196,0.045988694
47.26342113,0.168189673,1.232268634,0.478611565,0.048741831
47.2680598,0.171905711,1.233401236,0.460584289,0.053382835
47.27269847,0.16503912,1.227495529,0.427233829,0.047876559
47.27733714,0.164392853,1.222075224,0.447965196,0.046303338
47.28197581,0.170693959,1.221832523,0.490329294,0.051494969
47.28661448,0.168593591,1.220052721,0.427233829,0.052124257
47.29125315,0.163181101,1.214147015,0.438951558,0.046617982
47.29589182,0.165766171,1.211153712,0.465091108,0.047561915
47.30053049,0.17117866,1.211962713,0.474104746,0.053854801
47.30516916,0.164958337,1.20896941,0.423628374,0.048977814
47.30980783,0.163019535,1.205248006,0.446162468,0.046303338
47.3144465,0.168755157,1.205571606,0.48942793,0.050629697
47.31908517,0.169562992,1.207675008,0.445261105,0.053461496
47.32372384,0.164150503,1.205328906,0.441655649,0.047325932
47.32836251,0.16503912,1.206461507,0.465091108,0.046853965
47.33300118,0.171986494,1.214066115,0.498441568,0.053146851
47.33763985,0.167058706,1.217302119,0.436247467,0.050629697
47.34227852,0.163827369,1.216978518,0.45607747,0.046539321
47.34691719,0.168593591,1.217302119,0.488526566,0.049292459
47.35155586,0.171259443,1.21867742,0.464189744,0.053933462
47.35619453,0.164715986,1.213742515,0.434444739,0.048033882
47.3608332,0.164150503,1.209778411,0.453373379,0.046539321
47.36547187,0.170451609,1.20961661,0.49663884,0.052045596
47.37011054,0.168916724,1.208241309,0.42993792,0.052202919
47.37474921,0.163019535,1.202335603,0.442557013,0.046617982
47.37938788,0.165523821,1.2000704,0.468696563,0.048112543
47.38402655,0.170855526,1.200879401,0.471400654,0.054090784
47.38866522,0.16455442,1.196915297,0.421825646,0.049607103
47.39330389,0.162534834,1.191980392,0.443458377,0.046853965
47.39794256,0.16786654,1.191899492,0.485822475,0.050708358
47.40258123,0.168270457,1.192223092,0.436247467,0.05306819
47.4072199,0.162454051,1.187045486,0.432642012,0.04716861
47.41185857,0.163585019,1.184133083,0.454274742,0.04716861
47.41649724,0.169886125,1.185103884,0.481315656,0.053618818
47.42113591,0.16479677,1.183243182,0.419121555,0.050393714
47.42577458,0.161727,1.178389177,0.441655649,0.046381999
47.43041325,0.165443037,1.177013876,0.476808837,0.049135137
47.43505192,0.168755157,1.179036378,0.451570651,0.053933462
47.43969059,0.163019535,1.175638574,0.428135193,0.047797898
47.44432926,0.161727,1.172887971,0.44886656,0.046853965
47.44896793,0.169078291,1.175314974,0.491230657,0.052438902
47.4536066,0.165443037,1.175153174,0.426332465,0.051730952
47.45824527,0.161161516,1.172726171,0.442557013,0.046617982
47.46288394,0.163746585,1.173777872,0.472302018,0.048505848
47.46752261,0.168916724,1.178146477,0.471400654,0.054090784
47.47216128,0.162938751,1.177175676,0.426332465,0.04866317
47.47679995,0.161080733,1.175638574,0.447965196,0.046853965
47.48143862,0.166977922,1.177256576,0.491230657,0.051101663
47.48607729,0.167301056,1.178550977,0.437148831,0.052989529
47.49071596,0.161646217,1.174020573,0.437148831,0.046853965
47.49535463,0.163100318,1.171998071,0.459682925,0.047247271
47.4999933,0.169643775,1.173616072,0.483118383,0.053697479
47.50463197,0.16455442,1.172321671,0.420924282,0.050315053
47.50927064,0.162292484,1.168681167,0.442557013,0.046696643
47.51390931,0.166977922,1.168195766,0.480414292,0.049764425
47.51854798,0.169886125,1.170703669,0.449767924,0.053697479
47.52318665,0.163342668,1.166820465,0.431740648,0.047404593
47.52782532,0.163423452,1.165445164,0.451570651,0.046539321
47.53246399,0.170451609,1.168195766,0.492132021,0.052596224
47.53710266,0.16762419,1.169409268,0.428135193,0.051416308
47.54174133,0.163908152,1.168195766,0.447063832,0.04646066
47.54638,0.16762419,1.17167447,0.479512928,0.048112543
47.55101867,0.172955895,1.178631878,0.477710201,0.053697479
47.55565734,0.166816355,1.179683579,0.438951558,0.048348526
47.56029601,0.167220272,1.180249879,0.459682925,0.046381999
47.56493468,0.173359812,1.184456684,0.502948387,0.051337647
47.56957335,0.173844513,1.187692687,0.445261105,0.052989529
47.57421202,0.169239858,1.184861184,0.44886656,0.047089949
47.57885069,0.171582577,1.183890383,0.472302018,0.047640576
47.58348936,0.179014652,1.186883686,0.490329294,0.053854801
47.58812803,0.173925296,1.185427485,0.432642012,0.05007907
47.5927667,0.172875112,1.183243182,0.453373379,0.04646066
47.59740537,0.178126034,1.185508385,0.48942793,0.050000408
47.60204404,0.180711103,1.188016288,0.453373379,0.053618818
47.60668271,0.175056264,1.185184785,0.435346103,0.047719237
47.61132138,0.175460181,1.182757782,0.454274742,0.047325932
47.61596005,0.182165205,1.184456684,0.491230657,0.053304174
47.62059872,0.179014652,1.182838682,0.425431101,0.051494969
47.62523739,0.174813914,1.178874578,0.444359741,0.046932627
47.62987606,0.178529951,1.178308277,0.475006109,0.048899153
47.63451473,0.183134606,1.181867881,0.467795199,0.054562751
47.6391534,0.176025665,1.18130158,0.434444739,0.04866317
47.64379207,0.174894697,1.182191481,0.457880198,0.046303338
47.64843074,0.181115021,1.186721886,0.502047023,0.05157363
47.65306941,0.179418569,1.188420788,0.440754286,0.052989529
47.65770808,0.173279029,1.183162282,0.444359741,0.047011288
47.66234675,0.175056264,1.18105888,0.465091108,0.047876559
47.66698542,0.180549537,1.182757782,0.477710201,0.054012123
47.67162409,0.175056264,1.18081618,0.420924282,0.049764425
47.67626276,0.171905711,1.176609375,0.441655649,0.046617982
47.68090143,0.176429582,1.175719474,0.480414292,0.050236392
47.6855401,0.178368384,1.176932976,0.440754286,0.053697479
47.69017877,0.171501794,1.173211572,0.430839284,0.047404593
47.69481744,0.17166336,1.170622769,0.450669287,0.047089949
47.69945611,0.178045251,1.173292472,0.485822475,0.053382835
47.70409478,0.173440596,1.172887971,0.421825646,0.051101663
47.70873345,0.169643775,1.169732868,0.441655649,0.046775304
47.71337212,0.172551978,1.170299169,0.475907473,0.049292459
47.71801079,0.176752716,1.175395874,0.464189744,0.054248106
47.72264946,0.170128476,1.177580176,0.434444739,0.048427187
47.72728813,0.168916724,1.180411679,0.457880198,0.046853965
47.7319268,0.175460181,1.185912885,0.502047023,0.052045596
47.73656547,0.173359812,1.187045486,0.438050194,0.052517563
47.74120414,0.16810889,1.182919582,0.446162468,0.046696643
47.74584281,0.169562992,1.181786981,0.469597927,0.047876559
47.75048148,0.176187232,1.184699384,0.477710201,0.054090784
47.75512015,0.169805342,1.18122068,0.423628374,0.049607103
47.75975882,0.166331655,1.175800375,0.445261105,0.046617982
47.76439749,0.172551978,1.176123975,0.484921111,0.050472375
47.76903616,0.173359812,1.178308277,0.441655649,0.052989529
47.77367483,0.166412438,1.175476774,0.434444739,0.046853965
47.7783135,0.167704973,1.174505973,0.45607747,0.047247271
47.78295217,0.173602163,1.178065577,0.488526566,0.052989529
47.78759084,0.169078291,1.179359978,0.425431101,0.050944341
47.79222951,0.164958337,1.177984677,0.447965196,0.046932627
47.79686818,0.169239858,1.179036378,0.479512928,0.049213798
47.80150685,0.172632762,1.181625181,0.456978834,0.054248106
47.80614552,0.165685387,1.178874578,0.426332465,0.048191204
47.81078419,0.165200687,1.176932976,0.446162468,0.046696643
47.81542286,0.171905711,1.179279078,0.48942793,0.052674885
47.82006153,0.169401425,1.180411679,0.428135193,0.052674885
47.8247002,0.164312069,1.177984677,0.443458377,0.047011288
47.82933887,0.166816355,1.178631878,0.471400654,0.048269865
47.83397754,0.172067278,1.18113978,0.476808837,0.053933462
47.83861621,0.165846954,1.179359978,0.427233829,0.049292459
47.84325488,0.163504235,1.176528475,0.44886656,0.046539321
47.84789355,0.169320641,1.177499276,0.490329294,0.050472375
47.85253222,0.169239858,1.178793678,0.441655649,0.053146851
47.85717089,0.163261885,1.175962175,0.438050194,0.04716861
47.86180956,0.164150503,1.174991374,0.460584289,0.047011288
47.86644823,0.170693959,1.178146477,0.486723839,0.053540157
47.8710869,0.166170088,1.177499276,0.42272701,0.05086568
47.87572557,0.162615618,1.173292472,0.444359741,0.046381999
47.88036424,0.166735572,1.173130672,0.477710201,0.049213798
47.88500291,0.169482208,1.175153174,0.453373379,0.053618818
47.88964158,0.163665802,1.172726171,0.429036557,0.047640576
47.89428025,0.162454051,1.170946369,0.447965196,0.046539321
47.89891892,0.169643775,1.173454272,0.492132021,0.052202919
47.90355759,0.167301056,1.174991374,0.426332465,0.051966935
47.90819626,0.1622117,1.172887971,0.442557013,0.046853965
47.91283493,0.16528147,1.172726171,0.470499291,0.048269865
47.9174736,0.169724558,1.176285775,0.471400654,0.054090784
47.92211227,0.164312069,1.175476774,0.424529738,0.049135137
47.92675094,0.161807783,1.173211572,0.447063832,0.046932627
47.93138961,0.167543406,1.176285775,0.490329294,0.051101663
47.93602828,0.167785756,1.181463381,0.443458377,0.053146851
47.94066695,0.162050134,1.184294884,0.451570651,0.04716861
47.94530562,0.163261885,1.189634289,0.479512928,0.046853965
47.94994429,0.169643775,1.198209698,0.505652478,0.053540157
47.95458296,0.164312069,1.200313101,0.441655649,0.050472375
47.95922163,0.161323083,1.198290598,0.459682925,0.046381999
47.9638603,0.165604604,1.198209698,0.492132021,0.049685764
47.96849897,0.169239858,1.198533299,0.459682925,0.053933462
47.97313764,0.161888567,1.194164694,0.437148831,0.047719237
47.97777631,0.16148465,1.19076689,0.455176106,0.046775304
47.98241498,0.168674374,1.191818592,0.493934749,0.052674885
47.98705365,0.16455442,1.19003879,0.424529738,0.05157363
47.99169232,0.160596032,1.185912885,0.441655649,0.046932627
47.99633099,0.163423452,1.185022984,0.470499291,0.048820492
48.00096966,0.168997508,1.188339888,0.465992472,0.054562751
48.00560833,0.162373267,1.186074685,0.423628374,0.049056476
48.010247,0.161323083,1.184942084,0.446162468,0.046775304
48.01488567,0.167381839,1.189067989,0.490329294,0.051416308
48.01952434,0.167301056,1.191899492,0.435346103,0.053540157
48.02416301,0.162130917,1.19028149,0.439852922,0.047561915
48.02880168,0.163988936,1.189634289,0.464189744,0.048191204
48.03344035,0.170290042,1.193032093,0.485822475,0.054248106
48.03807902,0.16503912,1.191414091,0.427233829,0.050393714
48.04271769,0.162454051,1.188178088,0.44886656,0.046932627
48.04735636,0.167139489,1.187530887,0.486723839,0.050236392
48.05199503,0.169562992,1.188097188,0.450669287,0.054090784
48.0566337,0.162454051,1.183243182,0.432642012,0.047797898
48.06127237,0.1622117,1.180330779,0.451570651,0.046696643
48.06591104,0.169078291,1.181463381,0.490329294,0.052517563
48.07054971,0.16528147,1.179845379,0.42272701,0.051101663
48.07518838,0.161161516,1.174991374,0.439852922,0.046539321
48.07982705,0.164392853,1.174425073,0.470499291,0.048348526
48.08446572,0.168835941,1.174910474,0.462387016,0.053697479
48.08910439,0.1622117,1.170865469,0.423628374,0.047955221
48.09374306,0.160838382,1.167467666,0.444359741,0.046067355
48.09838173,0.167220272,1.168114866,0.48942793,0.050944341
48.1030204,0.166250871,1.168519367,0.430839284,0.052360241
48.10765907,0.160838382,1.165040663,0.438951558,0.046539321
48.11229774,0.162050134,1.163827162,0.461485653,0.047404593
48.11693641,0.168755157,1.166254164,0.477710201,0.053540157
48.12157508,0.163019535,1.164636163,0.420924282,0.04937112
48.12621375,0.160353682,1.162856361,0.442557013,0.046224677
48.13085242,0.165927738,1.164231662,0.481315656,0.050157731
48.13549109,0.166897139,1.165121563,0.442557013,0.053540157
48.14012976,0.160999949,1.16212826,0.429036557,0.04716861
48.14476843,0.161080733,1.159782158,0.449767924,0.046775304
48.1494071,0.167947323,1.16180466,0.485822475,0.052517563
48.15404577,0.164473636,1.161481059,0.419121555,0.050787019
48.15868444,0.160272898,1.157193355,0.440754286,0.046224677
48.16332311,0.164069719,1.157274255,0.473203382,0.048427187
48.16796178,0.168028107,1.159782158,0.459682925,0.05377614
48.17260045,0.160999949,1.157840555,0.426332465,0.048269865
48.17723912,0.161161516,1.156788854,0.447965196,0.046381999
48.18187779,0.166574005,1.160105758,0.494836113,0.051023002
48.18651646,0.165523821,1.16220916,0.434444739,0.052045596
48.19115513,0.160111332,1.159377657,0.443458377,0.046617982
48.1957938,0.161888567,1.158730456,0.467795199,0.047483254
48.20043247,0.16835124,1.162694561,0.477710201,0.05377614
48.20507114,0.161888567,1.160510258,0.42272701,0.049213798
48.20970981,0.159788198,1.157678755,0.443458377,0.04646066
48.21434848,0.165443037,1.159215857,0.484019747,0.049921747
48.21898715,0.166816355,1.161400159,0.441655649,0.052910868
48.22362582,0.160353682,1.158811357,0.432642012,0.047247271
48.22826449,0.160676815,1.157355155,0.452472015,0.046617982
48.23290316,0.167785756,1.160833859,0.486723839,0.052832207
48.23754183,0.163504235,1.160914759,0.423628374,0.050472375
48.2421805,0.159626631,1.158325956,0.444359741,0.046146016
48.24681917,0.163827369,1.158973157,0.477710201,0.048820492
48.25145784,0.167301056,1.16212826,0.459682925,0.053854801
48.25609651,0.160838382,1.161076559,0.429036557,0.048112543
48.26073518,0.160434465,1.159943958,0.449767924,0.046381999
48.26537385,0.166897139,1.162775461,0.491230657,0.051809613
48.27001252,0.16503912,1.165283363,0.429036557,0.052045596
48.27465119,0.160111332,1.163179961,0.442557013,0.046381999
48.27928986,0.162534834,1.163988962,0.468696563,0.047404593
48.28392853,0.167947323,1.168276667,0.475006109,0.053697479
48.2885672,0.161727,1.167467666,0.425431101,0.048977814
48.29320587,0.159626631,1.165364263,0.447063832,0.04575271
48.29784454,0.165523821,1.167467666,0.488526566,0.050000408
48.30248321,0.166331655,1.170218269,0.441655649,0.052989529
48.30712188,0.160192115,1.168600267,0.435346103,0.047089949
48.31176055,0.161080733,1.167953066,0.45607747,0.046696643
48.31639922,0.168028107,1.172159871,0.484921111,0.052989529
48.32103789,0.162938751,1.17167447,0.421825646,0.050315053
48.32567656,0.159626631,1.169651968,0.441655649,0.046224677
48.33031523,0.163988936,1.170137369,0.474104746,0.049135137
48.3349539,0.167058706,1.172726171,0.450669287,0.053854801
48.33959257,0.160838382,1.168762067,0.42272701,0.048269865
48.34423124,0.160272898,1.165526064,0.441655649,0.046932627
48.34886991,0.167301056,1.167629466,0.484921111,0.052438902
48.35350858,0.164635203,1.167872166,0.420924282,0.052202919
48.35814725,0.159707414,1.163746262,0.436247467,0.046853965
48.36278592,0.162777184,1.163179961,0.464189744,0.048112543
48.36742459,0.167704973,1.166577765,0.467795199,0.054090784
48.37206326,0.16148465,1.164717063,0.420924282,0.049056476
48.37670193,0.160272898,1.162613661,0.443458377,0.046617982
48.3813406,0.166008521,1.163988962,0.485822475,0.051101663
48.38597927,0.166170088,1.165202463,0.435346103,0.053225513
48.39061794,0.160030548,1.161319259,0.432642012,0.047011288
48.39525661,0.161403866,1.159701257,0.454274742,0.047089949
48.39989528,0.167785756,1.16253276,0.481315656,0.053540157
48.40453395,0.162615618,1.160510258,0.418220191,0.050551036
48.40917262,0.159626631,1.157436055,0.439852922,0.04646066
48.41381129,0.163988936,1.157678755,0.475907473,0.049528442
48.41844996,0.167139489,1.159863058,0.447965196,0.05377614
48.42308863,0.160434465,1.156950655,0.426332465,0.047955221
48.4277273,0.159949765,1.154766352,0.446162468,0.046696643
48.43236597,0.166816355,1.157031555,0.486723839,0.052438902
48.43700464,0.164150503,1.157031555,0.421825646,0.051888274
48.44164331,0.159465064,1.153471951,0.438050194,0.046853965
48.44628198,0.1622117,1.15290565,0.465992472,0.048505848
48.45092065,0.16762419,1.155898953,0.465091108,0.054248106
48.45555932,0.161565433,1.154280952,0.421825646,0.048977814
48.46019799,0.160030548,1.152177549,0.442557013,0.047011288
48.46483666,0.165927738,1.154280952,0.486723839,0.051416308
48.46947533,0.165604604,1.155898953,0.433543375,0.053461496
48.474114,0.159788198,1.15290565,0.435346103,0.047561915
48.47875267,0.161323083,1.151773049,0.457880198,0.047719237
48.48339134,0.167704973,1.155251753,0.480414292,0.053933462
48.48803001,0.162696401,1.154361852,0.420022919,0.050551036
48.49266868,0.159788198,1.151530349,0.442557013,0.046696643
48.49730735,0.164473636,1.15242025,0.479512928,0.050000408
48.50194602,0.166574005,1.155170853,0.447063832,0.054169445
48.50658469,0.160676815,1.15274385,0.429036557,0.048112543
48.51122336,0.160515249,1.151368549,0.447965196,0.047247271
48.51586203,0.167381839,1.154119152,0.488526566,0.052989529
48.5205007,0.164312069,1.154604552,0.421825646,0.051809613
48.52513937,0.160272898,1.15242025,0.439852922,0.047011288
48.52977804,0.163585019,1.152096649,0.468696563,0.048899153
48.53441671,0.168916724,1.155737153,0.462387016,0.054720073
48.53905538,0.162050134,1.154361852,0.421825646,0.049292459
48.54369405,0.160676815,1.151368549,0.442557013,0.04716861
48.54833272,0.166654788,1.154038251,0.486723839,0.051809613
48.55297139,0.165766171,1.156141654,0.429036557,0.05306819
48.55761006,0.160353682,1.153310151,0.435346103,0.047011288
48.56224873,0.161888567,1.152096649,0.458781561,0.048033882
48.5668874,0.168270457,1.155979854,0.476808837,0.054405429
48.57152607,0.163423452,1.155898953,0.420022919,0.050157731
48.57616474,0.160515249,1.153391051,0.444359741,0.046539321
48.58080341,0.165362254,1.155170853,0.483118383,0.050393714
48.58544208,0.16762419,1.158487756,0.447063832,0.054012123
48.59008075,0.161161516,1.157031555,0.434444739,0.047797898
48.59471942,0.161565433,1.156950655,0.454274742,0.047011288
48.59935809,0.168432024,1.161076559,0.492132021,0.053304174
48.60399676,0.164635203,1.161481059,0.425431101,0.051337647
48.60863543,0.160515249,1.158406856,0.444359741,0.046696643
48.6132741,0.164635203,1.158325956,0.474104746,0.048899153
48.61791277,0.168189673,1.160186658,0.462387016,0.054326768
48.62255144,0.162130917,1.158164156,0.425431101,0.04866317
48.62719011,0.160999949,1.155818053,0.446162468,0.046853965
48.63182878,0.167139489,1.157193355,0.48942793,0.051888274
48.63646745,0.165766171,1.158487756,0.429036557,0.052832207
48.64110612,0.160515249,1.154928152,0.436247467,0.046932627
48.64574479,0.162696401,1.154442752,0.459682925,0.047719237
48.65038346,0.168512807,1.156950655,0.473203382,0.054248106
48.65502213,0.163181101,1.155979854,0.419121555,0.05007907
48.6596608,0.160838382,1.153552851,0.441655649,0.046775304
48.66429947,0.166089305,1.154847252,0.481315656,0.050315053
48.66893814,0.167381839,1.157031555,0.440754286,0.05377614
48.67357681,0.160919166,1.154038251,0.430839284,0.047640576
48.67821548,0.161727,1.15298655,0.450669287,0.04716861
48.68285415,0.168432024,1.155575353,0.484921111,0.053225513
48.68749282,0.16455442,1.155575353,0.419121555,0.051416308
48.69213149,0.160676815,1.15282475,0.438951558,0.046539321
48.69677016,0.16455442,1.15274385,0.471400654,0.048977814
48.70140883,0.168512807,1.155009052,0.455176106,0.054326768
48.7060475,0.161727,1.15298655,0.42272701,0.048348526
48.71068617,0.160838382,1.151206748,0.443458377,0.04646066
48.71532484,0.167301056,1.153229251,0.486723839,0.052045596
48.71996351,0.165604604,1.154200052,0.424529738,0.05228158
48.72460218,0.160030548,1.150235947,0.436247467,0.046617982
48.72924085,0.162373267,1.149588747,0.461485653,0.047797898
48.73387952,0.16810889,1.15233935,0.469597927,0.054012123
48.73851819,0.16196935,1.150883148,0.418220191,0.049449781
48.74315686,0.160272898,1.149184246,0.440754286,0.046696643
48.74779553,0.165685387,1.150883148,0.483118383,0.050551036
48.7524342,0.166089305,1.153229251,0.437148831,0.053618818
48.75707287,0.160192115,1.150074147,0.42993792,0.047483254
48.76171154,0.160919166,1.149265146,0.451570651,0.047325932
48.76635021,0.167947323,1.15306745,0.48221702,0.053461496
48.77098888,0.163019535,1.15225845,0.417318827,0.050787019
48.77562755,0.159384281,1.148698846,0.438050194,0.046224677
48.78026622,0.163665802,1.149022446,0.472302018,0.049213798
48.78490489,0.167139489,1.151287649,0.451570651,0.053933462
48.78954356,0.160757599,1.148132545,0.42272701,0.047719237
48.79418223,0.159465064,1.145220142,0.443458377,0.046539321
48.7988209,0.166008521,1.147728045,0.485822475,0.051888274
48.80345957,0.163988936,1.148860646,0.42272701,0.051966935
48.80809824,0.158818797,1.145139242,0.436247467,0.046617982
48.81273691,0.161565433,1.144734742,0.46328838,0.047719237
48.81737558,0.167301056,1.147728045,0.467795199,0.054090784
48.82201425,0.161161516,1.145786443,0.418220191,0.048899153
48.82665292,0.159061147,1.14311674,0.440754286,0.046146016
48.83129159,0.164635203,1.144006641,0.483118383,0.050315053
48.83593026,0.165200687,1.146271843,0.433543375,0.052910868
48.84056893,0.159465064,1.14295494,0.430839284,0.046932627
48.8452076,0.160111332,1.141741438,0.452472015,0.046853965
48.84984627,0.166977922,1.144249341,0.479512928,0.053382835
48.85448494,0.162373267,1.14335944,0.417318827,0.050315053
48.85912361,0.158980364,1.140608837,0.438951558,0.046224677
48.86376228,0.162938751,1.141013338,0.473203382,0.049056476
48.86840095,0.166250871,1.144006641,0.447063832,0.053854801
48.87303962,0.159303497,1.140608837,0.42272701,0.047797898
48.87767829,0.15889958,1.138100935,0.442557013,0.046539321
48.88231696,0.165604604,1.141336938,0.484921111,0.05228158
48.88695563,0.162777184,1.142226839,0.419121555,0.051652291
48.8915943,0.15841488,1.139071736,0.435346103,0.046696643
48.89623297,0.16148465,1.138748135,0.464189744,0.048348526
48.90087164,0.166897139,1.141984139,0.464189744,0.053933462
48.90551031,0.160515249,1.140285237,0.419121555,0.048584509
48.91014898,0.159061147,1.137939134,0.441655649,0.046381999
48.91478765,0.164877553,1.140123437,0.484921111,0.050472375
48.91942632,0.16479677,1.142469539,0.432642012,0.052674885
48.92406499,0.159141931,1.140204337,0.433543375,0.046853965
48.92870366,0.160515249,1.139395336,0.45607747,0.047089949
48.93334233,0.167139489,1.14295494,0.479512928,0.053382835
48.937981,0.161727,1.14303584,0.419121555,0.049843086
48.94261967,0.159141931,1.140851537,0.441655649,0.046146016
48.94725834,0.163665802,1.142145939,0.478611565,0.04937112
48.95189701,0.166412438,1.146190943,0.447965196,0.05377614
48.95653568,0.159868981,1.144896542,0.428135193,0.047640576
48.96117435,0.159949765,1.144653842,0.447063832,0.04646066
48.96581302,0.167139489,1.147485345,0.487625202,0.05228158
48.97045169,0.163665802,1.148051645,0.420924282,0.051416308
48.97509036,0.159222714,1.145058342,0.438951558,0.046224677
48.97972903,0.162373267,1.145786443,0.467795199,0.047955221
48.9843677,0.167381839,1.148860646,0.46328838,0.053697479
48.98900637,0.160919166,1.146271843,0.420924282,0.048584509
48.99364504,0.159384281,1.143844841,0.441655649,0.046539321
48.99828371,0.165927738,1.146029143,0.484921111,0.051337647
49.00292238,0.164635203,1.147323544,0.42993792,0.052832207
49.00756105,0.159222714,1.144411141,0.434444739,0.046696643
49.01219972,0.160838382,1.14368304,0.457880198,0.04716861
49.01683839,0.167058706,1.147808945,0.477710201,0.053382835
49.02147706,0.161565433,1.146999944,0.420022919,0.049685764
49.02611573,0.158738013,1.145381942,0.442557013,0.046381999
49.0307544,0.163261885,1.147889845,0.481315656,0.049449781
49.03539307,0.165685387,1.15233935,0.447063832,0.053618818
49.04003174,0.159141931,1.15242025,0.433543375,0.047404593
49.04467041,0.159868981,1.158083256,0.460584289,0.046775304
49.04930908,0.166412438,1.171998071,0.508356569,0.052753546
49.05394775,0.163019535,1.186398286,0.452472015,0.051258986
49.05858642,0.158738013,1.196915297,0.476808837,0.04646066
49.06322509,0.162615618,1.208564909,0.510159297,0.04866317
49.06786376,0.167220272,1.21859652,0.495737476,0.054405429
49.07250243,0.160757599,1.220052721,0.450669287,0.048584509
49.0771411,0.160111332,1.219324621,0.465091108,0.046539321
49.08177977,0.166735572,1.222075224,0.504751114,0.05157363
49.08641844,0.165523821,1.222398824,0.442557013,0.052832207
49.09105711,0.160030548,1.21875832,0.447965196,0.046932627
49.09569578,0.162130917,1.217463919,0.469597927,0.047797898
49.10033445,0.168512807,1.219243721,0.483118383,0.054090784
49.10497312,0.162615618,1.216574018,0.425431101,0.049607103
49.10961179,0.159788198,1.212043613,0.446162468,0.046775304
49.11425046,0.16503912,1.210425611,0.483118383,0.050157731
49.11888913,0.166574005,1.210668312,0.442557013,0.053697479
49.1235278,0.160111332,1.204924405,0.42993792,0.047325932
49.12816647,0.160757599,1.201122101,0.44886656,0.046853965
49.13280514,0.167785756,1.201850202,0.484921111,0.053146851
49.13744381,0.163988936,1.199261399,0.418220191,0.050944341
49.14208248,0.159626631,1.193274793,0.437148831,0.046381999
49.14672115,0.163261885,1.19044329,0.469597927,0.048741831
49.15135982,0.166897139,1.191090491,0.454274742,0.054090784
49.15599849,0.160434465,1.186802786,0.420022919,0.048112543
49.16063716,0.159626631,1.181706081,0.440754286,0.046539321
49.16527583,0.165846954,1.182838682,0.484921111,0.05157363
49.1699145,0.164473636,1.182110581,0.423628374,0.05228158
49.17455317,0.159061147,1.176690275,0.433543375,0.046775304
49.17919184,0.161080733,1.174182373,0.458781561,0.047561915
49.18383051,0.166897139,1.175800375,0.469597927,0.053854801
49.18846918,0.160999949,1.172807071,0.416417464,0.049449781
49.19310785,0.15865723,1.168842967,0.438951558,0.046617982
49.19774652,0.164150503,1.168842967,0.479512928,0.050629697
49.20238519,0.165443037,1.169651968,0.436247467,0.053618818
49.20702386,0.158980364,1.166011464,0.428135193,0.047325932
49.21166253,0.160030548,1.163422661,0.44886656,0.047325932
49.2163012,0.166816355,1.165687864,0.481315656,0.053618818
49.22093987,0.162373267,1.164069862,0.417318827,0.051023002
49.22557854,0.158576447,1.160267558,0.437148831,0.046853965
49.23021721,0.163019535,1.160024858,0.471400654,0.049213798
49.23485588,0.166574005,1.16229006,0.452472015,0.054248106
49.23949455,0.159626631,1.158730456,0.421825646,0.048191204
49.24413322,0.159465064,1.156060754,0.441655649,0.046853965
49.24877189,0.165685387,1.158164156,0.486723839,0.052045596
49.25341056,0.163665802,1.158811357,0.42272701,0.052438902
49.25804923,0.159061147,1.155737153,0.435346103,0.046775304
49.2626879,0.161727,1.155251753,0.461485653,0.047876559
49.26732657,0.167381839,1.158325956,0.467795199,0.054326768
49.27196524,0.160999949,1.157112455,0.419121555,0.049292459
49.27660391,0.158818797,1.154847252,0.441655649,0.046539321
49.28124258,0.16503912,1.157597855,0.485822475,0.050787019
49.28588125,0.165927738,1.160995659,0.441655649,0.053304174
49.29051992,0.159626631,1.160429358,0.438951558,0.047561915
49.29515859,0.16148465,1.16180466,0.461485653,0.047719237
49.29979726,0.168270457,1.166820465,0.48942793,0.054012123
49.30443593,0.163342668,1.166982265,0.423628374,0.050944341
49.3090746,0.160192115,1.164878863,0.444359741,0.046853965
49.31371327,0.16455442,1.165687864,0.477710201,0.049764425
49.31835194,0.16762419,1.168114866,0.453373379,0.054326768
49.32299061,0.161161516,1.165687864,0.427233829,0.048348526
49.32762928,0.160353682,1.162937261,0.444359741,0.046853965
49.33226795,0.167301056,1.165283363,0.487625202,0.052360241
49.33690662,0.164715986,1.165445164,0.420924282,0.052202919
49.34154529,0.160030548,1.16204736,0.436247467,0.046853965
49.34618396,0.162777184,1.160914759,0.46328838,0.048584509
49.35082263,0.167947323,1.163665362,0.465992472,0.054405429
49.3554613,0.161646217,1.160429358,0.418220191,0.049135137
49.36009997,0.159949765,1.157112455,0.439852922,0.046617982
49.36473864,0.166008521,1.158811357,0.48221702,0.051180325
49.36937731,0.165846954,1.160267558,0.430839284,0.053225513
49.37401598,0.159949765,1.155818053,0.430839284,0.047404593
49.37865465,0.160838382,1.153714651,0.453373379,0.047561915
49.38329332,0.167381839,1.157516955,0.480414292,0.05377614
49.38793199,0.162292484,1.156788854,0.420924282,0.05007907
49.39257066,0.159788198,1.154604552,0.443458377,0.04646066
49.39720933,0.164150503,1.155575353,0.479512928,0.049449781
49.401848,0.166654788,1.157678755,0.44886656,0.054090784
49.40648667,0.159868981,1.154038251,0.427233829,0.048112543
49.41112534,0.159868981,1.15250115,0.446162468,0.047011288
49.41576401,0.166331655,1.154119152,0.487625202,0.052517563
49.42040268,0.163261885,1.153310151,0.421825646,0.051652291
49.42504135,0.159384281,1.149507847,0.438050194,0.047089949
49.42968002,0.162373267,1.149184246,0.466893835,0.048741831
49.43431869,0.167462623,1.152177549,0.465091108,0.054248106
49.43895736,0.161080733,1.149669647,0.42272701,0.048977814
49.44359603,0.159949765,1.147242644,0.444359741,0.046853965
49.4482347,0.165443037,1.148698846,0.487625202,0.051652291
49.45287337,0.164958337,1.149507847,0.433543375,0.053382835
49.45751204,0.159545848,1.146595444,0.436247467,0.047404593
49.46215071,0.161161516,1.145948243,0.457880198,0.047561915
49.46678938,0.167381839,1.149022446,0.478611565,0.054012123
49.47142805,0.161888567,1.147889845,0.419121555,0.050157731
49.47606672,0.159061147,1.145058342,0.439852922,0.046617982
49.48070539,0.163585019,1.145705543,0.477710201,0.05007907
49.48534406,0.165766171,1.147566245,0.444359741,0.05448409
49.48998273,0.159626631,1.144492041,0.428135193,0.048269865
49.4946214,0.159707414,1.14295494,0.44886656,0.04716861
49.49926007,0.166331655,1.146757244,0.488526566,0.052989529
49.50389874,0.163261885,1.147808945,0.420924282,0.051652291
49.50853741,0.159303497,1.145058342,0.439852922,0.046617982
49.51317608,0.162534834,1.145139242,0.469597927,0.048741831
49.51781475,0.167139489,1.148779746,0.461485653,0.054248106
49.52245342,0.160999949,1.147728045,0.42272701,0.048584509
49.52709209,0.159868981,1.147080844,0.444359741,0.046932627
49.53173076,0.165766171,1.150640448,0.48942793,0.051416308
49.53636943,0.165685387,1.154361852,0.432642012,0.052989529
49.5410081,0.159707414,1.152015749,0.439852922,0.04716861
49.54564677,0.161807783,1.15306745,0.46328838,0.047876559
49.55028544,0.168028107,1.157355155,0.481315656,0.054169445
49.55492411,0.162130917,1.156950655,0.42272701,0.050315053
49.55956278,0.159626631,1.155251753,0.443458377,0.047089949
49.56420145,0.164715986,1.157112455,0.48221702,0.050393714
49.56884012,0.166897139,1.160995659,0.444359741,0.054012123
49.57347879,0.160757599,1.158487756,0.42993792,0.047876559
49.57811746,0.160838382,1.157436055,0.450669287,0.047247271
49.58275613,0.168028107,1.161238359,0.48942793,0.053225513
49.5873948,0.163988936,1.16196646,0.426332465,0.051416308
49.59203347,0.160111332,1.160914759,0.447063832,0.046539321
49.59667214,0.163988936,1.16180466,0.476808837,0.048977814
49.60131081,0.168189673,1.164393462,0.462387016,0.054326768
49.60594948,0.161565433,1.16245186,0.426332465,0.048505848
49.61058815,0.160838382,1.160267558,0.446162468,0.046696643
49.61522682,0.166654788,1.16188556,0.48942793,0.051888274
49.61986549,0.165766171,1.163260861,0.429036557,0.052674885
49.62450416,0.160272898,1.159620357,0.437148831,0.046932627
49.62914283,0.162050134,1.158325956,0.461485653,0.047955221
49.6337815,0.168028107,1.161076559,0.474104746,0.053854801
49.63842017,0.162130917,1.159377657,0.420022919,0.049607103
49.64305884,0.159626631,1.156222554,0.441655649,0.04646066
49.64769751,0.16503912,1.156869754,0.481315656,0.050393714
49.65233618,0.166170088,1.158325956,0.439852922,0.05377614
49.65697485,0.159788198,1.154280952,0.430839284,0.047404593
49.66161352,0.160434465,1.15258205,0.450669287,0.047089949
49.66625219,0.167381839,1.155089953,0.484019747,0.053461496
49.67089086,0.163100318,1.154119152,0.419121555,0.051258986
49.67552953,0.159141931,1.150155047,0.438951558,0.046539321
49.6801682,0.163019535,1.149507847,0.471400654,0.049135137
49.68480687,0.167139489,1.151934849,0.453373379,0.054248106
49.68944554,0.160353682,1.148698846,0.421825646,0.048348526
49.69408421,0.159303497,1.145705543,0.441655649,0.046932627
49.69872288,0.165604604,1.146919044,0.484921111,0.052202919
49.70336155,0.163988936,1.147161744,0.42272701,0.052674885
49.70800022,0.158818797,1.14327854,0.434444739,0.047247271
49.71263889,0.161242299,1.142469539,0.461485653,0.048191204
49.71727756,0.166816355,1.145867343,0.469597927,0.054326768
49.72191623,0.160999949,1.143844841,0.419121555,0.049764425
49.7265549,0.158818797,1.140608837,0.441655649,0.047089949
49.73119357,0.163908152,1.141660538,0.48221702,0.05086568
49.73583224,0.164715986,1.14368304,0.436247467,0.053854801
49.74047091,0.158172529,1.140770637,0.42993792,0.047876559
49.74510958,0.159384281,1.139071736,0.451570651,0.047640576
49.74974825,0.166250871,1.141984139,0.48221702,0.054012123
49.75438692,0.161323083,1.141498738,0.418220191,0.051337647
49.75902559,0.157849396,1.138181835,0.439852922,0.047089949
49.76366426,0.161646217,1.138505435,0.475006109,0.049685764
49.76830293,0.16503912,1.141660538,0.453373379,0.05448409
49.7729416,0.15865723,1.138667235,0.425431101,0.048427187
49.77758027,0.158253313,1.136321133,0.445261105,0.046853965
49.78221894,0.16503912,1.138586335,0.488526566,0.052753546
49.78685761,0.162534834,1.139638036,0.42272701,0.052674885
49.79149628,0.157768612,1.136563833,0.437148831,0.047089949
49.79613495,0.160192115,1.136321133,0.464189744,0.048584509
49.80077362,0.166250871,1.140285237,0.468696563,0.054641412
49.80541229,0.159949765,1.138990836,0.42272701,0.049685764
49.81005096,0.158010963,1.137291934,0.444359741,0.04716861
49.81468963,0.163827369,1.140851537,0.488526566,0.051494969
49.8193283,0.164231286,1.143925741,0.438951558,0.054012123
49.82396697,0.158334096,1.14279314,0.438050194,0.047719237
49.82860564,0.159626631,1.14319764,0.461485653,0.047561915
49.83324431,0.166412438,1.148860646,0.48942793,0.054169445
49.83788298,0.160919166,1.149750547,0.428135193,0.051023002
49.84252165,0.158010963,1.149507847,0.451570651,0.047089949
49.84716032,0.162777184,1.153795551,0.492132021,0.049843086
49.85179899,0.16528147,1.162775461,0.471400654,0.054405429
49.85643766,0.159061147,1.167872166,0.453373379,0.048348526
49.86107633,0.159222714,1.18049258,0.486723839,0.046932627
49.865715,0.166654788,1.216169517,0.580465672,0.052753546
49.87035367,0.164312069,1.284125589,0.604802494,0.052124257
49.87499234,0.160192115,1.358634568,0.675108869,0.046853965
49.87963101,0.163504235,1.412675826,0.700347055,0.048348526
49.88426968,0.168755157,1.439453754,0.65618023,0.05448409
49.88890835,0.162777184,1.442447057,0.56333976,0.04937112
49.89354702,0.161323083,1.43589415,0.54891794,0.046932627
49.89818569,0.167058706,1.429179443,0.564241124,0.051258986
49.90282436,0.167058706,1.421817535,0.48942793,0.053461496
49.90746303,0.161242299,1.408954422,0.475907473,0.047247271
49.9121017,0.163100318,1.399165511,0.488526566,0.047404593
49.91674037,0.168835941,1.394796907,0.504751114,0.054090784
49.92137904,0.163585019,1.386706898,0.439852922,0.050236392
49.92601771,0.160676815,1.377969689,0.458781561,0.046696643
49.93065638,0.165200687,1.372306683,0.493033385,0.049921747
49.93529505,0.16786654,1.36955608,0.459682925,0.054169445
49.93993372,0.161403866,1.361466071,0.439852922,0.048033882
49.94457239,0.161403866,1.353052463,0.457880198,0.047089949
49.94921106,0.168270457,1.348441158,0.49663884,0.052753546
49.95384973,0.164877553,1.342050051,0.429036557,0.051730952
49.9584884,0.160272898,1.33145214,0.445261105,0.046696643
49.96312707,0.163665802,1.324090232,0.472302018,0.048505848
49.96776574,0.168432024,1.319559827,0.466893835,0.05448409
49.97240441,0.16196935,1.310256317,0.424529738,0.049056476
49.97704308,0.160838382,1.300791007,0.444359741,0.047011288
49.98168175,0.166897139,1.296746003,0.488526566,0.05157363
49.98632042,0.165766171,1.291325697,0.430839284,0.053225513
49.99095909,0.160272898,1.281455887,0.435346103,0.047325932
49.99559776,0.161727,1.274498479,0.458781561,0.047561915
50.00023643,0.16786654,1.271909676,0.476808837,0.054090784
50.0048751,0.16196935,1.264871369,0.419121555,0.050472375
50.00951377,0.159465064,1.25661956,0.441655649,0.046932627
50.01415244,0.164392853,1.252493656,0.479512928,0.050393714
50.01879111,0.166170088,1.249257652,0.443458377,0.053933462
50.02342978,0.159788198,1.241572144,0.428135193,0.047955221
50.02806845,0.160111332,1.235504638,0.447965196,0.047247271
50.03270712,0.166816355,1.233967536,0.485822475,0.053540157
50.03734579,0.163100318,1.229437131,0.420022919,0.051730952
50.04198446,0.159141931,1.222641524,0.439852922,0.046853965
50.04662313,0.162373267,1.21892012,0.471400654,0.048977814
50.0512618,0.166897139,1.21859652,0.459682925,0.054405429
50.05590047,0.160515249,1.213095314,0.423628374,0.048584509
50.06053914,0.159626631,1.207594108,0.444359741,0.046696643
50.06517781,0.165927738,1.207351408,0.48942793,0.051730952
50.06981648,0.164635203,1.207432308,0.434444739,0.053225513
50.07445515,0.159868981,1.203953604,0.443458377,0.047325932
50.07909382,0.1622117,1.202659203,0.467795199,0.047876559
50.08373249,0.168512807,1.204196305,0.481315656,0.054090784
50.08837116,0.1622117,1.200555801,0.425431101,0.050000408
50.09300983,0.160111332,1.195944496,0.446162468,0.04646066
50.0976485,0.165200687,1.194245594,0.484921111,0.049921747
50.10228717,0.166897139,1.194569194,0.444359741,0.053461496
50.10692584,0.160757599,1.189634289,0.432642012,0.047561915
50.11156451,0.160999949,1.186236486,0.452472015,0.047011288
50.11620318,0.167704973,1.188178088,0.486723839,0.053225513
50.12084185,0.163827369,1.186802786,0.420924282,0.051258986
50.12548052,0.159949765,1.182191481,0.441655649,0.046617982
50.13011919,0.163423452,1.18138248,0.474104746,0.048899153
50.13475786,0.167462623,1.183324083,0.458781561,0.05448409
50.13939653,0.160999949,1.180007179,0.426332465,0.048584509
50.1440352,0.160030548,1.177256576,0.447063832,0.047089949
50.14867387,0.166574005,1.179602679,0.490329294,0.052360241
50.15331254,0.16503912,1.180088079,0.42993792,0.052910868
50.15795121,0.160111332,1.176528475,0.440754286,0.047247271
50.16258988,0.162373267,1.175881275,0.466893835,0.048191204
50.16722855,0.168432024,1.179359978,0.476808837,0.054248106
50.17186722,0.162373267,1.178308277,0.424529738,0.050157731
50.17650589,0.160111332,1.175638574,0.447063832,0.047011288
50.18114456,0.165766171,1.178550977,0.48942793,0.05086568
50.18578323,0.166735572,1.18081618,0.443458377,0.054012123
50.1904219,0.160515249,1.177984677,0.437148831,0.047719237
50.19506057,0.161161516,1.177175676,0.456978834,0.047797898
50.19969924,0.168028107,1.18105888,0.48942793,0.054090784
50.20433791,0.163665802,1.18105888,0.424529738,0.05157363
50.20897658,0.159949765,1.178308277,0.446162468,0.047404593
50.21361525,0.164150503,1.177418376,0.480414292,0.049843086
50.21825392,0.167704973,1.179602679,0.458781561,0.054720073
50.22289259,0.161403866,1.176690275,0.430839284,0.048977814
50.22753126,0.160757599,1.174344173,0.449767924,0.047640576
50.23216993,0.167139489,1.176043075,0.493033385,0.052989529
50.2368086,0.165766171,1.177741977,0.42993792,0.05306819
50.24144727,0.161080733,1.175800375,0.443458377,0.047640576
50.24608594,0.163827369,1.175719474,0.469597927,0.048584509
50.25072461,0.169643775,1.179198178,0.476808837,0.054641412
50.25536328,0.163585019,1.178227377,0.427233829,0.049764425
50.26000195,0.161727,1.176204875,0.44886656,0.047404593
50.26464062,0.167301056,1.177822877,0.490329294,0.051730952
50.26927929,0.168189673,1.179764479,0.441655649,0.054326768
50.27391796,0.161807783,1.176043075,0.436247467,0.048112543
50.27855663,0.163019535,1.173535172,0.456978834,0.048033882
50.2831953,0.169401425,1.175314974,0.484921111,0.054248106
50.28783397,0.164231286,1.173292472,0.421825646,0.051337647
50.29247264,0.160999949,1.168923867,0.442557013,0.04716861
50.29711131,0.16528147,1.169166568,0.479512928,0.05007907
50.30174998,0.167947323,1.170622769,0.455176106,0.054562751
50.30638865,0.161161516,1.166496865,0.42993792,0.048584509
50.31102732,0.161403866,1.163827162,0.449767924,0.047483254
50.31566599,0.167704973,1.165040663,0.493033385,0.053461496
50.32030466,0.165443037,1.165364263,0.428135193,0.052832207
50.32494333,0.160111332,1.161561959,0.443458377,0.047404593
50.329582,0.163342668,1.160995659,0.471400654,0.049135137
50.33422067,0.168593591,1.163584462,0.473203382,0.055034717
50.33885934,0.162130917,1.16229006,0.427233829,0.050000408
50.34349801,0.160676815,1.159054057,0.44886656,0.047247271
50.34813668,0.166574005,1.160348458,0.491230657,0.051888274
50.35277535,0.166493222,1.161561959,0.439852922,0.054169445
50.35741402,0.160515249,1.158002356,0.441655649,0.048112543
50.36205269,0.161727,1.156060754,0.466893835,0.048033882
50.36669136,0.168270457,1.158649556,0.494836113,0.054798734
50.37133003,0.163342668,1.157678755,0.439852922,0.051023002
50.3759687,0.160030548,1.154361852,0.465091108,0.047325932
50.38060737,0.16503912,1.155251753,0.50384975,0.050393714
50.38524604,0.167381839,1.158002356,0.475006109,0.054720073
50.38988471,0.161565433,1.155089953,0.454274742,0.048820492
50.39452338,0.160838382,1.15250115,0.470499291,0.047404593
50.39916205,0.167785756,1.155575353,0.507455206,0.053146851
50.40380072,0.164473636,1.155898953,0.438050194,0.052517563
50.40843939,0.160111332,1.15266295,0.452472015,0.04716861
50.41307806,0.162938751,1.15250115,0.477710201,0.049135137
50.41771673,0.16835124,1.156303454,0.473203382,0.054956056
50.4223554,0.161807783,1.154280952,0.429036557,0.049607103
50.42699407,0.160353682,1.151692149,0.44886656,0.047483254
50.43163274,0.166654788,1.153148351,0.492132021,0.052045596
50.43627141,0.166493222,1.154280952,0.434444739,0.05377614
50.44091008,0.161161516,1.151044948,0.438050194,0.047561915
50.44554875,0.162696401,1.151125848,0.459682925,0.048269865
50.45018742,0.169159074,1.153876451,0.479512928,0.054562751
50.45482609,0.163827369,1.152096649,0.420022919,0.050472375
50.45946476,0.160999949,1.148617946,0.441655649,0.047089949
50.46410343,0.165523821,1.149588747,0.479512928,0.050551036
50.4687421,0.167704973,1.15290565,0.446162468,0.05448409
50.47338077,0.16148465,1.150721348,0.430839284,0.048191204
50.47801944,0.161807783,1.148941546,0.449767924,0.047561915
50.48265811,0.168432024,1.15233935,0.48942793,0.053382835
50.48729678,0.164958337,1.15225845,0.42272701,0.051809613
50.49193545,0.160515249,1.148941546,0.441655649,0.047247271
50.49657412,0.163665802,1.149022446,0.470499291,0.049213798
50.50121279,0.168270457,1.151934849,0.461485653,0.054956056
50.50585146,0.161807783,1.149912347,0.42272701,0.049213798
50.51049013,0.160596032,1.147889845,0.444359741,0.047011288
50.5151288,0.166574005,1.150316848,0.488526566,0.051888274
50.51976747,0.165766171,1.151773049,0.430839284,0.053225513
50.52440614,0.160676815,1.148375245,0.437148831,0.047561915
50.52904481,0.162534834,1.147808945,0.461485653,0.047876559
50.53368348,0.168432024,1.151611249,0.476808837,0.054326768
50.53832215,0.162938751,1.150640448,0.420924282,0.050315053
50.54296082,0.160515249,1.147485345,0.442557013,0.047011288
50.54759949,0.165523821,1.149265146,0.48221702,0.050629697
50.55223816,0.166897139,1.150964048,0.443458377,0.054248106
50.55687683,0.160999949,1.147808945,0.42993792,0.048191204
50.5615155,0.161080733,1.146352743,0.450669287,0.047483254
50.56615417,0.168189673,1.149507847,0.486723839,0.05377614
50.57079284,0.164231286,1.149507847,0.420924282,0.051494969
50.57543151,0.160272898,1.146999944,0.440754286,0.046853965
50.58007018,0.163504235,1.147808945,0.473203382,0.049292459
50.58470885,0.168028107,1.151692149,0.460584289,0.054641412
50.58934752,0.161565433,1.148941546,0.427233829,0.048741831
50.59398619,0.160353682,1.146433643,0.447965196,0.047011288
50.59862486,0.166897139,1.149912347,0.491230657,0.052360241
50.60326353,0.165604604,1.152177549,0.430839284,0.052910868
50.6079022,0.160353682,1.149265146,0.439852922,0.04716861
50.61254087,0.162534834,1.148860646,0.464189744,0.048112543
50.61717954,0.168512807,1.151853949,0.476808837,0.054562751
50.62181821,0.1622117,1.150478648,0.421825646,0.050236392
50.62645688,0.160111332,1.147889845,0.442557013,0.04716861
50.63109555,0.165443037,1.149507847,0.483118383,0.050944341
50.63573422,0.166574005,1.151934849,0.440754286,0.053933462
50.64037289,0.160676815,1.148375245,0.431740648,0.047797898
50.64501156,0.161403866,1.147404444,0.451570651,0.047561915
50.64965023,0.168028107,1.150478648,0.484921111,0.05377614
50.6542889,0.163585019,1.149993247,0.420924282,0.051730952
50.65892757,0.159949765,1.146271843,0.441655649,0.04716861
50.66356624,0.163827369,1.146271843,0.475006109,0.049843086
50.66820491,0.167220272,1.148294345,0.45607747,0.054877395
50.67284358,0.160434465,1.145705543,0.426332465,0.048899153
50.67748225,0.160111332,1.144330241,0.445261105,0.047404593
50.68212092,0.166412438,1.146271843,0.48942793,0.052989529
50.68675959,0.164392853,1.146838144,0.425431101,0.053382835
50.69139826,0.159626631,1.14287404,0.438951558,0.047483254
50.69603693,0.161807783,1.142065039,0.464189744,0.048899153
50.7006756,0.167381839,1.145220142,0.472302018,0.055034717
50.70531427,0.161323083,1.14360214,0.420924282,0.050315053
50.70995294,0.158980364,1.141094238,0.442557013,0.047247271
50.71459161,0.164715986,1.142226839,0.484019747,0.051494969
50.71923028,0.165766171,1.144006641,0.437148831,0.054169445
50.72386895,0.159465064,1.140042537,0.432642012,0.047955221
50.72850762,0.160757599,1.138586335,0.453373379,0.047955221
50.73314629,0.167139489,1.141498738,0.483118383,0.054169445
50.73778496,0.162615618,1.141579638,0.420022919,0.051337647
50.74242363,0.159384281,1.138829035,0.441655649,0.047325932
50.7470623,0.163504235,1.138505435,0.476808837,0.050000408
50.75170097,0.166735572,1.141336938,0.453373379,0.054720073
50.75633964,0.159788198,1.138586335,0.428135193,0.049056476
50.76097831,0.159465064,1.136725633,0.447063832,0.047483254
50.76561698,0.166331655,1.140123437,0.490329294,0.053540157
50.77025565,0.163423452,1.141013338,0.426332465,0.05306819
50.77489432,0.158818797,1.138181835,0.440754286,0.047561915
50.77953299,0.161565433,1.139233536,0.467795199,0.049135137
50.78417166,0.166977922,1.14344034,0.471400654,0.055034717
50.78881033,0.160757599,1.14352124,0.427233829,0.050000408
50.793449,0.159061147,1.145705543,0.454274742,0.047404593
50.79808767,0.165200687,1.15290565,0.501145659,0.051652291
50.80272634,0.165766171,1.159054057,0.453373379,0.053854801
50.80736501,0.160192115,1.160591158,0.453373379,0.047719237
50.81200368,0.162050134,1.163099061,0.474104746,0.047955221
50.81664235,0.168512807,1.169490168,0.499342932,0.054169445
50.82128102,0.163827369,1.171027269,0.436247467,0.050787019
50.82591969,0.160999949,1.170541869,0.456978834,0.047089949
50.83055836,0.165766171,1.173130672,0.492132021,0.05007907
50.83519703,0.168593591,1.177822877,0.465091108,0.054641412
50.8398357,0.162292484,1.177499276,0.442557013,0.048584509
50.84447437,0.1622117,1.178389177,0.464189744,0.047325932
50.84911304,0.169562992,1.184052183,0.505652478,0.053382835
50.85375171,0.167139489,1.188582588,0.440754286,0.052202919
50.85839038,0.163665802,1.194002894,0.465992472,0.047089949
50.86302905,0.168916724,1.213176214,0.516468843,0.048820492
50.86766772,0.177237416,1.249904853,0.539904302,0.054562751
50.87230639,0.17473313,1.287118893,0.52277839,0.049607103
50.87694506,0.17756055,1.315353023,0.552523395,0.047561915
50.88158373,0.187658477,1.34107925,0.595788856,0.05228158
50.8862224,0.19008198,1.35992897,0.536298847,0.054248106
50.89086107,0.185558109,1.365511076,0.524581117,0.048033882
50.89549974,0.187092994,1.367129077,0.531792028,0.048269865
50.90013841,0.193070967,1.36931338,0.536298847,0.054877395
50.90477708,0.187496911,1.364459375,0.464189744,0.050944341
50.90941575,0.18394244,1.356450266,0.477710201,0.047561915
50.91405442,0.188304745,1.35111086,0.509257933,0.050944341
50.91869309,0.19032433,1.347793957,0.471400654,0.054798734
50.92333176,0.182892256,1.339056748,0.449767924,0.048584509
50.92797043,0.182165205,1.332746541,0.470499291,0.047640576
50.9326091,0.188304745,1.332503841,0.516468843,0.053540157
50.93724777,0.184588708,1.330238638,0.452472015,0.052360241
50.94188644,0.179903269,1.324252032,0.466893835,0.047325932
50.94652511,0.181922855,1.318993526,0.492132021,0.049292459
50.95116378,0.185800459,1.317294625,0.480414292,0.054720073
50.95580245,0.179176218,1.310256317,0.438951558,0.049528442
50.96044112,0.17707585,1.30362251,0.457880198,0.047247271
50.96507979,0.182811472,1.301357308,0.499342932,0.052124257
50.96971846,0.181195804,1.298849405,0.441655649,0.053854801
50.97435713,0.175460181,1.291891998,0.447063832,0.047797898
50.9789958,0.176268015,1.286309892,0.468696563,0.048427187
50.98363447,0.181842071,1.285419991,0.485822475,0.054562751
50.98827314,0.176187232,1.280242385,0.429036557,0.050551036
50.99291181,0.172794328,1.274093979,0.451570651,0.047089949
50.99755048,0.177156633,1.271100676,0.48942793,0.050787019
51.00218915,0.178772301,1.270129875,0.453373379,0.05448409
51.00682782,0.172228844,1.265194969,0.439852922,0.048191204
51.01146649,0.172471195,1.261958966,0.460584289,0.047640576
51.01610516,0.179257002,1.26568037,0.504751114,0.053854801
51.02074383,0.175864098,1.271019776,0.447965196,0.051809613
51.0253825,0.172309628,1.27514568,0.476808837,0.047325932
51.03002117,0.176106449,1.280646886,0.510159297,0.049685764
51.03465984,0.180145619,1.285905391,0.494836113,0.055192039
51.03929851,0.173763729,1.28436829,0.454274742,0.049449781
51.04393718,0.172551978,1.280242385,0.469597927,0.047483254
51.04857585,0.178287601,1.279352484,0.508356569,0.052674885
51.05321452,0.177237416,1.278543484,0.445261105,0.053540157
51.05785319,0.171340227,1.271747876,0.452472015,0.047561915
51.06249186,0.172875112,1.267621972,0.474104746,0.048584509
51.06713053,0.178610735,1.267298372,0.484921111,0.054798734
51.0717692,0.172551978,1.261878066,0.429036557,0.050629697
51.07640787,0.169482208,1.254435258,0.449767924,0.047325932
51.08104654,0.174329213,1.251765555,0.488526566,0.051180325
51.08568521,0.175621748,1.250713854,0.445261105,0.054405429
51.09032388,0.168674374,1.243837347,0.434444739,0.048112543
51.09496255,0.168916724,1.239064242,0.454274742,0.047561915
51.09960122,0.175621748,1.238659741,0.487625202,0.053697479
51.10423989,0.17117866,1.234452937,0.42272701,0.051730952
51.10887856,0.166897139,1.22830453,0.441655649,0.047247271
51.11351723,0.170532393,1.225553927,0.474104746,0.049685764
51.1181559,0.174167646,1.225553927,0.457880198,0.054720073
51.12279457,0.167301056,1.219567321,0.424529738,0.049213798
51.12743324,0.166089305,1.213823415,0.446162468,0.047089949
51.13207191,0.171905711,1.212771714,0.48942793,0.052438902
51.13671058,0.170128476,1.211234612,0.427233829,0.052989529
51.14134925,0.165119904,1.205733406,0.438951558,0.047404593
51.14598792,0.166897139,1.202416503,0.465091108,0.048269865
51.15062659,0.172551978,1.203791804,0.474104746,0.054798734
51.15526526,0.166089305,1.200555801,0.423628374,0.049921747
51.15990393,0.163665802,1.195459095,0.445261105,0.046775304
51.1645426,0.169078291,1.194569194,0.485822475,0.050944341
51.16918127,0.169643775,1.194488294,0.439852922,0.054012123
51.17381994,0.163261885,1.188744388,0.433543375,0.047876559
51.17845861,0.164312069,1.185103884,0.453373379,0.047640576
51.18309728,0.170693959,1.185670185,0.484019747,0.053697479
51.18773595,0.165604604,1.183324083,0.419121555,0.051258986
51.19237462,0.1622117,1.179117278,0.439852922,0.047089949
51.19701329,0.166250871,1.178065577,0.474104746,0.050000408
51.20165196,0.169724558,1.178955478,0.452472015,0.054562751
51.20629063,0.163019535,1.174910474,0.426332465,0.048427187
51.2109293,0.162292484,1.17159357,0.447063832,0.04716861
51.21556797,0.168916724,1.173454272,0.490329294,0.052832207
51.22020664,0.166412438,1.173777872,0.427233829,0.052753546
51.22484531,0.161888567,1.17118907,0.441655649,0.047089949
51.22948398,0.164150503,1.170622769,0.467795199,0.048505848
51.23412265,0.169805342,1.173777872,0.472302018,0.054798734
51.23876132,0.163504235,1.170784569,0.423628374,0.049685764
51.24339999,0.161161516,1.167467666,0.444359741,0.046853965
51.24803866,0.166816355,1.167953066,0.486723839,0.051180325
51.25267733,0.166897139,1.167629466,0.436247467,0.053697479
51.257316,0.160757599,1.163179961,0.434444739,0.047640576
51.26195467,0.161565433,1.160510258,0.455176106,0.047955221
51.26659334,0.168432024,1.162937261,0.481315656,0.054798734
51.27123201,0.163504235,1.161157459,0.419121555,0.051337647
51.27587068,0.160353682,1.156869754,0.440754286,0.047561915
51.28050935,0.164473636,1.156141654,0.476808837,0.050629697
51.28514802,0.167220272,1.157274255,0.449767924,0.054720073
51.28978669,0.160838382,1.154038251,0.427233829,0.048741831
51.29442536,0.160919166,1.15274385,0.447965196,0.047719237
51.29906403,0.167947323,1.155575353,0.490329294,0.053382835
51.3037027,0.164473636,1.155170853,0.425431101,0.052360241
51.30834137,0.159868981,1.15225845,0.441655649,0.047483254
51.31298004,0.162454051,1.15242025,0.469597927,0.048741831
51.31761871,0.167704973,1.156707954,0.470499291,0.054798734
51.32225738,0.161080733,1.155898953,0.426332465,0.049921747
51.32689605,0.159868981,1.155979854,0.44886656,0.047404593
51.33153472,0.165604604,1.160267558,0.493033385,0.051730952
51.33617339,0.165119904,1.164555263,0.441655649,0.053540157
51.34081206,0.159868981,1.164959763,0.444359741,0.047719237
51.34545073,0.161242299,1.169894668,0.471400654,0.047876559
51.3500894,0.16762419,1.18113978,0.498441568,0.054326768
51.35472807,0.162534834,1.188582588,0.442557013,0.050787019
51.35936674,0.160192115,1.192384892,0.464189744,0.04716861
51.36400541,0.16455442,1.196834397,0.497540204,0.050315053
51.36864408,0.166977922,1.200798501,0.464189744,0.05448409
51.37328275,0.160676815,1.198290598,0.441655649,0.048584509
51.37792142,0.160676815,1.194973695,0.458781561,0.047404593
51.38256009,0.167301056,1.195863596,0.49663884,0.053304174
51.38719876,0.164069719,1.193436593,0.427233829,0.052045596
51.39183743,0.159626631,1.188339888,0.443458377,0.047011288
51.3964761,0.163261885,1.186317386,0.471400654,0.048741831
51.40111477,0.167704973,1.187126387,0.465992472,0.054720073
51.40575344,0.161161516,1.181867881,0.423628374,0.049449781
51.41039211,0.159868981,1.177499276,0.444359741,0.047247271
51.41503078,0.166008521,1.178550977,0.486723839,0.052045596
51.41966945,0.165685387,1.178631878,0.430839284,0.053540157
51.42430812,0.159788198,1.173535172,0.436247467,0.047483254
51.42894679,0.161646217,1.170784569,0.459682925,0.048348526
51.43358546,0.167785756,1.172645271,0.478611565,0.054562751
51.43822413,0.162534834,1.170137369,0.421825646,0.050629697
51.4428628,0.159626631,1.166739565,0.444359741,0.04716861
51.44750147,0.164150503,1.166820465,0.483118383,0.050629697
51.45214014,0.166574005,1.168357567,0.447965196,0.054562751
51.45677881,0.160353682,1.165364263,0.433543375,0.048191204
51.46141748,0.159949765,1.163503562,0.454274742,0.047404593
51.46605615,0.166977922,1.166011464,0.492132021,0.053697479
51.47069482,0.163181101,1.165364263,0.426332465,0.05228158
51.47533349,0.158576447,1.16164286,0.444359741,0.047483254
51.47997216,0.162292484,1.161400159,0.475907473,0.04937112
51.48461083,0.166816355,1.163665362,0.465091108,0.055428023
51.4892495,0.160030548,1.16164286,0.428135193,0.049764425
51.49388817,0.158818797,1.160672059,0.449767924,0.047719237
51.49852684,0.165119904,1.163179961,0.493033385,0.052438902
51.50316551,0.164473636,1.165445164,0.433543375,0.053461496
51.50780418,0.159061147,1.162937261,0.441655649,0.047640576
51.51244285,0.161242299,1.162775461,0.465992472,0.048584509
51.51708152,0.167301056,1.166982265,0.480414292,0.055034717
51.52172019,0.16148465,1.166415965,0.426332465,0.050315053
51.52635886,0.159465064,1.165202463,0.447965196,0.047325932
51.53099753,0.164958337,1.168114866,0.486723839,0.050944341
51.5356362,0.167139489,1.17118907,0.446162468,0.054248106
51.54027487,0.160111332,1.167953066,0.434444739,0.048112543
51.54491354,0.161323083,1.166901365,0.454274742,0.047719237
51.54955221,0.168512807,1.169975568,0.490329294,0.054012123
51.55419088,0.163988936,1.170056468,0.424529738,0.051809613
51.55882955,0.160353682,1.167629466,0.443458377,0.047404593
51.56346822,0.164069719,1.167629466,0.475907473,0.049921747
51.56810689,0.168028107,1.17110817,0.461485653,0.054956056
51.57274556,0.161565433,1.168519367,0.428135193,0.049213798
51.57738423,0.160515249,1.166982265,0.44886656,0.047325932
51.5820229,0.167058706,1.169571068,0.493033385,0.052674885
51.58666157,0.165443037,1.170946369,0.430839284,0.05306819
51.59130024,0.160192115,1.168195766,0.444359741,0.047561915
51.59593891,0.162373267,1.167953066,0.470499291,0.04866317
51.60057758,0.168189673,1.17135087,0.479512928,0.055113378
51.60521625,0.1622117,1.169085667,0.425431101,0.050236392
51.60985492,0.159868981,1.165606964,0.447063832,0.047089949
51.61449359,0.165604604,1.166820465,0.487625202,0.051180325
51.61913226,0.166574005,1.169409268,0.442557013,0.054012123
51.62377093,0.160596032,1.165849664,0.434444739,0.048269865
51.6284096,0.161323083,1.163908062,0.45607747,0.047797898
51.63304827,0.16786654,1.167386766,0.487625202,0.054169445
51.63768694,0.163423452,1.167872166,0.42272701,0.051652291
51.64232561,0.159949765,1.165849664,0.444359741,0.047561915
51.64696428,0.163746585,1.167305866,0.478611565,0.050157731
51.65160295,0.167220272,1.17135087,0.460584289,0.055034717
51.65624162,0.160919166,1.170865469,0.430839284,0.049056476
51.66088029,0.160676815,1.170703669,0.452472015,0.047561915
51.66551896,0.166816355,1.174748673,0.49663884,0.05306819
51.67015763,0.16479677,1.176771176,0.432642012,0.052832207
51.6747963,0.160030548,1.174910474,0.447965196,0.047561915
51.67943497,0.162534834,1.176690275,0.477710201,0.048741831
51.68407364,0.168270457,1.182353281,0.486723839,0.055034717
51.68871231,0.162373267,1.182272381,0.437148831,0.050472375
51.69335098,0.160434465,1.18113978,0.457880198,0.047483254
51.69798965,0.166574005,1.185022984,0.499342932,0.051888274
51.70262832,0.167301056,1.189229789,0.450669287,0.054405429
51.70726699,0.16148465,1.188987089,0.446162468,0.048427187
51.71190566,0.163100318,1.19028149,0.466893835,0.048191204
51.71654433,0.169643775,1.194650095,0.493934749,0.054641412
51.721183,0.164473636,1.194245594,0.42993792,0.051494969
51.72582167,0.160999949,1.19068599,0.447965196,0.047483254
51.73046034,0.165927738,1.19068599,0.481315656,0.050315053
51.73509901,0.168835941,1.191656791,0.454274742,0.055192039
51.73973768,0.1622117,1.186802786,0.42993792,0.048820492
51.74437635,0.161727,1.183809483,0.449767924,0.047483254
51.74901502,0.168432024,1.185184785,0.491230657,0.053225513
51.75365369,0.165523821,1.185022984,0.426332465,0.052674885
51.75829236,0.160999949,1.180411679,0.441655649,0.047561915
51.76293103,0.163261885,1.179602679,0.471400654,0.049213798
51.7675697,0.168916724,1.183000482,0.473203382,0.054641412
51.77220837,0.162615618,1.18065438,0.427233829,0.049607103
51.77684704,0.160515249,1.177580176,0.44886656,0.047404593
51.78148571,0.166816355,1.18065438,0.492132021,0.051966935
51.78612438,0.166574005,1.182434182,0.439852922,0.054012123
51.79076305,0.160838382,1.178550977,0.438951558,0.047876559
51.79540172,0.162050134,1.177337476,0.459682925,0.048112543
51.80004039,0.168593591,1.179521778,0.483118383,0.054248106
51.80467906,0.163423452,1.177741977,0.420022919,0.051023002
51.80931773,0.160353682,1.173696972,0.442557013,0.047404593
51.8139564,0.165362254,1.172807071,0.478611565,0.050472375
51.81859507,0.16786654,1.174425073,0.44886656,0.054877395
51.82323374,0.161242299,1.17126997,0.429036557,0.048505848
51.82787241,0.161323083,1.168842967,0.44886656,0.047719237
51.83251108,0.167785756,1.170460969,0.48942793,0.053618818
51.83714975,0.164473636,1.170299169,0.424529738,0.052596224
51.84178842,0.160353682,1.166820465,0.442557013,0.047640576
51.84642709,0.163181101,1.167224965,0.471400654,0.049607103
51.85106576,0.167543406,1.170784569,0.469597927,0.055349362
51.85570443,0.161565433,1.169571068,0.428135193,0.049764425
51.8603431,0.160434465,1.167467666,0.450669287,0.047561915
51.86498177,0.166331655,1.169813768,0.494836113,0.05228158
51.86962044,0.165685387,1.17135087,0.438951558,0.054248106
51.87425911,0.159788198,1.167791266,0.441655649,0.048348526
51.87889778,0.161646217,1.165283363,0.46328838,0.048741831
51.88353645,0.168028107,1.167872166,0.481315656,0.055034717
51.88817512,0.162534834,1.166415965,0.42272701,0.050787019
51.89281379,0.159626631,1.16204736,0.443458377,0.047247271
51.89745246,0.164392853,1.16188556,0.480414292,0.050787019
51.90209113,0.166331655,1.162613661,0.445261105,0.05448409
51.9067298,0.160111332,1.158649556,0.428135193,0.048269865
51.91136847,0.160353682,1.155818053,0.447965196,0.047640576
51.91600714,0.166816355,1.157031555,0.485822475,0.053697479
51.92064581,0.162938751,1.156465254,0.420924282,0.052360241
51.92528448,0.158738013,1.15233935,0.439852922,0.047404593
51.92992315,0.162130917,1.151125848,0.469597927,0.049449781
51.93456182,0.166412438,1.15306745,0.460584289,0.054956056
51.93920049,0.160030548,1.150478648,0.42272701,0.04937112
51.94383916,0.158738013,1.146595444,0.444359741,0.047325932
51.94847783,0.164958337,1.148213445,0.487625202,0.052045596
51.9531165,0.164150503,1.149022446,0.429036557,0.053382835
51.95775517,0.158495663,1.144896542,0.435346103,0.047719237
51.96239384,0.160353682,1.14311674,0.459682925,0.048505848
51.96703251,0.166331655,1.145786443,0.475006109,0.054641412
51.97167118,0.160757599,1.144330241,0.418220191,0.050629697
51.97630985,0.15865723,1.140932438,0.439852922,0.047404593
51.98094852,0.163746585,1.141579638,0.479512928,0.051101663
51.98558719,0.165362254,1.14303584,0.441655649,0.054562751
51.99022586,0.158738013,1.140042537,0.429036557,0.048348526
51.99486453,0.159061147,1.137777334,0.449767924,0.047561915
51.9995032,0.165846954,1.140770637,0.485822475,0.05377614
52.00414187,0.162130917,1.139718936,0.419121555,0.052124257
52.00878054,0.157930179,1.136402033,0.438050194,0.047483254
52.01341921,0.16196935,1.137130134,0.470499291,0.049685764
52.01805788,0.166170088,1.138990836,0.457880198,0.054956056
52.02269655,0.159788198,1.137049233,0.423628374,0.049213798
52.02733522,0.158253313,1.13413683,0.445261105,0.047483254
52.03197389,0.16455442,1.135431232,0.488526566,0.052910868
52.03661256,0.163504235,1.136482933,0.428135193,0.053697479
52.04125123,0.158091746,1.133327829,0.437148831,0.048033882
52.0458899,0.159868981,1.132599729,0.462387016,0.048820492
52.05052857,0.165846954,1.135754832,0.474104746,0.055192039
52.05516724,0.159868981,1.134298631,0.420924282,0.050629697
52.05980591,0.157526262,1.131224427,0.442557013,0.047719237
52.06444458,0.163261885,1.132680629,0.483118383,0.05157363
52.06908325,0.16479677,1.134864931,0.438951558,0.054641412
52.07372192,0.158253313,1.131790728,0.430839284,0.048505848
52.07836059,0.159141931,1.129849126,0.451570651,0.048033882
52.08299926,0.165927738,1.133085129,0.484921111,0.054405429
52.08763793,0.161323083,1.132599729,0.420924282,0.052360241
52.0922766,0.158091746,1.129687326,0.441655649,0.048191204
52.09691527,0.162130917,1.130253626,0.475006109,0.051023002
52.10155394,0.166008521,1.133327829,0.456978834,0.056214633
52.10619261,0.15889958,1.130253626,0.427233829,0.050708358
52.11083128,0.158576447,1.128150224,0.447965196,0.049528442
52.11546995,0.165443037,1.130900827,0.491230657,0.055113378
52.12010862,0.163423452,1.131709828,0.429036557,0.055349362
52.12474729,0.158495663,1.128554724,0.441655649,0.050315053
52.12938596,0.160838382,1.128635625,0.467795199,0.051966935
52.13402463,0.166574005,1.131386227,0.474104746,0.058338482
52.1386633,0.160272898,1.130334526,0.423628374,0.053933462
52.14330197,0.158253313,1.127826624,0.446162468,0.051416308
52.14794064,0.163988936,1.128959225,0.486723839,0.056135972
52.15257931,0.164715986,1.131386227,0.439852922,0.059125093
52.15721798,0.158818797,1.127826624,0.434444739,0.053225513
52.16185665,0.159949765,1.126289522,0.455176106,0.053697479
52.16649532,0.166816355,1.129282825,0.484921111,0.060226348
52.17113399,0.162050134,1.128150224,0.420924282,0.05818116
52.17577266,0.159061147,1.126046822,0.442557013,0.05448409
52.18041133,0.162857968,1.126774923,0.477710201,0.057630533
52.18505,0.166816355,1.129282825,0.453373379,0.062664841
52.18968867,0.159949765,1.125965922,0.427233829,0.056922583
52.19432734,0.159788198,1.123862519,0.446162468,0.055428023
52.19896601,0.165927738,1.127098523,0.488526566,0.06109162
52.20360468,0.163423452,1.127826624,0.423628374,0.061012959
52.20824335,0.158495663,1.12450972,0.438050194,0.055585345
52.21288202,0.161403866,1.12459062,0.465091108,0.056922583
52.21752069,0.166574005,1.127422123,0.466893835,0.062822164
52.22215936,0.159465064,1.12483332,0.420022919,0.057787855
52.22679803,0.157930179,1.122568118,0.440754286,0.055428023
52.2314367,0.164069719,1.12459062,0.483118383,0.059675721
52.23607537,0.164150503,1.126289522,0.432642012,0.062035553
52.24071404,0.158172529,1.122406318,0.430839284,0.055664006
52.24535271,0.159303497,1.121516417,0.453373379,0.055742667
52.24999138,0.165846954,1.124914221,0.478611565,0.061878231
52.25463005,0.160757599,1.12426702,0.417318827,0.058417143
52.25926872,0.158010963,1.122487218,0.438951558,0.054326768
52.26390739,0.162130917,1.12434792,0.475006109,0.057315888
52.26854606,0.165362254,1.127260323,0.447965196,0.062035553
52.27318473,0.158738013,1.12442882,0.426332465,0.055585345
52.2778234,0.158738013,1.122729918,0.446162468,0.054012123
52.28246207,0.165523821,1.125804122,0.487625202,0.059754382
52.28710074,0.1622117,1.127341223,0.421825646,0.058810449
52.29173941,0.157930179,1.12442882,0.438951558,0.053461496
52.29637808,0.160353682,1.12475242,0.467795199,0.054798734
52.30101675,0.165523821,1.129040125,0.465992472,0.060305009
52.30565542,0.159303497,1.127826624,0.421825646,0.055113378
52.31029409,0.157607046,1.126127722,0.443458377,0.052674885
52.31493276,0.163423452,1.128554724,0.487625202,0.057001244
52.31957143,0.163181101,1.131386227,0.432642012,0.058574466
52.3242101,0.157930179,1.128716525,0.434444739,0.052832207
52.32884877,0.159465064,1.128554724,0.457880198,0.05306819
52.33348744,0.166008521,1.133246929,0.478611565,0.059046432
52.33812611,0.160596032,1.132599729,0.419121555,0.055192039
52.34276478,0.157930179,1.130415426,0.441655649,0.05157363
52.34740345,0.162373267,1.132437929,0.480414292,0.05448409
52.35204212,0.164958337,1.137372834,0.44886656,0.058338482
52.35668079,0.159141931,1.136887433,0.432642012,0.051966935
52.36131946,0.159626631,1.139880736,0.454274742,0.051180325
52.36595813,0.166412438,1.147728045,0.495737476,0.056922583
52.3705968,0.163423452,1.153310151,0.431740648,0.055506684
52.37523547,0.159545848,1.156465254,0.452472015,0.050551036
52.37987414,0.163504235,1.16245186,0.484921111,0.052360241
52.38451281,0.16835124,1.17167447,0.479512928,0.05818116
52.38915148,0.16196935,1.174344173,0.438951558,0.052438902
52.39379015,0.160838382,1.175234074,0.458781561,0.050315053
52.39842882,0.166977922,1.178631878,0.500244295,0.055428023
52.40306749,0.166250871,1.18049258,0.440754286,0.056450617
52.40770616,0.161080733,1.177013876,0.442557013,0.050393714
52.41234483,0.162534834,1.175234074,0.465091108,0.051180325
52.4169835,0.168835941,1.176447575,0.480414292,0.057079905
52.42162217,0.162696401,1.174101473,0.423628374,0.053225513
52.42626084,0.160515249,1.169975568,0.444359741,0.049843086
52.43089951,0.165766171,1.169085667,0.48221702,0.052989529
52.43553818,0.167462623,1.170460969,0.445261105,0.056607939
52.44017685,0.161161516,1.166011464,0.431740648,0.050315053
52.44481552,0.16196935,1.163018161,0.451570651,0.049764425
52.44945419,0.168674374,1.164797963,0.488526566,0.055899989
52.45409286,0.164392853,1.163584462,0.42272701,0.053854801
52.45873153,0.160596032,1.158892257,0.442557013,0.049292459
52.4633702,0.164635203,1.158730456,0.475006109,0.05157363
52.46800887,0.168997508,1.161400159,0.46328838,0.056922583
52.47264754,0.162615618,1.158002356,0.427233829,0.05086568
52.47728621,0.161727,1.155737153,0.447965196,0.049056476
52.48192488,0.16810889,1.157436055,0.493033385,0.054090784
52.48656355,0.166574005,1.158730456,0.433543375,0.054720073
52.49120222,0.161323083,1.155818053,0.442557013,0.048977814
52.49584089,0.163261885,1.154928152,0.466893835,0.049921747
52.50047956,0.168997508,1.158730456,0.479512928,0.056293294
52.50511823,0.163100318,1.156384354,0.425431101,0.052045596
52.5097569,0.160838382,1.153552851,0.446162468,0.048505848
52.51439557,0.166250871,1.154200052,0.484921111,0.052517563
52.51903424,0.167462623,1.155089953,0.442557013,0.055585345
52.52367291,0.161080733,1.151611249,0.434444739,0.049607103
52.52831158,0.161565433,1.149426947,0.456978834,0.049135137
52.53295025,0.168674374,1.15242025,0.492132021,0.055034717
52.53758892,0.164312069,1.151853949,0.428135193,0.052910868
52.54222759,0.160192115,1.147566245,0.446162468,0.048427187
52.54686626,0.163988936,1.147404444,0.477710201,0.050708358
52.55150493,0.168189673,1.149588747,0.459682925,0.055899989
52.5561436,0.161565433,1.146514543,0.426332465,0.050393714
52.56078227,0.160999949,1.14368304,0.446162468,0.048584509
52.56542094,0.166977922,1.145786443,0.48942793,0.053304174
52.57005961,0.165523821,1.146595444,0.426332465,0.054090784
52.57469828,0.159949765,1.141903239,0.437148831,0.048505848
52.57933695,0.162373267,1.140366137,0.462387016,0.049685764
52.58397562,0.16810889,1.14311674,0.470499291,0.055821328
52.58861429,0.161727,1.140770637,0.419121555,0.051101663
52.59325296,0.160111332,1.137453734,0.441655649,0.047955221
52.59789163,0.165927738,1.137858234,0.48221702,0.051966935
52.6025303,0.167462623,1.140285237,0.437148831,0.054956056
52.60716897,0.161646217,1.137049233,0.431740648,0.048741831
52.61180764,0.162777184,1.135350332,0.452472015,0.04866317
52.61644631,0.169320641,1.138829035,0.483118383,0.055192039
52.62108498,0.16528147,1.139557136,0.419121555,0.052438902
52.62572365,0.161807783,1.138181835,0.440754286,0.048427187
52.63036232,0.165927738,1.139233536,0.475907473,0.050787019
52.63500099,0.169562992,1.14319764,0.454274742,0.055428023
52.63963966,0.162615618,1.142307739,0.427233829,0.049607103
52.64427833,0.162534834,1.142388639,0.44886656,0.048427187
52.648917,0.169159074,1.145948243,0.492132021,0.053854801
52.65355567,0.166574005,1.147970745,0.427233829,0.053461496
52.65819434,0.161727,1.145301042,0.441655649,0.048191204
52.66283301,0.163988936,1.145381942,0.467795199,0.049685764
52.66747168,0.169643775,1.149588747,0.472302018,0.055899989
52.67211035,0.163100318,1.148941546,0.424529738,0.051258986
52.67674902,0.161323083,1.147242644,0.446162468,0.04866317
52.68138769,0.166977922,1.150155047,0.48942793,0.052910868
52.68602636,0.167543406,1.154119152,0.440754286,0.055585345
52.69066503,0.161646217,1.15242025,0.439852922,0.049528442
52.6953037,0.162615618,1.153229251,0.461485653,0.049607103
52.69994237,0.169966909,1.158811357,0.48942793,0.056135972
52.70458104,0.165119904,1.161157459,0.429036557,0.053304174
52.70921971,0.1622117,1.16188556,0.451570651,0.049213798
52.71385838,0.166654788,1.165687864,0.487625202,0.052202919
52.71849705,0.170613176,1.173049772,0.460584289,0.056765261
52.72313572,0.164069719,1.173616072,0.438050194,0.050551036
52.72777439,0.163908152,1.175557674,0.456978834,0.049449781
52.73241306,0.170370826,1.181463381,0.499342932,0.0552707
52.73705173,0.167462623,1.184294884,0.432642012,0.054641412
52.7416904,0.163342668,1.181786981,0.447063832,0.04937112
52.74632907,0.165846954,1.18113978,0.472302018,0.050708358
52.75096774,0.170855526,1.183728583,0.470499291,0.056529278
52.75560641,0.164231286,1.180330779,0.425431101,0.051416308
52.76024508,0.162857968,1.177094776,0.446162468,0.049292459
52.76488375,0.168674374,1.177175676,0.486723839,0.053540157
52.76952242,0.168270457,1.176932976,0.432642012,0.055428023
52.77416109,0.16196935,1.17191717,0.433543375,0.049449781
52.77879976,0.163423452,1.168033966,0.45607747,0.049449781
52.78343843,0.169643775,1.170137369,0.477710201,0.055899989
52.7880771,0.164231286,1.167629466,0.418220191,0.052517563
52.79271577,0.160838382,1.163099061,0.439852922,0.048584509
52.79735444,0.165362254,1.16180466,0.475006109,0.051730952
52.80199311,0.16835124,1.16245186,0.443458377,0.056057311
52.80663178,0.16148465,1.158568656,0.424529738,0.049764425
52.81127045,0.161565433,1.154847252,0.444359741,0.048977814
52.81590912,0.167785756,1.155332653,0.484921111,0.054720073
52.82054779,0.164392853,1.154280952,0.418220191,0.053697479
52.82518646,0.159949765,1.149993247,0.434444739,0.048269865
52.82982513,0.163585019,1.148294345,0.464189744,0.050472375
52.8344638,0.168432024,1.150235947,0.459682925,0.05597865
52.83910247,0.161242299,1.146676344,0.419121555,0.050393714
52.84374114,0.160111332,1.14352124,0.439852922,0.048112543
52.84837981,0.165685387,1.14360214,0.483118383,0.052753546
52.85301848,0.164958337,1.144411141,0.427233829,0.054562751
52.85765715,0.159222714,1.140204337,0.430839284,0.048584509
52.86229582,0.160999949,1.138667235,0.455176106,0.049056476
52.86693449,0.167462623,1.141013338,0.473203382,0.054956056
52.87157316,0.161646217,1.138829035,0.4155161,0.051258986
52.87621183,0.158738013,1.135512132,0.438050194,0.047797898
52.8808505,0.163827369,1.135916632,0.476808837,0.051337647
52.88548917,0.165604604,1.137858234,0.441655649,0.0552707
52.89012784,0.159222714,1.13397503,0.426332465,0.049135137
52.89476651,0.160111332,1.131871628,0.446162468,0.048112543
52.89940518,0.166816355,1.13421773,0.484019747,0.054248106
52.90404385,0.163019535,1.13373233,0.419121555,0.052753546
52.90868252,0.158818797,1.130253626,0.438050194,0.048033882
52.91332119,0.162777184,1.130496326,0.467795199,0.050000408
52.91795986,0.166977922,1.13340873,0.457880198,0.055506684
52.92259853,0.160111332,1.130496326,0.420924282,0.050000408
52.9272372,0.159465064,1.128231124,0.441655649,0.048191204
52.93187587,0.165846954,1.130010926,0.484921111,0.053304174
52.93651454,0.164473636,1.132114328,0.427233829,0.053933462
52.94115321,0.158738013,1.129201925,0.434444739,0.047955221
52.94579188,0.160434465,1.128959225,0.458781561,0.048977814
52.95043055,0.166654788,1.132599729,0.473203382,0.055192039
52.95506922,0.160757599,1.132033428,0.419121555,0.051023002
52.95970789,0.158253313,1.130253626,0.441655649,0.047797898
52.96434656,0.163423452,1.131952528,0.48221702,0.051180325
52.96898523,0.16479677,1.135026731,0.441655649,0.054405429
52.9736239,0.15889958,1.132195228,0.430839284,0.048584509
52.97826257,0.159626631,1.131386227,0.449767924,0.048033882
52.98290124,0.166735572,1.134864931,0.484019747,0.054326768
52.98753991,0.162292484,1.135431232,0.419121555,0.052045596
52.99217858,0.158576447,1.132680629,0.438951558,0.047719237
52.99681725,0.162534834,1.13348963,0.471400654,0.050000408
53.00145592,0.166735572,1.137372834,0.456978834,0.055113378
53.00609459,0.159949765,1.134864931,0.424529738,0.049292459
53.01073326,0.159465064,1.133327829,0.444359741,0.047561915
53.01537193,0.165604604,1.135916632,0.488526566,0.053146851
53.0200106,0.163827369,1.137453734,0.427233829,0.053461496
53.02464927,0.15865723,1.13397503,0.438050194,0.047797898
53.02928794,0.161161516,1.13381323,0.462387016,0.048899153
53.03392661,0.166331655,1.136806533,0.473203382,0.054956056
53.03856528,0.160676815,1.135512132,0.420022919,0.050472375
53.04320395,0.158253313,1.132195228,0.441655649,0.047719237
53.04784262,0.163827369,1.13421773,0.481315656,0.051730952
53.05248129,0.164473636,1.136240233,0.438050194,0.054326768
53.05711996,0.15865723,1.133166029,0.42993792,0.048191204
53.06175863,0.159384281,1.131305327,0.451570651,0.047955221
53.0663973,0.166493222,1.134703131,0.483118383,0.053933462
53.07103597,0.162050134,1.134784031,0.418220191,0.05157363
53.07567464,0.158253313,1.132033428,0.439852922,0.047483254
53.08031331,0.162130917,1.132518829,0.474104746,0.050157731
53.08495198,0.166008521,1.135997532,0.454274742,0.054798734
53.08959065,0.159384281,1.134945831,0.428135193,0.048741831
53.09422932,0.158980364,1.135350332,0.449767924,0.047483254
53.09886799,0.165766171,1.139718936,0.494836113,0.052989529
53.10350666,0.163423452,1.14279314,0.430839284,0.052910868
53.10814533,0.158334096,1.14279314,0.445261105,0.047561915
53.112784,0.161323083,1.145543742,0.474104746,0.048820492
53.11742267,0.166816355,1.151934849,0.481315656,0.054877395
53.12206134,0.160919166,1.155413553,0.434444739,0.049764425
53.12670001,0.159788198,1.159782158,0.460584289,0.047325932
53.13133868,0.165846954,1.171027269,0.509257933,0.051809613
53.13597735,0.166412438,1.183809483,0.467795199,0.054169445
53.14061602,0.161323083,1.194326494,0.471400654,0.048269865
53.14525469,0.163342668,1.210587411,0.501145659,0.048112543
53.14989336,0.171097877,1.232430435,0.535397483,0.054877395
53.15453203,0.166897139,1.247720551,0.475006109,0.051652291
53.1591707,0.163504235,1.256943161,0.493934749,0.047640576
53.16380937,0.168432024,1.265275869,0.525482481,0.050315053
53.16844804,0.171905711,1.272071477,0.495737476,0.054877395
53.17308671,0.16528147,1.271181576,0.465992472,0.048977814
53.17772538,0.165200687,1.269968074,0.481315656,0.047719237
53.18236405,0.171905711,1.271262476,0.520074299,0.053461496
53.18700272,0.169643775,1.269806274,0.44886656,0.05306819
53.19164139,0.164958337,1.265114069,0.461485653,0.048112543
53.19628006,0.167381839,1.262687067,0.487625202,0.049449781
53.20091873,0.172713545,1.262929767,0.484921111,0.055585345
53.2055574,0.166331655,1.257509461,0.437148831,0.050157731
53.21019607,0.164635203,1.250956554,0.45607747,0.047483254
53.21483474,0.170451609,1.248853152,0.494836113,0.052202919
53.21947341,0.170532393,1.246426149,0.441655649,0.054248106
53.22411208,0.163827369,1.238497941,0.438951558,0.048269865
53.22875075,0.165119904,1.232592235,0.458781561,0.048348526
53.23338942,0.17142101,1.231864134,0.48221702,0.054562751
53.23802809,0.166089305,1.226443828,0.420924282,0.051337647
53.24266676,0.163100318,1.219486421,0.441655649,0.047561915
53.24730543,0.167543406,1.215845917,0.477710201,0.050393714
53.2519441,0.170209259,1.213904315,0.447965196,0.055113378
53.25658277,0.163504235,1.207108708,0.427233829,0.048820492
53.26122144,0.163423452,1.201283902,0.445261105,0.047719237
53.26586011,0.169805342,1.200555801,0.486723839,0.053540157
53.27049878,0.166493222,1.197643398,0.420924282,0.052517563
53.27513745,0.161727,1.191494991,0.437148831,0.047561915
53.27977612,0.164877553,1.188016288,0.465992472,0.049135137
53.28441479,0.169724558,1.188178088,0.462387016,0.055034717
53.28905346,0.163181101,1.183647683,0.420022919,0.049528442
53.29369213,0.161646217,1.178550977,0.441655649,0.047404593
53.2983308,0.167139489,1.178065577,0.484921111,0.052045596
53.30296947,0.166654788,1.177984677,0.430839284,0.05377614
53.30760814,0.161080733,1.172807071,0.433543375,0.047876559
53.31224681,0.162373267,1.170056468,0.45607747,0.048269865
53.31688548,0.168270457,1.17126997,0.476808837,0.054956056
53.32152415,0.162938751,1.168519367,0.418220191,0.051023002
53.32616282,0.160596032,1.164231662,0.440754286,0.047247271
53.33080149,0.165362254,1.164474363,0.478611565,0.050944341
53.33544016,0.16762419,1.166254164,0.444359741,0.054720073
53.34007883,0.161080733,1.16188556,0.428135193,0.048584509
53.3447175,0.161403866,1.158892257,0.446162468,0.047640576
53.34935617,0.168028107,1.160510258,0.484921111,0.053854801
53.35399484,0.164231286,1.158892257,0.419121555,0.052045596
53.35863351,0.160192115,1.154523652,0.437148831,0.047483254
53.36327218,0.163423452,1.153471951,0.467795199,0.049449781
53.36791085,0.167543406,1.154523652,0.458781561,0.055034717
53.37254952,0.160838382,1.150883148,0.420924282,0.04937112
53.37718819,0.159545848,1.147566245,0.442557013,0.047483254
53.38182686,0.165685387,1.148860646,0.484921111,0.052517563
53.38646553,0.16503912,1.149103346,0.427233829,0.053382835
53.3911042,0.159061147,1.144734742,0.434444739,0.047719237
53.39574287,0.160999949,1.14279314,0.457880198,0.048427187
53.40038154,0.167220272,1.144977442,0.474104746,0.054798734
53.40502021,0.161161516,1.14327854,0.418220191,0.050629697
53.40965888,0.15889958,1.139314436,0.438951558,0.047325932
53.41429755,0.163746585,1.140608837,0.478611565,0.051023002
53.41893622,0.165685387,1.142550439,0.439852922,0.054405429
53.42357489,0.159303497,1.139071736,0.428135193,0.048269865
53.42821356,0.159465064,1.136159333,0.447965196,0.047876559
53.43285223,0.165927738,1.138343635,0.484019747,0.054090784
53.4374909,0.162292484,1.137291934,0.418220191,0.052124257
53.44212957,0.158495663,1.13421773,0.436247467,0.047247271
53.44676824,0.162130917,1.13340873,0.468696563,0.049764425
53.45140691,0.166412438,1.135350332,0.455176106,0.055113378
53.45604558,0.159545848,1.132276128,0.420924282,0.049213798
53.46068425,0.158818797,1.130172726,0.442557013,0.047640576
53.46532292,0.164877553,1.132437929,0.485822475,0.052753546
53.46996159,0.163181101,1.13397503,0.425431101,0.053618818
53.47460026,0.157687829,1.130739027,0.436247467,0.047876559
53.47923893,0.160030548,1.129930026,0.461485653,0.048899153
53.4838776,0.165927738,1.13340873,0.474104746,0.054956056
53.48851627,0.159949765,1.132195228,0.420022919,0.050551036
53.49315494,0.157849396,1.129606426,0.442557013,0.047640576
53.49779361,0.163019535,1.131467128,0.48221702,0.051416308
53.50243228,0.164635203,1.134945831,0.439852922,0.054641412
53.50707095,0.158253313,1.131709828,0.430839284,0.048191204
53.51170962,0.158980364,1.130415426,0.451570651,0.048033882
53.51634829,0.165604604,1.132842429,0.483118383,0.054326768
53.52098696,0.160919166,1.132761529,0.418220191,0.051888274
53.52562563,0.157122345,1.129930026,0.438050194,0.047483254
53.5302643,0.161080733,1.129444625,0.471400654,0.050236392
53.53490297,0.164473636,1.132518829,0.454274742,0.055113378
53.53954164,0.158172529,1.130496326,0.423628374,0.04937112
53.54418031,0.157445479,1.127745724,0.444359741,0.047404593
53.54881898,0.164150503,1.130496326,0.487625202,0.05306819
53.55345765,0.161888567,1.132033428,0.426332465,0.053146851
53.55809632,0.157283912,1.129282825,0.438050194,0.047719237
53.56273499,0.159868981,1.129201925,0.46328838,0.048820492
53.56737366,0.165200687,1.132923329,0.470499291,0.054956056
53.57201233,0.15889958,1.132357028,0.42272701,0.050236392
53.576651,0.157122345,1.130415426,0.444359741,0.047404593
53.58128967,0.162373267,1.132923329,0.485822475,0.051416308
53.58592834,0.163181101,1.135350332,0.438050194,0.054641412
53.59056701,0.157122345,1.13340873,0.433543375,0.048348526
53.59520568,0.158576447,1.132437929,0.455176106,0.048191204
53.59984435,0.165119904,1.135431232,0.483118383,0.054720073
53.60448302,0.160434465,1.134460431,0.419121555,0.051966935
53.60912169,0.156960778,1.130415426,0.439852922,0.047483254
53.61376036,0.161242299,1.130658127,0.475006109,0.050472375
53.61839903,0.164877553,1.132842429,0.449767924,0.055113378
53.6230377,0.158172529,1.129525525,0.42272701,0.04937112
53.62767637,0.157849396,1.126613122,0.442557013,0.047719237
53.63231504,0.164312069,1.128392924,0.485822475,0.053304174
53.63695371,0.161807783,1.128878325,0.420022919,0.05306819
53.64159238,0.156879995,1.125480521,0.436247467,0.047876559
53.64623105,0.159626631,1.12434792,0.462387016,0.048899153
53.65086972,0.164877553,1.127098523,0.465091108,0.055113378
53.65550839,0.158334096,1.125076021,0.418220191,0.049921747
53.66014706,0.156637645,1.122729918,0.439852922,0.047640576
53.66478573,0.162130917,1.123862519,0.48221702,0.051966935
53.6694244,0.162050134,1.125561421,0.432642012,0.054248106
53.67406307,0.156395294,1.123458019,0.432642012,0.048112543
53.67870174,0.158010963,1.122244518,0.454274742,0.048191204
53.68334041,0.16455442,1.126127722,0.479512928,0.05448409
53.68797908,0.159384281,1.126613122,0.419121555,0.051337647
53.69261775,0.156152944,1.12459062,0.441655649,0.047404593
53.69725642,0.160515249,1.126370422,0.479512928,0.050315053
53.70189509,0.163827369,1.130900827,0.452472015,0.054641412
53.70653376,0.157526262,1.129849126,0.431740648,0.048427187
53.71117243,0.157526262,1.129687326,0.452472015,0.047247271
53.7158111,0.164312069,1.134460431,0.494836113,0.053225513
53.72044977,0.162050134,1.137939134,0.430839284,0.052517563
53.72508844,0.157607046,1.138990836,0.453373379,0.047404593
53.72972711,0.16196935,1.146514543,0.488526566,0.049135137
53.73436578,0.167462623,1.157112455,0.488526566,0.055192039
53.73900445,0.161888567,1.160510258,0.444359741,0.050000408
53.74364312,0.159868981,1.160348458,0.460584289,0.047404593
53.74828179,0.166250871,1.162694561,0.499342932,0.052124257
53.75292046,0.166170088,1.164069862,0.442557013,0.054090784
53.75755913,0.160192115,1.160429358,0.440754286,0.047955221
53.7621978,0.161727,1.158487756,0.462387016,0.048348526
53.76683647,0.167947323,1.160510258,0.481315656,0.054720073
53.77147514,0.1622117,1.158002356,0.421825646,0.051101663
53.77611381,0.159384281,1.154038251,0.442557013,0.047719237
53.78075248,0.163827369,1.153714651,0.479512928,0.050787019
53.78539115,0.166493222,1.155170853,0.446162468,0.054877395
53.79002982,0.159626631,1.150640448,0.428135193,0.048741831
53.79466849,0.159788198,1.148132545,0.447965196,0.047640576
53.79930716,0.166250871,1.150235947,0.486723839,0.053540157
53.80394583,0.163181101,1.149831447,0.419121555,0.052517563
53.8085845,0.15889958,1.145624643,0.438951558,0.047797898
53.81322317,0.161888567,1.144411141,0.467795199,0.049449781
53.81786184,0.166735572,1.147323544,0.460584289,0.055113378
53.82250051,0.160192115,1.144492041,0.421825646,0.049685764
53.82713918,0.158495663,1.142145939,0.441655649,0.047561915
53.83177785,0.164715986,1.143844841,0.484921111,0.052438902
53.83641652,0.163988936,1.144572941,0.428135193,0.053697479
53.84105519,0.158334096,1.141175138,0.434444739,0.048112543
53.84569386,0.160434465,1.140608837,0.459682925,0.04866317
53.85033253,0.166574005,1.14335944,0.477710201,0.054798734
53.8549712,0.160919166,1.141579638,0.419121555,0.050944341
53.85960987,0.157768612,1.138100935,0.441655649,0.047325932
53.86424854,0.163181101,1.139476236,0.480414292,0.051023002
53.86888721,0.165200687,1.141741438,0.442557013,0.054562751
53.87352588,0.15865723,1.138748135,0.428135193,0.048584509
53.87816455,0.15889958,1.136644733,0.44886656,0.047955221
53.88280322,0.16528147,1.138586335,0.484921111,0.05377614
53.88744189,0.161807783,1.138020034,0.419121555,0.051966935
53.89208056,0.157930179,1.134864931,0.438050194,0.047483254
53.89671923,0.161080733,1.134622231,0.469597927,0.049764425
53.9013579,0.165443037,1.137453734,0.457880198,0.054720073
53.90599657,0.158738013,1.134379531,0.421825646,0.048977814
53.91063524,0.158253313,1.132114328,0.442557013,0.047404593
53.91527391,0.164231286,1.13381323,0.486723839,0.052360241
53.91991258,0.163100318,1.134864931,0.426332465,0.053461496
53.92455125,0.157526262,1.131062627,0.435346103,0.047483254
53.92918992,0.159222714,1.129606426,0.460584289,0.048269865
53.93382859,0.165362254,1.132842429,0.472302018,0.054562751
53.93846726,0.159788198,1.130900827,0.417318827,0.050157731
53.94310593,0.157445479,1.127341223,0.438951558,0.04716861
53.9477446,0.162696401,1.128554724,0.479512928,0.050944341
53.95238327,0.164069719,1.130658127,0.438050194,0.054248106
53.95702194,0.158010963,1.127583923,0.428135193,0.047876559
53.96166061,0.158172529,1.125885022,0.447965196,0.047561915
53.96629928,0.165119904,1.128635625,0.483118383,0.053697479
53.97093795,0.160838382,1.127664823,0.418220191,0.051494969
53.97557662,0.157122345,1.12475242,0.438951558,0.047089949
53.98021529,0.161323083,1.125318721,0.473203382,0.049449781
53.98485396,0.165200687,1.129444625,0.457880198,0.054326768
53.98949263,0.158818797,1.128069324,0.427233829,0.04866317
53.9941313,0.158172529,1.127503023,0.449767924,0.047011288
53.99876997,0.164473636,1.130981727,0.494836113,0.05228158
54.00340864,0.163100318,1.13373233,0.432642012,0.052674885
54.00804731,0.158172529,1.130172726,0.442557013,0.047247271
54.01268598,0.160515249,1.129201925,0.467795199,0.048269865
54.01732465,0.166493222,1.132357028,0.475006109,0.054326768
54.02196332,0.160515249,1.129849126,0.420924282,0.049607103
54.02660199,0.15841488,1.127664823,0.442557013,0.046853965
54.03124066,0.163908152,1.129849126,0.484019747,0.051101663
54.03587933,0.16503912,1.131952528,0.438050194,0.053854801
54.040518,0.159141931,1.128635625,0.431740648,0.047955221
54.04515667,0.159949765,1.127664823,0.452472015,0.047955221
54.04979534,0.167058706,1.130172726,0.48221702,0.053854801
54.05443401,0.163019535,1.130334526,0.419121555,0.051258986
54.05907268,0.159545848,1.127503023,0.438951558,0.047325932
54.06371135,0.163746585,1.127341223,0.474104746,0.049921747
54.06835002,0.167301056,1.129444625,0.451570651,0.054641412
54.07298869,0.161161516,1.126289522,0.423628374,0.049056476
54.07762736,0.160515249,1.12394342,0.442557013,0.047561915
54.08226603,0.166977922,1.126370422,0.486723839,0.052989529
54.0869047,0.165119904,1.127341223,0.421825646,0.052910868
54.09154337,0.159788198,1.123700719,0.435346103,0.047561915
54.09618204,0.162373267,1.122568118,0.462387016,0.048977814
54.10082071,0.167462623,1.125642321,0.465992472,0.054798734
54.10545938,0.160999949,1.123700719,0.418220191,0.049921747
54.11009805,0.159303497,1.121111917,0.439852922,0.04716861
54.11473672,0.16528147,1.122972619,0.481315656,0.051888274
54.11937539,0.165119904,1.12418612,0.432642012,0.054326768
54.12401406,0.159222714,1.120545616,0.430839284,0.048269865
54.12865273,0.160111332,1.119089414,0.452472015,0.048033882
54.1332914,0.166654788,1.121759117,0.479512928,0.05448409
54.13793007,0.161646217,1.121111917,0.416417464,0.05157363
54.14256874,0.157930179,1.118442214,0.437148831,0.047483254
54.14720741,0.162292484,1.117795013,0.473203382,0.050393714
54.15184608,0.165119904,1.120788316,0.446162468,0.054956056
54.15648475,0.15841488,1.117956813,0.42272701,0.048899153
54.16112342,0.158253313,1.116096111,0.442557013,0.047719237
54.16576209,0.165443037,1.118280414,0.484921111,0.053382835
54.17040076,0.1622117,1.119089414,0.419121555,0.052674885
54.17503943,0.157122345,1.115691611,0.435346103,0.047404593
54.1796781,0.160353682,1.115772511,0.464189744,0.049292459
54.18431677,0.165685387,1.119332115,0.46328838,0.054720073
54.18895544,0.159061147,1.117390513,0.418220191,0.049685764
54.19359411,0.157768612,1.114316309,0.439852922,0.047011288
54.19823278,0.163423452,1.115691611,0.483118383,0.051730952
54.20287145,0.163423452,1.118037713,0.430839284,0.053618818
54.20751012,0.157445479,1.11504441,0.430839284,0.047719237
54.21214879,0.158818797,1.113830909,0.454274742,0.048191204
54.21678746,0.16503912,1.116986012,0.477710201,0.05448409
54.22142613,0.160030548,1.116905112,0.418220191,0.050944341
54.2260648,0.157041562,1.11463991,0.439852922,0.047325932
54.23070347,0.161888567,1.116177011,0.476808837,0.050393714
54.23534214,0.164312069,1.118361314,0.445261105,0.054248106
54.23998081,0.157687829,1.115691611,0.426332465,0.048269865
54.24461948,0.157849396,1.113830909,0.445261105,0.047561915
54.24925815,0.164231286,1.117471413,0.484921111,0.053304174
54.25389682,0.161080733,1.118118613,0.420022919,0.051888274
54.25853549,0.157122345,1.115772511,0.437148831,0.047404593
54.26317416,0.160111332,1.116419712,0.465992472,0.049213798
54.26781283,0.16503912,1.120060215,0.461485653,0.054641412
54.2724515,0.158334096,1.118037713,0.420924282,0.049213798
54.27709017,0.157283912,1.116986012,0.443458377,0.047325932
54.28172884,0.163342668,1.120464716,0.487625202,0.052124257
54.28636751,0.162857968,1.123377119,0.432642012,0.053461496
54.29100618,0.157122345,1.120950116,0.436247467,0.047483254
54.29564485,0.158253313,1.120707416,0.459682925,0.048269865
54.30028352,0.164715986,1.125237821,0.478611565,0.054562751
54.30492219,0.158980364,1.125723221,0.420924282,0.05086568
54.30956086,0.156556861,1.125076021,0.443458377,0.047325932
54.31419953,0.161565433,1.128392924,0.483118383,0.050944341
54.3188382,0.163746585,1.134298631,0.44886656,0.054405429
54.32347687,0.157203128,1.135188531,0.435346103,0.048033882
54.32811554,0.157930179,1.138100935,0.456978834,0.047561915
54.33275421,0.164312069,1.146595444,0.497540204,0.053618818
54.33739288,0.160838382,1.155413553,0.434444739,0.052124257
54.34203155,0.156799211,1.161481059,0.45607747,0.047561915
54.34667022,0.161080733,1.172159871,0.488526566,0.049528442
54.35130889,0.165200687,1.183324083,0.478611565,0.054956056
54.35594756,0.159061147,1.189229789,0.442557013,0.048977814
54.36058623,0.157768612,1.191980392,0.462387016,0.047404593
54.3652249,0.164312069,1.197805198,0.50384975,0.052202919
54.36986357,0.162857968,1.2001513,0.442557013,0.053540157
54.37450224,0.157849396,1.197157997,0.447063832,0.047797898
54.37914091,0.159949765,1.195944496,0.469597927,0.048584509
54.38377958,0.165846954,1.198047898,0.481315656,0.054641412
54.38841825,0.160111332,1.195297295,0.424529738,0.050629697
54.39305692,0.157687829,1.19052419,0.445261105,0.047483254
54.39769559,0.162857968,1.188987089,0.483118383,0.051337647
54.40233426,0.164392853,1.189310689,0.443458377,0.054405429
54.40697293,0.158091746,1.183890383,0.431740648,0.048348526
54.4116116,0.158818797,1.18073528,0.451570651,0.047797898
54.41625027,0.165443037,1.181867881,0.485822475,0.053933462
54.42088894,0.161161516,1.179764479,0.420924282,0.051966935
54.42552761,0.157687829,1.175557674,0.439852922,0.047561915
54.43016628,0.161646217,1.175072274,0.473203382,0.050000408
54.43480495,0.165604604,1.177094776,0.456978834,0.054956056
54.43944362,0.159141931,1.173939673,0.424529738,0.049213798
54.44408229,0.158091746,1.170865469,0.444359741,0.047247271
54.44872096,0.16455442,1.17151267,0.487625202,0.052596224
54.45335963,0.1622117,1.170946369,0.426332465,0.052989529
54.4579983,0.157445479,1.165768764,0.436247467,0.047719237
54.46263697,0.159545848,1.163018161,0.460584289,0.048741831
54.46727564,0.164958337,1.164878863,0.471400654,0.055113378
54.47191431,0.15889958,1.16180466,0.419121555,0.050315053
54.47655298,0.157041562,1.157436055,0.439852922,0.047247271
54.48119165,0.162373267,1.156384354,0.479512928,0.05157363
54.48583032,0.163423452,1.157193355,0.436247467,0.054562751
54.49046899,0.157122345,1.151934849,0.429036557,0.048112543
54.49510766,0.157607046,1.148375245,0.449767924,0.047876559
54.49974633,0.164635203,1.150235947,0.481315656,0.054326768
54.504385,0.160272898,1.148132545,0.417318827,0.052045596
54.50902367,0.157203128,1.143763941,0.438050194,0.047561915
54.51366234,0.161565433,1.14311674,0.472302018,0.050157731
54.51830101,0.165362254,1.144896542,0.453373379,0.054798734
54.52293968,0.159788198,1.140851537,0.426332465,0.049213798
54.52757835,0.160272898,1.138343635,0.446162468,0.047797898
54.53221702,0.167220272,1.139152636,0.48942793,0.052989529
54.53685569,0.16479677,1.138262735,0.424529738,0.053146851
54.54149436,0.160272898,1.13381323,0.437148831,0.047719237
54.54613303,0.162615618,1.133166029,0.461485653,0.049213798
54.5507717,0.168189673,1.135673932,0.466893835,0.0552707
54.55541037,0.161646217,1.132761529,0.419121555,0.050551036
54.56004904,0.160030548,1.129444625,0.440754286,0.047719237
54.56468771,0.165766171,1.130577227,0.483118383,0.05228158
54.56932638,0.165846954,1.132761529,0.434444739,0.054641412
54.57396505,0.159788198,1.129282825,0.430839284,0.048427187
54.57860372,0.160353682,1.127341223,0.452472015,0.048348526
54.58324239,0.167139489,1.129687326,0.480414292,0.054562751
54.58788106,0.162050134,1.128231124,0.418220191,0.051809613
54.59251973,0.158738013,1.125156921,0.440754286,0.047561915
54.5971584,0.162615618,1.125399621,0.475006109,0.050393714
54.60179707,0.165604604,1.128716525,0.450669287,0.054956056
54.60643574,0.158818797,1.126208622,0.428135193,0.048899153
54.61107441,0.158738013,1.125318721,0.447965196,0.047640576
54.61571308,0.165927738,1.128716525,0.490329294,0.053304174
54.62035175,0.162777184,1.130253626,0.426332465,0.05306819
54.62499042,0.158738013,1.128392924,0.444359741,0.047719237
54.62962909,0.161161516,1.129121025,0.472302018,0.04937112
54.63426776,0.166574005,1.13397503,0.474104746,0.055349362
54.63890643,0.160030548,1.132680629,0.429036557,0.050157731
54.6435451,0.158172529,1.131628928,0.451570651,0.047719237
54.64818377,0.164312069,1.134298631,0.49663884,0.051966935
54.65282244,0.163827369,1.137130134,0.447965196,0.054326768
54.65746111,0.158010963,1.135431232,0.449767924,0.048269865
54.66209978,0.159626631,1.135269432,0.472302018,0.048269865
54.66673845,0.165927738,1.139071736,0.494836113,0.054720073
54.67137712,0.160676815,1.138909935,0.432642012,0.051101663
54.67601579,0.157607046,1.136240233,0.453373379,0.047483254
54.68065446,0.162696401,1.138100935,0.48942793,0.050708358
54.68529313,0.165119904,1.142550439,0.458781561,0.054877395
54.6899318,0.158738013,1.14303584,0.438951558,0.048899153
54.69457047,0.158576447,1.144249341,0.457880198,0.047876559
54.69920914,0.165846954,1.149750547,0.499342932,0.053618818
54.70384781,0.162454051,1.151853949,0.432642012,0.05228158
54.70848648,0.158253313,1.150640448,0.44886656,0.047404593
54.71312515,0.161565433,1.150559548,0.476808837,0.049292459
54.71776382,0.166412438,1.153229251,0.471400654,0.055034717
54.72240249,0.159949765,1.151692149,0.428135193,0.049764425
54.72704116,0.158738013,1.150155047,0.447965196,0.047561915
54.73167983,0.164635203,1.151206748,0.490329294,0.052360241
54.7363185,0.164231286,1.15298655,0.434444739,0.05377614
54.74095717,0.158576447,1.150235947,0.438050194,0.048191204
54.74559584,0.160111332,1.148860646,0.461485653,0.048269865
54.75023451,0.166250871,1.152015749,0.480414292,0.054798734
54.75487318,0.160676815,1.150883148,0.42272701,0.051023002
54.75951185,0.158253313,1.148617946,0.445261105,0.047404593
54.76415052,0.163181101,1.149750547,0.483118383,0.051023002
54.76878919,0.165200687,1.15242025,0.450669287,0.054956056
54.77342786,0.159061147,1.149750547,0.434444739,0.048505848
54.77806653,0.158738013,1.149184246,0.453373379,0.048033882
54.7827052,0.165523821,1.154200052,0.494836113,0.054090784
54.78734387,0.161807783,1.158083256,0.432642012,0.052674885
54.79198254,0.157849396,1.162775461,0.460584289,0.047797898
54.79662121,0.161161516,1.174748673,0.502047023,0.049607103
54.80125988,0.166008521,1.192223092,0.497540204,0.055349362
54.80589855,0.160111332,1.200636701,0.461485653,0.049764425
54.81053722,0.159141931,1.206946908,0.48221702,0.048033882
54.81517589,0.165846954,1.214308815,0.521877026,0.052674885
54.81981456,0.165362254,1.219324621,0.459682925,0.054090784
54.82445323,0.159626631,1.21843472,0.464189744,0.048112543
54.8290919,0.161888567,1.218030219,0.483118383,0.048741831
54.83373057,0.16762419,1.221508923,0.494836113,0.055034717
54.83836924,0.162050134,1.219729121,0.436247467,0.051180325
54.84300791,0.159384281,1.214713316,0.45607747,0.047797898
54.84764658,0.164958337,1.214066115,0.492132021,0.051416308
54.85228525,0.166493222,1.214551516,0.452472015,0.055192039
54.85692392,0.160030548,1.20913121,0.438050194,0.048741831
54.86156259,0.159868981,1.204843505,0.456978834,0.048191204
54.86620126,0.166897139,1.205652506,0.492132021,0.054248106
54.87083993,0.162615618,1.203710904,0.425431101,0.052360241
54.8754786,0.159061147,1.199180499,0.444359741,0.047876559
54.88011727,0.162857968,1.198452399,0.475907473,0.049921747
54.88475594,0.166816355,1.1996659,0.462387016,0.055349362
54.88939461,0.160030548,1.195620896,0.428135193,0.049685764
54.89403328,0.159061147,1.191656791,0.447965196,0.047876559
54.89867195,0.165362254,1.192061292,0.491230657,0.052910868
54.90331062,0.163665802,1.191171391,0.42993792,0.054169445
54.90794929,0.15841488,1.185831985,0.438050194,0.047955221
54.91258796,0.160596032,1.183485883,0.46328838,0.048899153
54.91722663,0.166654788,1.184861184,0.475006109,0.055034717
54.9218653,0.160838382,1.181706081,0.421825646,0.050787019
54.92650397,0.158091746,1.177094776,0.443458377,0.047955221
54.93114264,0.163423452,1.176771176,0.484921111,0.05157363
54.93578131,0.164473636,1.176932976,0.441655649,0.054720073
54.94041998,0.15841488,1.173130672,0.431740648,0.048427187
54.94505865,0.15889958,1.17126997,0.454274742,0.048427187
54.94969732,0.165927738,1.174020573,0.487625202,0.054641412
54.95433599,0.161242299,1.173696972,0.423628374,0.05228158
54.95897466,0.157849396,1.172159871,0.447063832,0.047876559
54.96361333,0.162130917,1.174667773,0.480414292,0.050393714
54.968252,0.166412438,1.18049258,0.464189744,0.055742667
54.97289067,0.160192115,1.18089708,0.435346103,0.049843086
54.97752934,0.159868981,1.181544281,0.45607747,0.048191204
54.98216801,0.166574005,1.186236486,0.501145659,0.053618818
54.98680668,0.164958337,1.191333191,0.440754286,0.053854801
54.99144535,0.160838382,1.195135495,0.457880198,0.048505848
54.99608402,0.16455442,1.206946908,0.492132021,0.049449781
55.00072269,0.171097877,1.225392127,0.505652478,0.055585345
55.00536136,0.166250871,1.238740641,0.459682925,0.051101663
55.01000003,0.164877553,1.249581253,0.483118383,0.048112543
55.0146387,0.17093631,1.258642062,0.519172935,0.052202919
55.01927737,0.171501794,1.261878066,0.465091108,0.054720073
55.02391604,0.16528147,1.257590361,0.454274742,0.048820492
55.02855471,0.166008521,1.252574556,0.470499291,0.048977814
55.03319338,0.172551978,1.252170056,0.497540204,0.055192039
55.03783205,0.167704973,1.24715425,0.432642012,0.052360241
55.04247072,0.163827369,1.239873243,0.453373379,0.047955221
55.04710939,0.168432024,1.236394539,0.485822475,0.050944341
55.05174806,0.171744144,1.235261938,0.460584289,0.055585345
55.05638673,0.164715986,1.22814273,0.433543375,0.049292459
55.0610254,0.163504235,1.221670723,0.453373379,0.048033882
55.06566407,0.170370826,1.220538122,0.498441568,0.053697479
55.07030274,0.167543406,1.218030219,0.434444739,0.053382835
55.07494141,0.162777184,1.211639113,0.451570651,0.047955221
55.07958008,0.165200687,1.207917709,0.481315656,0.049607103
55.08421875,0.170370826,1.207755908,0.487625202,0.055506684
55.08885742,0.164473636,1.203872704,0.441655649,0.050551036
55.09349609,0.162373267,1.197805198,0.464189744,0.048112543
55.09813476,0.16762419,1.196268096,0.505652478,0.052360241
55.10277343,0.16810889,1.195216395,0.454274742,0.054641412
55.1074121,0.161888567,1.189310689,0.451570651,0.048427187
55.11205077,0.162615618,1.185184785,0.471400654,0.048584509
55.11668944,0.169320641,1.185751085,0.493934749,0.054877395
55.12132811,0.164231286,1.182515082,0.42993792,0.051966935
55.12596678,0.160676815,1.176690275,0.450669287,0.048112543
55.13060545,0.164958337,1.174748673,0.484921111,0.050944341
55.13524412,0.168028107,1.175072274,0.455176106,0.055349362
55.13988279,0.16148465,1.169894668,0.42993792,0.049213798
55.14452146,0.160838382,1.166092364,0.44886656,0.048269865
55.14916013,0.167704973,1.166496865,0.48942793,0.053933462
55.1537988,0.164312069,1.164393462,0.423628374,0.052989529
55.15843747,0.159626631,1.158487756,0.438951558,0.047955221
55.16307614,0.162696401,1.156707954,0.467795199,0.049607103
55.16771481,0.167462623,1.158325956,0.465091108,0.0552707
55.17235348,0.160919166,1.154119152,0.421825646,0.05007907
55.17699215,0.15889958,1.149993247,0.442557013,0.047561915
55.18163082,0.164958337,1.151287649,0.485822475,0.052360241
55.18626949,0.164958337,1.151692149,0.432642012,0.054012123
55.19090816,0.159222714,1.147080844,0.434444739,0.048112543
55.19554683,0.160434465,1.145139242,0.456978834,0.048269865
55.2001855,0.166735572,1.147242644,0.479512928,0.054720073
55.20482417,0.161403866,1.145462842,0.420022919,0.051258986
55.20946284,0.159061147,1.142226839,0.441655649,0.047719237
55.21410151,0.163665802,1.141903239,0.479512928,0.050708358
55.21874018,0.165846954,1.144087541,0.446162468,0.054956056
55.22337885,0.159868981,1.140366137,0.428135193,0.048899153
55.22801752,0.159868981,1.137372834,0.447063832,0.048112543
55.23265619,0.166654788,1.139395336,0.487625202,0.053697479
55.23729486,0.163908152,1.139476236,0.420924282,0.052674885
55.24193353,0.159788198,1.135512132,0.438050194,0.047797898
55.2465722,0.163423452,1.135512132,0.469597927,0.049685764
55.25121087,0.168270457,1.138586335,0.462387016,0.055506684
55.25584954,0.161565433,1.135835732,0.42272701,0.049921747
55.26048821,0.160596032,1.13421773,0.444359741,0.047561915
55.26512688,0.166977922,1.137372834,0.490329294,0.052753546
55.26976555,0.166574005,1.141660538,0.438050194,0.054012123
55.27440422,0.161888567,1.142712239,0.447965196,0.048033882
55.27904289,0.163665802,1.144977442,0.472302018,0.048899153
55.28368156,0.169482208,1.149184246,0.487625202,0.055034717
55.28832023,0.164069719,1.148051645,0.426332465,0.050708358
55.2929589,0.161242299,1.145543742,0.446162468,0.047719237
55.29759757,0.166331655,1.146352743,0.484921111,0.051023002
55.30223624,0.16786654,1.147566245,0.447063832,0.054720073
55.30687491,0.161242299,1.14352124,0.432642012,0.048505848
55.31151358,0.161646217,1.141175138,0.450669287,0.048033882
55.31615225,0.16810889,1.14360214,0.485822475,0.054012123
55.32079092,0.164150503,1.142226839,0.419121555,0.052438902
55.32542959,0.159949765,1.137615534,0.438050194,0.047719237
55.33006826,0.163665802,1.137291934,0.468696563,0.049921747
55.33470693,0.167462623,1.138990836,0.45607747,0.0552707
55.3393456,0.160999949,1.135916632,0.420924282,0.049685764
55.34398427,0.160515249,1.132923329,0.441655649,0.047876559
55.34862294,0.166412438,1.13413683,0.485822475,0.052910868
55.35326161,0.165362254,1.135026731,0.425431101,0.053461496
55.35790028,0.159545848,1.131305327,0.433543375,0.047719237
55.36253895,0.161646217,1.129849126,0.457880198,0.048269865
55.36717762,0.167543406,1.132842429,0.471400654,0.054877395
55.37181629,0.161727,1.131062627,0.418220191,0.050629697
55.37645496,0.159141931,1.128150224,0.439852922,0.047247271
55.38109363,0.164150503,1.129121025,0.481315656,0.051258986
55.3857323,0.165200687,1.131871628,0.439852922,0.054405429
55.39037097,0.159222714,1.128473824,0.429036557,0.048269865
55.39500964,0.159868981,1.125965922,0.449767924,0.047797898
55.39964831,0.166008521,1.128797425,0.484019747,0.054012123
55.40428698,0.161727,1.129040125,0.418220191,0.051416308
55.40892565,0.158253313,1.125642321,0.438951558,0.047247271
55.41356432,0.161888567,1.125561421,0.471400654,0.050000408
55.41820299,0.165846954,1.129121025,0.454274742,0.055034717
55.42284166,0.159222714,1.126774923,0.423628374,0.049135137
55.42748033,0.158091746,1.12483332,0.443458377,0.047561915
55.432119,0.164715986,1.127988424,0.486723839,0.052989529
55.43675767,0.163019535,1.129606426,0.425431101,0.053540157
55.44139634,0.157526262,1.126855823,0.436247467,0.047955221
55.44603501,0.159949765,1.127098523,0.462387016,0.049213798
55.45067368,0.166089305,1.130900827,0.470499291,0.055192039
55.45531235,0.159545848,1.128716525,0.419121555,0.050551036
55.45995102,0.157607046,1.126694022,0.441655649,0.047719237
55.46458969,0.163100318,1.128312024,0.483118383,0.051809613
55.46922836,0.164231286,1.130658127,0.438050194,0.054641412
55.47386703,0.158334096,1.127826624,0.430839284,0.04866317
55.4785057,0.158738013,1.126370422,0.451570651,0.048033882
55.48314437,0.165362254,1.129121025,0.483118383,0.054562751
55.48778304,0.160999949,1.129282825,0.420022919,0.051730952
55.49242171,0.156879995,1.126127722,0.440754286,0.047876559
55.49706038,0.16196935,1.126451322,0.474104746,0.050472375
55.50169905,0.165362254,1.129930026,0.453373379,0.055113378
55.50633772,0.158576447,1.126613122,0.424529738,0.049135137
55.51097639,0.157849396,1.12442882,0.445261105,0.047640576
55.51561506,0.16455442,1.127988424,0.487625202,0.05306819
55.52025373,0.162454051,1.129525525,0.424529738,0.052989529
55.5248924,0.157687829,1.126046822,0.438050194,0.047561915
55.52953107,0.160030548,1.125561421,0.465091108,0.049213798
55.53416974,0.165927738,1.130010926,0.469597927,0.055192039
55.53880841,0.159545848,1.129363725,0.421825646,0.050157731
55.54344708,0.158010963,1.126613122,0.443458377,0.047955221
55.54808575,0.163100318,1.129121025,0.486723839,0.052202919
55.55272442,0.164069719,1.131224427,0.436247467,0.054248106
55.55736309,0.158010963,1.127988424,0.434444739,0.048112543
55.56200176,0.159303497,1.127503023,0.455176106,0.048427187
55.56664043,0.165685387,1.131628928,0.484019747,0.054641412
55.5712791,0.160999949,1.132357028,0.42272701,0.051494969
55.57591777,0.157849396,1.130981727,0.445261105,0.047404593
55.58055644,0.162292484,1.135188531,0.484019747,0.050236392
55.58519511,0.164877553,1.142065039,0.461485653,0.054877395
55.58983378,0.158495663,1.144249341,0.442557013,0.048820492
55.59447245,0.158495663,1.144977442,0.460584289,0.047561915
55.59911112,0.165443037,1.148132545,0.498441568,0.053540157
55.60374979,0.1622117,1.149265146,0.430839284,0.052674885
55.60838846,0.157526262,1.145543742,0.445261105,0.047483254
55.61302713,0.160434465,1.144977442,0.471400654,0.049135137
55.6176658,0.165927738,1.147242644,0.469597927,0.055034717
55.62230447,0.159222714,1.144653842,0.424529738,0.049685764
55.62694314,0.157849396,1.141822339,0.444359741,0.047325932
55.63158181,0.163827369,1.14352124,0.486723839,0.051888274
55.63622048,0.163746585,1.144572941,0.432642012,0.053697479
55.64085915,0.158010963,1.140527937,0.433543375,0.047561915
55.64549782,0.159465064,1.139638036,0.45607747,0.047797898
55.65013649,0.165927738,1.14344034,0.479512928,0.054248106
55.65477516,0.160596032,1.142145939,0.419121555,0.05086568
55.65941383,0.157526262,1.138829035,0.441655649,0.04716861
55.6640525,0.162454051,1.139638036,0.479512928,0.05007907
55.66869117,0.16503912,1.14327854,0.447965196,0.054405429
55.67332984,0.158495663,1.140851537,0.429036557,0.048505848
55.67796851,0.158495663,1.140608837,0.44886656,0.047404593
55.68260718,0.165443037,1.145139242,0.491230657,0.053304174
55.68724585,0.162292484,1.146029143,0.426332465,0.052202919
55.69188452,0.157849396,1.144006641,0.444359741,0.047089949
55.69652319,0.160999949,1.144330241,0.473203382,0.049135137
55.70116186,0.165604604,1.146919044,0.465992472,0.054720073
55.70580053,0.159141931,1.144815642,0.425431101,0.049213798
55.7104392,0.158010963,1.14295494,0.446162468,0.047089949
55.71507787,0.164473636,1.144411141,0.490329294,0.052045596
55.71971654,0.163908152,1.146271843,0.433543375,0.053382835
55.72435521,0.15889958,1.14327854,0.438951558,0.047640576
55.72899388,0.159949765,1.142065039,0.46328838,0.048427187
55.73363255,0.166493222,1.145705543,0.483118383,0.05448409
55.73827122,0.160353682,1.144006641,0.426332465,0.050629697
55.74290989,0.157849396,1.141822339,0.450669287,0.047404593
55.74754856,0.163100318,1.14311674,0.491230657,0.05086568
55.75218723,0.16503912,1.145543742,0.45607747,0.054641412
55.7568259,0.158334096,1.14295494,0.441655649,0.048269865
55.76146457,0.159303497,1.141579638,0.460584289,0.047719237
55.76610324,0.165604604,1.143844841,0.497540204,0.053618818
55.77074191,0.162050134,1.143844841,0.429036557,0.05228158
55.77538058,0.157930179,1.141013338,0.447965196,0.04716861
55.78001925,0.161807783,1.140608837,0.477710201,0.049449781
55.78465792,0.165766171,1.14360214,0.465992472,0.055113378
55.78929659,0.159545848,1.141417838,0.426332465,0.049607103
55.79393526,0.158818797,1.139071736,0.447063832,0.047483254
55.79857393,0.164877553,1.141175138,0.490329294,0.052674885
55.8032126,0.163504235,1.142226839,0.430839284,0.053697479
55.80785127,0.158253313,1.139961637,0.438951558,0.047876559
55.81248994,0.160030548,1.140204337,0.464189744,0.048741831
55.81712861,0.166493222,1.144815642,0.478611565,0.055113378
55.82176728,0.160676815,1.145139242,0.423628374,0.050944341
55.82640595,0.15841488,1.144087541,0.446162468,0.047561915
55.83104462,0.163665802,1.146999944,0.486723839,0.051494969
55.83568329,0.165523821,1.150964048,0.446162468,0.054798734
55.84032196,0.158738013,1.149184246,0.436247467,0.048820492
55.84496063,0.159222714,1.149426947,0.45607747,0.048033882
55.8495993,0.166574005,1.154361852,0.491230657,0.054248106
55.85423797,0.162454051,1.156060754,0.425431101,0.052124257
55.85887664,0.158253313,1.155413553,0.446162468,0.047561915
55.86351531,0.162615618,1.157921456,0.479512928,0.049921747
55.86815398,0.166574005,1.163179961,0.465091108,0.055506684
55.87279265,0.160272898,1.164150762,0.433543375,0.049528442
55.87743132,0.159949765,1.164636163,0.455176106,0.047876559
55.88206999,0.166574005,1.170380069,0.499342932,0.052989529
55.88670866,0.16479677,1.174667773,0.437148831,0.053618818
55.89134733,0.159626631,1.174182373,0.447965196,0.048033882
55.895986,0.1622117,1.176366675,0.473203382,0.048899153
55.90062467,0.168189673,1.18073528,0.483118383,0.054877395
55.90526334,0.162130917,1.18138248,0.42993792,0.050472375
55.90990201,0.159707414,1.180411679,0.451570651,0.047719237
55.91454068,0.165362254,1.183404983,0.492132021,0.051494969
55.91917935,0.166897139,1.187126387,0.44886656,0.054798734
55.92381802,0.160515249,1.185670185,0.441655649,0.048741831
55.92845669,0.161161516,1.187611787,0.46328838,0.048427187
55.93309536,0.167947323,1.193921994,0.495737476,0.05448409
55.93773403,0.163100318,1.196672597,0.430839284,0.052045596
55.9423727,0.159465064,1.196025396,0.452472015,0.047640576
55.94701137,0.163908152,1.199099599,0.485822475,0.050472375
55.95165004,0.16762419,1.203953604,0.464189744,0.055428023
55.95628871,0.160919166,1.201203001,0.434444739,0.049292459
55.96092738,0.160192115,1.198533299,0.452472015,0.047719237
55.96556605,0.166897139,1.1999086,0.494836113,0.053382835
55.97020472,0.16455442,1.199018699,0.429036557,0.053304174
55.97484339,0.159141931,1.193760194,0.441655649,0.047719237
55.97948206,0.161727,1.19068599,0.467795199,0.048977814
55.98412073,0.167139489,1.191575891,0.471400654,0.055349362
55.9887594,0.160999949,1.188663488,0.420924282,0.05007907
55.99339807,0.159061147,1.183890383,0.442557013,0.047483254
55.99803674,0.164635203,1.183647683,0.484921111,0.051809613
56.00267541,0.165604604,1.183890383,0.437148831,0.05448409
56.00731408,0.159303497,1.179036378,0.432642012,0.048348526
56.01195275,0.160111332,1.175800375,0.454274742,0.048348526
56.01659142,0.167058706,1.177661077,0.483118383,0.05448409
56.02123009,0.162373267,1.175800375,0.420924282,0.051494969
56.02586876,0.158818797,1.17151267,0.441655649,0.047483254
56.03050743,0.163423452,1.170946369,0.476808837,0.050236392
56.0351461,0.166493222,1.171998071,0.451570651,0.054798734
56.03978477,0.159868981,1.167710366,0.427233829,0.049135137
56.04442344,0.159222714,1.164636163,0.446162468,0.047797898
56.04906211,0.166331655,1.166173264,0.488526566,0.053618818
56.05370078,0.163746585,1.165606964,0.423628374,0.05306819
56.05833945,0.159141931,1.16172376,0.439852922,0.047640576
56.06297812,0.161565433,1.160510258,0.467795199,0.048977814
56.06761679,0.166816355,1.16245186,0.468696563,0.055034717
56.07225546,0.160919166,1.158811357,0.42272701,0.05007907
56.07689413,0.158980364,1.156060754,0.443458377,0.047719237
56.0815328,0.165119904,1.157274255,0.486723839,0.052045596
56.08617147,0.165362254,1.157436055,0.435346103,0.054169445
56.09081014,0.159545848,1.153310151,0.435346103,0.048112543
56.09544881,0.160838382,1.151206748,0.457880198,0.048505848
56.10008748,0.167381839,1.153714651,0.48221702,0.054562751
56.10472615,0.1622117,1.152015749,0.420924282,0.051337647
56.10936482,0.159626631,1.148617946,0.442557013,0.047640576
56.11400349,0.164473636,1.148617946,0.480414292,0.051023002
56.11864216,0.167139489,1.150883148,0.449767924,0.055034717
56.12328083,0.160919166,1.147647145,0.429036557,0.048977814
56.1279195,0.160838382,1.145381942,0.44886656,0.047797898
56.13255817,0.16762419,1.147889845,0.491230657,0.053461496
56.13719684,0.164392853,1.147647145,0.424529738,0.052360241
56.14183551,0.159949765,1.144411141,0.441655649,0.047561915
56.14647418,0.163423452,1.144492041,0.469597927,0.048977814
56.15111285,0.168028107,1.147080844,0.465992472,0.055034717
56.15575152,0.161727,1.144815642,0.423628374,0.049764425
56.16039019,0.160838382,1.142307739,0.444359741,0.047561915
56.16502886,0.166816355,1.143763941,0.487625202,0.052045596
56.16966753,0.166089305,1.144492041,0.432642012,0.053854801
56.1743062,0.160272898,1.140851537,0.434444739,0.048112543
56.17894487,0.1622117,1.139071736,0.456978834,0.04866317
56.18358354,0.168916724,1.141660538,0.476808837,0.055113378
56.18822221,0.163504235,1.139557136,0.418220191,0.051101663
56.19286088,0.160596032,1.135916632,0.439852922,0.047561915
56.19749955,0.16528147,1.137130134,0.478611565,0.05086568
56.20213822,0.167381839,1.139395336,0.445261105,0.054562751
56.20677689,0.160596032,1.136240233,0.429036557,0.04866317
56.21141556,0.160838382,1.134460431,0.44886656,0.048033882
56.21605423,0.167785756,1.137130134,0.488526566,0.054248106
56.2206929,0.163827369,1.136482933,0.42272701,0.052360241
56.22533157,0.159465064,1.13348963,0.441655649,0.047876559
56.22997024,0.162534834,1.132680629,0.471400654,0.049607103
56.23460891,0.166977922,1.135269432,0.460584289,0.0552707
56.23924758,0.160353682,1.132680629,0.424529738,0.049685764
56.24388625,0.159626631,1.131062627,0.444359741,0.047876559
56.24852492,0.166250871,1.132842429,0.488526566,0.052753546
56.25316359,0.165443037,1.135188531,0.42993792,0.053540157
56.25780226,0.159868981,1.132195228,0.437148831,0.048112543
56.26244093,0.161807783,1.132114328,0.461485653,0.048820492
56.2670796,0.16786654,1.135269432,0.477710201,0.055349362
56.27171827,0.162050134,1.13421773,0.42272701,0.050629697
56.27635694,0.159384281,1.132357028,0.444359741,0.047404593
56.28099561,0.16455442,1.134864931,0.484921111,0.051101663
56.28563428,0.166412438,1.138100935,0.444359741,0.054641412
56.29027295,0.160030548,1.136887433,0.433543375,0.048033882
56.29491162,0.160515249,1.137615534,0.455176106,0.047640576
56.29955029,0.167301056,1.14303584,0.492132021,0.053854801
56.30418896,0.163342668,1.144896542,0.428135193,0.051809613
56.30882763,0.159788198,1.145139242,0.449767924,0.047561915
56.3134663,0.163827369,1.150155047,0.484921111,0.049843086
56.31810497,0.168432024,1.16196646,0.479512928,0.055034717
56.32274364,0.163019535,1.173939673,0.455176106,0.049292459
56.32738231,0.163181101,1.188582588,0.484019747,0.047561915
56.33202098,0.170532393,1.207998609,0.533594755,0.052832207
56.33665965,0.169966909,1.227010129,0.476808837,0.053304174
56.34129832,0.165604604,1.238983342,0.488526566,0.047719237
56.34593699,0.16835124,1.250147553,0.508356569,0.049056476
56.35057566,0.173763729,1.259370163,0.512863388,0.055192039
56.35521433,0.167947323,1.259046563,0.452472015,0.050787019
56.359853,0.165200687,1.254597058,0.466893835,0.047719237
56.36449167,0.170613176,1.253059956,0.502047023,0.052045596
56.36913034,0.171340227,1.252574556,0.455176106,0.054562751
56.37376901,0.165443037,1.246426149,0.444359741,0.048505848
56.37840768,0.165927738,1.241005844,0.462387016,0.048191204
56.38304635,0.172471195,1.240115943,0.493033385,0.054405429
56.38768502,0.16762419,1.235666438,0.428135193,0.052202919
56.39232369,0.163827369,1.229194431,0.447965196,0.047797898
56.39696236,0.16810889,1.227333729,0.48221702,0.050157731
56.40160103,0.171501794,1.22814273,0.46328838,0.055349362
56.4062397,0.164877553,1.222722424,0.433543375,0.049135137
56.41087837,0.163908152,1.218030219,0.451570651,0.047955221
56.41551704,0.170047692,1.216897618,0.493934749,0.053146851
56.42015571,0.167785756,1.214308815,0.429036557,0.053461496
56.42479438,0.162615618,1.208322209,0.441655649,0.047955221
56.42943305,0.165119904,1.205328906,0.465992472,0.04937112
56.43407172,0.170290042,1.205976107,0.473203382,0.055192039
56.43871039,0.164150503,1.201283902,0.423628374,0.050393714
56.44334906,0.162292484,1.196429896,0.445261105,0.047719237
56.44798773,0.16762419,1.195944496,0.488526566,0.051888274
56.4526264,0.168997508,1.196591697,0.440754286,0.054720073
56.45726507,0.162373267,1.191656791,0.436247467,0.048112543
56.46190374,0.163504235,1.189553389,0.457880198,0.048112543
56.46654241,0.169966909,1.191899492,0.488526566,0.054798734
56.47118108,0.164877553,1.192142192,0.427233829,0.051888274
56.47581975,0.161807783,1.191575891,0.451570651,0.047719237
56.48045842,0.166250871,1.195378195,0.487625202,0.050787019
56.48509709,0.169643775,1.202012002,0.466893835,0.055113378
56.48973576,0.162777184,1.202497403,0.441655649,0.048820492
56.49437443,0.162777184,1.202740103,0.459682925,0.047797898
56.4990131,0.169320641,1.205652506,0.500244295,0.053540157
56.50365177,0.167058706,1.205733406,0.434444739,0.053382835
56.50829044,0.1622117,1.201445702,0.447965196,0.047876559
56.51292911,0.165119904,1.200555801,0.475006109,0.049449781
56.51756778,0.17093631,1.205086206,0.478611565,0.055506684
56.52220645,0.16479677,1.205976107,0.435346103,0.050157731
56.52684512,0.162938751,1.206704207,0.458781561,0.047640576
56.53148379,0.169159074,1.212286313,0.502948387,0.052360241
56.53612246,0.169966909,1.216816718,0.451570651,0.054405429
56.54076113,0.164150503,1.216088617,0.449767924,0.048427187
56.5453998,0.165604604,1.215198716,0.471400654,0.048584509
56.55003847,0.172228844,1.21843472,0.494836113,0.054877395
56.55467714,0.166735572,1.216654918,0.431740648,0.05157363
56.55931581,0.163827369,1.212205413,0.451570651,0.047719237
56.56395448,0.168270457,1.209940211,0.484921111,0.050787019
56.56859315,0.170855526,1.210102011,0.453373379,0.054956056
56.57323182,0.164150503,1.205005306,0.431740648,0.049135137
56.57787049,0.163665802,1.1998277,0.450669287,0.048033882
56.58250916,0.169966909,1.1999086,0.491230657,0.05377614
56.58714783,0.166977922,1.198047898,0.424529738,0.052910868
56.5917865,0.1622117,1.192384892,0.441655649,0.048112543
56.59642517,0.165200687,1.19028149,0.469597927,0.049607103
56.60106384,0.169966909,1.191009591,0.465992472,0.055506684
56.60570251,0.163342668,1.186479186,0.42272701,0.050157731
56.61034118,0.16196935,1.181786981,0.444359741,0.047955221
56.61497985,0.16810889,1.181463381,0.486723839,0.052910868
56.61961852,0.16762419,1.18065438,0.431740648,0.054562751
56.62425719,0.16196935,1.174748673,0.435346103,0.048427187
56.62889586,0.163665802,1.17175537,0.457880198,0.049056476
56.63353453,0.169643775,1.172402571,0.477710201,0.055349362
56.6381732,0.163908152,1.169571068,0.419121555,0.05157363
56.64281187,0.161080733,1.164555263,0.440754286,0.047640576
56.64745054,0.165604604,1.163503562,0.478611565,0.051101663
56.65208921,0.167785756,1.165202463,0.444359741,0.0552707
56.65672788,0.161080733,1.160591158,0.428135193,0.049056476
56.66136655,0.161161516,1.156707954,0.447063832,0.048033882
56.66600522,0.16810889,1.158811357,0.486723839,0.054169445
56.67064389,0.164312069,1.157678755,0.420924282,0.052674885
56.67528256,0.160111332,1.15242025,0.438951558,0.047719237
56.67992123,0.162938751,1.150802248,0.467795199,0.049685764
56.6845599,0.16762419,1.153876451,0.460584289,0.055428023
56.68919857,0.161323083,1.150316848,0.421825646,0.049921747
56.69383724,0.159222714,1.146352743,0.443458377,0.047719237
56.69847591,0.165362254,1.147970745,0.486723839,0.052674885
56.70311458,0.164635203,1.148698846,0.429036557,0.054012123
56.70775325,0.159707414,1.144653842,0.434444739,0.048033882
56.71239192,0.161323083,1.142307739,0.457880198,0.048820492
56.71703059,0.166897139,1.144411141,0.474104746,0.055192039
56.72166926,0.161403866,1.142145939,0.418220191,0.051023002
56.72630793,0.159061147,1.139152636,0.442557013,0.047797898
56.7309466,0.164150503,1.139476236,0.481315656,0.051337647
56.73558527,0.165604604,1.141579638,0.443458377,0.054877395
56.74022394,0.159061147,1.138667235,0.42993792,0.048584509
56.74486261,0.159788198,1.136078432,0.449767924,0.047955221
56.74950128,0.166089305,1.138505435,0.485822475,0.054562751
56.75413995,0.162050134,1.137291934,0.420022919,0.052360241
56.75877862,0.15841488,1.133085129,0.439852922,0.047561915
56.76341729,0.161727,1.132599729,0.471400654,0.049764425
56.76805596,0.166089305,1.134864931,0.457880198,0.055113378
56.77269463,0.159545848,1.131386227,0.423628374,0.049449781
56.7773333,0.158334096,1.128554724,0.444359741,0.047797898
56.78197197,0.16455442,1.129768226,0.486723839,0.052989529
56.78661064,0.163342668,1.130739027,0.425431101,0.054090784
56.79124931,0.158010963,1.127098523,0.434444739,0.048427187
56.79588798,0.160111332,1.125156921,0.459682925,0.049292459
56.80052665,0.166250871,1.127745724,0.471400654,0.055034717
56.80516532,0.160192115,1.125885022,0.418220191,0.050787019
56.80980399,0.157687829,1.122972619,0.440754286,0.047561915
56.81444266,0.162938751,1.12418612,0.481315656,0.051652291
56.81908133,0.16455442,1.126855823,0.438951558,0.054562751
56.82372,0.158495663,1.123538919,0.430839284,0.048427187
56.82835867,0.158980364,1.121273717,0.450669287,0.048427187
56.83299734,0.165846954,1.12434792,0.483118383,0.054562751
56.83763601,0.161565433,1.12418612,0.420022919,0.052202919
56.84227468,0.157849396,1.121516417,0.440754286,0.047640576
56.84691335,0.161888567,1.121192817,0.473203382,0.050472375
56.85155202,0.165523821,1.123619819,0.455176106,0.055664006
56.85619069,0.158738013,1.121192817,0.425431101,0.049607103
56.86082936,0.157930179,1.118846714,0.444359741,0.048033882
56.86546803,0.164312069,1.120788316,0.488526566,0.053382835
56.8701067,0.162373267,1.122325418,0.424529738,0.053854801
56.87474537,0.157364695,1.119574815,0.438050194,0.047876559
56.87938404,0.159949765,1.118846714,0.46328838,0.04937112
56.88402271,0.165523821,1.122082718,0.470499291,0.055742667
56.88866138,0.159545848,1.120464716,0.420022919,0.050944341
56.89330005,0.157526262,1.118199513,0.442557013,0.047876559
56.89793872,0.163181101,1.119574815,0.484019747,0.052045596
56.90257739,0.163665802,1.121678217,0.437148831,0.054720073
56.90721606,0.157607046,1.118765814,0.431740648,0.048820492
56.91185473,0.15841488,1.117471413,0.453373379,0.048584509
56.9164934,0.165119904,1.120464716,0.48221702,0.055034717
56.92113207,0.160515249,1.119898415,0.419121555,0.052124257
56.92577074,0.157283912,1.117228712,0.439852922,0.047955221
56.93040941,0.160919166,1.117390513,0.475006109,0.050787019
56.93504808,0.164312069,1.119979315,0.451570651,0.055585345
56.93968675,0.157607046,1.118118613,0.426332465,0.049685764
56.94432542,0.157768612,1.116500612,0.446162468,0.048505848
56.94896409,0.164150503,1.118846714,0.490329294,0.053854801
56.95360276,0.162050134,1.120707416,0.425431101,0.053697479
56.95824143,0.157203128,1.118604014,0.439852922,0.048269865
56.9628801,0.159788198,1.119251215,0.467795199,0.049607103
56.96751877,0.165604604,1.123538919,0.469597927,0.055821328
56.97215744,0.159061147,1.122406318,0.42272701,0.050787019
56.97679611,0.157687829,1.121031016,0.444359741,0.047955221
56.98143478,0.163504235,1.12434792,0.487625202,0.052045596
56.98607345,0.163827369,1.128231124,0.438050194,0.054720073
56.99071212,0.158253313,1.127260323,0.438050194,0.048505848
56.99535079,0.159626631,1.128150224,0.461485653,0.048899153
56.99998946,0.166574005,1.13381323,0.488526566,0.055113378
57.00462813,0.160919166,1.135026731,0.427233829,0.052124257
57.0092668,0.158253313,1.134460431,0.449767924,0.048269865
57.01390547,0.162696401,1.137534634,0.484921111,0.051180325
57.01854414,0.165927738,1.14319764,0.457880198,0.0552707
57.02318281,0.159384281,1.144006641,0.438050194,0.049213798
57.02782148,0.159303497,1.149022446,0.46328838,0.048348526
57.03246015,0.166412438,1.158325956,0.506553842,0.054012123
57.03709882,0.163746585,1.165526064,0.442557013,0.052910868
57.04173749,0.159545848,1.167872166,0.459682925,0.048348526
57.04637616,0.162857968,1.17175537,0.487625202,0.049843086
57.05101483,0.167704973,1.177337476,0.48221702,0.055428023
57.0556535,0.161646217,1.176366675,0.436247467,0.050315053
57.06029217,0.160434465,1.174263273,0.45607747,0.048033882
57.06493084,0.166574005,1.176366675,0.497540204,0.052674885
57.06956951,0.166250871,1.177984677,0.441655649,0.054405429
57.07420818,0.160999949,1.174586873,0.442557013,0.048427187
57.07884685,0.162615618,1.172726171,0.465091108,0.049056476
57.08348552,0.169159074,1.175234074,0.485822475,0.055349362
57.08812419,0.163746585,1.173939673,0.426332465,0.051888274
57.09276286,0.161080733,1.170137369,0.447965196,0.048191204
57.09740153,0.165766171,1.169571068,0.484019747,0.051494969
57.1020402,0.167947323,1.170784569,0.450669287,0.055428023
57.10667887,0.160999949,1.167144065,0.431740648,0.049213798
57.11131754,0.161242299,1.164474363,0.451570651,0.048427187
57.11595621,0.167947323,1.166415965,0.491230657,0.05448409
57.12059488,0.164150503,1.164878863,0.424529738,0.053146851
57.12523355,0.160272898,1.160510258,0.442557013,0.048269865
57.12987222,0.163181101,1.158811357,0.471400654,0.050551036
57.13451089,0.168028107,1.160672059,0.464189744,0.056057311
57.13914956,0.161403866,1.157678755,0.423628374,0.050236392
57.14378823,0.159707414,1.154200052,0.444359741,0.048505848
57.1484269,0.166008521,1.155170853,0.488526566,0.052910868
57.15306557,0.164958337,1.155979854,0.430839284,0.054248106
57.15770424,0.159626631,1.152096649,0.436247467,0.048269865
57.16234291,0.160999949,1.150235947,0.460584289,0.049135137
57.16698158,0.167301056,1.15282475,0.478611565,0.0552707
57.17162025,0.161807783,1.15242025,0.42272701,0.051416308
57.17625892,0.158818797,1.149750547,0.446162468,0.048033882
57.18089759,0.163746585,1.151773049,0.484921111,0.051494969
57.18553626,0.165927738,1.154038251,0.447063832,0.055349362
57.19017493,0.159545848,1.150802248,0.432642012,0.049135137
57.1948136,0.159949765,1.149265146,0.452472015,0.048427187
57.19945227,0.166654788,1.151530349,0.48942793,0.054562751
57.20409094,0.162857968,1.150802248,0.423628374,0.052596224
57.20872961,0.15889958,1.147485345,0.441655649,0.047876559
57.21336828,0.1622117,1.147161744,0.473203382,0.050472375
57.21800695,0.166331655,1.149750547,0.462387016,0.056057311
57.22264562,0.159868981,1.147242644,0.425431101,0.049921747
57.22728429,0.159303497,1.144896542,0.446162468,0.047955221
57.23192296,0.165604604,1.147404444,0.490329294,0.05306819
57.23656163,0.164150503,1.148375245,0.42993792,0.054248106
57.2412003,0.159061147,1.146029143,0.439852922,0.048427187
57.24583897,0.160999949,1.145624643,0.465992472,0.049056476
57.25047764,0.167301056,1.150559548,0.478611565,0.055506684
57.25511631,0.16148465,1.150074147,0.424529738,0.051180325
57.25975498,0.159141931,1.148051645,0.446162468,0.047955221
57.26439365,0.164312069,1.150721348,0.486723839,0.051809613
57.26903232,0.165685387,1.153229251,0.446162468,0.055034717
57.27367099,0.159303497,1.151125848,0.434444739,0.049213798
57.27830966,0.160111332,1.150155047,0.454274742,0.048348526
57.28294833,0.166816355,1.153633751,0.488526566,0.054326768
57.287587,0.162777184,1.154442752,0.423628374,0.05228158
57.29222567,0.159061147,1.152015749,0.443458377,0.048033882
57.29686434,0.162857968,1.15274385,0.476808837,0.050315053
57.30150301,0.167058706,1.156222554,0.458781561,0.055664006
57.30614168,0.160353682,1.154038251,0.426332465,0.049607103
57.31078035,0.159545848,1.151611249,0.446162468,0.048269865
57.31541902,0.165927738,1.153391051,0.48942793,0.053225513
57.32005769,0.164150503,1.153391051,0.427233829,0.053697479
57.32469636,0.159222714,1.149346046,0.438050194,0.048112543
57.32933503,0.161323083,1.149103346,0.46328838,0.049292459
57.3339737,0.167462623,1.153229251,0.473203382,0.055428023
57.33861237,0.161080733,1.15233935,0.42272701,0.051258986
57.34325104,0.159061147,1.150802248,0.446162468,0.047955221
57.34788971,0.164877553,1.153714651,0.488526566,0.051809613
57.35252838,0.165766171,1.158164156,0.444359741,0.054956056
57.35716705,0.159303497,1.157355155,0.439852922,0.04866317
57.36180572,0.160434465,1.157921456,0.461485653,0.048427187
57.36644439,0.167381839,1.16237096,0.492132021,0.054956056
57.37108306,0.162615618,1.163260861,0.427233829,0.05228158
57.37572173,0.15889958,1.159782158,0.447965196,0.048112543
57.3803604,0.163342668,1.159943958,0.480414292,0.050787019
57.38499907,0.166574005,1.16172376,0.457880198,0.055664006
57.38963774,0.160676815,1.158568656,0.430839284,0.049685764
57.39427641,0.160030548,1.155737153,0.44886656,0.048191204
57.39891508,0.166574005,1.157274255,0.492132021,0.053854801
57.40355375,0.16455442,1.157436055,0.427233829,0.053461496
57.40819242,0.159222714,1.15306745,0.440754286,0.048269865
57.41283109,0.16196935,1.151692149,0.466893835,0.049528442
57.41746976,0.167381839,1.154200052,0.472302018,0.055506684
57.42210843,0.160838382,1.151692149,0.424529738,0.050787019
57.4267471,0.159384281,1.148213445,0.447965196,0.048191204
57.43138577,0.164877553,1.148860646,0.490329294,0.052360241
57.43602444,0.165362254,1.149588747,0.441655649,0.054562751
57.44066311,0.158980364,1.145543742,0.438050194,0.048427187
57.44530178,0.160353682,1.144572941,0.459682925,0.048820492
57.44994045,0.166897139,1.148051645,0.486723839,0.054877395
57.45457912,0.161646217,1.147970745,0.425431101,0.052202919
57.45921779,0.158495663,1.146919044,0.447965196,0.048427187
57.46385646,0.162777184,1.149750547,0.484921111,0.050944341
57.46849513,0.166250871,1.155009052,0.457880198,0.055428023
57.4731338,0.159303497,1.155009052,0.436247467,0.04937112
57.47777247,0.159222714,1.156465254,0.457880198,0.048033882
57.48241114,0.165927738,1.16204736,0.499342932,0.05377614
57.48704981,0.162938751,1.163422661,0.433543375,0.052910868
57.49168848,0.15841488,1.160672059,0.447965196,0.048033882
57.49632715,0.161565433,1.161319259,0.475907473,0.049764425
57.50096582,0.167220272,1.165768764,0.475907473,0.055428023
57.50560449,0.160676815,1.164717063,0.430839284,0.050236392
57.51024316,0.159222714,1.162613661,0.451570651,0.047797898
57.51488183,0.164877553,1.163746262,0.492132021,0.052360241
57.5195205,0.164958337,1.164636163,0.438951558,0.054405429
57.52415917,0.159061147,1.160510258,0.438951558,0.048269865
57.52879784,0.160676815,1.159215857,0.459682925,0.04866317
57.53343651,0.166816355,1.160348458,0.483118383,0.0552707
57.53807518,0.160999949,1.157355155,0.421825646,0.051888274
57.54271385,0.15841488,1.153229251,0.443458377,0.047876559
57.54735252,0.163423452,1.153633751,0.480414292,0.05086568
57.55199119,0.165766171,1.155494453,0.449767924,0.055034717
57.55662986,0.159545848,1.152096649,0.430839284,0.048977814
57.56126853,0.159465064,1.149993247,0.451570651,0.048348526
57.5659072,0.166654788,1.152177549,0.490329294,0.054169445
57.57054587,0.163423452,1.151125848,0.423628374,0.053304174
57.57518454,0.158738013,1.146757244,0.441655649,0.048427187
57.57982321,0.162130917,1.146352743,0.471400654,0.049843086
57.58446188,0.166816355,1.148537046,0.465091108,0.055428023
57.58910055,0.159949765,1.145786443,0.42272701,0.049843086
57.59373922,0.158818797,1.142469539,0.443458377,0.048033882
57.59837789,0.16479677,1.14335944,0.486723839,0.05306819
57.60301656,0.164069719,1.143763941,0.42993792,0.054562751
57.60765523,0.158253313,1.139395336,0.434444739,0.048820492
57.6122939,0.159949765,1.138020034,0.457880198,0.049135137
57.61693257,0.166089305,1.141336938,0.477710201,0.055428023
57.62157124,0.160838382,1.140042537,0.420022919,0.05157363
57.62620991,0.158172529,1.136887433,0.444359741,0.048033882
57.63084858,0.162777184,1.138020034,0.484921111,0.051416308
57.63548725,0.16479677,1.142226839,0.452472015,0.054956056
57.64012592,0.15865723,1.141417838,0.438951558,0.048899153
57.64476459,0.159061147,1.142388639,0.460584289,0.048427187
57.64940326,0.165685387,1.147485345,0.500244295,0.054405429
57.65404193,0.161888567,1.149265146,0.434444739,0.052910868
57.6586806,0.158010963,1.146433643,0.453373379,0.048112543
57.66331927,0.161565433,1.147323544,0.483118383,0.050000408
57.66795794,0.165927738,1.151125848,0.471400654,0.055192039
57.67259661,0.159707414,1.149588747,0.432642012,0.049764425
57.67723528,0.15865723,1.146757244,0.453373379,0.047640576
57.68187395,0.165119904,1.148941546,0.49663884,0.052910868
57.68651262,0.164312069,1.150883148,0.436247467,0.053854801
57.69115129,0.15889958,1.148698846,0.444359741,0.048269865
57.69578996,0.160999949,1.148537046,0.469597927,0.049056476
57.70042863,0.167301056,1.15282475,0.483118383,0.055192039
57.7050673,0.16196935,1.15282475,0.428135193,0.05086568
57.70970597,0.159222714,1.150640448,0.449767924,0.047797898
57.71434464,0.164958337,1.151934849,0.488526566,0.051652291
57.71898331,0.166250871,1.153229251,0.446162468,0.055034717
57.72362198,0.160192115,1.150074147,0.434444739,0.048741831
57.72826065,0.160676815,1.148456146,0.454274742,0.048348526
57.73289932,0.167785756,1.150316848,0.48942793,0.054248106
57.73753799,0.163181101,1.149588747,0.423628374,0.052517563
57.74217666,0.159384281,1.146029143,0.443458377,0.048191204
57.74681533,0.163181101,1.146757244,0.475006109,0.050315053
57.751454,0.166977922,1.149507847,0.459682925,0.055821328
57.75609267,0.160434465,1.146433643,0.426332465,0.049921747
57.76073134,0.159465064,1.14311674,0.446162468,0.048112543
57.76537001,0.165523821,1.144411141,0.48942793,0.053540157
57.77000868,0.164150503,1.145786443,0.427233829,0.053933462
57.77464735,0.158980364,1.142065039,0.438050194,0.048584509
57.77928602,0.161161516,1.139961637,0.46328838,0.049528442
57.78392469,0.166977922,1.14287404,0.474104746,0.05597865
57.78856336,0.160676815,1.140932438,0.421825646,0.051023002
57.79320203,0.15865723,1.138020034,0.444359741,0.048112543
57.7978407,0.163827369,1.139233536,0.486723839,0.051809613
57.80247937,0.164877553,1.141741438,0.443458377,0.055113378
57.80711804,0.158980364,1.139557136,0.437148831,0.048820492
57.81175671,0.159545848,1.138100935,0.459682925,0.048741831
57.81639538,0.166008521,1.140851537,0.490329294,0.054720073
57.82103405,0.161646217,1.140770637,0.426332465,0.052202919
57.82567272,0.157687829,1.137534634,0.445261105,0.048033882
57.83031139,0.16196935,1.137858234,0.478611565,0.050787019
57.83495006,0.165766171,1.140527937,0.458781561,0.055899989
57.83958873,0.158818797,1.138181835,0.430839284,0.049528442
57.8442274,0.157768612,1.135916632,0.449767924,0.048033882
57.84886607,0.16503912,1.138586335,0.493033385,0.053461496
57.85350474,0.162615618,1.138667235,0.428135193,0.053854801
57.85814341,0.158010963,1.135916632,0.441655649,0.048348526
57.86278208,0.160434465,1.135835732,0.467795199,0.049449781
57.86742075,0.166089305,1.138100935,0.473203382,0.055664006
57.87205942,0.159384281,1.136078432,0.424529738,0.051180325
57.87669809,0.157687829,1.134379531,0.445261105,0.048348526
57.88133676,0.163423452,1.135350332,0.486723839,0.052438902
57.88597543,0.164150503,1.136563833,0.438951558,0.055113378
57.8906141,0.158010963,1.133166029,0.434444739,0.048741831
57.89525277,0.159222714,1.132033428,0.455176106,0.049056476
57.89989144,0.165604604,1.134784031,0.483118383,0.055506684
57.90453011,0.160676815,1.13357053,0.420022919,0.052360241
57.90916878,0.156879995,1.130415426,0.441655649,0.048348526
57.91380745,0.161080733,1.130415426,0.476808837,0.051101663
57.91844612,0.164392853,1.133004229,0.453373379,0.055506684
57.92308479,0.157768612,1.130981727,0.428135193,0.049292459
57.92772346,0.157930179,1.129040125,0.447965196,0.048033882
57.93236213,0.164473636,1.131143527,0.490329294,0.053697479
57.9370008,0.162050134,1.132033428,0.424529738,0.053382835
57.94163947,0.157768612,1.129525525,0.439852922,0.048505848
57.94627814,0.160515249,1.129201925,0.466893835,0.050000408
57.95091681,0.165685387,1.132923329,0.467795199,0.055585345
57.95555548,0.159303497,1.131386227,0.421825646,0.050629697
57.96019415,0.157849396,1.129201925,0.444359741,0.047797898
57.96483282,0.163746585,1.131386227,0.487625202,0.052360241
57.96947149,0.164231286,1.13365143,0.436247467,0.054405429
57.97411016,0.158253313,1.130658127,0.436247467,0.048584509
57.97874883,0.159061147,1.129930026,0.457880198,0.048820492
57.9833875,0.166008521,1.133004229,0.48221702,0.054877395
57.98802617,0.160919166,1.132599729,0.420924282,0.051809613
57.99266484,0.157203128,1.128797425,0.443458377,0.047797898
57.99730351,0.161888567,1.129930026,0.478611565,0.050944341
58.00194218,0.164715986,1.132518829,0.449767924,0.055113378
58.00658085,0.158172529,1.129201925,0.429036557,0.048977814
58.01121952,0.158172529,1.128392924,0.44886656,0.048269865
58.01585819,0.164715986,1.132437929,0.48942793,0.053697479
58.02049686,0.161888567,1.13381323,0.424529738,0.052832207
58.02513553,0.157930179,1.131305327,0.442557013,0.047955221
58.0297742,0.161242299,1.131790728,0.471400654,0.049843086
58.03441287,0.165766171,1.134460431,0.467795199,0.055585345
58.03905154,0.159303497,1.13348963,0.426332465,0.050000408
58.04369021,0.157930179,1.131224427,0.447063832,0.048033882
58.04832888,0.163827369,1.133085129,0.48942793,0.052517563
58.05296755,0.163504235,1.135188531,0.435346103,0.054248106
58.05760622,0.157768612,1.132518829,0.438050194,0.048584509
58.06224489,0.159141931,1.132033428,0.461485653,0.049056476
58.06688356,0.165685387,1.136321133,0.481315656,0.055506684
58.07152223,0.160353682,1.136078432,0.423628374,0.051416308
58.0761609,0.157849396,1.134460431,0.446162468,0.048033882
58.08079957,0.162777184,1.136240233,0.484019747,0.051180325
58.08543824,0.165200687,1.140123437,0.450669287,0.055192039
58.09007691,0.158738013,1.138181835,0.434444739,0.049135137
58.09471558,0.158818797,1.138100935,0.454274742,0.048269865
58.09935425,0.165443037,1.141579638,0.493033385,0.054248106
58.10399292,0.1622117,1.14311674,0.426332465,0.052674885
58.10863159,0.157687829,1.140447037,0.446162468,0.048191204
58.11327026,0.161646217,1.141417838,0.475907473,0.05007907
58.11790893,0.166170088,1.145381942,0.466893835,0.055585345
58.1225476,0.159141931,1.144653842,0.429036557,0.050000408
58.12718627,0.158495663,1.14311674,0.449767924,0.048269865
58.13182494,0.16503912,1.146029143,0.493934749,0.052910868
58.13646361,0.163746585,1.147728045,0.435346103,0.054248106
58.14110228,0.158576447,1.144977442,0.442557013,0.048348526
58.14574095,0.160676815,1.144168441,0.465992472,0.049135137
58.15037962,0.166654788,1.147566245,0.481315656,0.055585345
58.15501829,0.160757599,1.146110043,0.424529738,0.051416308
58.15965696,0.158576447,1.14368304,0.446162468,0.048269865
58.16429563,0.163504235,1.144492041,0.485822475,0.051809613
58.1689343,0.16528147,1.146919044,0.446162468,0.055349362
58.17357297,0.159061147,1.14352124,0.433543375,0.049292459
58.17821164,0.159868981,1.141660538,0.454274742,0.048820492
58.18285031,0.166250871,1.144087541,0.490329294,0.054956056
58.18748898,0.161888567,1.14360214,0.424529738,0.05306819
58.19212765,0.158172529,1.140689737,0.444359741,0.048505848
58.19676632,0.161807783,1.140770637,0.475006109,0.050787019
58.20140499,0.166089305,1.14352124,0.46328838,0.05597865
58.20604366,0.159465064,1.141903239,0.42993792,0.049843086
58.21068233,0.158495663,1.140608837,0.451570651,0.048191204
58.215321,0.164958337,1.144977442,0.49663884,0.053540157
58.21995967,0.163261885,1.148617946,0.438050194,0.054326768
58.22459834,0.158334096,1.148051645,0.449767924,0.048584509
58.22923701,0.160434465,1.151773049,0.478611565,0.049528442
58.23387568,0.166574005,1.159943958,0.493033385,0.056135972
58.23851435,0.161161516,1.162613661,0.441655649,0.051337647
58.24315302,0.159141931,1.163341761,0.462387016,0.048112543
58.24779169,0.164715986,1.167629466,0.502047023,0.052124257
58.25243036,0.165200687,1.172159871,0.458781561,0.055349362
58.25706903,0.159707414,1.17118907,0.447965196,0.049135137
58.2617077,0.160353682,1.17191717,0.467795199,0.048899153
58.26634637,0.167139489,1.177094776,0.499342932,0.055113378
58.27098504,0.162938751,1.177822877,0.434444739,0.052517563
58.27562371,0.159141931,1.175557674,0.454274742,0.048269865
58.28026238,0.163261885,1.177256576,0.485822475,0.050787019
58.28490105,0.167462623,1.18130158,0.467795199,0.055664006
58.28953972,0.160838382,1.180330779,0.438050194,0.049764425
58.29417839,0.160030548,1.180088079,0.457880198,0.048584509
58.29881706,0.166735572,1.184294884,0.501145659,0.053854801
58.30345573,0.164635203,1.186721886,0.438050194,0.053933462
58.3080944,0.159788198,1.184133083,0.44886656,0.048269865
58.31273307,0.1622117,1.184780284,0.474104746,0.049685764
58.31737174,0.168432024,1.188906188,0.481315656,0.055742667
58.32201041,0.162292484,1.187611787,0.432642012,0.051101663
58.32664908,0.160353682,1.185670185,0.454274742,0.048269865
58.33128775,0.165604604,1.187773587,0.493934749,0.052438902
58.33592642,0.166574005,1.18995789,0.446162468,0.055192039
58.34056509,0.160434465,1.186964586,0.443458377,0.049056476
58.34520376,0.161565433,1.186074685,0.465091108,0.049056476
58.34984243,0.168189673,1.19044329,0.494836113,0.055113378
58.3544811,0.163665802,1.190928691,0.431740648,0.052124257
58.35911977,0.160353682,1.188501688,0.452472015,0.048112543
58.36375844,0.16455442,1.18995789,0.48942793,0.051180325
58.36839711,0.168270457,1.194730995,0.467795199,0.055664006
58.37303578,0.161323083,1.192870293,0.441655649,0.050000408
58.37767445,0.160838382,1.191899492,0.462387016,0.048584509
58.38231312,0.167220272,1.195944496,0.50384975,0.054012123
58.38695179,0.164958337,1.1996659,0.441655649,0.054012123
58.39159046,0.160192115,1.202012002,0.461485653,0.048505848
58.39622913,0.163504235,1.207432308,0.492132021,0.05007907
58.4008678,0.168916724,1.213176214,0.493033385,0.056135972
58.40550647,0.1622117,1.212043613,0.442557013,0.050787019
58.41014514,0.160272898,1.208484009,0.461485653,0.048348526
58.41478381,0.166250871,1.20937391,0.500244295,0.052596224
58.41942248,0.166574005,1.20953571,0.44886656,0.055034717
58.42406115,0.160192115,1.204843505,0.446162468,0.048899153
58.42869982,0.161403866,1.201122101,0.465992472,0.049056476
58.43333849,0.16810889,1.202254703,0.48942793,0.055428023
58.43797716,0.162534834,1.198452399,0.427233829,0.052124257
58.44261583,0.159707414,1.193436593,0.447965196,0.048348526
58.4472545,0.164312069,1.192303992,0.484921111,0.051258986
58.45189317,0.166735572,1.192951193,0.45607747,0.055585345
58.45653184,0.159949765,1.188744388,0.435346103,0.049449781
58.46117051,0.160192115,1.185184785,0.455176106,0.048427187
58.46580918,0.166735572,1.186560086,0.49663884,0.054248106
58.47044785,0.163585019,1.186155586,0.42993792,0.053618818
58.47508652,0.159384281,1.182191481,0.447063832,0.048348526
58.47972519,0.162777184,1.18105888,0.475907473,0.049921747
58.48436386,0.167704973,1.183324083,0.474104746,0.055585345
58.48900253,0.161242299,1.18089708,0.430839284,0.050472375
58.4936412,0.160111332,1.178874578,0.452472015,0.048033882
58.49827987,0.166089305,1.182110581,0.498441568,0.052674885
58.50291854,0.166008521,1.187369087,0.447965196,0.054405429
58.50755721,0.160838382,1.191333191,0.457880198,0.048741831
58.51219588,0.163019535,1.197238897,0.484019747,0.048977814
58.51683455,0.170451609,1.207432308,0.509257933,0.055506684
58.52147322,0.166008521,1.212771714,0.451570651,0.05157363
58.52611189,0.163746585,1.214470616,0.471400654,0.048269865
58.53075056,0.168997508,1.216816718,0.504751114,0.051809613
58.53538923,0.17142101,1.219243721,0.468696563,0.055899989
58.5400279,0.164715986,1.215279616,0.447063832,0.049292459
58.54466657,0.16479677,1.211234612,0.462387016,0.048427187
58.54930524,0.171340227,1.211558212,0.498441568,0.054405429
58.55394391,0.168028107,1.20888851,0.429036557,0.053225513
58.55858258,0.163100318,1.202416503,0.446162468,0.048505848
58.56322125,0.166574005,1.1994232,0.475006109,0.050157731
58.56785992,0.17117866,1.1999086,0.466893835,0.055821328
58.57249859,0.164392853,1.194650095,0.427233829,0.050472375
58.57713726,0.163100318,1.189634289,0.447965196,0.048584509
58.58177593,0.169482208,1.189472489,0.490329294,0.053382835
58.5864146,0.168593591,1.188825288,0.432642012,0.054405429
58.59105327,0.162777184,1.183971283,0.438951558,0.048584509
58.59569194,0.164635203,1.18049258,0.461485653,0.049528442
58.60033061,0.17093631,1.18105888,0.479512928,0.056057311
58.60496928,0.165200687,1.178065577,0.423628374,0.051809613
58.60960795,0.161888567,1.173535172,0.445261105,0.048269865
58.61424662,0.167220272,1.173939673,0.484019747,0.051966935
58.61888529,0.168674374,1.174991374,0.447063832,0.055585345
58.62352396,0.162373267,1.170622769,0.433543375,0.049292459
58.62816263,0.162534834,1.167629466,0.454274742,0.048741831
58.6328013,0.169401425,1.169409268,0.491230657,0.054956056
58.63743997,0.165523821,1.168033966,0.424529738,0.053146851
58.64207864,0.161323083,1.163665362,0.443458377,0.048584509
58.64671731,0.16455442,1.16196646,0.475006109,0.050551036
58.65135598,0.168916724,1.163503562,0.461485653,0.05597865
58.65599465,0.162292484,1.159458557,0.425431101,0.05007907
58.66063332,0.160919166,1.155818053,0.446162468,0.048348526
58.66527199,0.167301056,1.156384354,0.48942793,0.053618818
58.66991066,0.165846954,1.156465254,0.42993792,0.054248106
58.67454933,0.160192115,1.152015749,0.439852922,0.04866317
58.679188,0.162130917,1.149507847,0.46328838,0.049685764
58.68382667,0.16810889,1.15242025,0.477710201,0.055664006
58.68846534,0.162373267,1.150235947,0.423628374,0.051337647
58.69310401,0.159626631,1.146838144,0.446162468,0.048112543
58.69774268,0.165523821,1.146999944,0.485822475,0.051966935
58.70238135,0.166816355,1.148698846,0.443458377,0.055349362
58.70702002,0.160838382,1.145867343,0.433543375,0.049135137
58.71165869,0.161242299,1.14344034,0.453373379,0.048741831
58.71629736,0.167785756,1.145786443,0.487625202,0.055034717
58.72093603,0.163665802,1.145867343,0.42272701,0.052753546
58.7255747,0.160192115,1.142307739,0.443458377,0.048505848
58.73021337,0.164069719,1.142065039,0.476808837,0.050787019
58.73485204,0.16762419,1.145381942,0.459682925,0.056057311
58.73949071,0.160999949,1.14327854,0.428135193,0.050393714
58.74412938,0.160434465,1.141417838,0.44886656,0.048584509
58.74876805,0.166574005,1.144006641,0.493033385,0.054012123
58.75340672,0.164877553,1.144653842,0.430839284,0.054169445
58.75804539,0.159788198,1.141013338,0.441655649,0.048584509
58.76268406,0.162130917,1.139557136,0.466893835,0.049685764
58.76732273,0.167462623,1.142145939,0.475006109,0.056135972
58.7719614,0.162050134,1.140366137,0.423628374,0.051652291
58.77660007,0.159384281,1.137372834,0.444359741,0.048584509
58.78123874,0.165119904,1.138424535,0.484019747,0.052438902
58.78587741,0.166008521,1.139799836,0.439852922,0.054956056
58.79051608,0.159707414,1.136078432,0.434444739,0.048899153
58.79515475,0.160111332,1.134460431,0.455176106,0.049056476
58.79979342,0.166897139,1.137291934,0.484921111,0.0552707
58.80443209,0.1622117,1.137049233,0.421825646,0.052674885
58.80907076,0.158818797,1.134541331,0.443458377,0.048348526
58.81370943,0.162777184,1.135188531,0.477710201,0.051023002
58.8183481,0.166654788,1.138829035,0.456978834,0.055821328
58.82298677,0.159788198,1.136725633,0.42993792,0.049921747
58.82762544,0.159303497,1.136321133,0.450669287,0.048584509
58.83226411,0.165523821,1.140123437,0.493934749,0.054248106
58.83690278,0.163504235,1.14327854,0.430839284,0.054012123
58.84154145,0.158576447,1.142550439,0.446162468,0.048505848
58.84618012,0.161242299,1.145705543,0.475006109,0.049921747
58.85081879,0.166816355,1.154200052,0.483118383,0.055899989
58.85545746,0.160596032,1.161481059,0.439852922,0.051337647
58.86009613,0.159222714,1.169409268,0.465992472,0.048427187
58.8647348,0.165523821,1.182110581,0.511962024,0.052753546
58.86937347,0.166250871,1.192223092,0.462387016,0.054877395
58.87401214,0.160434465,1.195054595,0.457880198,0.048977814
58.87865081,0.161565433,1.196187196,0.476808837,0.049135137
58.88328948,0.16835124,1.1998277,0.498441568,0.055428023
58.88792815,0.163261885,1.197886098,0.432642012,0.052438902
58.89256682,0.159949765,1.193032093,0.451570651,0.048505848
58.89720549,0.164150503,1.19052419,0.484921111,0.051416308
58.90184416,0.167301056,1.190928691,0.45607747,0.055899989
58.90648283,0.160434465,1.185184785,0.431740648,0.049843086
58.9111215,0.159949765,1.18065438,0.450669287,0.048820492
58.91576017,0.166412438,1.180330779,0.491230657,0.054405429
58.92039884,0.163261885,1.178227377,0.424529738,0.053540157
58.92503751,0.158818797,1.172726171,0.439852922,0.04866317
58.92967618,0.161888567,1.170299169,0.467795199,0.050157731
58.93431485,0.166735572,1.172159871,0.466893835,0.056450617
58.93895352,0.160596032,1.168600267,0.421825646,0.051023002
58.94359219,0.158738013,1.163988962,0.443458377,0.048741831
58.94823086,0.164715986,1.164150762,0.486723839,0.05306819
58.95286953,0.164715986,1.164312562,0.433543375,0.055192039
58.9575082,0.158818797,1.159620357,0.435346103,0.049135137
58.96214687,0.160515249,1.157516955,0.458781561,0.049135137
58.96678554,0.166977922,1.160024858,0.481315656,0.055585345
58.97142421,0.161242299,1.158083256,0.420924282,0.052124257
58.97606288,0.158495663,1.154038251,0.442557013,0.048427187
58.98070155,0.163261885,1.154847252,0.480414292,0.051652291
58.98534022,0.165846954,1.157031555,0.450669287,0.055585345
58.98997889,0.159545848,1.154685452,0.431740648,0.049685764
58.99461756,0.159545848,1.15282475,0.453373379,0.048584509
58.99925623,0.166250871,1.156222554,0.493033385,0.05448409
59.0038949,0.162857968,1.156950655,0.428135193,0.053382835
59.00853357,0.158980364,1.154685452,0.446162468,0.048427187
59.01317224,0.161888567,1.155089953,0.475907473,0.050472375
59.01781091,0.166977922,1.158325956,0.470499291,0.055899989
59.02244958,0.160272898,1.156222554,0.42993792,0.050551036
59.02708825,0.159061147,1.153552851,0.449767924,0.048191204
59.03172692,0.16528147,1.155656253,0.493033385,0.053146851
59.03636559,0.164715986,1.157112455,0.438050194,0.054562751
59.04100426,0.159222714,1.154200052,0.442557013,0.048820492
59.04564293,0.160515249,1.15266295,0.465992472,0.049292459
59.0502816,0.167301056,1.156707954,0.484921111,0.055585345
59.05492027,0.161646217,1.157031555,0.429036557,0.051730952
59.05955894,0.158980364,1.155898953,0.453373379,0.04866317
59.06419761,0.164231286,1.160348458,0.493934749,0.051966935
59.06883628,0.166735572,1.167305866,0.461485653,0.055742667
59.07347495,0.160434465,1.168681167,0.447063832,0.049213798
59.07811362,0.160999949,1.169975568,0.466893835,0.048505848
59.08275229,0.167704973,1.175234074,0.504751114,0.054562751
59.08739096,0.164231286,1.177256576,0.439852922,0.052832207
59.09202963,0.160111332,1.176932976,0.457880198,0.048269865
59.0966683,0.163665802,1.179440878,0.48942793,0.050315053
59.10130697,0.168432024,1.186560086,0.480414292,0.055506684
59.10594564,0.163181101,1.19068599,0.455176106,0.050236392
59.11058431,0.163423452,1.2001513,0.493934749,0.048269865
59.11522298,0.17117866,1.215765017,0.54891794,0.053461496
59.11986165,0.171744144,1.230488833,0.49663884,0.05448409
59.12450032,0.168270457,1.235828238,0.501145659,0.048820492
59.12913899,0.171097877,1.238659741,0.514666116,0.049607103
59.13377766,0.178449168,1.241329444,0.520074299,0.055821328
59.13841633,0.174652347,1.238012541,0.456978834,0.05157363
59.143055,0.174813914,1.232592235,0.474104746,0.048505848
59.14769367,0.182084422,1.231459634,0.511060661,0.052202919
59.15233234,0.186365943,1.231378733,0.468696563,0.055742667
59.15697101,0.183538523,1.225392127,0.456978834,0.049449781
59.16160968,0.187416127,1.219890921,0.475907473,0.049135137
59.16624835,0.197594838,1.219648221,0.508356569,0.055349362
59.17088702,0.196059953,1.216735818,0.441655649,0.053146851
59.17552569,0.194201934,1.210506511,0.459682925,0.048741831
59.18016436,0.198402672,1.208241309,0.48942793,0.051180325
59.18480303,0.202522627,1.20888851,0.472302018,0.056214633
59.1894417,0.19622152,1.203549104,0.438050194,0.050393714
59.19408037,0.194525068,1.198371498,0.456978834,0.048741831
59.19871904,0.199614424,1.198614199,0.500244295,0.053697479
59.20335771,0.197675621,1.1994232,0.439852922,0.05448409
59.20799638,0.191455298,1.195459095,0.451570651,0.048977814
59.21263505,0.192424699,1.194488294,0.476808837,0.049843086
59.21727372,0.197029354,1.198047898,0.487625202,0.056293294
59.22191239,0.190001197,1.196348996,0.436247467,0.05157363
59.22655106,0.18725456,1.194164694,0.458781561,0.048427187
59.23118973,0.190970598,1.196025396,0.498441568,0.052596224
59.2358284,0.191293731,1.198047898,0.454274742,0.055585345
59.24046707,0.183861657,1.194569194,0.447063832,0.049135137
59.24510574,0.183780873,1.193517493,0.468696563,0.049056476
59.24974441,0.189758846,1.196672597,0.500244295,0.055192039
59.25438308,0.184023224,1.196996197,0.435346103,0.052674885
59.25902175,0.179822486,1.195378195,0.45607747,0.04866317
59.26366042,0.182892256,1.197077097,0.48942793,0.051258986
59.26829909,0.185477325,1.202092902,0.470499291,0.056450617
59.27293776,0.178045251,1.201850202,0.442557013,0.050157731
59.27757643,0.176671932,1.202821003,0.465992472,0.04866317
59.2822151,0.182569122,1.210991912,0.511962024,0.054248106
59.28685377,0.179822486,1.219405521,0.450669287,0.05448409
59.29149244,0.174329213,1.222398824,0.465091108,0.048899153
59.29613111,0.175944882,1.223935926,0.488526566,0.049921747
59.30076978,0.181195804,1.227495529,0.490329294,0.056293294
59.30540845,0.174652347,1.224583126,0.437148831,0.051180325
59.31004712,0.171905711,1.219810021,0.45607747,0.048584509
59.31468579,0.177156633,1.21859652,0.495737476,0.052989529
59.31932446,0.177398983,1.217787519,0.445261105,0.055113378
59.32396313,0.170774743,1.211477312,0.439852922,0.049135137
59.3286018,0.171582577,1.207513208,0.461485653,0.049292459
59.33324047,0.177722117,1.207998609,0.488526566,0.055664006
59.33787914,0.171986494,1.205248006,0.425431101,0.052517563
59.34251781,0.168270457,1.1998277,0.447063832,0.048269865
59.34715648,0.172228844,1.198209698,0.48221702,0.051258986
59.35179515,0.174975481,1.199261399,0.457880198,0.055821328
59.35643382,0.168028107,1.195378195,0.432642012,0.050000408
59.36107249,0.167220272,1.191171391,0.451570651,0.048977814
59.36571116,0.173602163,1.190847791,0.493033385,0.05448409
59.37034983,0.170290042,1.189310689,0.427233829,0.054169445
59.3749885,0.164877553,1.183890383,0.442557013,0.048741831
59.37962717,0.167462623,1.18113978,0.470499291,0.05007907
59.38426584,0.172551978,1.183081382,0.471400654,0.056057311
59.38890451,0.165846954,1.178955478,0.425431101,0.051023002
59.39354318,0.164312069,1.175962175,0.447965196,0.048741831
59.39818185,0.170128476,1.178227377,0.493033385,0.05306819
59.40282052,0.169805342,1.180249879,0.442557013,0.055349362
59.40745919,0.163827369,1.177903777,0.443458377,0.04937112
59.41209786,0.165200687,1.176771176,0.465992472,0.049764425
59.41673653,0.171986494,1.179036378,0.48942793,0.055899989
59.4213752,0.166412438,1.177337476,0.426332465,0.052753546
59.42601387,0.163181101,1.172807071,0.447965196,0.048899153
59.43065254,0.167543406,1.17167447,0.484019747,0.051966935
59.43529121,0.170128476,1.172887971,0.453373379,0.056371956
59.43992988,0.163585019,1.168357567,0.432642012,0.050551036
59.44456855,0.163261885,1.164717063,0.452472015,0.049292459
59.44920722,0.169724558,1.166011464,0.492132021,0.055113378
59.45384589,0.166089305,1.165687864,0.426332465,0.054090784
59.45848456,0.161646217,1.16180466,0.442557013,0.049449781
59.46312323,0.164635203,1.160995659,0.472302018,0.051101663
59.4677619,0.169482208,1.163584462,0.467795199,0.056450617
59.47240057,0.162938751,1.160429358,0.425431101,0.051023002
59.47703924,0.161242299,1.157597855,0.447063832,0.048741831
59.48167791,0.167462623,1.158164156,0.491230657,0.053225513
59.48631658,0.166897139,1.158730456,0.435346103,0.055113378
59.49095525,0.161242299,1.155009052,0.439852922,0.049292459
59.49559392,0.162777184,1.153310151,0.46328838,0.049685764
59.50023259,0.169078291,1.155979854,0.48221702,0.056057311
59.50487126,0.163181101,1.154361852,0.423628374,0.052360241
59.50950993,0.160676815,1.151125848,0.446162468,0.049135137
59.5141486,0.165523821,1.151449449,0.484019747,0.052832207
59.51878727,0.16786654,1.153714651,0.449767924,0.056371956
59.52342594,0.160999949,1.149831447,0.432642012,0.050157731
59.52806461,0.161161516,1.146838144,0.453373379,0.049607103
59.53270328,0.168189673,1.148860646,0.491230657,0.055428023
59.53734195,0.164312069,1.148860646,0.426332465,0.053933462
59.54198062,0.160353682,1.147080844,0.445261105,0.048977814
59.54661929,0.163342668,1.146595444,0.475907473,0.050944341
59.55125796,0.16786654,1.149346046,0.465992472,0.056607939
59.55589663,0.160999949,1.146514543,0.427233829,0.05086568
59.5605353,0.160272898,1.144006641,0.44886656,0.048820492
59.56517397,0.166493222,1.146352743,0.492132021,0.053854801
59.56981264,0.16528147,1.147889845,0.432642012,0.055192039
59.57445131,0.159626631,1.144330241,0.439852922,0.04937112
59.57908998,0.161403866,1.142550439,0.464189744,0.050157731
59.58372865,0.16762419,1.145301042,0.479512928,0.0566866
59.58836732,0.162454051,1.144330241,0.423628374,0.05228158
59.59300599,0.159868981,1.141903239,0.446162468,0.048977814
59.59764466,0.164958337,1.14352124,0.485822475,0.052674885
59.60228333,0.166816355,1.146190943,0.447063832,0.056057311
59.606922,0.160272898,1.14319764,0.435346103,0.050000408
59.61156067,0.160596032,1.142226839,0.45607747,0.049135137
59.61619934,0.167220272,1.144734742,0.491230657,0.055664006
59.62083801,0.163423452,1.145139242,0.426332465,0.053618818
59.62547668,0.159465064,1.141822339,0.445261105,0.049292459
59.63011535,0.163019535,1.141660538,0.478611565,0.051494969
59.63475402,0.166897139,1.144815642,0.464189744,0.056607939
59.63939269,0.160272898,1.14311674,0.430839284,0.051180325
59.64403136,0.159788198,1.142469539,0.451570651,0.049056476
59.64867003,0.166250871,1.14352124,0.494836113,0.054248106
59.6533087,0.16479677,1.145058342,0.433543375,0.054720073
59.65794737,0.159465064,1.141903239,0.442557013,0.049056476
59.66258604,0.161403866,1.140689737,0.468696563,0.050157731
59.66722471,0.167462623,1.143763941,0.479512928,0.056293294
59.67186338,0.161323083,1.142469539,0.426332465,0.051888274
59.67650205,0.159061147,1.139961637,0.44886656,0.048584509
59.68114072,0.164715986,1.141660538,0.488526566,0.052674885
59.68577939,0.165604604,1.14344034,0.445261105,0.055742667
59.69041806,0.159626631,1.141013338,0.437148831,0.049528442
59.69505673,0.160434465,1.139557136,0.456978834,0.048977814
59.6996954,0.166897139,1.14287404,0.490329294,0.055506684
59.70433407,0.162615618,1.14368304,0.428135193,0.05306819
59.70897274,0.159222714,1.141498738,0.450669287,0.048741831
59.71361141,0.162938751,1.142065039,0.484921111,0.051416308
59.71825008,0.166977922,1.145705543,0.465992472,0.056293294
59.72288875,0.160030548,1.144087541,0.435346103,0.050472375
59.72752742,0.159061147,1.142226839,0.455176106,0.048977814
59.73216609,0.166008521,1.145543742,0.497540204,0.054012123
59.73680476,0.164150503,1.147080844,0.433543375,0.054326768
59.74144343,0.159061147,1.143925741,0.445261105,0.049685764
59.7460821,0.161565433,1.143763941,0.470499291,0.050551036
59.75072077,0.167301056,1.147647145,0.477710201,0.056450617
59.75535944,0.160919166,1.146110043,0.428135193,0.051494969
59.75999811,0.158738013,1.14352124,0.449767924,0.048899153
59.76463678,0.164715986,1.145139242,0.490329294,0.052832207
59.76927545,0.165200687,1.147242644,0.443458377,0.055664006
59.77391412,0.159303497,1.14327854,0.438951558,0.049449781
59.77855279,0.160272898,1.141013338,0.459682925,0.049449781
59.78319146,0.166897139,1.14368304,0.488526566,0.055664006
59.78783013,0.1622117,1.142307739,0.426332465,0.052832207
59.7924688,0.15841488,1.139718936,0.447063832,0.048741831
59.79710747,0.162615618,1.140447037,0.483118383,0.051416308
59.80174614,0.166170088,1.14279314,0.459682925,0.05597865
59.80638481,0.160111332,1.139961637,0.432642012,0.050393714
59.81102348,0.159303497,1.138181835,0.451570651,0.049213798
59.81566215,0.166089305,1.140689737,0.494836113,0.054405429
59.82030082,0.163504235,1.141903239,0.42993792,0.054090784
59.82493949,0.158738013,1.138505435,0.445261105,0.048741831
59.82957816,0.161565433,1.138424535,0.473203382,0.050393714
59.83421683,0.166897139,1.141256038,0.475006109,0.056371956
59.8388555,0.160676815,1.140447037,0.429036557,0.051494969
59.84349417,0.158738013,1.138020034,0.451570651,0.048899153
59.84813284,0.164958337,1.140123437,0.493934749,0.053304174
59.85277151,0.16503912,1.142145939,0.443458377,0.055664006
59.85741018,0.15889958,1.139233536,0.441655649,0.049607103
59.86204885,0.160111332,1.138181835,0.46328838,0.04937112
59.86668752,0.166654788,1.141498738,0.48942793,0.055821328
59.87132619,0.16148465,1.141822339,0.429036557,0.052517563
59.87596486,0.15865723,1.138909935,0.450669287,0.048820492
59.88060353,0.162938751,1.139880736,0.486723839,0.051730952
59.8852422,0.166089305,1.14303584,0.457880198,0.056214633
59.88988087,0.159707414,1.140447037,0.437148831,0.05007907
59.89451954,0.159061147,1.138667235,0.45607747,0.048820492
59.89915821,0.166170088,1.141660538,0.499342932,0.054641412
59.90379688,0.163423452,1.142631339,0.432642012,0.053933462
59.90843555,0.159061147,1.139799836,0.44886656,0.048899153
59.91307422,0.161727,1.139799836,0.478611565,0.050944341
59.91771289,0.167139489,1.143763941,0.476808837,0.056529278
59.92235156,0.160111332,1.142550439,0.432642012,0.051101663
59.92699023,0.158980364,1.140932438,0.453373379,0.049213798
59.9316289,0.164958337,1.14327854,0.495737476,0.05377614
59.93626757,0.164877553,1.145624643,0.442557013,0.0552707
59.94090624,0.159222714,1.14279314,0.443458377,0.04937112
59.94554491,0.160919166,1.142631339,0.466893835,0.050000408
59.95018358,0.167462623,1.146433643,0.488526566,0.056057311
59.95482225,0.16196935,1.145462842,0.429036557,0.052438902
59.95946092,0.159303497,1.144168441,0.450669287,0.048820492
59.96409959,0.163827369,1.146595444,0.48942793,0.052124257
59.96873826,0.166412438,1.150155047,0.45607747,0.056293294
59.97337693,0.160030548,1.148294345,0.438951558,0.05007907
59.9780156,0.159868981,1.147404444,0.459682925,0.04937112
59.98265427,0.166897139,1.151611249,0.498441568,0.055113378
59.98729294,0.163261885,1.154604552,0.434444739,0.053854801
59.99193161,0.159303497,1.154038251,0.453373379,0.048899153
59.99657028,0.162534834,1.155656253,0.483118383,0.050787019
60.00120895,0.167543406,1.160752959,0.476808837,0.056607939
60.00584762,0.160838382,1.160186658,0.438050194,0.050787019
60.01048629,0.159707414,1.159134957,0.458781561,0.048899153
60.01512496,0.166089305,1.163422661,0.501145659,0.053618818
60.01976363,0.165604604,1.167063165,0.446162468,0.054877395
60.0244023,0.160272898,1.166415965,0.451570651,0.049135137
60.02904097,0.16196935,1.168195766,0.475006109,0.049764425
60.03367964,0.168189673,1.174425073,0.493934749,0.056057311
60.03831831,0.162615618,1.176366675,0.437148831,0.052045596
60.04295698,0.159788198,1.177013876,0.457880198,0.048899153
60.04759565,0.165200687,1.182191481,0.498441568,0.052596224
60.05223432,0.167139489,1.189391589,0.464189744,0.055821328
60.05687299,0.160919166,1.191899492,0.452472015,0.049607103
60.06151166,0.161403866,1.196834397,0.476808837,0.048977814
60.06615033,0.168270457,1.208403109,0.517370207,0.0552707
60.070789,0.164958337,1.218030219,0.45607747,0.053618818
60.07542767,0.161727,1.225715727,0.478611565,0.048977814
60.08006634,0.165200687,1.236151839,0.513764752,0.051180325
60.08470501,0.170290042,1.250875654,0.505652478,0.056450617
60.08934368,0.163908152,1.259612863,0.473203382,0.050787019
60.09398235,0.163585019,1.269482674,0.495737476,0.048977814
60.09862102,0.170047692,1.286228992,0.541707029,0.054169445
60.10325969,0.168755157,1.302813509,0.484921111,0.054956056
60.10789836,0.164069719,1.314139521,0.497540204,0.049292459
60.11253703,0.166816355,1.328863337,0.526383845,0.050315053
60.1171757,0.172875112,1.351353561,0.545312484,0.056529278
60.12181437,0.168028107,1.374005585,0.498441568,0.052124257
60.12645304,0.16528147,1.401107114,0.529087936,0.049213798
60.13109171,0.171582577,1.432253647,0.574156125,0.052910868
60.13573038,0.173763729,1.465665382,0.541707029,0.056057311
60.14036905,0.16786654,1.497297316,0.541707029,0.049764425
60.14500772,0.168755157,1.529171949,0.571452034,0.04937112
60.14964639,0.176591149,1.574233297,0.621928406,0.055585345
60.15428506,0.172471195,1.630458857,0.582268399,0.053225513
60.15892373,0.170209259,1.720824253,0.657081593,0.048584509
60.1635624,0.174329213,1.877446819,0.776962976,0.051023002
60.16820107,0.181195804,2.094178149,0.867099355,0.056371956
60.17283974,0.176348799,2.339143608,0.938307093,0.050708358
60.17747841,0.179095435,2.615012901,1.052780294,0.048899153
60.18211708,0.187335344,2.894684498,1.168154858,0.054326768
60.18675575,0.188143178,3.141106159,1.12579076,0.054720073
60.19139442,0.184023224,3.337369767,1.104158029,0.049135137
60.19603309,0.187658477,3.468185206,1.058188476,0.050315053
60.20067176,0.192828616,3.529588371,0.969854826,0.0566866
60.20531043,0.186608293,3.529831071,0.821129802,0.051966935
60.2099491,0.184346357,3.49107993,0.759837064,0.049056476
60.21458777,0.189112579,3.436553272,0.732796151,0.053304174
60.21922644,0.189112579,3.373532106,0.631843407,0.056135972
60.22386511,0.182245988,3.299265827,0.584071127,0.050000408
60.22850378,0.182003638,3.224028747,0.574156125,0.049685764
60.23314245,0.188708662,3.152674871,0.584071127,0.055664006
60.23778112,0.18345774,3.077842292,0.504751114,0.053146851
60.24241979,0.178853085,3.00074451,0.510159297,0.049135137
60.24705846,0.182003638,2.928015333,0.5299893,0.051730952
60.25169713,0.185073408,2.85965476,0.497540204,0.057001244
60.2563358,0.178126034,2.787815484,0.46328838,0.051023002
60.26097447,0.177398983,2.718807711,0.476808837,0.049528442
60.26561314,0.182973039,2.656514645,0.51556748,0.054798734
60.27025181,0.179741702,2.59551598,0.447965196,0.054562751
60.27489048,0.17449078,2.533627415,0.457880198,0.049292459
60.27952915,0.176429582,2.475298453,0.481315656,0.050944341
60.28416782,0.181195804,2.423926898,0.483118383,0.056843922
60.28880649,0.174571564,2.370532842,0.435346103,0.051730952
60.29344516,0.172309628,2.317057885,0.455176106,0.049213798
60.29808383,0.1778029,2.270216735,0.495737476,0.053382835
60.3027225,0.177398983,2.225478988,0.446162468,0.055821328
60.30736117,0.17093631,2.177828837,0.442557013,0.049764425
60.31199984,0.171582577,2.134061891,0.46328838,0.049764425
60.31663851,0.1773182,2.09539165,0.488526566,0.055821328
60.32127718,0.172228844,2.055346107,0.427233829,0.052832207
60.32591585,0.168512807,2.014734264,0.447965196,0.048741831
60.33055452,0.172390411,1.979057327,0.484019747,0.051888274
60.33519319,0.175137048,1.947101793,0.457880198,0.056135972
60.33983186,0.167947323,1.911748455,0.435346103,0.050157731
60.34447053,0.167543406,1.877204118,0.454274742,0.049135137
60.3491092,0.174167646,1.849212689,0.495737476,0.054798734
60.35374787,0.171017093,1.82170666,0.430839284,0.054169445
60.35838654,0.166089305,1.791450028,0.447965196,0.049056476
60.36302521,0.169078291,1.764510299,0.474104746,0.050708358
60.36766388,0.173521379,1.742100975,0.474104746,0.056765261
60.37230255,0.166897139,1.715970247,0.42993792,0.051494969
60.37694122,0.165200687,1.68983952,0.451570651,0.049056476
60.38157989,0.170774743,1.669209998,0.493033385,0.053854801
60.38621856,0.170532393,1.649146777,0.439852922,0.055821328
60.39085723,0.164231286,1.624957651,0.440754286,0.050000408
60.3954959,0.165604604,1.604409029,0.46328838,0.050000408
60.40013457,0.171501794,1.588390812,0.485822475,0.056450617
60.40477324,0.166170088,1.569136592,0.425431101,0.052989529
60.40941191,0.162777184,1.549154271,0.447965196,0.049213798
60.41405058,0.167543406,1.532893353,0.484921111,0.052360241
60.41868925,0.169401425,1.519383039,0.453373379,0.056450617
60.42332792,0.162777184,1.501018719,0.434444739,0.050315053
60.42796659,0.162777184,1.484757802,0.454274742,0.049528442
60.43260526,0.169401425,1.473917191,0.494836113,0.055113378
60.43724393,0.165927738,1.460487776,0.429036557,0.054012123
60.4418826,0.161323083,1.444065059,0.446162468,0.048977814
60.44652127,0.164392853,1.432010946,0.475907473,0.050787019
60.45115994,0.169078291,1.423759138,0.470499291,0.056529278
60.45579861,0.162534834,1.410653324,0.430839284,0.051101663
60.46043728,0.16148465,1.397143009,0.452472015,0.049135137
60.46507595,0.167785756,1.390023802,0.495737476,0.053933462
60.46971462,0.166977922,1.382419194,0.441655649,0.055349362
60.47435329,0.160676815,1.36996058,0.447965196,0.049685764
60.47899196,0.162777184,1.361142471,0.470499291,0.050157731
60.48363063,0.169239858,1.356288466,0.488526566,0.056293294
60.4882693,0.162938751,1.347389457,0.430839284,0.052360241
60.49290797,0.160272898,1.337196046,0.452472015,0.049056476
60.49754664,0.165443037,1.330319538,0.48942793,0.052360241
60.50218531,0.167301056,1.325465533,0.453373379,0.056450617
60.50682398,0.160676815,1.315595723,0.438951558,0.050236392
60.51146265,0.160999949,1.307263014,0.459682925,0.049449781
60.51610132,0.16786654,1.30362251,0.49663884,0.055506684
60.52073999,0.164231286,1.297797704,0.42993792,0.053854801
60.52537866,0.159788198,1.288898695,0.449767924,0.049056476
60.53001733,0.163261885,1.283559289,0.479512928,0.051101663
60.534656,0.16786654,1.281051386,0.467795199,0.056922583
60.53929467,0.161403866,1.273042278,0.430839284,0.051180325
60.54393334,0.159868981,1.26616577,0.451570651,0.049135137
60.54857201,0.166008521,1.263415167,0.494836113,0.054012123
60.55321068,0.164877553,1.259289263,0.436247467,0.055034717
60.55784935,0.159707414,1.251765555,0.443458377,0.049449781
60.56248802,0.161888567,1.24699245,0.467795199,0.050393714
60.56712669,0.16762419,1.24650705,0.481315656,0.056922583
60.57176536,0.16196935,1.241895745,0.427233829,0.05228158
60.57640403,0.159222714,1.236232739,0.449767924,0.04866317
60.5810427,0.16455442,1.234695637,0.490329294,0.052517563
60.58568137,0.166170088,1.235504638,0.452472015,0.055899989
60.59032004,0.159788198,1.232834935,0.442557013,0.05007907
60.59495871,0.160353682,1.230812433,0.465091108,0.049607103
60.59959738,0.167220272,1.233239435,0.499342932,0.055821328
60.60423605,0.163181101,1.232511335,0.434444739,0.053618818
60.60887472,0.159303497,1.226767429,0.453373379,0.049292459
60.61351339,0.163100318,1.224502226,0.484921111,0.051258986
60.61815206,0.167139489,1.224340426,0.467795199,0.057079905
60.62279073,0.160596032,1.219324621,0.434444739,0.051101663
60.6274294,0.159465064,1.213499815,0.454274742,0.049213798
60.63206807,0.166250871,1.212933514,0.49663884,0.054326768
60.63670674,0.164312069,1.210991912,0.434444739,0.055113378
60.64134541,0.159061147,1.205733406,0.446162468,0.049449781
60.64598408,0.161565433,1.203387304,0.470499291,0.050315053
60.65062275,0.167462623,1.204519905,0.480414292,0.0566866
60.65526142,0.161080733,1.200879401,0.428135193,0.051888274
60.65990009,0.159141931,1.196915297,0.451570651,0.048977814
60.66453876,0.164473636,1.196025396,0.492132021,0.052989529
60.66917743,0.165523821,1.196106296,0.447965196,0.056293294
60.6738161,0.159222714,1.191656791,0.440754286,0.050000408
60.67845477,0.160111332,1.188582588,0.461485653,0.049685764
60.68309344,0.166897139,1.19028149,0.493033385,0.056135972
60.68773211,0.162615618,1.188420788,0.428135193,0.053382835
60.69237078,0.158818797,1.184213983,0.447965196,0.04937112
60.69700945,0.163261885,1.183809483,0.48221702,0.052045596
60.70164812,0.166735572,1.185427485,0.461485653,0.056922583
60.70628679,0.159949765,1.18097798,0.432642012,0.050708358
60.71092546,0.159303497,1.176932976,0.453373379,0.04937112
60.71556413,0.165927738,1.178389177,0.495737476,0.054641412
60.7202028,0.163665802,1.177580176,0.431740648,0.055034717
60.72484147,0.158818797,1.173292472,0.443458377,0.049685764
60.72948014,0.16196935,1.17135087,0.469597927,0.050787019
60.73411881,0.167462623,1.173535172,0.475006109,0.057158566
60.73875748,0.160838382,1.170460969,0.426332465,0.05228158
60.74339615,0.159303497,1.167305866,0.447965196,0.049607103
60.74803482,0.16503912,1.167386766,0.490329294,0.053618818
60.75267349,0.165523821,1.167872166,0.441655649,0.056450617
60.75731216,0.159707414,1.164069862,0.438050194,0.050551036
60.76195083,0.160272898,1.16180466,0.461485653,0.050629697
60.7665895,0.166897139,1.163988962,0.48942793,0.056843922
60.77122817,0.162130917,1.16180466,0.427233829,0.053933462
60.77586684,0.159222714,1.159054057,0.44886656,0.049764425
60.78050551,0.163019535,1.159377657,0.484019747,0.052596224
60.78514418,0.166412438,1.16180466,0.458781561,0.057315888
60.78978285,0.159788198,1.159620357,0.434444739,0.051652291
60.79442152,0.159384281,1.157355155,0.453373379,0.050157731
60.79906019,0.166089305,1.158568656,0.495737476,0.055742667
60.80369886,0.163423452,1.159215857,0.42993792,0.0552707
60.80833753,0.158980364,1.155170853,0.447063832,0.050157731
60.8129762,0.16196935,1.154280952,0.475006109,0.051337647
60.81761487,0.167704973,1.157759655,0.475907473,0.057394549
60.82225354,0.162777184,1.155818053,0.433543375,0.052360241
60.82689221,0.162938751,1.15274385,0.456978834,0.049764425
60.83153088,0.169320641,1.155009052,0.498441568,0.054248106
60.83616955,0.169320641,1.156546154,0.446162468,0.056450617
60.84080822,0.163585019,1.153714651,0.444359741,0.050236392
60.84544689,0.164715986,1.15282475,0.466893835,0.050472375
60.85008556,0.171017093,1.156627054,0.490329294,0.056607939
60.85472423,0.165927738,1.156384354,0.42993792,0.053225513
60.8593629,0.162615618,1.154280952,0.451570651,0.049449781
60.86400157,0.167058706,1.157031555,0.48942793,0.052438902
60.86864024,0.169239858,1.16204736,0.459682925,0.0566866
60.87327891,0.162938751,1.160914759,0.439852922,0.050629697
60.87791758,0.162938751,1.160591158,0.459682925,0.049607103
60.88255625,0.169724558,1.165121563,0.500244295,0.055349362
60.88719492,0.166331655,1.166254164,0.432642012,0.054326768
60.89183359,0.16148465,1.163260861,0.44886656,0.049607103
60.89647226,0.164635203,1.163099061,0.477710201,0.051258986
60.90111093,0.169159074,1.165768764,0.472302018,0.057158566
60.9057496,0.162373267,1.164150762,0.42993792,0.051966935
60.91038827,0.161080733,1.161319259,0.451570651,0.049449781
60.91502694,0.167058706,1.163341761,0.494836113,0.054090784
60.91966561,0.166331655,1.164636163,0.439852922,0.055899989
60.92430428,0.160838382,1.16172376,0.443458377,0.05007907
60.92894295,0.162130917,1.160752959,0.466893835,0.050472375
60.93358162,0.168512807,1.164717063,0.487625202,0.0566866
60.93822029,0.163261885,1.163584462,0.429036557,0.052910868
60.94285896,0.160111332,1.160105758,0.451570651,0.049528442
60.94749763,0.16503912,1.16188556,0.490329294,0.052832207
60.9521363,0.167381839,1.164393462,0.45607747,0.056607939
60.95677497,0.160999949,1.161561959,0.438951558,0.050472375
60.96141364,0.161323083,1.159620357,0.458781561,0.049764425
60.96605231,0.16786654,1.163018161,0.497540204,0.055821328
60.97069098,0.164231286,1.163584462,0.430839284,0.054326768
60.97532965,0.159707414,1.159782158,0.44886656,0.049764425
60.97996832,0.162938751,1.159539457,0.480414292,0.05157363
60.98460699,0.167543406,1.162775461,0.471400654,0.056843922
60.98924566,0.161403866,1.160995659,0.431740648,0.051416308
60.99388433,0.160272898,1.158892257,0.452472015,0.049292459
60.998523,0.166574005,1.161319259,0.49663884,0.054169445
61.00316167,0.165443037,1.163260861,0.438050194,0.055428023
61.00780034,0.160272898,1.160267558,0.445261105,0.049764425
61.01243901,0.162130917,1.159539457,0.469597927,0.050551036
61.01707768,0.16810889,1.163179961,0.486723839,0.056765261
61.02171635,0.162615618,1.16172376,0.430839284,0.052596224
61.02635502,0.159868981,1.159701257,0.452472015,0.04937112
61.03099369,0.16479677,1.161076559,0.490329294,0.053225513
61.03563236,0.166412438,1.163584462,0.451570651,0.056922583
61.04027103,0.159949765,1.160024858,0.438951558,0.050315053
61.0449097,0.160838382,1.158245056,0.458781561,0.049607103
61.04954837,0.166897139,1.160105758,0.493934749,0.055742667
61.05418704,0.163585019,1.160429358,0.429036557,0.05377614
61.05882571,0.159788198,1.156950655,0.44886656,0.049213798
61.06346438,0.163423452,1.157193355,0.480414292,0.051416308
61.06810305,0.167139489,1.160510258,0.467795199,0.056765261
61.07274172,0.160596032,1.157840555,0.432642012,0.050944341
61.07738039,0.160030548,1.155656253,0.453373379,0.049135137
61.08201906,0.166574005,1.157516955,0.497540204,0.054326768
61.08665773,0.165200687,1.158730456,0.436247467,0.055113378
61.0912964,0.159868981,1.155979854,0.446162468,0.049292459
61.09593507,0.161565433,1.155089953,0.470499291,0.050393714
61.10057374,0.167462623,1.158730456,0.48221702,0.056607939
61.10521241,0.161403866,1.157759655,0.42993792,0.052517563
61.10985108,0.159465064,1.154280952,0.452472015,0.049292459
61.11448975,0.164877553,1.156141654,0.493033385,0.05306819
61.11912842,0.166170088,1.158487756,0.449767924,0.056135972
61.12376709,0.160192115,1.155413553,0.441655649,0.049921747
61.12840576,0.160434465,1.153714651,0.46328838,0.049607103
61.13304443,0.167381839,1.156465254,0.495737476,0.05597865
61.1376831,0.162938751,1.156707954,0.430839284,0.053697479
61.14232177,0.159303497,1.154038251,0.450669287,0.049292459
61.14696044,0.163423452,1.154361852,0.483118383,0.052045596
61.15159911,0.167139489,1.156788854,0.464189744,0.056922583
61.15623778,0.160272898,1.154280952,0.433543375,0.050944341
61.16087645,0.160030548,1.151773049,0.453373379,0.049135137
61.16551512,0.166493222,1.153471951,0.497540204,0.05448409
61.17015379,0.16455442,1.154847252,0.434444739,0.054956056
61.17479246,0.159465064,1.151287649,0.447965196,0.049449781
61.17943113,0.161807783,1.150397748,0.473203382,0.050708358
61.1840698,0.16762419,1.153633751,0.48221702,0.056529278
61.18870847,0.161565433,1.152177549,0.434444739,0.051888274
61.19334714,0.159465064,1.149831447,0.457880198,0.048977814
61.19798581,0.164877553,1.151611249,0.500244295,0.053225513
61.20262448,0.165604604,1.153795551,0.452472015,0.056214633
61.20726315,0.159384281,1.150883148,0.447965196,0.050000408
61.21190182,0.160353682,1.151287649,0.469597927,0.050000408
61.21654049,0.166816355,1.155009052,0.499342932,0.056293294
61.22117916,0.162534834,1.155656253,0.436247467,0.053382835
61.22581783,0.159222714,1.153957351,0.457880198,0.049292459
61.2304565,0.163423452,1.157031555,0.493033385,0.052045596
61.23509517,0.166897139,1.16253276,0.472302018,0.056843922
61.23973384,0.161161516,1.164959763,0.453373379,0.050551036
61.24437251,0.16196935,1.17135087,0.481315656,0.04937112
61.24901118,0.168916724,1.18065438,0.527285209,0.055113378
61.25364985,0.166735572,1.185103884,0.457880198,0.054641412
61.25828852,0.161888567,1.183324083,0.467795199,0.04937112
61.26292719,0.16455442,1.182757782,0.491230657,0.050708358
61.26756586,0.169966909,1.185589285,0.491230657,0.056843922
61.27220453,0.163504235,1.183485883,0.442557013,0.051494969
61.2768432,0.161323083,1.180088079,0.461485653,0.049056476
61.28148187,0.167301056,1.18073528,0.50384975,0.053697479
61.28612054,0.167462623,1.182029681,0.451570651,0.056057311
61.29075921,0.161403866,1.178065577,0.450669287,0.049685764
61.29539788,0.162857968,1.175800375,0.471400654,0.049921747
61.30003655,0.169239858,1.177580176,0.49663884,0.056293294
61.30467522,0.163746585,1.176123975,0.435346103,0.052989529
61.30931389,0.160999949,1.172483471,0.45607747,0.04937112
61.31395256,0.165766171,1.172645271,0.493033385,0.05228158
61.31859123,0.168674374,1.175800375,0.465091108,0.056450617
61.3232299,0.161727,1.172321671,0.443458377,0.050000408
61.32786857,0.161323083,1.169813768,0.46328838,0.049292459
61.33250724,0.168270457,1.172887971,0.504751114,0.0552707
61.33714591,0.16528147,1.173696972,0.439852922,0.054248106
61.34178458,0.161161516,1.170541869,0.456978834,0.049213798
61.34642325,0.164231286,1.170622769,0.484019747,0.051023002
61.35106192,0.169078291,1.174505973,0.481315656,0.057001244
61.35570059,0.162454051,1.172321671,0.438050194,0.051730952
61.36033926,0.161161516,1.170622769,0.459682925,0.049292459
61.36497793,0.166897139,1.172726171,0.502047023,0.053933462
61.3696166,0.166493222,1.174910474,0.447965196,0.05597865
61.37425527,0.161161516,1.172968872,0.452472015,0.049528442
61.37889394,0.162373267,1.173049772,0.475006109,0.05007907
61.38353261,0.169078291,1.178308277,0.497540204,0.056607939
61.38817128,0.163827369,1.179440878,0.438951558,0.052832207
61.39280995,0.160999949,1.178712778,0.462387016,0.049135137
61.39744862,0.166008521,1.181706081,0.499342932,0.052517563
61.40208729,0.16835124,1.185589285,0.464189744,0.056607939
61.40672596,0.16196935,1.182757782,0.446162468,0.050472375
61.41136463,0.162292484,1.18113978,0.464189744,0.049449781
61.4160033,0.168997508,1.184133083,0.502047023,0.055428023
61.42064197,0.165523821,1.183566783,0.436247467,0.053933462
61.42528064,0.161323083,1.180007179,0.453373379,0.049292459
61.42991931,0.164473636,1.178874578,0.483118383,0.051023002
61.43455798,0.168512807,1.182029681,0.475006109,0.056843922
61.43919665,0.162454051,1.179683579,0.434444739,0.051416308
61.44383532,0.160999949,1.176285775,0.45607747,0.049292459
61.44847399,0.167139489,1.177903777,0.499342932,0.054012123
61.45311266,0.166250871,1.180168979,0.443458377,0.055506684
61.45775133,0.160919166,1.177337476,0.450669287,0.049764425
61.46239,0.162615618,1.177094776,0.475006109,0.05007907
61.46702867,0.168674374,1.18073528,0.493033385,0.056607939
61.47166734,0.163423452,1.18081618,0.436247467,0.052674885
61.47630601,0.161161516,1.179521778,0.458781561,0.04937112
61.48094468,0.166008521,1.181625181,0.498441568,0.052438902
61.48558335,0.167947323,1.184699384,0.460584289,0.056450617
61.49022202,0.161646217,1.182029681,0.447063832,0.05007907
61.49486069,0.162050134,1.180007179,0.465992472,0.049607103
61.49949936,0.168916724,1.182757782,0.502047023,0.055821328
61.50413803,0.16479677,1.182595982,0.434444739,0.05377614
61.5087767,0.161161516,1.179683579,0.454274742,0.049292459
61.51341537,0.164312069,1.178712778,0.484921111,0.05157363
61.51805404,0.169320641,1.182191481,0.472302018,0.056922583
61.52269271,0.162373267,1.180168979,0.437148831,0.051180325
61.52733138,0.161727,1.178389177,0.459682925,0.04937112
61.53197005,0.16810889,1.18122068,0.502948387,0.054090784
61.53660872,0.166574005,1.182919582,0.443458377,0.0552707
61.54124739,0.161888567,1.180007179,0.453373379,0.04937112
61.54588606,0.163908152,1.18049258,0.477710201,0.050236392
61.55052473,0.170047692,1.184375784,0.48942793,0.056765261
61.5551634,0.163988936,1.183728583,0.436247467,0.052045596
61.55980207,0.161727,1.181544281,0.458781561,0.048977814
61.56444074,0.167220272,1.183081382,0.498441568,0.052674885
61.56907941,0.168512807,1.185184785,0.45607747,0.056057311
61.57371808,0.1622117,1.182676882,0.447063832,0.050000408
61.57835675,0.163342668,1.182595982,0.466893835,0.049607103
61.58299542,0.170047692,1.185751085,0.501145659,0.055899989
61.58763409,0.165523821,1.186640986,0.436247467,0.05377614
61.59227276,0.161646217,1.184861184,0.456978834,0.049135137
61.59691143,0.165604604,1.186640986,0.490329294,0.051416308
61.6015501,0.169562992,1.191980392,0.475006109,0.0566866
61.60618877,0.162938751,1.190847791,0.444359741,0.050787019
61.61082744,0.162534834,1.19076689,0.465992472,0.048899153
61.61546611,0.169159074,1.195539995,0.510159297,0.054169445
61.62010478,0.167139489,1.1994232,0.447965196,0.054877395
61.62474345,0.1622117,1.201041201,0.461485653,0.049056476
61.62938212,0.16503912,1.207189608,0.490329294,0.050157731
61.63402079,0.171017093,1.219971821,0.504751114,0.056450617
61.63865946,0.165119904,1.230488833,0.461485653,0.051809613
61.64329813,0.163504235,1.243109246,0.490329294,0.049056476
61.6479368,0.169239858,1.259451063,0.536298847,0.053225513
61.65257547,0.170370826,1.27538838,0.493934749,0.055821328
61.65721414,0.164635203,1.28420649,0.486723839,0.049449781
61.66185281,0.166008521,1.291649297,0.504751114,0.049449781
61.66649148,0.172875112,1.302085408,0.532693391,0.056057311
61.67113015,0.168432024,1.306696713,0.464189744,0.053540157
61.67576882,0.165523821,1.307991115,0.480414292,0.049056476
61.68040749,0.169643775,1.309932717,0.511060661,0.051809613
61.68504616,0.173440596,1.314301321,0.486723839,0.056843922
61.68968483,0.166977922,1.313896821,0.459682925,0.050472375
61.6943235,0.166331655,1.314382222,0.477710201,0.049292459
61.69896217,0.173440596,1.320287928,0.521877026,0.054798734
61.70360084,0.171097877,1.324818333,0.457880198,0.054641412
61.70823951,0.166654788,1.327649836,0.475907473,0.049292459
61.71287818,0.169966909,1.338490447,0.509257933,0.050708358
61.71751685,0.176510366,1.358310968,0.520074299,0.056529278
61.72215552,0.171501794,1.375057286,0.479512928,0.051809613
61.72679419,0.171017093,1.395767708,0.510159297,0.049056476
61.73143286,0.178691518,1.42570074,0.560635669,0.053461496
61.73607153,0.180953454,1.455714671,0.516468843,0.056057311
61.7407102,0.177722117,1.4830589,0.529087936,0.05007907
61.74534887,0.18038797,1.513639133,0.557931577,0.05007907
61.74998754,0.189516496,1.550205972,0.585873855,0.056450617
61.75462621,0.18725456,1.588876213,0.528186573,0.053697479
61.75926488,0.184992625,1.619132845,0.547115212,0.049921747
61.76390355,0.190243547,1.641137668,0.575057489,0.052674885
61.76854222,0.195252119,1.663708792,0.54891794,0.057237227
61.77318089,0.190889814,1.683772013,0.533594755,0.051258986
61.77781956,0.193313317,1.712653344,0.566043851,0.050000408
61.78245823,0.201876359,1.743233576,0.610210677,0.055664006
61.7870969,0.200422258,1.764510299,0.541707029,0.055113378
61.79173557,0.197271704,1.777777913,0.554326122,0.05007907
61.79637424,0.201391659,1.789912926,0.578662944,0.051809613
61.80101291,0.206561798,1.799459136,0.566945215,0.057866516
61.80565158,0.200179907,1.800187237,0.511962024,0.052832207
61.81029025,0.19904894,1.797517534,0.524581117,0.050236392
61.81492892,0.204299862,1.79339163,0.557931577,0.054405429
61.81956759,0.204057512,1.785463421,0.49663884,0.056607939
61.82420626,0.197756405,1.768717103,0.490329294,0.050551036
61.82884493,0.198483456,1.750999985,0.504751114,0.051023002
61.8334836,0.203976728,1.736357069,0.521877026,0.057158566
61.83812227,0.197594838,1.71823545,0.45607747,0.053540157
61.84276094,0.192990183,1.697848628,0.473203382,0.050157731
61.84739961,0.196867787,1.68077871,0.508356569,0.053304174
61.85203828,0.198402672,1.665084093,0.474104746,0.057158566
61.85667695,0.191293731,1.643888271,0.452472015,0.051180325
61.86131562,0.190001197,1.623582349,0.470499291,0.049921747
61.86595429,0.195736819,1.609505735,0.508356569,0.056135972
61.87059296,0.191616865,1.593730218,0.441655649,0.054720073
61.87523163,0.186285159,1.574961398,0.457880198,0.049921747
61.8798703,0.188789445,1.559185881,0.488526566,0.051416308
61.88450897,0.192990183,1.546969968,0.483118383,0.057079905
61.88914764,0.185719675,1.530870851,0.440754286,0.05157363
61.89378631,0.183134606,1.514286334,0.461485653,0.049607103
61.89842498,0.188708662,1.502960322,0.50384975,0.054090784
61.90306365,0.187496911,1.490744409,0.447063832,0.055585345
61.90770232,0.181034237,1.474887992,0.450669287,0.049921747
61.91234099,0.182165205,1.461296777,0.473203382,0.050236392
61.91697966,0.187658477,1.452559568,0.491230657,0.056765261
61.92161833,0.181115021,1.439211054,0.431740648,0.052989529
61.926257,0.178126034,1.424972639,0.453373379,0.049528442
61.93089567,0.182245988,1.414941028,0.491230657,0.052832207
61.93553434,0.183619307,1.406365619,0.455176106,0.056371956
61.94017301,0.177479767,1.393259805,0.439852922,0.050787019
61.94481168,0.176591149,1.381124792,0.459682925,0.050000408
61.94945035,0.183053823,1.374248285,0.49663884,0.055742667
61.95408902,0.179014652,1.364702075,0.430839284,0.05377614
61.95872769,0.174409997,1.352405262,0.449767924,0.049292459
61.96336636,0.1773182,1.344153453,0.481315656,0.051652291
61.96800503,0.181438154,1.339218548,0.470499291,0.057158566
61.9726437,0.174652347,1.329672338,0.434444739,0.051494969
61.97728237,0.173279029,1.320773328,0.455176106,0.049449781
61.98192104,0.179580136,1.317132824,0.499342932,0.054405429
61.98655971,0.179014652,1.31252152,0.440754286,0.0552707
61.99119838,0.173925296,1.302570809,0.447965196,0.049607103
61.99583705,0.175540965,1.295613402,0.472302018,0.050551036
62.00047572,0.181357371,1.292539198,0.486723839,0.056293294
62.00511439,0.175702531,1.28509639,0.432642012,0.052360241
62.00975306,0.173117462,1.276278281,0.454274742,0.048899153
62.01439173,0.178287601,1.272071477,0.493033385,0.052674885
62.0190304,0.179257002,1.269320874,0.452472015,0.056293294
62.02366907,0.172632762,1.261311765,0.441655649,0.050236392
62.02830774,0.172955895,1.254839758,0.460584289,0.049764425
62.03294641,0.179257002,1.253302657,0.494836113,0.055899989
62.03758508,0.174813914,1.249581253,0.42993792,0.053933462
62.04222375,0.170532393,1.241976645,0.449767924,0.049449781
62.04686242,0.174167646,1.238255241,0.48221702,0.05157363
62.05150109,0.177641334,1.23752714,0.465992472,0.056765261
62.05613976,0.170613176,1.231136033,0.434444739,0.051023002
62.06077843,0.169320641,1.224906727,0.453373379,0.049528442
62.0654171,0.175298614,1.222884224,0.497540204,0.054562751
62.07005577,0.173198245,1.221104423,0.434444739,0.054956056
62.07469444,0.167704973,1.214794216,0.445261105,0.049292459
62.07933311,0.169643775,1.210991912,0.471400654,0.050157731
62.08397178,0.175217831,1.210991912,0.481315656,0.056607939
62.08861045,0.168755157,1.205976107,0.429036557,0.051809613
62.09324912,0.166089305,1.1999895,0.450669287,0.048977814
62.09788779,0.171340227,1.199099599,0.491230657,0.052910868
62.10252646,0.171986494,1.1993423,0.447063832,0.055899989
62.10716513,0.165766171,1.193921994,0.439852922,0.049685764
62.1118038,0.166493222,1.19020059,0.461485653,0.049449781
62.11644247,0.172794328,1.190928691,0.493033385,0.05597865
62.12108114,0.168028107,1.189229789,0.428135193,0.053697479
62.12571981,0.164312069,1.183890383,0.44886656,0.049449781
62.13035848,0.16810889,1.182029681,0.48221702,0.052124257
62.13499715,0.171259443,1.183243182,0.461485653,0.057158566
62.13963582,0.164392853,1.179117278,0.432642012,0.050944341
62.14427449,0.163827369,1.175476774,0.452472015,0.049685764
62.14891316,0.170128476,1.176043075,0.495737476,0.055034717
62.15355183,0.167947323,1.174667773,0.432642012,0.054956056
62.1581905,0.162857968,1.169409268,0.445261105,0.049764425
62.16282917,0.165119904,1.168519367,0.471400654,0.05086568
62.16746784,0.170693959,1.170784569,0.475006109,0.057079905
62.17210651,0.163746585,1.167629466,0.427233829,0.051966935
62.17674518,0.161403866,1.163827162,0.449767924,0.049449781
62.18138385,0.167058706,1.163584462,0.491230657,0.05377614
62.18602252,0.16762419,1.164312562,0.442557013,0.056057311
62.19066119,0.161080733,1.160105758,0.438951558,0.050000408
62.19529986,0.1622117,1.158164156,0.458781561,0.050315053
62.19993853,0.16835124,1.159620357,0.486723839,0.056293294
62.2045772,0.163665802,1.158164156,0.425431101,0.053304174
62.20921587,0.160111332,1.153876451,0.447063832,0.049292459
62.21385454,0.164715986,1.154119152,0.48221702,0.05228158
62.21849321,0.167139489,1.155737153,0.45607747,0.056922583
62.22313188,0.160757599,1.151934849,0.432642012,0.050708358
62.22777055,0.160192115,1.149022446,0.452472015,0.049607103
62.23240922,0.166816355,1.151125848,0.495737476,0.055113378
62.23704789,0.164150503,1.151044948,0.42993792,0.054405429
62.24168656,0.159707414,1.147485345,0.445261105,0.049213798
62.24632523,0.162373267,1.147242644,0.473203382,0.051101663
62.2509639,0.167543406,1.149912347,0.473203382,0.056607939
62.25560257,0.161323083,1.147647145,0.428135193,0.051494969
62.26024124,0.159465064,1.144815642,0.449767924,0.049292459
62.26487991,0.165846954,1.146271843,0.493033385,0.053540157
62.26951858,0.16528147,1.147728045,0.441655649,0.055349362
62.27415725,0.159384281,1.144492041,0.441655649,0.049449781
62.27879592,0.160434465,1.144168441,0.464189744,0.049764425
62.28343459,0.167058706,1.147242644,0.487625202,0.056057311
62.28807326,0.161646217,1.145948243,0.427233829,0.052596224
62.29271193,0.158980364,1.14287404,0.44886656,0.049056476
62.2973506,0.163504235,1.144330241,0.485822475,0.05228158
62.30198927,0.166008521,1.147889845,0.45607747,0.056765261
62.30662794,0.159303497,1.145543742,0.437148831,0.050708358
62.31126661,0.159465064,1.143925741,0.45607747,0.049764425
62.31590528,0.166008521,1.145867343,0.49663884,0.055664006
62.32054395,0.162938751,1.147161744,0.42993792,0.05448409
62.32518262,0.158818797,1.144411141,0.447965196,0.04937112
62.32982129,0.161807783,1.144249341,0.476808837,0.051101663
62.33445996,0.166574005,1.147889845,0.472302018,0.056922583
62.33909863,0.159868981,1.145786443,0.430839284,0.051416308
62.3437373,0.158818797,1.144168441,0.452472015,0.04937112
62.34837597,0.16503912,1.146190943,0.49663884,0.054012123
62.35301464,0.164312069,1.147728045,0.441655649,0.055428023
62.35765331,0.15841488,1.145462842,0.445261105,0.04937112
62.36229198,0.160111332,1.144492041,0.468696563,0.050157731
62.36693065,0.166574005,1.148456146,0.487625202,0.056607939
62.37156932,0.160515249,1.147728045,0.42993792,0.052674885
62.37620799,0.157930179,1.145705543,0.452472015,0.048977814
62.38084666,0.162777184,1.146838144,0.491230657,0.052753546
62.38548533,0.165200687,1.150155047,0.455176106,0.056529278
62.390124,0.158818797,1.148051645,0.439852922,0.050315053
62.39476267,0.159061147,1.148051645,0.460584289,0.050000408
62.39940134,0.166089305,1.15233935,0.500244295,0.055664006
62.40404001,0.162615618,1.154280952,0.434444739,0.054090784
62.40867868,0.158495663,1.153148351,0.453373379,0.049449781
62.41331735,0.16148465,1.153876451,0.483118383,0.051494969
62.41795602,0.165927738,1.158245056,0.472302018,0.057079905
62.42259469,0.159465064,1.156869754,0.433543375,0.051416308
62.42723336,0.158253313,1.154361852,0.455176106,0.049292459
62.43187203,0.16479677,1.157355155,0.498441568,0.054326768
62.4365107,0.163342668,1.159701257,0.440754286,0.0552707
62.44114937,0.158091746,1.158245056,0.447965196,0.04937112
62.44578804,0.160515249,1.159377657,0.473203382,0.050236392
62.45042671,0.166977922,1.163746262,0.488526566,0.056529278
62.45506538,0.160757599,1.163260861,0.432642012,0.052124257
62.45970405,0.15841488,1.161157459,0.454274742,0.049135137
62.46434272,0.163585019,1.162937261,0.493033385,0.052674885
62.46898139,0.165119904,1.165687864,0.453373379,0.056450617
62.47362006,0.15889958,1.163018161,0.441655649,0.049843086
62.47825873,0.159626631,1.161561959,0.461485653,0.049528442
62.4828974,0.166008521,1.164717063,0.49663884,0.055742667
62.48753607,0.16196935,1.165526064,0.430839284,0.053618818
62.49217474,0.158010963,1.16253276,0.450669287,0.049292459
62.49681341,0.161807783,1.16204736,0.48221702,0.051494969
62.50145208,0.166008521,1.164959763,0.467795199,0.056922583
62.50609075,0.159222714,1.162856361,0.433543375,0.050944341
62.51072942,0.158172529,1.160267558,0.454274742,0.049213798
62.51536809,0.164715986,1.16253276,0.497540204,0.054326768
62.52000676,0.163261885,1.163827162,0.435346103,0.054877395
62.52464543,0.157687829,1.160429358,0.446162468,0.049607103
62.5292841,0.160192115,1.159620357,0.471400654,0.050393714
62.53392277,0.166089305,1.162937261,0.483118383,0.056843922
62.53856144,0.159949765,1.162613661,0.42993792,0.052202919
62.54320011,0.157687829,1.160833859,0.452472015,0.048977814
62.54783878,0.163181101,1.163665362,0.493033385,0.052989529
62.55247745,0.164635203,1.166173264,0.449767924,0.056135972
62.55711612,0.157930179,1.163018161,0.441655649,0.05007907
62.56175479,0.159141931,1.162775461,0.46328838,0.049843086
62.56639346,0.166008521,1.167386766,0.495737476,0.056293294
62.57103213,0.161888567,1.168033966,0.432642012,0.053697479
62.5756708,0.158172529,1.166415965,0.453373379,0.049292459
62.58030947,0.162454051,1.168519367,0.487625202,0.051730952
62.58494814,0.165846954,1.172968872,0.466893835,0.056765261
62.58958681,0.159384281,1.17191717,0.437148831,0.051023002
62.59422548,0.158738013,1.170137369,0.456978834,0.049213798
62.59886415,0.165846954,1.172887971,0.500244295,0.054641412
62.60350282,0.163665802,1.175072274,0.435346103,0.054956056
62.60814149,0.158576447,1.172726171,0.447965196,0.049607103
62.61278016,0.160757599,1.172968872,0.475006109,0.050629697
62.61741883,0.166735572,1.176528475,0.480414292,0.056765261
62.6220575,0.160515249,1.175962175,0.430839284,0.051966935
62.62669617,0.158818797,1.173858772,0.453373379,0.049135137
62.63133484,0.164312069,1.175881275,0.494836113,0.053382835
62.63597351,0.164877553,1.178550977,0.44886656,0.05597865
62.64061218,0.15889958,1.176609375,0.444359741,0.049764425
62.64525085,0.160192115,1.176043075,0.465992472,0.049449781
62.64988952,0.166654788,1.181463381,0.494836113,0.056057311
62.65452819,0.161807783,1.181786981,0.431740648,0.053382835
62.65916686,0.158091746,1.179117278,0.453373379,0.04937112
62.66380553,0.162696401,1.180411679,0.488526566,0.052045596
62.6684442,0.165927738,1.184133083,0.464189744,0.0566866
62.67308287,0.159061147,1.182110581,0.438050194,0.050393714
62.67772154,0.15889958,1.179764479,0.457880198,0.049213798
62.68236021,0.166008521,1.182434182,0.501145659,0.054956056
62.68699888,0.163342668,1.184052183,0.435346103,0.054720073
62.69163755,0.158980364,1.18130158,0.450669287,0.049449781
62.69627622,0.161565433,1.18138248,0.477710201,0.050551036
62.70091489,0.166816355,1.185670185,0.478611565,0.056450617
62.70555356,0.160676815,1.185103884,0.433543375,0.051180325
62.71019223,0.158980364,1.183485883,0.455176106,0.048741831
62.7148309,0.164715986,1.185912885,0.497540204,0.053618818
62.71946957,0.164958337,1.188744388,0.446162468,0.055585345
62.72410824,0.158738013,1.186883686,0.446162468,0.049449781
62.72874691,0.159949765,1.186479186,0.467795199,0.049764425
62.73338558,0.166412438,1.190928691,0.493033385,0.056057311
62.73802425,0.16148465,1.191494991,0.431740648,0.052674885
62.74266292,0.158576447,1.189310689,0.454274742,0.048899153
62.74730159,0.163181101,1.191575891,0.48942793,0.051809613
62.75194026,0.166170088,1.196106296,0.460584289,0.056293294
62.75657893,0.159707414,1.193841094,0.439852922,0.05007907
62.7612176,0.159626631,1.192465792,0.459682925,0.048899153
62.76585627,0.166574005,1.195620896,0.500244295,0.054641412
62.77049494,0.163423452,1.196591697,0.433543375,0.054012123
62.77513361,0.159303497,1.194245594,0.450669287,0.048977814
62.77977228,0.162534834,1.195054595,0.479512928,0.050629697
62.78441095,0.167381839,1.198614199,0.476808837,0.056450617
62.78904962,0.161080733,1.197319797,0.434444739,0.051180325
62.79368829,0.159868981,1.196106296,0.456978834,0.04866317
62.79832696,0.165846954,1.1998277,0.500244295,0.053382835
62.80296563,0.165766171,1.203225504,0.446162468,0.055034717
62.8076043,0.159949765,1.201607502,0.44886656,0.04937112
62.81224297,0.16148465,1.202497403,0.471400654,0.05007907
62.81688164,0.168028107,1.208079509,0.493934749,0.056371956
62.82152031,0.162696401,1.20905031,0.434444739,0.052438902
62.82615898,0.160272898,1.20905031,0.457880198,0.048977814
62.83079765,0.165604604,1.213580715,0.494836113,0.052360241
62.83543632,0.168189673,1.21908192,0.462387016,0.056371956
62.84007499,0.162130917,1.21883922,0.445261105,0.050000408
62.84471366,0.162130917,1.220052721,0.465091108,0.049528442
62.84935233,0.168997508,1.226443828,0.504751114,0.055585345
62.853991,0.165927738,1.230327032,0.439852922,0.054090784
62.85862967,0.162050134,1.230327032,0.459682925,0.049449781
62.86326834,0.165604604,1.233805736,0.491230657,0.051337647
62.86790701,0.170451609,1.241086744,0.486723839,0.056843922
62.87254568,0.164231286,1.243028346,0.449767924,0.050944341
62.87718435,0.163665802,1.245131748,0.472302018,0.049213798
62.88182302,0.170128476,1.252574556,0.51556748,0.054090784
62.88646169,0.169078291,1.259612863,0.457880198,0.0552707
62.89110036,0.164150503,1.262282566,0.46328838,0.049764425
62.89573903,0.166331655,1.267136571,0.487625202,0.050393714
62.9003777,0.172713545,1.276359181,0.502948387,0.056450617
62.90501637,0.167543406,1.283235688,0.447965196,0.052360241
62.90965504,0.165362254,1.289464995,0.472302018,0.049135137
62.91429371,0.17117866,1.297069603,0.511962024,0.052753546
62.91893238,0.173036679,1.304674211,0.473203382,0.056214633
62.92357105,0.167301056,1.307343914,0.460584289,0.050315053
62.92820972,0.168270457,1.312117019,0.48221702,0.049449781
62.93284839,0.175621748,1.323200331,0.519172935,0.055899989
62.93748706,0.172148061,1.330562239,0.453373379,0.05377614
62.94212573,0.168755157,1.334849943,0.472302018,0.04937112
62.9467644,0.173440596,1.342939952,0.505652478,0.051888274
62.95140307,0.178368384,1.352728862,0.493934749,0.056843922
62.95604174,0.172551978,1.356369366,0.458781561,0.050787019
62.96068041,0.172309628,1.359605369,0.477710201,0.049292459
62.96531908,0.179257002,1.366724577,0.521877026,0.054562751
62.96995775,0.178933868,1.372549383,0.462387016,0.055585345
62.97459642,0.175137048,1.376108987,0.473203382,0.049764425
62.97923509,0.177641334,1.381771993,0.498441568,0.050629697
62.98387376,0.18418479,1.392046304,0.511962024,0.056843922
62.98851243,0.179580136,1.399165511,0.458781561,0.052832207
62.9931511,0.178853085,1.403776816,0.479512928,0.04937112
62.99778977,0.185558109,1.411866825,0.520975662,0.053225513
63.00242844,0.188223961,1.420765834,0.478611565,0.056529278
63.00706711,0.182892256,1.423354637,0.468696563,0.050236392
63.01170578,0.184992625,1.427237841,0.490329294,0.049764425
63.01634445,0.192990183,1.43516605,0.524581117,0.055899989
63.02098312,0.190485897,1.439049254,0.457880198,0.05377614
63.02562179,0.18676986,1.439858255,0.476808837,0.049449781
63.03026046,0.190970598,1.442851558,0.508356569,0.051888274
63.03489913,0.194201934,1.446572962,0.487625202,0.057158566
63.0395378,0.188062395,1.44495496,0.457880198,0.051258986
63.04417647,0.187092994,1.444388659,0.476808837,0.049528442
63.04881514,0.1929094,1.447705563,0.520074299,0.054798734
63.05345381,0.191293731,1.449566265,0.456978834,0.055113378
63.05809248,0.186123593,1.447220162,0.467795199,0.050000408
63.06273115,0.188143178,1.445683061,0.492132021,0.05086568
63.06736982,0.193555667,1.447139262,0.498441568,0.057079905
63.07200849,0.18676986,1.442447057,0.447063832,0.05228158
63.07664716,0.184265574,1.43532785,0.467795199,0.049292459
63.08128583,0.188870229,1.431687346,0.509257933,0.053618818
63.0859245,0.189193362,1.430554745,0.464189744,0.056214633
63.09056317,0.182649905,1.424972639,0.460584289,0.050315053
63.09520184,0.182973039,1.422141136,0.483118383,0.049843086
63.09984051,0.189112579,1.423031037,0.512863388,0.056057311
63.10447918,0.184104007,1.419390533,0.44886656,0.053461496
63.10911785,0.179660919,1.411624125,0.467795199,0.049449781
63.11375652,0.183296173,1.40709372,0.500244295,0.052202919
63.11839519,0.186365943,1.404504917,0.475907473,0.056922583
63.12303386,0.179418569,1.396091308,0.447965196,0.051101663
63.12767253,0.178449168,1.3879204,0.465992472,0.049843086
63.1323112,0.184104007,1.383228195,0.507455206,0.0552707
63.13694987,0.181357371,1.377888789,0.442557013,0.0552707
63.14158854,0.176348799,1.368504379,0.45607747,0.049607103
63.14622721,0.178045251,1.362760473,0.483118383,0.05086568
63.15086588,0.183296173,1.360980671,0.485822475,0.057001244
63.15550455,0.176591149,1.353942363,0.438050194,0.052045596
63.16014322,0.174409997,1.346904056,0.459682925,0.049685764
63.16478189,0.179580136,1.343829853,0.501145659,0.05377614
63.16942056,0.179499352,1.340351149,0.449767924,0.05597865
63.17405923,0.173279029,1.33169484,0.447063832,0.049764425
63.1786979,0.17400608,1.324494732,0.467795199,0.049921747
63.18333657,0.180226403,1.32190593,0.493033385,0.056214633
63.18797524,0.17449078,1.315272122,0.430839284,0.053461496
63.19261391,0.170855526,1.307182114,0.452472015,0.049685764
63.19725258,0.174813914,1.302004508,0.488526566,0.052674885
63.20189125,0.177156633,1.298849405,0.459682925,0.057001244
63.20652992,0.170613176,1.290678496,0.438050194,0.050787019
63.21116859,0.169886125,1.283559289,0.456978834,0.049449781
63.21580726,0.175944882,1.280970486,0.498441568,0.055585345
63.22044593,0.173117462,1.277491782,0.431740648,0.054641412
63.2250846,0.167704973,1.269563574,0.447063832,0.049528442
63.22972327,0.170451609,1.264385969,0.475006109,0.051258986
63.23436194,0.17473313,1.262929767,0.474104746,0.057079905
63.23900061,0.168512807,1.25661956,0.42993792,0.051652291
63.24363928,0.166574005,1.250147553,0.451570651,0.049292459
63.24827795,0.172713545,1.248529552,0.495737476,0.054012123
63.25291662,0.171986494,1.246345249,0.441655649,0.055899989
63.25755529,0.165766171,1.239064242,0.443458377,0.050315053
63.26219396,0.166897139,1.233886636,0.466893835,0.050472375
63.26683263,0.172875112,1.233482136,0.488526566,0.056607939
63.2714713,0.167462623,1.228870831,0.429036557,0.052910868
63.27610997,0.164392853,1.222722424,0.449767924,0.049528442
63.28074864,0.168512807,1.220780822,0.486723839,0.052438902
63.28538731,0.17093631,1.220538122,0.454274742,0.056765261
63.29002598,0.164150503,1.213904315,0.436247467,0.050708358
63.29466465,0.163908152,1.20888851,0.455176106,0.049921747
63.29930332,0.170209259,1.20913121,0.494836113,0.05597865
63.30394199,0.166816355,1.207189608,0.428135193,0.054562751
63.30858066,0.162373267,1.200717601,0.446162468,0.049607103
63.31321933,0.165523821,1.198128798,0.475907473,0.051494969
63.317858,0.169966909,1.199261399,0.469597927,0.057237227
63.32249667,0.163746585,1.194892795,0.42993792,0.051337647
63.32713534,0.162050134,1.19052419,0.452472015,0.049213798
63.33177401,0.16835124,1.191494991,0.494836113,0.054326768
63.33641268,0.167301056,1.191656791,0.438050194,0.055742667
63.34105135,0.161565433,1.188016288,0.445261105,0.049764425
63.34569002,0.163100318,1.185508385,0.469597927,0.050315053
63.35032869,0.169320641,1.187449987,0.487625202,0.056765261
63.35496736,0.163585019,1.186802786,0.431740648,0.052989529
63.35960603,0.160838382,1.183728583,0.454274742,0.04937112
63.3642447,0.165927738,1.184294884,0.493033385,0.052910868
63.36888337,0.168028107,1.186640986,0.457880198,0.056529278
63.37352204,0.161565433,1.185508385,0.445261105,0.050315053
63.37816071,0.161727,1.186155586,0.465992472,0.049843086
63.38279938,0.168755157,1.192303992,0.505652478,0.055742667
63.38743805,0.16479677,1.198209698,0.444359741,0.053854801
63.39207672,0.160999949,1.201850202,0.469597927,0.049449781
63.39671539,0.16455442,1.208484009,0.502948387,0.05157363
63.40135406,0.168916724,1.216412218,0.48942793,0.056765261
63.40599273,0.162534834,1.217787519,0.452472015,0.051023002
63.4106314,0.16148465,1.218030219,0.471400654,0.049213798
63.41527007,0.168028107,1.222237024,0.512863388,0.054405429
63.41990874,0.167058706,1.224987627,0.452472015,0.055349362
63.42454741,0.16196935,1.223612325,0.459682925,0.049843086
63.42918608,0.163827369,1.224178626,0.483118383,0.05086568
63.43382475,0.170290042,1.22765733,0.49663884,0.057473211
63.43846342,0.16479677,1.227252829,0.442557013,0.05306819
63.44310209,0.162454051,1.225230327,0.465091108,0.050157731
63.44774076,0.168835941,1.227414629,0.505652478,0.05377614
63.45237943,0.171017093,1.229598932,0.46328838,0.057158566
63.4570181,0.164392853,1.226039328,0.452472015,0.050944341
63.46165677,0.165443037,1.223855026,0.470499291,0.050551036
63.46629544,0.172309628,1.225392127,0.504751114,0.056529278
63.47093411,0.167947323,1.224259526,0.438951558,0.054248106
63.47557278,0.164150503,1.220133622,0.458781561,0.049921747
63.48021145,0.16762419,1.219405521,0.490329294,0.052753546
63.48485012,0.17117866,1.220942622,0.474104746,0.057709194
63.48948879,0.16503912,1.218030219,0.440754286,0.051966935
63.49412746,0.164150503,1.215765017,0.461485653,0.050315053
63.49876613,0.170370826,1.217787519,0.505652478,0.055506684
63.5034048,0.168512807,1.21900102,0.444359741,0.055821328
63.50804347,0.163827369,1.216735818,0.45607747,0.050472375
63.51268214,0.165846954,1.216088617,0.481315656,0.051494969
63.51732081,0.171259443,1.219243721,0.492132021,0.057315888
63.52195948,0.164877553,1.216412218,0.439852922,0.052989529
63.52659815,0.162938751,1.213014414,0.459682925,0.049528442
63.53123682,0.16810889,1.213985215,0.500244295,0.053854801
63.53587549,0.168997508,1.213985215,0.453373379,0.056765261
63.54051416,0.162777184,1.20913121,0.446162468,0.050629697
63.54515283,0.163585019,1.206218807,0.466893835,0.050393714
63.5497915,0.170047692,1.207755908,0.497540204,0.056922583
63.55443017,0.165200687,1.204924405,0.433543375,0.054090784
63.55906884,0.161727,1.1999086,0.454274742,0.049843086
63.56370751,0.165604604,1.198452399,0.486723839,0.052438902
63.56834618,0.169078291,1.199018699,0.464189744,0.057315888
63.57298485,0.162454051,1.194407394,0.436247467,0.051416308
63.57762352,0.161888567,1.189876989,0.455176106,0.050000408
63.58226219,0.16835124,1.19044329,0.498441568,0.055428023
63.58690086,0.166250871,1.189876989,0.434444739,0.0552707
63.59153953,0.161080733,1.185022984,0.447063832,0.050000408
63.5961782,0.163665802,1.182110581,0.474104746,0.051258986
63.60081687,0.168997508,1.183324083,0.477710201,0.057237227
63.60545554,0.162777184,1.18065438,0.42993792,0.052360241
63.61009421,0.160919166,1.176447575,0.452472015,0.050000408
63.61473288,0.166412438,1.175719474,0.494836113,0.054248106
63.61937155,0.166897139,1.176771176,0.446162468,0.056607939
63.62401022,0.160999949,1.172240771,0.443458377,0.050551036
63.62864889,0.161888567,1.169813768,0.465091108,0.050393714
63.63328756,0.168432024,1.17159357,0.492132021,0.056922583
63.63792623,0.163342668,1.170299169,0.42993792,0.05377614
63.6425649,0.159949765,1.165445164,0.451570651,0.049843086
63.64720357,0.164392853,1.164878863,0.486723839,0.052832207
63.65184224,0.167462623,1.167224965,0.461485653,0.057473211
63.65648091,0.160838382,1.163665362,0.438050194,0.051023002
63.66111958,0.160353682,1.160833859,0.457880198,0.050315053
63.66575825,0.167139489,1.162775461,0.500244295,0.056057311
63.67039692,0.164150503,1.162694561,0.435346103,0.055113378
63.67503559,0.159545848,1.158811357,0.451570651,0.049921747
63.67967426,0.162454051,1.157840555,0.480414292,0.051494969
63.68431293,0.16786654,1.160672059,0.483118383,0.057237227
63.6889516,0.161807783,1.158811357,0.439852922,0.052124257
63.69359027,0.160353682,1.155737153,0.460584289,0.049843086
63.69822894,0.166493222,1.157031555,0.50384975,0.054326768
63.70286761,0.166412438,1.158164156,0.450669287,0.056293294
63.70750628,0.160757599,1.154685452,0.449767924,0.050393714
63.71214495,0.162292484,1.153471951,0.471400654,0.050393714
63.71678362,0.168674374,1.155898953,0.494836113,0.057079905
63.72142229,0.163423452,1.155251753,0.434444739,0.05377614
63.72606096,0.160353682,1.152096649,0.456978834,0.050000408
63.73069963,0.164473636,1.15258205,0.493033385,0.052989529
63.7353383,0.167785756,1.155575353,0.462387016,0.057079905
63.73997697,0.161161516,1.153148351,0.442557013,0.05086568
63.74461564,0.161080733,1.151449449,0.46328838,0.050157731
63.74925431,0.16786654,1.154847252,0.50384975,0.055742667
63.75389298,0.165119904,1.156060754,0.438050194,0.054798734
63.75853165,0.160919166,1.154038251,0.456978834,0.05007907
63.76317032,0.163746585,1.156222554,0.487625202,0.051888274
63.76780899,0.168755157,1.16220916,0.485822475,0.057551872
63.77244766,0.162615618,1.163503562,0.447063832,0.052202919
63.77708633,0.161565433,1.168033966,0.471400654,0.050000408
63.781725,0.168432024,1.180411679,0.5299893,0.054641412
63.78636367,0.168997508,1.202578303,0.500244295,0.056057311
63.79100234,0.165362254,1.224583126,0.525482481,0.050551036
63.79564101,0.167785756,1.239306942,0.548016576,0.050708358
63.80027968,0.174329213,1.248853152,0.552523395,0.056765261
63.80491835,0.169078291,1.248205951,0.477710201,0.05306819
63.80955702,0.165523821,1.243513746,0.488526566,0.049607103
63.81419569,0.170290042,1.241733944,0.517370207,0.052832207
63.81883436,0.172309628,1.240439543,0.475006109,0.056843922
63.82347303,0.165846954,1.233643936,0.452472015,0.051023002
63.8281117,0.165927738,1.22854723,0.467795199,0.049764425
63.83275037,0.172390411,1.227576429,0.502948387,0.055899989
63.83738904,0.168432024,1.225230327,0.434444739,0.054405429
63.84202771,0.164150503,1.21867742,0.451570651,0.049607103
63.84666638,0.166977922,1.214794216,0.481315656,0.05157363
63.85130505,0.171501794,1.215360517,0.471400654,0.057394549
63.85594372,0.164958337,1.210263811,0.432642012,0.051809613
63.86058239,0.163585019,1.207027808,0.454274742,0.049528442
63.86522106,0.169643775,1.207513208,0.498441568,0.054798734
63.86985973,0.16835124,1.207675008,0.441655649,0.055899989
63.8744984,0.163019535,1.204034504,0.449767924,0.05007907
63.87913707,0.16479677,1.202821003,0.475006109,0.050551036
63.88377574,0.170774743,1.204762605,0.490329294,0.056922583
63.88841441,0.16479677,1.201203001,0.433543375,0.052753546
63.89305308,0.1622117,1.197400697,0.45607747,0.049292459
63.89769175,0.167220272,1.198290598,0.494836113,0.052832207
63.90233042,0.168835941,1.1999895,0.455176106,0.056607939
63.90696909,0.162373267,1.196106296,0.443458377,0.050393714
63.91160776,0.163100318,1.194488294,0.46328838,0.049843086
63.91624643,0.169724558,1.196429896,0.499342932,0.055899989
63.9208851,0.165927738,1.195701796,0.432642012,0.054012123
63.92552377,0.161565433,1.191737691,0.452472015,0.049607103
63.93016244,0.165200687,1.190928691,0.484921111,0.051809613
63.93480111,0.169643775,1.193274793,0.470499291,0.057079905
63.93943978,0.162777184,1.189715189,0.437148831,0.051180325
63.94407845,0.161565433,1.186802786,0.456978834,0.04937112
63.94871712,0.168028107,1.188258988,0.501145659,0.054405429
63.95335579,0.166493222,1.188906188,0.438951558,0.055113378
63.95799446,0.161323083,1.185346585,0.44886656,0.04937112
63.96263313,0.163261885,1.184294884,0.474104746,0.050629697
63.9672718,0.169078291,1.186721886,0.485822475,0.056607939
63.97191047,0.162938751,1.184133083,0.431740648,0.052438902
63.97654914,0.160676815,1.180249879,0.453373379,0.049449781
63.98118781,0.166331655,1.179764479,0.493033385,0.053146851
63.98582648,0.167543406,1.18130158,0.449767924,0.056135972
63.99046515,0.161080733,1.176852076,0.440754286,0.049843086
63.99510382,0.162130917,1.174182373,0.459682925,0.049685764
63.99974249,0.168432024,1.175638574,0.493033385,0.056057311
64.00438116,0.164231286,1.173777872,0.429036557,0.05377614
64.00901983,0.160111332,1.169409268,0.447965196,0.049528442
64.0136585,0.164150503,1.169409268,0.48221702,0.052124257
64.01829717,0.16786654,1.170946369,0.462387016,0.056765261
64.02293584,0.161323083,1.166820465,0.433543375,0.051023002
64.02757451,0.160434465,1.163827162,0.454274742,0.049449781
64.03221318,0.166816355,1.165606964,0.49663884,0.054562751
64.03685185,0.164635203,1.165283363,0.433543375,0.055192039
64.04149052,0.159626631,1.16180466,0.446162468,0.049685764
64.04612919,0.162454051,1.160752959,0.472302018,0.051023002
64.05076786,0.167785756,1.163260861,0.478611565,0.056922583
64.05540653,0.161646217,1.161157459,0.42993792,0.051966935
64.0600452,0.159707414,1.158002356,0.453373379,0.049607103
64.06468387,0.16528147,1.159377657,0.493033385,0.053540157
64.06932254,0.165927738,1.161076559,0.447063832,0.056214633
64.07396121,0.159707414,1.158002356,0.442557013,0.05007907
64.07859988,0.161161516,1.157193355,0.464189744,0.050000408
64.08323855,0.16786654,1.160833859,0.493934749,0.056293294
64.08787722,0.162938751,1.160672059,0.430839284,0.053382835
64.09251589,0.159868981,1.157840555,0.452472015,0.049449781
64.09715456,0.164069719,1.158325956,0.487625202,0.05228158
64.10179323,0.167139489,1.16253276,0.46328838,0.056607939
64.1064319,0.160838382,1.160752959,0.439852922,0.050551036
64.11107057,0.160676815,1.158568656,0.458781561,0.04937112
64.11570924,0.166897139,1.160591158,0.501145659,0.054877395
64.12034791,0.164473636,1.16220916,0.435346103,0.054720073
64.12498658,0.159949765,1.158892257,0.450669287,0.049292459
64.12962525,0.162777184,1.158568656,0.476808837,0.051023002
64.13426392,0.168028107,1.16172376,0.478611565,0.057001244
64.13890259,0.161888567,1.159296757,0.432642012,0.051730952
64.14354126,0.159868981,1.156869754,0.453373379,0.04937112
64.14817993,0.165604604,1.157274255,0.494836113,0.053933462
64.1528186,0.165685387,1.159458557,0.444359741,0.056135972
64.15745727,0.159626631,1.156546154,0.444359741,0.049843086
64.16209594,0.160838382,1.155656253,0.466893835,0.050000408
64.16673461,0.167301056,1.158892257,0.493033385,0.056293294
64.17137328,0.162373267,1.159377657,0.432642012,0.053146851
64.17601195,0.159222714,1.156546154,0.454274742,0.049449781
64.18065062,0.163988936,1.157597855,0.490329294,0.052124257
64.18528929,0.166654788,1.160833859,0.46328838,0.056765261
64.18992796,0.160111332,1.159134957,0.441655649,0.050629697
64.19456663,0.160272898,1.157840555,0.461485653,0.049607103
64.1992053,0.167139489,1.161157459,0.502948387,0.055349362
64.20384397,0.164069719,1.162775461,0.438951558,0.054405429
64.20848264,0.159868981,1.16253276,0.457880198,0.04937112
64.21312131,0.162857968,1.165768764,0.490329294,0.051180325
64.21775998,0.168270457,1.173373372,0.491230657,0.057237227
64.22239865,0.162130917,1.177013876,0.453373379,0.051494969
64.22703732,0.161080733,1.180007179,0.476808837,0.049528442
64.23167599,0.166735572,1.186802786,0.520975662,0.053933462
64.23631466,0.166654788,1.191899492,0.465992472,0.055899989
64.24095333,0.161080733,1.191252291,0.467795199,0.049764425
64.245592,0.162454051,1.192870293,0.487625202,0.050157731
64.25023067,0.169482208,1.198937799,0.510159297,0.056843922
64.25486934,0.163908152,1.203710904,0.454274742,0.053461496
64.25950801,0.160999949,1.208322209,0.481315656,0.049607103
64.26414668,0.165927738,1.216816718,0.520975662,0.052832207
64.26878535,0.168270457,1.221994324,0.48221702,0.056922583
64.27342402,0.16148465,1.219405521,0.458781561,0.050551036
64.27806269,0.16196935,1.216493118,0.473203382,0.050000408
64.28270136,0.168755157,1.217706619,0.509257933,0.05597865
64.28734003,0.164958337,1.214632416,0.439852922,0.054405429
64.2919787,0.160757599,1.208403109,0.455176106,0.049607103
64.29661737,0.163988936,1.205733406,0.484019747,0.05157363
64.30125604,0.168835941,1.205895206,0.475006109,0.057079905
64.30589471,0.162292484,1.200474901,0.433543375,0.051730952
64.31053338,0.160838382,1.196106296,0.454274742,0.049685764
64.31517205,0.167220272,1.195863596,0.498441568,0.054798734
64.31981072,0.166089305,1.194650095,0.440754286,0.055821328
64.32444939,0.160272898,1.189229789,0.446162468,0.05007907
64.32908806,0.161807783,1.186883686,0.469597927,0.050787019
64.33372673,0.168028107,1.187773587,0.486723839,0.057001244
64.3383654,0.16196935,1.184861184,0.429036557,0.052674885
64.34300407,0.159465064,1.18105888,0.451570651,0.04937112
64.34764274,0.16455442,1.18105888,0.491230657,0.05306819
64.35228141,0.166250871,1.182110581,0.453373379,0.056607939
64.35692008,0.159626631,1.177822877,0.438951558,0.050787019
64.36155875,0.160434465,1.175962175,0.458781561,0.050000408
64.36619742,0.166897139,1.177580176,0.49663884,0.056057311
64.37083609,0.163342668,1.176932976,0.42993792,0.054326768
64.37547476,0.159384281,1.173130672,0.44886656,0.049607103
64.38011343,0.163423452,1.172078971,0.481315656,0.051652291
64.3847521,0.167785756,1.174829574,0.468696563,0.057001244
64.38939077,0.160838382,1.172240771,0.433543375,0.051258986
64.39402944,0.160192115,1.170218269,0.454274742,0.049607103
64.39866811,0.166493222,1.17143177,0.499342932,0.054720073
64.40330678,0.165443037,1.172726171,0.438050194,0.055664006
64.40794545,0.160192115,1.168519367,0.447063832,0.049843086
64.41258412,0.162454051,1.166254164,0.470499291,0.050787019
64.41722279,0.16786654,1.168357567,0.483118383,0.057001244
64.42186146,0.16196935,1.166496865,0.429036557,0.052438902
64.42650013,0.159626631,1.162775461,0.449767924,0.049213798
64.4311388,0.16503912,1.16229006,0.490329294,0.052832207
64.43577747,0.166089305,1.163260861,0.44886656,0.056293294
64.44041614,0.159868981,1.159458557,0.438951558,0.050315053
64.44505481,0.160838382,1.157193355,0.458781561,0.049921747
64.44969348,0.16762419,1.160186658,0.493033385,0.056214633
64.45433215,0.163100318,1.159377657,0.428135193,0.054012123
64.45897082,0.159465064,1.155898953,0.447965196,0.049135137
64.46360949,0.163504235,1.154604552,0.480414292,0.051966935
64.46824816,0.166977922,1.156788854,0.46328838,0.057079905
64.47288683,0.160515249,1.153957351,0.430839284,0.051180325
64.4775255,0.159788198,1.150397748,0.451570651,0.049607103
64.48216417,0.166574005,1.15225845,0.495737476,0.054877395
64.48680284,0.164635203,1.15250115,0.432642012,0.055506684
64.49144151,0.159545848,1.149103346,0.444359741,0.049607103
64.49608018,0.16196935,1.148617946,0.470499291,0.050708358
64.50071885,0.167462623,1.151287649,0.479512928,0.057001244
64.50535752,0.161727,1.149184246,0.428135193,0.052438902
64.50999619,0.159868981,1.146110043,0.451570651,0.049764425
64.51463486,0.16528147,1.146838144,0.492132021,0.053618818
64.51927353,0.166170088,1.148617946,0.447063832,0.056607939
64.5239122,0.159868981,1.144896542,0.440754286,0.050472375
64.52855087,0.160596032,1.14368304,0.461485653,0.050236392
64.53318954,0.167301056,1.146757244,0.492132021,0.0566866
64.53782821,0.162777184,1.145705543,0.427233829,0.054090784
64.54246688,0.159384281,1.142307739,0.447965196,0.049607103
64.54710555,0.163342668,1.14319764,0.483118383,0.05228158
64.55174422,0.166816355,1.145705543,0.460584289,0.057237227
64.55638289,0.160353682,1.142388639,0.434444739,0.051337647
64.56102156,0.159868981,1.141013338,0.453373379,0.049921747
64.56566023,0.166574005,1.143844841,0.497540204,0.055113378
64.5702989,0.164715986,1.144896542,0.433543375,0.055113378
64.57493757,0.159545848,1.142388639,0.447063832,0.049843086
64.57957624,0.162050134,1.142712239,0.475006109,0.051101663
64.58421491,0.168189673,1.147242644,0.477710201,0.056922583
64.58885358,0.161565433,1.145786443,0.42993792,0.052124257
64.59349225,0.159949765,1.14279314,0.451570651,0.049292459
64.59813092,0.165523821,1.144330241,0.493934749,0.053854801
64.60276959,0.165927738,1.146676344,0.444359741,0.056293294
64.60740826,0.159868981,1.14319764,0.442557013,0.050236392
64.61204693,0.161323083,1.142226839,0.464189744,0.050157731
64.6166856,0.16786654,1.145543742,0.491230657,0.056371956
64.62132427,0.162857968,1.146110043,0.42993792,0.053382835
64.62596294,0.159626631,1.14360214,0.450669287,0.049449781
64.63060161,0.163908152,1.144330241,0.486723839,0.052360241
64.63524028,0.166977922,1.146838144,0.459682925,0.057001244
64.63987895,0.160030548,1.143844841,0.437148831,0.050944341
64.64451762,0.159707414,1.14303584,0.456978834,0.049449781
64.64915629,0.166493222,1.145381942,0.498441568,0.055428023
64.65379496,0.163665802,1.146110043,0.432642012,0.054562751
64.65843363,0.159141931,1.14287404,0.447965196,0.049528442
64.6630723,0.16196935,1.142388639,0.475907473,0.05157363
64.66771097,0.167058706,1.145381942,0.475006109,0.057237227
64.67234964,0.160596032,1.14352124,0.42993792,0.051809613
64.67698831,0.159303497,1.141256038,0.450669287,0.049213798
64.68162698,0.16528147,1.14295494,0.493033385,0.053854801
64.68626565,0.165200687,1.144492041,0.438951558,0.05597865
64.69090432,0.159626631,1.141417838,0.439852922,0.049843086
64.69554299,0.160676815,1.139638036,0.462387016,0.050236392
64.70018166,0.167220272,1.142550439,0.484921111,0.056765261
64.70482033,0.161646217,1.141498738,0.425431101,0.053382835
64.709459,0.158818797,1.139152636,0.44886656,0.049292459
64.71409767,0.163665802,1.140851537,0.485822475,0.052674885
64.71873634,0.166412438,1.14368304,0.455176106,0.056843922
64.72337501,0.159868981,1.140770637,0.436247467,0.050944341
64.72801368,0.159707414,1.139961637,0.456978834,0.050000408
64.73265235,0.166574005,1.14327854,0.49663884,0.055821328
64.73729102,0.163019535,1.143763941,0.431740648,0.054798734
64.74192969,0.159061147,1.141013338,0.449767924,0.049607103
64.74656836,0.162454051,1.141903239,0.478611565,0.051652291
64.75120703,0.166816355,1.145220142,0.473203382,0.057001244
64.7558457,0.160757599,1.14319764,0.430839284,0.05157363
64.76048437,0.159626631,1.141094238,0.452472015,0.04937112
64.76512304,0.165685387,1.14311674,0.495737476,0.054169445
64.76976171,0.165200687,1.144653842,0.439852922,0.055742667
64.77440038,0.159061147,1.141660538,0.444359741,0.049685764
64.77903905,0.161080733,1.140851537,0.466893835,0.049843086
64.78367772,0.167381839,1.144492041,0.486723839,0.0566866
64.78831639,0.161565433,1.14360214,0.429036557,0.052596224
64.79295506,0.158818797,1.141579638,0.452472015,0.048899153
64.79759373,0.163746585,1.14368304,0.490329294,0.052596224
64.8022324,0.166331655,1.147323544,0.45607747,0.056450617
64.80687107,0.159707414,1.145462842,0.441655649,0.050393714
64.81150974,0.160030548,1.144572941,0.460584289,0.049528442
64.81614841,0.166816355,1.147647145,0.498441568,0.055506684
64.82078708,0.163100318,1.148051645,0.430839284,0.053854801
64.82542575,0.159303497,1.145058342,0.449767924,0.048977814
64.83006442,0.163181101,1.145948243,0.479512928,0.051337647
64.83470309,0.167462623,1.149750547,0.467795199,0.056765261
64.83934176,0.160919166,1.148051645,0.430839284,0.051023002
64.84398043,0.159626631,1.144977442,0.451570651,0.049056476
64.8486191,0.166250871,1.147485345,0.494836113,0.054248106
64.85325777,0.165119904,1.149184246,0.436247467,0.0552707
64.85789644,0.159545848,1.146110043,0.443458377,0.049528442
64.86253511,0.161727,1.146110043,0.466893835,0.050393714
64.86717378,0.167543406,1.148941546,0.48221702,0.056450617
64.87181245,0.161727,1.147323544,0.426332465,0.052596224
64.87645112,0.159303497,1.144492041,0.447965196,0.049056476
64.88108979,0.164635203,1.145301042,0.488526566,0.052989529
64.88572846,0.166008521,1.147242644,0.447965196,0.056135972
64.89036713,0.159788198,1.144249341,0.436247467,0.050000408
64.8950058,0.160434465,1.14279314,0.457880198,0.049607103
64.89964447,0.167139489,1.145948243,0.492132021,0.055821328
64.90428314,0.163342668,1.146352743,0.427233829,0.053540157
64.90892181,0.159303497,1.14327854,0.447063832,0.04937112
64.91356048,0.163423452,1.14279314,0.479512928,0.051494969
64.91819915,0.16762419,1.145301042,0.464189744,0.056529278
64.92283782,0.160838382,1.14311674,0.431740648,0.050708358
64.92747649,0.160272898,1.141013338,0.451570651,0.048977814
64.93211516,0.166897139,1.14319764,0.494836113,0.05448409
64.93675383,0.16503912,1.144653842,0.434444739,0.055034717
64.9413925,0.160272898,1.141822339,0.444359741,0.049213798
64.94603117,0.163100318,1.141822339,0.469597927,0.050315053
64.95066984,0.168835941,1.144734742,0.480414292,0.056529278
64.95530851,0.162938751,1.14344034,0.42993792,0.052045596
64.95994718,0.160838382,1.140608837,0.451570651,0.049056476
64.96458585,0.166250871,1.142307739,0.492132021,0.053382835
64.96922452,0.16810889,1.146514543,0.449767924,0.056135972
64.97386319,0.161888567,1.144734742,0.442557013,0.050000408
64.97850186,0.162615618,1.14360214,0.46328838,0.049764425
64.98314053,0.169159074,1.146838144,0.494836113,0.056214633
64.9877792,0.165362254,1.147566245,0.430839284,0.053697479
64.99241787,0.161888567,1.145301042,0.452472015,0.049528442
64.99705654,0.166250871,1.146757244,0.485822475,0.052202919
65.00169521,0.169805342,1.150478648,0.466893835,0.057237227
65.00633388,0.163261885,1.148132545,0.438050194,0.050944341
65.01097255,0.163100318,1.146999944,0.456978834,0.049528442
65.01561122,0.169643775,1.150964048,0.501145659,0.055034717
65.02024989,0.167785756,1.153229251,0.438050194,0.054877395
65.02488856,0.163019535,1.151206748,0.450669287,0.049685764
65.02952723,0.165362254,1.151530349,0.476808837,0.051101663
65.0341659,0.171017093,1.154847252,0.48221702,0.057158566
65.03880457,0.164715986,1.153310151,0.432642012,0.052360241
65.04344324,0.162696401,1.151125848,0.454274742,0.049292459
65.04808191,0.168512807,1.153391051,0.495737476,0.053697479
65.05272058,0.168755157,1.156141654,0.44886656,0.056135972
65.05735925,0.163100318,1.153148351,0.444359741,0.050315053
65.06199792,0.164150503,1.15306745,0.465992472,0.050157731
65.06663659,0.170774743,1.157516955,0.494836113,0.056293294
65.07127526,0.165927738,1.157678755,0.432642012,0.053461496
65.07591393,0.162615618,1.155413553,0.454274742,0.04937112
65.0805526,0.166170088,1.156060754,0.488526566,0.052360241
65.08519127,0.169562992,1.159134957,0.46328838,0.056607939
65.08982994,0.162454051,1.157112455,0.438951558,0.050551036
65.09446861,0.1622117,1.155575353,0.457880198,0.04937112
65.09910728,0.168835941,1.157840555,0.500244295,0.055034717
65.10374595,0.166654788,1.158730456,0.435346103,0.054562751
65.10838462,0.161807783,1.155656253,0.450669287,0.049449781
65.11302329,0.164473636,1.155656253,0.477710201,0.051023002
65.11766196,0.169966909,1.159215857,0.479512928,0.057315888
65.12230063,0.162938751,1.157921456,0.435346103,0.051652291
65.1269393,0.161727,1.156465254,0.457880198,0.048977814
65.13157797,0.167704973,1.159620357,0.500244295,0.05377614
65.13621664,0.168028107,1.16172376,0.447965196,0.055585345
65.14085531,0.162050134,1.159377657,0.447965196,0.049607103
65.14549398,0.163100318,1.158487756,0.469597927,0.050000408
65.15013265,0.169805342,1.16180466,0.494836113,0.056293294
65.15477132,0.164715986,1.161561959,0.433543375,0.053225513
65.15940999,0.161646217,1.159539457,0.455176106,0.049449781
65.16404866,0.166250871,1.161076559,0.493033385,0.052438902
65.16868733,0.169078291,1.165606964,0.464189744,0.056765261
65.173326,0.162373267,1.164717063,0.443458377,0.050944341
65.17796467,0.162373267,1.165445164,0.465091108,0.049685764
65.18260334,0.168755157,1.169894668,0.505652478,0.0552707
65.18724201,0.165927738,1.17143177,0.439852922,0.054798734
65.19188068,0.161807783,1.169166568,0.45607747,0.049921747
65.19651935,0.16479677,1.170299169,0.484921111,0.051416308
65.20115802,0.169966909,1.174910474,0.483118383,0.057001244
65.20579669,0.163827369,1.175881275,0.442557013,0.051966935
65.21043536,0.162938751,1.179198178,0.467795199,0.049843086
65.21507403,0.170128476,1.188178088,0.516468843,0.054248106
65.2197127,0.170290042,1.196753497,0.465992472,0.056135972
65.22435137,0.16503912,1.200394001,0.468696563,0.050315053
65.22899004,0.167058706,1.204115405,0.488526566,0.050787019
65.23362871,0.173521379,1.210102011,0.506553842,0.057001244
65.23826738,0.167947323,1.20953571,0.444359741,0.053461496
65.24290605,0.164635203,1.205895206,0.46328838,0.049607103
65.24754472,0.169562992,1.206946908,0.498441568,0.053225513
65.25218339,0.17142101,1.207755908,0.46328838,0.057158566
65.25682206,0.164958337,1.202821003,0.445261105,0.051023002
65.26146073,0.16503912,1.199180499,0.46328838,0.050315053
65.2660994,0.171017093,1.200636701,0.501145659,0.056057311
65.27073807,0.16762419,1.1993423,0.435346103,0.055034717
65.27537674,0.163746585,1.195539995,0.453373379,0.050157731
65.28001541,0.167058706,1.194326494,0.483118383,0.052202919
65.28465408,0.17142101,1.195944496,0.475907473,0.057473211
65.28929275,0.164715986,1.192789393,0.436247467,0.051888274
65.29393142,0.163261885,1.189148889,0.45607747,0.049764425
65.29857009,0.169886125,1.19011969,0.500244295,0.054956056
65.30320876,0.168674374,1.189634289,0.440754286,0.056135972
65.30784743,0.163100318,1.185022984,0.447965196,0.050000408
65.3124861,0.165119904,1.182676882,0.471400654,0.050787019
65.31712477,0.171259443,1.184294884,0.488526566,0.057001244
65.32176344,0.165766171,1.182191481,0.431740648,0.052989529
65.32640211,0.162857968,1.178550977,0.454274742,0.049607103
65.33104078,0.16762419,1.178712778,0.493033385,0.05306819
65.33567945,0.169562992,1.180007179,0.45607747,0.056529278
65.34031812,0.162696401,1.175962175,0.441655649,0.050472375
65.34495679,0.163019535,1.173777872,0.462387016,0.049764425
65.34959546,0.170128476,1.177175676,0.499342932,0.055899989
65.35423413,0.166008521,1.176852076,0.432642012,0.054012123
65.3588728,0.162373267,1.173616072,0.451570651,0.049135137
65.36351147,0.165766171,1.173130672,0.483118383,0.051258986
65.36815014,0.169966909,1.175719474,0.470499291,0.056765261
65.37278881,0.163423452,1.173696972,0.436247467,0.050787019
65.37742748,0.162373267,1.172564371,0.456978834,0.048977814
65.38206615,0.168835941,1.175234074,0.501145659,0.054169445
65.38670482,0.167785756,1.177822877,0.441655649,0.055113378
65.39134349,0.162857968,1.175234074,0.451570651,0.049528442
65.39598216,0.164635203,1.173777872,0.475907473,0.050157731
65.40062083,0.170451609,1.176852076,0.487625202,0.056450617
65.4052595,0.164473636,1.174667773,0.431740648,0.052202919
65.40989817,0.162454051,1.170622769,0.452472015,0.049213798
65.41453684,0.16762419,1.17175537,0.492132021,0.05306819
65.41917551,0.168835941,1.174182373,0.450669287,0.056293294
65.42381418,0.162373267,1.170460969,0.440754286,0.049921747
65.42845285,0.163261885,1.169004767,0.460584289,0.049921747
65.43309152,0.170047692,1.172159871,0.493033385,0.055899989
65.43773019,0.165685387,1.172078971,0.427233829,0.053618818
65.44236886,0.162373267,1.169085667,0.447063832,0.04937112
65.44700753,0.166331655,1.169651968,0.479512928,0.051888274
65.4516462,0.169886125,1.172807071,0.461485653,0.057001244
65.45628487,0.163261885,1.169894668,0.430839284,0.051337647
65.46092354,0.162292484,1.167144065,0.450669287,0.049921747
65.46556221,0.169239858,1.169409268,0.495737476,0.055113378
65.47020088,0.167301056,1.170865469,0.434444739,0.055428023
65.47483955,0.162454051,1.167791266,0.44886656,0.049843086
65.47947822,0.164715986,1.167629466,0.474104746,0.050944341
65.48411689,0.170290042,1.170946369,0.48221702,0.057158566
65.48875556,0.164312069,1.168519367,0.431740648,0.052596224
65.49339423,0.161727,1.165526064,0.453373379,0.049685764
65.4980329,0.167462623,1.167386766,0.494836113,0.053697479
65.50267157,0.168512807,1.169085667,0.450669287,0.056450617
65.50731024,0.162050134,1.166820465,0.446162468,0.050629697
65.51194891,0.163261885,1.166739565,0.468696563,0.05007907
65.51658758,0.169886125,1.170460969,0.499342932,0.056607939
65.52122625,0.165523821,1.170784569,0.436247467,0.054169445
65.52586492,0.161727,1.167953066,0.457880198,0.05007907
65.53050359,0.166170088,1.169409268,0.492132021,0.052989529
65.53514226,0.169643775,1.172887971,0.470499291,0.057473211
65.53978093,0.163100318,1.17183627,0.445261105,0.051730952
65.5444196,0.162454051,1.172078971,0.466893835,0.05007907
65.54905827,0.169239858,1.175962175,0.511060661,0.055742667
65.55369694,0.166412438,1.178793678,0.451570651,0.055899989
65.55833561,0.162050134,1.18105888,0.484921111,0.050393714
65.56297428,0.165362254,1.189796089,0.536298847,0.051809613
65.56761295,0.170451609,1.200394001,0.551622031,0.058023838
65.57225162,0.164715986,1.204277205,0.494836113,0.052910868
65.57689029,0.162938751,1.203791804,0.50384975,0.050472375
65.58152896,0.168593591,1.205409806,0.535397483,0.054405429
65.58616763,0.169078291,1.208160409,0.477710201,0.057079905
65.5908063,0.163019535,1.204681705,0.469597927,0.051023002
65.59544497,0.16455442,1.203144604,0.487625202,0.051180325
65.60008364,0.17117866,1.206785107,0.510159297,0.057630533
65.60472231,0.166008521,1.205895206,0.445261105,0.054248106
65.60936098,0.163019535,1.202416503,0.465091108,0.050629697
65.61399965,0.16786654,1.202901903,0.498441568,0.053382835
65.61863832,0.170613176,1.204762605,0.470499291,0.057709194
65.62327699,0.163746585,1.201203001,0.447063832,0.051652291
65.62791566,0.163585019,1.198856899,0.465992472,0.050629697
65.63255433,0.170290042,1.200717601,0.507455206,0.056529278
65.637193,0.167220272,1.201364802,0.442557013,0.055742667
65.64183167,0.162615618,1.199099599,0.458781561,0.050708358
65.64647034,0.165685387,1.2002322,0.487625202,0.052360241
65.65110901,0.170774743,1.203549104,0.486723839,0.05818116
65.65574768,0.164312069,1.201283902,0.442557013,0.052989529
65.66038635,0.162857968,1.197643398,0.462387016,0.050787019
65.66502502,0.169401425,1.199018699,0.504751114,0.055349362
65.66966369,0.169078291,1.1999895,0.450669287,0.057551872
65.67430236,0.163504235,1.196106296,0.451570651,0.051180325
65.67894103,0.164635203,1.194326494,0.473203382,0.051337647
65.6835797,0.170613176,1.196348996,0.49663884,0.057945177
65.68821837,0.165604604,1.194245594,0.436247467,0.054405429
65.69285704,0.162615618,1.19036239,0.457880198,0.050944341
65.69749571,0.167381839,1.190928691,0.495737476,0.053933462
65.70213438,0.169482208,1.192546692,0.465091108,0.05818116
65.70677305,0.163100318,1.189391589,0.446162468,0.052124257
65.71141172,0.162938751,1.187530887,0.465992472,0.050944341
65.71605039,0.169805342,1.19011969,0.506553842,0.057001244
65.72068906,0.166574005,1.190847791,0.440754286,0.055899989
65.72532773,0.162130917,1.187935387,0.458781561,0.051023002
65.7299664,0.165604604,1.187692687,0.48942793,0.052832207
65.73460507,0.170855526,1.191656791,0.483118383,0.058259821
65.73924374,0.164312069,1.189391589,0.441655649,0.052989529
65.74388241,0.162777184,1.186640986,0.46328838,0.05086568
65.74852108,0.169239858,1.188582588,0.507455206,0.055585345
65.75315975,0.168189673,1.19060509,0.450669287,0.057079905
65.75779842,0.162857968,1.188339888,0.454274742,0.051101663
65.76243709,0.163988936,1.185751085,0.477710201,0.051730952
65.76707576,0.170855526,1.188744388,0.494836113,0.05818116
65.77171443,0.164635203,1.186802786,0.437148831,0.054326768
65.7763531,0.162373267,1.183485883,0.459682925,0.050629697
65.78099177,0.167381839,1.184699384,0.497540204,0.054248106
65.78563044,0.169320641,1.186883686,0.462387016,0.057945177
65.79026911,0.162857968,1.182919582,0.447063832,0.051888274
65.79490778,0.163504235,1.181706081,0.466893835,0.051258986
65.79954645,0.169966909,1.184456684,0.504751114,0.057079905
65.80418512,0.166170088,1.184942084,0.438951558,0.055428023
65.80882379,0.161888567,1.181706081,0.457880198,0.05086568
65.81346246,0.165523821,1.182110581,0.48942793,0.05306819
65.81810113,0.170209259,1.185508385,0.479512928,0.058259821
65.8227398,0.163504235,1.184456684,0.444359741,0.052438902
65.82737847,0.162454051,1.183000482,0.464189744,0.050944341
65.83201714,0.168997508,1.185103884,0.507455206,0.05597865
65.83665581,0.167785756,1.186317386,0.447965196,0.056765261
65.84129448,0.1622117,1.183647683,0.45607747,0.05086568
65.84593315,0.163988936,1.182838682,0.479512928,0.051730952
65.85057182,0.170451609,1.186236486,0.493934749,0.05818116
65.85521049,0.164473636,1.184861184,0.438951558,0.054012123
65.85984916,0.162050134,1.181948781,0.460584289,0.051023002
65.86448783,0.167785756,1.184456684,0.500244295,0.054720073
65.8691265,0.169320641,1.186560086,0.459682925,0.058102499
65.87376517,0.162938751,1.183890383,0.450669287,0.05157363
65.87840384,0.163746585,1.182838682,0.471400654,0.051337647
65.88304251,0.17093631,1.186560086,0.504751114,0.057709194
65.88768118,0.167058706,1.186398286,0.441655649,0.055428023
65.89231985,0.163342668,1.184537584,0.461485653,0.050944341
65.89695852,0.166816355,1.185346585,0.493934749,0.053382835
65.90159719,0.170532393,1.188987089,0.480414292,0.05888911
65.90623586,0.164150503,1.187288187,0.447063832,0.05306819
65.91087453,0.163181101,1.185427485,0.467795199,0.051730952
65.9155132,0.169562992,1.187288187,0.511962024,0.057079905
65.92015187,0.168189673,1.188420788,0.44886656,0.058102499
65.92479054,0.162938751,1.185265685,0.459682925,0.053146851
65.92942921,0.165604604,1.185184785,0.484921111,0.054405429
65.93406788,0.171340227,1.188501688,0.493934749,0.060776976
65.93870655,0.165200687,1.187530887,0.440754286,0.056450617
65.94334522,0.163342668,1.185346585,0.46328838,0.053618818
65.94798389,0.168674374,1.186317386,0.50384975,0.057866516
65.95262256,0.170128476,1.189472489,0.458781561,0.06038367
65.95726123,0.163665802,1.186721886,0.452472015,0.054090784
65.9618999,0.164473636,1.185912885,0.473203382,0.054012123
65.96653857,0.17117866,1.189229789,0.504751114,0.059833043
65.97117724,0.166735572,1.189715189,0.440754286,0.057158566
65.97581591,0.163261885,1.187854487,0.461485653,0.05306819
65.98045458,0.166897139,1.187854487,0.495737476,0.055742667
65.98509325,0.170370826,1.192061292,0.477710201,0.060540992
65.98973192,0.163342668,1.18995789,0.449767924,0.054326768
65.99437059,0.162857968,1.188987089,0.469597927,0.052517563
65.99900926,0.169724558,1.191737691,0.511962024,0.058102499
66.00364793,0.16762419,1.193032093,0.447063832,0.058338482
66.0082866,0.1622117,1.19044329,0.459682925,0.052517563
66.01292527,0.165119904,1.19028149,0.484921111,0.05377614
66.01756394,0.171340227,1.194650095,0.491230657,0.060069026
66.02220261,0.164635203,1.194002894,0.443458377,0.054956056
66.02684128,0.162534834,1.192546692,0.465091108,0.051809613
66.03147995,0.168189673,1.194973695,0.507455206,0.056135972
66.03611862,0.168512807,1.198290598,0.458781561,0.05888911
66.04075729,0.162454051,1.196268096,0.45607747,0.052832207
66.04539596,0.163746585,1.196591697,0.477710201,0.052832207
66.05003463,0.169966909,1.201203001,0.506553842,0.058810449
66.0546733,0.16528147,1.202335603,0.444359741,0.055899989
66.05931197,0.1622117,1.200394001,0.465091108,0.051809613
66.06395064,0.166412438,1.201526602,0.499342932,0.054877395
66.06858931,0.169482208,1.205652506,0.474104746,0.059361076
66.07322798,0.163261885,1.203791804,0.44886656,0.053540157
66.07786665,0.162938751,1.202740103,0.466893835,0.052045596
66.08250532,0.169966909,1.206057007,0.510159297,0.057787855
66.08714399,0.167220272,1.207108708,0.445261105,0.056922583
66.09178266,0.162373267,1.204519905,0.459682925,0.05157363
66.09642133,0.165523821,1.204843505,0.486723839,0.053146851
66.10106,0.170774743,1.207675008,0.486723839,0.058967771
66.10569867,0.164473636,1.205167106,0.441655649,0.053933462
66.11033734,0.162857968,1.202578303,0.461485653,0.051258986
66.11497601,0.168674374,1.203791804,0.50384975,0.055585345
66.11961468,0.168674374,1.204924405,0.452472015,0.057787855
66.12425335,0.162534834,1.200798501,0.451570651,0.051888274
66.12889202,0.164069719,1.199018699,0.473203382,0.051888274
66.13353069,0.170451609,1.200798501,0.497540204,0.058023838
66.13816936,0.164958337,1.198128798,0.435346103,0.055113378
66.14280803,0.1622117,1.193921994,0.456978834,0.051101663
66.1474467,0.166574005,1.193032093,0.493033385,0.05448409
66.15208537,0.169239858,1.194488294,0.462387016,0.058495805
66.15672404,0.162857968,1.191171391,0.442557013,0.05228158
66.16136271,0.162534834,1.189229789,0.46328838,0.051337647
66.16600138,0.169562992,1.191575891,0.504751114,0.056765261
66.17064005,0.166412438,1.191171391,0.439852922,0.056057311
66.17527872,0.162050134,1.188178088,0.456978834,0.051337647
66.17991739,0.16528147,1.188339888,0.486723839,0.052989529
66.18455606,0.170451609,1.191980392,0.483118383,0.058338482
66.18919473,0.163988936,1.189796089,0.439852922,0.052989529
66.1938334,0.1622117,1.186964586,0.460584289,0.051180325
66.19847207,0.168432024,1.188420788,0.502047023,0.055664006
66.20311074,0.16786654,1.189229789,0.447965196,0.057315888
66.20774941,0.16196935,1.184861184,0.450669287,0.051180325
66.21238808,0.163827369,1.183000482,0.473203382,0.052045596
66.21702675,0.170128476,1.185508385,0.494836113,0.05818116
66.22166542,0.164473636,1.183485883,0.436247467,0.054326768
66.22630409,0.16148465,1.179845379,0.457880198,0.05086568
66.23094276,0.166493222,1.180411679,0.494836113,0.054012123
66.23558143,0.168593591,1.182515082,0.459682925,0.058102499
66.2402201,0.1622117,1.179683579,0.443458377,0.051652291
66.24485877,0.162696401,1.178146477,0.464189744,0.051101663
66.24949744,0.169239858,1.179926279,0.502948387,0.056843922
66.25413611,0.165604604,1.179683579,0.437148831,0.055428023
66.25877478,0.161403866,1.175881275,0.455176106,0.050708358
66.26341345,0.165119904,1.175719474,0.484921111,0.052989529
66.26805212,0.169562992,1.177903777,0.477710201,0.058417143
66.27269079,0.163181101,1.175719474,0.438050194,0.052832207
66.27732946,0.16196935,1.172968872,0.459682925,0.050787019
66.28196813,0.168189673,1.174586873,0.502948387,0.055664006
66.2866068,0.166977922,1.176366675,0.445261105,0.057001244
66.29124547,0.161888567,1.173616072,0.450669287,0.050944341
66.29588414,0.163585019,1.172645271,0.475006109,0.051494969
66.30052281,0.169724558,1.175395874,0.491230657,0.057787855
66.30516148,0.164312069,1.174182373,0.435346103,0.054012123
66.30980015,0.161323083,1.17126997,0.457880198,0.050708358
66.31443882,0.166412438,1.173292472,0.497540204,0.054090784
66.31907749,0.16810889,1.175638574,0.458781561,0.057787855
66.32371616,0.162130917,1.172807071,0.447063832,0.051652291
66.32835483,0.162373267,1.17167447,0.466893835,0.051023002
66.3329935,0.169320641,1.174991374,0.502948387,0.057394549
66.33763217,0.165766171,1.174829574,0.437148831,0.055349362
66.34227084,0.16196935,1.172645271,0.457880198,0.050787019
66.34690951,0.165362254,1.173777872,0.490329294,0.052910868
66.35154818,0.169805342,1.178146477,0.477710201,0.058495805
66.35618685,0.163181101,1.177013876,0.442557013,0.052674885
66.36082552,0.162454051,1.176043075,0.464189744,0.050708358
66.36546419,0.168512807,1.182191481,0.512863388,0.056057311
66.37010286,0.167381839,1.19028149,0.459682925,0.056765261
66.37474153,0.162292484,1.197077097,0.475006109,0.05086568
66.3793802,0.16455442,1.203144604,0.498441568,0.052202919
66.38401887,0.170613176,1.20929301,0.506553842,0.057866516
66.38865754,0.164069719,1.208160409,0.447965196,0.053697479
66.39329621,0.162050134,1.204843505,0.467795199,0.050393714
66.39793488,0.167220272,1.204924405,0.504751114,0.054405429
66.40257355,0.168674374,1.205652506,0.459682925,0.057551872
66.40721222,0.162050134,1.201364802,0.449767924,0.051101663
66.41185089,0.162534834,1.198937799,0.468696563,0.051023002
66.41648956,0.169562992,1.201283902,0.502047023,0.057079905
66.42112823,0.165604604,1.1994232,0.435346103,0.055034717
66.4257669,0.161727,1.195054595,0.45607747,0.050629697
66.43040557,0.165523821,1.193760194,0.488526566,0.052989529
66.43504424,0.169643775,1.196106296,0.470499291,0.058023838
66.43968291,0.162777184,1.193760194,0.442557013,0.051966935
66.44432158,0.162050134,1.191980392,0.46328838,0.050551036
66.44896025,0.168997508,1.194650095,0.506553842,0.055742667
66.45359892,0.166816355,1.195297295,0.442557013,0.056135972
66.45823759,0.161807783,1.191575891,0.453373379,0.050629697
66.46287626,0.164392853,1.19028149,0.478611565,0.051966935
66.46751493,0.169643775,1.192142192,0.486723839,0.05818116
66.4721536,0.163665802,1.19044329,0.436247467,0.053540157
66.47679227,0.161807783,1.186721886,0.457880198,0.050708358
66.48143094,0.166816355,1.186964586,0.498441568,0.055034717
66.48606961,0.167947323,1.187854487,0.452472015,0.057866516
66.49070828,0.161888567,1.184699384,0.447063832,0.051180325
66.49534695,0.162857968,1.183081382,0.468696563,0.051416308
66.49998562,0.169482208,1.184861184,0.498441568,0.057394549
66.50462429,0.16479677,1.184375784,0.434444739,0.054562751
66.50926296,0.161242299,1.18138248,0.45607747,0.050472375
66.51390163,0.165766171,1.18122068,0.491230657,0.053382835
66.5185403,0.168916724,1.183566783,0.467795199,0.05818116
66.52317897,0.162534834,1.180007179,0.441655649,0.052045596
66.52781764,0.162050134,1.177903777,0.461485653,0.050551036
66.53245631,0.168674374,1.179926279,0.504751114,0.056135972
66.53709498,0.166574005,1.18081618,0.439852922,0.056135972
66.54173365,0.161807783,1.177580176,0.454274742,0.050551036
66.54637232,0.164473636,1.176609375,0.481315656,0.051966935
66.55101099,0.169724558,1.179683579,0.484921111,0.058102499
66.55564966,0.163423452,1.178065577,0.437148831,0.052910868
66.56028833,0.161727,1.175557674,0.458781561,0.050315053
66.564927,0.16786654,1.177337476,0.501145659,0.054720073
66.56956567,0.168270457,1.180330779,0.451570651,0.057315888
66.57420434,0.162615618,1.178955478,0.450669287,0.051023002
66.57884301,0.164069719,1.179440878,0.473203382,0.051023002
66.58348168,0.17093631,1.185184785,0.500244295,0.057551872
66.58812035,0.166089305,1.185751085,0.438050194,0.054405429
66.59275902,0.162777184,1.183728583,0.459682925,0.050472375
66.59739769,0.167301056,1.184861184,0.494836113,0.053540157
66.60203636,0.170693959,1.187773587,0.465992472,0.057945177
66.60667503,0.163827369,1.185265685,0.443458377,0.051966935
66.6113137,0.163827369,1.183243182,0.46328838,0.050944341
66.61595237,0.170290042,1.185103884,0.504751114,0.056450617
66.62059104,0.167381839,1.184942084,0.438951558,0.055821328
66.62522971,0.162777184,1.18138248,0.454274742,0.050708358
66.62986838,0.165927738,1.180249879,0.481315656,0.052202919
66.63450705,0.170855526,1.182919582,0.480414292,0.05818116
66.63914572,0.164069719,1.179845379,0.435346103,0.052753546
66.64378439,0.162615618,1.177256576,0.456978834,0.050393714
66.64842306,0.168997508,1.178955478,0.500244295,0.055034717
66.65306173,0.16835124,1.18049258,0.446162468,0.056765261
66.6577004,0.162615618,1.177337476,0.447965196,0.051180325
66.66233907,0.164150503,1.176690275,0.471400654,0.051494969
66.66697774,0.170693959,1.179764479,0.494836113,0.057787855
66.67161641,0.165200687,1.177822877,0.433543375,0.054090784
66.67625508,0.162373267,1.175153174,0.45607747,0.050551036
66.68089375,0.166897139,1.175719474,0.492132021,0.05377614
66.68553242,0.169482208,1.177256576,0.459682925,0.057473211
66.69017109,0.163181101,1.173939673,0.441655649,0.05157363
66.69480976,0.163423452,1.172240771,0.461485653,0.050472375
66.69944843,0.170128476,1.174182373,0.501145659,0.056529278
66.7040871,0.166654788,1.174263273,0.434444739,0.055428023
66.70872577,0.162777184,1.17118907,0.451570651,0.050315053
66.71336444,0.166008521,1.17159357,0.481315656,0.052124257
66.71800311,0.170532393,1.174667773,0.476808837,0.057866516
66.72264178,0.163746585,1.172240771,0.436247467,0.05228158
66.72728045,0.162777184,1.170056468,0.456978834,0.050236392
66.73191912,0.168755157,1.17175537,0.501145659,0.054798734
66.73655779,0.168189673,1.174344173,0.445261105,0.056529278
66.74119646,0.162615618,1.17191717,0.449767924,0.050708358
66.74583513,0.164312069,1.17110817,0.472302018,0.051101663
66.7504738,0.170451609,1.174586873,0.492132021,0.057473211
66.75511247,0.164958337,1.174182373,0.434444739,0.053618818
66.75975114,0.162454051,1.17143177,0.456978834,0.050393714
66.76438981,0.167381839,1.173130672,0.495737476,0.053933462
66.76902848,0.169643775,1.175719474,0.459682925,0.057866516
66.77366715,0.163100318,1.172564371,0.442557013,0.052045596
66.77830582,0.162857968,1.17167447,0.46328838,0.050629697
66.78294449,0.170128476,1.174829574,0.502047023,0.056843922
66.78758316,0.166574005,1.174748673,0.435346103,0.055192039
66.79222183,0.162373267,1.17183627,0.453373379,0.050551036
66.7968605,0.165685387,1.172159871,0.484921111,0.052674885
66.80149917,0.170128476,1.175072274,0.474104746,0.058259821
66.80613784,0.163261885,1.173130672,0.437148831,0.052596224
66.81077651,0.162534834,1.170865469,0.456978834,0.05086568
66.81541518,0.16835124,1.172402571,0.501145659,0.055506684
66.82005385,0.167220272,1.173130672,0.442557013,0.056607939
66.82469252,0.162130917,1.170460969,0.449767924,0.050944341
66.82933119,0.164150503,1.170137369,0.474104746,0.051494969
66.83396986,0.170128476,1.172564371,0.48942793,0.057866516
66.83860853,0.16455442,1.17118907,0.434444739,0.053618818
66.8432472,0.1622117,1.169247468,0.45607747,0.050472375
66.84788587,0.167381839,1.170703669,0.49663884,0.054326768
66.85252454,0.168916724,1.173939673,0.456978834,0.057630533
66.85716321,0.163181101,1.17151267,0.444359741,0.051652291
66.86180188,0.163423452,1.17118907,0.465992472,0.051101663
66.86644055,0.170290042,1.175476774,0.502948387,0.057158566
66.87107922,0.166493222,1.177499276,0.438050194,0.055113378
66.87571789,0.162696401,1.176852076,0.459682925,0.050787019
66.88035656,0.166574005,1.179926279,0.493033385,0.053146851
66.88499523,0.171097877,1.187288187,0.483118383,0.058259821
66.8896339,0.165362254,1.192627592,0.45607747,0.052438902
66.89427257,0.165362254,1.202740103,0.485822475,0.051023002
66.89891124,0.172794328,1.220295422,0.539904302,0.056371956
66.90354991,0.171744144,1.235585538,0.481315656,0.056607939
66.90818858,0.166977922,1.240115943,0.485822475,0.051180325
66.91282725,0.169482208,1.242947446,0.50384975,0.052045596
66.91746592,0.175379398,1.24739695,0.508356569,0.058338482
66.92210459,0.169401425,1.244808148,0.450669287,0.053697479
66.92674326,0.167301056,1.240924944,0.469597927,0.050629697
66.93138193,0.172713545,1.239630542,0.507455206,0.054720073
66.9360206,0.173602163,1.239145142,0.461485653,0.057630533
66.94065927,0.167301056,1.233724836,0.451570651,0.05157363
66.94529794,0.167785756,1.229113531,0.470499291,0.051337647
66.94993661,0.174571564,1.230246132,0.501145659,0.057473211
66.95457528,0.169886125,1.22765733,0.436247467,0.055349362
66.95921395,0.166089305,1.222722424,0.457880198,0.050787019
66.96385262,0.170209259,1.221508923,0.490329294,0.053618818
66.96849129,0.173844513,1.222641524,0.470499291,0.058574466
66.97312996,0.166977922,1.218111119,0.442557013,0.052438902
66.97776863,0.166897139,1.214147015,0.461485653,0.051416308
66.9824073,0.173117462,1.215198716,0.504751114,0.056529278
66.98704597,0.170774743,1.214308815,0.439852922,0.056293294
66.99168464,0.165846954,1.20888851,0.452472015,0.051023002
66.99632331,0.168512807,1.206299707,0.477710201,0.052596224
67.00096198,0.173521379,1.207755908,0.484921111,0.058574466
67.00560065,0.167139489,1.203549104,0.435346103,0.053225513
67.01023932,0.16503912,1.1996659,0.456978834,0.050472375
67.01487799,0.170613176,1.199585,0.498441568,0.054562751
67.01951666,0.171501794,1.2000704,0.450669287,0.057079905
67.02415533,0.165685387,1.195216395,0.446162468,0.050944341
67.028794,0.166574005,1.192627592,0.467795199,0.051180325
67.03343267,0.172875112,1.194407394,0.49663884,0.057158566
67.03807134,0.168189673,1.193112993,0.434444739,0.054169445
67.04271001,0.164312069,1.189715189,0.456978834,0.050629697
67.04734868,0.168835941,1.189715189,0.491230657,0.053382835
67.05198735,0.171905711,1.191818592,0.466893835,0.058102499
67.05662602,0.164877553,1.188906188,0.442557013,0.051730952
67.06126469,0.164473636,1.186479186,0.461485653,0.050472375
67.06590336,0.171259443,1.188016288,0.502948387,0.056607939
67.07054203,0.168432024,1.187611787,0.438951558,0.05597865
67.0751807,0.163908152,1.183485883,0.455176106,0.050787019
67.07981937,0.166250871,1.182353281,0.481315656,0.052202919
67.08445804,0.171097877,1.185589285,0.483118383,0.058338482
67.08909671,0.164715986,1.183647683,0.438050194,0.053382835
67.09373538,0.162857968,1.180249879,0.459682925,0.05086568
67.09837405,0.169159074,1.181544281,0.501145659,0.055428023
67.10301272,0.169239858,1.183647683,0.449767924,0.057709194
67.10765139,0.163423452,1.180330779,0.449767924,0.051809613
67.11229006,0.16503912,1.179926279,0.472302018,0.051730952
67.11692873,0.171986494,1.184780284,0.498441568,0.058023838
67.1215674,0.166977922,1.185508385,0.438050194,0.054562751
67.12620607,0.164150503,1.184780284,0.460584289,0.05086568
67.13084474,0.168432024,1.186964586,0.497540204,0.053933462
67.13548341,0.171582577,1.191009591,0.466893835,0.058259821
67.14012208,0.164877553,1.188016288,0.445261105,0.052202919
67.14476075,0.164877553,1.186155586,0.46328838,0.051258986
67.14939942,0.171501794,1.188258988,0.50384975,0.056843922
67.15403809,0.168593591,1.187692687,0.437148831,0.056057311
67.15867676,0.163746585,1.183243182,0.454274742,0.050944341
67.16331543,0.166412438,1.181544281,0.481315656,0.052596224
67.1679541,0.171501794,1.183971283,0.479512928,0.05818116
67.17259277,0.16503912,1.18097798,0.435346103,0.052989529
67.17723144,0.163746585,1.178065577,0.457880198,0.050708358
67.18187011,0.169482208,1.179279078,0.500244295,0.055506684
67.18650878,0.168674374,1.179683579,0.446162468,0.057158566
67.19114745,0.163261885,1.176285775,0.447965196,0.051180325
67.19578612,0.16479677,1.174667773,0.470499291,0.05157363
67.20042479,0.170693959,1.177175676,0.491230657,0.058023838
67.20506346,0.165443037,1.176204875,0.433543375,0.054169445
67.20970213,0.162857968,1.172807071,0.45607747,0.050629697
67.2143408,0.167785756,1.173616072,0.493033385,0.054169445
67.21897947,0.169966909,1.176932976,0.460584289,0.058023838
67.22361814,0.163504235,1.174344173,0.444359741,0.051416308
67.22825681,0.163504235,1.172159871,0.465091108,0.051023002
67.23289548,0.170451609,1.175881275,0.504751114,0.057079905
67.23753415,0.166977922,1.177741977,0.438951558,0.055742667
67.24217282,0.162696401,1.176123975,0.458781561,0.050944341
67.24681149,0.166250871,1.178308277,0.48942793,0.052832207
67.25145016,0.171340227,1.183081382,0.481315656,0.058259821
67.25608883,0.16479677,1.181625181,0.442557013,0.052517563
67.2607275,0.163908152,1.178550977,0.461485653,0.050629697
67.26536617,0.170451609,1.179683579,0.50384975,0.055585345
67.27000484,0.169320641,1.18097798,0.445261105,0.057001244
67.27464351,0.163665802,1.177580176,0.450669287,0.051337647
67.27928218,0.165604604,1.176366675,0.474104746,0.051809613
67.28392085,0.171501794,1.178631878,0.490329294,0.057945177
67.28855952,0.166008521,1.178227377,0.432642012,0.054169445
67.29319819,0.163261885,1.174748673,0.455176106,0.050629697
67.29783686,0.168189673,1.174991374,0.493934749,0.054248106
67.30247553,0.170128476,1.177418376,0.456978834,0.057866516
67.3071142,0.163504235,1.174667773,0.443458377,0.051730952
67.31175287,0.163585019,1.17135087,0.46328838,0.051023002
67.31639154,0.170290042,1.173777872,0.500244295,0.057237227
67.32103021,0.166654788,1.174344173,0.435346103,0.055428023
67.32566888,0.162292484,1.17167447,0.45607747,0.05086568
67.33030755,0.166008521,1.173130672,0.488526566,0.052674885
67.33494622,0.170209259,1.177337476,0.475907473,0.058495805
67.33958489,0.163585019,1.175800375,0.440754286,0.052360241
67.34422356,0.162454051,1.174344173,0.461485653,0.050472375
67.34886223,0.169239858,1.177499276,0.505652478,0.055664006
67.3535009,0.167704973,1.179036378,0.444359741,0.056450617
67.35813957,0.162373267,1.175962175,0.453373379,0.050551036
67.36277824,0.164312069,1.174991374,0.476808837,0.05157363
67.36741691,0.170693959,1.178955478,0.490329294,0.057709194
67.37205558,0.164877553,1.177661077,0.437148831,0.053697479
67.37669425,0.162454051,1.175153174,0.459682925,0.050236392
67.38133292,0.168028107,1.176609375,0.499342932,0.054405429
67.38597159,0.169239858,1.179036378,0.457880198,0.057473211
67.39061026,0.163100318,1.176123975,0.447965196,0.051494969
67.39524893,0.163827369,1.175072274,0.469597927,0.050944341
67.3998876,0.170613176,1.179117278,0.502948387,0.057394549
67.40452627,0.166250871,1.179926279,0.439852922,0.055192039
67.40916494,0.162857968,1.178065577,0.459682925,0.050944341
67.41380361,0.166170088,1.179117278,0.493934749,0.05306819
67.41844228,0.170209259,1.183404983,0.476808837,0.058023838
67.42308095,0.163746585,1.183000482,0.446162468,0.052360241
67.42771962,0.163423452,1.181948781,0.465091108,0.050787019
67.43235829,0.169482208,1.185184785,0.509257933,0.055821328
67.43699696,0.16762419,1.187935387,0.445261105,0.056450617
67.44163563,0.162615618,1.186236486,0.457880198,0.050944341
67.4462743,0.165119904,1.187207287,0.484019747,0.051809613
67.45091297,0.171259443,1.192142192,0.492132021,0.058023838
67.45555164,0.164715986,1.191414091,0.440754286,0.053304174
67.46019031,0.163181101,1.189067989,0.462387016,0.050551036
67.46482898,0.168755157,1.19076689,0.502948387,0.054326768
67.46946765,0.169562992,1.192061292,0.455176106,0.057237227
67.47410632,0.163342668,1.188420788,0.44886656,0.050944341
67.47874499,0.164150503,1.186398286,0.469597927,0.050787019
67.48338366,0.17093631,1.189148889,0.500244295,0.057079905
67.48802233,0.166412438,1.188097188,0.436247467,0.054562751
67.492661,0.162615618,1.184375784,0.456978834,0.050157731
67.49729967,0.166977922,1.184699384,0.492132021,0.052989529
67.50193834,0.170613176,1.187369087,0.470499291,0.057945177
67.50657701,0.163504235,1.184213983,0.442557013,0.052202919
67.51121568,0.162615618,1.181867881,0.462387016,0.050629697
67.51585435,0.169078291,1.184052183,0.506553842,0.056214633
67.52049302,0.167462623,1.185184785,0.441655649,0.056214633
67.52513169,0.1622117,1.18113978,0.45607747,0.051023002
67.52977036,0.16479677,1.18057348,0.483118383,0.052202919
67.53440903,0.169966909,1.183971283,0.485822475,0.058102499
67.5390477,0.163827369,1.182029681,0.438050194,0.053146851
67.54368637,0.1622117,1.179602679,0.459682925,0.050708358
67.54832504,0.168028107,1.181948781,0.50384975,0.054562751
67.55296371,0.168432024,1.185508385,0.45607747,0.057079905
67.55760238,0.162534834,1.184456684,0.453373379,0.050944341
67.56224105,0.163827369,1.183566783,0.474104746,0.051101663
67.56687972,0.170693959,1.186074685,0.501145659,0.057551872
67.57151839,0.165685387,1.185751085,0.438050194,0.054326768
67.57615706,0.162292484,1.183000482,0.458781561,0.050393714
67.58079573,0.166735572,1.183971283,0.493934749,0.053540157
67.5854344,0.169724558,1.187530887,0.467795199,0.05818116
67.59007307,0.163100318,1.186560086,0.447965196,0.051966935
67.59471174,0.162615618,1.185751085,0.467795199,0.050629697
67.59935041,0.169320641,1.189472489,0.511060661,0.056214633
67.60398908,0.167220272,1.191818592,0.446162468,0.055742667
67.60862775,0.162857968,1.19068599,0.462387016,0.050708358
67.61326642,0.165604604,1.191737691,0.490329294,0.05228158
67.61790509,0.171017093,1.196915297,0.48942793,0.058102499
67.62254376,0.16455442,1.196834397,0.446162468,0.052910868
67.62718243,0.163423452,1.197562498,0.469597927,0.050629697
67.6318211,0.169886125,1.204358105,0.51556748,0.055113378
67.63645977,0.170451609,1.214227915,0.467795199,0.057158566
67.64109844,0.165200687,1.221023523,0.473203382,0.051258986
67.64573711,0.167058706,1.22846633,0.497540204,0.051416308
67.65037578,0.173925296,1.23736534,0.516468843,0.057787855
67.65501445,0.168997508,1.238497941,0.451570651,0.054169445
67.65965312,0.165766171,1.235181038,0.470499291,0.050472375
67.66429179,0.170290042,1.234452937,0.502948387,0.053697479
67.66893046,0.172875112,1.235342838,0.469597927,0.05818116
67.67356913,0.166574005,1.230407932,0.44886656,0.051494969
67.6782078,0.166089305,1.226524728,0.466893835,0.050944341
67.68284647,0.172713545,1.226524728,0.506553842,0.056922583
67.68748514,0.169401425,1.223774125,0.438050194,0.055899989
67.69212381,0.16503912,1.21867742,0.45607747,0.050472375
67.69676248,0.16762419,1.216169517,0.484921111,0.052438902
67.70140115,0.172471195,1.21819202,0.481315656,0.058259821
67.70603982,0.165523821,1.214308815,0.438951558,0.052910868
67.71067849,0.16455442,1.210102011,0.459682925,0.05086568
67.71531716,0.170370826,1.210425611,0.502948387,0.055506684
67.71995583,0.169401425,1.210344711,0.447063832,0.057158566
67.7245945,0.163908152,1.205895206,0.451570651,0.051023002
67.72923317,0.16528147,1.203710904,0.475006109,0.051966935
67.73387184,0.171582577,1.205409806,0.493934749,0.057945177
67.73851051,0.166250871,1.202740103,0.435346103,0.054012123
67.74314918,0.163665802,1.198856899,0.458781561,0.050629697
67.74778785,0.168028107,1.198695099,0.499342932,0.054012123
67.75242652,0.170290042,1.200636701,0.464189744,0.058023838
67.75706519,0.163504235,1.196429896,0.449767924,0.051494969
67.76170386,0.163908152,1.193679294,0.470499291,0.050944341
67.76634253,0.170855526,1.195863596,0.509257933,0.056765261
67.7709812,0.167139489,1.195297295,0.441655649,0.055192039
67.77561987,0.162938751,1.192223092,0.459682925,0.050708358
67.78025854,0.166493222,1.192708492,0.491230657,0.052753546
67.78489721,0.171017093,1.194730995,0.481315656,0.058338482
67.78953588,0.164392853,1.191333191,0.442557013,0.052438902
67.79417455,0.162857968,1.188501688,0.46328838,0.050708358
67.79881322,0.169805342,1.19011969,0.507455206,0.055585345
67.80345189,0.168512807,1.191333191,0.447965196,0.056843922
67.80809056,0.162938751,1.188097188,0.454274742,0.051101663
67.81272923,0.16503912,1.187045486,0.478611565,0.051494969
67.8173679,0.171340227,1.191009591,0.493934749,0.057945177
67.82200657,0.165362254,1.19028149,0.438050194,0.053933462
67.82664524,0.163504235,1.189067989,0.461485653,0.050315053
67.83128391,0.168674374,1.19044329,0.501145659,0.054405429
67.83592258,0.170774743,1.193841094,0.462387016,0.057787855
67.84056125,0.164877553,1.191737691,0.449767924,0.051652291
67.84519992,0.16503912,1.19011969,0.467795199,0.051023002
67.84983859,0.17142101,1.192870293,0.502948387,0.056922583
67.85447726,0.167220272,1.191899492,0.438050194,0.055034717
67.85911593,0.163261885,1.187692687,0.456978834,0.050708358
67.8637546,0.167058706,1.187126387,0.488526566,0.053146851
67.86839327,0.171340227,1.189472489,0.474104746,0.058338482
67.87303194,0.164877553,1.187207287,0.441655649,0.05228158
67.87767061,0.16455442,1.185346585,0.46328838,0.050393714
67.88230928,0.17142101,1.188178088,0.507455206,0.05597865
67.88694795,0.170370826,1.19068599,0.447965196,0.056529278
67.89158662,0.165523821,1.187854487,0.457880198,0.051101663
67.89622529,0.167543406,1.187692687,0.48221702,0.051966935
67.90086396,0.173682946,1.190847791,0.492132021,0.057945177
67.90550263,0.16810889,1.187854487,0.438050194,0.053540157
67.9101413,0.165604604,1.184537584,0.459682925,0.050629697
67.91477997,0.170532393,1.185508385,0.499342932,0.054405429
67.91941864,0.17166336,1.187369087,0.45607747,0.057473211
67.92405731,0.165443037,1.183647683,0.446162468,0.051180325
67.92869598,0.166412438,1.181706081,0.466893835,0.05086568
67.93333465,0.173198245,1.184213983,0.499342932,0.057551872
67.93797332,0.16835124,1.183566783,0.434444739,0.055113378
67.94261199,0.164715986,1.179683579,0.455176106,0.050708358
67.94725066,0.168432024,1.180088079,0.488526566,0.052910868
67.95188933,0.171986494,1.182757782,0.470499291,0.058023838
67.956528,0.165362254,1.18065438,0.440754286,0.052202919
67.96116667,0.164715986,1.178308277,0.460584289,0.050787019
67.96580534,0.171501794,1.18130158,0.50384975,0.056214633
67.97044401,0.168674374,1.182595982,0.441655649,0.056293294
67.97508268,0.163827369,1.179359978,0.453373379,0.050787019
67.97972135,0.166412438,1.178550977,0.479512928,0.052045596
67.98436002,0.171501794,1.18089708,0.486723839,0.05818116
67.98899869,0.165443037,1.178874578,0.436247467,0.053225513
67.99363736,0.163342668,1.175962175,0.456978834,0.050551036
67.99827603,0.168512807,1.177418376,0.497540204,0.054720073
68.0029147,0.169482208,1.178389177,0.450669287,0.057473211
68.00755337,0.163908152,1.175557674,0.446162468,0.051416308
68.01219204,0.164715986,1.174344173,0.465992472,0.051494969
68.01683071,0.171340227,1.178065577,0.49663884,0.057473211
68.02146938,0.165927738,1.177418376,0.434444739,0.054405429
68.02610805,0.162938751,1.174182373,0.455176106,0.050472375
68.03074672,0.167301056,1.174991374,0.490329294,0.053382835
68.03538539,0.170693959,1.177822877,0.466893835,0.057945177
68.04002406,0.163908152,1.175476774,0.440754286,0.051966935
68.04466273,0.163504235,1.173616072,0.459682925,0.050551036
68.0493014,0.170613176,1.176204875,0.502948387,0.056293294
68.05394007,0.167462623,1.177013876,0.438951558,0.055742667
68.05857874,0.162454051,1.173939673,0.453373379,0.050787019
68.06321741,0.165443037,1.174182373,0.481315656,0.052045596
68.06785608,0.17093631,1.177661077,0.484019747,0.058338482
68.07249475,0.16455442,1.175881275,0.436247467,0.053304174
68.07713342,0.162615618,1.173454272,0.457880198,0.050393714
68.08177209,0.168593591,1.175234074,0.500244295,0.055034717
68.08641076,0.168755157,1.177984677,0.449767924,0.057079905
68.09104943,0.162696401,1.175072274,0.44886656,0.051494969
68.0956881,0.164231286,1.174425073,0.470499291,0.051494969
68.10032677,0.170774743,1.178550977,0.49663884,0.058102499
68.10496544,0.16528147,1.178955478,0.436247467,0.054720073
68.10960411,0.16196935,1.176932976,0.458781561,0.051023002
68.11424278,0.166654788,1.178550977,0.494836113,0.053854801
68.11888145,0.169643775,1.182595982,0.467795199,0.058338482
68.12352012,0.163423452,1.181706081,0.446162468,0.052124257
68.12815879,0.162938751,1.181463381,0.466893835,0.051337647
68.13279746,0.170128476,1.187045486,0.511060661,0.056922583
68.13743613,0.167704973,1.192223092,0.449767924,0.055899989
68.1420748,0.163423452,1.194326494,0.470499291,0.050944341
68.14671347,0.166977922,1.199585,0.501145659,0.052596224
68.15135214,0.172067278,1.207432308,0.501145659,0.058417143
68.15599081,0.166250871,1.20888851,0.454274742,0.05306819
68.16062948,0.164473636,1.207998609,0.473203382,0.050551036
68.16526815,0.170613176,1.210263811,0.512863388,0.055349362
68.16990682,0.169966909,1.211234612,0.457880198,0.056922583
68.17454549,0.163988936,1.208160409,0.458781561,0.051337647
68.17918416,0.165927738,1.207108708,0.479512928,0.051652291
68.18382283,0.172390411,1.210668312,0.502047023,0.057945177
68.1884615,0.16762419,1.210425611,0.445261105,0.054405429
68.19310017,0.16455442,1.20880761,0.465992472,0.050551036
68.19773884,0.169562992,1.20905031,0.501145659,0.053697479
68.20237751,0.171501794,1.210344711,0.466893835,0.058023838
68.20701618,0.165200687,1.206461507,0.447063832,0.051888274
68.21165485,0.164877553,1.203144604,0.466893835,0.05086568
68.21629352,0.171905711,1.204762605,0.506553842,0.056922583
68.22093219,0.168593591,1.203710904,0.438951558,0.055506684
68.22557086,0.164150503,1.199261399,0.456978834,0.050787019
68.23020953,0.167301056,1.198128798,0.485822475,0.052596224
68.2348482,0.171824927,1.1999086,0.478611565,0.058574466
68.23948687,0.16528147,1.196915297,0.438050194,0.052753546
68.24412554,0.163988936,1.194407394,0.458781561,0.050708358
68.24876421,0.169724558,1.194973695,0.502047023,0.055585345
68.25340288,0.168916724,1.195459095,0.445261105,0.057001244
68.25804155,0.163261885,1.191494991,0.450669287,0.051180325
68.26268022,0.165443037,1.189715189,0.473203382,0.051809613
68.26731889,0.17142101,1.191980392,0.490329294,0.057945177
68.27195756,0.165766171,1.189796089,0.432642012,0.054090784
68.27659623,0.162938751,1.185831985,0.455176106,0.050629697
68.2812349,0.168028107,1.186721886,0.493033385,0.054248106
68.28587357,0.170047692,1.188744388,0.456978834,0.058102499
68.29051224,0.163827369,1.185184785,0.442557013,0.051888274
68.29515091,0.163827369,1.182434182,0.462387016,0.051180325
68.29978958,0.170128476,1.184861184,0.501145659,0.057315888
68.30442825,0.166250871,1.184537584,0.434444739,0.055349362
68.30906692,0.162534834,1.181625181,0.454274742,0.050708358
68.31370559,0.165685387,1.181544281,0.484921111,0.052989529
68.31834426,0.169966909,1.184213983,0.475006109,0.058495805
68.32298293,0.163019535,1.181706081,0.438050194,0.052517563
68.3276216,0.162130917,1.179279078,0.457880198,0.050629697
68.33226027,0.168835941,1.18105888,0.502948387,0.055742667
68.33689894,0.167381839,1.182595982,0.444359741,0.0566866
68.34153761,0.162373267,1.180088079,0.453373379,0.051101663
68.34617628,0.164312069,1.179602679,0.477710201,0.051730952
68.35081495,0.170370826,1.182434182,0.491230657,0.058102499
68.35545362,0.164231286,1.18113978,0.436247467,0.053854801
68.36009229,0.161888567,1.178550977,0.458781561,0.050629697
68.36473096,0.167058706,1.179764479,0.497540204,0.054562751
68.36936963,0.168512807,1.181948781,0.457880198,0.057866516
68.3740083,0.162454051,1.179279078,0.447965196,0.051652291
68.37864697,0.162534834,1.177580176,0.469597927,0.051337647
68.38328564,0.169966909,1.182353281,0.504751114,0.057630533
68.38792431,0.165766171,1.182353281,0.438951558,0.055428023
68.39256298,0.16196935,1.180330779,0.459682925,0.050944341
68.39720165,0.165766171,1.18065438,0.492132021,0.053225513
68.40184032,0.169643775,1.184537584,0.477710201,0.058417143
68.40647899,0.163019535,1.183000482,0.445261105,0.052753546
68.41111766,0.162777184,1.181786981,0.465091108,0.051101663
68.41575633,0.168997508,1.184052183,0.508356569,0.056371956
68.420395,0.167301056,1.185751085,0.446162468,0.056765261
68.42503367,0.162130917,1.183162282,0.45607747,0.05086568
68.42967234,0.164150503,1.182838682,0.481315656,0.051809613
68.43431101,0.169966909,1.185589285,0.491230657,0.057945177
68.43894968,0.164150503,1.184294884,0.437148831,0.053382835
68.44358835,0.161888567,1.181786981,0.459682925,0.050629697
68.44822702,0.16786654,1.183728583,0.500244295,0.054562751
68.45286569,0.169239858,1.186721886,0.455176106,0.057315888
68.45750436,0.162938751,1.183971283,0.447965196,0.051337647
68.46214303,0.163827369,1.182676882,0.468696563,0.051101663
68.4667817,0.170532393,1.185831985,0.501145659,0.057473211
68.47142037,0.165685387,1.186236486,0.437148831,0.054877395
68.47605904,0.1622117,1.183971283,0.457880198,0.050944341
68.48069771,0.166574005,1.185184785,0.492132021,0.053225513
68.48533638,0.170047692,1.188744388,0.471400654,0.058338482
68.48997505,0.163261885,1.187611787,0.443458377,0.052202919
68.49461372,0.162938751,1.187449987,0.464189744,0.051023002
68.49925239,0.169482208,1.191575891,0.508356569,0.056293294
68.50389106,0.167301056,1.194973695,0.445261105,0.056371956
68.50852973,0.162534834,1.194407394,0.460584289,0.051023002
68.5131684,0.165766171,1.198533299,0.490329294,0.052202919
68.51780707,0.171340227,1.206785107,0.500244295,0.058417143
68.52244574,0.165523821,1.209940211,0.454274742,0.053540157
68.52708441,0.164231286,1.211315512,0.475006109,0.050551036
68.53172308,0.169724558,1.214956016,0.513764752,0.054720073
68.53636175,0.170693959,1.217302119,0.46328838,0.057237227
68.54100042,0.164635203,1.213338014,0.45607747,0.051258986
68.54563909,0.165443037,1.210587411,0.476808837,0.051416308
68.55027776,0.172228844,1.212609914,0.502948387,0.057866516
68.55491643,0.167381839,1.210830112,0.438951558,0.054798734
68.5595551,0.163827369,1.207189608,0.459682925,0.051023002
68.56419377,0.168270457,1.207270508,0.493934749,0.053540157
68.56883244,0.17117866,1.20953571,0.468696563,0.058495805
68.57347111,0.164392853,1.206218807,0.444359741,0.052360241
68.57810978,0.164635203,1.204196305,0.465091108,0.051023002
68.58274845,0.17117866,1.208645809,0.510159297,0.056450617
68.58738712,0.168512807,1.212043613,0.447965196,0.056057311
68.59202579,0.163504235,1.210749212,0.462387016,0.05086568
68.59666446,0.166574005,1.210991912,0.488526566,0.052202919
68.60130313,0.171582577,1.214147015,0.48942793,0.058338482
68.6059418,0.165523821,1.212043613,0.442557013,0.053146851
68.61058047,0.163504235,1.20913121,0.462387016,0.05086568
68.61521914,0.169562992,1.209778411,0.502948387,0.055034717
68.61985781,0.169401425,1.210182911,0.451570651,0.056765261
68.62449648,0.163665802,1.206299707,0.450669287,0.051023002
68.62913515,0.164877553,1.203387304,0.472302018,0.051494969
68.63377382,0.17142101,1.206218807,0.495737476,0.057630533
68.63841249,0.166250871,1.204439005,0.435346103,0.05448409
68.64305116,0.162857968,1.200313101,0.45607747,0.050708358
68.64768983,0.167220272,1.1996659,0.492132021,0.053697479
68.6523285,0.169724558,1.201445702,0.46328838,0.057945177
68.65696717,0.163585019,1.198937799,0.443458377,0.051888274
68.66160584,0.163423452,1.196996197,0.46328838,0.050787019
68.66624451,0.170047692,1.199261399,0.505652478,0.056607939
68.67088318,0.167139489,1.1993423,0.439852922,0.055899989
68.67552185,0.162454051,1.196672597,0.456978834,0.050944341
68.68016052,0.166089305,1.197077097,0.486723839,0.052910868
68.68479919,0.170693959,1.200313101,0.484921111,0.058495805
68.68943786,0.163988936,1.198047898,0.442557013,0.052832207
68.69407653,0.162615618,1.196187196,0.464189744,0.050629697
68.6987152,0.168674374,1.199585,0.511962024,0.055664006
68.70335387,0.16835124,1.203306404,0.460584289,0.057079905
68.70799254,0.162534834,1.201445702,0.465992472,0.051258986
68.71263121,0.164150503,1.200474901,0.48942793,0.05157363
68.71726988,0.170451609,1.204519905,0.509257933,0.057945177
68.72190855,0.165200687,1.203387304,0.449767924,0.054248106
68.72654722,0.1622117,1.1999086,0.469597927,0.05086568
68.73118589,0.166977922,1.200717601,0.505652478,0.054169445
68.73582456,0.169320641,1.202740103,0.469597927,0.057787855
68.74046323,0.163181101,1.199261399,0.449767924,0.051809613
68.7451019,0.163261885,1.196672597,0.469597927,0.051180325
68.74974057,0.169805342,1.197886098,0.507455206,0.057158566
68.75437924,0.166412438,1.197724298,0.441655649,0.055664006
68.75901791,0.162777184,1.194811895,0.459682925,0.050944341
68.76365658,0.165523821,1.194245594,0.488526566,0.052832207
68.76829525,0.170370826,1.197562498,0.48221702,0.058338482
68.77293392,0.164150503,1.194164694,0.441655649,0.052753546
68.77757259,0.163019535,1.191252291,0.461485653,0.051023002
68.78221126,0.168916724,1.191899492,0.50384975,0.055821328
68.78684993,0.168189673,1.193436593,0.445261105,0.056765261
68.7914886,0.162534834,1.189796089,0.451570651,0.050944341
68.79612727,0.164473636,1.189391589,0.475006109,0.05157363
68.80076594,0.170774743,1.192627592,0.491230657,0.057866516
68.80540461,0.16528147,1.191494991,0.434444739,0.053854801
68.81004328,0.162777184,1.188663488,0.456978834,0.050708358
68.81468195,0.168270457,1.189472489,0.495737476,0.054326768
68.81932062,0.170613176,1.191899492,0.457880198,0.057630533
68.82395929,0.164150503,1.188339888,0.445261105,0.051652291
68.82859796,0.164635203,1.186236486,0.464189744,0.051023002
68.83323663,0.171501794,1.18995789,0.501145659,0.056922583
68.8378753,0.16786654,1.19028149,0.435346103,0.055428023
68.84251397,0.163746585,1.186479186,0.455176106,0.050944341
68.84715264,0.166977922,1.186398286,0.487625202,0.052989529
68.85179131,0.17166336,1.189553389,0.475006109,0.058259821
68.85642998,0.164877553,1.186802786,0.441655649,0.052517563
68.86106865,0.163908152,1.184861184,0.461485653,0.050472375
68.86570732,0.169886125,1.186479186,0.505652478,0.055821328
68.87034599,0.168674374,1.187530887,0.446162468,0.056843922
68.87498466,0.163100318,1.184294884,0.454274742,0.050944341
68.87962333,0.165523821,1.183728583,0.479512928,0.051730952
68.884262,0.171017093,1.187126387,0.492132021,0.057709194
68.88890067,0.165119904,1.185022984,0.438050194,0.05377614
68.89353934,0.162696401,1.182434182,0.460584289,0.050629697
68.89817801,0.168270457,1.184456684,0.500244295,0.054326768
68.90281668,0.169562992,1.186964586,0.457880198,0.057473211
68.90745535,0.163504235,1.184456684,0.447965196,0.05157363
68.91209402,0.164392853,1.183324083,0.467795199,0.051258986
68.91673269,0.170855526,1.185346585,0.500244295,0.057394549
68.92137136,0.166897139,1.184699384,0.434444739,0.055113378
68.92601003,0.163019535,1.18122068,0.454274742,0.050944341
68.9306487,0.166897139,1.18073528,0.487625202,0.053146851
68.93528737,0.170532393,1.183971283,0.470499291,0.058495805
68.93992604,0.164150503,1.181867881,0.438050194,0.052674885
68.94456471,0.163181101,1.179279078,0.457880198,0.050944341
68.94920338,0.169643775,1.18097798,0.502047023,0.056607939
68.95384205,0.167947323,1.182434182,0.440754286,0.0566866
68.95848072,0.163181101,1.180411679,0.452472015,0.051258986
68.96311939,0.165443037,1.180088079,0.479512928,0.052202919
68.96775806,0.171097877,1.183890383,0.48942793,0.058574466
68.97239673,0.16528147,1.183404983,0.438050194,0.054012123
68.9770354,0.163181101,1.182434182,0.461485653,0.051180325
68.98167407,0.16835124,1.185993785,0.502948387,0.055506684
68.98631274,0.169966909,1.192384892,0.46328838,0.057787855
68.99095141,0.163988936,1.197157997,0.464189744,0.051809613
68.99559008,0.165200687,1.204439005,0.490329294,0.051730952
69.00022875,0.172228844,1.214713316,0.52277839,0.057866516
69.00486742,0.168432024,1.220376322,0.459682925,0.0552707
69.00950609,0.164958337,1.221508923,0.477710201,0.051258986
69.01414476,0.168916724,1.224016826,0.508356569,0.053933462
69.01878343,0.172471195,1.227010129,0.48221702,0.058810449
69.0234221,0.165846954,1.223855026,0.451570651,0.052832207
69.02806077,0.165362254,1.221266223,0.469597927,0.05157363
69.03269944,0.171986494,1.222560624,0.510159297,0.056922583
69.03733811,0.169805342,1.222560624,0.446162468,0.056765261
69.04197678,0.16479677,1.218030219,0.457880198,0.051337647
69.04661545,0.166977922,1.217059418,0.484921111,0.052832207
69.05125412,0.172713545,1.219648221,0.48942793,0.058810449
69.05589279,0.166574005,1.21819202,0.441655649,0.053697479
69.06053146,0.164635203,1.215684117,0.462387016,0.05086568
69.06517013,0.170128476,1.216088617,0.502948387,0.055585345
69.0698088,0.170451609,1.216816718,0.454274742,0.057787855
69.07444747,0.164473636,1.212933514,0.451570651,0.051730952
69.07908614,0.165685387,1.210263811,0.472302018,0.05157363
69.08372481,0.172551978,1.212205413,0.499342932,0.058102499
69.08836348,0.167543406,1.210991912,0.437148831,0.055034717
69.09300215,0.164392853,1.207594108,0.457880198,0.050944341
69.09764082,0.168674374,1.207675008,0.493033385,0.053854801
69.10227949,0.171501794,1.20961661,0.467795199,0.058574466
69.10691816,0.164877553,1.206461507,0.444359741,0.05228158
69.11155683,0.164473636,1.204277205,0.464189744,0.051101663
69.1161955,0.171259443,1.207108708,0.507455206,0.056843922
69.12083417,0.168755157,1.207108708,0.441655649,0.056293294
69.12547284,0.163827369,1.203387304,0.457880198,0.051258986
69.13011151,0.167139489,1.204600805,0.485822475,0.052674885
69.13475018,0.172228844,1.208645809,0.486723839,0.058653127
69.13938885,0.165846954,1.207108708,0.440754286,0.053618818
69.14402752,0.163988936,1.204358105,0.462387016,0.051023002
69.14866619,0.170290042,1.206299707,0.504751114,0.055664006
69.15330486,0.170290042,1.20945481,0.452472015,0.057394549
69.15794353,0.164473636,1.205814306,0.451570651,0.051337647
69.1625822,0.165846954,1.203710904,0.474104746,0.051809613
69.16722087,0.172228844,1.206542407,0.49663884,0.058023838
69.17185954,0.166654788,1.205328906,0.436247467,0.05448409
69.17649821,0.163827369,1.202416503,0.457880198,0.050787019
69.18113688,0.16810889,1.203144604,0.494836113,0.054012123
69.18577555,0.17117866,1.206299707,0.465091108,0.058102499
69.19041422,0.16479677,1.203144604,0.445261105,0.051888274
69.19505289,0.164392853,1.202092902,0.465091108,0.050787019
69.19969156,0.171340227,1.206380607,0.507455206,0.0566866
69.20433023,0.168270457,1.208726709,0.443458377,0.055664006
69.2089689,0.164473636,1.208484009,0.462387016,0.050787019
69.21360757,0.167543406,1.211720013,0.491230657,0.052517563
69.21824624,0.172794328,1.217625719,0.488526566,0.058495805
69.22288491,0.166654788,1.21827292,0.447965196,0.053146851
69.22752358,0.165604604,1.21843472,0.468696563,0.05086568
69.23216225,0.17142101,1.222317924,0.510159297,0.055428023
69.23680092,0.171017093,1.224906727,0.455176106,0.057158566
69.24143959,0.165766171,1.221832523,0.456978834,0.051337647
69.24607826,0.167220272,1.220538122,0.478611565,0.051809613
69.25071693,0.173682946,1.224097726,0.498441568,0.058102499
69.2553556,0.168755157,1.222560624,0.438951558,0.054169445
69.25999427,0.165685387,1.21843472,0.459682925,0.050944341
69.26463294,0.170209259,1.21859652,0.49663884,0.054169445
69.26927161,0.172551978,1.220619022,0.46328838,0.058338482
69.27391028,0.165766171,1.217221218,0.446162468,0.051888274
69.27854895,0.166089305,1.215198716,0.465992472,0.051494969
69.28318762,0.172875112,1.217787519,0.505652478,0.057394549
69.28782629,0.169401425,1.217706619,0.439852922,0.05597865
69.29246496,0.16503912,1.214308815,0.459682925,0.051101663
69.29710363,0.168755157,1.214470616,0.490329294,0.052674885
69.3017423,0.173198245,1.218030219,0.48221702,0.058495805
69.30638097,0.166654788,1.215926817,0.443458377,0.052910868
69.31101964,0.165523821,1.214551516,0.465992472,0.05086568
69.31565831,0.17166336,1.217463919,0.511060661,0.05597865
69.32029698,0.17093631,1.220214522,0.455176106,0.057237227
69.32493565,0.165846954,1.21900102,0.465091108,0.051337647
69.32957432,0.167462623,1.220538122,0.491230657,0.052045596
69.33421299,0.173763729,1.225473027,0.506553842,0.058495805
69.33885166,0.168189673,1.225715727,0.44886656,0.054248106
69.34349033,0.165443037,1.225230327,0.470499291,0.05086568
69.348129,0.171097877,1.229598932,0.509257933,0.054326768
69.35276767,0.173198245,1.235261938,0.470499291,0.057866516
69.35740634,0.166816355,1.234776537,0.456978834,0.051809613
69.36204501,0.167462623,1.235504638,0.477710201,0.051023002
69.36668368,0.174329213,1.241005844,0.512863388,0.057394549
69.37132235,0.170290042,1.242057545,0.446162468,0.055428023
69.37596102,0.166412438,1.239468742,0.46328838,0.051023002
69.38059969,0.169643775,1.239873243,0.494836113,0.053146851
69.38523836,0.17400608,1.241733944,0.479512928,0.058417143
69.38987703,0.167301056,1.239306942,0.446162468,0.052674885
69.3945157,0.166735572,1.23712264,0.465992472,0.050629697
69.39915437,0.172551978,1.238497941,0.509257933,0.056135972
69.40379304,0.17142101,1.239549642,0.447965196,0.056922583
69.40843171,0.166331655,1.236232739,0.456978834,0.05157363
69.41307038,0.16810889,1.235019237,0.48221702,0.05228158
69.41770905,0.17400608,1.239549642,0.495737476,0.05818116
69.42234772,0.168189673,1.240358643,0.443458377,0.05377614
69.42698639,0.165685387,1.240035043,0.467795199,0.050708358
69.43162506,0.170855526,1.242300245,0.506553842,0.054641412
69.43626373,0.172471195,1.244969948,0.46328838,0.057551872
69.4409024,0.166250871,1.241329444,0.452472015,0.051337647
69.44554107,0.166897139,1.239549642,0.472302018,0.050944341
69.45017974,0.173198245,1.241248544,0.505652478,0.057315888
69.45481841,0.168593591,1.240358643,0.439852922,0.055034717
69.45945708,0.165119904,1.236556339,0.460584289,0.050472375
69.46409575,0.169078291,1.236394539,0.493934749,0.053304174
69.46873442,0.172632762,1.238336141,0.476808837,0.058259821
69.47337309,0.166008521,1.234857437,0.445261105,0.052517563
69.47801176,0.165604604,1.232025934,0.465091108,0.050629697
69.48265043,0.171501794,1.232834935,0.508356569,0.056057311
69.4872891,0.170047692,1.233320336,0.443458377,0.056371956
69.49192777,0.16503912,1.229032631,0.455176106,0.05086568
69.49656644,0.16762419,1.227171929,0.479512928,0.051809613
69.50120511,0.172551978,1.22846633,0.487625202,0.058023838
69.50584378,0.166331655,1.225553927,0.436247467,0.053540157
69.51048245,0.164231286,1.222075224,0.458781561,0.050944341
69.51512112,0.169886125,1.222803324,0.500244295,0.054562751
69.51975979,0.170693959,1.223935926,0.455176106,0.057315888
69.52439846,0.16479677,1.220861722,0.450669287,0.051337647
69.52903713,0.165766171,1.21867742,0.471400654,0.051258986
69.5336758,0.171986494,1.221185323,0.502047023,0.057630533
69.53831447,0.167058706,1.219729121,0.438050194,0.054877395
69.54295314,0.163746585,1.215603217,0.458781561,0.050393714
69.54759181,0.167785756,1.215441417,0.492132021,0.05306819
69.55223048,0.171340227,1.217140318,0.469597927,0.057945177
69.55686915,0.16455442,1.213580715,0.442557013,0.052202919
69.56150782,0.163988936,1.210668312,0.461485653,0.050787019
69.56614649,0.170209259,1.212690814,0.504751114,0.056057311
69.57078516,0.167947323,1.212043613,0.439852922,0.056450617
69.57542383,0.163100318,1.207755908,0.453373379,0.05086568
69.5800625,0.165685387,1.206946908,0.481315656,0.052124257
69.58470117,0.171097877,1.210102011,0.485822475,0.058023838
69.58933984,0.164877553,1.207513208,0.437148831,0.053146851
69.59397851,0.162777184,1.203953604,0.459682925,0.050472375
69.59861718,0.168674374,1.204681705,0.501145659,0.054798734
69.60325585,0.168997508,1.206218807,0.451570651,0.057079905
69.60789452,0.162777184,1.202173803,0.449767924,0.051023002
69.61253319,0.163746585,1.200960301,0.471400654,0.051101663
69.61717186,0.170532393,1.203630004,0.498441568,0.057473211
69.62181053,0.165443037,1.202740103,0.436247467,0.054405429
69.6264492,0.162292484,1.1995041,0.458781561,0.050629697
69.63108787,0.166735572,1.200555801,0.494836113,0.05377614
69.63572654,0.170290042,1.204762605,0.469597927,0.058338482
69.64036521,0.163827369,1.203630004,0.447063832,0.05228158
69.64500388,0.163504235,1.203144604,0.467795199,0.050787019
69.64964255,0.170532393,1.207836809,0.512863388,0.056450617
69.65428122,0.168028107,1.211639113,0.450669287,0.05597865
69.65891989,0.163665802,1.212286313,0.468696563,0.05086568
69.66355856,0.166250871,1.213904315,0.494836113,0.052674885
69.66819723,0.17117866,1.21835382,0.492132021,0.058417143
69.6728359,0.16503912,1.216978518,0.446162468,0.053225513
69.67747457,0.163342668,1.214389715,0.465992472,0.050787019
69.68211324,0.168916724,1.216412218,0.507455206,0.055349362
69.68675191,0.168835941,1.21867742,0.453373379,0.057630533
69.69139058,0.163100318,1.215036916,0.453373379,0.051416308
69.69602925,0.164069719,1.212933514,0.474104746,0.051888274
69.70066792,0.170774743,1.215522317,0.497540204,0.05818116
69.70530659,0.165766171,1.213985215,0.437148831,0.054877395
69.70994526,0.162857968,1.210102011,0.457880198,0.05086568
69.71458393,0.167462623,1.210102011,0.494836113,0.054090784
69.7192226,0.169643775,1.212529014,0.465091108,0.058338482
69.72386127,0.163585019,1.20896941,0.444359741,0.052202919
69.72849994,0.163423452,1.205733406,0.46328838,0.051258986
69.73313861,0.170209259,1.207270508,0.50384975,0.057237227
69.73777728,0.167220272,1.205814306,0.437148831,0.056371956
69.74241595,0.162938751,1.201931102,0.454274742,0.05157363
69.74705462,0.166250871,1.201526602,0.484921111,0.053382835
69.75169329,0.17093631,1.204115405,0.480414292,0.059046432
69.75633196,0.164473636,1.201122101,0.438951558,0.053461496
69.76097063,0.163019535,1.198047898,0.459682925,0.051416308
69.7656093,0.169159074,1.199180499,0.50384975,0.056371956
69.77024797,0.168512807,1.1999895,0.447063832,0.058102499
69.77488664,0.163181101,1.196510797,0.450669287,0.052202919
69.77952531,0.164958337,1.194245594,0.475006109,0.052517563
69.78416398,0.171259443,1.196834397,0.493934749,0.058967771
69.78880265,0.166250871,1.195216395,0.435346103,0.055034717
69.79344132,0.163585019,1.190928691,0.456978834,0.051809613
69.79807999,0.168916724,1.191575891,0.493934749,0.0552707
69.80271866,0.17117866,1.193032093,0.460584289,0.05888911
69.80735733,0.164473636,1.189715189,0.444359741,0.052832207
69.811996,0.165200687,1.188420788,0.465091108,0.051888274
69.81663467,0.172228844,1.19044329,0.50384975,0.057945177
69.82127334,0.168674374,1.19052419,0.438050194,0.056529278
69.82591201,0.165119904,1.186883686,0.456978834,0.051652291
69.83055068,0.168512807,1.187045486,0.486723839,0.05377614
69.83518935,0.173440596,1.189876989,0.477710201,0.059439737
69.83982802,0.16762419,1.187126387,0.439852922,0.053540157
69.84446669,0.166493222,1.184780284,0.461485653,0.051494969
69.84910536,0.172794328,1.187449987,0.504751114,0.056843922
69.85374403,0.171905711,1.188825288,0.446162468,0.057709194
69.8583827,0.166654788,1.185751085,0.453373379,0.052124257
69.86302137,0.168593591,1.184618484,0.477710201,0.052674885
69.86766004,0.174975481,1.187449987,0.493033385,0.058967771
69.87229871,0.169320641,1.186640986,0.437148831,0.054720073
69.87693738,0.166574005,1.183971283,0.459682925,0.051494969
69.88157605,0.171824927,1.185993785,0.498441568,0.055349362
69.88621472,0.173844513,1.188582588,0.459682925,0.058653127
69.89085339,0.167462623,1.185831985,0.447965196,0.052674885
69.89549206,0.16786654,1.184052183,0.467795199,0.052124257
69.90013073,0.174813914,1.187530887,0.502948387,0.057945177
69.9047694,0.170693959,1.188339888,0.438951558,0.056135972
69.90940807,0.167220272,1.185589285,0.458781561,0.051730952
69.91404674,0.170613176,1.186479186,0.491230657,0.053697479
69.91868541,0.174652347,1.19044329,0.477710201,0.059125093
69.92332408,0.16835124,1.189391589,0.443458377,0.053146851
69.92796275,0.166977922,1.188097188,0.465091108,0.05157363
69.93260142,0.173279029,1.191494991,0.508356569,0.056529278
69.93724009,0.17166336,1.193355693,0.447965196,0.057315888
69.94187876,0.166170088,1.191009591,0.456978834,0.051730952
69.94651743,0.168189673,1.190928691,0.480414292,0.052674885
69.9511561,0.173682946,1.194569194,0.492132021,0.058810449
69.95579477,0.168028107,1.193436593,0.438951558,0.054248106
69.96043344,0.165604604,1.191090491,0.461485653,0.05157363
69.96507211,0.170693959,1.192384892,0.501145659,0.055349362
69.96971078,0.172148061,1.195378195,0.458781561,0.058810449
69.97434945,0.165766171,1.192708492,0.449767924,0.052517563
69.97898812,0.166574005,1.191494991,0.471400654,0.052124257
69.98362679,0.173198245,1.194407394,0.504751114,0.058102499
69.98826546,0.168755157,1.193598393,0.439852922,0.055664006
69.99290413,0.164958337,1.191252291,0.459682925,0.051337647
69.9975428,0.169078291,1.190847791,0.491230657,0.053697479
70.00218147,0.172955895,1.192546692,0.473203382,0.058967771
70.00682014,0.166250871,1.189796089,0.441655649,0.052989529
70.01145881,0.165119904,1.186964586,0.461485653,0.051337647
70.01609748,0.171744144,1.188906188,0.50384975,0.056843922
70.02073615,0.169724558,1.189148889,0.441655649,0.057079905
70.02537482,0.164715986,1.185993785,0.454274742,0.051416308
70.03001349,0.166897139,1.185346585,0.480414292,0.052438902
70.03465216,0.172632762,1.188258988,0.487625202,0.058967771
70.03929083,0.166412438,1.187126387,0.437148831,0.053854801
70.0439295,0.164715986,1.184375784,0.459682925,0.050944341
70.04856817,0.169805342,1.186074685,0.501145659,0.055192039
70.05320684,0.170532393,1.188420788,0.454274742,0.058102499
70.05784551,0.164715986,1.185022984,0.44886656,0.051730952
70.06248418,0.165766171,1.183566783,0.469597927,0.051888274
70.06712285,0.172471195,1.186398286,0.499342932,0.058023838
70.07176152,0.168270457,1.184942084,0.436247467,0.055349362
70.07640019,0.164958337,1.181867881,0.457880198,0.051101663
70.08103886,0.169724558,1.183081382,0.492132021,0.053933462
70.08567753,0.172955895,1.186155586,0.469597927,0.058967771
70.0903162,0.166250871,1.184052183,0.442557013,0.052674885
70.09495487,0.165766171,1.182595982,0.464189744,0.051258986
70.09959354,0.172067278,1.185103884,0.507455206,0.057001244
70.10423221,0.170128476,1.187773587,0.443458377,0.056607939
70.10887088,0.165766171,1.186640986,0.461485653,0.051180325
70.11350955,0.168755157,1.189472489,0.491230657,0.052674885
70.11814822,0.173925296,1.194973695,0.49663884,0.05888911
70.12278689,0.16786654,1.196025396,0.450669287,0.053854801
70.12742556,0.166331655,1.195539995,0.474104746,0.051416308
70.13206423,0.17166336,1.1993423,0.517370207,0.055585345
70.1367029,0.172067278,1.203144604,0.465992472,0.05818116
70.14134157,0.166412438,1.200798501,0.462387016,0.052045596
70.14598024,0.167543406,1.1998277,0.48221702,0.052124257
70.15061891,0.17424843,1.202578303,0.506553842,0.05888911
70.15525758,0.169239858,1.201203001,0.442557013,0.055742667
70.15989625,0.166493222,1.198452399,0.46328838,0.051888274
70.16453492,0.17093631,1.199180499,0.497540204,0.055192039
70.16917359,0.173602163,1.202335603,0.469597927,0.05959706
70.17381226,0.167139489,1.1994232,0.447063832,0.053382835
70.17845093,0.166654788,1.198614199,0.466893835,0.051888274
70.1830896,0.173359812,1.201526602,0.508356569,0.057787855
70.18772827,0.170532393,1.202173803,0.442557013,0.057315888
70.19236694,0.166250871,1.1998277,0.457880198,0.051966935
70.19700561,0.168674374,1.2001513,0.486723839,0.053697479
70.20164428,0.173521379,1.203791804,0.484921111,0.059361076
70.20628295,0.166897139,1.202659203,0.440754286,0.053933462
70.21092162,0.165766171,1.200394001,0.462387016,0.05157363
70.21556029,0.171340227,1.203144604,0.506553842,0.056135972
70.22019896,0.171097877,1.205895206,0.453373379,0.057709194
70.22483763,0.16528147,1.203063703,0.455176106,0.051966935
70.2294763,0.166654788,1.201850202,0.477710201,0.052202919
70.23411497,0.173279029,1.205895206,0.499342932,0.058810449
70.23875364,0.167381839,1.205086206,0.439852922,0.055113378
70.24339231,0.164473636,1.204115405,0.460584289,0.051180325
70.24803098,0.169239858,1.205733406,0.498441568,0.054720073
70.25266965,0.171501794,1.20953571,0.465992472,0.058731788
70.25730832,0.165119904,1.207432308,0.447965196,0.052438902
70.26194699,0.165200687,1.206218807,0.466893835,0.051258986
70.26658566,0.17166336,1.208726709,0.506553842,0.057709194
70.27122433,0.168512807,1.20953571,0.439852922,0.056450617
70.275863,0.16455442,1.206461507,0.457880198,0.051494969
70.28050167,0.16762419,1.206218807,0.486723839,0.053225513
70.28514034,0.172390411,1.20945481,0.480414292,0.059046432
70.28977901,0.165927738,1.207998609,0.440754286,0.053382835
70.29441768,0.164231286,1.206218807,0.46328838,0.051023002
70.29905635,0.170855526,1.20937391,0.509257933,0.055585345
70.30369502,0.170047692,1.212043613,0.453373379,0.057158566
70.30833369,0.164231286,1.20888851,0.456978834,0.051416308
70.31297236,0.165685387,1.208645809,0.479512928,0.051966935
70.31761103,0.171340227,1.210911012,0.497540204,0.05818116
70.3222497,0.165927738,1.20969751,0.438951558,0.054248106
70.32688837,0.163423452,1.206057007,0.459682925,0.050629697
70.33152704,0.16835124,1.206380607,0.497540204,0.054090784
70.33616571,0.170451609,1.208079509,0.461485653,0.057787855
70.34080438,0.164392853,1.204762605,0.446162468,0.051809613
70.34544305,0.164069719,1.202578303,0.465091108,0.050787019
70.35008172,0.170855526,1.205005306,0.502948387,0.057158566
70.35472039,0.167301056,1.205733406,0.437148831,0.055664006
70.35935906,0.162938751,1.202416503,0.45607747,0.050708358
70.36399773,0.166574005,1.201931102,0.486723839,0.052910868
70.3686364,0.17093631,1.204277205,0.476808837,0.058495805
70.37327507,0.164231286,1.201445702,0.438951558,0.052753546
70.37791374,0.163181101,1.198371498,0.459682925,0.050787019
70.38255241,0.169643775,1.1999086,0.502047023,0.055821328
70.38719108,0.168512807,1.200798501,0.443458377,0.056843922
70.39182975,0.163342668,1.197481598,0.452472015,0.051180325
70.39646842,0.165362254,1.196187196,0.476808837,0.051730952
70.40110709,0.171501794,1.198775999,0.491230657,0.058102499
70.40574576,0.165200687,1.196915297,0.435346103,0.053933462
70.41038443,0.162777184,1.193841094,0.457880198,0.051023002
70.4150231,0.167704973,1.194811895,0.49663884,0.05448409
70.41966177,0.169805342,1.197319797,0.45607747,0.058102499
70.42430044,0.163342668,1.194811895,0.446162468,0.051809613
70.42893911,0.164069719,1.193921994,0.466893835,0.051494969
70.43357778,0.17093631,1.197400697,0.502948387,0.057787855
70.43821645,0.167058706,1.198452399,0.438951558,0.055585345
70.44285512,0.163423452,1.196591697,0.458781561,0.051180325
70.44749379,0.167381839,1.197805198,0.491230657,0.053618818
70.45213246,0.171259443,1.201364802,0.476808837,0.058731788
70.45677113,0.16455442,1.198856899,0.442557013,0.052753546
70.4614098,0.164069719,1.196834397,0.46328838,0.051101663
70.46604847,0.170370826,1.199261399,0.505652478,0.05597865
70.47068714,0.168674374,1.1998277,0.442557013,0.056843922
70.47532581,0.163585019,1.196187196,0.452472015,0.051101663
70.47996448,0.165766171,1.194326494,0.477710201,0.051966935
70.48460315,0.171824927,1.197077097,0.487625202,0.058338482
70.48924182,0.165685387,1.194811895,0.433543375,0.05377614
70.49388049,0.163261885,1.191575891,0.45607747,0.050629697
70.49851916,0.168512807,1.192303992,0.497540204,0.054641412
70.50315783,0.169562992,1.194245594,0.453373379,0.057945177
70.5077965,0.163100318,1.19044329,0.446162468,0.051652291
70.51243517,0.163504235,1.187854487,0.466893835,0.051258986
70.51707384,0.170451609,1.19036239,0.499342932,0.057237227
70.52171251,0.166250871,1.189876989,0.434444739,0.054956056
70.52635118,0.16196935,1.185670185,0.455176106,0.050787019
70.53098985,0.166250871,1.186155586,0.48942793,0.05306819
70.53562852,0.170209259,1.189391589,0.468696563,0.05818116
70.54026719,0.163181101,1.185993785,0.439852922,0.052360241
70.54490586,0.162454051,1.183971283,0.459682925,0.051101663
70.54954453,0.169562992,1.186640986,0.50384975,0.056293294
70.5541832,0.167462623,1.187207287,0.441655649,0.056057311
70.55882187,0.162292484,1.184942084,0.454274742,0.05086568
70.56346054,0.164635203,1.184780284,0.480414292,0.052202919
70.56809921,0.170613176,1.188501688,0.487625202,0.05818116
70.57273788,0.164231286,1.188016288,0.438050194,0.053304174
70.57737655,0.162373267,1.186640986,0.460584289,0.050472375
70.58201522,0.168189673,1.189634289,0.502948387,0.05448409
70.58665389,0.169159074,1.193921994,0.45607747,0.057315888
70.59129256,0.163100318,1.193193893,0.452472015,0.051101663
70.59593123,0.164069719,1.194973695,0.476808837,0.051180325
70.6005699,0.170855526,1.201931102,0.504751114,0.057866516
70.60520857,0.166654788,1.204519905,0.442557013,0.054641412
70.60984724,0.163423452,1.204277205,0.46328838,0.050629697
70.61448591,0.167301056,1.207432308,0.497540204,0.053382835
70.61912458,0.170613176,1.211881813,0.472302018,0.05818116
70.62376325,0.163988936,1.210021111,0.446162468,0.05228158
70.62840192,0.163988936,1.208160409,0.465091108,0.05086568
70.63304059,0.170774743,1.210021111,0.508356569,0.056529278
70.63767926,0.168189673,1.210587411,0.442557013,0.056293294
70.64231793,0.163504235,1.206623307,0.457880198,0.050787019
70.6469566,0.166412438,1.206057007,0.484019747,0.05228158
70.65159527,0.171744144,1.20937391,0.485822475,0.05818116
70.65623394,0.165200687,1.206866007,0.438050194,0.053461496
70.66087261,0.163746585,1.203791804,0.459682925,0.050787019
70.66551128,0.169482208,1.204762605,0.502047023,0.055113378
70.67014995,0.169482208,1.205976107,0.451570651,0.057394549
70.67478862,0.163665802,1.202416503,0.449767924,0.051337647
70.67942729,0.16503912,1.2001513,0.471400654,0.051809613
70.68406596,0.171340227,1.202416503,0.49663884,0.05818116
70.68870463,0.166170088,1.200555801,0.434444739,0.054798734
70.6933433,0.163019535,1.197400697,0.456978834,0.050708358
70.69798197,0.167381839,1.197724298,0.493934749,0.053697479
70.70262064,0.170128476,1.200636701,0.465992472,0.058102499
70.70725931,0.163585019,1.198209698,0.444359741,0.051888274
70.71189798,0.163504235,1.196834397,0.465091108,0.05086568
70.71653665,0.170209259,1.1998277,0.507455206,0.056765261
70.72117532,0.167381839,1.200474901,0.442557013,0.056135972
70.72581399,0.163100318,1.199261399,0.461485653,0.050944341
70.73045266,0.166008521,1.200474901,0.48942793,0.052517563
70.73509133,0.170613176,1.203063703,0.485822475,0.05818116
70.73973,0.164715986,1.200313101,0.440754286,0.05306819
70.74436867,0.163019535,1.196996197,0.460584289,0.050708358
70.74900734,0.169078291,1.198128798,0.502948387,0.0552707
70.75364601,0.168512807,1.199585,0.449767924,0.056922583
70.75828468,0.163181101,1.196996197,0.451570651,0.051180325
70.76292335,0.16479677,1.195054595,0.474104746,0.051494969
70.76756202,0.17117866,1.198047898,0.494836113,0.057709194
70.77220069,0.165362254,1.196591697,0.436247467,0.054248106
70.77683936,0.162373267,1.193841094,0.456978834,0.051101663
70.78147803,0.167058706,1.194650095,0.495737476,0.054248106
70.7861167,0.169482208,1.196591697,0.462387016,0.057945177
70.79075537,0.163181101,1.193355693,0.444359741,0.051809613
70.79539404,0.163504235,1.191090491,0.464189744,0.051023002
70.80003271,0.170370826,1.193032093,0.50384975,0.056765261
70.80467138,0.167058706,1.192708492,0.438050194,0.055506684
70.80931005,0.162696401,1.188663488,0.455176106,0.050551036
70.81394872,0.166250871,1.188258988,0.484019747,0.052674885
70.81858739,0.171017093,1.191171391,0.477710201,0.05818116
70.82322606,0.164312069,1.187854487,0.436247467,0.052832207
70.82786473,0.163261885,1.184780284,0.456978834,0.050708358
70.8325034,0.169320641,1.186317386,0.501145659,0.0552707
70.83714207,0.168835941,1.187207287,0.443458377,0.057079905
70.84178074,0.163585019,1.183809483,0.44886656,0.051652291
70.84641941,0.165523821,1.182110581,0.473203382,0.051652291
70.85105808,0.172551978,1.184537584,0.492132021,0.057945177
70.85569675,0.168028107,1.183324083,0.436247467,0.054169445
70.86033542,0.167301056,1.18105888,0.460584289,0.050944341
70.86497409,0.173844513,1.182757782,0.501145659,0.054248106
70.86961276,0.176833499,1.185831985,0.465992472,0.05818116
70.87425143,0.17117866,1.183162282,0.452472015,0.051888274
70.8788901,0.171744144,1.182029681,0.469597927,0.051337647
70.88352877,0.178045251,1.184699384,0.505652478,0.057473211
70.88816744,0.174329213,1.184861184,0.438951558,0.055821328
70.89280611,0.170290042,1.183243182,0.458781561,0.050787019
70.89744478,0.173844513,1.183809483,0.490329294,0.05306819
70.90208345,0.1778029,1.186964586,0.476808837,0.058653127
70.90672212,0.170774743,1.185184785,0.440754286,0.052910868
70.91136079,0.169078291,1.183324083,0.461485653,0.050787019
70.91599946,0.175540965,1.185589285,0.504751114,0.05597865
70.92063813,0.174167646,1.186964586,0.444359741,0.056843922
70.9252768,0.168674374,1.183971283,0.453373379,0.051101663
70.92991547,0.170451609,1.183000482,0.476808837,0.052045596
70.93455414,0.176187232,1.186236486,0.491230657,0.058259821
70.93919281,0.169966909,1.184456684,0.436247467,0.053933462
70.94383148,0.167462623,1.181544281,0.457880198,0.050944341
70.94847015,0.172309628,1.183000482,0.49663884,0.054562751
70.95310882,0.173602163,1.185427485,0.456978834,0.058023838
70.95774749,0.166977922,1.182353281,0.446162468,0.051652291
70.96238616,0.167381839,1.180249879,0.466893835,0.051337647
70.96702483,0.173763729,1.183162282,0.501145659,0.057630533
70.9716635,0.169562992,1.183000482,0.436247467,0.0552707
70.97630217,0.165685387,1.18065438,0.456978834,0.050944341
70.98094084,0.169239858,1.18105888,0.488526566,0.053225513
70.98557951,0.172875112,1.184780284,0.473203382,0.058338482
70.99021818,0.166170088,1.182434182,0.440754286,0.052360241
70.99485685,0.16503912,1.180007179,0.461485653,0.05086568
70.99949552,0.171582577,1.182110581,0.502948387,0.056135972
71.00413419,0.170209259,1.182515082,0.441655649,0.0566866
71.00877286,0.164473636,1.179279078,0.452472015,0.051101663
71.01341153,0.166412438,1.178955478,0.476808837,0.052360241
71.0180502,0.172228844,1.181786981,0.487625202,0.058338482
71.02268887,0.166170088,1.180088079,0.435346103,0.053618818
71.02732754,0.163665802,1.176852076,0.456978834,0.050472375
71.03196621,0.168997508,1.177822877,0.497540204,0.05448409
71.03660488,0.169724558,1.179683579,0.453373379,0.057551872
71.04124355,0.163827369,1.176285775,0.445261105,0.051023002
71.04588222,0.164473636,1.174667773,0.465992472,0.051180325
71.05052089,0.171340227,1.177661077,0.497540204,0.057630533
71.05515956,0.166331655,1.177094776,0.434444739,0.055034717
71.05979823,0.162454051,1.173939673,0.454274742,0.050629697
71.0644369,0.166735572,1.173616072,0.487625202,0.053382835
71.06907557,0.169805342,1.175962175,0.467795199,0.057945177
71.07371424,0.163181101,1.173373372,0.438951558,0.052045596
71.07835291,0.163261885,1.172078971,0.458781561,0.050708358
71.08299158,0.169643775,1.174586873,0.502047023,0.056214633
71.08763025,0.167381839,1.175557674,0.438951558,0.056135972
71.09226892,0.162857968,1.173535172,0.451570651,0.050944341
71.09690759,0.165604604,1.173373372,0.478611565,0.052202919
71.10154626,0.171340227,1.177418376,0.484019747,0.058023838
71.10618493,0.16479677,1.176447575,0.435346103,0.053540157
71.1108236,0.162777184,1.174344173,0.457880198,0.05086568
71.11546227,0.16835124,1.176285775,0.499342932,0.054956056
71.12010094,0.168916724,1.178550977,0.450669287,0.057709194
71.12473961,0.162857968,1.176043075,0.447063832,0.051337647
71.12937828,0.163988936,1.174910474,0.467795199,0.051416308
71.13401695,0.170370826,1.178065577,0.497540204,0.058102499
71.13865562,0.16503912,1.177256576,0.434444739,0.055192039
71.14329429,0.1622117,1.174829574,0.45607747,0.051023002
71.14793296,0.166412438,1.175962175,0.491230657,0.05377614
71.15257163,0.169482208,1.179198178,0.465992472,0.058417143
71.1572103,0.162857968,1.176771176,0.440754286,0.05228158
71.16184897,0.162373267,1.174101473,0.460584289,0.051101663
71.16648764,0.169401425,1.176690275,0.502948387,0.056843922
71.17112631,0.166412438,1.176690275,0.437148831,0.056293294
71.17576498,0.162454051,1.173373372,0.451570651,0.050944341
71.18040365,0.164877553,1.173130672,0.479512928,0.052438902
71.18504232,0.169805342,1.176043075,0.481315656,0.058417143
71.18968099,0.163746585,1.175153174,0.435346103,0.053225513
71.19431966,0.161807783,1.173696972,0.456978834,0.050708358
71.19895833,0.167785756,1.176123975,0.500244295,0.055349362
71.203597,0.168028107,1.178470077,0.44886656,0.057709194
71.20823567,0.162050134,1.175962175,0.449767924,0.051416308
71.21287434,0.163261885,1.175881275,0.472302018,0.051652291
71.21751301,0.169401425,1.180411679,0.498441568,0.058023838
71.22215168,0.164473636,1.182029681,0.437148831,0.054720073
71.22679035,0.161242299,1.18097798,0.459682925,0.050708358
71.23142902,0.166089305,1.183647683,0.49663884,0.053697479
71.23606769,0.168835941,1.186802786,0.465992472,0.058102499
71.24070636,0.161888567,1.185022984,0.445261105,0.051966935
71.24534503,0.161727,1.184375784,0.46328838,0.051180325
71.2499837,0.168593591,1.187773587,0.504751114,0.056607939
71.25462237,0.165200687,1.188339888,0.438050194,0.056057311
71.25926104,0.160999949,1.186155586,0.455176106,0.051023002
71.26389971,0.163746585,1.186721886,0.484019747,0.052674885
71.26853838,0.168835941,1.190928691,0.481315656,0.058417143
71.27317705,0.162615618,1.19028149,0.438951558,0.05306819
71.27781572,0.161323083,1.188744388,0.460584289,0.050787019
71.28245439,0.167381839,1.192789393,0.506553842,0.055506684
71.28709306,0.167058706,1.1996659,0.458781561,0.057237227
71.29173173,0.161646217,1.204196305,0.468696563,0.051416308
71.2963704,0.163100318,1.211639113,0.498441568,0.051966935
71.30100907,0.169320641,1.221832523,0.519172935,0.058338482
71.30564774,0.163908152,1.223612325,0.45607747,0.054562751
71.31028641,0.160999949,1.221751623,0.473203382,0.050787019
71.31492508,0.165927738,1.222560624,0.506553842,0.054012123
71.31956375,0.168674374,1.225473027,0.471400654,0.058259821
71.32420242,0.162130917,1.222156124,0.452472015,0.051966935
71.32884109,0.162373267,1.220214522,0.470499291,0.051101663
71.33347976,0.168916724,1.223046025,0.508356569,0.057158566
71.33811843,0.165523821,1.222317924,0.440754286,0.055821328
71.3427571,0.161727,1.219405521,0.458781561,0.05086568
71.34739577,0.16503912,1.21867742,0.488526566,0.052910868
71.35203444,0.169886125,1.220861722,0.478611565,0.058495805
71.35667311,0.163827369,1.218030219,0.438951558,0.053225513
71.36131178,0.162938751,1.214551516,0.458781561,0.051337647
71.36595045,0.168755157,1.214956016,0.502948387,0.055899989
71.37058912,0.167785756,1.215684117,0.445261105,0.057315888
71.37522779,0.16196935,1.210425611,0.449767924,0.051258986
71.37986646,0.163585019,1.208726709,0.474104746,0.051730952
71.38450513,0.170370826,1.211315512,0.492132021,0.058102499
71.3891438,0.164473636,1.20961661,0.435346103,0.053933462
71.39378247,0.16196935,1.207027808,0.458781561,0.050629697
71.39842114,0.166654788,1.208322209,0.499342932,0.054405429
71.40305981,0.168755157,1.211881813,0.462387016,0.058338482
71.40769848,0.162454051,1.210263811,0.450669287,0.052360241
71.41233715,0.162696401,1.210182911,0.471400654,0.051416308
71.41697582,0.169562992,1.213176214,0.508356569,0.057237227
71.42161449,0.166089305,1.213985215,0.441655649,0.0552707
71.42625316,0.1622117,1.211881813,0.460584289,0.050787019
71.43089183,0.165443037,1.211720013,0.491230657,0.052989529
71.4355305,0.169966909,1.214389715,0.478611565,0.05818116
71.44016917,0.163342668,1.211477312,0.442557013,0.052910868
71.44480784,0.162373267,1.208645809,0.46328838,0.05086568
71.44944651,0.168997508,1.210911012,0.506553842,0.055664006
71.45408518,0.167543406,1.211477312,0.446162468,0.056922583
71.45872385,0.162615618,1.207270508,0.453373379,0.050787019
71.46336252,0.164635203,1.206785107,0.477710201,0.051730952
71.46800119,0.170451609,1.210344711,0.490329294,0.058102499
71.47263986,0.164150503,1.207917709,0.436247467,0.054169445
71.47727853,0.162292484,1.204843505,0.457880198,0.050708358
71.4819172,0.167462623,1.204762605,0.498441568,0.054562751
71.48655587,0.169320641,1.206785107,0.457880198,0.057945177
71.49119454,0.162857968,1.203144604,0.447965196,0.051809613
71.49583321,0.163342668,1.201688402,0.468696563,0.051337647
71.50047188,0.170532393,1.205976107,0.502948387,0.057630533
71.50511055,0.165766171,1.205571606,0.438951558,0.055349362
71.50974922,0.162373267,1.203225504,0.458781561,0.051258986
71.51438789,0.166331655,1.203549104,0.491230657,0.053225513
71.51902656,0.170613176,1.206946908,0.475907473,0.058810449
71.52366523,0.163665802,1.205005306,0.444359741,0.05306819
71.5283039,0.162938751,1.203306404,0.465992472,0.051101663
71.53294257,0.169562992,1.207270508,0.510159297,0.056371956
71.53758124,0.168028107,1.210991912,0.450669287,0.056843922
71.54221991,0.163342668,1.212205413,0.464189744,0.051337647
71.54685858,0.166008521,1.216007717,0.491230657,0.052517563
71.55149725,0.172309628,1.222560624,0.501145659,0.058653127
71.55613592,0.166977922,1.223774125,0.449767924,0.054090784
71.56077459,0.165443037,1.223288725,0.472302018,0.051101663
71.56541326,0.170774743,1.225149427,0.511060661,0.0552707
71.57005193,0.171986494,1.22781913,0.46328838,0.058259821
71.5746906,0.165604604,1.224421326,0.454274742,0.052045596
71.57932927,0.166493222,1.222237024,0.475006109,0.051652291
71.58396794,0.173117462,1.224502226,0.504751114,0.058023838
71.58860661,0.168270457,1.222722424,0.439852922,0.0552707
71.59324528,0.16479677,1.21875832,0.460584289,0.051023002
71.59788395,0.168674374,1.21867742,0.49663884,0.053618818
71.60252262,0.172390411,1.221508923,0.475907473,0.058495805
71.60716129,0.165846954,1.21875832,0.447063832,0.052517563
71.61179996,0.165119904,1.215603217,0.465992472,0.051258986
71.61643863,0.171905711,1.217463919,0.508356569,0.0566866
71.6210773,0.169886125,1.217383019,0.443458377,0.056922583
71.62571597,0.16455442,1.212771714,0.45607747,0.051416308
71.63035464,0.166977922,1.211881813,0.481315656,0.052517563
71.63499331,0.172309628,1.214147015,0.486723839,0.058417143
71.63963198,0.166412438,1.210830112,0.436247467,0.054012123
71.64427065,0.164069719,1.208241309,0.457880198,0.051337647
71.64890932,0.169724558,1.20961661,0.501145659,0.055349362
71.65354799,0.170047692,1.211720013,0.453373379,0.05818116
71.65818666,0.163988936,1.208564909,0.44886656,0.051966935
71.66282533,0.165200687,1.207917709,0.473203382,0.051652291
71.667464,0.171501794,1.212609914,0.502047023,0.057945177
71.67210267,0.166654788,1.213095314,0.439852922,0.054877395
71.67674134,0.163181101,1.210911012,0.461485653,0.05086568
71.68138001,0.167543406,1.212124513,0.494836113,0.053697479
71.68601868,0.170774743,1.214713316,0.469597927,0.058338482
71.69065735,0.163988936,1.210749212,0.443458377,0.052360241
71.69529602,0.163585019,1.208160409,0.46328838,0.050944341
71.69993469,0.170128476,1.20945481,0.504751114,0.057001244
71.70457336,0.16762419,1.20937391,0.438050194,0.056607939
71.70921203,0.162696401,1.204762605,0.453373379,0.051258986
71.7138507,0.165685387,1.203953604,0.481315656,0.052832207
71.71848937,0.171017093,1.206785107,0.483118383,0.058338482
71.72312804,0.164473636,1.203144604,0.437148831,0.053618818
71.72776671,0.162292484,1.1993423,0.457880198,0.05086568
71.73240538,0.167947323,1.1999895,0.500244295,0.0552707
71.73704405,0.168755157,1.201122101,0.447965196,0.057394549
71.74168272,0.162534834,1.196591697,0.447063832,0.051494969
71.74632139,0.163342668,1.194245594,0.468696563,0.051809613
71.75096006,0.169966909,1.197157997,0.494836113,0.058102499
71.75559873,0.164958337,1.195539995,0.432642012,0.054562751
71.7602374,0.162050134,1.191980392,0.454274742,0.051101663
71.76487607,0.166816355,1.191899492,0.490329294,0.054012123
71.76951474,0.169320641,1.193032093,0.460584289,0.058023838
71.77415341,0.161888567,1.188178088,0.439852922,0.052124257
71.77879208,0.161888567,1.184780284,0.459682925,0.051023002
71.78343075,0.168512807,1.186479186,0.500244295,0.056843922
71.78806942,0.165523821,1.186398286,0.433543375,0.05597865
71.79270809,0.160999949,1.181948781,0.450669287,0.050708358
71.79734676,0.163988936,1.18081618,0.478611565,0.052438902
71.80198543,0.168997508,1.183404983,0.475907473,0.058495805
71.8066241,0.162050134,1.179926279,0.433543375,0.053382835
71.81126277,0.161080733,1.177661077,0.455176106,0.050629697
71.81590144,0.167301056,1.179359978,0.498441568,0.055349362
71.82054011,0.167543406,1.18073528,0.444359741,0.057237227
71.82517878,0.161323083,1.177175676,0.447063832,0.051337647
71.82981745,0.162130917,1.175395874,0.469597927,0.051809613
71.83445612,0.168593591,1.179521778,0.492132021,0.057866516
71.83909479,0.163342668,1.178712778,0.433543375,0.054248106
71.84373346,0.160919166,1.175719474,0.45607747,0.051023002
71.84837213,0.16528147,1.176447575,0.493033385,0.054248106
71.8530108,0.168028107,1.179764479,0.459682925,0.058338482
71.85764947,0.161161516,1.176043075,0.441655649,0.052045596
71.86228814,0.161323083,1.174425073,0.460584289,0.051258986
71.86692681,0.168028107,1.177013876,0.499342932,0.057237227
71.87156548,0.164312069,1.176932976,0.433543375,0.055821328
71.87620415,0.160192115,1.174505973,0.451570651,0.051180325
71.88084282,0.163100318,1.175234074,0.483118383,0.05306819
71.88548149,0.167947323,1.178874578,0.475907473,0.058810449
71.89012016,0.161888567,1.177822877,0.438951558,0.053304174
71.89475883,0.160515249,1.177580176,0.462387016,0.051416308
71.8993975,0.166654788,1.182191481,0.505652478,0.056214633
71.90403617,0.166089305,1.185912885,0.449767924,0.057473211
71.90867484,0.160919166,1.184699384,0.454274742,0.051652291
71.91331351,0.162777184,1.186317386,0.479512928,0.051966935
71.91795218,0.168593591,1.192789393,0.498441568,0.05818116
71.92259085,0.163019535,1.196187196,0.445261105,0.053933462
71.92722952,0.160676815,1.2000704,0.470499291,0.050944341
71.93186819,0.166008521,1.209859311,0.513764752,0.05448409
71.93650686,0.167947323,1.224583126,0.488526566,0.058338482
71.94114553,0.161807783,1.238336141,0.490329294,0.052202919
71.9457842,0.162454051,1.255891459,0.521877026,0.05157363
71.95042287,0.169401425,1.274498479,0.561537032,0.057709194
71.95506154,0.165523821,1.283721089,0.491230657,0.055742667
71.95970021,0.161646217,1.283397489,0.498441568,0.05086568
71.96433888,0.16503912,1.282183987,0.518271571,0.052910868
71.96897755,0.169482208,1.282426688,0.498441568,0.058495805
71.97361622,0.162615618,1.277006382,0.45607747,0.05306819
71.97825489,0.16148465,1.270938875,0.471400654,0.051023002
71.98289356,0.167785756,1.268916373,0.510159297,0.056135972
71.98753223,0.166170088,1.266408471,0.447965196,0.057158566
71.9921709,0.161161516,1.258803863,0.453373379,0.051258986
71.99680957,0.163342668,1.254354358,0.475907473,0.051966935
72.00144824,0.169239858,1.253868957,0.48942793,0.05818116
72.00608691,0.164069719,1.249743053,0.434444739,0.054169445
72.01072558,0.161323083,1.243513746,0.45607747,0.050787019
72.01536425,0.166412438,1.242381145,0.495737476,0.054405429
72.02000292,0.167785756,1.242057545,0.455176106,0.05818116
72.02464159,0.161646217,1.23760804,0.444359741,0.051888274
72.02928026,0.162454051,1.233482136,0.465992472,0.051101663
72.03391893,0.169159074,1.234129336,0.500244295,0.057394549
72.0385576,0.16479677,1.231216933,0.435346103,0.054956056
72.04319627,0.161161516,1.225796628,0.454274742,0.05086568
72.04783494,0.164958337,1.223855026,0.486723839,0.05306819
72.05247361,0.168916724,1.225392127,0.470499291,0.058653127
72.05711228,0.1622117,1.221185323,0.438050194,0.052832207
72.06175095,0.161565433,1.216735818,0.457880198,0.050944341
72.06638962,0.167543406,1.216978518,0.502047023,0.056371956
72.07102829,0.165927738,1.216735818,0.439852922,0.056922583
72.07566696,0.160919166,1.212286313,0.452472015,0.051416308
72.08030563,0.162857968,1.210425611,0.477710201,0.052124257
72.0849443,0.168512807,1.212933514,0.488526566,0.058731788
72.08958297,0.162373267,1.211720013,0.438050194,0.053933462
72.09422164,0.160192115,1.20937391,0.460584289,0.050944341
72.09886031,0.166089305,1.211315512,0.502047023,0.055034717
72.10349898,0.167058706,1.215036916,0.458781561,0.058023838
72.10813765,0.160919166,1.212852614,0.453373379,0.051652291
72.11277632,0.1622117,1.213338014,0.474104746,0.05157363
72.11741499,0.168755157,1.21883922,0.507455206,0.057866516
72.12205366,0.164150503,1.220861722,0.445261105,0.055585345
72.12669233,0.161161516,1.221508923,0.467795199,0.050944341
72.131331,0.164877553,1.226767429,0.505652478,0.053540157
72.13596967,0.168755157,1.23704174,0.48942793,0.058417143
72.14060834,0.162454051,1.242057545,0.46328838,0.052832207
72.14524701,0.162373267,1.249581253,0.485822475,0.051101663
72.14988568,0.169159074,1.261635366,0.532693391,0.056765261
72.15452435,0.167220272,1.275954681,0.479512928,0.056607939
72.15916302,0.163342668,1.296746003,0.511962024,0.050944341
72.16380169,0.167139489,1.337034246,0.566945215,0.052202919
72.16844036,0.17449078,1.398356511,0.606605222,0.058338482
72.17307903,0.171340227,1.469305886,0.59669022,0.053304174
72.1777177,0.170774743,1.535401256,0.638152954,0.05086568
72.18235637,0.177479767,1.586934611,0.666095231,0.055113378
72.18699504,0.178853085,1.61444064,0.590380673,0.057787855
72.19163371,0.172632762,1.619294645,0.561537032,0.05157363
72.19627238,0.173602163,1.618566544,0.564241124,0.051337647
72.20091105,0.180226403,1.620750846,0.582268399,0.057866516
72.20554972,0.175460181,1.621640747,0.518271571,0.055113378
72.21018839,0.172067278,1.620022746,0.539002938,0.050708358
72.21482706,0.176025665,1.618809244,0.565142488,0.053382835
72.21946573,0.179014652,1.619294645,0.532693391,0.058102499
72.2241044,0.172390411,1.615411441,0.505652478,0.051966935
72.22874307,0.171340227,1.613712539,0.524581117,0.051101663
72.23338174,0.178368384,1.618404744,0.566945215,0.056765261
72.23802041,0.175540965,1.625847552,0.504751114,0.056135972
72.24265908,0.170855526,1.632643159,0.524581117,0.05086568
72.24729775,0.173844513,1.649470377,0.565142488,0.052202919
72.25193642,0.179499352,1.702621733,0.623731133,0.05818116
72.25657509,0.174167646,1.787081423,0.646265228,0.053382835
72.26121376,0.174409997,1.899370742,0.74451388,0.05086568
72.26585243,0.183134606,2.041673993,0.860789808,0.055113378
72.2704911,0.184023224,2.163833122,0.830143439,0.057158566
72.27512977,0.178368384,2.238908402,0.789582069,0.051180325
72.27976844,0.180064836,2.268598734,0.74451388,0.051730952
72.28440711,0.186204376,2.267547032,0.709360693,0.057945177
72.28904578,0.18063032,2.245865809,0.597591584,0.054720073
72.29368445,0.177883684,2.213263075,0.580465672,0.050944341
72.29832312,0.181599721,2.179446839,0.584972491,0.054169445
72.30296179,0.183619307,2.144983402,0.535397483,0.058574466
72.30760046,0.176510366,2.10485696,0.49663884,0.052438902
72.31223913,0.175621748,2.066348519,0.502047023,0.051652291
72.3168778,0.181761288,2.033098584,0.533594755,0.057315888
72.32151647,0.178126034,1.998311547,0.459682925,0.056371956
72.32615514,0.173521379,1.961906508,0.470499291,0.051416308
72.33079381,0.176106449,1.929303774,0.495737476,0.05306819
72.33543248,0.180226403,1.900584243,0.48942793,0.058967771
72.34007115,0.173359812,1.86911411,0.444359741,0.053697479
72.34470982,0.171905711,1.837967577,0.464189744,0.051258986
72.34934849,0.176995066,1.811998649,0.506553842,0.055899989
72.35398716,0.176025665,1.787405023,0.449767924,0.057473211
72.35862583,0.170532393,1.759089993,0.452472015,0.051730952
72.3632645,0.171097877,1.733282866,0.475006109,0.052045596
72.36790317,0.177237416,1.712976944,0.495737476,0.058102499
72.37254184,0.17142101,1.689515919,0.436247467,0.054956056
72.37718051,0.168674374,1.665973994,0.457880198,0.051337647
72.38181918,0.172955895,1.646638874,0.494836113,0.054405429
72.38645785,0.17473313,1.629245355,0.462387016,0.058495805
72.39109652,0.167785756,1.608292233,0.444359741,0.052202919
72.39573519,0.168189673,1.588957113,0.465091108,0.05157363
72.40037386,0.174571564,1.574475997,0.502948387,0.057473211
72.40501253,0.17093631,1.55797238,0.435346103,0.056135972
72.4096512,0.166493222,1.53904176,0.454274742,0.051337647
72.41428987,0.169643775,1.524075244,0.484019747,0.053146851
72.41892854,0.17424843,1.512263831,0.476808837,0.058810449
72.42356721,0.167058706,1.496650115,0.437148831,0.053146851
72.42820588,0.165766171,1.4826544,0.459682925,0.051101663
72.43284455,0.171824927,1.47302729,0.504751114,0.055899989
72.43748322,0.170855526,1.46380468,0.44886656,0.057237227
72.44212189,0.165523821,1.450537066,0.454274742,0.051809613
72.44676056,0.166816355,1.438321153,0.476808837,0.052438902
72.45139923,0.172551978,1.431201945,0.493934749,0.058417143
72.4560379,0.167139489,1.420765834,0.436247467,0.054326768
72.46067657,0.164312069,1.408630821,0.457880198,0.051101663
72.46531524,0.169320641,1.400459913,0.49663884,0.054405429
72.46995391,0.170855526,1.393907006,0.459682925,0.058259821
72.47459258,0.164877553,1.383875395,0.445261105,0.05228158
72.47923125,0.164635203,1.374895486,0.465992472,0.051494969
72.48386992,0.17166336,1.371416782,0.50384975,0.057394549
72.48850859,0.168028107,1.365591976,0.440754286,0.055664006
72.49314726,0.163988936,1.359039069,0.462387016,0.051023002
72.49778593,0.167785756,1.356773866,0.497540204,0.053225513
72.5024246,0.172228844,1.358472768,0.487625202,0.058338482
72.50706327,0.166412438,1.353618763,0.450669287,0.052674885
72.51170194,0.16503912,1.347146756,0.469597927,0.051101663
72.51634061,0.17117866,1.343263552,0.511060661,0.056214633
72.52097928,0.169886125,1.338975848,0.44886656,0.057158566
72.52561795,0.164392853,1.330724039,0.455176106,0.051416308
72.53025662,0.166250871,1.324575632,0.478611565,0.052045596
72.53489529,0.171986494,1.32247223,0.492132021,0.058338482
72.53953396,0.166493222,1.316404724,0.437148831,0.05448409
72.54417263,0.164312069,1.310984418,0.460584289,0.051258986
72.5488113,0.169643775,1.310660818,0.502948387,0.055034717
72.55344997,0.17093631,1.31260242,0.465091108,0.058259821
72.55808864,0.164715986,1.310579917,0.456978834,0.052045596
72.56272731,0.165604604,1.310499017,0.480414292,0.051416308
72.56736598,0.172228844,1.314544022,0.51556748,0.057551872
72.57200465,0.168432024,1.315029422,0.447965196,0.0552707
72.57664332,0.16479677,1.310579917,0.467795199,0.050708358
72.58128199,0.168189673,1.308638315,0.497540204,0.053382835
72.58592066,0.172148061,1.308152915,0.479512928,0.058417143
72.59055933,0.165846954,1.302004508,0.444359741,0.052910868
72.595198,0.164958337,1.294804401,0.46328838,0.051180325
72.59983667,0.171017093,1.292215598,0.50384975,0.056529278
72.60447534,0.168755157,1.288575094,0.441655649,0.057001244
72.60911401,0.163988936,1.280646886,0.450669287,0.051337647
72.61375268,0.166008521,1.27538838,0.475006109,0.052438902
72.61839135,0.171582577,1.273932179,0.484019747,0.058495805
72.62303002,0.165443037,1.268188273,0.431740648,0.053854801
72.62766869,0.162615618,1.261230865,0.453373379,0.051180325
72.63230736,0.168189673,1.259370163,0.494836113,0.055034717
72.63694603,0.169239858,1.258399362,0.449767924,0.058023838
72.6415847,0.163100318,1.250956554,0.442557013,0.051888274
72.64622337,0.163585019,1.245617149,0.46328838,0.051966935
72.65086204,0.170047692,1.245050848,0.494836113,0.057945177
72.65550071,0.165766171,1.242138445,0.430839284,0.055506684
72.66013938,0.16196935,1.236556339,0.451570651,0.051258986
72.66477805,0.165685387,1.233724836,0.485822475,0.053697479
72.66941672,0.169239858,1.233805736,0.465992472,0.058731788
72.67405539,0.162696401,1.22830453,0.437148831,0.052989529
72.67869406,0.162373267,1.224664026,0.456978834,0.051494969
72.68333273,0.168674374,1.225634827,0.501145659,0.056922583
72.6879714,0.166816355,1.225149427,0.438951558,0.057079905
72.69261007,0.161646217,1.219971821,0.453373379,0.051494969
72.69724874,0.163908152,1.218030219,0.479512928,0.052832207
72.70188741,0.169482208,1.219971821,0.484921111,0.058731788
72.70652608,0.163181101,1.217221218,0.436247467,0.054090784
72.71116475,0.161080733,1.213338014,0.457880198,0.051337647
72.71580342,0.166493222,1.213499815,0.499342932,0.055506684
72.72044209,0.167301056,1.214794216,0.453373379,0.058417143
72.72508076,0.161323083,1.210344711,0.450669287,0.052124257
72.72971943,0.162130917,1.208403109,0.474104746,0.051730952
72.7343581,0.168835941,1.211315512,0.502047023,0.058259821
72.73899677,0.164069719,1.20937391,0.438951558,0.055192039
72.74363544,0.160757599,1.205167106,0.460584289,0.05086568
72.74827411,0.16479677,1.204600805,0.494836113,0.054090784
72.75291278,0.16835124,1.205571606,0.470499291,0.058967771
72.75755145,0.161646217,1.202578303,0.444359741,0.052674885
72.76219012,0.161403866,1.199585,0.46328838,0.051258986
72.76682879,0.16835124,1.201203001,0.505652478,0.057079905
72.77146746,0.165766171,1.200717601,0.439852922,0.056765261
72.77610613,0.160838382,1.197157997,0.453373379,0.051416308
72.7807448,0.163746585,1.195944496,0.480414292,0.052753546
72.78538347,0.169239858,1.198371498,0.481315656,0.058653127
72.79002214,0.162777184,1.195944496,0.435346103,0.053540157
72.79466081,0.161242299,1.193679294,0.457880198,0.05086568
72.79929948,0.166977922,1.195054595,0.500244295,0.055349362
72.80393815,0.167058706,1.197157997,0.44886656,0.057630533
72.80857682,0.161403866,1.194326494,0.447965196,0.051809613
72.81321549,0.162454051,1.193032093,0.471400654,0.051809613
72.81785416,0.168674374,1.196268096,0.49663884,0.057945177
72.82249283,0.163585019,1.195701796,0.436247467,0.054720073
72.8271315,0.161080733,1.193517493,0.457880198,0.050944341
72.83177017,0.16528147,1.195944496,0.49663884,0.053933462
72.83640884,0.168512807,1.200636701,0.467795199,0.058338482
72.84104751,0.161888567,1.1993423,0.447063832,0.052360241
72.84568618,0.162050134,1.199261399,0.467795199,0.051180325
72.85032485,0.168916724,1.203630004,0.508356569,0.057158566
72.85496352,0.166089305,1.206218807,0.443458377,0.056293294
72.85960219,0.161646217,1.205328906,0.461485653,0.051258986
72.86424086,0.164877553,1.208241309,0.491230657,0.052753546
72.86887953,0.170128476,1.215441417,0.48942793,0.059125093
72.8735182,0.163342668,1.217868419,0.447965196,0.053618818
72.87815687,0.161807783,1.21892012,0.468696563,0.051023002
72.88279554,0.16762419,1.222722424,0.510159297,0.055585345
72.88743421,0.167785756,1.225068527,0.454274742,0.057315888
72.89207288,0.161565433,1.221185323,0.45607747,0.051337647
72.89671155,0.163504235,1.219729121,0.476808837,0.052045596
72.90135022,0.169643775,1.222398824,0.497540204,0.058417143
72.90598889,0.163908152,1.220376322,0.438050194,0.054641412
72.91062756,0.16148465,1.216412218,0.458781561,0.050944341
72.91526623,0.165927738,1.217221218,0.495737476,0.054248106
72.9199049,0.168674374,1.219162821,0.46328838,0.058259821
72.92454357,0.162050134,1.215926817,0.445261105,0.052124257
72.92918224,0.162130917,1.213580715,0.465091108,0.051337647
72.93382091,0.169078291,1.216493118,0.505652478,0.057158566
72.93845958,0.165685387,1.217140318,0.439852922,0.056057311
72.94309825,0.16148465,1.215279616,0.459682925,0.051180325
72.94773692,0.165119904,1.217383019,0.491230657,0.053304174
72.95237559,0.169805342,1.221266223,0.483118383,0.058967771
72.95701426,0.163261885,1.219243721,0.443458377,0.053382835
72.96165293,0.162130917,1.216493118,0.46328838,0.051180325
72.9662916,0.16835124,1.217706619,0.506553842,0.05597865
72.97093027,0.167947323,1.21867742,0.44886656,0.057237227
72.97556894,0.162454051,1.215279616,0.453373379,0.051258986
72.98020761,0.164392853,1.213338014,0.475907473,0.052124257
72.98484628,0.170532393,1.216331318,0.493033385,0.058417143
72.98948495,0.16479677,1.214389715,0.435346103,0.054326768
72.99412362,0.161888567,1.212124513,0.457880198,0.051023002
72.99876229,0.166977922,1.213338014,0.495737476,0.054720073
73.00340096,0.168674374,1.216412218,0.460584289,0.058495805
73.00803963,0.162534834,1.214713316,0.446162468,0.05228158
73.0126783,0.162454051,1.213580715,0.465992472,0.05157363
73.01731697,0.169562992,1.217059418,0.50384975,0.057945177
73.02195564,0.165927738,1.217544819,0.438050194,0.056057311
73.02659431,0.161888567,1.215279616,0.457880198,0.051337647
73.03123298,0.165362254,1.216574018,0.48942793,0.053618818
73.03587165,0.170128476,1.220133622,0.477710201,0.059203754
73.04051032,0.163504235,1.218111119,0.442557013,0.053225513
73.04514899,0.162534834,1.216169517,0.462387016,0.051180325
73.04978766,0.168916724,1.219567321,0.504751114,0.056529278
73.05442633,0.16786654,1.221428023,0.446162468,0.057630533
73.059065,0.162615618,1.21867742,0.454274742,0.051730952
73.06370367,0.164958337,1.21883922,0.477710201,0.052517563
73.06834234,0.170774743,1.221913423,0.492132021,0.058967771
73.07298101,0.164877553,1.220457222,0.437148831,0.054562751
73.07761968,0.162534834,1.21900102,0.459682925,0.051416308
73.08225835,0.167704973,1.221023523,0.500244295,0.0552707
73.08689702,0.169239858,1.223450525,0.459682925,0.058495805
73.09153569,0.163100318,1.220133622,0.44886656,0.052202919
73.09617436,0.163100318,1.218030219,0.468696563,0.051730952
73.10081303,0.169886125,1.220538122,0.502047023,0.05818116
73.1054517,0.165766171,1.219890921,0.438050194,0.055742667
73.11009037,0.162130917,1.216331318,0.456978834,0.051023002
73.11472904,0.165927738,1.214875116,0.488526566,0.053618818
73.11936771,0.169724558,1.217221218,0.473203382,0.059125093
73.12400638,0.163261885,1.214308815,0.441655649,0.053225513
73.12864505,0.1622117,1.211477312,0.461485653,0.051966935
73.13328372,0.168916724,1.212690814,0.506553842,0.056922583
73.13792239,0.167381839,1.213095314,0.444359741,0.057787855
73.14256106,0.162130917,1.20913121,0.456978834,0.052438902
73.14719973,0.16455442,1.207755908,0.48221702,0.053854801
73.1518384,0.170613176,1.209940211,0.493033385,0.060698315
73.15647707,0.16479677,1.206866007,0.441655649,0.056450617
73.16111574,0.162534834,1.202982803,0.464189744,0.054090784
73.16575441,0.168028107,1.203468204,0.504751114,0.058574466
73.17039308,0.169078291,1.204358105,0.459682925,0.062428858
73.17503175,0.163100318,1.201203001,0.451570651,0.056843922
73.17967042,0.163746585,1.198937799,0.473203382,0.057158566
73.18430909,0.170613176,1.201283902,0.50384975,0.064159402
73.18894776,0.166089305,1.1995041,0.439852922,0.062664841
73.19358643,0.163019535,1.196268096,0.460584289,0.059125093
73.1982251,0.167462623,1.196429896,0.493033385,0.063058147
73.20286377,0.171340227,1.198452399,0.474104746,0.068957727
73.20750244,0.164392853,1.194811895,0.445261105,0.063372791
73.21214111,0.163665802,1.192708492,0.465091108,0.062192875
73.21677978,0.170047692,1.195620896,0.507455206,0.068092456
73.22141845,0.16810889,1.196591697,0.442557013,0.068879066
73.22605712,0.163100318,1.193112993,0.455176106,0.063608774
73.23069579,0.165523821,1.192951193,0.48221702,0.064946013
73.23533446,0.17142101,1.196106296,0.48942793,0.070845593
73.23997313,0.165119904,1.194730995,0.438951558,0.065889946
73.2446118,0.163019535,1.192061292,0.460584289,0.063058147
73.24925047,0.168755157,1.192708492,0.500244295,0.067148523
73.25388914,0.169401425,1.194002894,0.451570651,0.069429694
73.25852781,0.163181101,1.19052419,0.447965196,0.063451452
73.26316648,0.164392853,1.188744388,0.469597927,0.062822164
73.26780515,0.17093631,1.191656791,0.497540204,0.068800405
73.27244382,0.166412438,1.190847791,0.432642012,0.065968607
73.27708249,0.162857968,1.188016288,0.455176106,0.061484925
73.28172116,0.167301056,1.188582588,0.490329294,0.063766097
73.28635983,0.170451609,1.192223092,0.466893835,0.067935134
73.2909985,0.163988936,1.19028149,0.442557013,0.062035553
73.29563717,0.163665802,1.187935387,0.46328838,0.060305009
73.30027584,0.170370826,1.19076689,0.505652478,0.065811284
73.30491451,0.168189673,1.191818592,0.439852922,0.065024674
73.30955318,0.163342668,1.188501688,0.454274742,0.059518399
73.31419185,0.166008521,1.187854487,0.481315656,0.060619654
73.31883052,0.171744144,1.19060509,0.48221702,0.06620459
73.32346919,0.165119904,1.188582588,0.435346103,0.061012959
73.32810786,0.163585019,1.185751085,0.456978834,0.058417143
73.33274653,0.168997508,1.186479186,0.499342932,0.062271536
73.3373852,0.169078291,1.188420788,0.447965196,0.064238063
73.34202387,0.163504235,1.185912885,0.447965196,0.057945177
73.34666254,0.164877553,1.184699384,0.471400654,0.057787855
73.35130121,0.171501794,1.188016288,0.49663884,0.063766097
73.35593988,0.166574005,1.186883686,0.435346103,0.06038367
73.36057855,0.163585019,1.183890383,0.457880198,0.056293294
73.36521722,0.168432024,1.185508385,0.494836113,0.059361076
73.36985589,0.171744144,1.188825288,0.465992472,0.06329413
73.37449456,0.166008521,1.187692687,0.445261105,0.057079905
73.37913323,0.165846954,1.186398286,0.465091108,0.055742667
73.3837719,0.172955895,1.189067989,0.507455206,0.061406264
73.38841057,0.170128476,1.189634289,0.443458377,0.06038367
73.39304924,0.166008521,1.186964586,0.462387016,0.055113378
73.39768791,0.169805342,1.187611787,0.492132021,0.056607939
73.40232658,0.175056264,1.19068599,0.48942793,0.062428858
73.40696525,0.169562992,1.189391589,0.444359741,0.057001244
73.41160392,0.16835124,1.186721886,0.465091108,0.054562751
73.41624259,0.175217831,1.188420788,0.507455206,0.059203754
73.42088126,0.175540965,1.19028149,0.452472015,0.060698315
73.42551993,0.170451609,1.188582588,0.455176106,0.054798734
73.4301586,0.173117462,1.188420788,0.480414292,0.054877395
73.43479727,0.180791887,1.192951193,0.502047023,0.061406264
73.43943594,0.17707585,1.193679294,0.442557013,0.057551872
73.44407461,0.175621748,1.192142192,0.465992472,0.053933462
73.44871328,0.182003638,1.193274793,0.502948387,0.057079905
73.45335195,0.186365943,1.196753497,0.470499291,0.061012959
73.45799062,0.181922855,1.194973695,0.452472015,0.055034717
73.46262929,0.18394244,1.193274793,0.472302018,0.054090784
73.46726796,0.192747833,1.196348996,0.511962024,0.059833043
73.47190663,0.191051381,1.196996197,0.444359741,0.058574466
73.4765453,0.189354929,1.193598393,0.46328838,0.053697479
73.48118397,0.195009769,1.193193893,0.493033385,0.055349362
73.48582264,0.201149308,1.196672597,0.486723839,0.060776976
73.49046131,0.196625437,1.193517493,0.447063832,0.055192039
73.49509998,0.198079539,1.191333191,0.468696563,0.053225513
73.49973865,0.207127281,1.192708492,0.511962024,0.05818116
73.50437732,0.209470001,1.194811895,0.455176106,0.059203754
73.50901599,0.206319447,1.191656791,0.460584289,0.053382835
73.51365466,0.20922765,1.189796089,0.484019747,0.054090784
73.51829333,0.216498158,1.192384892,0.501145659,0.060226348
73.522932,0.211408803,1.191414091,0.443458377,0.056057311
73.52757067,0.208662166,1.188016288,0.465091108,0.052596224
73.53220934,0.213186038,1.188178088,0.501145659,0.056607939
73.53684801,0.21512484,1.19011969,0.464189744,0.060226348
73.54148668,0.208258249,1.186560086,0.447965196,0.054090784
73.54612535,0.208015899,1.184699384,0.466893835,0.052989529
73.55076402,0.213347605,1.186479186,0.50384975,0.05888911
73.55540269,0.208419816,1.186317386,0.436247467,0.057079905
73.56004136,0.203168894,1.181948781,0.455176106,0.052517563
73.56468003,0.20591553,1.181867881,0.486723839,0.05448409
73.5693187,0.209389217,1.184618484,0.475907473,0.060147687
73.57395737,0.201310875,1.182353281,0.438951558,0.054169445
73.57859604,0.199372073,1.180330779,0.459682925,0.052438902
73.58323471,0.204299862,1.181786981,0.502948387,0.057237227
73.58787338,0.202037926,1.182757782,0.443458377,0.057945177
73.59251205,0.195817603,1.179359978,0.451570651,0.052202919
73.59715072,0.196625437,1.178470077,0.475006109,0.052832207
73.60178939,0.201149308,1.181706081,0.48942793,0.059361076
73.60642806,0.193959584,1.18057348,0.435346103,0.055192039
73.61106673,0.190889814,1.177337476,0.457880198,0.051966935
73.6157054,0.194525068,1.178955478,0.497540204,0.055506684
73.62034407,0.195413686,1.181463381,0.456978834,0.058810449
73.62498274,0.188951012,1.179198178,0.446162468,0.052517563
73.62962141,0.188223961,1.178470077,0.465992472,0.051966935
73.63426008,0.194121151,1.181625181,0.501145659,0.058338482
73.63889875,0.189193362,1.18122068,0.436247467,0.056135972
73.64353742,0.18418479,1.177418376,0.455176106,0.05157363
73.64817609,0.186931427,1.178065577,0.487625202,0.053933462
73.65281476,0.190243547,1.181867881,0.471400654,0.058731788
73.65745343,0.183053823,1.179117278,0.438951558,0.053146851
73.6620921,0.181195804,1.177094776,0.459682925,0.051652291
73.66673077,0.187092994,1.179845379,0.50384975,0.0566866
73.67136944,0.184104007,1.18138248,0.441655649,0.057079905
73.67600811,0.179257002,1.179440878,0.453373379,0.051652291
73.68064678,0.180468753,1.179117278,0.479512928,0.052674885
73.68528545,0.185962026,1.183162282,0.488526566,0.059046432
73.68992412,0.179741702,1.182515082,0.437148831,0.054248106
73.69456279,0.176833499,1.18049258,0.459682925,0.051494969
73.69920146,0.181518938,1.182757782,0.500244295,0.055113378
73.70384013,0.182407555,1.185346585,0.456978834,0.05818116
73.7084788,0.175944882,1.183566783,0.447965196,0.052124257
73.71311747,0.175298614,1.182595982,0.469597927,0.052045596
73.71775614,0.181599721,1.186074685,0.502047023,0.057945177
73.72239481,0.177156633,1.186155586,0.438050194,0.0552707
73.72703348,0.172794328,1.183809483,0.457880198,0.051023002
73.73167215,0.176914283,1.184942084,0.491230657,0.053540157
73.73631082,0.179822486,1.189067989,0.472302018,0.058574466
73.74094949,0.173521379,1.187854487,0.442557013,0.052832207
73.74558816,0.172148061,1.187045486,0.46328838,0.051337647
73.75022683,0.178126034,1.19076689,0.506553842,0.057001244
73.7548655,0.175944882,1.193436593,0.442557013,0.056765261
73.75950417,0.171017093,1.191414091,0.45607747,0.051258986
73.76414284,0.173359812,1.192789393,0.483118383,0.052596224
73.76878151,0.178287601,1.196834397,0.490329294,0.058417143
73.77342018,0.171824927,1.196915297,0.440754286,0.05377614
73.77805885,0.169805342,1.196672597,0.464189744,0.051180325
73.78269752,0.175702531,1.200474901,0.505652478,0.055428023
73.78733619,0.176025665,1.205814306,0.458781561,0.05818116
73.79197486,0.170209259,1.205652506,0.455176106,0.052202919
73.79661353,0.170855526,1.206057007,0.477710201,0.051809613
73.8012522,0.177237416,1.212690814,0.506553842,0.058495805
73.80589087,0.172471195,1.216250417,0.444359741,0.055664006
73.81052954,0.169239858,1.218030219,0.469597927,0.051416308
73.81516821,0.173602163,1.226201128,0.508356569,0.054012123
73.81980688,0.177722117,1.239954143,0.488526566,0.059046432
73.82444555,0.171824927,1.250066653,0.467795199,0.053146851
73.82908422,0.172471195,1.263738768,0.494836113,0.05228158
73.83372289,0.180064836,1.282588488,0.545312484,0.057787855
73.83836156,0.178772301,1.300062906,0.484019747,0.058023838
73.84300023,0.174975481,1.31308782,0.501145659,0.052832207
73.8476389,0.179095435,1.329672338,0.529087936,0.054090784
73.85227757,0.184911841,1.345852355,0.529087936,0.060305009
73.85691624,0.179822486,1.352971562,0.481315656,0.055349362
73.86155491,0.178772301,1.357987368,0.502047023,0.052989529
73.86619358,0.184992625,1.364378475,0.540805665,0.057315888
73.87083225,0.185719675,1.36939428,0.487625202,0.059833043
73.87547092,0.179903269,1.367129077,0.48221702,0.053697479
73.88010959,0.180711103,1.363812174,0.498441568,0.053854801
73.88474826,0.187173777,1.364782975,0.520074299,0.060069026
73.88938693,0.181922855,1.36033347,0.454274742,0.057158566
73.8940256,0.178206817,1.352809762,0.471400654,0.052832207
73.89866427,0.182245988,1.348117557,0.504751114,0.055899989
73.90330294,0.184992625,1.345609655,0.475006109,0.060226348
73.90794161,0.177641334,1.337519646,0.450669287,0.054169445
73.91258028,0.176671932,1.329915038,0.468696563,0.05306819
73.91721895,0.183134606,1.327245335,0.509257933,0.05888911
73.92185762,0.179984053,1.322876731,0.441655649,0.057630533
73.92649629,0.175056264,1.315272122,0.456978834,0.052596224
73.93113496,0.1778029,1.310256317,0.484921111,0.054405429
73.93577363,0.181922855,1.307910215,0.481315656,0.060226348
73.9404123,0.175298614,1.301276408,0.438050194,0.054798734
73.94505097,0.173036679,1.2939145,0.458781561,0.052517563
73.94968964,0.178529951,1.290840297,0.501145659,0.056843922
73.95432831,0.177722117,1.288008794,0.447063832,0.058810449
73.95896698,0.171824927,1.280808686,0.449767924,0.052753546
73.96360565,0.172551978,1.275711981,0.472302018,0.053225513
73.96824432,0.178691518,1.27482208,0.493934749,0.059833043
73.97288299,0.172794328,1.270129875,0.434444739,0.055821328
73.97752166,0.169482208,1.264062368,0.456978834,0.05228158
73.98216033,0.17400608,1.261554466,0.493033385,0.055349362
73.986799,0.176591149,1.260098264,0.461485653,0.059203754
73.99143767,0.169239858,1.254192558,0.442557013,0.053304174
73.99607634,0.169401425,1.250228453,0.462387016,0.052360241
74.00071501,0.175864098,1.249500353,0.502047023,0.058338482
74.00535368,0.172067278,1.24731605,0.434444739,0.056843922
74.00999235,0.167462623,1.240844044,0.451570651,0.05228158
74.01463102,0.170128476,1.238093441,0.481315656,0.054169445
74.01926969,0.174894697,1.238740641,0.475006109,0.059833043
74.02390836,0.16810889,1.234210236,0.434444739,0.054169445
74.02854703,0.166735572,1.229760732,0.45607747,0.052045596
74.0331857,0.172794328,1.229922532,0.501145659,0.057079905
74.03782437,0.172148061,1.229518032,0.444359741,0.058338482
74.04246304,0.166250871,1.224259526,0.449767924,0.05228158
74.04710171,0.167462623,1.222237024,0.473203382,0.052832207
74.05174038,0.173198245,1.224421326,0.491230657,0.059046432
74.05637905,0.167462623,1.222156124,0.434444739,0.055192039
74.06101772,0.164877553,1.21867742,0.456978834,0.051494969
74.06565639,0.170451609,1.21875832,0.49663884,0.055113378
74.07029506,0.172067278,1.220457222,0.460584289,0.059203754
74.07493373,0.165119904,1.217463919,0.447063832,0.052832207
74.0795724,0.165685387,1.215522317,0.466893835,0.051888274
74.08421107,0.172309628,1.21875832,0.504751114,0.05818116
74.08884974,0.168755157,1.21900102,0.438951558,0.056607939
74.09348841,0.16479677,1.216816718,0.458781561,0.051652291
74.09812708,0.168674374,1.21835382,0.491230657,0.053461496
74.10276575,0.173359812,1.223935926,0.483118383,0.059203754
74.10740442,0.167381839,1.226605628,0.449767924,0.053540157
74.11204309,0.167220272,1.230165232,0.475006109,0.051730952
74.11668176,0.17473313,1.239549642,0.52277839,0.056607939
74.12132043,0.174813914,1.251684655,0.471400654,0.057630533
74.1259591,0.171017093,1.258722962,0.484019747,0.051888274
74.13059777,0.175702531,1.266732071,0.509257933,0.052753546
74.13523644,0.184265574,1.276763682,0.524581117,0.058967771
74.13987511,0.180468753,1.279028884,0.467795199,0.054956056
74.14451378,0.18038797,1.279028884,0.487625202,0.051730952
74.14915245,0.185800459,1.280727786,0.52277839,0.0552707
74.15379112,0.187658477,1.282588488,0.476808837,0.058810449
74.15842979,0.181357371,1.277249082,0.461485653,0.052832207
74.16306846,0.181195804,1.272071477,0.476808837,0.05228158
74.16770713,0.187335344,1.272233277,0.509257933,0.058417143
74.1723458,0.182569122,1.269078173,0.441655649,0.056135972
74.17698447,0.178449168,1.262929767,0.459682925,0.05157363
74.18162314,0.181357371,1.259774664,0.491230657,0.05377614
74.18626181,0.184992625,1.258803863,0.475006109,0.058810449
74.19090048,0.177964467,1.253302657,0.440754286,0.053146851
74.19553915,0.176752716,1.24739695,0.460584289,0.051494969
74.20017782,0.182569122,1.24731605,0.50384975,0.056765261
74.20481649,0.180307186,1.245617149,0.441655649,0.057315888
74.20945516,0.174571564,1.239145142,0.451570651,0.051494969
74.21409383,0.176187232,1.235990038,0.476808837,0.052360241
74.2187325,0.181518938,1.236960839,0.486723839,0.058967771
74.22337117,0.175056264,1.232996735,0.432642012,0.054562751
74.22800984,0.172309628,1.22838543,0.45607747,0.051337647
74.23264851,0.17707585,1.22765733,0.49663884,0.055506684
74.23728718,0.178045251,1.228628131,0.454274742,0.058259821
74.24192585,0.171582577,1.223935926,0.447063832,0.051809613
74.24656452,0.171582577,1.221185323,0.468696563,0.051809613
74.25120319,0.178126034,1.223855026,0.501145659,0.057945177
74.25584186,0.173198245,1.222803324,0.438050194,0.055821328
74.26048053,0.169401425,1.220133622,0.459682925,0.051494969
74.2651192,0.173440596,1.221104423,0.494836113,0.054090784
74.26975787,0.176995066,1.224502226,0.477710201,0.058653127
74.27439654,0.170613176,1.223288725,0.451570651,0.052989529
74.27903521,0.170128476,1.223288725,0.472302018,0.05157363
74.28367388,0.176025665,1.226524728,0.514666116,0.057079905
74.28831255,0.173682946,1.227414629,0.449767924,0.056922583
74.29295122,0.168674374,1.223693225,0.461485653,0.05157363
74.29758989,0.171582577,1.223288725,0.486723839,0.052832207
74.30222856,0.176591149,1.226605628,0.493934749,0.059203754
74.30686723,0.170451609,1.227252829,0.444359741,0.054326768
74.3115059,0.16835124,1.22781913,0.468696563,0.051416308
74.31614457,0.173925296,1.232511335,0.511962024,0.055742667
74.32078324,0.174571564,1.238821541,0.466893835,0.058338482
74.32542191,0.169078291,1.240115943,0.46328838,0.052124257
74.33006058,0.170047692,1.242866546,0.486723839,0.051966935
74.33469925,0.176752716,1.249581253,0.516468843,0.058259821
74.33933792,0.172309628,1.252412756,0.451570651,0.055664006
74.34397659,0.168755157,1.251522855,0.472302018,0.05157363
74.34861526,0.173198245,1.252412756,0.505652478,0.054090784
74.35325393,0.176106449,1.254030758,0.480414292,0.05888911
74.3578926,0.169482208,1.250309354,0.451570651,0.052674885
74.36253127,0.168835941,1.247558751,0.469597927,0.051494969
74.36716994,0.175217831,1.248044151,0.511060661,0.056765261
74.37180861,0.172551978,1.24658795,0.444359741,0.0566866
74.37644728,0.16762419,1.241733944,0.457880198,0.051180325
74.38108595,0.169805342,1.239873243,0.484019747,0.052753546
74.38572462,0.175056264,1.241167644,0.486723839,0.05888911
74.39036329,0.168916724,1.238255241,0.438951558,0.054090784
74.39500196,0.166654788,1.233967536,0.459682925,0.051258986
74.39964063,0.171986494,1.234776537,0.502047023,0.055742667
74.4042793,0.171986494,1.235261938,0.451570651,0.057945177
74.40891797,0.166250871,1.231216933,0.449767924,0.051809613
74.41355664,0.167462623,1.22838543,0.471400654,0.051966935
74.41819531,0.173925296,1.229841632,0.49663884,0.058338482
74.42283398,0.168674374,1.22806183,0.434444739,0.055034717
74.42747265,0.164958337,1.223288725,0.45607747,0.051023002
74.43211132,0.169320641,1.223369625,0.493033385,0.054169445
74.43674999,0.172228844,1.224744926,0.465091108,0.058731788
74.44138866,0.165443037,1.221185323,0.443458377,0.052753546
74.44602733,0.165604604,1.217949319,0.46328838,0.051730952
74.450666,0.171905711,1.219810021,0.505652478,0.057158566
74.45530467,0.169078291,1.220538122,0.439852922,0.056450617
74.45994334,0.164150503,1.216897618,0.456978834,0.051416308
74.46458201,0.166816355,1.216250417,0.485822475,0.052989529
74.46922068,0.171905711,1.219162821,0.484921111,0.05888911
74.47385935,0.165362254,1.216088617,0.438050194,0.053697479
74.47849802,0.163585019,1.213176214,0.458781561,0.051023002
74.48313669,0.169643775,1.213418914,0.501145659,0.055821328
74.48777536,0.169562992,1.214147015,0.447965196,0.057551872
74.49241403,0.163908152,1.210668312,0.447965196,0.051888274
74.4970527,0.16503912,1.208564909,0.472302018,0.052045596
74.50169137,0.171582577,1.210991912,0.494836113,0.058102499
74.50633004,0.166089305,1.20969751,0.433543375,0.05448409
74.51096871,0.163019535,1.206623307,0.45607747,0.05086568
74.51560738,0.167785756,1.207432308,0.493033385,0.054090784
74.52024605,0.170370826,1.209778411,0.461485653,0.058259821
74.52488472,0.163988936,1.206542407,0.443458377,0.05228158
74.52952339,0.163988936,1.205086206,0.46328838,0.051494969
74.53416206,0.170693959,1.208160409,0.50384975,0.057158566
74.53880073,0.16762419,1.20945481,0.437148831,0.056135972
74.5434394,0.163100318,1.207675008,0.45607747,0.051416308
74.54807807,0.166412438,1.208645809,0.485822475,0.053382835
74.55271674,0.17093631,1.212933514,0.48221702,0.058731788
74.55735541,0.16455442,1.211234612,0.441655649,0.053697479
74.56199408,0.162857968,1.209778411,0.462387016,0.051337647
74.56663275,0.169239858,1.213014414,0.505652478,0.056135972
74.57127142,0.168835941,1.214794216,0.449767924,0.057709194
74.57591009,0.163261885,1.212286313,0.454274742,0.051809613
74.58054876,0.164958337,1.212690814,0.478611565,0.052360241
74.58518743,0.171340227,1.216816718,0.497540204,0.058574466
74.5898261,0.165766171,1.217949319,0.439852922,0.054877395
74.59446477,0.162534834,1.216654918,0.462387016,0.051180325
74.59910344,0.167704973,1.219405521,0.500244295,0.054720073
74.60374211,0.170047692,1.223531425,0.465992472,0.058338482
74.60838078,0.163827369,1.222560624,0.449767924,0.052438902
74.61301945,0.163827369,1.222884224,0.469597927,0.051652291
74.61765812,0.170532393,1.227010129,0.507455206,0.057473211
74.62229679,0.167058706,1.229356231,0.441655649,0.056135972
74.62693546,0.162615618,1.22806183,0.461485653,0.051337647
74.63157413,0.166089305,1.229760732,0.492132021,0.053225513
74.6362128,0.170613176,1.235990038,0.484019747,0.058967771
74.64085147,0.164069719,1.236960839,0.447965196,0.053540157
74.64549014,0.163100318,1.23768894,0.471400654,0.051416308
74.65012881,0.169562992,1.243432846,0.51556748,0.056607939
74.65476748,0.168755157,1.248125051,0.45607747,0.057473211
74.65940615,0.163423452,1.248205951,0.46328838,0.051809613
74.66404482,0.16528147,1.252170056,0.48942793,0.052517563
74.66868349,0.171017093,1.259612863,0.505652478,0.058495805
74.67332216,0.165443037,1.264224168,0.453373379,0.054405429
74.67796083,0.162938751,1.269725374,0.479512928,0.051258986
74.6825995,0.168189673,1.283154788,0.526383845,0.055034717
74.68723817,0.169886125,1.300143806,0.493934749,0.05818116
74.69187684,0.163746585,1.31268332,0.486723839,0.05228158
74.69651551,0.164877553,1.324171132,0.507455206,0.051809613
74.70115418,0.17142101,1.336387045,0.539904302,0.057866516
74.70579285,0.168270457,1.343910753,0.471400654,0.056135972
74.71043152,0.164958337,1.348926558,0.491230657,0.051652291
74.71507019,0.169239858,1.357178367,0.521877026,0.05377614
74.71970886,0.173925296,1.368666179,0.508356569,0.059125093
74.72434753,0.16810889,1.376189887,0.478611565,0.053382835
74.7289862,0.16810889,1.384927096,0.502047023,0.051652291
74.73362487,0.174167646,1.396495809,0.550720667,0.056607939
74.73826354,0.173440596,1.405718418,0.487625202,0.057394549
74.74290221,0.168270457,1.404990318,0.492132021,0.051652291
74.74754088,0.170209259,1.403938617,0.510159297,0.052596224
74.75217955,0.176348799,1.405071218,0.51556748,0.058810449
74.75681822,0.170613176,1.400136312,0.457880198,0.054405429
74.76145689,0.16835124,1.393259805,0.475907473,0.05157363
74.76609556,0.173521379,1.388891201,0.512863388,0.055192039
74.77073423,0.17473313,1.385816997,0.468696563,0.058023838
74.7753729,0.168432024,1.377807889,0.458781561,0.052045596
74.78001157,0.168593591,1.370931382,0.476808837,0.052124257
74.78465024,0.174813914,1.368908879,0.507455206,0.058574466
74.78928891,0.170209259,1.364216674,0.443458377,0.05597865
74.79392758,0.166897139,1.356126666,0.46328838,0.051730952
74.79856625,0.170613176,1.351677161,0.49663884,0.053854801
74.80320492,0.17400608,1.35038276,0.477710201,0.058967771
74.80784359,0.167704973,1.343020852,0.44886656,0.052910868
74.81248226,0.166574005,1.336144345,0.469597927,0.051730952
74.81712093,0.172955895,1.334849943,0.512863388,0.056843922
74.8217596,0.171259443,1.333393742,0.450669287,0.057473211
74.82639827,0.166250871,1.326679035,0.462387016,0.052045596
74.83103694,0.168674374,1.323362131,0.488526566,0.053382835
74.83567561,0.174409997,1.324818333,0.497540204,0.058967771
74.84031428,0.168270457,1.321744129,0.447965196,0.054248106
74.84495295,0.166574005,1.319398027,0.471400654,0.051494969
74.84959162,0.172228844,1.321825029,0.51556748,0.055585345
74.85423029,0.173117462,1.324332932,0.472302018,0.058338482
74.85886896,0.167220272,1.32239133,0.468696563,0.052360241
74.86350763,0.168674374,1.323604831,0.491230657,0.052202919
74.8681463,0.175864098,1.33161394,0.523679754,0.058338482
74.87278497,0.171501794,1.337357846,0.462387016,0.055742667
74.87742364,0.168028107,1.340189349,0.483118383,0.05157363
74.88206231,0.173117462,1.345205154,0.519172935,0.054248106
74.88670098,0.176591149,1.352971562,0.495737476,0.059203754
74.89133965,0.170290042,1.352486162,0.465992472,0.05306819
74.89597832,0.170128476,1.349007458,0.483118383,0.052124257
74.90061699,0.176752716,1.348441158,0.524581117,0.057551872
74.90525566,0.174329213,1.346580456,0.45607747,0.057315888
74.90989433,0.169401425,1.339865749,0.467795199,0.051652291
74.914533,0.172309628,1.335416244,0.493033385,0.053304174
74.91917167,0.177722117,1.335011743,0.49663884,0.059675721
74.92381034,0.17166336,1.330319538,0.44886656,0.054641412
74.92844901,0.169805342,1.325708234,0.470499291,0.051809613
74.93308768,0.175460181,1.325303733,0.512863388,0.056135972
74.93772635,0.175864098,1.325222833,0.465091108,0.058653127
74.94236502,0.169966909,1.319964327,0.462387016,0.052596224
74.94700369,0.171340227,1.316081123,0.483118383,0.052753546
74.95164236,0.1773182,1.316728324,0.508356569,0.058574466
74.95628103,0.172551978,1.31292602,0.444359741,0.055821328
74.9609197,0.168997508,1.304916911,0.46328838,0.051966935
74.96555837,0.172875112,1.301600008,0.497540204,0.054641412
74.97019704,0.175621748,1.299982006,0.469597927,0.059125093
74.97483571,0.168755157,1.292781899,0.446162468,0.053146851
74.97947438,0.16835124,1.286552592,0.465992472,0.052124257
74.98411305,0.174813914,1.285500891,0.507455206,0.057787855
74.98875172,0.171824927,1.282588488,0.441655649,0.057237227
74.99339039,0.167058706,1.276844582,0.456978834,0.052045596
74.99802906,0.169159074,1.272961378,0.484921111,0.053697479
75.00266773,0.174086863,1.273365878,0.484921111,0.05959706
75.0073064,0.167704973,1.269401774,0.439852922,0.05448409
75.01194507,0.165927738,1.264062368,0.462387016,0.051966935
75.01658374,0.171824927,1.263010667,0.505652478,0.056450617
75.02122241,0.171824927,1.263253367,0.451570651,0.058338482
75.02586108,0.165685387,1.257185861,0.452472015,0.052360241
75.03049975,0.167058706,1.253545357,0.475006109,0.052674885
75.03513842,0.173117462,1.254192558,0.498441568,0.059282415
75.03977709,0.167704973,1.251280155,0.438050194,0.055585345
75.04441576,0.16455442,1.24674975,0.459682925,0.051730952
75.04905443,0.169239858,1.245293548,0.49663884,0.054956056
75.0536931,0.171744144,1.245374448,0.466893835,0.059282415
75.05833177,0.165362254,1.241410344,0.447965196,0.053382835
75.06297044,0.165200687,1.238012541,0.466893835,0.052124257
75.06760911,0.171582577,1.239226042,0.508356569,0.058102499
75.07224778,0.168270457,1.238255241,0.440754286,0.057079905
75.07688645,0.164231286,1.233563036,0.458781561,0.052124257
75.08152512,0.167785756,1.232187734,0.487625202,0.053697479
75.08616379,0.172551978,1.234210236,0.483118383,0.059439737
75.09080246,0.165927738,1.231459634,0.441655649,0.054248106
75.09544113,0.164150503,1.226848329,0.462387016,0.052045596
75.1000798,0.170451609,1.227333729,0.506553842,0.056843922
75.10471847,0.169886125,1.22781913,0.450669287,0.058495805
75.10935714,0.163908152,1.223774125,0.45607747,0.052517563
75.11399581,0.165523821,1.222237024,0.478611565,0.052910868
75.11863448,0.171986494,1.224502226,0.498441568,0.059282415
75.12327315,0.166574005,1.222560624,0.439852922,0.055585345
75.12791182,0.163746585,1.219648221,0.461485653,0.051730952
75.13255049,0.168835941,1.219162821,0.500244295,0.055506684
75.13718916,0.171017093,1.221508923,0.465091108,0.059203754
75.14182783,0.163988936,1.217625719,0.44886656,0.05306819
75.1464665,0.164150503,1.215603217,0.468696563,0.052360241
75.15110517,0.17117866,1.218030219,0.506553842,0.05818116
75.15574384,0.166977922,1.21827292,0.440754286,0.0566866
75.16038251,0.162938751,1.214875116,0.459682925,0.052202919
75.16502118,0.166170088,1.214308815,0.490329294,0.054012123
75.16965985,0.17093631,1.217544819,0.48221702,0.059518399
75.17429852,0.164150503,1.216007717,0.444359741,0.054090784
75.17893719,0.162777184,1.214956016,0.465992472,0.051809613
75.18357586,0.168916724,1.21883922,0.511060661,0.056843922
75.18821453,0.168028107,1.223126925,0.454274742,0.058102499
75.1928532,0.162615618,1.222398824,0.46328838,0.052360241
75.19749187,0.164715986,1.224340426,0.488526566,0.05306819
75.20213054,0.171097877,1.229679832,0.505652478,0.059282415
75.20676921,0.16528147,1.230246132,0.449767924,0.0552707
75.21140788,0.163019535,1.22806183,0.470499291,0.051730952
75.21604655,0.168028107,1.230003432,0.508356569,0.055664006
75.22068522,0.170290042,1.232268634,0.471400654,0.059203754
75.22532389,0.163665802,1.230084332,0.456978834,0.052910868
75.22996256,0.164473636,1.229275331,0.476808837,0.052438902
75.23460123,0.171501794,1.233239435,0.513764752,0.058338482
75.2392399,0.167381839,1.232834935,0.447965196,0.056529278
75.24387857,0.163827369,1.229598932,0.465992472,0.051809613
75.24851724,0.167543406,1.22838543,0.497540204,0.053854801
75.25315591,0.171340227,1.231297833,0.484019747,0.059282415
75.25779458,0.164958337,1.228870831,0.447965196,0.053382835
75.26243325,0.163988936,1.225796628,0.468696563,0.051494969
75.26707192,0.169886125,1.227171929,0.511962024,0.057079905
75.27171059,0.168432024,1.22822363,0.451570651,0.057787855
75.27634926,0.163100318,1.225715727,0.459682925,0.05228158
75.28098793,0.165200687,1.224583126,0.484019747,0.05306819
75.2856266,0.17166336,1.227252829,0.49663884,0.059361076
75.29026527,0.165604604,1.224664026,0.440754286,0.054877395
75.29490394,0.163504235,1.222075224,0.46328838,0.051966935
75.29954261,0.169078291,1.222156124,0.50384975,0.055664006
75.30418128,0.170370826,1.224016826,0.462387016,0.058967771
75.30881995,0.163988936,1.220942622,0.452472015,0.052753546
75.31345862,0.165443037,1.220214522,0.473203382,0.05228158
75.31809729,0.171905711,1.223288725,0.507455206,0.058417143
75.32273596,0.168028107,1.222884224,0.442557013,0.056450617
75.32737463,0.16479677,1.220457222,0.464189744,0.051730952
75.3320133,0.168028107,1.221185323,0.495737476,0.054248106
75.33665197,0.172228844,1.224340426,0.478611565,0.059439737
75.34129064,0.165523821,1.222479724,0.447063832,0.053461496
75.34592931,0.164635203,1.221104423,0.467795199,0.051809613
75.35056798,0.170855526,1.224178626,0.511962024,0.057079905
75.35520665,0.169401425,1.225715727,0.44886656,0.057315888
75.35984532,0.164231286,1.223450525,0.461485653,0.051966935
75.36448399,0.166493222,1.224421326,0.488526566,0.052989529
75.36912266,0.172067278,1.229437131,0.49663884,0.059125093
75.37376133,0.166089305,1.230407932,0.447063832,0.054562751
75.3784,0.164150503,1.231297833,0.470499291,0.052045596
75.38303867,0.169562992,1.235585538,0.512863388,0.055821328
75.38767734,0.170047692,1.241329444,0.470499291,0.058653127
75.39231601,0.164150503,1.243432846,0.465992472,0.052517563
75.39695468,0.165200687,1.245859849,0.487625202,0.052202919
75.40159335,0.171905711,1.251037454,0.518271571,0.058653127
75.40623202,0.16762419,1.252817256,0.45607747,0.056057311
75.41087069,0.164150503,1.253788057,0.477710201,0.051966935
75.41550936,0.168432024,1.257994862,0.511962024,0.054720073
75.42014803,0.171905711,1.264628669,0.491230657,0.059439737
75.4247867,0.165443037,1.26624667,0.464189744,0.053225513
75.42942537,0.164958337,1.268107372,0.484019747,0.051966935
75.43406404,0.171986494,1.273932179,0.527285209,0.057473211
75.43870271,0.169562992,1.277896283,0.461485653,0.057551872
75.44334138,0.164877553,1.275954681,0.475006109,0.051966935
75.44798005,0.167139489,1.276440081,0.499342932,0.053304174
75.45261872,0.172955895,1.279999685,0.502047023,0.05959706
75.45725739,0.166977922,1.277653583,0.452472015,0.054798734
75.46189606,0.164635203,1.273770378,0.472302018,0.051966935
75.46653473,0.170451609,1.274255779,0.512863388,0.056057311
75.4711734,0.170774743,1.274013079,0.46328838,0.058810449
75.47581207,0.165119904,1.270129875,0.457880198,0.052832207
75.48045074,0.165927738,1.267217472,0.480414292,0.052517563
75.48508941,0.172471195,1.268916373,0.508356569,0.05888911
75.48972808,0.167543406,1.266327571,0.446162468,0.056057311
75.49436675,0.164231286,1.262039866,0.466893835,0.051888274
75.49900542,0.168755157,1.261311765,0.502948387,0.054720073
75.50364409,0.172309628,1.263496068,0.478611565,0.059203754
75.50828276,0.165685387,1.260260064,0.453373379,0.053304174
75.51292143,0.165362254,1.258318462,0.472302018,0.05228158
75.5175601,0.172067278,1.260421864,0.51556748,0.057866516
75.52219877,0.169482208,1.261554466,0.450669287,0.057394549
75.52683744,0.16503912,1.258561162,0.465992472,0.05228158
75.53147611,0.167704973,1.258561162,0.493033385,0.053697479
75.53611478,0.172875112,1.262687067,0.49663884,0.059439737
75.54075345,0.166574005,1.263172467,0.451570651,0.05448409
75.54539212,0.165200687,1.262606167,0.474104746,0.051809613
75.55003079,0.171017093,1.267621972,0.517370207,0.0566866
75.55466946,0.171501794,1.272314177,0.466893835,0.059046432
75.55930813,0.165766171,1.272475977,0.468696563,0.052596224
75.5639468,0.166574005,1.274336679,0.493033385,0.052674885
75.56858547,0.173359812,1.281213186,0.517370207,0.059125093
75.57322414,0.168189673,1.283882889,0.456978834,0.055742667
75.57786281,0.165362254,1.28461099,0.478611565,0.052045596
75.58250148,0.169805342,1.288251494,0.51556748,0.055192039
75.58714015,0.173279029,1.2939954,0.488526566,0.059361076
75.59177882,0.166816355,1.292781899,0.465992472,0.05306819
75.59641749,0.166977922,1.292539198,0.484921111,0.052045596
75.60105616,0.173602163,1.296260602,0.527285209,0.058102499
75.60569483,0.170774743,1.297797704,0.461485653,0.057551872
75.6103335,0.166816355,1.296341502,0.478611565,0.052202919
75.61497217,0.170370826,1.298444905,0.510159297,0.053933462
75.61961084,0.175460181,1.305159612,0.511962024,0.059675721
75.62424951,0.169643775,1.310013617,0.476808837,0.05448409
75.62888818,0.168755157,1.316081123,0.504751114,0.05228158
75.63352685,0.175783315,1.327568936,0.555227486,0.0566866
75.63816552,0.176025665,1.336387045,0.500244295,0.058495805
75.64280419,0.17093631,1.335901644,0.495737476,0.052596224
75.64744286,0.171905711,1.334040942,0.510159297,0.05306819
75.65208153,0.178449168,1.333717342,0.523679754,0.059361076
75.6567202,0.172471195,1.329510538,0.457880198,0.055664006
75.66135887,0.169562992,1.32247223,0.475006109,0.052438902
75.66599754,0.174167646,1.318022725,0.509257933,0.055349362
75.67063621,0.176752716,1.315676623,0.473203382,0.059518399
75.67527488,0.169966909,1.308476515,0.453373379,0.053382835
75.67991355,0.169805342,1.301923608,0.471400654,0.052517563
75.68455222,0.175944882,1.300386507,0.510159297,0.058259821
75.68919089,0.172471195,1.296907803,0.441655649,0.057079905
75.69382956,0.16762419,1.289707695,0.458781561,0.052360241
75.69846823,0.170693959,1.28453009,0.488526566,0.054248106
75.7031069,0.175056264,1.283478389,0.481315656,0.059833043
75.70774557,0.168593591,1.277653583,0.441655649,0.054405429
75.71238424,0.167462623,1.272152377,0.462387016,0.052124257
75.71702291,0.173279029,1.271262476,0.505652478,0.057158566
75.72166158,0.171905711,1.269239974,0.44886656,0.058653127
75.72630025,0.166654788,1.263010667,0.454274742,0.052674885
75.73093892,0.168189673,1.258722962,0.477710201,0.052989529
75.73557759,0.174329213,1.260421864,0.49663884,0.059833043
75.74021626,0.168916724,1.257266761,0.438951558,0.055506684
75.74485493,0.166331655,1.253059956,0.462387016,0.052045596
75.7494936,0.17142101,1.252574556,0.501145659,0.055742667
75.75413227,0.173440596,1.253221757,0.465091108,0.059518399
75.75877094,0.166897139,1.248529552,0.450669287,0.053382835
75.76340961,0.167220272,1.245940749,0.471400654,0.052596224
75.76804828,0.17400608,1.247558751,0.508356569,0.058731788
75.77268695,0.170290042,1.247477851,0.442557013,0.057001244
75.77732562,0.166412438,1.244080047,0.462387016,0.052124257
75.78196429,0.169805342,1.243918247,0.493033385,0.054562751
75.78660296,0.174167646,1.24683065,0.48221702,0.060069026
75.79124163,0.167462623,1.243271046,0.445261105,0.054012123
75.7958803,0.166170088,1.240196843,0.465091108,0.052045596
75.80051897,0.172794328,1.241248544,0.508356569,0.057079905
75.80515764,0.170693959,1.241248544,0.447965196,0.058259821
75.80979631,0.165362254,1.236151839,0.45607747,0.052360241
75.81443498,0.167301056,1.232754035,0.479512928,0.05306819
75.81907365,0.173198245,1.234776537,0.493033385,0.059361076
75.82371232,0.167301056,1.232349535,0.438050194,0.054877395
75.82835099,0.164715986,1.22830453,0.460584289,0.052202919
75.83298966,0.170128476,1.228628131,0.501145659,0.055899989
75.83762833,0.171744144,1.229598932,0.459682925,0.059203754
75.842267,0.165119904,1.225553927,0.44886656,0.053225513
75.84690567,0.166008521,1.223207825,0.469597927,0.052517563
75.85154434,0.172390411,1.224825827,0.50384975,0.058495805
75.85618301,0.16762419,1.223693225,0.438050194,0.056293294
75.86082168,0.16455442,1.219729121,0.457880198,0.051809613
75.86546035,0.167785756,1.219243721,0.490329294,0.054248106
75.87009902,0.171744144,1.220861722,0.475006109,0.05959706
75.87473769,0.165200687,1.218030219,0.442557013,0.053618818
75.87937636,0.163827369,1.214794216,0.46328838,0.052045596
75.88401503,0.170532393,1.216412218,0.506553842,0.057001244
75.8886537,0.169078291,1.217544819,0.445261105,0.057630533
75.89329237,0.163181101,1.213580715,0.455176106,0.052202919
75.89793104,0.165766171,1.212771714,0.480414292,0.052910868
75.90256971,0.171259443,1.214875116,0.490329294,0.059439737
75.90720838,0.164958337,1.212448113,0.438050194,0.054720073
75.91184705,0.162938751,1.208726709,0.459682925,0.051809613
75.91648572,0.168835941,1.209778411,0.500244295,0.055899989
75.92112439,0.169724558,1.211072812,0.45607747,0.058731788
75.92576306,0.164150503,1.207513208,0.44886656,0.052517563
75.93040173,0.16455442,1.205086206,0.469597927,0.05228158
75.9350404,0.171259443,1.208241309,0.502047023,0.05888911
75.93967907,0.166654788,1.207432308,0.438050194,0.056214633
75.94431774,0.163261885,1.204681705,0.458781561,0.051809613
75.94895641,0.167301056,1.205086206,0.493033385,0.054562751
75.95359508,0.170532393,1.208484009,0.474104746,0.059518399
75.95823375,0.163988936,1.206946908,0.445261105,0.053697479
75.96287242,0.163342668,1.205409806,0.465992472,0.052202919
75.96751109,0.169562992,1.207513208,0.508356569,0.057630533
75.97214976,0.167301056,1.208322209,0.444359741,0.057709194
75.97678843,0.162615618,1.204681705,0.45607747,0.051966935
75.9814271,0.165119904,1.203710904,0.483118383,0.052989529
75.98606577,0.171097877,1.206866007,0.488526566,0.059125093
75.99070444,0.164392853,1.204762605,0.438050194,0.05448409
75.99534311,0.162615618,1.202173803,0.460584289,0.051809613
75.99998178,0.168270457,1.203872704,0.502047023,0.056057311
76.00462045,0.168997508,1.205733406,0.454274742,0.058810449
76.00925912,0.162777184,1.202173803,0.44886656,0.052517563
76.01389779,0.163261885,1.1999086,0.470499291,0.052674885
76.01853646,0.169966909,1.203225504,0.500244295,0.058653127
76.02317513,0.165766171,1.202578303,0.438050194,0.055742667
76.0278138,0.162373267,1.199261399,0.458781561,0.051888274
76.03245247,0.166897139,1.200474901,0.493934749,0.054720073
76.03709114,0.170532393,1.203953604,0.469597927,0.059361076
76.04172981,0.164150503,1.200636701,0.445261105,0.053382835
76.04636848,0.163665802,1.198856899,0.465992472,0.05228158
76.05100715,0.170047692,1.201688402,0.507455206,0.057630533
76.05564582,0.167785756,1.203144604,0.442557013,0.057394549
76.06028449,0.162857968,1.2001513,0.457880198,0.051966935
76.06492316,0.165766171,1.2001513,0.484921111,0.053540157
76.06956183,0.170774743,1.204277205,0.488526566,0.059439737
76.0742005,0.164877553,1.204358105,0.441655649,0.054405429
76.07883917,0.163342668,1.204115405,0.465091108,0.05157363
76.08347784,0.169078291,1.206785107,0.507455206,0.056135972
76.08811651,0.169562992,1.210263811,0.457880198,0.058338482
76.09275518,0.163665802,1.209859311,0.457880198,0.052517563
76.09739385,0.165604604,1.210830112,0.479512928,0.052438902
76.10203252,0.172551978,1.216169517,0.504751114,0.058653127
76.10667119,0.167947323,1.217383019,0.443458377,0.055742667
76.11130986,0.16503912,1.216169517,0.465091108,0.051809613
76.11594853,0.169401425,1.217868419,0.501145659,0.054877395
76.1205872,0.172309628,1.221670723,0.474104746,0.059439737
76.12522587,0.165604604,1.219971821,0.451570651,0.053304174
76.12986454,0.16528147,1.217787519,0.471400654,0.052360241
76.13450321,0.172309628,1.221023523,0.511962024,0.057945177
76.13914188,0.169643775,1.222075224,0.445261105,0.057394549
76.14378055,0.165362254,1.21908192,0.461485653,0.05228158
76.14841922,0.16835124,1.21867742,0.488526566,0.05377614
76.15305789,0.173279029,1.222237024,0.487625202,0.059675721
76.15769656,0.166654788,1.219890921,0.443458377,0.05448409
76.16233523,0.16503912,1.217787519,0.465091108,0.051966935
76.1669739,0.170451609,1.219567321,0.507455206,0.056607939
76.17161257,0.170209259,1.220942622,0.454274742,0.058495805
76.17625124,0.164958337,1.218111119,0.455176106,0.052517563
76.18088991,0.166412438,1.217059418,0.479512928,0.052832207
76.18552858,0.172390411,1.220699922,0.500244295,0.059439737
76.19016725,0.166977922,1.220295422,0.441655649,0.055506684
76.19480592,0.164231286,1.21827292,0.465091108,0.051730952
76.19944459,0.168997508,1.220942622,0.502948387,0.055034717
76.20408326,0.171501794,1.224583126,0.473203382,0.059203754
76.20872193,0.164877553,1.223612325,0.455176106,0.052989529
76.2133606,0.165200687,1.223774125,0.475006109,0.052360241
76.21799927,0.171824927,1.229598932,0.51556748,0.058102499
76.22263794,0.168674374,1.233401236,0.450669287,0.056922583
76.22727661,0.164958337,1.233886636,0.468696563,0.051966935
76.23191528,0.16835124,1.23760804,0.498441568,0.053618818
76.23655395,0.173036679,1.244160947,0.493033385,0.059439737
76.24119262,0.166412438,1.245940749,0.454274742,0.054169445
76.24583129,0.165200687,1.248125051,0.475907473,0.051966935
76.25046996,0.171501794,1.255729659,0.521877026,0.056607939
76.25510863,0.17117866,1.264871369,0.466893835,0.058023838
76.2597473,0.165927738,1.269078173,0.471400654,0.052202919
76.26438597,0.167785756,1.27530748,0.49663884,0.052674885
76.26902464,0.174086863,1.28509639,0.51556748,0.059125093
76.27366331,0.168674374,1.288736894,0.45607747,0.0552707
76.27830198,0.166574005,1.288170594,0.475907473,0.052202919
76.28294065,0.171259443,1.289222295,0.511962024,0.055113378
76.28757932,0.173036679,1.290516696,0.475006109,0.05888911
76.29221799,0.167058706,1.286957092,0.457880198,0.052832207
76.29685666,0.167462623,1.283154788,0.475907473,0.052360241
76.30149533,0.173925296,1.283235688,0.512863388,0.058653127
76.306134,0.170290042,1.281213186,0.445261105,0.056843922
76.31077267,0.166170088,1.275954681,0.464189744,0.051966935
76.31541134,0.169562992,1.273446778,0.493934749,0.053933462
76.32005001,0.17424843,1.273446778,0.483118383,0.059361076
76.32468868,0.16762419,1.268592773,0.444359741,0.054012123
76.32932735,0.166250871,1.263334267,0.465091108,0.051966935
76.33396602,0.172471195,1.262687067,0.508356569,0.056843922
76.33860469,0.17166336,1.261716266,0.449767924,0.058259821
76.34324336,0.166250871,1.25613416,0.45607747,0.052360241
76.34788203,0.167947323,1.252979056,0.481315656,0.053225513
76.3525207,0.174086863,1.254354358,0.49663884,0.059203754
76.35715937,0.168512807,1.251280155,0.441655649,0.055034717
76.36179804,0.165927738,1.24715425,0.46328838,0.052124257
76.36643671,0.171017093,1.24699245,0.502948387,0.055506684
76.37107538,0.172148061,1.247801451,0.464189744,0.05888911
76.37571405,0.166008521,1.244403647,0.452472015,0.052832207
76.38035272,0.166250871,1.241167644,0.473203382,0.052124257
76.38499139,0.173279029,1.243432846,0.509257933,0.058338482
76.38963006,0.169401425,1.242219345,0.443458377,0.056529278
76.39426873,0.164958337,1.238012541,0.46328838,0.051888274
76.3989074,0.168997508,1.236718139,0.494836113,0.054248106
76.40354607,0.172875112,1.238983342,0.481315656,0.059675721
76.40818474,0.166574005,1.235747338,0.447063832,0.053933462
76.41282341,0.165523821,1.233482136,0.467795199,0.051888274
76.41746208,0.171744144,1.233967536,0.511962024,0.057079905
76.42210075,0.170451609,1.234452937,0.449767924,0.057866516
76.42673942,0.165523821,1.230893333,0.458781561,0.052202919
76.43137809,0.167381839,1.229760732,0.484921111,0.05306819
76.43601676,0.173763729,1.232268634,0.49663884,0.059518399
76.44065543,0.168028107,1.229598932,0.442557013,0.055034717
76.4452941,0.165443037,1.225796628,0.464189744,0.051809613
76.44993277,0.170290042,1.226443828,0.504751114,0.055585345
76.45457144,0.171501794,1.227252829,0.461485653,0.058574466
76.45921011,0.165766171,1.223450525,0.451570651,0.052753546
76.46384878,0.166089305,1.221266223,0.472302018,0.05228158
76.46848745,0.172632762,1.223693225,0.504751114,0.058495805
76.47312612,0.16835124,1.222398824,0.440754286,0.056135972
76.47776479,0.164877553,1.21835382,0.461485653,0.052045596
76.48240346,0.168835941,1.21859652,0.494836113,0.05448409
76.48704213,0.172067278,1.221185323,0.477710201,0.059675721
76.4916808,0.166089305,1.21843472,0.446162468,0.053540157
76.49631947,0.165523821,1.216331318,0.466893835,0.051809613
76.50095814,0.172067278,1.217787519,0.511962024,0.057237227
76.50559681,0.169966909,1.217787519,0.447965196,0.057630533
76.51023548,0.165523821,1.214956016,0.460584289,0.052202919
76.51487415,0.167301056,1.214227915,0.487625202,0.053382835
76.51951282,0.172955895,1.217140318,0.495737476,0.059282415
76.52415149,0.166816355,1.216493118,0.446162468,0.055034717
76.52879016,0.164877553,1.215441417,0.470499291,0.051888274
76.53342883,0.170290042,1.21908192,0.512863388,0.055899989
76.5380675,0.171259443,1.223369625,0.467795199,0.058495805
76.54270617,0.165362254,1.221994324,0.461485653,0.052360241
76.54734484,0.166331655,1.222479724,0.48221702,0.052045596
76.55198351,0.173198245,1.224825827,0.511060661,0.058653127
76.55662218,0.168916724,1.224664026,0.446162468,0.055821328
76.56126085,0.165200687,1.221266223,0.465992472,0.051730952
76.56589952,0.169482208,1.221266223,0.500244295,0.054405429
76.57053819,0.172875112,1.223046025,0.475907473,0.059203754
76.57517686,0.166493222,1.220214522,0.44886656,0.053225513
76.57981553,0.165685387,1.217140318,0.467795199,0.052045596
76.5844542,0.172390411,1.21883922,0.510159297,0.057630533
76.58909287,0.169724558,1.217787519,0.447063832,0.057394549
76.59373154,0.16479677,1.214470616,0.460584289,0.051966935
76.59837021,0.167462623,1.213985215,0.486723839,0.05306819
76.60300888,0.173117462,1.217059418,0.491230657,0.059439737
76.60764755,0.166654788,1.214956016,0.443458377,0.054090784
76.61228622,0.16479677,1.212124513,0.465091108,0.051652291
76.61692489,0.170693959,1.213661615,0.507455206,0.05597865
76.62156356,0.170774743,1.215845917,0.457880198,0.058259821
76.62620223,0.164877553,1.213014414,0.45607747,0.052360241
76.6308409,0.165523821,1.211315512,0.479512928,0.052045596
76.63547957,0.172390411,1.215036916,0.506553842,0.058653127
76.64011824,0.16762419,1.214875116,0.444359741,0.055664006
76.64475691,0.164150503,1.211720013,0.465992472,0.051888274
76.64939558,0.168835941,1.212933514,0.502047023,0.054798734
76.65403425,0.172067278,1.216735818,0.474104746,0.059125093
76.65867292,0.165766171,1.214875116,0.451570651,0.052910868
76.66331159,0.165200687,1.212529014,0.471400654,0.051809613
76.66795026,0.17166336,1.214713316,0.512863388,0.057709194
76.67258893,0.169320641,1.216250417,0.447965196,0.057079905
76.6772276,0.16479677,1.213661615,0.46328838,0.051809613
76.68186627,0.168028107,1.214389715,0.493033385,0.053382835
76.68650494,0.173279029,1.21900102,0.493033385,0.059282415
76.69114361,0.167139489,1.218030219,0.447965196,0.054090784
76.69578228,0.165523821,1.216574018,0.469597927,0.051337647
76.70042095,0.17142101,1.219648221,0.511962024,0.056293294
76.70505962,0.171340227,1.221994324,0.461485653,0.058102499
76.70969829,0.165362254,1.219971821,0.462387016,0.051888274
76.71433696,0.167058706,1.219890921,0.484019747,0.052360241
76.71897563,0.173763729,1.224016826,0.508356569,0.058653127
76.7236143,0.168997508,1.224744926,0.447965196,0.055349362
76.72825297,0.166008521,1.223046025,0.469597927,0.051730952
76.73289164,0.170532393,1.224664026,0.506553842,0.054720073
76.73753031,0.173682946,1.22830453,0.476808837,0.059046432
76.74216898,0.167381839,1.226443828,0.455176106,0.052832207
76.74680765,0.167139489,1.224906727,0.475907473,0.051888274
76.75144632,0.173925296,1.22846633,0.516468843,0.057709194
76.75608499,0.170693959,1.229518032,0.449767924,0.057079905
76.76072366,0.166412438,1.226362928,0.466893835,0.052045596
76.76536233,0.169724558,1.225958428,0.494836113,0.053540157
76.770001,0.174813914,1.229518032,0.491230657,0.059282415
76.77463967,0.168028107,1.227252829,0.44886656,0.053933462
76.77927834,0.166816355,1.224744926,0.469597927,0.05157363
76.78391701,0.172632762,1.226686529,0.511962024,0.056371956
76.78855568,0.172228844,1.22838543,0.45607747,0.05818116
76.79319435,0.166574005,1.224987627,0.460584289,0.05228158
76.79783302,0.16835124,1.224259526,0.483118383,0.052674885
76.80247169,0.175137048,1.227576429,0.50384975,0.05888911
76.80711036,0.169239858,1.226201128,0.444359741,0.055113378
76.81174903,0.166574005,1.223046025,0.465992472,0.051888274
76.8163877,0.171017093,1.223288725,0.502948387,0.055349362
76.82102637,0.172875112,1.225230327,0.469597927,0.059203754
76.82566504,0.166654788,1.222479724,0.454274742,0.052910868
76.83030371,0.166816355,1.219810021,0.473203382,0.052202919
76.83494238,0.173682946,1.221994324,0.512863388,0.058259821
76.83958105,0.169724558,1.221913423,0.446162468,0.056765261
76.84421972,0.166170088,1.21851562,0.464189744,0.051966935
76.84885839,0.169159074,1.217949319,0.493033385,0.054169445
76.85349706,0.173925296,1.220295422,0.485822475,0.05959706
76.85813573,0.167220272,1.218111119,0.447063832,0.054248106
76.8627744,0.166331655,1.216412218,0.467795199,0.052045596
76.86741307,0.172713545,1.217949319,0.511962024,0.057001244
76.87205174,0.171986494,1.219162821,0.454274742,0.05818116
76.87669041,0.166654788,1.215845917,0.459682925,0.052202919
76.88132908,0.168270457,1.214227915,0.483118383,0.052989529
76.88596775,0.174409997,1.218030219,0.500244295,0.059125093
76.89060642,0.16835124,1.216493118,0.444359741,0.055192039
76.89524509,0.165685387,1.213985215,0.466893835,0.051966935
76.89988376,0.170613176,1.215684117,0.504751114,0.055506684
76.90452243,0.172067278,1.21867742,0.467795199,0.059125093
76.9091611,0.165685387,1.215684117,0.45607747,0.052910868
76.91379977,0.166170088,1.213985215,0.475907473,0.052517563
76.91843844,0.173359812,1.217302119,0.512863388,0.058653127
76.92307711,0.169239858,1.217787519,0.447965196,0.056765261
76.92771578,0.165362254,1.214470616,0.468696563,0.051966935
76.93235445,0.169159074,1.215684117,0.500244295,0.054326768
76.93699312,0.173440596,1.219486421,0.488526566,0.059361076
76.94163179,0.167301056,1.217625719,0.455176106,0.053933462
76.94627046,0.165927738,1.215684117,0.473203382,0.052517563
76.95090913,0.172551978,1.21827292,0.517370207,0.057630533
76.9555478,0.170774743,1.219729121,0.45607747,0.057945177
76.96018647,0.166008521,1.217059418,0.465992472,0.051966935
76.96482514,0.16762419,1.216412218,0.48942793,0.052832207
76.96946381,0.173763729,1.220619022,0.502047023,0.059125093
76.97410248,0.16786654,1.220861722,0.447965196,0.054877395
76.97874115,0.165685387,1.219648221,0.472302018,0.051966935
76.98337982,0.17142101,1.224097726,0.516468843,0.055742667
76.98801849,0.173036679,1.229518032,0.476808837,0.059046432
76.99265716,0.166735572,1.228628131,0.466893835,0.052753546
76.99729583,0.167058706,1.22814273,0.484921111,0.052360241
77.0019345,0.174329213,1.232025934,0.517370207,0.058653127
77.00657317,0.170290042,1.232025934,0.450669287,0.056371956
77.01121184,0.166008521,1.229437131,0.470499291,0.051888274
77.01585051,0.170451609,1.229437131,0.501145659,0.054405429
77.02048918,0.174167646,1.232673135,0.484921111,0.059675721
77.02512785,0.167785756,1.230407932,0.454274742,0.053854801
77.02976652,0.166816355,1.228628131,0.475006109,0.052202919
77.03440519,0.173117462,1.231136033,0.518271571,0.057473211
77.03904386,0.171582577,1.232592235,0.455176106,0.057945177
77.04368253,0.166412438,1.230003432,0.466893835,0.052360241
77.0483212,0.169239858,1.229356231,0.492132021,0.053540157
77.05295987,0.174894697,1.233643936,0.501145659,0.059754382
77.05759854,0.168674374,1.232592235,0.449767924,0.055113378
77.06223721,0.166654788,1.230650633,0.473203382,0.052202919
77.06687588,0.172228844,1.233239435,0.513764752,0.056371956
77.07151455,0.173198245,1.235909138,0.468696563,0.05888911
77.07615322,0.167058706,1.233805736,0.462387016,0.052832207
77.08079189,0.168028107,1.232996735,0.483118383,0.052674885
77.08543056,0.174409997,1.236070938,0.514666116,0.059203754
77.09006923,0.169805342,1.235747338,0.450669287,0.056057311
77.0947079,0.166654788,1.234291137,0.471400654,0.05228158
77.09934657,0.170693959,1.234857437,0.50384975,0.054405429
77.10398524,0.174167646,1.23793164,0.483118383,0.059439737
77.10862391,0.16762419,1.234533837,0.453373379,0.053618818
77.11326258,0.167058706,1.232592235,0.473203382,0.052124257
77.11790125,0.173521379,1.233967536,0.514666116,0.057630533
77.12253992,0.17117866,1.234048436,0.450669287,0.057709194
77.12717859,0.166089305,1.230569733,0.462387016,0.052517563
77.13181726,0.168593591,1.229598932,0.488526566,0.053304174
77.13645593,0.174167646,1.231864134,0.493934749,0.059282415
77.1410946,0.168270457,1.229841632,0.445261105,0.054720073
77.14573327,0.166170088,1.226767429,0.466893835,0.051966935
77.15037194,0.171340227,1.22773823,0.509257933,0.056214633
77.15501061,0.172148061,1.229437131,0.462387016,0.058574466
77.15964928,0.166412438,1.226443828,0.457880198,0.052360241
77.16428795,0.167462623,1.224744926,0.479512928,0.052596224
77.16892662,0.17400608,1.227252829,0.506553842,0.059125093
77.17356529,0.169239858,1.225877528,0.444359741,0.055899989
77.17820396,0.165443037,1.223126925,0.465091108,0.051730952
77.18284263,0.169724558,1.223207825,0.501145659,0.054405429
77.1874813,0.172551978,1.225553927,0.476808837,0.059125093
77.19211997,0.166250871,1.222722424,0.451570651,0.05306819
77.19675864,0.165766171,1.220214522,0.471400654,0.051652291
77.20139731,0.172228844,1.222075224,0.514666116,0.057315888
77.20603598,0.169724558,1.222722424,0.44886656,0.057158566
77.21067465,0.164715986,1.21900102,0.464189744,0.051809613
77.21531332,0.167704973,1.21867742,0.491230657,0.053146851
77.21995199,0.173359812,1.221751623,0.493934749,0.059282415
77.22459066,0.167301056,1.220619022,0.44886656,0.054405429
77.22922933,0.165362254,1.218111119,0.471400654,0.051494969
77.233868,0.171259443,1.220619022,0.512863388,0.056135972
77.23850667,0.17166336,1.222803324,0.462387016,0.058259821
77.24314534,0.165846954,1.219486421,0.461485653,0.051966935
77.24778401,0.166977922,1.218111119,0.48221702,0.052360241
77.25242268,0.173440596,1.220457222,0.507455206,0.058495805
77.25706135,0.168835941,1.219810021,0.446162468,0.055113378
77.26170002,0.16528147,1.216493118,0.466893835,0.051416308
77.26633869,0.170047692,1.217868419,0.504751114,0.054562751
77.27097736,0.173117462,1.223207825,0.479512928,0.05888911
77.27561603,0.166331655,1.223126925,0.461485653,0.053225513
77.2802547,0.166250871,1.222965125,0.480414292,0.05157363
77.28489337,0.173036679,1.225796628,0.520074299,0.057551872
77.28953204,0.170128476,1.225715727,0.450669287,0.056529278
77.29417071,0.165523821,1.221670723,0.465091108,0.051730952
77.29880938,0.168189673,1.220052721,0.493033385,0.053382835
77.30344805,0.173359812,1.222965125,0.48942793,0.059203754
77.30808672,0.167058706,1.219810021,0.445261105,0.054090784
77.31272539,0.165523821,1.216574018,0.465992472,0.051809613
77.31736406,0.17117866,1.216897618,0.509257933,0.056135972
77.32200273,0.170613176,1.217706619,0.455176106,0.058259821
77.3266414,0.165362254,1.214227915,0.457880198,0.052045596
77.33128007,0.166412438,1.212043613,0.480414292,0.052360241
77.33591874,0.173198245,1.215036916,0.502047023,0.058731788
77.34055741,0.16762419,1.213095314,0.442557013,0.055192039
77.34519608,0.16455442,1.20953571,0.465091108,0.05157363
77.34983475,0.169078291,1.209778411,0.501145659,0.054720073
77.35447342,0.171501794,1.211720013,0.468696563,0.058574466
77.35911209,0.164473636,1.208160409,0.449767924,0.052596224
77.36375076,0.164715986,1.205409806,0.468696563,0.051730952
77.36838943,0.171582577,1.206946908,0.509257933,0.058023838
77.3730281,0.168512807,1.205652506,0.442557013,0.0566866
77.37766677,0.163988936,1.201688402,0.462387016,0.051652291
77.38230544,0.167381839,1.201203001,0.491230657,0.05377614
77.38694411,0.172148061,1.203387304,0.484921111,0.059675721
77.39158278,0.16528147,1.1996659,0.442557013,0.054248106
77.39622145,0.163908152,1.195944496,0.46328838,0.051888274
77.40086012,0.169805342,1.196268096,0.505652478,0.056765261
77.40549879,0.169078291,1.196591697,0.44886656,0.058259821
77.41013746,0.163665802,1.191737691,0.453373379,0.052517563
77.41477613,0.165200687,1.189634289,0.476808837,0.052753546
77.4194148,0.171582577,1.191899492,0.495737476,0.059282415
77.42405347,0.165766171,1.189553389,0.438050194,0.055192039
77.42869214,0.163100318,1.185427485,0.459682925,0.051730952
77.43333081,0.16810889,1.186155586,0.499342932,0.055428023
77.43796948,0.170209259,1.188825288,0.46328838,0.059361076
77.44260815,0.163504235,1.185751085,0.447965196,0.053540157
77.44724682,0.163746585,1.184618484,0.469597927,0.052438902
77.45188549,0.17093631,1.187369087,0.506553842,0.058810449
77.45652416,0.167301056,1.186883686,0.440754286,0.056607939
77.46116283,0.162938751,1.183485883,0.460584289,0.052045596
77.4658015,0.166412438,1.183324083,0.490329294,0.054248106
77.47044017,0.171017093,1.186479186,0.481315656,0.059990365
77.47507884,0.164877553,1.184537584,0.444359741,0.054169445
77.47971751,0.163665802,1.182191481,0.464189744,0.05228158
77.48435618,0.169805342,1.184294884,0.507455206,0.057315888
77.48899485,0.168755157,1.185589285,0.447965196,0.058259821
77.49363352,0.163181101,1.182757782,0.456978834,0.052674885
77.49827219,0.165523821,1.182353281,0.48221702,0.053225513
77.50291086,0.171582577,1.185993785,0.495737476,0.059675721
77.50754953,0.165927738,1.185103884,0.440754286,0.055349362
77.5121882,0.163342668,1.181786981,0.46328838,0.052202919
77.51682687,0.168512807,1.182757782,0.502047023,0.055899989
77.52146554,0.170451609,1.185184785,0.462387016,0.059282415
77.52610421,0.164069719,1.183000482,0.450669287,0.053146851
77.53074288,0.164231286,1.18138248,0.472302018,0.052596224
77.53538155,0.171017093,1.184699384,0.507455206,0.058653127
77.54002022,0.167139489,1.185346585,0.442557013,0.056843922
77.54465889,0.163100318,1.183243182,0.461485653,0.05228158
77.54929756,0.166654788,1.184456684,0.493934749,0.054326768
77.55393623,0.17093631,1.188744388,0.480414292,0.059911704
77.5585749,0.164392853,1.188016288,0.447965196,0.053933462
77.56321357,0.163585019,1.187611787,0.468696563,0.052360241
77.56785224,0.169966909,1.191414091,0.512863388,0.057709194
77.57249091,0.168432024,1.194569194,0.452472015,0.058338482
77.57712958,0.163342668,1.194245594,0.46328838,0.052674885
77.58176825,0.16503912,1.197157997,0.48942793,0.053697479
77.58640692,0.171582577,1.203306404,0.500244295,0.059675721
77.59104559,0.165846954,1.205328906,0.447965196,0.055113378
77.59568426,0.163181101,1.204681705,0.469597927,0.052438902
77.60032293,0.168916724,1.208322209,0.510159297,0.056057311
77.6049616,0.169886125,1.211639113,0.466893835,0.059046432
77.60960027,0.163746585,1.210991912,0.459682925,0.052989529
77.61423894,0.164473636,1.212448113,0.48221702,0.052832207
77.61887761,0.170855526,1.219243721,0.516468843,0.059046432
77.62351628,0.167381839,1.223288725,0.453373379,0.056765261
77.62815495,0.163665802,1.223288725,0.475006109,0.052360241
77.63279362,0.167704973,1.226686529,0.507455206,0.054720073
77.63743229,0.171582577,1.231378733,0.487625202,0.059361076
77.64207096,0.165443037,1.229356231,0.45607747,0.053618818
77.64670963,0.164150503,1.22806183,0.475006109,0.05228158
77.6513483,0.171017093,1.230569733,0.51556748,0.057473211
77.65598697,0.169159074,1.231378733,0.451570651,0.057630533
77.66062564,0.164312069,1.226686529,0.46328838,0.052360241
77.66526431,0.166816355,1.225392127,0.486723839,0.053461496
77.66990298,0.172148061,1.226282028,0.493033385,0.059833043
77.67454165,0.166089305,1.223046025,0.441655649,0.055113378
77.67918032,0.163988936,1.21859652,0.462387016,0.05228158
77.68381899,0.169643775,1.21859652,0.50384975,0.056057311
77.68845766,0.170370826,1.219486421,0.456978834,0.058967771
77.69309633,0.163988936,1.215117816,0.451570651,0.052674885
77.697735,0.164958337,1.212690814,0.473203382,0.052517563
77.70237367,0.171824927,1.214551516,0.502948387,0.05888911
77.70701234,0.166816355,1.213176214,0.439852922,0.056135972
77.71165101,0.163423452,1.20929301,0.460584289,0.052124257
77.71628968,0.167785756,1.208403109,0.494836113,0.054798734
77.72092835,0.170774743,1.210749212,0.472302018,0.05959706
77.72556702,0.163988936,1.207432308,0.445261105,0.053697479
77.73020569,0.163988936,1.204277205,0.465091108,0.052517563
77.73484436,0.170693959,1.206218807,0.508356569,0.057787855
77.73948303,0.16835124,1.206380607,0.444359741,0.057709194
77.7441217,0.163665802,1.202497403,0.458781561,0.052517563
77.74876037,0.165846954,1.200879401,0.485822475,0.053540157
77.75339904,0.171501794,1.204358105,0.48942793,0.05959706
77.75803771,0.165604604,1.202416503,0.442557013,0.054720073
77.76267638,0.163504235,1.200394001,0.464189744,0.051888274
77.76731505,0.168997508,1.201283902,0.506553842,0.056293294
77.77195372,0.169320641,1.202578303,0.456978834,0.058810449
77.77659239,0.163827369,1.1999895,0.454274742,0.052753546
77.78123106,0.165119904,1.198695099,0.476808837,0.052517563
77.78586973,0.17142101,1.201850202,0.502948387,0.05888911
77.7905084,0.166250871,1.200960301,0.441655649,0.055742667
77.79514707,0.163181101,1.197805198,0.462387016,0.051966935
77.79978574,0.16762419,1.198695099,0.498441568,0.054956056
77.80442441,0.170613176,1.201931102,0.471400654,0.059518399
77.80906308,0.164392853,1.199261399,0.447965196,0.053618818
77.81370175,0.163908152,1.197157997,0.467795199,0.052517563
77.81834042,0.170451609,1.1995041,0.510159297,0.058102499
77.82297909,0.16786654,1.1996659,0.444359741,0.057473211
77.82761776,0.162938751,1.196591697,0.460584289,0.052438902
77.83225643,0.166008521,1.197157997,0.488526566,0.054248106
77.8368951,0.170855526,1.200474901,0.487625202,0.059990365
77.84153377,0.164635203,1.1994232,0.443458377,0.054641412
77.84617244,0.163342668,1.197238897,0.465992472,0.05228158
77.85081111,0.169401425,1.1996659,0.509257933,0.056922583
77.85544978,0.169320641,1.202012002,0.457880198,0.05888911
77.86008845,0.163342668,1.2000704,0.458781561,0.052753546
77.86472712,0.165200687,1.1996659,0.48221702,0.053382835
77.86936579,0.171824927,1.203144604,0.506553842,0.059518399
77.87400446,0.166816355,1.203710904,0.447063832,0.05597865
77.87864313,0.163908152,1.203872704,0.470499291,0.05228158
77.8832818,0.168432024,1.207189608,0.510159297,0.055742667
77.88792047,0.171824927,1.213742515,0.483118383,0.059518399
77.89255914,0.165685387,1.213742515,0.462387016,0.053697479
77.89719781,0.165523821,1.213176214,0.48221702,0.052438902
77.90183648,0.172390411,1.216978518,0.521877026,0.058495805
77.90647515,0.169562992,1.21867742,0.454274742,0.057394549
77.91111382,0.16503912,1.216007717,0.471400654,0.052596224
77.91575249,0.16810889,1.215684117,0.501145659,0.054248106
77.92039116,0.172632762,1.21892012,0.497540204,0.059833043
77.92502983,0.166412438,1.217463919,0.455176106,0.054641412
77.9296685,0.165200687,1.214632416,0.476808837,0.052202919
77.93430717,0.17117866,1.216412218,0.518271571,0.0566866
77.93894584,0.17093631,1.217868419,0.465091108,0.058967771
77.94358451,0.165362254,1.215522317,0.471400654,0.052910868
77.94822318,0.166654788,1.214470616,0.497540204,0.053382835
77.95286185,0.173359812,1.217868419,0.520074299,0.059439737
77.95750052,0.16786654,1.217059418,0.462387016,0.055899989
77.96213919,0.165200687,1.214713316,0.485822475,0.05228158
77.96677786,0.170047692,1.215441417,0.524581117,0.055899989
77.97141653,0.172794328,1.217949319,0.490329294,0.059990365
77.9760552,0.166331655,1.215360517,0.472302018,0.05377614
77.98069387,0.166977922,1.214389715,0.491230657,0.052989529
77.98533254,0.17400608,1.216735818,0.528186573,0.059046432
77.98997121,0.170451609,1.217787519,0.459682925,0.057237227
77.99460988,0.166574005,1.213904315,0.476808837,0.052910868
77.99924855,0.170370826,1.213418914,0.505652478,0.054720073
78.00388722,0.175864098,1.216897618,0.49663884,0.060462331
78.00852589,0.171097877,1.215198716,0.457880198,0.055113378
78.01316456,0.17142101,1.212529014,0.481315656,0.052832207
78.01780323,0.180064836,1.214956016,0.525482481,0.057866516
78.0224419,0.182649905,1.216412218,0.467795199,0.059203754
78.02708057,0.179257002,1.212852614,0.473203382,0.053382835
78.03171924,0.182084422,1.212367213,0.494836113,0.05377614
78.03635791,0.187900828,1.215198716,0.508356569,0.060069026
78.04099658,0.182326772,1.213823415,0.449767924,0.056371956
78.04563525,0.179418569,1.210668312,0.471400654,0.052674885
78.05027392,0.184507924,1.211315512,0.509257933,0.056529278
78.05491259,0.185558109,1.213338014,0.469597927,0.060305009
78.05955126,0.179095435,1.210102011,0.45607747,0.053933462
78.06418993,0.178853085,1.207836809,0.475006109,0.053225513
78.0688286,0.185154191,1.211072812,0.511060661,0.059125093
78.07346727,0.180953454,1.210991912,0.444359741,0.057709194
78.07810594,0.176591149,1.207270508,0.464189744,0.052910868
78.08274461,0.179984053,1.207917709,0.495737476,0.055192039
78.08738328,0.183780873,1.211396412,0.483118383,0.060776976
78.09202195,0.176752716,1.20969751,0.447965196,0.054641412
78.09666062,0.175379398,1.208079509,0.469597927,0.05306819
78.10129929,0.181195804,1.210425611,0.512863388,0.05818116
78.10593796,0.179580136,1.212852614,0.453373379,0.059203754
78.11057663,0.174086863,1.209940211,0.46328838,0.053382835
78.1152153,0.176025665,1.210102011,0.488526566,0.054012123
78.11985397,0.181438154,1.214551516,0.500244295,0.059990365
78.12449264,0.175217831,1.213823415,0.445261105,0.055821328
78.12913131,0.172471195,1.211477312,0.466893835,0.052753546
78.13376998,0.177398983,1.213338014,0.507455206,0.056607939
78.13840865,0.178529951,1.216493118,0.466893835,0.059833043
78.14304732,0.172309628,1.213742515,0.45607747,0.053933462
78.14768599,0.172551978,1.212286313,0.477710201,0.053461496
78.15232466,0.178853085,1.215684117,0.511060661,0.059518399
78.15696333,0.17449078,1.215279616,0.446162468,0.057158566
78.161602,0.170532393,1.212529014,0.466893835,0.052832207
78.16624067,0.173763729,1.213095314,0.499342932,0.055349362
78.17087934,0.1773182,1.215765017,0.48221702,0.060069026
78.17551801,0.170693959,1.213176214,0.449767924,0.054090784
78.18015668,0.169966909,1.211153712,0.469597927,0.052438902
78.18479535,0.176025665,1.213661615,0.512863388,0.058023838
78.18943402,0.173682946,1.214470616,0.451570651,0.058574466
78.19407269,0.168270457,1.211477312,0.462387016,0.052753546
78.19871136,0.17093631,1.211153712,0.486723839,0.053854801
78.20335003,0.176591149,1.214632416,0.497540204,0.059990365
78.2079887,0.17117866,1.213418914,0.445261105,0.055742667
78.21262737,0.168755157,1.211639113,0.467795199,0.052674885
78.21726604,0.173763729,1.213095314,0.509257933,0.056922583
78.22190471,0.174652347,1.215360517,0.465091108,0.059833043
78.22654338,0.168512807,1.212690814,0.457880198,0.053697479
78.23118205,0.169159074,1.211800913,0.478611565,0.053461496
78.23582072,0.175702531,1.215198716,0.509257933,0.059754382
78.24045939,0.171340227,1.215522317,0.446162468,0.056922583
78.24509806,0.16786654,1.213580715,0.466893835,0.052910868
78.24973673,0.17166336,1.214632416,0.501145659,0.055428023
78.2543754,0.175137048,1.218111119,0.479512928,0.060619654
78.25901407,0.168835941,1.216897618,0.451570651,0.054562751
78.26365274,0.167704973,1.215765017,0.472302018,0.05306819
78.26829141,0.174409997,1.219162821,0.516468843,0.058102499
78.27293008,0.172067278,1.221832523,0.454274742,0.058417143
78.27756875,0.167301056,1.220376322,0.469597927,0.052832207
78.28220742,0.170047692,1.221832523,0.495737476,0.054090784
78.28684609,0.175460181,1.227414629,0.502948387,0.060069026
78.29148476,0.169401425,1.22798093,0.453373379,0.055506684
78.29612343,0.168028107,1.22790003,0.475907473,0.052596224
78.3007621,0.173521379,1.231621434,0.518271571,0.056843922
78.30540077,0.174813914,1.235909138,0.471400654,0.059439737
78.31003944,0.169159074,1.234372037,0.466893835,0.053225513
78.31467811,0.170047692,1.234291137,0.487625202,0.053540157
78.31931678,0.1773182,1.239064242,0.516468843,0.059754382
78.32395545,0.173198245,1.239630542,0.454274742,0.056765261
78.32859412,0.169966909,1.238336141,0.475006109,0.052910868
78.33323279,0.17449078,1.239468742,0.509257933,0.055742667
78.33787146,0.178691518,1.243999147,0.485822475,0.060540992
78.34251013,0.173844513,1.243999147,0.46328838,0.054326768
78.3471488,0.175540965,1.24674975,0.48942793,0.05306819
78.35178747,0.185800459,1.254273458,0.539002938,0.059046432
78.35642614,0.186931427,1.260179164,0.475006109,0.058653127
78.36106481,0.184750274,1.260179164,0.48942793,0.053540157
78.36570348,0.188627879,1.261230865,0.513764752,0.054641412
78.37034215,0.193959584,1.263819668,0.510159297,0.060698315
78.37498082,0.18725456,1.260583664,0.460584289,0.055664006
78.37961949,0.185315758,1.257833062,0.477710201,0.053461496
78.38425816,0.190889814,1.258561162,0.519172935,0.057630533
78.38889683,0.190566681,1.259208363,0.465992472,0.059675721
78.3935355,0.184427141,1.254920658,0.464189744,0.053540157
78.39817417,0.184831058,1.253302657,0.485822475,0.054012123
78.40281284,0.191132165,1.25653866,0.511060661,0.06038367
78.40745151,0.185234975,1.254597058,0.449767924,0.056765261
78.41209018,0.181438154,1.251037454,0.470499291,0.052989529
78.41672885,0.185638892,1.252008255,0.506553842,0.055899989
78.42136752,0.187577694,1.254354358,0.477710201,0.060698315
78.42600619,0.18063032,1.250471154,0.45607747,0.054169445
78.43064486,0.180145619,1.248367752,0.475006109,0.053146851
78.43528353,0.186042809,1.250309354,0.51556748,0.059125093
78.4399222,0.182730689,1.249500353,0.44886656,0.058338482
78.44456087,0.17756055,1.245617149,0.465992472,0.053146851
78.44919954,0.18038797,1.244969948,0.494836113,0.055034717
78.45383821,0.184831058,1.247639651,0.492132021,0.060776976
78.45847688,0.178206817,1.244565447,0.44886656,0.055428023
78.46311555,0.176187232,1.242300245,0.470499291,0.053225513
78.46775422,0.181761288,1.244322747,0.513764752,0.057630533
78.47239289,0.181276587,1.246345249,0.461485653,0.059518399
78.47703156,0.174813914,1.243918247,0.465091108,0.053461496
78.48167023,0.175944882,1.244646348,0.488526566,0.053933462
78.4863089,0.182569122,1.249500353,0.511962024,0.060540992
78.49094757,0.17707585,1.251118354,0.455176106,0.057001244
78.49558624,0.173844513,1.250632954,0.477710201,0.052989529
78.50022491,0.178045251,1.253626257,0.51556748,0.056293294
78.50486358,0.180145619,1.258399362,0.483118383,0.059990365
78.50950225,0.173521379,1.25621506,0.46328838,0.054090784
78.51414092,0.173440596,1.254516158,0.48221702,0.053304174
78.51877959,0.180307186,1.257104961,0.521877026,0.059361076
78.52341826,0.176671932,1.257428561,0.455176106,0.05818116
78.52805693,0.172309628,1.254758858,0.472302018,0.053382835
78.5326956,0.175379398,1.255567859,0.50384975,0.055034717
78.53733427,0.180064836,1.260340964,0.499342932,0.060698315
78.54197294,0.173763729,1.260826365,0.459682925,0.0552707
78.54661161,0.172148061,1.261554466,0.48221702,0.05306819
78.55125028,0.178529951,1.267783772,0.528186573,0.058023838
78.55588895,0.178368384,1.274579379,0.477710201,0.059439737
78.56052762,0.173117462,1.277653583,0.485822475,0.053540157
78.56516629,0.174975481,1.283559289,0.511962024,0.054012123
78.56980496,0.181842071,1.2936718,0.533594755,0.06038367
78.57444363,0.176429582,1.297635904,0.476808837,0.056293294
78.5790823,0.174086863,1.300062906,0.499342932,0.053146851
78.58372097,0.179014652,1.305887713,0.53720021,0.056529278
78.58835964,0.181599721,1.312278819,0.499342932,0.060619654
78.59299831,0.176348799,1.314463122,0.484019747,0.054169445
78.59763698,0.17756055,1.319236227,0.506553842,0.053618818
78.60227565,0.185881242,1.33226114,0.553424758,0.05959706
78.60691432,0.184507924,1.345690555,0.499342932,0.057945177
78.61155299,0.184265574,1.363326773,0.539904302,0.052989529
78.61619166,0.191455298,1.390104702,0.585873855,0.055034717
78.62083033,0.202441843,1.422788337,0.58947931,0.061012959
78.625469,0.203007327,1.453773069,0.568747943,0.0552707
78.63010767,0.205996314,1.480227397,0.593084765,0.053461496
78.63474634,0.216982859,1.508785128,0.641758409,0.058338482
78.63938501,0.219891062,1.536452957,0.584972491,0.059518399
78.64402368,0.21795226,1.570754593,0.612013404,0.053854801
78.64866235,0.224414933,1.62398685,0.666996595,0.054641412
78.65330102,0.236694013,1.695017125,0.717472967,0.060934298
78.65793969,0.235724612,1.761840596,0.684122507,0.057237227
78.66257836,0.23685558,1.815153753,0.70395251,0.05377614
78.66721703,0.242591203,1.849617189,0.710262056,0.057473211
78.6718557,0.24372217,1.861994902,0.63004068,0.061012959
78.67649437,0.236370879,1.853014993,0.584972491,0.055034717
78.68113304,0.235078345,1.837967577,0.578662944,0.054169445
78.68577171,0.240006133,1.823890962,0.592183401,0.06038367
78.69041038,0.233866593,1.804798542,0.511060661,0.058731788
78.69504905,0.22813097,1.781580217,0.517370207,0.054090784
78.69968772,0.230150556,1.761031595,0.539002938,0.056293294
78.70432639,0.232008575,1.744285277,0.518271571,0.061406264
78.70896506,0.223768666,1.724545657,0.481315656,0.055428023
78.71360373,0.220941246,1.706262237,0.500244295,0.053854801
78.7182424,0.225303551,1.693480024,0.541707029,0.058967771
78.72288107,0.221991431,1.679484309,0.475907473,0.059675721
78.72751974,0.214801706,1.660149188,0.48221702,0.054090784
78.73215841,0.215690324,1.644292771,0.50384975,0.055034717
78.73679708,0.220133412,1.63385666,0.518271571,0.061248942
78.74143575,0.213266821,1.62382505,0.473203382,0.056765261
78.74607442,0.210197051,1.61468334,0.501145659,0.053933462
78.75071309,0.214397789,1.608454033,0.542608393,0.057709194
78.75535176,0.214640139,1.600444925,0.494836113,0.060698315
78.75999043,0.206884931,1.584750308,0.480414292,0.054562751
78.7646291,0.206400231,1.570026493,0.49663884,0.054012123
78.76926777,0.21157037,1.559347681,0.525482481,0.060619654
78.77390644,0.205753963,1.546080067,0.457880198,0.05818116
78.77854511,0.200826175,1.530547251,0.475006109,0.053540157
78.78318378,0.203492028,1.518978539,0.506553842,0.056450617
78.78782245,0.205753963,1.51096943,0.488526566,0.061170281
78.79246112,0.197433271,1.497054615,0.45607747,0.0552707
78.79709979,0.195898386,1.483625201,0.475006109,0.054012123
78.80173846,0.201230092,1.475373392,0.518271571,0.059361076
78.80637713,0.198160322,1.465988982,0.454274742,0.059361076
78.8110158,0.191778432,1.45401577,0.465091108,0.05377614
78.81565447,0.193232533,1.444145959,0.491230657,0.054956056
78.82029314,0.197837188,1.438321153,0.500244295,0.06109162
78.82493181,0.19032433,1.428289542,0.44886656,0.056135972
78.82957048,0.187496911,1.417287131,0.471400654,0.053304174
78.83420915,0.192505483,1.411462324,0.511962024,0.057709194
78.83884782,0.192343916,1.405637518,0.466893835,0.060462331
78.84348649,0.185477325,1.396253108,0.462387016,0.054169445
78.84812516,0.185477325,1.3879204,0.48221702,0.053854801
78.85276383,0.191132165,1.385250697,0.512863388,0.060069026
78.8574025,0.186042809,1.378131489,0.449767924,0.057630533
78.86204117,0.181761288,1.36963698,0.471400654,0.053461496
78.86667984,0.185315758,1.364621175,0.504751114,0.05597865
78.87131851,0.188143178,1.362517773,0.483118383,0.060855637
78.87595718,0.180711103,1.356045766,0.45607747,0.054798734
78.88059585,0.179499352,1.349250159,0.475907473,0.053382835
78.88523452,0.185558109,1.347146756,0.520074299,0.058810449
78.88987319,0.182811472,1.344396153,0.455176106,0.058810449
78.89451186,0.17756055,1.338166847,0.469597927,0.053304174
78.89915053,0.179741702,1.333636442,0.49663884,0.054562751
78.9037892,0.184427141,1.333312842,0.501145659,0.061012959
78.90842787,0.177964467,1.328701537,0.453373379,0.05597865
78.91306654,0.175864098,1.323119431,0.475006109,0.053146851
78.91770521,0.180791887,1.32231043,0.517370207,0.057315888
78.92234388,0.181357371,1.321501429,0.468696563,0.059675721
78.92698255,0.174894697,1.316404724,0.465992472,0.053854801
78.93162122,0.176025665,1.31308782,0.488526566,0.05377614
78.93625989,0.182165205,1.314301321,0.51556748,0.060226348
78.94089856,0.177398983,1.312359719,0.453373379,0.057473211
78.94553723,0.173925296,1.308476515,0.475907473,0.053146851
78.9501759,0.178045251,1.307991115,0.511962024,0.056057311
78.95481457,0.18087267,1.310013617,0.486723839,0.060855637
78.95945324,0.174329213,1.307263014,0.46328838,0.054956056
78.96409191,0.173925296,1.305321412,0.483118383,0.053461496
78.96873058,0.179822486,1.307586614,0.526383845,0.059282415
78.97336925,0.177722117,1.309042816,0.462387016,0.05888911
78.97800792,0.172551978,1.306373113,0.478611565,0.053618818
78.98264659,0.175298614,1.306939414,0.506553842,0.055192039
78.98728526,0.180064836,1.309932717,0.506553842,0.061012959
78.99192393,0.17400608,1.308557415,0.459682925,0.055899989
78.9965626,0.171986494,1.306049513,0.48221702,0.053461496
79.00120127,0.177641334,1.307020314,0.523679754,0.057866516
79.00583994,0.1778029,1.308395615,0.471400654,0.059911704
79.01047861,0.171986494,1.305240512,0.472302018,0.054012123
79.01511728,0.172955895,1.30354161,0.493934749,0.054012123
79.01975595,0.179337785,1.305887713,0.516468843,0.060698315
79.02439462,0.174167646,1.304350611,0.45607747,0.057001244
79.02903329,0.171259443,1.300629207,0.477710201,0.052989529
79.03367196,0.175460181,1.299496606,0.514666116,0.056293294
79.03831063,0.177964467,1.301680908,0.484921111,0.060619654
79.0429493,0.171824927,1.299253905,0.465992472,0.054326768
79.04758797,0.17166336,1.295937002,0.486723839,0.053382835
79.05222664,0.178287601,1.298525805,0.528186573,0.059361076
79.05686531,0.175379398,1.298121304,0.462387016,0.058338482
79.06150398,0.170855526,1.2944808,0.479512928,0.053146851
79.06614265,0.173279029,1.294319,0.509257933,0.055034717
79.07078132,0.178368384,1.296422402,0.504751114,0.060698315
79.07541999,0.171824927,1.293590899,0.46328838,0.055349362
79.08005866,0.170290042,1.290273996,0.484019747,0.05306819
79.08469733,0.176025665,1.290597596,0.526383845,0.057866516
79.089336,0.175379398,1.291406597,0.472302018,0.059754382
79.09397467,0.169805342,1.288170594,0.475907473,0.053933462
79.09861334,0.171340227,1.286552592,0.500244295,0.054090784
79.10325201,0.177398983,1.288575094,0.520975662,0.060305009
79.10789068,0.17142101,1.285824491,0.461485653,0.056607939
79.11252935,0.169239858,1.282345788,0.484921111,0.052989529
79.11716802,0.173925296,1.282022187,0.521877026,0.056371956
79.12180669,0.176106449,1.283073888,0.488526566,0.060305009
79.12644536,0.169401425,1.279028884,0.471400654,0.054248106
79.13108403,0.169401425,1.27546928,0.491230657,0.053461496
79.1357227,0.176268015,1.277168182,0.5299893,0.059361076
79.14036137,0.172794328,1.276682782,0.462387016,0.058102499
79.14500004,0.168512807,1.272475977,0.481315656,0.053225513
79.14963871,0.17166336,1.271586076,0.511962024,0.054956056
79.15427738,0.176591149,1.273608578,0.50384975,0.060698315
79.15891605,0.169886125,1.270857975,0.464189744,0.055506684
79.16355472,0.168593591,1.267702872,0.484921111,0.053146851
79.16819339,0.174894697,1.268430973,0.527285209,0.05818116
79.17283206,0.173844513,1.268916373,0.468696563,0.059675721
79.17747073,0.167947323,1.264871369,0.475006109,0.053461496
79.1821094,0.169724558,1.263819668,0.49663884,0.053854801
79.18674807,0.176268015,1.266812971,0.513764752,0.060540992
79.19138674,0.170693959,1.264547769,0.45607747,0.056214633
79.19602541,0.167785756,1.261149965,0.477710201,0.053146851
79.20066408,0.172551978,1.262120766,0.517370207,0.0566866
79.20530275,0.17449078,1.264547769,0.480414292,0.059990365
79.20994142,0.168270457,1.262039866,0.465091108,0.053933462
79.21458009,0.168593591,1.261392665,0.484921111,0.053225513
79.21921876,0.175460181,1.263738768,0.523679754,0.059203754
79.22385743,0.171582577,1.265194969,0.457880198,0.057473211
79.2284961,0.16762419,1.263819668,0.478611565,0.052910868
79.23313477,0.17142101,1.26616577,0.511060661,0.0552707
79.23777344,0.176025665,1.272799577,0.502948387,0.060619654
79.24241211,0.170047692,1.27506478,0.471400654,0.055034717
79.24705078,0.169401425,1.276925482,0.492132021,0.052910868
79.25168945,0.176025665,1.282912088,0.533594755,0.058023838
79.25632812,0.17449078,1.287037993,0.473203382,0.059282415
79.26096679,0.169805342,1.286552592,0.478611565,0.053225513
79.26560546,0.17166336,1.286552592,0.501145659,0.05377614
79.27024413,0.177641334,1.290193096,0.513764752,0.060147687
79.2748828,0.171824927,1.289222295,0.456978834,0.056293294
79.27952147,0.169724558,1.286390792,0.477710201,0.053146851
79.28416014,0.174329213,1.287442493,0.516468843,0.056765261
79.28879881,0.176106449,1.289384095,0.475907473,0.060069026
79.29343748,0.169724558,1.285500891,0.465992472,0.054169445
79.29807615,0.170047692,1.282588488,0.485822475,0.05377614
79.30271482,0.176752716,1.28485369,0.520074299,0.059990365
79.30735349,0.172794328,1.283721089,0.455176106,0.057551872
79.31199216,0.168593591,1.279837885,0.474104746,0.053304174
79.31663083,0.172228844,1.278381683,0.505652478,0.055742667
79.3212695,0.176591149,1.280404185,0.490329294,0.061012959
79.32590817,0.169724558,1.276763682,0.456978834,0.055113378
79.33054684,0.168835941,1.273608578,0.477710201,0.053225513
79.33518551,0.175217831,1.27563108,0.521877026,0.058417143
79.33982418,0.173844513,1.276116481,0.459682925,0.059125093
79.34446285,0.168512807,1.271990577,0.469597927,0.053225513
79.34910152,0.17093631,1.271424276,0.494836113,0.054248106
79.35374019,0.176833499,1.273932179,0.504751114,0.06038367
79.35837886,0.170693959,1.271586076,0.451570651,0.055899989
79.36301753,0.167947323,1.268269173,0.475006109,0.05306819
79.3676562,0.173521379,1.269159074,0.514666116,0.056922583
79.37229487,0.174975481,1.269968074,0.470499291,0.059990365
79.37693354,0.168674374,1.26535677,0.462387016,0.053854801
79.38157221,0.169482208,1.263172467,0.483118383,0.053540157
79.38621088,0.176268015,1.26568037,0.516468843,0.059911704
79.39084955,0.171340227,1.264628669,0.452472015,0.057237227
79.39548822,0.167704973,1.261311765,0.474104746,0.053146851
79.40012689,0.172067278,1.261069065,0.508356569,0.055585345
79.40476556,0.175864098,1.263576968,0.488526566,0.060540992
79.40940423,0.169078291,1.260988165,0.459682925,0.054562751
79.4140429,0.168270457,1.258642062,0.480414292,0.053225513
79.41868157,0.175056264,1.260988165,0.523679754,0.058731788
79.42332024,0.172875112,1.260583664,0.460584289,0.058967771
79.42795891,0.168028107,1.257104961,0.474104746,0.053382835
79.43259758,0.170774743,1.25678136,0.501145659,0.054248106
79.43723625,0.176429582,1.261311765,0.509257933,0.060698315
79.44187492,0.170128476,1.260664565,0.460584289,0.055742667
79.44651359,0.168189673,1.259612863,0.483118383,0.05306819
79.45115226,0.173844513,1.262444366,0.525482481,0.057237227
79.45579093,0.174975481,1.26592307,0.477710201,0.059833043
79.4604296,0.168916724,1.263576968,0.472302018,0.054012123
79.46506827,0.169805342,1.263415167,0.493033385,0.054090784
79.46970694,0.176752716,1.266893871,0.521877026,0.060147687
79.47434561,0.172390411,1.266327571,0.457880198,0.057473211
79.47898428,0.169401425,1.263334267,0.477710201,0.053304174
79.48362295,0.174086863,1.263738768,0.512863388,0.055899989
79.48826162,0.1778029,1.26576127,0.488526566,0.061012959
79.49290029,0.17166336,1.262929767,0.460584289,0.054720073
79.49753896,0.17117866,1.260017364,0.479512928,0.053540157
79.50217763,0.178045251,1.261069065,0.521877026,0.059125093
79.5068163,0.175783315,1.261958966,0.457880198,0.059046432
79.51145497,0.17093631,1.258722962,0.471400654,0.053697479
79.51609364,0.173925296,1.258237562,0.498441568,0.054641412
79.52073231,0.179095435,1.261473565,0.502047023,0.060855637
79.52537098,0.172875112,1.259531963,0.455176106,0.055899989
79.53000965,0.17093631,1.25637686,0.477710201,0.053225513
79.53464832,0.176348799,1.257833062,0.520975662,0.057315888
79.53928699,0.176914283,1.260017364,0.470499291,0.060069026
79.54392566,0.170774743,1.25670046,0.466893835,0.054012123
79.54856433,0.172148061,1.254677958,0.487625202,0.053854801
79.553203,0.178368384,1.257185861,0.512863388,0.059990365
79.55784167,0.173521379,1.255810559,0.451570651,0.057079905
79.56248034,0.170047692,1.252250956,0.472302018,0.052910868
79.56711901,0.174167646,1.252655456,0.507455206,0.05597865
79.57175768,0.17707585,1.255406059,0.481315656,0.060540992
79.57639635,0.170451609,1.252412756,0.456978834,0.054405429
79.58103502,0.170209259,1.251037454,0.477710201,0.053225513
79.58567369,0.176591149,1.252979056,0.519172935,0.058967771
79.59031236,0.173682946,1.253383557,0.454274742,0.058653127
79.59495103,0.169562992,1.250066653,0.470499291,0.05306819
79.5995897,0.172390411,1.249904853,0.499342932,0.054562751
79.60422837,0.177479767,1.253221757,0.500244295,0.060226348
79.60886704,0.170451609,1.251846455,0.455176106,0.0552707
79.61350571,0.168916724,1.249662153,0.477710201,0.052674885
79.61814438,0.174813914,1.252493656,0.521877026,0.057079905
79.62278305,0.175056264,1.255891459,0.470499291,0.059282415
79.62742172,0.169724558,1.254192558,0.473203382,0.05306819
79.63206039,0.171097877,1.254758858,0.49663884,0.053382835
79.63669906,0.177479767,1.259208363,0.520074299,0.059754382
79.64133773,0.172390411,1.259612863,0.459682925,0.056293294
79.6459764,0.169562992,1.257185861,0.483118383,0.052360241
79.65061507,0.173925296,1.258561162,0.520074299,0.055428023
79.65525374,0.176752716,1.261958966,0.48942793,0.059518399
79.65989241,0.170613176,1.260421864,0.468696563,0.053618818
79.66453108,0.170370826,1.258399362,0.486723839,0.052753546
79.66916975,0.177156633,1.260826365,0.526383845,0.058495805
79.67380842,0.173763729,1.260583664,0.458781561,0.057630533
79.67844709,0.169239858,1.25678136,0.475006109,0.052989529
79.68308576,0.172148061,1.255648759,0.502047023,0.054720073
79.68772443,0.177156633,1.257590361,0.497540204,0.060462331
79.6923631,0.170451609,1.253383557,0.455176106,0.055192039
79.69700177,0.168835941,1.248691352,0.476808837,0.053225513
79.70164044,0.174409997,1.247963251,0.519172935,0.058102499
79.70627911,0.173763729,1.246102549,0.460584289,0.059439737
79.71091778,0.167704973,1.239145142,0.461485653,0.053697479
79.71555645,0.168835941,1.235181038,0.481315656,0.054012123
79.72019512,0.174409997,1.234291137,0.500244295,0.060698315
79.72483379,0.168997508,1.229275331,0.438951558,0.057001244
79.72947246,0.165362254,1.222803324,0.459682925,0.053382835
79.73411113,0.170128476,1.219567321,0.495737476,0.056765261
79.7387498,0.171501794,1.217706619,0.459682925,0.060855637
79.74338847,0.16503912,1.210911012,0.442557013,0.05448409
79.74802714,0.16503912,1.206218807,0.461485653,0.053697479
79.75266581,0.171340227,1.205895206,0.500244295,0.059990365
79.75730448,0.167462623,1.203306404,0.435346103,0.058259821
79.76194315,0.162938751,1.197238897,0.454274742,0.053540157
79.76658182,0.166170088,1.194569194,0.485822475,0.055742667
79.77122049,0.170451609,1.195701796,0.478611565,0.061406264
79.77585916,0.163988936,1.191899492,0.440754286,0.055585345
79.78049783,0.162615618,1.188582588,0.46328838,0.053461496
79.7851365,0.168755157,1.189796089,0.508356569,0.058574466
79.78977517,0.16835124,1.191575891,0.454274742,0.059833043
79.79441384,0.162454051,1.188258988,0.460584289,0.054012123
79.79905251,0.16455442,1.188258988,0.484921111,0.054956056
79.80369118,0.170613176,1.191414091,0.501145659,0.061484925
79.80832985,0.164958337,1.19068599,0.445261105,0.057158566
79.81296852,0.162130917,1.186721886,0.466893835,0.05377614
79.81760719,0.166977922,1.186802786,0.505652478,0.057237227
79.82224586,0.168916724,1.189067989,0.467795199,0.06109162
79.82688453,0.162050134,1.186721886,0.45607747,0.054877395
79.8315232,0.162777184,1.185589285,0.477710201,0.054169445
79.83616187,0.169724558,1.189148889,0.516468843,0.060462331
79.84080054,0.165927738,1.19052419,0.450669287,0.058495805
79.84543921,0.162050134,1.187449987,0.469597927,0.054248106
79.85007788,0.165685387,1.187369087,0.500244295,0.056214633
79.85471655,0.169886125,1.190928691,0.487625202,0.061406264
79.85935522,0.163665802,1.188744388,0.450669287,0.055742667
79.86399389,0.1622117,1.186560086,0.470499291,0.054090784
79.86863256,0.168593591,1.188744388,0.514666116,0.059046432
79.87327123,0.167462623,1.19011969,0.455176106,0.059990365
79.8779099,0.161888567,1.186721886,0.462387016,0.054248106
79.88254857,0.163827369,1.185508385,0.486723839,0.054956056
79.88718724,0.170047692,1.188906188,0.500244295,0.061327603
79.89182591,0.164392853,1.188501688,0.446162468,0.057158566
79.89646458,0.162050134,1.186155586,0.468696563,0.053933462
79.90110325,0.167058706,1.187288187,0.510159297,0.057551872
79.90574192,0.168674374,1.19044329,0.469597927,0.061012959
79.91038059,0.162534834,1.188744388,0.461485653,0.054798734
79.91501926,0.162857968,1.188582588,0.484019747,0.054090784
79.91965793,0.169724558,1.192627592,0.52277839,0.060540992
79.9242966,0.166089305,1.194164694,0.458781561,0.058338482
79.92893527,0.162373267,1.190928691,0.477710201,0.05377614
79.93357394,0.166089305,1.192061292,0.509257933,0.055899989
79.93821261,0.169966909,1.196429896,0.491230657,0.061170281
79.94285128,0.163100318,1.195459095,0.457880198,0.055192039
79.94748995,0.162534834,1.194892795,0.477710201,0.053697479
79.95212862,0.169239858,1.1997468,0.521877026,0.058653127
79.95676729,0.167704973,1.204600805,0.460584289,0.059518399
79.96140596,0.163019535,1.206137907,0.473203382,0.054012123
79.96604463,0.165766171,1.211396412,0.501145659,0.054877395
79.9706833,0.172067278,1.222237024,0.516468843,0.061012959
79.97532197,0.166574005,1.229437131,0.469597927,0.056607939
79.97996064,0.165119904,1.235747338,0.493934749,0.053382835
79.98459931,0.170774743,1.243351946,0.532693391,0.057473211
79.98923798,0.172067278,1.250794754,0.486723839,0.06038367
79.99387665,0.165846954,1.254516158,0.480414292,0.054248106
79.99851532,0.166897139,1.261797166,0.502948387,0.054012123
80.00315399,0.173602163,1.27514568,0.538101574,0.06038367
80.00779266,0.169482208,1.28509639,0.475907473,0.057787855
80.01243133,0.166008521,1.291649297,0.49663884,0.053540157
80.01707,0.169482208,1.298121304,0.527285209,0.056214633
80.02170867,0.172794328,1.304755111,0.502948387,0.06109162
80.02634734,0.166250871,1.302975309,0.467795199,0.0552707
80.03098601,0.165685387,1.299577506,0.483118383,0.053854801
80.03562468,0.171905711,1.299334806,0.52277839,0.059282415
80.04026335,0.169966909,1.297878604,0.45607747,0.059361076
80.04490202,0.164715986,1.291406597,0.467795199,0.053697479
80.04954069,0.167220272,1.287199793,0.493033385,0.054877395
80.05417936,0.172471195,1.287280693,0.497540204,0.061170281
80.05881803,0.166412438,1.282183987,0.446162468,0.056293294
80.0634567,0.16455442,1.276035581,0.466893835,0.053854801
80.06809537,0.170209259,1.27514568,0.509257933,0.058102499
80.07273404,0.170532393,1.274579379,0.461485653,0.06038367
80.07737271,0.164877553,1.270048975,0.45607747,0.054090784
80.08201138,0.165443037,1.266570271,0.477710201,0.054012123
80.08665005,0.172228844,1.267783772,0.506553842,0.060226348
80.09128872,0.167381839,1.26543767,0.445261105,0.057630533
80.09592739,0.163908152,1.260583664,0.466893835,0.053304174
80.10056606,0.168512807,1.260988165,0.502047023,0.056214633
80.10520473,0.171097877,1.262687067,0.478611565,0.060934298
80.1098434,0.165119904,1.258884763,0.453373379,0.054798734
80.11448207,0.164392853,1.255729659,0.473203382,0.053697479
80.11912074,0.171017093,1.258075762,0.516468843,0.059361076
80.12375941,0.169239858,1.260179164,0.454274742,0.059046432
80.12839808,0.164635203,1.259370163,0.470499291,0.05377614
80.13303675,0.167785756,1.261797166,0.499342932,0.055113378
80.13767542,0.173359812,1.268997273,0.505652478,0.061012959
80.14231409,0.167947323,1.273527678,0.465091108,0.05597865
80.14695276,0.166897139,1.279514285,0.493033385,0.05377614
80.15159143,0.172875112,1.287523393,0.536298847,0.058338482
80.1562301,0.173602163,1.2940763,0.483118383,0.060147687
80.16086877,0.167704973,1.292620098,0.476808837,0.054090784
80.16550744,0.168512807,1.290840297,0.495737476,0.054169445
80.17014611,0.175298614,1.292539198,0.518271571,0.060226348
80.17478478,0.170693959,1.289950396,0.454274742,0.057158566
80.17942345,0.167462623,1.28444919,0.473203382,0.053382835
80.18406212,0.171986494,1.283559289,0.507455206,0.056057311
80.18870079,0.174894697,1.283963789,0.479512928,0.060855637
80.19333946,0.16786654,1.278947984,0.45607747,0.054641412
80.19797813,0.16762419,1.27522658,0.475907473,0.053697479
80.2026168,0.174409997,1.276601881,0.516468843,0.059361076
80.20725547,0.171501794,1.27563108,0.449767924,0.058574466
80.21189414,0.166735572,1.270291675,0.465091108,0.053697479
80.21653281,0.169562992,1.268107372,0.493033385,0.055506684
80.22117148,0.174571564,1.268835473,0.491230657,0.061012959
80.22581015,0.168189673,1.265194969,0.446162468,0.055506684
80.23044882,0.166089305,1.260017364,0.465992472,0.053382835
80.23508749,0.172067278,1.258884763,0.508356569,0.057945177
80.23972616,0.172067278,1.258642062,0.454274742,0.060069026
80.24436483,0.165927738,1.253302657,0.45607747,0.05377614
80.2490035,0.167462623,1.249743053,0.479512928,0.053854801
80.25364217,0.17400608,1.251684655,0.502047023,0.060462331
80.25828084,0.168755157,1.249500353,0.442557013,0.057001244
80.26291951,0.165523821,1.245617149,0.46328838,0.053540157
80.26755818,0.170209259,1.244969948,0.500244295,0.056293294
80.27219685,0.172955895,1.24650705,0.470499291,0.060540992
80.27683552,0.166250871,1.242785646,0.451570651,0.054169445
80.28147419,0.166331655,1.239630542,0.471400654,0.053304174
80.28611286,0.173117462,1.241895745,0.511060661,0.059518399
80.29075153,0.170370826,1.241814845,0.445261105,0.057945177
80.2953902,0.165766171,1.23776984,0.462387016,0.05306819
80.30002887,0.168997508,1.236799039,0.492132021,0.055034717
80.30466754,0.173682946,1.238902441,0.487625202,0.060619654
80.30930621,0.167462623,1.236556339,0.446162468,0.055113378
80.31394488,0.165604604,1.233886636,0.465992472,0.05306819
80.31858355,0.171905711,1.235181038,0.510159297,0.057787855
80.32322222,0.17117866,1.235504638,0.454274742,0.059361076
80.32786089,0.165200687,1.232511335,0.457880198,0.053225513
80.33249956,0.166897139,1.231378733,0.481315656,0.054012123
80.33713823,0.173279029,1.234452937,0.501145659,0.060147687
80.3417769,0.167704973,1.232996735,0.444359741,0.056450617
80.34641557,0.164958337,1.230569733,0.465992472,0.053146851
80.35105424,0.169966909,1.232025934,0.50384975,0.056293294
80.35569291,0.171905711,1.235747338,0.469597927,0.06038367
80.36033158,0.165604604,1.234291137,0.454274742,0.054090784
80.36497025,0.165846954,1.233805736,0.475907473,0.053304174
80.36960892,0.172794328,1.239387842,0.517370207,0.059203754
80.37424759,0.169643775,1.245131748,0.45607747,0.057787855
80.37888626,0.165685387,1.250066653,0.48221702,0.053225513
80.38352493,0.169401425,1.256943161,0.514666116,0.055113378
80.3881636,0.173521379,1.262282566,0.501145659,0.060855637
80.39280227,0.167301056,1.260502764,0.458781561,0.055113378
80.39744094,0.166089305,1.257509461,0.476808837,0.053146851
80.40207961,0.172148061,1.258156662,0.517370207,0.058023838
80.40671828,0.171097877,1.257671261,0.456978834,0.059361076
80.41135695,0.165362254,1.252412756,0.462387016,0.053382835
80.41599562,0.167301056,1.250228453,0.484921111,0.054326768
80.42063429,0.172955895,1.252089155,0.500244295,0.060698315
80.42527296,0.167543406,1.248853152,0.443458377,0.056607939
80.42991163,0.164877553,1.244646348,0.465091108,0.053225513
80.4345503,0.169724558,1.245212648,0.50384975,0.056765261
80.43918897,0.171824927,1.24650705,0.465992472,0.060305009
80.44382764,0.165604604,1.241653044,0.453373379,0.053854801
80.44846631,0.165604604,1.238255241,0.473203382,0.053618818
80.45310498,0.172148061,1.239954143,0.510159297,0.059754382
80.45774365,0.16835124,1.239064242,0.444359741,0.057945177
80.46238232,0.164231286,1.235666438,0.464189744,0.052989529
80.46702099,0.167785756,1.234372037,0.495737476,0.055428023
80.47165966,0.172228844,1.236637239,0.48221702,0.060776976
80.47629833,0.165523821,1.233482136,0.44886656,0.055113378
80.480937,0.164392853,1.230812433,0.469597927,0.053382835
80.48557567,0.170774743,1.232754035,0.512863388,0.058338482
80.49021434,0.169401425,1.232754035,0.452472015,0.059361076
80.49485301,0.163827369,1.22854723,0.461485653,0.05377614
80.49949168,0.166089305,1.226362928,0.484921111,0.054405429
80.50413035,0.172148061,1.229356231,0.498441568,0.060619654
80.50876902,0.166412438,1.22765733,0.444359741,0.056529278
80.51340769,0.164150503,1.224502226,0.466893835,0.053146851
80.51804636,0.169159074,1.225473027,0.506553842,0.057079905
80.52268503,0.17093631,1.227333729,0.465992472,0.060305009
80.5273237,0.164312069,1.224259526,0.45607747,0.054405429
80.53196237,0.164473636,1.222965125,0.476808837,0.054090784
80.53660104,0.171501794,1.226443828,0.511060661,0.060226348
80.54123971,0.167543406,1.226282028,0.447965196,0.058023838
80.54587838,0.164069719,1.223774125,0.468696563,0.053382835
80.55051705,0.16786654,1.224906727,0.502047023,0.05597865
80.55515572,0.171744144,1.229760732,0.485822475,0.061170281
80.55979439,0.165200687,1.228789931,0.45607747,0.055113378
80.56443306,0.16455442,1.229032631,0.477710201,0.053461496
80.56907173,0.17142101,1.232592235,0.520975662,0.058967771
80.5737104,0.169886125,1.234938337,0.458781561,0.059518399
80.57834907,0.164715986,1.232106834,0.469597927,0.054090784
80.58298774,0.166816355,1.231540534,0.493934749,0.055034717
80.58762641,0.172955895,1.234938337,0.502948387,0.06109162
80.59226508,0.166735572,1.232915835,0.450669287,0.056450617
80.59690375,0.16455442,1.230246132,0.473203382,0.053461496
80.60154242,0.170047692,1.231136033,0.513764752,0.057709194
80.60618109,0.17142101,1.232673135,0.467795199,0.060619654
80.61081976,0.16528147,1.229760732,0.460584289,0.054562751
80.61545843,0.165927738,1.22814273,0.480414292,0.054326768
80.6200971,0.172632762,1.231216933,0.512863388,0.060540992
80.62473577,0.168432024,1.230488833,0.44886656,0.057945177
80.62937444,0.164715986,1.226767429,0.469597927,0.053540157
80.63401311,0.168916724,1.227171929,0.50384975,0.056293294
80.63865178,0.172067278,1.229194431,0.483118383,0.061248942
80.64329045,0.165443037,1.226605628,0.454274742,0.054877395
80.64792912,0.165200687,1.224987627,0.475907473,0.053382835
80.65256779,0.171986494,1.22765733,0.518271571,0.05888911
80.65720646,0.169886125,1.229032631,0.455176106,0.059282415
80.66184513,0.164877553,1.225958428,0.468696563,0.054090784
80.6664838,0.167301056,1.226443828,0.495737476,0.0552707
80.67112247,0.172875112,1.230084332,0.502047023,0.061248942
80.67576114,0.166735572,1.22846633,0.452472015,0.056450617
80.68039981,0.16479677,1.224906727,0.474104746,0.053540157
80.68503848,0.170209259,1.226605628,0.514666116,0.057787855
80.68967715,0.170855526,1.22830453,0.466893835,0.060305009
80.69431582,0.164958337,1.225553927,0.462387016,0.054090784
80.69895449,0.166331655,1.224421326,0.484019747,0.054169445
80.70359316,0.172632762,1.22814273,0.512863388,0.060855637
80.70823183,0.168028107,1.22838543,0.449767924,0.057551872
80.7128705,0.164635203,1.225958428,0.470499291,0.05377614
80.71750917,0.169078291,1.226039328,0.505652478,0.056214633
80.72214784,0.172309628,1.229437131,0.480414292,0.061170281
80.72678651,0.165846954,1.226767429,0.455176106,0.054877395
80.73142518,0.165362254,1.224178626,0.475006109,0.053933462
80.73606385,0.171986494,1.227171929,0.517370207,0.059439737
80.74070252,0.169562992,1.22822363,0.453373379,0.059125093
80.74534119,0.16479677,1.225068527,0.468696563,0.054090784
80.74997986,0.167704973,1.225311227,0.495737476,0.055506684
80.75461853,0.173198245,1.229194431,0.497540204,0.061170281
80.7592572,0.167058706,1.22765733,0.451570651,0.056057311
80.76389587,0.165523821,1.225553927,0.473203382,0.053461496
80.76853454,0.171501794,1.227414629,0.51556748,0.058102499
80.77317321,0.17117866,1.228709031,0.465091108,0.060147687
80.77781188,0.165200687,1.225877528,0.462387016,0.054169445
80.78245055,0.166574005,1.225311227,0.484019747,0.054405429
80.78708922,0.173117462,1.22806183,0.508356569,0.060776976
80.79172789,0.16835124,1.227333729,0.447063832,0.057630533
80.79636656,0.165362254,1.224421326,0.468696563,0.05377614
80.80100523,0.169886125,1.225553927,0.505652478,0.056843922
80.8056439,0.172148061,1.22830453,0.477710201,0.061406264
80.81028257,0.165604604,1.225149427,0.455176106,0.055034717
80.81492124,0.165685387,1.222722424,0.475006109,0.05377614
80.81955991,0.172713545,1.225230327,0.516468843,0.05959706
80.82419858,0.169805342,1.226767429,0.450669287,0.058967771
80.82883725,0.165362254,1.224583126,0.467795199,0.054169445
80.83347592,0.168674374,1.224906727,0.49663884,0.055664006
80.83811459,0.173925296,1.22838543,0.493934749,0.061406264
80.84275326,0.167058706,1.226362928,0.451570651,0.056293294
80.84739193,0.165604604,1.224664026,0.473203382,0.054090784
80.8520306,0.171582577,1.226929229,0.517370207,0.058653127
80.85666927,0.171340227,1.229275331,0.46328838,0.060698315
80.86130794,0.165766171,1.227171929,0.464189744,0.054405429
80.86594661,0.167058706,1.225634827,0.486723839,0.054405429
80.87058528,0.173763729,1.229437131,0.508356569,0.06109162
80.87522395,0.168189673,1.228628131,0.447965196,0.057551872
80.87986262,0.165604604,1.226039328,0.470499291,0.053933462
80.88450129,0.169805342,1.226929229,0.506553842,0.057315888
80.88913996,0.172551978,1.230165232,0.475006109,0.061484925
80.89377863,0.165604604,1.227414629,0.456978834,0.054956056
80.8984173,0.166170088,1.225877528,0.476808837,0.054169445
80.90305597,0.172955895,1.228709031,0.516468843,0.060069026
80.90769464,0.169724558,1.229841632,0.451570651,0.058967771
80.91233331,0.165523821,1.22773823,0.469597927,0.054012123
80.91697198,0.168674374,1.228951731,0.499342932,0.056135972
80.92161065,0.173602163,1.233158535,0.493934749,0.061878231
80.92624932,0.166977922,1.232025934,0.454274742,0.056450617
80.93088799,0.165766171,1.231297833,0.475907473,0.054090784
80.93552666,0.17166336,1.235504638,0.520975662,0.059046432
80.94016533,0.17117866,1.240277743,0.465992472,0.060698315
80.944804,0.165927738,1.239064242,0.471400654,0.054405429
80.94944267,0.167381839,1.239387842,0.494836113,0.054956056
80.95408134,0.173925296,1.244160947,0.512863388,0.061563586
80.95872001,0.168674374,1.244403647,0.454274742,0.057709194
80.96335868,0.165685387,1.242057545,0.476808837,0.054012123
80.96799735,0.17093631,1.243999147,0.513764752,0.057315888
80.97263602,0.173279029,1.247639651,0.478611565,0.061406264
80.97727469,0.166412438,1.245374448,0.46328838,0.055034717
80.98191336,0.166493222,1.245617149,0.483118383,0.054405429
80.98655203,0.173925296,1.249743053,0.52277839,0.060619654
80.9911907,0.169966909,1.251684655,0.45607747,0.059046432
80.99582937,0.166170088,1.249985753,0.475907473,0.054248106
81.00046804,0.169562992,1.251684655,0.508356569,0.056214633
81.00510671,0.174329213,1.256943161,0.499342932,0.061956892
81.00974538,0.167704973,1.257266761,0.461485653,0.056293294
81.01438405,0.166735572,1.256943161,0.483118383,0.054248106
81.01902272,0.172955895,1.261392665,0.526383845,0.059518399
81.02366139,0.171824927,1.265033169,0.469597927,0.060698315
81.02830006,0.166654788,1.265114069,0.477710201,0.054798734
81.03293873,0.168674374,1.268835473,0.50384975,0.055585345
81.0375774,0.175217831,1.277410882,0.520975662,0.062035553
81.04221607,0.169239858,1.283154788,0.466893835,0.057945177
81.04685474,0.166977922,1.286795292,0.48942793,0.054405429
81.05149341,0.171986494,1.291568397,0.526383845,0.05818116
81.05613208,0.174167646,1.297312303,0.487625202,0.061878231
81.06077075,0.16786654,1.294966201,0.474104746,0.055664006
81.06540942,0.168512807,1.2943999,0.493033385,0.055113378
81.07004809,0.175379398,1.298040404,0.529087936,0.060855637
81.07468676,0.171340227,1.298525805,0.461485653,0.059203754
81.07932543,0.16786654,1.296179702,0.48221702,0.054720073
81.0839641,0.171501794,1.296988703,0.512863388,0.057079905
81.08860277,0.175783315,1.300386507,0.500244295,0.062428858
81.09324144,0.169562992,1.298687605,0.464189744,0.056529278
81.09788011,0.169159074,1.298202204,0.484921111,0.054956056
81.10251878,0.175702531,1.301680908,0.5299893,0.059990365
81.10715745,0.174813914,1.304269711,0.470499291,0.060776976
81.11179612,0.169724558,1.302328109,0.481315656,0.054720073
81.11643479,0.171582577,1.302570809,0.505652478,0.055664006
81.12107346,0.177237416,1.307343914,0.518271571,0.061720909
81.12571213,0.171905711,1.307424814,0.464189744,0.057945177
81.1303508,0.169805342,1.305240512,0.486723839,0.054641412
81.13498947,0.174894697,1.307667514,0.526383845,0.058338482
81.13962814,0.176268015,1.311955219,0.484019747,0.061642248
81.14426681,0.170047692,1.311227118,0.475006109,0.055585345
81.14890548,0.170370826,1.31260242,0.497540204,0.055034717
81.15354415,0.17707585,1.320045228,0.532693391,0.061327603
81.15818282,0.173279029,1.324332932,0.468696563,0.059125093
81.16282149,0.169562992,1.325870034,0.48942793,0.054956056
81.16746016,0.173602163,1.33193754,0.523679754,0.057473211
81.17209883,0.177479767,1.34083655,0.507455206,0.062428858
81.1767375,0.170855526,1.343991653,0.476808837,0.056450617
81.18137617,0.170209259,1.347713057,0.499342932,0.054956056
81.18601484,0.176348799,1.358472768,0.547115212,0.06038367
81.19065351,0.175379398,1.370850481,0.490329294,0.06038367
81.19529218,0.169966909,1.37910229,0.505652478,0.054956056
81.19993085,0.172632762,1.387596799,0.530890664,0.056135972
81.20456952,0.178045251,1.395282307,0.536298847,0.062035553
81.20920819,0.171905711,1.395767708,0.479512928,0.057709194
81.21384686,0.170209259,1.392774405,0.49663884,0.054641412
81.21848553,0.175864098,1.392450804,0.535397483,0.058574466
81.2231242,0.177237416,1.390994603,0.487625202,0.061720909
81.22776287,0.171097877,1.385412497,0.478611565,0.055664006
81.23240154,0.171744144,1.381529293,0.499342932,0.055428023
81.23704021,0.178045251,1.382095593,0.529087936,0.061327603
81.24167888,0.173763729,1.379668591,0.464189744,0.058810449
81.24631755,0.170209259,1.374086485,0.484019747,0.054720073
81.25095622,0.174167646,1.371659482,0.516468843,0.057630533
81.25559489,0.178126034,1.371416782,0.495737476,0.062271536
81.26023356,0.171259443,1.366158276,0.466893835,0.056293294
81.26487223,0.17093631,1.361951472,0.486723839,0.054641412
81.2695109,0.177722117,1.362275072,0.529087936,0.060226348
81.27414957,0.175460181,1.361304271,0.465091108,0.059911704
81.27878824,0.170451609,1.355560365,0.479512928,0.054798734
81.28342691,0.173117462,1.353214263,0.506553842,0.056135972
81.28806558,0.179257002,1.354994065,0.511962024,0.062035553
81.29270425,0.172875112,1.351353561,0.462387016,0.057158566
81.29734292,0.170693959,1.347470357,0.484019747,0.054405429
81.30198159,0.175864098,1.347065856,0.526383845,0.058810449
81.30662026,0.176591149,1.347632157,0.479512928,0.061484925
81.31125893,0.170774743,1.342616351,0.476808837,0.055349362
81.3158976,0.171824927,1.339218548,0.497540204,0.055506684
81.32053627,0.178368384,1.34164555,0.526383845,0.06179957
81.32517494,0.173279029,1.340108449,0.464189744,0.058967771
81.32981361,0.170128476,1.334688143,0.484921111,0.054877395
81.33445228,0.174409997,1.333312842,0.519172935,0.057237227
81.33909095,0.177722117,1.334526343,0.493033385,0.062350197
81.34372962,0.171097877,1.329025137,0.467795199,0.056057311
81.34836829,0.170613176,1.325546433,0.486723839,0.054956056
81.35300696,0.1773182,1.326031834,0.528186573,0.060698315
81.35764563,0.174652347,1.324413832,0.461485653,0.060226348
81.3622843,0.170128476,1.319883427,0.475907473,0.0552707
81.36692297,0.172551978,1.318184526,0.50384975,0.056450617
81.37156164,0.178126034,1.318993526,0.506553842,0.062350197
81.37620031,0.171582577,1.315353023,0.459682925,0.057473211
81.38083898,0.170290042,1.311227118,0.481315656,0.054641412
81.38547765,0.175460181,1.311712519,0.523679754,0.059282415
81.39011632,0.175783315,1.31292602,0.472302018,0.061406264
81.39475499,0.170047692,1.308233815,0.472302018,0.0552707
81.39939366,0.171501794,1.306292213,0.494836113,0.055742667
81.40403233,0.177641334,1.308800116,0.520074299,0.062035553
81.408671,0.172955895,1.308638315,0.460584289,0.058810449
81.41330967,0.169886125,1.306939414,0.483118383,0.054720073
81.41794834,0.174409997,1.308719216,0.521877026,0.057709194
81.42258701,0.17756055,1.312440619,0.493033385,0.062192875
81.42722568,0.171905711,1.311065318,0.470499291,0.05597865
81.43186435,0.171986494,1.308557415,0.488526566,0.054720073
81.43650302,0.178206817,1.310579917,0.5299893,0.060619654
81.44114169,0.175460181,1.311550719,0.464189744,0.059754382
81.44578036,0.171340227,1.308476515,0.480414292,0.054877395
81.45041903,0.173763729,1.308233815,0.509257933,0.0566866
81.4550577,0.178853085,1.312359719,0.508356569,0.062428858
81.45969637,0.173117462,1.31260242,0.465992472,0.056843922
81.46433504,0.171824927,1.312036119,0.488526566,0.054877395
81.46897371,0.178045251,1.315353023,0.532693391,0.059675721
81.47361238,0.178610735,1.318993526,0.480414292,0.061170281
81.47825105,0.173521379,1.317860925,0.484019747,0.055192039
81.48288972,0.176106449,1.317456425,0.506553842,0.055506684
81.48752839,0.184104007,1.323443031,0.530890664,0.061956892
81.49216706,0.181518938,1.326355434,0.475006109,0.05818116
81.49680573,0.182326772,1.327326235,0.502047023,0.054641412
81.5014444,0.189758846,1.33177574,0.539904302,0.057866516
81.50608307,0.1929094,1.336548845,0.504751114,0.061878231
81.51072174,0.186608293,1.333960042,0.48221702,0.055664006
81.51536041,0.186365943,1.330562239,0.497540204,0.055113378
81.51999908,0.193232533,1.33177574,0.533594755,0.061012959
81.52463775,0.189758846,1.329672338,0.465091108,0.059361076
81.52927642,0.184911841,1.324575632,0.480414292,0.054641412
81.53391509,0.18701221,1.32255313,0.508356569,0.056765261
81.53855376,0.191374515,1.324090232,0.501145659,0.062114214
81.54319243,0.184427141,1.320611528,0.460584289,0.0566866
81.5478311,0.182649905,1.316647424,0.480414292,0.054562751
81.55246977,0.188466312,1.317456425,0.524581117,0.059361076
81.55710844,0.186931427,1.318589026,0.467795199,0.060934298
81.56174711,0.181195804,1.314463122,0.473203382,0.054720073
81.56638578,0.182245988,1.313411421,0.497540204,0.055585345
81.57102445,0.188143178,1.316809224,0.518271571,0.061956892
81.57566312,0.182488339,1.314786722,0.461485653,0.057866516
81.58030179,0.179257002,1.311631619,0.48221702,0.05448409
81.58494046,0.18370009,1.31252152,0.520074299,0.057945177
81.58957913,0.185477325,1.314948522,0.483118383,0.061878231
81.5942178,0.178449168,1.311388918,0.467795199,0.055428023
81.59885647,0.178772301,1.309123716,0.487625202,0.054641412
81.60349514,0.185154191,1.311550719,0.524581117,0.060934298
81.60813381,0.180953454,1.311146218,0.458781561,0.059046432
81.61277248,0.17707585,1.308314715,0.477710201,0.054169445
81.61741115,0.180145619,1.308557415,0.509257933,0.056371956
81.62204982,0.184588708,1.311793419,0.499342932,0.062035553
81.62668849,0.178126034,1.309366416,0.462387016,0.056371956
81.63132716,0.176752716,1.306939414,0.481315656,0.054405429
81.63596583,0.182811472,1.308072015,0.527285209,0.059361076
81.6406045,0.181518938,1.309447316,0.467795199,0.060540992
81.64524317,0.175864098,1.306211313,0.475006109,0.054877395
81.64988184,0.177883684,1.304593311,0.498441568,0.055506684
81.65452051,0.183296173,1.306777613,0.514666116,0.062035553
81.65915918,0.177722117,1.305645012,0.459682925,0.057709194
81.66379785,0.175379398,1.302085408,0.481315656,0.054641412
81.66843652,0.179660919,1.302247209,0.520074299,0.058259821
81.67307519,0.180953454,1.30337981,0.480414292,0.06179957
81.67771386,0.174813914,1.299577506,0.467795199,0.055664006
81.68235253,0.175056264,1.297393204,0.488526566,0.055192039
81.6869912,0.181680504,1.299577506,0.524581117,0.06109162
81.69162987,0.1778029,1.298121304,0.457880198,0.059282415
81.69626854,0.173763729,1.294642601,0.476808837,0.054720073
81.70090721,0.176914283,1.293590899,0.508356569,0.057001244
81.70554588,0.181115021,1.296017902,0.494836113,0.062428858
81.71018455,0.174086863,1.292781899,0.461485653,0.056371956
81.71482322,0.173117462,1.289707695,0.481315656,0.054641412
81.71946189,0.179095435,1.290840297,0.524581117,0.060305009
81.72410056,0.177479767,1.292215598,0.46328838,0.060855637
81.72873923,0.172713545,1.288655994,0.473203382,0.0552707
81.7333779,0.174329213,1.286714392,0.497540204,0.056214633
81.73801657,0.180064836,1.288979595,0.508356569,0.062114214
81.74265524,0.174086863,1.287118893,0.45607747,0.057551872
81.74729391,0.171744144,1.283882889,0.477710201,0.054641412
81.75193258,0.176429582,1.284044689,0.518271571,0.058574466
81.75657125,0.177883684,1.286228992,0.476808837,0.061327603
81.76120992,0.171986494,1.283640189,0.468696563,0.055192039
81.76584859,0.172148061,1.282750288,0.48942793,0.054956056
81.77048726,0.179418569,1.285662691,0.52277839,0.061170281
81.77512593,0.174894697,1.286148092,0.459682925,0.058967771
81.7797646,0.17142101,1.28428739,0.481315656,0.054720073
81.78440327,0.174975481,1.285905391,0.513764752,0.057001244
81.78904194,0.178691518,1.289707695,0.497540204,0.062192875
81.79368061,0.172067278,1.288170594,0.465992472,0.056135972
81.79831928,0.17166336,1.286633492,0.484921111,0.054720073
81.80295795,0.17756055,1.289464995,0.529087936,0.060226348
81.80759662,0.175944882,1.291568397,0.466893835,0.06038367
81.81223529,0.170855526,1.289060495,0.479512928,0.055113378
81.81687396,0.173198245,1.289707695,0.505652478,0.056214633
81.82151263,0.178529951,1.294723501,0.516468843,0.062350197
81.8261513,0.172794328,1.295856102,0.467795199,0.057551872
81.83078997,0.170774743,1.296907803,0.493033385,0.054798734
81.83542864,0.176025665,1.301761808,0.53720021,0.058810449
81.84006731,0.176833499,1.309123716,0.49663884,0.061720909
81.84470598,0.17142101,1.311308018,0.494836113,0.055428023
81.84934465,0.172551978,1.315595723,0.520074299,0.055349362
81.85398332,0.179176218,1.324575632,0.552523395,0.061642248
81.85862199,0.174975481,1.334526343,0.492132021,0.059282415
81.86326066,0.172390411,1.344234353,0.521877026,0.054798734
81.86789933,0.178045251,1.367776278,0.586775218,0.057551872
81.872538,0.183861657,1.412352225,0.621928406,0.062507519
81.87717667,0.180064836,1.457575373,0.625533861,0.056529278
81.88181534,0.182326772,1.505549124,0.669700686,0.055428023
81.88645401,0.191536082,1.552147574,0.726486605,0.061012959
81.89109268,0.191212948,1.583213207,0.648067956,0.060619654
81.89573135,0.18725456,1.596723521,0.634547499,0.055506684
81.90037002,0.190405114,1.602548327,0.636350226,0.056765261
81.90500869,0.195817603,1.606512431,0.616520223,0.063058147
81.90964736,0.189112579,1.602710127,0.545312484,0.058023838
81.91428603,0.186608293,1.594377419,0.550720667,0.055113378
81.9189247,0.192586266,1.588229012,0.580465672,0.059833043
81.92356337,0.1929094,1.581595205,0.520074299,0.062271536
81.92820204,0.186204376,1.568165791,0.504751114,0.055899989
81.93284071,0.186446726,1.557244279,0.518271571,0.055742667
81.93747938,0.192505483,1.550610472,0.538101574,0.061878231
81.94211805,0.187173777,1.539769861,0.470499291,0.059046432
81.94675672,0.183134606,1.526340446,0.48942793,0.055192039
81.95139539,0.187092994,1.517684137,0.521877026,0.057866516
81.95603406,0.190647464,1.51121213,0.493934749,0.062900825
81.96067273,0.183780873,1.499238918,0.467795199,0.056607939
81.9653114,0.183215389,1.488155606,0.486723839,0.0552707
81.96995007,0.189920413,1.482007199,0.528186573,0.061170281
81.97458874,0.18701221,1.474402591,0.461485653,0.060462331
81.97922741,0.182003638,1.463157479,0.476808837,0.055113378
81.98386608,0.184265574,1.455310171,0.502948387,0.056450617
81.98850475,0.188951012,1.450698866,0.50384975,0.06258618
81.99314342,0.182003638,1.441638057,0.456978834,0.057551872
81.99778209,0.179822486,1.432334547,0.478611565,0.055113378
82.00242076,0.185154191,1.427156941,0.520975662,0.059282415
82.00705943,0.184831058,1.422302936,0.469597927,0.06179957
82.0116981,0.178368384,1.413484827,0.469597927,0.055506684
82.01633677,0.179257002,1.406527419,0.493033385,0.055664006
82.02097544,0.185154191,1.404262217,0.516468843,0.061956892
82.02561411,0.180307186,1.399812712,0.45607747,0.058731788
82.03025278,0.177156633,1.392774405,0.478611565,0.055192039
82.03489145,0.180468753,1.390023802,0.516468843,0.057945177
82.03953012,0.183215389,1.390509202,0.48942793,0.062271536
82.04416879,0.176591149,1.386706898,0.471400654,0.05597865
82.04880746,0.176268015,1.385169797,0.494836113,0.055192039
82.05344613,0.182649905,1.389862002,0.539002938,0.061012959
82.0580848,0.179822486,1.393259805,0.475907473,0.060147687
82.06272347,0.175137048,1.390266502,0.490329294,0.054877395
82.06736214,0.177964467,1.388244,0.516468843,0.056607939
82.07200081,0.182569122,1.3879204,0.511060661,0.062350197
82.07663948,0.176025665,1.381691093,0.465091108,0.056843922
82.08127815,0.173925296,1.374571885,0.484019747,0.05448409
82.08591682,0.179741702,1.373358384,0.526383845,0.059361076
82.09055549,0.179822486,1.371174082,0.470499291,0.061484925
82.09519416,0.173682946,1.363812174,0.472302018,0.0552707
82.09983283,0.174894697,1.358958169,0.494836113,0.055428023
82.1044715,0.18087267,1.359119969,0.516468843,0.062035553
82.10911017,0.175540965,1.354265964,0.45607747,0.058417143
82.11374884,0.172551978,1.348683858,0.478611565,0.054720073
82.11838751,0.177237416,1.346580456,0.51556748,0.057630533
82.12302618,0.179499352,1.347065856,0.483118383,0.062035553
82.12766485,0.173117462,1.34116015,0.465091108,0.055899989
82.13230352,0.173036679,1.335901644,0.484019747,0.054720073
82.13694219,0.179903269,1.336225245,0.523679754,0.060619654
82.14158086,0.176429582,1.334121842,0.45607747,0.059754382
82.14621953,0.171905711,1.328297036,0.474104746,0.054562751
82.1508582,0.174975481,1.326031834,0.502948387,0.056529278
82.15549687,0.179337785,1.326436334,0.49663884,0.062114214
82.16013554,0.173117462,1.32198683,0.45607747,0.056843922
82.16477421,0.17166336,1.317294625,0.476808837,0.054720073
82.16941288,0.177398983,1.317375525,0.520074299,0.05959706
82.17405155,0.176752716,1.317051924,0.46328838,0.061170281
82.17869022,0.17117866,1.312278819,0.468696563,0.055192039
82.18332889,0.172390411,1.309528216,0.492132021,0.055585345
82.18796756,0.178206817,1.310418117,0.511060661,0.061878231
82.19260623,0.172875112,1.307748414,0.453373379,0.058102499
82.1972449,0.170209259,1.30370341,0.475907473,0.054326768
82.20188357,0.174652347,1.302813509,0.514666116,0.058102499
82.20652224,0.176510366,1.30362251,0.477710201,0.061642248
82.21116091,0.170290042,1.298849405,0.46328838,0.055585345
82.21579958,0.170613176,1.296179702,0.484019747,0.054798734
82.22043825,0.176752716,1.297878604,0.521877026,0.060934298
82.22507692,0.173198245,1.296826903,0.454274742,0.059675721
82.22971559,0.169401425,1.292620098,0.475006109,0.054405429
82.23435426,0.172794328,1.292215598,0.505652478,0.056371956
82.23899293,0.176995066,1.2944808,0.49663884,0.062192875
82.2436316,0.170451609,1.291811098,0.458781561,0.056529278
82.24827027,0.169562992,1.289626795,0.480414292,0.054641412
82.25290894,0.175944882,1.291568397,0.526383845,0.059754382
82.25754761,0.174813914,1.293429099,0.469597927,0.060934298
82.26218628,0.169239858,1.291811098,0.478611565,0.054877395
82.26682495,0.17117866,1.291325697,0.501145659,0.055664006
82.27146362,0.17707585,1.2942381,0.514666116,0.061878231
82.27610229,0.171501794,1.292620098,0.458781561,0.057866516
82.28074096,0.168835941,1.288817794,0.481315656,0.054641412
82.28537963,0.173602163,1.289545895,0.519172935,0.05818116
82.2900183,0.174975481,1.291163897,0.478611565,0.061720909
82.29465697,0.168997508,1.288008794,0.466893835,0.055664006
82.29929564,0.169562992,1.285905391,0.487625202,0.055192039
82.30393431,0.176187232,1.288736894,0.52277839,0.061012959
82.30857298,0.172713545,1.288494194,0.45607747,0.059125093
82.31321165,0.168674374,1.285743591,0.476808837,0.054405429
82.31785032,0.172471195,1.286148092,0.508356569,0.0566866
82.32248899,0.176429582,1.289141395,0.494836113,0.061878231
82.32712766,0.169805342,1.286471692,0.459682925,0.056214633
82.33176633,0.168916724,1.283235688,0.479512928,0.054720073
82.336405,0.175540965,1.28509639,0.523679754,0.059990365
82.34104367,0.17424843,1.286228992,0.461485653,0.060619654
82.34568234,0.168674374,1.282022187,0.471400654,0.055113378
82.35032101,0.17093631,1.281051386,0.49663884,0.05597865
82.35495968,0.176671932,1.28493459,0.508356569,0.062035553
82.35959835,0.170774743,1.284044689,0.455176106,0.057866516
82.36423702,0.168593591,1.281860387,0.477710201,0.054720073
82.36887569,0.173925296,1.283073888,0.519172935,0.058810449
82.37351436,0.175379398,1.285581791,0.475907473,0.062035553
82.37815303,0.168997508,1.283640189,0.467795199,0.055821328
82.3827917,0.170047692,1.282507588,0.488526566,0.055349362
82.38743037,0.176671932,1.285905391,0.520975662,0.061720909
82.39206904,0.172471195,1.286228992,0.45607747,0.059518399
82.39670771,0.168512807,1.282264887,0.477710201,0.054798734
82.40134638,0.172471195,1.283801989,0.511060661,0.057237227
82.40598505,0.176025665,1.287199793,0.493934749,0.062350197
82.41062372,0.169805342,1.28509639,0.462387016,0.0566866
82.41526239,0.168835941,1.283559289,0.483118383,0.054877395
82.41990106,0.175379398,1.285419991,0.525482481,0.060462331
82.42453973,0.173602163,1.286228992,0.461485653,0.060855637
82.4291784,0.168593591,1.282669388,0.472302018,0.055192039
82.43381707,0.170370826,1.280242385,0.497540204,0.056135972
82.43845574,0.176187232,1.283073888,0.504751114,0.062271536
82.44309441,0.170128476,1.281051386,0.453373379,0.057787855
82.44773308,0.16810889,1.277977183,0.475907473,0.055034717
82.45237175,0.173925296,1.278786184,0.519172935,0.059125093
82.45701042,0.174652347,1.280485086,0.473203382,0.061720909
82.46164909,0.168189673,1.276520981,0.466893835,0.0552707
82.46628776,0.169562992,1.27538838,0.488526566,0.055113378
82.47092643,0.175702531,1.277815383,0.519172935,0.061878231
82.4755651,0.171017093,1.276925482,0.454274742,0.058967771
82.48020377,0.168189673,1.273851279,0.475006109,0.054877395
82.48484244,0.171905711,1.273204078,0.509257933,0.057551872
82.48948111,0.175540965,1.276601881,0.486723839,0.062350197
82.49411978,0.168916724,1.273446778,0.459682925,0.05597865
82.49875845,0.168189673,1.270534375,0.479512928,0.054720073
82.50339712,0.175056264,1.272637777,0.52277839,0.060226348
82.50803579,0.172713545,1.273365878,0.457880198,0.060226348
82.51267446,0.168028107,1.270696175,0.471400654,0.055034717
82.51731313,0.170290042,1.269401774,0.498441568,0.056529278
82.5219518,0.176106449,1.272395077,0.502948387,0.062350197
82.52659047,0.169401425,1.269644474,0.454274742,0.057551872
82.53122914,0.167947323,1.267379272,0.475907473,0.054720073
82.53586781,0.173521379,1.268188273,0.518271571,0.058967771
82.54050648,0.173602163,1.269725374,0.469597927,0.061248942
82.54514515,0.167785756,1.266570271,0.466893835,0.055113378
82.54978382,0.168512807,1.26535677,0.48942793,0.055113378
82.55442249,0.175298614,1.268511873,0.516468843,0.061248942
82.55906116,0.170693959,1.268188273,0.454274742,0.05818116
82.56369983,0.167301056,1.26535677,0.475907473,0.054641412
82.5683385,0.171744144,1.266732071,0.511962024,0.057630533
82.57297717,0.175056264,1.271828776,0.490329294,0.062035553
82.57761584,0.168755157,1.273365878,0.471400654,0.055821328
82.58225451,0.168835941,1.27538838,0.493033385,0.054641412
82.58689318,0.175460181,1.280646886,0.534496119,0.060305009
82.59153185,0.172955895,1.282426688,0.465992472,0.060069026
82.59617052,0.168755157,1.278867084,0.480414292,0.054798734
82.60080919,0.171824927,1.278462583,0.506553842,0.056371956
82.60544786,0.17756055,1.281698587,0.506553842,0.062350197
82.61008653,0.171501794,1.279918785,0.459682925,0.056922583
82.6147252,0.169805342,1.277329982,0.481315656,0.054641412
82.61936387,0.176025665,1.278705284,0.523679754,0.059125093
82.62400254,0.176914283,1.281294086,0.472302018,0.061327603
82.62864121,0.17166336,1.278947984,0.473203382,0.055192039
82.63327988,0.173117462,1.278300783,0.495737476,0.0552707
82.63791855,0.18038797,1.282750288,0.520975662,0.061642248
82.64255722,0.176187232,1.283478389,0.460584289,0.058338482
82.64719589,0.173440596,1.282750288,0.483118383,0.05448409
82.65183456,0.178772301,1.285339091,0.520074299,0.057787855
82.65647323,0.182649905,1.290516696,0.492132021,0.061956892
82.6611119,0.176591149,1.2938336,0.477710201,0.055664006
82.66575057,0.176671932,1.302570809,0.507455206,0.054562751
82.67038924,0.183780873,1.320854228,0.559734305,0.060305009
82.67502791,0.181357371,1.337357846,0.498441568,0.059675721
82.67966658,0.176752716,1.342939952,0.511060661,0.054798734
82.68430525,0.179660919,1.347227656,0.531792028,0.056450617
82.68894392,0.184346357,1.351272661,0.523679754,0.062192875
82.69358259,0.178126034,1.349169258,0.475907473,0.056922583
82.69822126,0.176187232,1.346095055,0.494836113,0.054562751
82.70285993,0.182730689,1.347470357,0.535397483,0.059203754
82.7074986,0.182245988,1.348845658,0.479512928,0.061012959
82.71213727,0.176429582,1.345124254,0.481315656,0.054877395
82.71677594,0.177641334,1.343182652,0.502948387,0.055349362
82.72141461,0.18370009,1.345528755,0.52277839,0.061956892
82.72605328,0.178206817,1.343668053,0.462387016,0.058417143
82.73069195,0.175056264,1.338733147,0.483118383,0.054405429
82.73533062,0.179822486,1.337762346,0.520074299,0.057709194
82.73996929,0.181761288,1.338166847,0.485822475,0.06179957
82.74460796,0.175137048,1.332989241,0.465992472,0.055585345
82.74924663,0.175056264,1.328701537,0.484921111,0.054562751
82.7538853,0.181357371,1.328701537,0.523679754,0.060776976
82.75852397,0.178045251,1.326921735,0.456978834,0.05959706
82.76316264,0.173682946,1.32190593,0.475006109,0.054641412
82.76780131,0.176429582,1.319478927,0.50384975,0.056607939
82.77243998,0.181276587,1.320935128,0.497540204,0.062192875
82.77707865,0.174813914,1.316647424,0.456978834,0.056529278
82.78171732,0.173682946,1.31260242,0.477710201,0.054798734
82.78635599,0.179337785,1.312359719,0.521877026,0.05959706
82.79099466,0.178853085,1.311469818,0.465091108,0.061012959
82.79563333,0.173117462,1.306534913,0.471400654,0.055113378
82.800272,0.174571564,1.304755111,0.494836113,0.055664006
82.80491067,0.180307186,1.306777613,0.512863388,0.061956892
82.80954934,0.175137048,1.30370341,0.454274742,0.057945177
82.81418801,0.171824927,1.298687605,0.477710201,0.054562751
82.81882668,0.176591149,1.298525805,0.51556748,0.057945177
82.82346535,0.178449168,1.299739306,0.479512928,0.061878231
82.82810402,0.172228844,1.296260602,0.465091108,0.055821328
82.83274269,0.172067278,1.2939145,0.484921111,0.055034717
82.83738136,0.178772301,1.296017902,0.52277839,0.06109162
82.84202003,0.175217831,1.294642601,0.456978834,0.059675721
82.8466587,0.17093631,1.290597596,0.476808837,0.054798734
82.85129737,0.174652347,1.289950396,0.506553842,0.056922583
82.85593604,0.178772301,1.291891998,0.49663884,0.062428858
82.86057471,0.172309628,1.288898695,0.457880198,0.056922583
82.86521338,0.171340227,1.285339091,0.478611565,0.054720073
82.86985205,0.177479767,1.286390792,0.52277839,0.05959706
82.87449072,0.176106449,1.286552592,0.462387016,0.060776976
82.87912939,0.170855526,1.282831188,0.469597927,0.054798734
82.88376806,0.172713545,1.280646886,0.493934749,0.055899989
82.88840673,0.178449168,1.282992988,0.508356569,0.061956892
82.8930454,0.172713545,1.281617687,0.453373379,0.057787855
82.89768407,0.170290042,1.278543484,0.476808837,0.05448409
82.90232274,0.174975481,1.279109784,0.51556748,0.058023838
82.90696141,0.176591149,1.281213186,0.476808837,0.061563586
82.91160008,0.170532393,1.278381683,0.465992472,0.055585345
82.91623875,0.170774743,1.277087282,0.486723839,0.0552707
82.92087742,0.1773182,1.280242385,0.520975662,0.061484925
82.92551609,0.173682946,1.279676085,0.45607747,0.059203754
82.93015476,0.169724558,1.276601881,0.475907473,0.054720073
82.93479343,0.173440596,1.276197381,0.508356569,0.057158566
82.9394321,0.177398983,1.279190684,0.493934749,0.06258618
82.94407077,0.170693959,1.276116481,0.460584289,0.056371956
82.94870944,0.169805342,1.274579379,0.481315656,0.054877395
82.95334811,0.176025665,1.276682782,0.524581117,0.060226348
82.95798678,0.174813914,1.278138983,0.464189744,0.060698315
82.96262545,0.169724558,1.275873781,0.475907473,0.054798734
82.96726412,0.172067278,1.276763682,0.502047023,0.055821328
82.97190279,0.177964467,1.282992988,0.517370207,0.062035553
82.97654146,0.172148061,1.285662691,0.466893835,0.057551872
82.98118013,0.170693959,1.286228992,0.488526566,0.054641412
82.9858188,0.175460181,1.289545895,0.526383845,0.058574466
82.99045747,0.176752716,1.291972898,0.483118383,0.061878231
82.99509614,0.170774743,1.289303195,0.473203382,0.055506684
82.99973481,0.171340227,1.287766093,0.493033385,0.055113378
83.00437348,0.178045251,1.291487497,0.524581117,0.061327603
83.00901215,0.173925296,1.291082997,0.458781561,0.059125093
83.01365082,0.170451609,1.288575094,0.479512928,0.054720073
83.01828949,0.174086863,1.289060495,0.511962024,0.057158566
83.02292816,0.177641334,1.291972898,0.493033385,0.062350197
83.02756683,0.17142101,1.290678496,0.462387016,0.056371956
83.0322055,0.17117866,1.288332394,0.483118383,0.054956056
83.03684417,0.177479767,1.290759396,0.526383845,0.060147687
83.04148284,0.175379398,1.292053798,0.46328838,0.060540992
83.04612151,0.170451609,1.289707695,0.475006109,0.054720073
83.05076018,0.172875112,1.289384095,0.501145659,0.055899989
83.05539885,0.178287601,1.293509999,0.510159297,0.062350197
83.06003752,0.172228844,1.292700999,0.459682925,0.057551872
83.06467619,0.170370826,1.291406597,0.481315656,0.054405429
83.06931486,0.175702531,1.293267299,0.524581117,0.058495805
83.07395353,0.176671932,1.297150503,0.477710201,0.061642248
83.0785922,0.170774743,1.295937002,0.471400654,0.055113378
83.08323087,0.17166336,1.2942381,0.493033385,0.054956056
83.08786954,0.178287601,1.298121304,0.523679754,0.061563586
83.09250821,0.173925296,1.298768505,0.459682925,0.058810449
83.09714688,0.170613176,1.296584203,0.480414292,0.054405429
83.10178555,0.174167646,1.297231403,0.514666116,0.057394549
83.10642422,0.178045251,1.301357308,0.492132021,0.062507519
83.11106289,0.171744144,1.298768505,0.465091108,0.056450617
83.11570156,0.170774743,1.297069603,0.484921111,0.055113378
83.12034023,0.177479767,1.299253905,0.528186573,0.060462331
83.1249789,0.175217831,1.300062906,0.461485653,0.060540992
83.12961757,0.171097877,1.296826903,0.475006109,0.055034717
83.13425624,0.173440596,1.296017902,0.501145659,0.056057311
83.13889491,0.178610735,1.298525805,0.506553842,0.061878231
83.14353358,0.172551978,1.295856102,0.45607747,0.057001244
83.14817225,0.170532393,1.291811098,0.477710201,0.054641412
83.15281092,0.175864098,1.292134698,0.520074299,0.059125093
83.15744959,0.176348799,1.293267299,0.471400654,0.061642248
83.16208826,0.170451609,1.289060495,0.468696563,0.055192039
83.16672693,0.17166336,1.286957092,0.48942793,0.055192039
83.1713656,0.178045251,1.288575094,0.517370207,0.061484925
83.17600427,0.172551978,1.286633492,0.454274742,0.058338482
83.18064294,0.169239858,1.282912088,0.475907473,0.054405429
83.18528161,0.173602163,1.282669388,0.511962024,0.057315888
83.18992028,0.176429582,1.28485369,0.485822475,0.061878231
83.19455895,0.169966909,1.282183987,0.46328838,0.056135972
83.19919762,0.169562992,1.280161485,0.481315656,0.054798734
83.20383629,0.176187232,1.281455887,0.524581117,0.060462331
83.20847496,0.173602163,1.280970486,0.458781561,0.059833043
83.21311363,0.168997508,1.277249082,0.474104746,0.054641412
83.2177523,0.171905711,1.275792881,0.501145659,0.056371956
83.22239097,0.17707585,1.278543484,0.501145659,0.061878231
83.22702964,0.170451609,1.276035581,0.45607747,0.056922583
83.23166831,0.168835941,1.272556877,0.476808837,0.054720073
83.23630698,0.174571564,1.273284978,0.520074299,0.059046432
83.24094565,0.174329213,1.274336679,0.468696563,0.06109162
83.24558432,0.168674374,1.271505176,0.469597927,0.055192039
83.25022299,0.169805342,1.271019776,0.493033385,0.055428023
83.25486166,0.176106449,1.27490298,0.517370207,0.06179957
83.25950033,0.170774743,1.27522658,0.457880198,0.058338482
83.264139,0.168028107,1.273042278,0.479512928,0.05448409
83.26877767,0.172228844,1.275792881,0.518271571,0.057551872
83.27341634,0.174813914,1.281374987,0.491230657,0.061878231
83.27805501,0.168512807,1.282669388,0.473203382,0.055506684
83.28269368,0.168432024,1.287118893,0.497540204,0.054877395
83.28733235,0.175217831,1.302247209,0.550720667,0.060776976
83.29197102,0.172551978,1.323928432,0.50384975,0.060462331
83.29660969,0.168432024,1.344719754,0.535397483,0.055113378
83.30124836,0.171905711,1.358391868,0.558832941,0.056843922
83.30588703,0.177156633,1.366805477,0.543509757,0.062900825
83.3105257,0.171017093,1.365187475,0.48942793,0.057551872
83.31516437,0.169724558,1.360980671,0.502948387,0.055034717
83.31980304,0.176429582,1.360657071,0.539904302,0.059675721
83.32444171,0.176025665,1.359605369,0.480414292,0.061248942
83.32908038,0.170128476,1.353537863,0.479512928,0.055349362
83.33371905,0.17166336,1.349735559,0.500244295,0.056214633
83.33835772,0.178126034,1.350059159,0.519172935,0.062428858
83.34299639,0.172632762,1.345771455,0.458781561,0.058574466
83.34763506,0.169886125,1.339056748,0.478611565,0.054877395
83.35227373,0.17473313,1.337681446,0.51556748,0.05818116
83.3569124,0.177237416,1.337681446,0.48221702,0.062271536
83.36155107,0.170774743,1.33209934,0.465091108,0.05597865
83.36618974,0.170451609,1.327811636,0.483118383,0.055428023
83.37082841,0.176914283,1.327892536,0.52277839,0.061563586
83.37546708,0.173440596,1.325708234,0.455176106,0.059833043
83.38010575,0.169078291,1.319721627,0.473203382,0.055113378
83.38474442,0.172471195,1.318346326,0.502948387,0.057158566
83.38938309,0.176591149,1.320045228,0.49663884,0.062664841
83.39402176,0.170451609,1.316647424,0.456978834,0.057079905
83.39866043,0.168916724,1.31252152,0.477710201,0.055034717
83.4032991,0.17473313,1.31252152,0.520975662,0.059833043
83.40793777,0.174329213,1.31276422,0.465091108,0.061248942
83.41257644,0.168997508,1.309042816,0.471400654,0.055428023
83.41721511,0.170451609,1.307667514,0.494836113,0.056057311
83.42185378,0.176106449,1.310175417,0.511962024,0.06258618
83.42649245,0.170855526,1.308314715,0.454274742,0.058417143
83.43113112,0.168432024,1.305240512,0.476808837,0.054956056
83.43576979,0.172471195,1.305483212,0.516468843,0.058417143
83.44040846,0.174571564,1.308072015,0.481315656,0.061878231
83.44504713,0.168593591,1.305806812,0.467795199,0.05597865
83.4496858,0.168916724,1.304836011,0.48942793,0.055192039
83.45432447,0.175217831,1.308476515,0.527285209,0.061170281
83.45896314,0.17142101,1.310094517,0.46328838,0.059439737
83.46360181,0.167947323,1.309285516,0.484019747,0.054877395
83.46824048,0.17166336,1.310984418,0.51556748,0.057079905
83.47287915,0.175944882,1.317618225,0.506553842,0.062271536
83.47751782,0.170209259,1.323200331,0.477710201,0.0566866
83.48215649,0.170209259,1.334688143,0.514666116,0.0552707
83.48679516,0.177641334,1.356207566,0.574156125,0.060462331
83.49143383,0.1778029,1.377322488,0.524581117,0.061248942
83.4960725,0.173198245,1.390751903,0.535397483,0.055585345
83.50071117,0.175540965,1.400621713,0.551622031,0.056450617
83.50534984,0.181599721,1.409520722,0.555227486,0.06258618
83.50998851,0.176106449,1.411866825,0.492132021,0.058417143
83.51462718,0.173763729,1.410896024,0.508356569,0.0552707
83.51926585,0.178206817,1.413323026,0.543509757,0.058810449
83.52390452,0.180145619,1.417772531,0.501145659,0.062114214
83.52854319,0.173682946,1.419714133,0.490329294,0.056214633
83.53318186,0.174329213,1.42594344,0.511060661,0.055585345
83.53782053,0.181195804,1.441152656,0.552523395,0.061956892
83.5424592,0.1773182,1.456685472,0.490329294,0.059754382
83.54709787,0.173763729,1.468658685,0.512863388,0.055192039
83.55173654,0.177479767,1.4824926,0.545312484,0.057394549
83.55637521,0.181761288,1.500452419,0.530890664,0.062822164
83.56101388,0.175540965,1.51080763,0.495737476,0.057158566
83.56565255,0.17473313,1.516632436,0.512863388,0.055506684
83.57029122,0.18087267,1.521486441,0.551622031,0.060698315
83.57492989,0.179257002,1.521648241,0.486723839,0.061170281
83.57956856,0.173763729,1.513639133,0.493033385,0.055428023
83.58420723,0.176106449,1.506600825,0.513764752,0.056607939
83.5888459,0.181438154,1.502798521,0.520975662,0.062822164
83.59348457,0.175379398,1.493899512,0.464189744,0.058338482
83.59812324,0.172875112,1.483625201,0.483118383,0.055585345
83.60276191,0.178206817,1.477234094,0.521877026,0.059518399
83.60740058,0.179257002,1.471651988,0.479512928,0.062350197
83.61203925,0.172713545,1.460649577,0.470499291,0.056214633
83.61667792,0.173117462,1.451022466,0.48942793,0.055742667
83.62131659,0.179660919,1.446572962,0.520975662,0.061956892
83.62595526,0.174975481,1.438482953,0.45607747,0.059675721
83.63059393,0.171340227,1.428127742,0.476808837,0.055349362
83.6352326,0.175056264,1.421817535,0.509257933,0.057709194
83.63987127,0.178853085,1.418500632,0.490329294,0.06258618
83.64450994,0.172067278,1.409925223,0.459682925,0.056765261
83.64914861,0.17117866,1.401511614,0.480414292,0.055113378
83.65378728,0.17756055,1.397304809,0.523679754,0.060698315
83.65842595,0.175864098,1.392774405,0.461485653,0.060698315
83.66306462,0.170613176,1.384603496,0.473203382,0.055192039
83.66770329,0.172390411,1.378374189,0.498441568,0.056293294
83.67234196,0.177722117,1.377079788,0.506553842,0.062743503
83.67698063,0.172067278,1.371497682,0.45607747,0.057945177
83.6816193,0.169966909,1.364459375,0.477710201,0.054956056
83.68625797,0.175217831,1.360818871,0.518271571,0.059203754
83.69089664,0.175944882,1.358877269,0.472302018,0.061878231
83.69553531,0.169805342,1.351919861,0.466893835,0.055821328
83.70017398,0.170774743,1.347389457,0.487625202,0.0552707
83.70481265,0.177156633,1.346661356,0.517370207,0.06179957
83.70945132,0.172713545,1.342859052,0.454274742,0.059125093
83.71408999,0.168997508,1.335982544,0.475006109,0.054956056
83.71872866,0.172632762,1.33201844,0.508356569,0.057709194
83.72336733,0.176106449,1.33201844,0.485822475,0.062271536
83.728006,0.169401425,1.325465533,0.458781561,0.056371956
83.73264467,0.16835124,1.320287928,0.477710201,0.054720073
83.73728334,0.174813914,1.320773328,0.521877026,0.060226348
83.74192201,0.172794328,1.318427226,0.456978834,0.060540992
83.74656068,0.167704973,1.31252152,0.470499291,0.055034717
83.75119935,0.170774743,1.309932717,0.497540204,0.056529278
83.75583802,0.176187232,1.311146218,0.502047023,0.062192875
83.76047669,0.169966909,1.307991115,0.454274742,0.057158566
83.76511536,0.16810889,1.30386521,0.476808837,0.054641412
83.76975403,0.173763729,1.30337981,0.518271571,0.058967771
83.7743927,0.174409997,1.30370341,0.468696563,0.061327603
83.77903137,0.168270457,1.298283104,0.465992472,0.055585345
83.78367004,0.168997508,1.295208901,0.488526566,0.055506684
83.78830871,0.175944882,1.297474104,0.516468843,0.061720909
83.79294738,0.171017093,1.295856102,0.454274742,0.058731788
83.79758605,0.167462623,1.292539198,0.475907473,0.055113378
83.80222472,0.171905711,1.292862799,0.512863388,0.057787855
83.80686339,0.175298614,1.294804401,0.487625202,0.062114214
83.81150206,0.168593591,1.292377398,0.465091108,0.056057311
83.81614073,0.168512807,1.291163897,0.487625202,0.054798734
83.8207794,0.175460181,1.295128001,0.531792028,0.060540992
83.82541807,0.173036679,1.297231403,0.467795199,0.060069026
83.83005674,0.16835124,1.294966201,0.483118383,0.054877395
83.83469541,0.17117866,1.295289801,0.510159297,0.056293294
83.83933408,0.176671932,1.299901106,0.511060661,0.062507519
83.84397275,0.170209259,1.299658406,0.465091108,0.057315888
83.84861142,0.169159074,1.298525805,0.485822475,0.054798734
83.85325009,0.175379398,1.301033707,0.526383845,0.059282415
83.85788876,0.175137048,1.30386521,0.475006109,0.061406264
83.86252743,0.169805342,1.301519108,0.474104746,0.055349362
83.8671661,0.170855526,1.300224707,0.495737476,0.055664006
83.87180477,0.17707585,1.30370341,0.520074299,0.061720909
83.87644344,0.172551978,1.302247209,0.457880198,0.058495805
83.88108211,0.169239858,1.298687605,0.480414292,0.054720073
83.88572078,0.173763729,1.298040404,0.516468843,0.057787855
83.89035945,0.176429582,1.300791007,0.487625202,0.062192875
83.89499812,0.170047692,1.298202204,0.466893835,0.056135972
83.89963679,0.169805342,1.295856102,0.487625202,0.054956056
83.90427546,0.176106449,1.297635904,0.526383845,0.060776976
83.90891413,0.173198245,1.296746003,0.458781561,0.060147687
83.9135528,0.168916724,1.292458298,0.475006109,0.054798734
83.91819147,0.171824927,1.290273996,0.502047023,0.056529278
83.92283014,0.176833499,1.290678496,0.499342932,0.062507519
83.92746881,0.169966909,1.287523393,0.45607747,0.057079905
83.93210748,0.168593591,1.283478389,0.476808837,0.054956056
83.93674615,0.17449078,1.283559289,0.520074299,0.059518399
83.94138482,0.174409997,1.28436829,0.465091108,0.061406264
83.94602349,0.168674374,1.280080585,0.467795199,0.055428023
83.95066216,0.170290042,1.278462583,0.491230657,0.055585345
83.95530083,0.176752716,1.280242385,0.512863388,0.062035553
83.9599395,0.171501794,1.278947984,0.454274742,0.058338482
83.96457817,0.168270457,1.27555018,0.477710201,0.054562751
83.96921684,0.173359812,1.276763682,0.51556748,0.057866516
83.97385551,0.175864098,1.279918785,0.483118383,0.061878231
83.97849418,0.169159074,1.276601881,0.465091108,0.055899989
83.98313285,0.169562992,1.274579379,0.484019747,0.054877395
83.98777152,0.176187232,1.276278281,0.523679754,0.060855637
83.99241019,0.172713545,1.276197381,0.45607747,0.059675721
83.99704886,0.16835124,1.272314177,0.474104746,0.054641412
84.00168753,0.171501794,1.271828776,0.50384975,0.056843922
84.0063262,0.176106449,1.274174879,0.49663884,0.062271536
84.01096487,0.169805342,1.271424276,0.456978834,0.056607939
84.01560354,0.16835124,1.268350073,0.477710201,0.054798734
84.02024221,0.17473313,1.269563574,0.520975662,0.059439737
84.02488088,0.173763729,1.270453475,0.46328838,0.060855637
84.02951955,0.167947323,1.267621972,0.468696563,0.055034717
84.03415822,0.170128476,1.266893871,0.493033385,0.055664006
84.03879689,0.176429582,1.269401774,0.511060661,0.061720909
84.04343556,0.17093631,1.267864672,0.453373379,0.05818116
84.04807423,0.16835124,1.26559947,0.475907473,0.054562751
84.0527129,0.172955895,1.266408471,0.514666116,0.057709194
84.05735157,0.175379398,1.269078173,0.479512928,0.061642248
84.06199024,0.168674374,1.266327571,0.465091108,0.055428023
84.06662891,0.168835941,1.265114069,0.484921111,0.054956056
84.07126758,0.175621748,1.267621972,0.52277839,0.060776976
84.07590625,0.171986494,1.267621972,0.45607747,0.059125093
84.08054492,0.168189673,1.264466869,0.475006109,0.054405429
84.08518359,0.17142101,1.264466869,0.506553842,0.056843922
84.08982226,0.175783315,1.267298372,0.495737476,0.062192875
84.09446093,0.169078291,1.264871369,0.457880198,0.056607939
84.0990996,0.16810889,1.262606167,0.479512928,0.054562751
84.10373827,0.174975481,1.26600397,0.523679754,0.059675721
84.10837694,0.173440596,1.268350073,0.46328838,0.060776976
84.11301561,0.16786654,1.26551857,0.472302018,0.054641412
84.11765428,0.169966909,1.265275869,0.49663884,0.055585345
84.12229295,0.175944882,1.268754573,0.511962024,0.061563586
84.12693162,0.170290042,1.267864672,0.456978834,0.057787855
84.13157029,0.16762419,1.26592307,0.480414292,0.054720073
84.13620896,0.172955895,1.268592773,0.520975662,0.058023838
84.14084763,0.17473313,1.273527678,0.483118383,0.061563586
84.1454863,0.168674374,1.274093979,0.475006109,0.055428023
84.15012497,0.169239858,1.276278281,0.49663884,0.055034717
84.15476364,0.175864098,1.282022187,0.530890664,0.061406264
84.15940231,0.17166336,1.283235688,0.464189744,0.059125093
84.16404098,0.16810889,1.281051386,0.483118383,0.054877395
84.16867965,0.172067278,1.281374987,0.512863388,0.057473211
84.17331832,0.175783315,1.28436829,0.497540204,0.062428858
84.17795699,0.169643775,1.282507588,0.464189744,0.056607939
84.18259566,0.167947323,1.279918785,0.483118383,0.055034717
84.18723433,0.174329213,1.281617687,0.528186573,0.060226348
84.191873,0.173521379,1.28444919,0.468696563,0.060934298
84.19651167,0.16835124,1.282750288,0.479512928,0.055113378
84.20115034,0.170128476,1.283154788,0.504751114,0.05597865
84.20578901,0.176429582,1.288494194,0.517370207,0.062271536
84.21042768,0.170613176,1.289384095,0.466893835,0.057709194
84.21506635,0.168432024,1.289707695,0.491230657,0.054720073
84.21970502,0.173763729,1.293429099,0.531792028,0.058495805
84.22434369,0.175379398,1.298202204,0.48942793,0.061878231
84.22898236,0.169482208,1.297474104,0.479512928,0.055742667
84.23362103,0.170128476,1.297878604,0.500244295,0.055113378
84.2382597,0.176752716,1.302409009,0.532693391,0.061563586
84.24289837,0.172713545,1.305483212,0.467795199,0.059439737
84.24753704,0.169482208,1.305159612,0.488526566,0.054956056
84.25217571,0.172875112,1.307991115,0.52277839,0.057237227
84.25681438,0.176914283,1.31276422,0.505652478,0.062428858
84.26145305,0.171017093,1.31324962,0.476808837,0.056450617
84.26609172,0.170290042,1.314786722,0.498441568,0.055192039
84.27073039,0.17707585,1.321744129,0.542608393,0.06038367
84.27536906,0.175460181,1.328539737,0.48221702,0.060619654
84.28000773,0.170613176,1.330724039,0.497540204,0.0552707
84.2846464,0.173359812,1.335982544,0.525482481,0.056293294
84.28928507,0.178853085,1.342939952,0.533594755,0.062507519
84.29392374,0.173117462,1.343748953,0.483118383,0.057709194
84.29856241,0.17142101,1.343748953,0.50384975,0.054877395
84.30320108,0.176671932,1.347308556,0.543509757,0.05888911
84.30783975,0.17756055,1.353133363,0.499342932,0.06179957
84.31247842,0.171824927,1.355317665,0.49663884,0.055664006
84.31711709,0.173117462,1.364216674,0.531792028,0.055585345
84.32175576,0.179984053,1.385169797,0.584071127,0.061878231
84.32639443,0.176268015,1.405637518,0.539904302,0.059046432
84.3310331,0.173521379,1.426914241,0.576860217,0.055192039
84.33567177,0.178449168,1.448676364,0.612013404,0.057945177
84.34031044,0.182407555,1.466069882,0.586775218,0.062664841
84.34494911,0.176187232,1.472541889,0.551622031,0.0566866
84.34958778,0.175540965,1.474240791,0.559734305,0.055192039
84.35422645,0.182488339,1.476425093,0.590380673,0.060619654
84.35886512,0.179984053,1.474645292,0.514666116,0.060855637
84.36350379,0.174813914,1.467445184,0.520074299,0.0552707
84.36814246,0.177156633,1.461377677,0.53720021,0.056450617
84.37278113,0.182730689,1.458627075,0.535397483,0.062428858
84.3774198,0.176268015,1.451184267,0.48221702,0.057315888
84.38205847,0.174652347,1.442689758,0.501145659,0.055034717
84.38669714,0.179903269,1.437916653,0.539002938,0.059361076
84.39133581,0.180549537,1.433224448,0.486723839,0.061720909
84.39597448,0.17449078,1.423759138,0.480414292,0.055506684
84.40061315,0.175621748,1.41639723,0.498441568,0.055664006
84.40525182,0.181680504,1.413646627,0.524581117,0.062035553
84.40989049,0.176187232,1.407740921,0.461485653,0.05888911
84.41452916,0.173117462,1.399003711,0.481315656,0.054877395
84.41916783,0.177237416,1.394716007,0.516468843,0.057866516
84.4238065,0.179903269,1.393017105,0.490329294,0.06258618
84.42844517,0.173279029,1.385897897,0.465992472,0.056529278
84.43308384,0.172713545,1.37934499,0.484921111,0.055113378
84.43772251,0.178853085,1.378131489,0.526383845,0.060776976
84.44236118,0.176025665,1.374733686,0.460584289,0.060305009
84.44699985,0.17166336,1.367695378,0.476808837,0.054877395
84.45163852,0.17449078,1.363650374,0.50384975,0.057001244
84.45627719,0.179660919,1.363569474,0.50384975,0.062822164
84.46091586,0.173117462,1.358634568,0.457880198,0.057551872
84.46555453,0.171501794,1.352000761,0.479512928,0.055349362
84.4701932,0.176833499,1.350140059,0.52277839,0.059439737
84.47483187,0.176914283,1.348279357,0.470499291,0.061720909
84.47947054,0.170693959,1.342292751,0.470499291,0.055742667
84.48410921,0.171824927,1.339056748,0.493934749,0.055664006
84.48874788,0.178287601,1.340593849,0.518271571,0.062114214
84.49338655,0.173763729,1.337519646,0.458781561,0.058810449
84.49802522,0.170047692,1.332584741,0.481315656,0.055192039
84.50266389,0.17473313,1.33161394,0.518271571,0.058102499
84.50730256,0.17756055,1.332827441,0.48942793,0.062428858
84.51194123,0.170855526,1.328782437,0.469597927,0.056135972
84.5165799,0.171017093,1.325546433,0.48942793,0.055113378
84.52121857,0.177398983,1.326274534,0.5299893,0.061170281
84.52585724,0.174409997,1.325222833,0.461485653,0.060619654
84.53049591,0.169886125,1.319398027,0.477710201,0.055192039
84.53513458,0.172713545,1.316647424,0.506553842,0.056607939
84.53977325,0.177641334,1.317294625,0.502948387,0.062350197
84.54441192,0.171259443,1.31276422,0.459682925,0.057237227
84.54905059,0.169805342,1.308314715,0.479512928,0.054956056
84.55368926,0.175540965,1.308233815,0.523679754,0.059675721
84.55832793,0.175217831,1.308395615,0.467795199,0.061248942
84.5629666,0.169482208,1.30329891,0.470499291,0.055585345
84.56760527,0.170693959,1.299415706,0.493033385,0.055899989
84.57224394,0.176833499,1.300467407,0.513764752,0.062350197
84.57688261,0.17166336,1.298040404,0.454274742,0.058967771
84.58152128,0.168512807,1.293429099,0.476808837,0.055113378
84.58615995,0.173036679,1.293348199,0.513764752,0.058810449
84.59079862,0.175298614,1.294885301,0.481315656,0.062664841
84.59543729,0.168916724,1.291325697,0.464189744,0.056450617
84.60007596,0.169078291,1.288413294,0.484921111,0.055034717
84.60471463,0.175783315,1.290031296,0.524581117,0.061406264
84.6093533,0.172551978,1.289060495,0.458781561,0.059833043
84.61399197,0.167947323,1.285177291,0.477710201,0.054956056
84.61863064,0.171744144,1.285986291,0.507455206,0.057158566
84.62326931,0.176268015,1.289464995,0.500244295,0.062743503
84.62790798,0.169643775,1.287037993,0.460584289,0.057237227
84.63254665,0.16810889,1.284044689,0.481315656,0.055192039
84.63718532,0.174167646,1.28509639,0.524581117,0.060147687
84.64182399,0.173602163,1.285986291,0.466893835,0.061563586
84.64646266,0.168432024,1.281860387,0.472302018,0.055428023
84.65110133,0.169482208,1.279756985,0.495737476,0.055899989
84.65574,0.175864098,1.282588488,0.512863388,0.062271536
84.66037867,0.170290042,1.280646886,0.45607747,0.058259821
84.66501734,0.167381839,1.277087282,0.478611565,0.054562751
84.66965601,0.172067278,1.277006382,0.516468843,0.058574466
84.67429468,0.17424843,1.278867084,0.479512928,0.062192875
84.67893335,0.167947323,1.275954681,0.465091108,0.056135972
84.68357202,0.168189673,1.274255779,0.485822475,0.055192039
84.68821069,0.174571564,1.277006382,0.524581117,0.061327603
84.69284936,0.171259443,1.277329982,0.458781561,0.059518399
84.69748803,0.16762419,1.274660279,0.478611565,0.054798734
84.7021267,0.17117866,1.27530748,0.511060661,0.056843922
84.70676537,0.175460181,1.279190684,0.500244295,0.062350197
84.71140404,0.169239858,1.279190684,0.465091108,0.056765261
84.71604271,0.16810889,1.278381683,0.485822475,0.054877395
84.72068138,0.174571564,1.281455887,0.529087936,0.059990365
84.72532005,0.173925296,1.283801989,0.469597927,0.060855637
84.72995872,0.16835124,1.282507588,0.477710201,0.055192039
84.73459739,0.170693959,1.283963789,0.502047023,0.056135972
84.73923606,0.177398983,1.289788595,0.516468843,0.062271536
84.74387473,0.171824927,1.290273996,0.461485653,0.058102499
84.7485134,0.169643775,1.289303195,0.483118383,0.054562751
84.75315207,0.174894697,1.292134698,0.52277839,0.058417143
84.75779074,0.176429582,1.294966201,0.48221702,0.062114214
84.76242941,0.169966909,1.292700999,0.471400654,0.055742667
84.76706808,0.170128476,1.292377398,0.492132021,0.0552707
84.77170675,0.17707585,1.296098802,0.528186573,0.061484925
84.77634542,0.172713545,1.295937002,0.461485653,0.05959706
84.78098409,0.169239858,1.292700999,0.480414292,0.055192039
84.78562276,0.172713545,1.292943699,0.513764752,0.057473211
84.79026143,0.176914283,1.296341502,0.49663884,0.062900825
84.7949001,0.170209259,1.293429099,0.464189744,0.057001244
84.79953877,0.169562992,1.291163897,0.484921111,0.054956056
84.80417744,0.176348799,1.2938336,0.528186573,0.060226348
84.80881611,0.17473313,1.295208901,0.466893835,0.060934298
84.81345478,0.169482208,1.292377398,0.477710201,0.055506684
84.81809345,0.171905711,1.292215598,0.502948387,0.056450617
84.82273212,0.177156633,1.294723501,0.513764752,0.062428858
84.82737079,0.171017093,1.292215598,0.460584289,0.058023838
84.83200946,0.169078291,1.288736894,0.48221702,0.054956056
84.83664813,0.174571564,1.289626795,0.52277839,0.05888911
84.8412868,0.175540965,1.290921197,0.479512928,0.061563586
84.84592547,0.169562992,1.287118893,0.471400654,0.055821328
84.85056414,0.169966909,1.28501549,0.491230657,0.055113378
84.85520281,0.176591149,1.288170594,0.524581117,0.061563586
84.85984148,0.172632762,1.287766093,0.459682925,0.059361076
84.86448015,0.168755157,1.28420649,0.481315656,0.054877395
84.86911882,0.172794328,1.28453009,0.514666116,0.057473211
84.87375749,0.176348799,1.287442493,0.494836113,0.062428858
84.87839616,0.169966909,1.284044689,0.465091108,0.056843922
84.88303483,0.169482208,1.282183987,0.485822475,0.0552707
84.8876735,0.175702531,1.284125589,0.529087936,0.060540992
84.89231217,0.174167646,1.285177291,0.465091108,0.060619654
84.89695084,0.168835941,1.281698587,0.478611565,0.054877395
84.90158951,0.170855526,1.280485086,0.504751114,0.056135972
84.90622818,0.176591149,1.283397489,0.512863388,0.062428858
84.91086685,0.171017093,1.282992988,0.464189744,0.057709194
84.91550552,0.168674374,1.279999685,0.488526566,0.054956056
84.92014419,0.174167646,1.281294086,0.5299893,0.059203754
84.92478286,0.175056264,1.28485369,0.483118383,0.062114214
84.92942153,0.169159074,1.281536787,0.478611565,0.055821328
84.9340602,0.169966909,1.280323285,0.500244295,0.055742667
84.93869887,0.176995066,1.283640189,0.530890664,0.062035553
84.94333754,0.172551978,1.283154788,0.469597927,0.059282415
84.94797621,0.168755157,1.279595185,0.491230657,0.055113378
84.95261488,0.172632762,1.279514285,0.526383845,0.057787855
84.95725355,0.176187232,1.282183987,0.50384975,0.062664841
84.96189222,0.169562992,1.278947984,0.478611565,0.056529278
84.96653089,0.169320641,1.277329982,0.499342932,0.055349362
84.97116956,0.175460181,1.280080585,0.540805665,0.060855637
84.97580823,0.173602163,1.280970486,0.475006109,0.060698315
84.9804469,0.168755157,1.277572682,0.490329294,0.055585345
84.98508557,0.171340227,1.277329982,0.517370207,0.056607939
84.98972424,0.176914283,1.281051386,0.520975662,0.062664841
84.99436291,0.170370826,1.279109784,0.470499291,0.057945177
84.99900158,0.168512807,1.276440081,0.491230657,0.055113378
85.00364025,0.173925296,1.278219883,0.533594755,0.059361076
85.00827892,0.17449078,1.279918785,0.481315656,0.061956892
85.01291759,0.168512807,1.276682782,0.477710201,0.055742667
85.01755626,0.169805342,1.27546928,0.498441568,0.055899989
85.02219493,0.176187232,1.279433384,0.524581117,0.062114214
85.0268336,0.171017093,1.279190684,0.461485653,0.058810449
85.03147227,0.167947323,1.277006382,0.48221702,0.054956056
85.03611094,0.172309628,1.277168182,0.517370207,0.058102499
85.04074961,0.175379398,1.280323285,0.491230657,0.062507519
85.04538828,0.168997508,1.278705284,0.467795199,0.056450617
85.05002695,0.168674374,1.276844582,0.487625202,0.055349362
85.05466562,0.175621748,1.280485086,0.5299893,0.061248942
85.05930429,0.172471195,1.281941287,0.464189744,0.060462331
85.06394296,0.16835124,1.280161485,0.479512928,0.055113378
85.06858163,0.171017093,1.280808686,0.508356569,0.0566866
85.0732203,0.176752716,1.285419991,0.508356569,0.06258618
85.07785897,0.170128476,1.283721089,0.46328838,0.057866516
85.08249764,0.168593591,1.282507588,0.484921111,0.055034717
85.08713631,0.17449078,1.28509639,0.528186573,0.059361076
85.09177498,0.174813914,1.287766093,0.475907473,0.061878231
85.09641365,0.168997508,1.285500891,0.477710201,0.05597865
85.10105232,0.170613176,1.285905391,0.499342932,0.055899989
85.10569099,0.177156633,1.290112196,0.524581117,0.062271536
85.11032966,0.172067278,1.291002097,0.462387016,0.059282415
85.11496833,0.169239858,1.289950396,0.484921111,0.055506684
85.119607,0.17400608,1.292700999,0.521877026,0.058259821
85.12424567,0.176752716,1.296988703,0.490329294,0.062271536
85.12888434,0.169966909,1.294885301,0.469597927,0.056529278
85.13352301,0.170128476,1.2944808,0.488526566,0.055742667
85.13816168,0.176995066,1.299011205,0.530890664,0.061484925
85.14280035,0.173763729,1.301438208,0.465091108,0.06038367
85.14743902,0.169562992,1.302328109,0.484921111,0.055585345
85.15207769,0.171905711,1.305968613,0.51556748,0.057237227
85.15671636,0.177156633,1.313815921,0.513764752,0.063058147
85.16135503,0.17117866,1.316323824,0.472302018,0.057787855
85.1659937,0.169966909,1.318346326,0.493934749,0.055192039
85.17063237,0.175944882,1.324575632,0.538101574,0.059911704
85.17527104,0.175864098,1.329915038,0.483118383,0.061956892
85.17990971,0.170613176,1.330804939,0.485822475,0.055506684
85.18454838,0.171986494,1.332989241,0.510159297,0.056057311
85.18918705,0.178529951,1.340189349,0.5299893,0.062271536
85.19382572,0.173117462,1.342211851,0.471400654,0.058259821
85.19846439,0.170370826,1.34132195,0.493033385,0.055034717
85.20310306,0.175460181,1.343829853,0.529087936,0.058338482
85.20774173,0.177964467,1.347632157,0.494836113,0.062114214
85.2123804,0.171744144,1.346742256,0.477710201,0.056214633
85.21701907,0.171905711,1.346661356,0.497540204,0.055428023
85.22165774,0.178933868,1.35111086,0.53720021,0.061642248
85.22629641,0.175621748,1.353052463,0.469597927,0.059911704
85.23093508,0.171340227,1.352809762,0.488526566,0.055034717
85.23557375,0.174652347,1.355398565,0.519172935,0.057001244
85.24021242,0.179257002,1.358310968,0.510159297,0.062900825
85.24485109,0.173117462,1.354913165,0.469597927,0.057237227
85.24948976,0.171501794,1.352405262,0.491230657,0.0552707
85.25412843,0.178045251,1.354670464,0.534496119,0.060226348
85.2587671,0.177479767,1.355803065,0.476808837,0.061484925
85.26340577,0.172067278,1.352728862,0.48221702,0.055428023
85.26804444,0.173602163,1.351838961,0.505652478,0.056371956
85.27268311,0.179741702,1.354185064,0.52277839,0.062350197
85.27732178,0.17424843,1.352324362,0.465091108,0.058495805
85.28196045,0.172067278,1.348198457,0.486723839,0.055113378
85.28659912,0.177237416,1.348198457,0.524581117,0.058967771
85.29123779,0.178287601,1.349654659,0.487625202,0.062428858
85.29587646,0.172390411,1.347065856,0.474104746,0.056293294
85.30051513,0.172955895,1.345609655,0.493033385,0.055821328
85.3051538,0.179337785,1.347470357,0.5299893,0.062114214
85.30979247,0.175621748,1.346256855,0.464189744,0.059990365
85.31443114,0.171340227,1.341807351,0.484019747,0.0552707
85.31906981,0.174894697,1.341726451,0.514666116,0.057551872
85.32370848,0.179176218,1.344962454,0.502948387,0.062979486
85.32834715,0.172713545,1.343425352,0.467795199,0.057237227
85.33298582,0.171501794,1.34116015,0.486723839,0.055664006
85.33762449,0.177964467,1.343668053,0.530890664,0.060776976
85.34226316,0.176591149,1.344638854,0.471400654,0.061484925
85.34690183,0.171582577,1.34164555,0.480414292,0.055821328
85.3515405,0.173925296,1.34124105,0.505652478,0.056529278
85.35617917,0.179741702,1.345043354,0.520074299,0.062900825
85.36081784,0.174086863,1.343506252,0.465091108,0.058574466
85.36545651,0.171744144,1.339865749,0.486723839,0.055192039
85.37009518,0.176752716,1.34107925,0.526383845,0.058967771
85.37473385,0.177964467,1.343263552,0.485822475,0.062507519
85.37937252,0.17166336,1.340351149,0.474104746,0.056293294
85.38401119,0.172067278,1.338894948,0.493934749,0.055664006
85.38864986,0.178933868,1.34116015,0.528186573,0.061956892
85.39328853,0.174975481,1.340027549,0.46328838,0.059833043
85.3979272,0.171259443,1.336063445,0.483118383,0.055349362
85.40256587,0.175056264,1.335658944,0.513764752,0.057709194
85.40720454,0.178610735,1.337600546,0.497540204,0.062900825
85.41184321,0.171744144,1.332989241,0.464189744,0.057001244
85.41648188,0.171097877,1.327973436,0.484019747,0.055192039
85.42112055,0.177641334,1.328701537,0.526383845,0.060698315
85.42575922,0.175864098,1.328216136,0.464189744,0.06109162
85.43039789,0.170451609,1.32239133,0.474104746,0.055664006
85.43503656,0.172713545,1.320449728,0.498441568,0.056607939
85.43967523,0.178368384,1.32206773,0.508356569,0.062979486
85.4443139,0.172551978,1.317941825,0.45607747,0.058259821
85.44895257,0.170209259,1.31308782,0.478611565,0.055113378
85.45359124,0.175702531,1.31292602,0.519172935,0.059203754
85.45822991,0.176591149,1.31324962,0.475006109,0.062507519
85.46286858,0.170774743,1.309204616,0.467795199,0.056135972
85.46750725,0.171017093,1.306615813,0.488526566,0.055899989
85.47214592,0.1778029,1.307748414,0.520074299,0.062114214
85.47678459,0.173602163,1.306777613,0.457880198,0.059361076
85.48142326,0.170209259,1.30346071,0.478611565,0.055113378
85.48606193,0.173602163,1.302732609,0.512863388,0.057630533
85.4907006,0.1773182,1.305321412,0.493033385,0.062743503
85.49533927,0.17117866,1.301923608,0.46328838,0.056765261
85.49997794,0.170290042,1.298525805,0.483118383,0.055113378
85.50461661,0.176510366,1.300062906,0.525482481,0.060934298
85.50925528,0.174652347,1.299496606,0.461485653,0.061170281
85.51389395,0.169320641,1.296098802,0.473203382,0.055349362
85.51853262,0.17142101,1.2939145,0.500244295,0.056765261
85.52317129,0.176995066,1.296260602,0.505652478,0.062900825
85.52780996,0.171097877,1.2940763,0.45607747,0.058259821
85.53244863,0.168997508,1.289626795,0.476808837,0.055428023
85.5370873,0.173925296,1.289788595,0.518271571,0.059282415
85.54172597,0.174975481,1.291487497,0.471400654,0.062114214
85.54636464,0.168997508,1.288089694,0.467795199,0.056057311
85.55100331,0.169886125,1.286309892,0.488526566,0.055899989
85.55564198,0.176268015,1.288736894,0.519172935,0.062271536
85.56028065,0.17142101,1.288413294,0.45607747,0.059439737
85.56491932,0.16810889,1.285339091,0.478611565,0.054956056
85.56955799,0.172148061,1.286228992,0.514666116,0.057787855
85.57419666,0.175621748,1.289545895,0.490329294,0.06258618
85.57883533,0.168997508,1.287523393,0.465091108,0.056607939
85.583474,0.168916724,1.285986291,0.484921111,0.0552707
85.58811267,0.174975481,1.288170594,0.527285209,0.060934298
85.59275134,0.172228844,1.288655994,0.461485653,0.060540992
85.59739001,0.167947323,1.285743591,0.476808837,0.055113378
85.60202868,0.170451609,1.28477279,0.50384975,0.056450617
85.60666735,0.175702531,1.288575094,0.505652478,0.062822164
85.61130602,0.169562992,1.287037993,0.457880198,0.057787855
85.61594469,0.167301056,1.284044689,0.480414292,0.054956056
85.62058336,0.172955895,1.285824491,0.52277839,0.059518399
85.62522203,0.173440596,1.288575094,0.472302018,0.06179957
85.6298607,0.167704973,1.286552592,0.471400654,0.055585345
85.63449937,0.168997508,1.285905391,0.493934749,0.055899989
85.63913804,0.175783315,1.290354896,0.521877026,0.062114214
85.64377671,0.170855526,1.291244797,0.460584289,0.059125093
85.64841538,0.167785756,1.290678496,0.484019747,0.055113378
85.65305405,0.172794328,1.293590899,0.520975662,0.057945177
85.65769272,0.175702531,1.298364005,0.493934749,0.06258618
85.66233139,0.169078291,1.298040404,0.472302018,0.056529278
85.66697006,0.168997508,1.298606705,0.493033385,0.055349362
85.67160873,0.176106449,1.30305621,0.535397483,0.061170281
85.6762474,0.173682946,1.305806812,0.468696563,0.060776976
85.68088607,0.169562992,1.304997812,0.484921111,0.055585345
85.68552474,0.172551978,1.306292213,0.512863388,0.057079905
85.69016341,0.177964467,1.309770917,0.511060661,0.062743503
85.69480208,0.171824927,1.307505714,0.465091108,0.057551872
85.69944075,0.170290042,1.305321412,0.484921111,0.055506684
85.70407942,0.176106449,1.306534913,0.526383845,0.059990365
85.70871809,0.176106449,1.307182114,0.472302018,0.062114214
85.71335676,0.170370826,1.30362251,0.472302018,0.056057311
85.71799543,0.171340227,1.301842708,0.494836113,0.0566866
85.7226341,0.177398983,1.304269711,0.519172935,0.062900825
85.72727277,0.172713545,1.302894409,0.459682925,0.059518399
85.73191144,0.169724558,1.300386507,0.48221702,0.055428023
85.73655011,0.174329213,1.302247209,0.519172935,0.058810449
85.74118878,0.176995066,1.304593311,0.487625202,0.062979486
85.74582745,0.170774743,1.302247209,0.468696563,0.056843922
85.75046612,0.170370826,1.300305607,0.488526566,0.055585345
85.75510479,0.176995066,1.30370341,0.529087936,0.061642248
85.75974346,0.17424843,1.304674211,0.462387016,0.060540992
85.76438213,0.169724558,1.302328109,0.481315656,0.055585345
85.7690208,0.172955895,1.30329891,0.511060661,0.057709194
85.77365947,0.177964467,1.307748414,0.507455206,0.063530113
85.77829814,0.17166336,1.306858514,0.466893835,0.057551872
85.78293681,0.170128476,1.305564112,0.487625202,0.055428023
85.78757548,0.175621748,1.307020314,0.5299893,0.060226348
85.79221415,0.175540965,1.307991115,0.473203382,0.061956892
85.79685282,0.170209259,1.304997812,0.476808837,0.05597865
85.80149149,0.172067278,1.30337981,0.498441568,0.056450617
85.80613016,0.178126034,1.306615813,0.518271571,0.062900825
85.81076883,0.172713545,1.305240512,0.458781561,0.059125093
85.8154075,0.170370826,1.302813509,0.480414292,0.055742667
85.82004617,0.174409997,1.30305621,0.518271571,0.058967771
85.82468484,0.176833499,1.306292213,0.484019747,0.062743503
85.82932351,0.170613176,1.304027011,0.468696563,0.056529278
85.83396218,0.170774743,1.302894409,0.48942793,0.055742667
85.83860085,0.1778029,1.305887713,0.528186573,0.061642248
85.84323952,0.17400608,1.306615813,0.461485653,0.06038367
85.84787819,0.170290042,1.304431511,0.480414292,0.055664006
85.85251686,0.173117462,1.304188811,0.511060661,0.057394549
85.85715553,0.177641334,1.306292213,0.502948387,0.063058147
85.8617942,0.17142101,1.30329891,0.462387016,0.057630533
85.86643287,0.170209259,1.300062906,0.483118383,0.055585345
85.87107154,0.176106449,1.301195508,0.526383845,0.060540992
85.87571021,0.175137048,1.301114607,0.466893835,0.061642248
85.88034888,0.169401425,1.295937002,0.473203382,0.055821328
85.88498755,0.170855526,1.293429099,0.495737476,0.056529278
85.88962622,0.176833499,1.294642601,0.511060661,0.062822164
85.89426489,0.17117866,1.291163897,0.454274742,0.058967771
85.89890356,0.168755157,1.286471692,0.476808837,0.055506684
85.90354223,0.173440596,1.285500891,0.51556748,0.058810449
85.9081809,0.175540965,1.286876192,0.477710201,0.06258618
85.91281957,0.168997508,1.282912088,0.465091108,0.056293294
85.91745824,0.169239858,1.279756985,0.484921111,0.055585345
85.92209691,0.175379398,1.281779487,0.523679754,0.061720909
85.92673558,0.171905711,1.282264887,0.457880198,0.060069026
85.93137425,0.16786654,1.279837885,0.478611565,0.055428023
85.93601292,0.171744144,1.280565986,0.511962024,0.057315888
85.94065159,0.175540965,1.28420649,0.499342932,0.062900825
85.94529026,0.169562992,1.282750288,0.464189744,0.057237227
85.94992893,0.168189673,1.282507588,0.486723839,0.055506684
85.9545676,0.17449078,1.288817794,0.534496119,0.060540992
85.95920627,0.173198245,1.295856102,0.476808837,0.061327603
85.96384494,0.16786654,1.298849405,0.487625202,0.055585345
85.96848361,0.170128476,1.302004508,0.512863388,0.056371956
85.97312228,0.176025665,1.308557415,0.525482481,0.062664841
85.97776095,0.170290042,1.308961916,0.469597927,0.058417143
85.98239962,0.168028107,1.306939414,0.488526566,0.055349362
85.98703829,0.173359812,1.307343914,0.526383845,0.059361076
85.99167696,0.174813914,1.308800116,0.481315656,0.06258618
85.99631563,0.168755157,1.304836011,0.470499291,0.056450617
86.0009543,0.169239858,1.301842708,0.48942793,0.055742667
86.00559297,0.175944882,1.302247209,0.523679754,0.062428858
86.01023164,0.171986494,1.300791007,0.457880198,0.06038367
86.01487031,0.168028107,1.296260602,0.476808837,0.056057311
86.01950898,0.171986494,1.295532502,0.509257933,0.058259821
86.02414765,0.175783315,1.296179702,0.493934749,0.063058147
86.02878632,0.169239858,1.292781899,0.461485653,0.057158566
86.03342499,0.168512807,1.289707695,0.48221702,0.055428023
86.03806366,0.174652347,1.290921197,0.525482481,0.060776976
86.04270233,0.172794328,1.290921197,0.461485653,0.061484925
86.047341,0.168028107,1.287442493,0.473203382,0.055664006
86.05197967,0.170290042,1.285177291,0.498441568,0.056450617
86.05661834,0.175540965,1.287604293,0.507455206,0.062822164
86.06125701,0.169643775,1.285743591,0.45607747,0.058259821
86.06589568,0.167543406,1.282103087,0.477710201,0.0552707
86.07053435,0.173440596,1.284125589,0.520074299,0.059361076
86.07517302,0.174652347,1.286228992,0.475907473,0.062271536
86.07981169,0.168593591,1.283397489,0.468696563,0.056135972
86.08445036,0.168916724,1.283073888,0.490329294,0.056135972
86.08908903,0.176025665,1.287442493,0.523679754,0.062271536
86.0937277,0.171501794,1.287846993,0.459682925,0.059675721
86.09836637,0.168512807,1.288008794,0.48221702,0.055192039
86.10300504,0.172713545,1.291325697,0.518271571,0.057787855
86.10764371,0.176510366,1.297959504,0.501145659,0.062979486
86.11228238,0.170128476,1.302166309,0.476808837,0.056843922
86.11692105,0.169805342,1.308476515,0.501145659,0.055349362
86.12155972,0.177156633,1.319802527,0.548016576,0.061012959
86.12619839,0.176106449,1.330076838,0.488526566,0.060855637
86.13083706,0.171905711,1.337600546,0.506553842,0.055506684
86.13547573,0.175298614,1.345852355,0.533594755,0.056607939
86.1401144,0.181922855,1.358634568,0.540805665,0.06258618
86.14475307,0.176752716,1.367371778,0.497540204,0.058023838
86.14939174,0.176510366,1.382419194,0.528186573,0.055428023
86.15403041,0.184588708,1.411866825,0.590380673,0.059754382
86.15866908,0.190566681,1.455067471,0.568747943,0.062192875
86.16330775,0.190243547,1.496569215,0.584972491,0.056135972
86.16794642,0.196383087,1.541630563,0.620125678,0.056450617
86.17258509,0.207208065,1.589685214,0.654377502,0.062743503
86.17722376,0.204865346,1.621802548,0.583169763,0.059911704
86.18186243,0.20211871,1.635312862,0.584972491,0.056135972
86.1865011,0.206884931,1.641056768,0.600295675,0.05888911
86.19113977,0.209470001,1.641865769,0.557030214,0.063530113
86.19577844,0.202280276,1.631429658,0.516468843,0.057394549
86.20041711,0.201230092,1.619780045,0.523679754,0.055742667
86.20505578,0.206642581,1.611447337,0.557030214,0.061642248
86.20969445,0.203249677,1.600525825,0.484921111,0.061248942
86.21433312,0.197190921,1.585802009,0.493934749,0.056293294
86.21897179,0.198725806,1.573747897,0.518271571,0.057630533
86.22361046,0.203572811,1.565657888,0.518271571,0.063530113
86.22824913,0.196383087,1.552390274,0.468696563,0.058417143
86.2328878,0.193313317,1.53896086,0.488526566,0.056057311
86.23752647,0.197998755,1.52998095,0.529087936,0.06038367
86.24216514,0.197514055,1.521971842,0.476808837,0.06258618
86.24680381,0.190566681,1.508704228,0.475006109,0.056371956
86.25144248,0.190809031,1.498106316,0.495737476,0.056765261
86.25608115,0.196625437,1.49252421,0.521877026,0.062743503
86.26071982,0.190809031,1.4826544,0.458781561,0.059990365
86.26535849,0.18676986,1.471651988,0.481315656,0.055664006
86.26999716,0.190485897,1.465179981,0.519172935,0.058810449
86.27463583,0.192667049,1.462510279,0.493934749,0.062822164
86.2792745,0.186123593,1.455148371,0.476808837,0.056922583
86.28391317,0.185315758,1.448838164,0.497540204,0.055742667
86.28855184,0.191616865,1.446411162,0.539904302,0.061563586
86.29319051,0.188304745,1.442204357,0.472302018,0.060776976
86.29782918,0.182973039,1.43516605,0.48942793,0.055664006
86.30246785,0.185315758,1.429503044,0.520975662,0.057473211
86.30710652,0.18983963,1.427804142,0.520074299,0.063372791
86.31174519,0.18345774,1.421736635,0.475907473,0.057787855
86.31638386,0.181276587,1.414374728,0.494836113,0.055506684
86.32102253,0.186850643,1.411624125,0.535397483,0.060462331
86.3256612,0.186204376,1.409925223,0.481315656,0.062428858
86.33029987,0.180468753,1.404504917,0.483118383,0.056057311
86.33493854,0.180953454,1.400702613,0.504751114,0.056371956
86.33957721,0.18676986,1.400702613,0.527285209,0.062743503
86.34421588,0.181438154,1.395525008,0.46328838,0.059439737
86.34885455,0.178045251,1.3881631,0.483118383,0.055506684
86.35349322,0.182003638,1.384522596,0.518271571,0.058731788
86.35813189,0.183861657,1.381448393,0.484921111,0.062507519
86.36277056,0.1773182,1.373115684,0.464189744,0.056214633
86.36740923,0.176752716,1.365672876,0.48221702,0.055742667
86.3720479,0.182488339,1.363488574,0.521877026,0.061484925
86.37668657,0.179580136,1.359605369,0.455176106,0.06038367
86.38132524,0.175137048,1.352081662,0.472302018,0.055349362
86.38596391,0.177641334,1.347146756,0.500244295,0.057473211
86.39060258,0.182003638,1.345690555,0.495737476,0.06258618
86.39524125,0.175056264,1.339784848,0.455176106,0.057237227
86.39987992,0.173844513,1.333960042,0.475006109,0.055113378
86.40451859,0.179257002,1.33201844,0.519172935,0.059833043
86.40915726,0.178287601,1.330076838,0.46328838,0.061327603
86.41379593,0.171986494,1.323523931,0.467795199,0.055664006
86.4184346,0.173602163,1.319721627,0.490329294,0.056135972
86.42307327,0.179660919,1.319236227,0.509257933,0.062743503
86.42771194,0.173925296,1.315029422,0.450669287,0.058967771
86.43235061,0.171017093,1.309528216,0.473203382,0.0552707
86.43698928,0.175702531,1.307343914,0.511060661,0.058574466
86.44162795,0.177883684,1.307829315,0.475907473,0.06258618
86.44626662,0.17117866,1.302570809,0.461485653,0.056293294
86.45090529,0.171017093,1.298687605,0.480414292,0.055821328
86.45554396,0.1773182,1.299901106,0.519172935,0.061720909
86.46018263,0.174329213,1.298040404,0.453373379,0.060226348
86.4648213,0.169805342,1.293105499,0.473203382,0.055506684
86.46945997,0.173117462,1.291730198,0.502948387,0.057551872
86.47409864,0.177722117,1.2944808,0.494836113,0.063058147
86.47873731,0.171259443,1.290597596,0.456978834,0.057473211
86.48337598,0.169724558,1.286633492,0.477710201,0.055349362
86.48801465,0.175460181,1.288332394,0.520975662,0.060540992
86.49265332,0.174652347,1.288413294,0.462387016,0.06179957
86.49729199,0.169401425,1.28444919,0.469597927,0.05597865
86.50193066,0.170774743,1.282669388,0.492132021,0.056529278
86.50656933,0.176833499,1.28461099,0.508356569,0.062822164
86.511208,0.171097877,1.282183987,0.452472015,0.058417143
86.51584667,0.168674374,1.277653583,0.474104746,0.055192039
86.52048534,0.173844513,1.277734483,0.513764752,0.058967771
86.52512401,0.175540965,1.279352484,0.475907473,0.062664841
86.52976268,0.168755157,1.27522658,0.46328838,0.056371956
86.53440135,0.169159074,1.272556877,0.483118383,0.056135972
86.53904002,0.176025665,1.276035581,0.519172935,0.062192875
86.54367869,0.171905711,1.276520981,0.454274742,0.059911704
86.54831736,0.167785756,1.273770378,0.475006109,0.055034717
86.55295603,0.17166336,1.27514568,0.507455206,0.057630533
86.5575947,0.175783315,1.279756985,0.495737476,0.062822164
86.56223337,0.169724558,1.279756985,0.46328838,0.056922583
86.56687204,0.168916724,1.279676085,0.484921111,0.0552707
86.57151071,0.175702531,1.283559289,0.529087936,0.060305009
86.57614938,0.174571564,1.287199793,0.466893835,0.061406264
86.58078805,0.169239858,1.285177291,0.475907473,0.055585345
86.58542672,0.171824927,1.28485369,0.499342932,0.0566866
86.59006539,0.177641334,1.287442493,0.511060661,0.062900825
86.59470406,0.17142101,1.285986291,0.45607747,0.058338482
86.59934273,0.168997508,1.282912088,0.477710201,0.055349362
86.6039814,0.17424843,1.283154788,0.517370207,0.059361076
86.60862007,0.175298614,1.283882889,0.475006109,0.062428858
86.61325874,0.169401425,1.280889586,0.465091108,0.056607939
86.61789741,0.169805342,1.278462583,0.484921111,0.055821328
86.62253608,0.176752716,1.280727786,0.518271571,0.062192875
86.62717475,0.172551978,1.279514285,0.454274742,0.059675721
86.63181342,0.168512807,1.27563108,0.474104746,0.0552707
86.63645209,0.172228844,1.27514568,0.506553842,0.057945177
86.64109076,0.176591149,1.277815383,0.488526566,0.063215469
86.64572943,0.169401425,1.27498388,0.457880198,0.057237227
86.6503681,0.168593591,1.272718677,0.478611565,0.055899989
86.65500677,0.175056264,1.27498388,0.523679754,0.061012959
86.65964544,0.173279029,1.275792881,0.461485653,0.061406264
86.66428411,0.168270457,1.273284978,0.473203382,0.055664006
86.66892278,0.170370826,1.272395077,0.500244295,0.056529278
86.67356145,0.176106449,1.276763682,0.510159297,0.062822164
86.67820012,0.170209259,1.276116481,0.458781561,0.058102499
86.68283879,0.168028107,1.274498479,0.481315656,0.055428023
86.68747746,0.173602163,1.277249082,0.523679754,0.059361076
86.69211613,0.17449078,1.282022187,0.479512928,0.062271536
86.6967548,0.168755157,1.283882889,0.478611565,0.05597865
86.70139347,0.168997508,1.289464995,0.506553842,0.056135972
86.70603214,0.175137048,1.301761808,0.542608393,0.062271536
86.71067081,0.17093631,1.311712519,0.481315656,0.059754382
86.71530948,0.16786654,1.317375525,0.502047023,0.055585345
86.71994815,0.171986494,1.322876731,0.531792028,0.058102499
86.72458682,0.175379398,1.326193634,0.504751114,0.063136808
86.72922549,0.16810889,1.32239133,0.471400654,0.056765261
86.73386416,0.167381839,1.317780025,0.488526566,0.055428023
86.73850283,0.174329213,1.317941825,0.529087936,0.060698315
86.7431415,0.172148061,1.316647424,0.462387016,0.060934298
86.74778017,0.16762419,1.310822618,0.475006109,0.055506684
86.75241884,0.169966909,1.306939414,0.500244295,0.056765261
86.75705751,0.175137048,1.307505714,0.50384975,0.063136808
86.76169618,0.169401425,1.304027011,0.454274742,0.058259821
86.76633485,0.167543406,1.299982006,0.476808837,0.055349362
86.77097352,0.173117462,1.299415706,0.519172935,0.059439737
86.77561219,0.173117462,1.299173005,0.470499291,0.062114214
86.78025086,0.167220272,1.2943999,0.467795199,0.056293294
86.78488953,0.168512807,1.292539198,0.48942793,0.056057311
86.7895282,0.174894697,1.2942381,0.517370207,0.062507519
86.79416687,0.169643775,1.291811098,0.454274742,0.05959706
86.79880554,0.166574005,1.287846993,0.475907473,0.055428023
86.80344421,0.171259443,1.287118893,0.510159297,0.058259821
86.80808288,0.174086863,1.288170594,0.485822475,0.062822164
86.81272155,0.167704973,1.283882889,0.460584289,0.056765261
86.81736022,0.167381839,1.280485086,0.479512928,0.055585345
86.82199889,0.173925296,1.282264887,0.521877026,0.061248942
86.82663756,0.17166336,1.281617687,0.456978834,0.06109162
86.83127623,0.166654788,1.277168182,0.473203382,0.055664006
86.8359149,0.169320641,1.276035581,0.500244295,0.057079905
86.84055357,0.174813914,1.278624384,0.502047023,0.062900825
86.84519224,0.168916724,1.277087282,0.45607747,0.057709194
86.84983091,0.167220272,1.274498479,0.476808837,0.0552707
86.85446958,0.172955895,1.27538838,0.520074299,0.059911704
86.85910825,0.173036679,1.275954681,0.468696563,0.06179957
86.86374692,0.167139489,1.271990577,0.466893835,0.05597865
86.86838559,0.167785756,1.268916373,0.488526566,0.056135972
86.87302426,0.17449078,1.270857975,0.513764752,0.062507519
86.87766293,0.169724558,1.269078173,0.452472015,0.059125093
86.8823016,0.166654788,1.264385969,0.474104746,0.0552707
86.88694027,0.170693959,1.264305068,0.510159297,0.058417143
86.89157894,0.173925296,1.266408471,0.481315656,0.062979486
86.89621761,0.167381839,1.262525267,0.458781561,0.056765261
86.90085628,0.166977922,1.259531963,0.478611565,0.055428023
86.90549495,0.173602163,1.261635366,0.520074299,0.061170281
86.91013362,0.170855526,1.261473565,0.454274742,0.060698315
86.91477229,0.166493222,1.257913962,0.471400654,0.055742667
86.91941096,0.169562992,1.25670046,0.500244295,0.057237227
86.92404963,0.174652347,1.258561162,0.498441568,0.062979486
86.9286883,0.168028107,1.25621506,0.454274742,0.057866516
86.93332697,0.166574005,1.254273458,0.476808837,0.055428023
86.93796564,0.172875112,1.255648759,0.520074299,0.060147687
86.94260431,0.172390411,1.257428561,0.466893835,0.061878231
86.94724298,0.166574005,1.254839758,0.471400654,0.055821328
86.95188165,0.16835124,1.254677958,0.494836113,0.056135972
86.95652032,0.174329213,1.258642062,0.518271571,0.062350197
86.96115899,0.169401425,1.260340964,0.461485653,0.059125093
86.96579766,0.166735572,1.259774664,0.484921111,0.0552707
86.97043633,0.171744144,1.262363466,0.520975662,0.058731788
86.975075,0.174167646,1.264790469,0.486723839,0.062822164
86.97971367,0.167704973,1.261797166,0.465091108,0.0566866
86.98435234,0.167462623,1.258884763,0.484019747,0.055506684
86.98899101,0.174329213,1.259936464,0.523679754,0.061563586
86.99362968,0.17117866,1.259370163,0.45607747,0.060462331
86.99826835,0.167139489,1.254758858,0.472302018,0.055664006
87.00290702,0.169966909,1.252979056,0.501145659,0.057473211
87.00754569,0.175056264,1.255244259,0.495737476,0.063215469
87.01218436,0.168432024,1.252331856,0.454274742,0.057473211
87.01682303,0.167058706,1.249500353,0.475006109,0.055428023
87.0214617,0.173279029,1.251199255,0.517370207,0.060147687
87.02610037,0.172713545,1.251603755,0.461485653,0.06179957
87.03073904,0.167301056,1.248529552,0.465992472,0.056135972
87.03537771,0.168916724,1.24666885,0.48942793,0.056371956
87.04001638,0.175217831,1.249014952,0.509257933,0.062743503
87.04465505,0.169886125,1.247639651,0.451570651,0.05888911
87.04929372,0.167220272,1.244889048,0.473203382,0.055428023
87.05393239,0.171986494,1.245698049,0.511962024,0.058967771
87.05857106,0.174329213,1.24739695,0.476808837,0.062743503
87.06320973,0.167785756,1.244160947,0.461485653,0.056529278
87.0678484,0.168189673,1.241653044,0.481315656,0.055742667
87.07248707,0.174652347,1.243918247,0.520074299,0.061878231
87.07712574,0.170855526,1.244080047,0.453373379,0.060226348
87.08176441,0.167058706,1.241248544,0.471400654,0.055742667
87.08640308,0.170532393,1.241086744,0.502047023,0.057709194
87.09104175,0.175217831,1.243837347,0.492132021,0.063058147
87.09568042,0.168593591,1.241248544,0.454274742,0.057237227
87.10031909,0.167058706,1.238093441,0.474104746,0.055742667
87.10495776,0.173440596,1.240277743,0.518271571,0.060540992
87.10959643,0.172228844,1.241005844,0.460584289,0.061720909
87.1142351,0.166816355,1.238012541,0.467795199,0.055742667
87.11887377,0.169078291,1.23768894,0.491230657,0.056450617
87.12351244,0.17473313,1.241005844,0.508356569,0.062507519
87.12815111,0.169239858,1.239954143,0.452472015,0.058338482
87.13278978,0.166977922,1.23752714,0.475006109,0.055585345
87.13742845,0.171582577,1.238821541,0.513764752,0.05888911
87.14206712,0.172955895,1.241410344,0.475006109,0.06258618
87.14670579,0.166735572,1.239064242,0.462387016,0.056293294
87.15134446,0.167301056,1.238417041,0.483118383,0.056057311
87.15598313,0.174167646,1.241895745,0.521877026,0.062035553
87.1606218,0.170209259,1.242947446,0.457880198,0.060147687
87.16526047,0.166250871,1.240035043,0.476808837,0.055585345
87.16989914,0.169643775,1.240035043,0.506553842,0.057866516
87.17453781,0.17424843,1.242866546,0.493033385,0.063136808
87.17917648,0.16810889,1.239954143,0.457880198,0.057315888
87.18381515,0.166816355,1.23768894,0.475907473,0.055899989
87.18845382,0.173198245,1.239792342,0.520074299,0.060855637
87.19309249,0.172067278,1.241005844,0.459682925,0.061484925
87.19773116,0.166493222,1.23785074,0.469597927,0.055899989
87.20236983,0.168674374,1.23728444,0.493934749,0.056765261
87.2070085,0.174652347,1.240520443,0.506553842,0.063136808
87.21164717,0.168916724,1.239954143,0.454274742,0.058495805
87.21628584,0.166493222,1.23712264,0.476808837,0.055585345
87.22092451,0.172067278,1.238902441,0.516468843,0.059439737
87.22556318,0.173521379,1.242381145,0.475006109,0.06258618
87.23020185,0.167381839,1.240277743,0.465992472,0.056293294
87.23484052,0.16810889,1.239792342,0.486723839,0.056057311
87.23947919,0.174813914,1.243594646,0.520074299,0.062271536
87.24411786,0.170451609,1.243999147,0.45607747,0.059675721
87.24875653,0.167220272,1.241491244,0.475907473,0.055664006
87.2533952,0.17093631,1.241976645,0.508356569,0.05818116
87.25803387,0.17449078,1.244889048,0.490329294,0.062900825
87.26267254,0.16762419,1.241733944,0.457880198,0.057158566
87.26731121,0.167301056,1.239630542,0.476808837,0.055585345
87.27194988,0.173440596,1.241814845,0.520975662,0.060540992
87.27658855,0.171340227,1.242785646,0.458781561,0.060934298
87.28122722,0.166331655,1.239792342,0.470499291,0.055585345
87.28586589,0.168835941,1.239711442,0.49663884,0.056843922
87.29050456,0.174813914,1.243756447,0.504751114,0.062979486
87.29514323,0.168674374,1.242704746,0.454274742,0.058338482
87.2997819,0.166412438,1.239468742,0.475907473,0.055349362
87.30442057,0.172228844,1.241005844,0.516468843,0.059518399
87.30905924,0.172794328,1.242947446,0.471400654,0.062350197
87.31369791,0.166735572,1.239306942,0.465091108,0.056450617
87.31833658,0.167139489,1.23728444,0.485822475,0.056214633
87.32297525,0.17400608,1.241005844,0.518271571,0.062428858
87.32761392,0.169320641,1.240844044,0.454274742,0.059754382
87.33225259,0.166089305,1.238578841,0.475907473,0.055664006
87.33689126,0.169805342,1.239226042,0.509257933,0.058259821
87.34152993,0.173682946,1.243432846,0.487625202,0.063136808
87.3461686,0.167058706,1.240601343,0.459682925,0.057001244
87.35080727,0.166654788,1.239226042,0.479512928,0.055899989
87.35544594,0.173359812,1.242542945,0.52277839,0.061170281
87.36008461,0.170613176,1.243432846,0.456978834,0.061170281
87.36472328,0.165846954,1.240601343,0.470499291,0.055821328
87.36936195,0.168270457,1.240035043,0.49663884,0.057315888
87.37400062,0.173521379,1.243190146,0.501145659,0.063451452
87.37863929,0.167543406,1.241167644,0.451570651,0.05818116
87.38327796,0.165362254,1.238336141,0.473203382,0.055506684
87.38791663,0.171097877,1.239873243,0.514666116,0.060069026
87.3925553,0.17142101,1.242219345,0.466893835,0.062271536
87.39719397,0.165846954,1.239226042,0.465091108,0.055664006
87.40183264,0.166897139,1.23728444,0.484921111,0.055742667
87.40647131,0.173602163,1.240520443,0.512863388,0.062428858
87.41110998,0.168674374,1.240601343,0.450669287,0.059361076
87.41574865,0.16503912,1.23768894,0.472302018,0.055428023
87.42038732,0.169886125,1.238012541,0.506553842,0.058417143
87.42502599,0.172794328,1.240601343,0.481315656,0.062822164
87.42966466,0.166493222,1.23776984,0.45607747,0.057158566
87.43430333,0.166089305,1.236232739,0.475907473,0.055899989
87.438942,0.172148061,1.23793164,0.518271571,0.061248942
87.44358067,0.169805342,1.239226042,0.452472015,0.061012959
87.44821934,0.16528147,1.236070938,0.467795199,0.055664006
87.45285801,0.167704973,1.235181038,0.495737476,0.057315888
87.45749668,0.173440596,1.238740641,0.497540204,0.062743503
87.46213535,0.167220272,1.23728444,0.452472015,0.057709194
87.46677402,0.165362254,1.234857437,0.473203382,0.055349362
87.47141269,0.171259443,1.23736534,0.517370207,0.059439737
87.47605136,0.171340227,1.240277743,0.465992472,0.061878231
87.48069003,0.165604604,1.23785074,0.465992472,0.055506684
87.4853287,0.167139489,1.236799039,0.488526566,0.055742667
87.48996737,0.173844513,1.240924944,0.514666116,0.062035553
87.49460604,0.168997508,1.240358643,0.453373379,0.058495805
87.49924471,0.165604604,1.23712264,0.475006109,0.054720073
87.50388338,0.170613176,1.238336141,0.511060661,0.057787855
87.50852205,0.173036679,1.241005844,0.48221702,0.062350197
87.51316072,0.166816355,1.238497941,0.461485653,0.05597865
87.51779939,0.167139489,1.236556339,0.481315656,0.055034717
87.52243806,0.174086863,1.240277743,0.523679754,0.060934298
87.52707673,0.171017093,1.241491244,0.456978834,0.059911704
87.5317154,0.166816355,1.238012541,0.472302018,0.054877395
87.53635407,0.169966909,1.238174341,0.500244295,0.0566866
87.54099274,0.174813914,1.241410344,0.497540204,0.06258618
87.54563141,0.168916724,1.239387842,0.453373379,0.057158566
87.55027008,0.167220272,1.236475439,0.474104746,0.055192039
87.55490875,0.173198245,1.238012541,0.517370207,0.059675721
87.55954742,0.173117462,1.240277743,0.46328838,0.061484925
87.56418609,0.167543406,1.23712264,0.465091108,0.055585345
87.56882476,0.169401425,1.236232739,0.487625202,0.055899989
87.57346343,0.175864098,1.238983342,0.510159297,0.062114214
87.5781021,0.170290042,1.23768894,0.450669287,0.058731788
87.58274077,0.167301056,1.234210236,0.473203382,0.055034717
87.58737944,0.172067278,1.234372037,0.510159297,0.058338482
87.59201811,0.174652347,1.23720354,0.477710201,0.06258618
87.59665678,0.167704973,1.234372037,0.459682925,0.056135972
87.60129545,0.168432024,1.232996735,0.479512928,0.0552707
87.60593412,0.175379398,1.235747338,0.520074299,0.061012959
87.61057279,0.172067278,1.23728444,0.455176106,0.059990365
87.61521146,0.167301056,1.236232739,0.473203382,0.0552707
87.61985013,0.170774743,1.23744624,0.50384975,0.057237227
87.6244888,0.175783315,1.242057545,0.497540204,0.062743503
87.62912747,0.169482208,1.240844044,0.45607747,0.057315888
87.63376614,0.167785756,1.239064242,0.475907473,0.0552707
87.63840481,0.173521379,1.240196843,0.518271571,0.060147687
87.64304348,0.172875112,1.241572144,0.460584289,0.061327603
87.64768215,0.167301056,1.23793164,0.465091108,0.055585345
87.65232082,0.169078291,1.236637239,0.487625202,0.05597865
87.65695949,0.175540965,1.240035043,0.506553842,0.062428858
87.66159816,0.169966909,1.239145142,0.449767924,0.058810449
87.66623683,0.167381839,1.236556339,0.472302018,0.054956056
87.6708755,0.172148061,1.23752714,0.510159297,0.058653127
87.67551417,0.17400608,1.239954143,0.474104746,0.062428858
87.68015284,0.167381839,1.23752714,0.458781561,0.056214633
87.68479151,0.167543406,1.235504638,0.479512928,0.055585345
87.68943018,0.173925296,1.238012541,0.516468843,0.061720909
87.69406885,0.169886125,1.23768894,0.450669287,0.060069026
87.69870752,0.166089305,1.234372037,0.468696563,0.0552707
87.70334619,0.169159074,1.233967536,0.499342932,0.057315888
87.70798486,0.173925296,1.23744624,0.490329294,0.062822164
87.71262353,0.167058706,1.235100137,0.452472015,0.057158566
87.7172622,0.166170088,1.232915835,0.473203382,0.054798734
87.72190087,0.172632762,1.234372037,0.516468843,0.060069026
87.72653954,0.17117866,1.235747338,0.458781561,0.061406264
87.73117821,0.165766171,1.233563036,0.465091108,0.055349362
87.73581688,0.167704973,1.233077635,0.48942793,0.056293294
87.74045555,0.173925296,1.236475439,0.50384975,0.062428858
87.74509422,0.167785756,1.235342838,0.44886656,0.058338482
87.74973289,0.165523821,1.233401236,0.472302018,0.055034717
87.75437156,0.170532393,1.235504638,0.511060661,0.058810449
87.75901023,0.172551978,1.238012541,0.472302018,0.062271536
87.7636489,0.165927738,1.235423738,0.459682925,0.056057311
87.76828757,0.166493222,1.233886636,0.480414292,0.055428023
87.77292624,0.173117462,1.236799039,0.516468843,0.061563586
87.77756491,0.169239858,1.236637239,0.450669287,0.059675721
87.78220358,0.16528147,1.234291137,0.470499291,0.055192039
87.78684225,0.168997508,1.234776537,0.501145659,0.057630533
87.79148092,0.172794328,1.23793164,0.487625202,0.062743503
87.79611959,0.166654788,1.235585538,0.453373379,0.057001244
87.80075826,0.165443037,1.233643936,0.473203382,0.0552707
87.80539693,0.17166336,1.235423738,0.518271571,0.06038367
87.8100356,0.170047692,1.236637239,0.45607747,0.061012959
87.81467427,0.164635203,1.232673135,0.465992472,0.055428023
87.81931294,0.167220272,1.232025934,0.490329294,0.056450617
87.82395161,0.173036679,1.234533837,0.502047023,0.062428858
87.82859028,0.167381839,1.232187734,0.447965196,0.058653127
87.83322895,0.16503912,1.228709031,0.470499291,0.0552707
87.83786762,0.170209259,1.229518032,0.511060661,0.058731788
87.84250629,0.171905711,1.231702334,0.468696563,0.062114214
87.84714496,0.165766171,1.228951731,0.459682925,0.056135972
87.85178363,0.166331655,1.22798093,0.481315656,0.055899989
87.8564223,0.172875112,1.230488833,0.514666116,0.062114214
87.86106097,0.16835124,1.231216933,0.449767924,0.059754382
87.86569964,0.164231286,1.22798093,0.471400654,0.055506684
87.87033831,0.16835124,1.22838543,0.504751114,0.057709194
87.87497698,0.172309628,1.231297833,0.486723839,0.062979486
87.87961565,0.165523821,1.228870831,0.455176106,0.057001244
87.88425432,0.165362254,1.227495529,0.476808837,0.055428023
87.88889299,0.172067278,1.230246132,0.520074299,0.060540992
87.89353166,0.169805342,1.232106834,0.456978834,0.061012959
87.89817033,0.164715986,1.228870831,0.467795199,0.055664006
87.902809,0.166816355,1.22822363,0.493033385,0.056607939
87.90744767,0.172713545,1.231540534,0.502047023,0.062900825
87.91208634,0.166816355,1.230246132,0.450669287,0.058417143
87.91672501,0.164635203,1.227252829,0.472302018,0.055585345
87.92136368,0.170290042,1.22846633,0.513764752,0.05959706
87.92600235,0.170855526,1.230731533,0.467795199,0.062428858
87.93064102,0.164715986,1.227495529,0.461485653,0.056214633
87.93527969,0.165604604,1.225958428,0.483118383,0.055742667
87.93991836,0.172228844,1.229032631,0.512863388,0.062114214
87.94455703,0.167543406,1.22854723,0.449767924,0.059361076
87.9491957,0.164150503,1.226362928,0.471400654,0.055113378
87.95383437,0.168674374,1.22773823,0.504751114,0.058102499
87.95847304,0.172228844,1.231297833,0.484019747,0.062507519
87.96311171,0.165523821,1.229437131,0.454274742,0.057079905
87.96775038,0.164635203,1.227576429,0.475006109,0.055506684
87.97238905,0.171501794,1.229518032,0.517370207,0.061012959
87.97702772,0.169320641,1.229679832,0.453373379,0.060540992
87.98166639,0.164715986,1.226362928,0.465992472,0.055506684
87.98630506,0.166977922,1.225796628,0.493033385,0.0566866
87.99094373,0.172713545,1.229679832,0.498441568,0.062900825
87.9955824,0.166654788,1.22822363,0.449767924,0.057866516
88.00022107,0.165119904,1.227495529,0.474104746,0.0552707
88.00485974,0.170613176,1.232349535,0.520975662,0.059282415
88.00949841,0.171582577,1.238821541,0.475907473,0.061878231
88.01413708,0.165523821,1.238983342,0.475006109,0.055585345
88.01877575,0.167058706,1.240439543,0.49663884,0.055664006
88.02341442,0.173682946,1.244565447,0.52277839,0.062192875
88.02805309,0.169401425,1.244322747,0.457880198,0.059125093
88.03269176,0.166089305,1.241167644,0.476808837,0.0552707
88.03733043,0.17093631,1.241814845,0.510159297,0.058102499
88.0419691,0.173925296,1.243918247,0.484019747,0.062900825
88.04660777,0.167462623,1.239954143,0.458781561,0.056529278
88.05124644,0.167381839,1.23720354,0.476808837,0.055428023
88.05588511,0.173844513,1.238821541,0.519172935,0.060934298
88.06052378,0.170774743,1.239145142,0.453373379,0.060698315
88.06516245,0.166089305,1.236151839,0.467795199,0.055428023
88.06980112,0.168916724,1.235909138,0.495737476,0.056843922
88.07443979,0.174167646,1.238336141,0.49663884,0.062664841
88.07907846,0.16810889,1.236313639,0.450669287,0.057394549
88.08371713,0.166089305,1.233401236,0.471400654,0.055113378
88.0883558,0.172148061,1.235342838,0.51556748,0.059439737
88.09299447,0.172471195,1.23736534,0.464189744,0.062114214
88.09763314,0.166250871,1.234210236,0.464189744,0.055742667
88.10227181,0.167462623,1.233563036,0.486723839,0.055742667
88.10691048,0.173844513,1.23736534,0.511962024,0.062035553
88.11154915,0.168835941,1.23744624,0.450669287,0.059125093
88.11618782,0.165685387,1.234857437,0.472302018,0.055349362
88.12082649,0.170290042,1.235666438,0.509257933,0.058417143
88.12546516,0.173279029,1.239306942,0.48221702,0.062900825
88.13010383,0.166977922,1.23744624,0.460584289,0.056843922
88.1347425,0.166654788,1.235181038,0.479512928,0.055899989
88.13938117,0.173440596,1.238336141,0.520074299,0.061642248
88.14401984,0.170693959,1.239064242,0.453373379,0.060540992
88.14865851,0.165766171,1.235019237,0.469597927,0.055585345
88.15329718,0.169482208,1.234372037,0.498441568,0.057158566
88.15793585,0.17424843,1.23752714,0.494836113,0.062743503
88.16257452,0.167785756,1.235181038,0.450669287,0.057551872
88.16721319,0.166170088,1.232025934,0.472302018,0.055428023
88.17185186,0.172390411,1.233077635,0.514666116,0.059990365
88.17649053,0.171986494,1.234614737,0.461485653,0.06179957
88.1811292,0.166170088,1.231459634,0.462387016,0.056214633
88.18576787,0.167947323,1.230165232,0.485822475,0.056371956
88.19040654,0.17400608,1.233563036,0.508356569,0.062507519
88.19504521,0.168916724,1.232754035,0.44886656,0.058810449
88.19968388,0.166331655,1.230165232,0.470499291,0.055034717
88.20432255,0.170855526,1.230974233,0.508356569,0.058495805
88.20896122,0.173198245,1.233239435,0.475907473,0.062428858
88.21359989,0.167058706,1.230084332,0.457880198,0.056057311
88.21823856,0.167462623,1.228951731,0.477710201,0.0552707
88.22287723,0.174571564,1.232349535,0.517370207,0.06109162
88.2275159,0.17142101,1.232025934,0.451570651,0.059990365
88.23215457,0.167220272,1.229113531,0.469597927,0.0552707
88.23679324,0.171097877,1.229356231,0.499342932,0.057079905
88.24143191,0.176348799,1.233077635,0.493934749,0.062664841
88.24607058,0.170451609,1.231621434,0.453373379,0.057237227
88.25070925,0.169562992,1.230974233,0.475907473,0.054956056
88.25534792,0.176106449,1.233724836,0.520074299,0.059518399
88.25998659,0.175783315,1.235585538,0.46328838,0.06109162
88.26462526,0.170128476,1.232996735,0.467795199,0.055428023
88.26926393,0.171824927,1.232268634,0.490329294,0.056057311
88.2739026,0.177641334,1.236232739,0.508356569,0.062428858
88.27854127,0.172148061,1.235747338,0.449767924,0.058653127
88.28317994,0.169320641,1.233805736,0.471400654,0.055113378
88.28781861,0.174167646,1.234695637,0.509257933,0.058495805
88.29245728,0.176025665,1.23736534,0.474104746,0.062192875
88.29709595,0.169724558,1.234452937,0.459682925,0.056135972
88.30173462,0.169401425,1.232187734,0.479512928,0.055349362
88.30637329,0.176268015,1.235504638,0.518271571,0.061406264
88.31101196,0.173198245,1.236232739,0.451570651,0.059990365
88.31565063,0.168916724,1.233724836,0.471400654,0.055034717
88.3202893,0.171986494,1.234776537,0.502948387,0.057158566
88.32492797,0.176510366,1.238659741,0.493934749,0.06258618
88.32956664,0.170128476,1.23744624,0.456978834,0.056843922
88.33420531,0.168755157,1.235423738,0.477710201,0.054956056
88.33884398,0.175217831,1.238578841,0.520975662,0.059990365
88.34348265,0.173925296,1.240115943,0.460584289,0.061406264
88.34812132,0.16835124,1.23760804,0.467795199,0.055742667
88.35275999,0.170128476,1.236960839,0.492132021,0.056135972
88.35739866,0.175944882,1.240763143,0.508356569,0.06258618
88.36203733,0.170613176,1.240520443,0.450669287,0.058338482
88.366676,0.16762419,1.23785074,0.472302018,0.055506684
88.37131467,0.172632762,1.238902441,0.511962024,0.058967771
88.37595334,0.174329213,1.242138445,0.473203382,0.06258618
88.38059201,0.167704973,1.239711442,0.461485653,0.056293294
88.38523068,0.16835124,1.238821541,0.48221702,0.055742667
88.38986935,0.174813914,1.242704746,0.518271571,0.062114214
88.39450802,0.170774743,1.243999147,0.453373379,0.060069026
88.39914669,0.167301056,1.243190146,0.474104746,0.055506684
88.40378536,0.170855526,1.246021649,0.506553842,0.057709194
88.40842403,0.175056264,1.251361055,0.493934749,0.062900825
88.4130627,0.168189673,1.251603755,0.459682925,0.056922583
88.41770137,0.167381839,1.252574556,0.480414292,0.055664006
88.42234004,0.173279029,1.25645776,0.524581117,0.060462331
88.42697871,0.171905711,1.259531963,0.464189744,0.061248942
88.43161738,0.166574005,1.257752161,0.474104746,0.055585345
88.43625605,0.168593591,1.258561162,0.497540204,0.056293294
88.44089472,0.174571564,1.263415167,0.510159297,0.062900825
88.44553339,0.168512807,1.263010667,0.45607747,0.058338482
88.45017206,0.166412438,1.260340964,0.476808837,0.055428023
88.45481073,0.171824927,1.261554466,0.516468843,0.059203754
88.4594494,0.173117462,1.263576968,0.474104746,0.062350197
88.46408807,0.166574005,1.261069065,0.46328838,0.056135972
88.46872674,0.167301056,1.258884763,0.483118383,0.056214633
88.47336541,0.17400608,1.261473565,0.516468843,0.062114214
88.47800408,0.169643775,1.261311765,0.451570651,0.059754382
88.48264275,0.165927738,1.258318462,0.471400654,0.055192039
88.48728142,0.169643775,1.258480262,0.504751114,0.057866516
88.49192009,0.173602163,1.261069065,0.487625202,0.062900825
88.49655876,0.166897139,1.258075762,0.456978834,0.057001244
88.50119743,0.166089305,1.255567859,0.477710201,0.055349362
88.5058361,0.173117462,1.257994862,0.520074299,0.060698315
88.51047477,0.17117866,1.258561162,0.456978834,0.061170281
88.51511344,0.166574005,1.254758858,0.469597927,0.055349362
88.51975211,0.168835941,1.254516158,0.494836113,0.056765261
88.52439078,0.17424843,1.257266761,0.50384975,0.062979486
88.52902945,0.168593591,1.254839758,0.451570651,0.05818116
88.53366812,0.166654788,1.251118354,0.473203382,0.055585345
88.53830679,0.172148061,1.251846455,0.514666116,0.059518399
88.54294546,0.173036679,1.252898156,0.469597927,0.062350197
88.54758413,0.166977922,1.248772252,0.462387016,0.056293294
88.5522228,0.167704973,1.246264349,0.483118383,0.05597865
88.55686147,0.17424843,1.248367752,0.514666116,0.062271536
88.56150014,0.169159074,1.24707335,0.451570651,0.05959706
88.56613881,0.165927738,1.243028346,0.473203382,0.055742667
88.57077748,0.170047692,1.242785646,0.506553842,0.058259821
88.57541615,0.173359812,1.244646348,0.485822475,0.062900825
88.58005482,0.166412438,1.240682243,0.45607747,0.057079905
88.58469349,0.166008521,1.23776984,0.476808837,0.055506684
88.58933216,0.172713545,1.239468742,0.520074299,0.061012959
88.59397083,0.170613176,1.240035043,0.45607747,0.06109162
88.5986095,0.165443037,1.235747338,0.468696563,0.055664006
88.60324817,0.16810889,1.235019237,0.495737476,0.057079905
88.60788684,0.173844513,1.23760804,0.500244295,0.063058147
88.61252551,0.167704973,1.235747338,0.451570651,0.05818116
88.61716418,0.165604604,1.231864134,0.473203382,0.055428023
88.62180285,0.171097877,1.232430435,0.514666116,0.059754382
88.62644152,0.171905711,1.234372037,0.465992472,0.062114214
88.63108019,0.166008521,1.230812433,0.46328838,0.056057311
88.63571886,0.166735572,1.229113531,0.484921111,0.05597865
88.64035753,0.173279029,1.231621434,0.512863388,0.062271536
88.6449962,0.168674374,1.230407932,0.451570651,0.059203754
88.64963487,0.166170088,1.227414629,0.474104746,0.055428023
88.65427354,0.170855526,1.227576429,0.509257933,0.05818116
88.65891221,0.174652347,1.229841632,0.484921111,0.062822164
88.66355088,0.167947323,1.226929229,0.459682925,0.056765261
88.66818955,0.168270457,1.224340426,0.478611565,0.0552707
88.67282822,0.174975481,1.225553927,0.520074299,0.061248942
88.67746689,0.171986494,1.226039328,0.454274742,0.060776976
88.68210556,0.16762419,1.222803324,0.469597927,0.055428023
88.68674423,0.170451609,1.221832523,0.49663884,0.056922583
88.6913829,0.175864098,1.225068527,0.499342932,0.062900825
88.69602157,0.169401425,1.223207825,0.452472015,0.057630533
88.70066024,0.167785756,1.221508923,0.473203382,0.0552707
88.70529891,0.173117462,1.222884224,0.51556748,0.05959706
88.70993758,0.173198245,1.224502226,0.46328838,0.061878231
88.71457625,0.167381839,1.221994324,0.461485653,0.055821328
88.71921492,0.168432024,1.221185323,0.484019747,0.055899989
88.72385359,0.174975481,1.224259526,0.510159297,0.06258618
88.72849226,0.170209259,1.223693225,0.447965196,0.059203754
88.73313093,0.166897139,1.220699922,0.469597927,0.055585345
88.7377696,0.171340227,1.221508923,0.505652478,0.058338482
88.74240827,0.173763729,1.224583126,0.476808837,0.062900825
88.74704694,0.166977922,1.221832523,0.45607747,0.056450617
88.75168561,0.166735572,1.220780822,0.475907473,0.055428023
88.75632428,0.173682946,1.223693225,0.517370207,0.061327603
88.76096295,0.170613176,1.224259526,0.451570651,0.060226348
88.76560162,0.166170088,1.221913423,0.467795199,0.055034717
88.77024029,0.169078291,1.223450525,0.49663884,0.057158566
88.77487896,0.174167646,1.228709031,0.495737476,0.062743503
88.77951763,0.167785756,1.227091029,0.451570651,0.057630533
88.7841563,0.165927738,1.224987627,0.473203382,0.055428023
88.78879497,0.172067278,1.22838543,0.518271571,0.059754382
88.79343364,0.171744144,1.232025934,0.466893835,0.061720909
88.79807231,0.166170088,1.232025934,0.469597927,0.055742667
88.80271098,0.167785756,1.232754035,0.491230657,0.056214633
88.80734965,0.174086863,1.236556339,0.512863388,0.06258618
88.81198832,0.168674374,1.235100137,0.451570651,0.059125093
88.81662699,0.166170088,1.232430435,0.473203382,0.055349362
88.82126566,0.170451609,1.232834935,0.510159297,0.058810449
88.82590433,0.172955895,1.235423738,0.477710201,0.062743503
88.830543,0.166008521,1.232025934,0.458781561,0.056529278
88.83518167,0.166089305,1.230246132,0.477710201,0.055742667
88.83982034,0.172875112,1.233239435,0.518271571,0.061642248
88.84445901,0.169239858,1.233239435,0.451570651,0.06038367
88.84909768,0.164958337,1.230246132,0.468696563,0.055664006
88.85373635,0.168189673,1.229760732,0.498441568,0.057630533
88.85837502,0.172875112,1.232834935,0.493033385,0.06329413
88.86301369,0.166816355,1.231055133,0.452472015,0.057551872
88.86765236,0.165119904,1.229275331,0.473203382,0.055428023
88.87229103,0.17142101,1.231783234,0.517370207,0.060540992
88.8769297,0.170693959,1.233643936,0.461485653,0.061720909
88.88156837,0.165119904,1.231621434,0.467795199,0.055742667
88.88620704,0.167220272,1.232511335,0.492132021,0.05597865
88.89084571,0.173521379,1.238821541,0.512863388,0.062271536
88.89548438,0.167704973,1.240277743,0.456978834,0.058495805
88.90012305,0.165443037,1.240358643,0.479512928,0.055192039
88.90476172,0.170693959,1.243999147,0.518271571,0.058495805
88.90940039,0.173440596,1.248853152,0.484019747,0.062743503
88.91403906,0.166574005,1.247801451,0.469597927,0.056371956
88.91867773,0.166897139,1.249095852,0.48942793,0.055585345
88.9233164,0.173521379,1.254677958,0.527285209,0.061720909
88.92795507,0.170047692,1.257509461,0.462387016,0.060147687
88.93259374,0.166412438,1.25678136,0.48221702,0.055428023
88.93723241,0.169805342,1.260826365,0.513764752,0.057551872
88.94187108,0.174571564,1.268835473,0.505652478,0.062822164
88.94650975,0.168270457,1.271100676,0.468696563,0.057315888
88.95114842,0.167301056,1.27530748,0.493934749,0.0552707
88.95578709,0.174167646,1.290516696,0.550720667,0.060226348
88.96042576,0.173925296,1.315110322,0.513764752,0.061720909
88.96506443,0.17093631,1.346580456,0.545312484,0.055664006
88.9697031,0.174813914,1.387111399,0.592183401,0.056214633
88.97434177,0.18370009,1.43581325,0.629139316,0.062507519
88.97898044,0.180549537,1.479741997,0.584071127,0.058574466
88.98361911,0.179660919,1.512911032,0.606605222,0.054956056
88.98825778,0.185558109,1.534754055,0.63004068,0.058574466
88.99289645,0.187335344,1.544704766,0.566945215,0.062192875
88.99753512,0.181034237,1.540255261,0.532693391,0.05597865
89.00217379,0.181357371,1.532893353,0.535397483,0.055585345
89.00681246,0.18725456,1.527230347,0.557931577,0.061484925
89.01145113,0.182892256,1.517926837,0.48221702,0.059833043
89.0160898,0.178933868,1.505225524,0.493934749,0.055349362
89.02072847,0.181842071,1.494951213,0.520975662,0.057394549
89.02536714,0.185234975,1.487508405,0.502948387,0.062900825
89.03000581,0.178287601,1.474726192,0.465091108,0.057158566
89.03464448,0.17707585,1.462591179,0.48221702,0.055192039
89.03928315,0.183134606,1.45482477,0.524581117,0.060147687
89.04392182,0.181357371,1.447543763,0.46328838,0.061012959
89.04856049,0.175379398,1.43516605,0.471400654,0.055664006
89.05319916,0.176914283,1.42602434,0.494836113,0.056529278
89.05783783,0.182407555,1.421655735,0.506553842,0.062743503
89.0624765,0.176429582,1.413484827,0.452472015,0.058574466
89.06711517,0.173844513,1.404343117,0.475006109,0.0552707
89.07175384,0.178529951,1.399489112,0.516468843,0.058810449
89.07639251,0.179660919,1.396091308,0.475006109,0.062035553
89.08103118,0.173279029,1.387677699,0.465992472,0.055899989
89.08566985,0.173682946,1.380477592,0.485822475,0.055585345
89.09030852,0.179984053,1.377241588,0.519172935,0.061878231
89.09494719,0.175379398,1.371659482,0.453373379,0.059439737
89.09958586,0.171582577,1.363003173,0.473203382,0.054956056
89.10422453,0.175056264,1.357987368,0.507455206,0.057315888
89.1088632,0.178853085,1.355964866,0.490329294,0.06258618
89.11350187,0.171582577,1.349250159,0.459682925,0.056607939
89.11814054,0.170613176,1.342050051,0.479512928,0.055034717
89.12277921,0.176914283,1.339865749,0.523679754,0.060226348
89.12741788,0.175137048,1.337276946,0.460584289,0.060698315
89.13205655,0.170128476,1.329995938,0.472302018,0.055192039
89.13669522,0.171905711,1.325222833,0.49663884,0.056057311
89.14133389,0.17756055,1.324899233,0.506553842,0.062507519
89.14597256,0.170855526,1.318993526,0.454274742,0.057630533
89.15061123,0.169239858,1.313654121,0.475907473,0.055113378
89.1552499,0.17400608,1.311631619,0.516468843,0.058810449
89.15988857,0.175056264,1.310094517,0.471400654,0.061720909
89.16452724,0.168755157,1.304027011,0.465091108,0.055428023
89.16916591,0.169643775,1.300224707,0.485822475,0.055428023
89.17380458,0.175702531,1.300791007,0.517370207,0.061406264
89.17844325,0.17117866,1.297393204,0.452472015,0.059046432
89.18308192,0.167704973,1.292134698,0.474104746,0.054720073
89.18772059,0.171744144,1.290516696,0.507455206,0.057473211
89.19235926,0.175137048,1.292620098,0.486723839,0.062350197
89.19699793,0.168674374,1.288979595,0.457880198,0.056529278
89.2016366,0.168189673,1.285177291,0.477710201,0.0552707
89.20627527,0.174409997,1.285662691,0.520074299,0.06038367
89.21091394,0.171905711,1.28501549,0.455176106,0.060540992
89.21555261,0.167139489,1.280485086,0.468696563,0.0552707
89.22019128,0.169078291,1.278543484,0.494836113,0.056607939
89.22482995,0.174813914,1.280080585,0.500244295,0.062271536
89.22946862,0.168270457,1.276925482,0.450669287,0.057630533
89.23410729,0.167058706,1.272233277,0.472302018,0.055034717
89.23874596,0.172713545,1.271586076,0.513764752,0.059203754
89.24338463,0.173440596,1.271990577,0.465992472,0.061563586
89.2480233,0.167301056,1.267541072,0.462387016,0.0552707
89.25266197,0.168189673,1.264709569,0.48221702,0.055428023
89.25730064,0.174571564,1.26535677,0.510159297,0.061878231
89.26193931,0.170047692,1.262687067,0.447063832,0.059046432
89.26657798,0.166412438,1.257185861,0.468696563,0.054798734
89.27121665,0.170613176,1.255567859,0.50384975,0.057551872
89.27585532,0.173844513,1.25678136,0.477710201,0.062035553
89.28049399,0.167139489,1.252493656,0.453373379,0.05597865
89.28513266,0.166897139,1.249095852,0.472302018,0.055113378
89.28977133,0.173359812,1.249500353,0.51556748,0.060698315
89.29441,0.170532393,1.248286851,0.44886656,0.060462331
89.29904867,0.165523821,1.243594646,0.464189744,0.0552707
89.30368734,0.168189673,1.241248544,0.491230657,0.056765261
89.30832601,0.173763729,1.243837347,0.492132021,0.062822164
89.31296468,0.166977922,1.240844044,0.447063832,0.057709194
89.31760335,0.165604604,1.23712264,0.470499291,0.054877395
89.32224202,0.17166336,1.238659741,0.512863388,0.059203754
89.32688069,0.171501794,1.239387842,0.461485653,0.061642248
89.33151936,0.165766171,1.235747338,0.462387016,0.055428023
89.33615803,0.166654788,1.234129336,0.484019747,0.055664006
89.3407967,0.173279029,1.23704174,0.509257933,0.062035553
89.34543537,0.16835124,1.235828238,0.447965196,0.058810449
89.35007404,0.164958337,1.232349535,0.469597927,0.054877395
89.35471271,0.169239858,1.232349535,0.506553842,0.058102499
89.35935138,0.172228844,1.235100137,0.476808837,0.062428858
89.36399005,0.165443037,1.232673135,0.455176106,0.056293294
89.36862872,0.165766171,1.230246132,0.475907473,0.055113378
89.37326739,0.171986494,1.232430435,0.516468843,0.061248942
89.37790606,0.168997508,1.231540534,0.449767924,0.06038367
89.38254473,0.164392853,1.22830453,0.465992472,0.055506684
89.3871834,0.167381839,1.227495529,0.494836113,0.056922583
89.39182207,0.172309628,1.230246132,0.493033385,0.062743503
89.39646074,0.165846954,1.22854723,0.44886656,0.057158566
89.40109941,0.164231286,1.226201128,0.470499291,0.054798734
89.40573808,0.170290042,1.228789931,0.514666116,0.059439737
89.41037675,0.170128476,1.230407932,0.461485653,0.061327603
89.41501542,0.164958337,1.22765733,0.462387016,0.055349362
89.41965409,0.165927738,1.226686529,0.484921111,0.05597865
89.42429276,0.172471195,1.229598932,0.506553842,0.06258618
89.42893143,0.167462623,1.229598932,0.447063832,0.058967771
89.4335701,0.164635203,1.227414629,0.469597927,0.054798734
89.43820877,0.169239858,1.229032631,0.506553842,0.05818116
89.44284744,0.172309628,1.233239435,0.475006109,0.062114214
89.44748611,0.165685387,1.231297833,0.456978834,0.056057311
89.45212478,0.165523821,1.230812433,0.477710201,0.055349362
89.45676345,0.172551978,1.235261938,0.519172935,0.061563586
89.46140212,0.169886125,1.238740641,0.454274742,0.060698315
89.46604079,0.166250871,1.239226042,0.474104746,0.055428023
89.47067946,0.169805342,1.245536249,0.507455206,0.057079905
89.47531813,0.175702531,1.254758858,0.502948387,0.062900825
89.4799568,0.170209259,1.258480262,0.465992472,0.057394549
89.48459547,0.169562992,1.262363466,0.48942793,0.054798734
89.48923414,0.176914283,1.270777075,0.533594755,0.060069026
89.49387281,0.176914283,1.279190684,0.479512928,0.061563586
89.49851148,0.171905711,1.282992988,0.485822475,0.055585345
89.50315015,0.17449078,1.288089694,0.509257933,0.055899989
89.50778882,0.181518938,1.297150503,0.528186573,0.062192875
89.51242749,0.176752716,1.301357308,0.468696563,0.058574466
89.51706616,0.17449078,1.302570809,0.48942793,0.054956056
89.52170483,0.179499352,1.306858514,0.526383845,0.058259821
89.5263435,0.181680504,1.311308018,0.490329294,0.062428858
89.53098217,0.175460181,1.309690017,0.473203382,0.056135972
89.53562084,0.175702531,1.309042816,0.493033385,0.055428023
89.54025951,0.182084422,1.311712519,0.5299893,0.061563586
89.54489818,0.178368384,1.311308018,0.461485653,0.059990365
89.54953685,0.173763729,1.307101214,0.479512928,0.055192039
89.55417552,0.176995066,1.305887713,0.509257933,0.057158566
89.55881419,0.181115021,1.308881016,0.498441568,0.062664841
89.56345286,0.175056264,1.305483212,0.459682925,0.057001244
89.56809153,0.173117462,1.301276408,0.477710201,0.0552707
89.5727302,0.179257002,1.301600008,0.520975662,0.060147687
89.57736887,0.177722117,1.301357308,0.461485653,0.061484925
89.58200754,0.172390411,1.296746003,0.468696563,0.055742667
89.58664621,0.173682946,1.2939145,0.493033385,0.056293294
89.59128488,0.179822486,1.295289801,0.507455206,0.06258618
89.59592355,0.173844513,1.292215598,0.450669287,0.058102499
89.60056222,0.17093631,1.287199793,0.471400654,0.055428023
89.60520089,0.175621748,1.285743591,0.511060661,0.058810449
89.60983956,0.177156633,1.286228992,0.471400654,0.062271536
89.61447823,0.170693959,1.281051386,0.459682925,0.056057311
89.6191169,0.170613176,1.277410882,0.479512928,0.055585345
89.62375557,0.177398983,1.278947984,0.51556748,0.061484925
89.62839424,0.173117462,1.277410882,0.450669287,0.059833043
89.63303291,0.168916724,1.272395077,0.470499291,0.055113378
89.63767158,0.172309628,1.272071477,0.50384975,0.057394549
89.64231025,0.176510366,1.27546928,0.493934749,0.062743503
89.64694892,0.170370826,1.27538838,0.462387016,0.056922583
89.65158759,0.169562992,1.277410882,0.485822475,0.0552707
89.65622626,0.176025665,1.283235688,0.531792028,0.060226348
89.66086493,0.174975481,1.286714392,0.470499291,0.061248942
89.6655036,0.169239858,1.283801989,0.477710201,0.055349362
89.67014227,0.171017093,1.282183987,0.499342932,0.056135972
89.67478094,0.176995066,1.28444919,0.510159297,0.06258618
89.67941961,0.170855526,1.282103087,0.454274742,0.05818116
89.68405828,0.168432024,1.278543484,0.475907473,0.055113378
89.68869695,0.173521379,1.279028884,0.51556748,0.058967771
89.69333562,0.175056264,1.279999685,0.472302018,0.062350197
89.69797429,0.168593591,1.275873781,0.46328838,0.056135972
89.70261296,0.169401425,1.274174879,0.483118383,0.055664006
89.70725163,0.176025665,1.276925482,0.518271571,0.062035553
89.7118903,0.17166336,1.276520981,0.453373379,0.059833043
89.71652897,0.168028107,1.273284978,0.474104746,0.055506684
89.72116764,0.171824927,1.273446778,0.508356569,0.057551872
89.72580631,0.175621748,1.277168182,0.492132021,0.062664841
89.73044498,0.168997508,1.27538838,0.461485653,0.056765261
89.73508365,0.168432024,1.27514568,0.483118383,0.055349362
89.73972232,0.174813914,1.279837885,0.528186573,0.060540992
89.74436099,0.172713545,1.284125589,0.466893835,0.06109162
89.74899966,0.16810889,1.284125589,0.481315656,0.0552707
89.75363833,0.171017093,1.292943699,0.516468843,0.056607939
89.758277,0.1773182,1.310903518,0.539904302,0.06258618
89.76291567,0.173440596,1.328539737,0.502047023,0.05818116
89.76755434,0.172471195,1.347146756,0.534496119,0.055428023
89.77219301,0.179014652,1.368423479,0.583169763,0.059282415
89.77683168,0.180711103,1.387273199,0.538101574,0.062035553
89.78147035,0.17473313,1.398841911,0.533594755,0.056057311
89.78610902,0.176268015,1.41663993,0.567846579,0.055821328
89.79074769,0.183215389,1.443175158,0.612914768,0.062192875
89.79538636,0.179095435,1.462510279,0.54891794,0.05959706
89.80002503,0.176268015,1.47351269,0.561537032,0.055349362
89.8046637,0.180468753,1.479175696,0.580465672,0.057945177
89.80930237,0.18418479,1.484029701,0.547115212,0.062822164
89.81394104,0.177964467,1.483220701,0.510159297,0.057001244
89.81857971,0.178529951,1.486942105,0.528186573,0.055349362
89.82321838,0.186608293,1.496164714,0.567846579,0.060776976
89.82785705,0.185315758,1.506762626,0.504751114,0.060934298
89.83249572,0.181842071,1.515499835,0.520074299,0.055585345
89.83713439,0.185881242,1.52965735,0.548016576,0.056765261
89.84177306,0.192747833,1.545999167,0.554326122,0.062979486
89.84641173,0.187577694,1.55853868,0.508356569,0.057945177
89.8510504,0.187335344,1.572372595,0.533594755,0.055349362
89.85568907,0.194686635,1.589442513,0.574156125,0.059518399
89.86032774,0.196544654,1.601496626,0.519172935,0.062035553
89.86496641,0.191293731,1.601901126,0.509257933,0.056135972
89.86960508,0.192586266,1.600202225,0.524581117,0.056214633
89.87424375,0.19904894,1.599150524,0.546213848,0.062507519
89.87888242,0.194282718,1.591707716,0.477710201,0.05959706
89.88352109,0.190243547,1.578682802,0.493033385,0.055113378
89.88815976,0.1933941,1.568570291,0.524581117,0.058338482
89.89279843,0.196059953,1.560156682,0.49663884,0.062900825
89.8974371,0.188627879,1.546160967,0.466893835,0.056843922
89.90207577,0.187416127,1.533459654,0.485822475,0.055428023
89.90671444,0.193313317,1.525693246,0.527285209,0.061012959
89.91135311,0.19008198,1.515499835,0.459682925,0.060776976
89.91599178,0.185154191,1.50150412,0.473203382,0.055428023
89.92063045,0.187092994,1.490987109,0.500244295,0.057001244
89.92526912,0.191293731,1.484272402,0.501145659,0.062822164
89.92990779,0.184507924,1.471651988,0.454274742,0.058102499
89.93454646,0.182003638,1.459597876,0.475006109,0.0552707
89.93918513,0.18725456,1.452316868,0.516468843,0.059518399
89.9438238,0.186204376,1.443984159,0.465091108,0.061956892
89.94846247,0.179822486,1.432010946,0.46328838,0.056214633
89.95310114,0.180145619,1.422222036,0.484019747,0.056293294
89.95773981,0.186123593,1.41688263,0.509257933,0.062271536
89.96237848,0.18087267,1.408388121,0.447965196,0.059125093
89.96701715,0.177479767,1.398356511,0.469597927,0.055192039
89.97165582,0.181842071,1.392369904,0.505652478,0.05818116
89.97629449,0.18394244,1.387677699,0.476808837,0.06258618
89.98093316,0.1773182,1.378374189,0.455176106,0.056450617
89.98557183,0.176510366,1.370688681,0.475907473,0.055585345
89.9902105,0.182730689,1.367533578,0.518271571,0.061327603
89.99484917,0.179014652,1.362922273,0.451570651,0.060305009
89.99948784,0.17424843,1.354751364,0.467795199,0.055742667
90.00412651,0.17707585,1.349573759,0.49663884,0.057001244
90.00876518,0.181680504,1.347874857,0.494836113,0.062979486
90.01340385,0.174894697,1.341807351,0.451570651,0.057394549
90.01804252,0.172955895,1.334688143,0.472302018,0.055113378
90.02268119,0.178126034,1.33226114,0.51556748,0.05959706
90.02731986,0.177156633,1.329591438,0.461485653,0.061563586
90.03195853,0.17117866,1.32206773,0.462387016,0.055742667
90.0365972,0.172713545,1.316971024,0.484921111,0.056135972
90.04123587,0.179014652,1.316485624,0.508356569,0.062900825
90.04587454,0.173521379,1.311793419,0.447063832,0.058967771
90.05051321,0.170370826,1.305564112,0.469597927,0.055192039
90.05515188,0.174894697,1.302409009,0.507455206,0.058495805
90.05979055,0.177479767,1.302004508,0.474104746,0.062507519
90.06442922,0.170532393,1.296584203,0.455176106,0.056293294
90.06906789,0.170451609,1.292053798,0.475006109,0.055742667
90.07370656,0.1773182,1.293186399,0.514666116,0.061563586
90.07834523,0.173682946,1.290193096,0.44886656,0.060540992
90.0829839,0.168916724,1.28469189,0.467795199,0.055349362
90.08762257,0.172148061,1.282183987,0.49663884,0.057079905
90.09226124,0.176429582,1.282669388,0.491230657,0.063058147
90.09689991,0.169482208,1.278381683,0.450669287,0.057237227
90.10153858,0.168028107,1.274093979,0.471400654,0.055585345
90.10617725,0.17400608,1.274013079,0.516468843,0.059990365
90.11081592,0.172955895,1.274013079,0.460584289,0.061563586
90.11545459,0.167139489,1.269725374,0.465091108,0.055742667
90.12009326,0.168674374,1.268592773,0.48942793,0.056450617
90.12473193,0.174409997,1.271343376,0.509257933,0.062664841
90.1293706,0.169239858,1.270777075,0.453373379,0.058338482
90.13400927,0.166735572,1.269887174,0.474104746,0.055192039
90.13864794,0.171501794,1.271586076,0.512863388,0.058653127
90.14328661,0.173925296,1.27563108,0.478611565,0.062350197
90.14792528,0.167381839,1.273608578,0.46328838,0.056057311
90.15256395,0.168028107,1.272314177,0.483118383,0.055585345
90.15720262,0.175056264,1.275792881,0.521877026,0.061406264
90.16184129,0.171259443,1.276359181,0.454274742,0.059833043
90.16647996,0.166977922,1.273042278,0.472302018,0.055192039
90.17111863,0.170370826,1.273284978,0.501145659,0.057315888
90.1757573,0.174894697,1.27555018,0.492132021,0.062743503
90.18039597,0.168270457,1.272233277,0.454274742,0.057315888
90.18503464,0.166816355,1.269159074,0.474104746,0.055192039
90.18967331,0.173036679,1.271100676,0.517370207,0.060147687
90.19431198,0.172148061,1.271747876,0.459682925,0.061484925
90.19895065,0.166412438,1.267702872,0.465992472,0.055428023
90.20358932,0.16835124,1.26600397,0.48942793,0.056607939
90.20822799,0.174086863,1.268592773,0.506553842,0.062822164
90.21286666,0.16835124,1.266732071,0.449767924,0.058653127
90.21750533,0.165766171,1.262363466,0.472302018,0.0552707
90.222144,0.170613176,1.262282566,0.511962024,0.058731788
90.22678267,0.172875112,1.264871369,0.473203382,0.062350197
90.23142134,0.166735572,1.261958966,0.461485653,0.056135972
90.23606001,0.167139489,1.260340964,0.48221702,0.055506684
90.24069868,0.173682946,1.264062368,0.519172935,0.061720909
90.24533735,0.169886125,1.264709569,0.453373379,0.059833043
90.24997602,0.166412438,1.262039866,0.472302018,0.055192039
90.25461469,0.169805342,1.262363466,0.50384975,0.057473211
90.25925336,0.173763729,1.26535677,0.490329294,0.062743503
90.26389203,0.167220272,1.262767967,0.45607747,0.057079905
90.2685307,0.166493222,1.259208363,0.475907473,0.055506684
90.27316937,0.172309628,1.260502764,0.520074299,0.060540992
90.27780804,0.170774743,1.260179164,0.459682925,0.061170281
90.28244671,0.165604604,1.25597236,0.469597927,0.0552707
90.28708538,0.167381839,1.253949857,0.494836113,0.056293294
90.29172405,0.173198245,1.25621506,0.506553842,0.062664841
90.29636272,0.167462623,1.253868957,0.453373379,0.058023838
90.30100139,0.165200687,1.249662153,0.474104746,0.055113378
90.30564006,0.170532393,1.250066653,0.513764752,0.058967771
90.31027873,0.172228844,1.252008255,0.471400654,0.062192875
90.3149174,0.165604604,1.248286851,0.461485653,0.056135972
90.31955607,0.166089305,1.245536249,0.48221702,0.055428023
90.32419474,0.172390411,1.24666885,0.51556748,0.061406264
90.32883341,0.168512807,1.245212648,0.449767924,0.059518399
90.33347208,0.164715986,1.240763143,0.469597927,0.054956056
90.33811075,0.168593591,1.240196843,0.502047023,0.057394549
90.34274942,0.172390411,1.242138445,0.484019747,0.062507519
90.34738809,0.165362254,1.238740641,0.453373379,0.0566866
90.35202676,0.164715986,1.235909138,0.472302018,0.055113378
90.35666543,0.17093631,1.238821541,0.516468843,0.06038367
90.3613041,0.169159074,1.239064242,0.454274742,0.060698315
90.36594277,0.163746585,1.235504638,0.466893835,0.055349362
90.37058144,0.166412438,1.235828238,0.493934749,0.056450617
90.37522011,0.172228844,1.239711442,0.502047023,0.062900825
90.37985878,0.166008521,1.238821541,0.451570651,0.057866516
90.38449745,0.163908152,1.23728444,0.474104746,0.055113378
90.38913612,0.169320641,1.239630542,0.516468843,0.059439737
90.39377479,0.170532393,1.243918247,0.472302018,0.062035553
90.39841346,0.164312069,1.242300245,0.465992472,0.056057311
90.40305213,0.16503912,1.243351946,0.486723839,0.056057311
90.4076908,0.171824927,1.24715425,0.518271571,0.062271536
90.41232947,0.167139489,1.24739695,0.454274742,0.059203754
90.41696814,0.164150503,1.245212648,0.473203382,0.055192039
90.42160681,0.16786654,1.245778949,0.506553842,0.057866516
90.42624548,0.171824927,1.248934052,0.484921111,0.06258618
90.43088415,0.164958337,1.246183449,0.45607747,0.056607939
90.43552282,0.16455442,1.243918247,0.475907473,0.055349362
90.44016149,0.171097877,1.24658795,0.518271571,0.060855637
90.44480016,0.168674374,1.247477851,0.454274742,0.060855637
90.44943883,0.163908152,1.244484547,0.467795199,0.0552707
90.4540775,0.166977922,1.245131748,0.495737476,0.056843922
90.45871617,0.172551978,1.248934052,0.499342932,0.062900825
90.46335484,0.166574005,1.247639651,0.451570651,0.05818116
90.46799351,0.16503912,1.245131748,0.472302018,0.055192039
90.47263218,0.170613176,1.24683065,0.514666116,0.059125093
90.47727085,0.171259443,1.248691352,0.465992472,0.062035553
90.48190952,0.165766171,1.245859849,0.46328838,0.055821328
90.48654819,0.167058706,1.243918247,0.484921111,0.055664006
90.49118686,0.173925296,1.247639651,0.513764752,0.062035553
90.49582553,0.169401425,1.24683065,0.450669287,0.059046432
90.5004642,0.166170088,1.243432846,0.471400654,0.0552707
90.50510287,0.170693959,1.244565447,0.506553842,0.05818116
90.50974154,0.173602163,1.24715425,0.481315656,0.062428858
90.51438021,0.167381839,1.243918247,0.456978834,0.056607939
90.51901888,0.167301056,1.241814845,0.476808837,0.0552707
90.52365755,0.173682946,1.245050848,0.520074299,0.060698315
90.52829622,0.17117866,1.24674975,0.454274742,0.06038367
90.53293489,0.166412438,1.244889048,0.471400654,0.055428023
90.53757356,0.169239858,1.245536249,0.498441568,0.056765261
90.54221223,0.174086863,1.250552054,0.500244295,0.062743503
90.5468509,0.167220272,1.250794754,0.455176106,0.057394549
90.55148957,0.165846954,1.251684655,0.477710201,0.0552707
90.55612824,0.171905711,1.257185861,0.52277839,0.059833043
90.56076691,0.171501794,1.268754573,0.481315656,0.06179957
90.56540558,0.165685387,1.282022187,0.492132021,0.055821328
90.57004425,0.166816355,1.302004508,0.528186573,0.056135972
90.57468292,0.173682946,1.330319538,0.561537032,0.062114214
90.57932159,0.168997508,1.349088358,0.502047023,0.059125093
90.58396026,0.165766171,1.36025257,0.520975662,0.055113378
90.58859893,0.170047692,1.368585279,0.549819303,0.058102499
90.5932376,0.173036679,1.373762885,0.510159297,0.062664841
90.59787627,0.166250871,1.370203281,0.480414292,0.056450617
90.60251494,0.166250871,1.365106575,0.493934749,0.055428023
90.60715361,0.173036679,1.363731274,0.5299893,0.061248942
90.61179228,0.169724558,1.36041437,0.461485653,0.060540992
90.61643095,0.165200687,1.352728862,0.475006109,0.0552707
90.62106962,0.167947323,1.347227656,0.501145659,0.057237227
90.62570829,0.172875112,1.345528755,0.498441568,0.062979486
90.63034696,0.166574005,1.338328647,0.453373379,0.057315888
90.63498563,0.16528147,1.331047639,0.473203382,0.055034717
90.6396243,0.170693959,1.328216136,0.514666116,0.059675721
90.64426297,0.170774743,1.325384633,0.459682925,0.061642248
90.64890164,0.164635203,1.317941825,0.461485653,0.055664006
90.65354031,0.166250871,1.31292602,0.484921111,0.05597865
90.65817898,0.172875112,1.312036119,0.507455206,0.062271536
90.66281765,0.167704973,1.307991115,0.447063832,0.058810449
90.66745632,0.164715986,1.302004508,0.470499291,0.055428023
90.67209499,0.169320641,1.299173005,0.506553842,0.058495805
90.67673366,0.171340227,1.299092105,0.473203382,0.06258618
90.68137233,0.16503912,1.293105499,0.455176106,0.05597865
90.686011,0.16479677,1.288008794,0.475006109,0.0552707
90.69064967,0.17142101,1.288575094,0.514666116,0.061484925
90.69528834,0.16810889,1.286795292,0.447965196,0.059754382
90.69992701,0.163988936,1.281860387,0.465091108,0.055034717
90.70456568,0.166977922,1.279109784,0.495737476,0.0566866
90.70920435,0.172148061,1.279433384,0.48942793,0.06258618
90.71384302,0.166008521,1.27563108,0.449767924,0.057079905
90.71848169,0.16528147,1.271343376,0.470499291,0.054641412
90.72312036,0.170774743,1.271019776,0.513764752,0.059833043
90.72775903,0.170290042,1.270048975,0.456978834,0.061406264
90.7323977,0.16528147,1.26551857,0.46328838,0.055113378
90.73703637,0.167139489,1.263253367,0.486723839,0.055899989
90.74167504,0.173925296,1.26608487,0.506553842,0.06258618
90.74631371,0.168512807,1.263496068,0.44886656,0.058417143
90.75095238,0.166089305,1.258884763,0.470499291,0.055192039
90.75559105,0.171501794,1.257994862,0.509257933,0.058574466
90.76022972,0.173602163,1.260179164,0.471400654,0.06258618
90.76486839,0.167058706,1.255406059,0.456978834,0.056607939
90.76950706,0.167058706,1.252089155,0.476808837,0.055742667
90.77414573,0.17400608,1.253221757,0.513764752,0.061956892
90.7787844,0.170290042,1.252008255,0.447965196,0.060698315
90.78342307,0.166170088,1.247639651,0.466893835,0.05597865
90.78806174,0.169724558,1.24658795,0.49663884,0.058102499
90.79270041,0.174167646,1.248610452,0.486723839,0.063608774
90.79733908,0.167301056,1.245536249,0.449767924,0.057787855
90.80197775,0.166170088,1.242542945,0.470499291,0.055899989
90.80661642,0.172794328,1.244484547,0.513764752,0.060698315
90.81125509,0.171582577,1.245050848,0.454274742,0.061642248
90.81589376,0.166089305,1.241167644,0.460584289,0.056135972
90.82053243,0.167704973,1.240196843,0.484921111,0.056843922
90.8251711,0.174086863,1.243190146,0.500244295,0.062979486
90.82980977,0.168189673,1.241248544,0.444359741,0.058810449
90.83444844,0.165443037,1.23760804,0.466893835,0.055506684
90.83908711,0.170451609,1.23712264,0.505652478,0.059125093
90.84372578,0.172228844,1.239630542,0.466893835,0.06258618
90.84836445,0.166008521,1.236637239,0.455176106,0.056293294
90.85300312,0.165927738,1.234695637,0.475907473,0.055506684
90.85764179,0.172955895,1.238012541,0.511962024,0.062114214
90.86228046,0.168916724,1.23793164,0.445261105,0.060069026
90.86691913,0.164958337,1.234695637,0.465992472,0.055585345
90.8715578,0.168593591,1.234129336,0.498441568,0.057787855
90.87619647,0.172551978,1.236879939,0.484921111,0.063136808
90.88083514,0.165846954,1.234614737,0.449767924,0.057315888
90.88547381,0.165119904,1.232025934,0.469597927,0.055192039
90.89011248,0.171097877,1.233482136,0.512863388,0.060147687
90.89475115,0.169320641,1.234533837,0.451570651,0.060855637
90.89938982,0.163988936,1.230893333,0.461485653,0.055664006
90.90402849,0.166089305,1.229841632,0.487625202,0.056450617
90.90866716,0.171905711,1.233239435,0.498441568,0.06258618
90.91330583,0.166493222,1.232430435,0.445261105,0.058259821
90.9179445,0.163746585,1.229922532,0.467795199,0.055113378
90.92258317,0.168916724,1.231216933,0.509257933,0.058967771
90.92722184,0.170613176,1.233724836,0.466893835,0.062035553
90.93186051,0.164877553,1.231136033,0.458781561,0.056135972
90.93649918,0.165604604,1.229679832,0.478611565,0.055821328
90.94113785,0.172148061,1.232349535,0.511962024,0.06179957
90.94577652,0.167947323,1.232754035,0.447965196,0.05959706
90.95041519,0.164231286,1.230812433,0.468696563,0.055428023
90.95505386,0.168189673,1.231702334,0.502047023,0.057787855
90.95969253,0.171744144,1.234291137,0.484921111,0.062822164
90.9643312,0.165443037,1.232592235,0.453373379,0.056843922
90.96896987,0.164312069,1.231216933,0.475006109,0.055034717
90.97360854,0.171340227,1.234048436,0.518271571,0.06038367
90.97824721,0.169239858,1.235181038,0.45607747,0.060619654
90.98288588,0.16455442,1.232025934,0.468696563,0.0552707
90.98752455,0.166977922,1.231621434,0.493934749,0.056371956
90.99216322,0.172875112,1.234776537,0.502948387,0.062664841
90.99680189,0.16762419,1.233724836,0.451570651,0.057945177
91.00144056,0.165766171,1.230327032,0.473203382,0.055113378
91.00607923,0.17166336,1.231459634,0.514666116,0.059046432
91.0107179,0.173440596,1.233239435,0.469597927,0.061484925
91.01535657,0.169239858,1.229760732,0.46328838,0.055899989
91.01999524,0.172067278,1.22838543,0.486723839,0.055742667
91.02463391,0.181842071,1.231136033,0.520074299,0.062114214
91.02927258,0.179014652,1.230407932,0.45607747,0.059518399
91.03391125,0.176995066,1.226605628,0.476808837,0.055034717
91.03854992,0.180953454,1.227010129,0.509257933,0.058023838
91.04318859,0.18418479,1.229841632,0.486723839,0.062743503
91.04782726,0.1778029,1.226848329,0.459682925,0.056843922
91.05246593,0.176268015,1.224906727,0.478611565,0.0552707
91.0571046,0.182165205,1.22781913,0.520975662,0.060934298
91.06174327,0.179984053,1.229032631,0.45607747,0.06109162
91.06638194,0.174652347,1.225877528,0.468696563,0.055349362
91.07102061,0.176914283,1.225311227,0.494836113,0.0566866
91.07565928,0.182003638,1.228709031,0.500244295,0.062822164
91.08029795,0.175460181,1.227333729,0.451570651,0.058102499
91.08493662,0.173036679,1.226282028,0.475006109,0.055349362
91.08957529,0.178691518,1.229841632,0.517370207,0.059439737
91.09421396,0.178610735,1.233320336,0.468696563,0.062192875
91.09885263,0.172713545,1.232349535,0.465992472,0.055821328
91.1034913,0.173440596,1.232025934,0.486723839,0.055742667
91.10812997,0.179741702,1.236313639,0.513764752,0.062035553
91.11276864,0.174409997,1.236070938,0.450669287,0.059046432
91.11740731,0.171259443,1.233077635,0.472302018,0.054956056
91.12204598,0.175217831,1.233805736,0.505652478,0.058023838
91.12668465,0.178045251,1.236232739,0.479512928,0.06258618
91.13132332,0.17117866,1.233401236,0.454274742,0.056293294
91.13596199,0.170774743,1.230488833,0.474104746,0.0552707
91.14060066,0.176752716,1.232834935,0.51556748,0.060934298
91.14523933,0.174086863,1.233077635,0.449767924,0.060305009
91.149878,0.168674374,1.229679832,0.465091108,0.054956056
91.15451667,0.171340227,1.228628131,0.492132021,0.056843922
91.15915534,0.176268015,1.231864134,0.493934749,0.06258618
91.16379401,0.169886125,1.229841632,0.447965196,0.057630533
91.16843268,0.16762419,1.227010129,0.469597927,0.055192039
91.17307135,0.173521379,1.22814273,0.511060661,0.059439737
91.17771002,0.172875112,1.228870831,0.459682925,0.06179957
91.18234869,0.166977922,1.225068527,0.459682925,0.055349362
91.18698736,0.168189673,1.223612325,0.480414292,0.056057311
91.19162603,0.174409997,1.225958428,0.505652478,0.062035553
91.1962647,0.169159074,1.225311227,0.443458377,0.058810449
91.20090337,0.166170088,1.222560624,0.465992472,0.055192039
91.20554204,0.170613176,1.222965125,0.501145659,0.058338482
91.21018071,0.173036679,1.224906727,0.473203382,0.062822164
91.21481938,0.166331655,1.222237024,0.451570651,0.056607939
91.21945805,0.166250871,1.219729121,0.470499291,0.0552707
91.22409672,0.172309628,1.221994324,0.511962024,0.061012959
91.22873539,0.169643775,1.222317924,0.446162468,0.060305009
91.23337406,0.16479677,1.219405521,0.46328838,0.055349362
91.23801273,0.16762419,1.219162821,0.491230657,0.057079905
91.2426514,0.172875112,1.222722424,0.48942793,0.062743503
91.24729007,0.166331655,1.221670723,0.447063832,0.057630533
91.25192874,0.16455442,1.21900102,0.468696563,0.054956056
91.25656741,0.170855526,1.220780822,0.511962024,0.059675721
91.26120608,0.170451609,1.222237024,0.45607747,0.061720909
91.26584475,0.164312069,1.21883922,0.459682925,0.055664006
91.27048342,0.166170088,1.217544819,0.483118383,0.055899989
91.27512209,0.172551978,1.220457222,0.505652478,0.062035553
91.27976076,0.167139489,1.220214522,0.446162468,0.058731788
91.28439943,0.163988936,1.217059418,0.466893835,0.055034717
91.2890381,0.168432024,1.217625719,0.50384975,0.05818116
91.29367677,0.170855526,1.220780822,0.470499291,0.062114214
91.29831544,0.164635203,1.21819202,0.453373379,0.056371956
91.30295411,0.16503912,1.216007717,0.473203382,0.055113378
91.30759278,0.171582577,1.21851562,0.512863388,0.061170281
91.31223145,0.16835124,1.219324621,0.446162468,0.059990365
91.31687012,0.163908152,1.216007717,0.46328838,0.055113378
91.32150879,0.166977922,1.215765017,0.493934749,0.056765261
91.32614746,0.17166336,1.21883922,0.487625202,0.06258618
91.33078613,0.16528147,1.217625719,0.447965196,0.057079905
91.3354248,0.164150503,1.215684117,0.468696563,0.054877395
91.34006347,0.170047692,1.217706619,0.512863388,0.059675721
91.34470214,0.169320641,1.220457222,0.45607747,0.061248942
91.34934081,0.163908152,1.217625719,0.461485653,0.055192039
91.35397948,0.165604604,1.216735818,0.484921111,0.055742667
91.35861815,0.171501794,1.219971821,0.502948387,0.062271536
91.36325682,0.166089305,1.21892012,0.445261105,0.058259821
91.36789549,0.163827369,1.216897618,0.467795199,0.054877395
91.37253416,0.168835941,1.217868419,0.506553842,0.058338482
91.37717283,0.170451609,1.220376322,0.469597927,0.062271536
91.3818115,0.164231286,1.217140318,0.454274742,0.05597865
91.38645017,0.164392853,1.215198716,0.474104746,0.055585345
91.39108884,0.170855526,1.21843472,0.511962024,0.061720909
91.39572751,0.167462623,1.219243721,0.445261105,0.059990365
91.40036618,0.163342668,1.215845917,0.464189744,0.055349362
91.40500485,0.166977922,1.216493118,0.494836113,0.057237227
91.40964352,0.17093631,1.219810021,0.485822475,0.062900825
91.41428219,0.164877553,1.21851562,0.449767924,0.057237227
91.41892086,0.163827369,1.217463919,0.471400654,0.055113378
91.42355953,0.170128476,1.221185323,0.516468843,0.060226348
91.4281982,0.169078291,1.224016826,0.458781561,0.06109162
91.43283687,0.163827369,1.221913423,0.465992472,0.055349362
91.43747554,0.165927738,1.223126925,0.490329294,0.056057311
91.44211421,0.172390411,1.229437131,0.508356569,0.062743503
91.44675288,0.166412438,1.232187734,0.45607747,0.058338482
91.45139155,0.164312069,1.233563036,0.480414292,0.054798734
91.45603022,0.170370826,1.239468742,0.521877026,0.058653127
91.46066889,0.172067278,1.245617149,0.481315656,0.062350197
91.46530756,0.165685387,1.244160947,0.467795199,0.056135972
91.46994623,0.166089305,1.243271046,0.485822475,0.055349362
91.4745849,0.172794328,1.248448652,0.520074299,0.06179957
91.47922357,0.168593591,1.250147553,0.453373379,0.059518399
91.48386224,0.164715986,1.249176752,0.473203382,0.055034717
91.48850091,0.168189673,1.250713854,0.505652478,0.057394549
91.49313958,0.172309628,1.254677958,0.491230657,0.06258618
91.49777825,0.166089305,1.255001559,0.458781561,0.056843922
91.50241692,0.16528147,1.257185861,0.480414292,0.055192039
91.50705559,0.172067278,1.265033169,0.5299893,0.060619654
91.51169426,0.170613176,1.271666976,0.471400654,0.061563586
91.51633293,0.165846954,1.273042278,0.481315656,0.055664006
91.5209716,0.167947323,1.27546928,0.50384975,0.056607939
91.52561027,0.173925296,1.280242385,0.512863388,0.062743503
91.53024894,0.168270457,1.280565986,0.457880198,0.058338482
91.53488761,0.165685387,1.278543484,0.478611565,0.0552707
91.53952628,0.171097877,1.279999685,0.516468843,0.059125093
91.54416495,0.172632762,1.282183987,0.471400654,0.062507519
91.54880362,0.166574005,1.279756985,0.462387016,0.056529278
91.55344229,0.167058706,1.279756985,0.483118383,0.05597865
91.55808096,0.173763729,1.282103087,0.516468843,0.062114214
91.56271963,0.169401425,1.281536787,0.450669287,0.059675721
91.5673583,0.165927738,1.278462583,0.470499291,0.055113378
91.57199697,0.169966909,1.278543484,0.502948387,0.057709194
91.57663564,0.173844513,1.281051386,0.484921111,0.062743503
91.58127431,0.167543406,1.278219883,0.453373379,0.056607939
91.58591298,0.166412438,1.275711981,0.474104746,0.0552707
91.59055165,0.172875112,1.276601881,0.517370207,0.060540992
91.59519032,0.17117866,1.277249082,0.453373379,0.060934298
91.59982899,0.166008521,1.273527678,0.465992472,0.0552707
91.60446766,0.168432024,1.271828776,0.492132021,0.056293294
91.60910633,0.174167646,1.274174879,0.500244295,0.062822164
91.613745,0.167543406,1.272880478,0.44886656,0.05818116
91.61838367,0.165119904,1.268916373,0.471400654,0.055113378
91.62302234,0.171259443,1.271828776,0.516468843,0.059203754
91.62766101,0.171824927,1.276197381,0.473203382,0.061720909
91.63229968,0.165443037,1.27530748,0.469597927,0.055664006
91.63693835,0.166170088,1.274579379,0.48942793,0.055664006
91.64157702,0.172955895,1.277815383,0.519172935,0.062114214
91.64621569,0.168916724,1.276197381,0.453373379,0.059675721
91.65085436,0.16528147,1.271424276,0.473203382,0.055742667
91.65549303,0.169239858,1.269887174,0.505652478,0.058102499
91.6601317,0.172471195,1.270777075,0.484019747,0.062900825
91.66477037,0.165685387,1.266570271,0.455176106,0.056765261
91.66940904,0.165362254,1.263010667,0.474104746,0.055428023
91.67404771,0.17166336,1.263738768,0.516468843,0.061012959
91.67868638,0.169159074,1.263172467,0.450669287,0.060855637
91.68332505,0.164231286,1.258642062,0.465091108,0.055664006
91.68796372,0.166574005,1.25645776,0.491230657,0.057158566
91.69260239,0.171986494,1.257833062,0.494836113,0.063058147
91.69724106,0.166008521,1.255001559,0.446162468,0.05818116
91.70187973,0.163746585,1.250956554,0.468696563,0.055428023
91.7065184,0.169805342,1.251927355,0.511060661,0.059911704
91.71115707,0.170209259,1.252817256,0.46328838,0.062428858
91.71579574,0.164150503,1.249904853,0.460584289,0.056293294
91.72043441,0.165443037,1.247720551,0.48221702,0.056057311
91.72507308,0.171744144,1.249662153,0.509257933,0.062035553
91.72971175,0.166493222,1.24731605,0.446162468,0.059203754
91.73435042,0.163423452,1.243756447,0.466893835,0.055192039
91.73898909,0.167785756,1.242947446,0.501145659,0.058102499
91.74362776,0.171017093,1.244727248,0.476808837,0.062743503
91.74826643,0.164150503,1.242057545,0.451570651,0.056529278
91.7529051,0.163746585,1.239630542,0.471400654,0.0552707
91.75754377,0.170532393,1.241814845,0.513764752,0.06109162
91.76218244,0.168028107,1.242219345,0.44886656,0.060619654
91.76682111,0.163100318,1.238255241,0.464189744,0.055428023
91.77145978,0.165604604,1.236718139,0.492132021,0.057079905
91.77609845,0.171097877,1.239711442,0.493033385,0.062743503
91.78073712,0.164715986,1.23768894,0.447965196,0.057709194
91.78537579,0.162938751,1.235504638,0.470499291,0.055349362
91.79001446,0.169159074,1.23736534,0.513764752,0.059439737
91.79465313,0.169320641,1.239226042,0.462387016,0.061878231
91.7992918,0.163504235,1.236070938,0.462387016,0.055899989
91.80393047,0.164877553,1.235181038,0.484921111,0.05597865
91.80856914,0.17142101,1.238659741,0.510159297,0.062507519
91.81320781,0.166089305,1.23768894,0.449767924,0.05888911
91.81784648,0.163261885,1.234938337,0.470499291,0.055113378
91.82248515,0.16810889,1.235585538,0.506553842,0.058338482
91.82712382,0.170855526,1.238902441,0.478611565,0.062507519
91.83176249,0.164231286,1.236556339,0.456978834,0.056607939
91.83640116,0.164150503,1.234695637,0.475006109,0.055585345
91.84103983,0.170855526,1.23768894,0.516468843,0.061170281
91.8456785,0.16810889,1.238255241,0.44886656,0.060462331
91.85031717,0.163504235,1.233886636,0.464189744,0.055506684
91.85495584,0.166816355,1.233239435,0.492132021,0.057315888
91.85959451,0.17166336,1.235504638,0.48942793,0.063136808
91.86423318,0.16503912,1.232187734,0.446162468,0.057551872
91.86887185,0.163746585,1.229841632,0.466893835,0.055506684
91.87351052,0.169401425,1.230974233,0.510159297,0.060147687
91.87814919,0.169320641,1.232915835,0.457880198,0.062035553
91.88278786,0.163261885,1.229113531,0.460584289,0.055821328
91.88742653,0.16503912,1.22765733,0.483118383,0.056293294
91.8920652,0.171744144,1.230893333,0.504751114,0.06258618
91.89670387,0.166412438,1.229922532,0.446162468,0.058967771
91.90134254,0.163908152,1.227495529,0.467795199,0.055506684
91.90598121,0.168916724,1.228789931,0.507455206,0.058417143
91.91061988,0.17142101,1.232430435,0.475006109,0.06258618
91.91525855,0.164877553,1.230165232,0.457880198,0.056371956
91.91989722,0.164958337,1.229194431,0.476808837,0.055349362
91.92453589,0.171744144,1.231945034,0.518271571,0.061248942
91.92917456,0.168755157,1.232511335,0.451570651,0.059833043
91.93381323,0.164715986,1.229275331,0.470499291,0.0552707
91.9384519,0.168189673,1.231055133,0.502948387,0.057158566
91.94309057,0.173279029,1.23704174,0.499342932,0.062979486
91.94772924,0.167220272,1.236151839,0.459682925,0.057394549
91.95236791,0.166008521,1.235666438,0.480414292,0.055349362
91.95700658,0.172551978,1.240763143,0.524581117,0.059990365
91.96164525,0.172390411,1.244484547,0.470499291,0.061248942
91.96628392,0.166816355,1.245212648,0.477710201,0.055428023
91.97092259,0.168835941,1.247639651,0.501145659,0.056214633
91.97556126,0.174894697,1.254111658,0.520975662,0.062664841
91.98019993,0.169886125,1.25678136,0.46328838,0.058653127
91.9848386,0.166977922,1.25637686,0.484921111,0.0552707
91.98947727,0.172067278,1.259774664,0.52277839,0.058495805
91.99411594,0.174409997,1.264547769,0.486723839,0.062114214
91.99875461,0.16786654,1.263657868,0.470499291,0.05597865
92.00339328,0.167785756,1.262848867,0.488526566,0.055428023
92.00803195,0.17473313,1.266327571,0.526383845,0.06109162
92.01267062,0.171017093,1.266408471,0.458781561,0.059675721
92.01730929,0.167220272,1.263334267,0.475907473,0.0552707
92.02194796,0.170613176,1.262039866,0.50384975,0.057315888
92.02658663,0.175217831,1.263415167,0.492132021,0.062900825
92.0312253,0.168512807,1.259046563,0.452472015,0.057237227
92.03586397,0.166977922,1.254516158,0.471400654,0.0552707
92.04050264,0.172955895,1.254516158,0.514666116,0.060069026
92.04514131,0.171744144,1.254030758,0.454274742,0.061327603
92.04977998,0.166412438,1.249095852,0.461485653,0.055428023
92.05441865,0.168674374,1.246102549,0.484921111,0.056371956
92.05905732,0.17449078,1.24666885,0.500244295,0.062743503
92.06369599,0.16835124,1.244241847,0.443458377,0.058417143
92.06833466,0.165846954,1.240035043,0.465992472,0.055428023
92.07297333,0.170855526,1.239792342,0.504751114,0.058731788
92.077612,0.172390411,1.240115943,0.465992472,0.062271536
92.08225067,0.165685387,1.235423738,0.452472015,0.055899989
92.08688934,0.165846954,1.232834935,0.472302018,0.055506684
92.09152801,0.171986494,1.235019237,0.508356569,0.061642248
92.09616668,0.168432024,1.234291137,0.444359741,0.059675721
92.10080535,0.164473636,1.229760732,0.464189744,0.055113378
92.10544402,0.168189673,1.229194431,0.494836113,0.057709194
92.11008269,0.171986494,1.230569733,0.481315656,0.06258618
92.11472136,0.16528147,1.226929229,0.447965196,0.0566866
92.11936003,0.164312069,1.224016826,0.467795199,0.055585345
92.1239987,0.170532393,1.225553927,0.512863388,0.060540992
92.12863737,0.169320641,1.225958428,0.453373379,0.061012959
92.13327604,0.163585019,1.222398824,0.462387016,0.055585345
92.13791471,0.165604604,1.221104423,0.486723839,0.0566866
92.14255338,0.171340227,1.223935926,0.501145659,0.062900825
92.14719205,0.165523821,1.222237024,0.44886656,0.058259821
92.15183072,0.163423452,1.21883922,0.471400654,0.0552707
92.15646939,0.168189673,1.219162821,0.510159297,0.059203754
92.16110806,0.169320641,1.220780822,0.466893835,0.06258618
92.16574673,0.163100318,1.216735818,0.457880198,0.056214633
92.1703854,0.163504235,1.214308815,0.476808837,0.055742667
92.17502407,0.170209259,1.216735818,0.510159297,0.061878231
92.17966274,0.165766171,1.216493118,0.445261105,0.059439737
92.18430141,0.162615618,1.212933514,0.465091108,0.055192039
92.18894008,0.166331655,1.213095314,0.498441568,0.057945177
92.19357875,0.170128476,1.216088617,0.480414292,0.062900825
92.19821742,0.163504235,1.213904315,0.449767924,0.057237227
92.20285609,0.163100318,1.211639113,0.469597927,0.055506684
92.20749476,0.169078291,1.213257114,0.512863388,0.061012959
92.21213343,0.167704973,1.214470616,0.450669287,0.061170281
92.2167721,0.162373267,1.211072812,0.461485653,0.055506684
92.22141077,0.16455442,1.210102011,0.486723839,0.056607939
92.22604944,0.170532393,1.213985215,0.49663884,0.062900825
92.23068811,0.164069719,1.212529014,0.445261105,0.058023838
92.23532678,0.162615618,1.209940211,0.466893835,0.0552707
92.23996545,0.16835124,1.212124513,0.508356569,0.059518399
92.24460412,0.168755157,1.214308815,0.46328838,0.062350197
92.24924279,0.162373267,1.210668312,0.456978834,0.056057311
92.25388146,0.163504235,1.20945481,0.477710201,0.056057311
92.25852013,0.170128476,1.212609914,0.509257933,0.062192875
92.2631588,0.165362254,1.212529014,0.445261105,0.059518399
92.26779747,0.161807783,1.210182911,0.465992472,0.055113378
92.27243614,0.166170088,1.210749212,0.500244295,0.057866516
92.27707481,0.169643775,1.214632416,0.478611565,0.062900825
92.28171348,0.162615618,1.212690814,0.449767924,0.0566866
92.28635215,0.162373267,1.210991912,0.470499291,0.0552707
92.29099082,0.169159074,1.213742515,0.512863388,0.060934298
92.29562949,0.167058706,1.214956016,0.44886656,0.060698315
92.30026816,0.162292484,1.211072812,0.462387016,0.055428023
92.30490683,0.164715986,1.210587411,0.488526566,0.056529278
92.3095455,0.170370826,1.214470616,0.493033385,0.062822164
92.31418417,0.164312069,1.212529014,0.444359741,0.057866516
92.31882284,0.1622117,1.210182911,0.466893835,0.054877395
92.32346151,0.167381839,1.211234612,0.507455206,0.059203754
92.32810018,0.16835124,1.213985215,0.460584289,0.061956892
92.33273885,0.162615618,1.211477312,0.456978834,0.055585345
92.33737752,0.163585019,1.210830112,0.479512928,0.055585345
92.34201619,0.170451609,1.214551516,0.507455206,0.062192875
92.34665486,0.165119904,1.214308815,0.445261105,0.059125093
92.35129353,0.16196935,1.210991912,0.466893835,0.054956056
92.3559322,0.166412438,1.212367213,0.502047023,0.058023838
92.36057087,0.169643775,1.216816718,0.479512928,0.06258618
92.36520954,0.162857968,1.215117816,0.45607747,0.056371956
92.36984821,0.162373267,1.215684117,0.477710201,0.055113378
92.37448688,0.169239858,1.220699922,0.520074299,0.060855637
92.37912555,0.167220272,1.223531425,0.455176106,0.060226348
92.38376422,0.162373267,1.221751623,0.469597927,0.055113378
92.38840289,0.165443037,1.221670723,0.495737476,0.056450617
92.39304156,0.170693959,1.224340426,0.494836113,0.062664841
92.39768023,0.164635203,1.221508923,0.44886656,0.057158566
92.4023189,0.162857968,1.21867742,0.470499291,0.05448409
92.40695757,0.168835941,1.220619022,0.511962024,0.059439737
92.41159624,0.168432024,1.221670723,0.459682925,0.061720909
92.41623491,0.162777184,1.21867742,0.459682925,0.055821328
92.42087358,0.163988936,1.217868419,0.481315656,0.055899989
92.42551225,0.170290042,1.221347123,0.505652478,0.062350197
92.43015092,0.165443037,1.219890921,0.444359741,0.058810449
92.43478959,0.162373267,1.216412218,0.465992472,0.054956056
92.43942826,0.166735572,1.21819202,0.502047023,0.05818116
92.44406693,0.169724558,1.221428023,0.473203382,0.062507519
92.4487056,0.163100318,1.21859652,0.452472015,0.056607939
92.45334427,0.163261885,1.216654918,0.470499291,0.055585345
92.45798294,0.169724558,1.21883922,0.512863388,0.061248942
92.46262161,0.166735572,1.21900102,0.447063832,0.060698315
92.46726028,0.162373267,1.216493118,0.464189744,0.055428023
92.47189895,0.16503912,1.215845917,0.493033385,0.057001244
92.47653762,0.169966909,1.21892012,0.490329294,0.062664841
92.48117629,0.164069719,1.217625719,0.447063832,0.057473211
92.48581496,0.162454051,1.216169517,0.467795199,0.055192039
92.49045363,0.168512807,1.218030219,0.510159297,0.059833043
92.4950923,0.16810889,1.219324621,0.45607747,0.061563586
92.49973097,0.162454051,1.216412218,0.458781561,0.055506684
92.50436964,0.163908152,1.215117816,0.48221702,0.056214633
92.50900831,0.170532393,1.21867742,0.502948387,0.062428858
92.51364698,0.165119904,1.217544819,0.443458377,0.058967771
92.51828565,0.162777184,1.214227915,0.465091108,0.055428023
92.52292432,0.167220272,1.213985215,0.502948387,0.058495805
92.52756299,0.169886125,1.216816718,0.469597927,0.062822164
92.53220166,0.163261885,1.213418914,0.450669287,0.056529278
92.53684033,0.163261885,1.210991912,0.470499291,0.055821328
92.541479,0.169966909,1.213338014,0.511060661,0.061484925
92.54611767,0.166654788,1.212609914,0.444359741,0.060069026
92.55075634,0.162373267,1.20953571,0.462387016,0.055349362
92.55539501,0.165685387,1.20888851,0.491230657,0.057158566
92.56003368,0.170451609,1.211881813,0.485822475,0.063058147
92.56467235,0.163827369,1.20969751,0.445261105,0.057315888
92.56931102,0.162777184,1.206542407,0.466893835,0.055113378
92.57394969,0.168916724,1.208160409,0.510159297,0.060069026
92.57858836,0.168189673,1.20880761,0.453373379,0.061484925
92.58322703,0.162454051,1.205005306,0.457880198,0.055742667
92.5878657,0.164392853,1.204519905,0.480414292,0.056214633
92.59250437,0.171259443,1.207594108,0.498441568,0.06258618
92.59714304,0.165523821,1.206299707,0.442557013,0.058810449
92.60178171,0.162777184,1.203387304,0.465992472,0.054956056
92.60642038,0.16786654,1.204034504,0.504751114,0.058495805
92.61105905,0.169966909,1.206623307,0.468696563,0.062114214
92.61569772,0.163585019,1.204358105,0.453373379,0.056135972
92.62033639,0.163746585,1.203063703,0.474104746,0.055585345
92.62497506,0.170370826,1.206785107,0.512863388,0.061720909
92.62961373,0.166816355,1.207917709,0.447063832,0.060069026
92.6342524,0.162696401,1.205733406,0.465992472,0.0552707
92.63889107,0.166089305,1.206299707,0.49663884,0.057158566
92.64352974,0.17093631,1.210506511,0.486723839,0.062822164
92.64816841,0.163908152,1.208403109,0.44886656,0.057237227
92.65280708,0.163100318,1.206137907,0.468696563,0.055192039
92.65744575,0.169401425,1.208079509,0.511962024,0.060147687
92.66208442,0.168432024,1.20937391,0.452472015,0.061406264
92.66672309,0.162857968,1.205733406,0.459682925,0.055821328
92.67136176,0.16479677,1.205248006,0.484019747,0.056371956
92.67600043,0.171097877,1.20880761,0.499342932,0.062664841
92.6806391,0.16528147,1.208241309,0.441655649,0.058653127
92.68527777,0.162696401,1.205652506,0.465091108,0.0552707
92.68991644,0.167947323,1.206785107,0.50384975,0.058810449
92.69455511,0.169886125,1.210344711,0.465091108,0.062350197
92.69919378,0.163665802,1.208160409,0.453373379,0.056293294
92.70383245,0.163746585,1.206380607,0.474104746,0.055664006
92.70847112,0.170693959,1.210102011,0.510159297,0.061878231
92.71310979,0.166735572,1.210749212,0.444359741,0.059754382
92.71774846,0.162696401,1.207755908,0.464189744,0.055192039
92.72238713,0.166331655,1.208403109,0.495737476,0.057237227
92.7270258,0.170451609,1.211153712,0.48221702,0.062428858
92.73166447,0.163746585,1.20905031,0.447063832,0.057158566
92.73630314,0.163100318,1.207027808,0.467795199,0.055349362
92.74094181,0.169482208,1.20953571,0.511060661,0.060540992
92.74558048,0.16810889,1.210668312,0.450669287,0.061248942
92.75021915,0.162777184,1.208079509,0.459682925,0.055585345
92.75485782,0.165200687,1.207917709,0.484019747,0.056607939
92.75949649,0.170855526,1.210587411,0.497540204,0.06258618
92.76413516,0.165604604,1.209859311,0.443458377,0.057945177
92.76877383,0.163261885,1.207675008,0.465992472,0.055034717
92.7734125,0.168432024,1.20937391,0.505652478,0.058653127
92.77805117,0.169805342,1.211477312,0.464189744,0.062271536
92.78268984,0.163746585,1.20888851,0.454274742,0.056371956
92.78732851,0.164392853,1.208241309,0.475006109,0.055899989
92.79196718,0.171744144,1.212852614,0.510159297,0.061956892
92.79660585,0.16762419,1.213338014,0.445261105,0.059675721
92.80124452,0.163988936,1.211234612,0.465091108,0.055585345
92.80588319,0.167704973,1.212448113,0.499342932,0.057630533
92.81052186,0.17142101,1.216331318,0.481315656,0.063372791
92.81516053,0.165119904,1.215036916,0.449767924,0.057551872
92.8197992,0.164473636,1.213338014,0.470499291,0.055585345
92.82443787,0.170693959,1.216654918,0.514666116,0.060934298
92.82907654,0.168916724,1.21867742,0.452472015,0.06109162
92.83371521,0.163988936,1.216088617,0.46328838,0.05597865
92.83835388,0.166331655,1.216412218,0.48942793,0.057158566
92.84299255,0.172148061,1.220619022,0.499342932,0.063215469
92.84763122,0.166250871,1.220295422,0.447063832,0.058338482
92.85226989,0.164069719,1.21859652,0.468696563,0.055428023
92.85690856,0.169401425,1.221185323,0.510159297,0.059361076
92.86154723,0.171017093,1.224583126,0.465091108,0.062271536
92.8661859,0.164473636,1.221832523,0.458781561,0.056057311
92.87082457,0.165523821,1.220942622,0.479512928,0.056293294
92.87546324,0.172471195,1.224340426,0.511060661,0.062350197
92.88010191,0.167785756,1.225230327,0.446162468,0.059911704
92.88474058,0.164473636,1.222641524,0.466893835,0.055428023
92.88937925,0.16835124,1.223288725,0.502047023,0.05818116
92.89401792,0.171905711,1.226201128,0.480414292,0.062979486
92.89865659,0.165443037,1.223126925,0.452472015,0.057079905
92.90329526,0.164958337,1.221347123,0.472302018,0.055742667
92.90793393,0.171340227,1.223774125,0.51556748,0.061012959
92.9125726,0.169078291,1.224259526,0.450669287,0.061012959
92.91721127,0.163665802,1.220619022,0.464189744,0.055821328
92.92184994,0.165927738,1.220214522,0.490329294,0.057315888
92.92648861,0.171744144,1.222722424,0.49663884,0.062979486
92.93112728,0.165685387,1.220295422,0.446162468,0.058417143
92.93576595,0.163665802,1.217625719,0.467795199,0.055664006
92.94040462,0.169562992,1.21908192,0.510159297,0.059675721
92.94504329,0.170532393,1.221104423,0.461485653,0.062114214
92.94968196,0.164392853,1.216978518,0.456978834,0.056135972
92.95432063,0.165362254,1.214956016,0.478611565,0.056057311
92.9589593,0.172551978,1.217787519,0.507455206,0.062350197
92.96359797,0.167139489,1.217140318,0.444359741,0.059675721
92.96823664,0.163423452,1.214470616,0.465992472,0.055664006
92.97287531,0.16810889,1.214956016,0.501145659,0.058259821
92.97751398,0.171017093,1.216412218,0.476808837,0.062822164
92.98215265,0.16455442,1.213499815,0.451570651,0.0566866
92.98679132,0.163988936,1.211396412,0.470499291,0.055585345
92.99142999,0.170370826,1.214147015,0.512863388,0.06109162
92.99606866,0.16786654,1.213985215,0.447063832,0.060462331
93.00070733,0.163261885,1.210749212,0.46328838,0.0552707
93.005346,0.165766171,1.20953571,0.48942793,0.056843922
93.00998467,0.17093631,1.212852614,0.491230657,0.062900825
93.01462334,0.164392853,1.210182911,0.444359741,0.057945177
93.01926201,0.162938751,1.207917709,0.466893835,0.055192039
93.02390068,0.16835124,1.20969751,0.510159297,0.059675721
93.02853935,0.168674374,1.211153712,0.458781561,0.06179957
93.03317802,0.163261885,1.208564909,0.456978834,0.055821328
93.03781669,0.164312069,1.206704207,0.479512928,0.055899989
93.04245536,0.17093631,1.209940211,0.50384975,0.062271536
93.04709403,0.165766171,1.20929301,0.442557013,0.059125093
93.0517327,0.162615618,1.206380607,0.46328838,0.055349362
93.05637137,0.167139489,1.207189608,0.500244295,0.058259821
93.06101004,0.170047692,1.210102011,0.472302018,0.062664841
93.06564871,0.163827369,1.207755908,0.450669287,0.056922583
93.07028738,0.163423452,1.206461507,0.470499291,0.055742667
93.07492605,0.169805342,1.20961661,0.511962024,0.061484925
93.07956472,0.166977922,1.210102011,0.446162468,0.060305009
93.08420339,0.162534834,1.207027808,0.46328838,0.055664006
93.08884206,0.165523821,1.207270508,0.491230657,0.057394549
93.09348073,0.170693959,1.211234612,0.48942793,0.062900825
93.0981194,0.164231286,1.209940211,0.446162468,0.057709194
93.10275807,0.162857968,1.208726709,0.469597927,0.0552707
93.10739674,0.168835941,1.212852614,0.513764752,0.060226348
93.11203541,0.168835941,1.217140318,0.462387016,0.061878231
93.11667408,0.162938751,1.216088617,0.465091108,0.055899989
93.12131275,0.164715986,1.216735818,0.486723839,0.056450617
93.12595142,0.17117866,1.220861722,0.509257933,0.062664841
93.13059009,0.166008521,1.220699922,0.44886656,0.059203754
93.13522876,0.163100318,1.21835382,0.469597927,0.055349362
93.13986743,0.167947323,1.220133622,0.506553842,0.058574466
93.1445061,0.170693959,1.222560624,0.475006109,0.062900825
93.14914477,0.163746585,1.219890921,0.455176106,0.056607939
93.15378344,0.163827369,1.217383019,0.473203382,0.055821328
93.15842211,0.170693959,1.219567321,0.512863388,0.061563586
93.16306078,0.167381839,1.219405521,0.446162468,0.060305009
93.16769945,0.163181101,1.215765017,0.46328838,0.055349362
93.17233812,0.166331655,1.215926817,0.493033385,0.057394549
93.17697679,0.170693959,1.21835382,0.487625202,0.06329413
93.18161546,0.164392853,1.214875116,0.446162468,0.057551872
93.18625413,0.163261885,1.211962713,0.466893835,0.055506684
93.1908928,0.169562992,1.213499815,0.509257933,0.060226348
93.19553147,0.16835124,1.213904315,0.453373379,0.061406264
93.20017014,0.162696401,1.209940211,0.457880198,0.055821328
93.20480881,0.164231286,1.208484009,0.481315656,0.056135972
93.20944748,0.170451609,1.211315512,0.500244295,0.062507519
93.21408615,0.164877553,1.210182911,0.441655649,0.058574466
93.21872482,0.162534834,1.207027808,0.464189744,0.055428023
93.22336349,0.167058706,1.207432308,0.50384975,0.058967771
93.22800216,0.168835941,1.20921211,0.467795199,0.062743503
93.23264083,0.163181101,1.206866007,0.451570651,0.056607939
93.2372795,0.162857968,1.205733406,0.471400654,0.055585345
93.24191817,0.169805342,1.208564909,0.511060661,0.06179957
93.24655684,0.166170088,1.208484009,0.445261105,0.060226348
93.25119551,0.162454051,1.205733406,0.464189744,0.055349362
93.25583418,0.165927738,1.206542407,0.495737476,0.057630533
93.26047285,0.169966909,1.210344711,0.485822475,0.063451452
93.26511152,0.163423452,1.207917709,0.44886656,0.057709194
93.26975019,0.162050134,1.207027808,0.469597927,0.055664006
93.27438886,0.168835941,1.20929301,0.512863388,0.060540992
93.27902753,0.167220272,1.209940211,0.453373379,0.061878231
93.2836662,0.161888567,1.206057007,0.460584289,0.055664006
93.28830487,0.163908152,1.205005306,0.484019747,0.056450617
93.29294354,0.170128476,1.208160409,0.499342932,0.06258618
93.29758221,0.164392853,1.207270508,0.443458377,0.058574466
93.30222088,0.162130917,1.203953604,0.465992472,0.0552707
93.30685955,0.167058706,1.204600805,0.504751114,0.059203754
93.31149822,0.168593591,1.207108708,0.465992472,0.062743503
93.31613689,0.162373267,1.204277205,0.453373379,0.056135972
93.32077556,0.162777184,1.202416503,0.474104746,0.056057311
93.32541423,0.169724558,1.205490706,0.510159297,0.061878231
93.3300529,0.165362254,1.204439005,0.444359741,0.060462331
93.33469157,0.16148465,1.201445702,0.465091108,0.055742667
93.33933024,0.165362254,1.201607502,0.49663884,0.057945177
93.34396891,0.169239858,1.204924405,0.483118383,0.06329413
93.34860758,0.162857968,1.203063703,0.44886656,0.057394549
93.35324625,0.161646217,1.201283902,0.469597927,0.055428023
93.35788492,0.168270457,1.203630004,0.512863388,0.060619654
93.36252359,0.167301056,1.204762605,0.452472015,0.061327603
93.36716226,0.16148465,1.201688402,0.461485653,0.055664006
93.37180093,0.163827369,1.201203001,0.485822475,0.056843922
93.3764396,0.169562992,1.205167106,0.498441568,0.063058147
93.38107827,0.163665802,1.204519905,0.445261105,0.058495805
93.38571694,0.161323083,1.202497403,0.467795199,0.055428023
93.39035561,0.166654788,1.203953604,0.507455206,0.059282415
93.39499428,0.168270457,1.205976107,0.465992472,0.062507519
93.39963295,0.162292484,1.202982803,0.45607747,0.056450617
93.40427162,0.162696401,1.201283902,0.476808837,0.055899989
93.40891029,0.169724558,1.204681705,0.511060661,0.061956892
93.41354896,0.165200687,1.205167106,0.445261105,0.059990365
93.41818763,0.161403866,1.202092902,0.465992472,0.055428023
93.4228263,0.165200687,1.202740103,0.498441568,0.057630533
93.42746497,0.169159074,1.206380607,0.481315656,0.062979486
93.43210364,0.162534834,1.204034504,0.450669287,0.057158566
93.43674231,0.161646217,1.202254703,0.471400654,0.055742667
93.44138098,0.168432024,1.205733406,0.51556748,0.060934298
93.44601965,0.166897139,1.207675008,0.452472015,0.061248942
93.45065832,0.161403866,1.205167106,0.465091108,0.055821328
93.45529699,0.163423452,1.205490706,0.490329294,0.057079905
93.45993566,0.170047692,1.210668312,0.500244295,0.063136808
93.46457433,0.164069719,1.210102011,0.44886656,0.058338482
93.469213,0.161727,1.208322209,0.470499291,0.055506684
93.47385167,0.16762419,1.210102011,0.511962024,0.059361076
93.47849034,0.16835124,1.213499815,0.466893835,0.062271536
93.48312901,0.162292484,1.211477312,0.459682925,0.056214633
93.48776768,0.163181101,1.210911012,0.481315656,0.05597865
93.49240635,0.169966909,1.214632416,0.511060661,0.062350197
93.49704502,0.165362254,1.214875116,0.447965196,0.059754382
93.50168369,0.161727,1.213014414,0.469597927,0.055428023
93.50632236,0.166008521,1.214066115,0.502948387,0.057945177
93.51096103,0.169562992,1.217949319,0.48221702,0.062822164
93.5155997,0.163100318,1.217544819,0.455176106,0.057237227
93.52023837,0.162857968,1.21875832,0.476808837,0.055506684
93.52487704,0.169966909,1.225715727,0.52277839,0.061012959
93.52951571,0.168028107,1.231136033,0.460584289,0.060855637
93.53415438,0.163100318,1.233239435,0.475907473,0.055664006
93.53879305,0.165927738,1.238740641,0.504751114,0.056922583
93.54343172,0.171824927,1.247882351,0.511060661,0.062900825
93.54807039,0.165362254,1.251118354,0.460584289,0.05818116
93.55270906,0.164231286,1.253059956,0.481315656,0.055349362
93.55734773,0.169966909,1.257590361,0.52277839,0.059518399
93.5619864,0.170855526,1.261149965,0.473203382,0.062350197
93.56662507,0.164635203,1.258642062,0.467795199,0.056214633
93.57126374,0.166250871,1.257185861,0.487625202,0.05597865
93.57590241,0.172794328,1.259936464,0.514666116,0.062507519
93.58054108,0.16786654,1.258642062,0.450669287,0.05959706
93.58517975,0.164877553,1.255325159,0.471400654,0.055506684
93.58981842,0.168916724,1.255325159,0.508356569,0.058023838
93.59445709,0.172390411,1.257833062,0.483118383,0.062822164
93.59909576,0.165362254,1.254597058,0.456978834,0.056922583
93.60373443,0.16528147,1.251361055,0.475907473,0.055506684
93.6083731,0.172067278,1.252250956,0.517370207,0.06109162
93.61301177,0.169401425,1.250632954,0.449767924,0.060540992
93.61765044,0.16455442,1.244808148,0.465091108,0.055742667
93.62228911,0.167301056,1.243028346,0.492132021,0.057001244
93.62692778,0.172309628,1.244241847,0.493033385,0.062664841
93.63156645,0.166008521,1.240844044,0.446162468,0.057630533
93.63620512,0.163988936,1.23744624,0.467795199,0.0552707
93.64084379,0.169724558,1.23744624,0.510159297,0.05959706
93.64548246,0.169886125,1.23752714,0.459682925,0.062035553
93.65012113,0.163585019,1.232673135,0.457880198,0.056057311
93.6547598,0.164715986,1.230084332,0.479512928,0.056057311
93.65939847,0.171017093,1.232268634,0.505652478,0.062035553
93.66403714,0.166170088,1.230974233,0.443458377,0.059125093
93.66867581,0.162615618,1.226767429,0.465091108,0.0552707
93.67331448,0.167058706,1.226686529,0.502047023,0.058417143
93.67795315,0.170370826,1.228628131,0.473203382,0.062822164
93.68259182,0.163342668,1.224583126,0.451570651,0.056607939
93.68723049,0.163423452,1.222398824,0.471400654,0.055664006
93.69186916,0.170047692,1.224987627,0.512863388,0.061170281
93.69650783,0.167058706,1.225149427,0.447063832,0.060540992
93.7011465,0.162454051,1.221994324,0.465091108,0.055664006
93.70578517,0.165523821,1.221751623,0.493934749,0.057001244
93.71042384,0.170693959,1.224987627,0.493033385,0.062979486
93.71506251,0.164473636,1.223935926,0.450669287,0.057551872
93.71970118,0.162938751,1.222156124,0.471400654,0.055428023
93.72433985,0.168997508,1.224340426,0.514666116,0.060147687
93.72897852,0.168593591,1.226524728,0.460584289,0.062114214
93.73361719,0.163100318,1.223935926,0.46328838,0.056057311
93.73825586,0.164150503,1.222884224,0.485822475,0.056214633
93.74289453,0.170774743,1.226201128,0.508356569,0.062271536
93.7475332,0.16528147,1.225553927,0.447965196,0.058495805
93.75217187,0.1622117,1.223126925,0.467795199,0.055349362
93.75681054,0.166977922,1.223612325,0.504751114,0.058417143
93.76144921,0.169643775,1.225958428,0.473203382,0.062900825
93.76608788,0.162938751,1.223369625,0.454274742,0.056450617
93.77072655,0.163261885,1.221508923,0.473203382,0.055585345
93.77536522,0.169562992,1.222965125,0.513764752,0.061327603
93.78000389,0.166493222,1.222641524,0.447063832,0.060540992
93.78464256,0.16196935,1.21883922,0.464189744,0.055428023
93.78928123,0.16503912,1.21819202,0.493033385,0.057079905
93.7939199,0.169724558,1.220457222,0.487625202,0.062900825
93.79855857,0.163261885,1.217706619,0.446162468,0.057473211
93.80319724,0.161727,1.214551516,0.467795199,0.055192039
93.80783591,0.167947323,1.216574018,0.511962024,0.059911704
93.81247458,0.167220272,1.217949319,0.45607747,0.061484925
93.81711325,0.161403866,1.214794216,0.460584289,0.055742667
93.82175192,0.163100318,1.213418914,0.484921111,0.056057311
93.82639059,0.169239858,1.216897618,0.50384975,0.062271536
93.83102926,0.163827369,1.214389715,0.446162468,0.058574466
93.83566793,0.161403866,1.212043613,0.467795199,0.055349362
93.8403066,0.166250871,1.212771714,0.505652478,0.058495805
93.84494527,0.168432024,1.215117816,0.469597927,0.062350197
93.84958394,0.162130917,1.211800913,0.455176106,0.056057311
93.85422261,0.162130917,1.20945481,0.475006109,0.055428023
93.85886128,0.169078291,1.212690814,0.512863388,0.06109162
93.86349995,0.165685387,1.213095314,0.446162468,0.059911704
93.86813862,0.161242299,1.20945481,0.465091108,0.055585345
93.87277729,0.16455442,1.210749212,0.49663884,0.057394549
93.87741596,0.169805342,1.214875116,0.488526566,0.063058147
93.88205463,0.162938751,1.211720013,0.450669287,0.057551872
93.8866933,0.1622117,1.209778411,0.471400654,0.0552707
93.89133197,0.168755157,1.212043613,0.514666116,0.060305009
93.89597064,0.168028107,1.213338014,0.45607747,0.061484925
93.90060931,0.162534834,1.209778411,0.462387016,0.055742667
93.90524798,0.164958337,1.209778411,0.486723839,0.056765261
93.90988665,0.170774743,1.212690814,0.502948387,0.062743503
93.91452532,0.164877553,1.211558212,0.446162468,0.058338482
93.91916399,0.162696401,1.20945481,0.469597927,0.0552707
93.92380266,0.167947323,1.210830112,0.507455206,0.058731788
93.92844133,0.169401425,1.213338014,0.469597927,0.062350197
93.93308,0.163261885,1.210506511,0.45607747,0.056135972
93.93771867,0.163827369,1.20888851,0.475907473,0.055742667
93.94235734,0.170290042,1.211396412,0.511962024,0.061642248
93.94699601,0.166816355,1.211881813,0.447063832,0.059911704
93.95163468,0.162857968,1.208403109,0.465091108,0.055349362
93.95627335,0.166331655,1.208726709,0.497540204,0.057551872
93.96091202,0.170451609,1.212609914,0.484019747,0.062822164
93.96555069,0.163665802,1.210425611,0.44886656,0.057079905
93.97018936,0.162857968,1.20880761,0.469597927,0.055428023
93.97482803,0.169320641,1.211558212,0.513764752,0.060305009
93.9794667,0.168189673,1.213418914,0.454274742,0.061327603
93.98410537,0.162615618,1.210344711,0.46328838,0.055742667
93.98874404,0.16455442,1.20969751,0.487625202,0.056529278
93.99338271,0.170613176,1.213661615,0.501145659,0.06258618
93.99802138,0.164877553,1.212771714,0.447965196,0.058417143
94.00266005,0.1622117,1.209940211,0.469597927,0.055192039
94.00729872,0.167381839,1.212286313,0.509257933,0.059203754
94.01193739,0.168512807,1.215198716,0.466893835,0.062114214
94.01657606,0.162373267,1.213014414,0.456978834,0.05597865
94.02121473,0.163504235,1.211639113,0.476808837,0.055664006
94.0258534,0.169886125,1.214308815,0.511060661,0.061720909
94.03049207,0.165927738,1.214470616,0.446162468,0.059518399
94.03513074,0.162130917,1.211234612,0.465992472,0.055113378
94.03976941,0.165443037,1.211477312,0.499342932,0.057237227
94.04440808,0.169239858,1.214308815,0.483118383,0.06258618
94.04904675,0.163181101,1.211800913,0.451570651,0.056922583
94.05368542,0.162534834,1.210425611,0.470499291,0.055192039
94.05832409,0.168674374,1.213418914,0.51556748,0.060462331
94.06296276,0.167139489,1.214956016,0.452472015,0.06109162
94.06760143,0.162050134,1.212529014,0.464189744,0.055349362
94.0722401,0.16455442,1.212448113,0.490329294,0.0566866
94.07687877,0.170290042,1.215926817,0.499342932,0.062900825
94.08151744,0.164231286,1.214308815,0.447063832,0.058495805
94.08615611,0.1622117,1.212043613,0.468696563,0.055349362
94.09079478,0.16786654,1.214794216,0.510159297,0.059125093
94.09543345,0.168512807,1.217221218,0.465992472,0.062428858
94.10007212,0.162777184,1.215036916,0.458781561,0.056214633
94.10471079,0.163746585,1.214713316,0.480414292,0.05597865
94.10934946,0.170047692,1.217787519,0.511962024,0.062192875
94.11398813,0.165604604,1.217221218,0.447965196,0.059439737
94.1186268,0.162130917,1.213985215,0.467795199,0.055506684
94.12326547,0.166089305,1.215279616,0.502047023,0.057787855
94.12790414,0.169886125,1.219162821,0.481315656,0.062979486
94.13254281,0.163181101,1.216735818,0.453373379,0.056450617
94.13718148,0.162696401,1.214632416,0.472302018,0.0552707
94.14182015,0.169078291,1.216816718,0.514666116,0.060619654
94.14645882,0.166977922,1.217868419,0.450669287,0.060855637
94.15109749,0.161727,1.214794216,0.464189744,0.055428023
94.15573616,0.164877553,1.215845917,0.490329294,0.056765261
94.16037483,0.170209259,1.219405521,0.494836113,0.062979486
94.1650135,0.164069719,1.218030219,0.445261105,0.058102499
94.16965217,0.162454051,1.214956016,0.467795199,0.055192039
94.17429084,0.167785756,1.215926817,0.510159297,0.059518399
94.17892951,0.168916724,1.21835382,0.46328838,0.061720909
94.18356818,0.163019535,1.215765017,0.458781561,0.055742667
94.18820685,0.163988936,1.214632416,0.479512928,0.055742667
94.19284552,0.170451609,1.217706619,0.508356569,0.062114214
94.19748419,0.165443037,1.217949319,0.446162468,0.059518399
94.20212286,0.162454051,1.215036916,0.467795199,0.055192039
94.20676153,0.166412438,1.215360517,0.502047023,0.058102499
94.2114002,0.169966909,1.219162821,0.477710201,0.062822164
94.21603887,0.163261885,1.217302119,0.452472015,0.056607939
94.22067754,0.162857968,1.215684117,0.471400654,0.055585345
94.22531621,0.169562992,1.21883922,0.513764752,0.061012959
94.22995488,0.167220272,1.219729121,0.44886656,0.06038367
94.23459355,0.1622117,1.216654918,0.464189744,0.055428023
94.23923222,0.16503912,1.216978518,0.491230657,0.056922583
94.24387089,0.170613176,1.220942622,0.493033385,0.062900825
94.24850956,0.164473636,1.219810021,0.447965196,0.057709194
94.25314823,0.162777184,1.217302119,0.470499291,0.055113378
94.2577869,0.16810889,1.219405521,0.511962024,0.059833043
94.26242557,0.168432024,1.222237024,0.461485653,0.062114214
94.26706424,0.162292484,1.219243721,0.460584289,0.055664006
94.27170291,0.164069719,1.21875832,0.483118383,0.055821328
94.27634158,0.170128476,1.222398824,0.507455206,0.062350197
94.28098025,0.165362254,1.222075224,0.446162468,0.059125093
94.28561892,0.162050134,1.219405521,0.467795199,0.055113378
94.29025759,0.167139489,1.221508923,0.504751114,0.058417143
94.29489626,0.169966909,1.226039328,0.477710201,0.063058147
94.29953493,0.163423452,1.225068527,0.45607747,0.056371956
94.3041736,0.163342668,1.224583126,0.476808837,0.055349362
94.30881227,0.170047692,1.228951731,0.519172935,0.061012959
94.31345094,0.16762419,1.231945034,0.454274742,0.060619654
94.31808961,0.162777184,1.231702334,0.471400654,0.055349362
94.32272828,0.165927738,1.234210236,0.499342932,0.057001244
94.32736695,0.171097877,1.241572144,0.501145659,0.063058147
94.33200562,0.164635203,1.245293548,0.457880198,0.057945177
94.33664429,0.163181101,1.249662153,0.481315656,0.055428023
94.34128296,0.169078291,1.257752161,0.524581117,0.06038367
94.34592163,0.169078291,1.26584217,0.474104746,0.062114214
94.3505603,0.162938751,1.269401774,0.475907473,0.056135972
94.35519897,0.164473636,1.273608578,0.497540204,0.056214633
94.35983764,0.17142101,1.280404185,0.519172935,0.062428858
94.36447631,0.166574005,1.281698587,0.456978834,0.059203754
94.36911498,0.163665802,1.280727786,0.477710201,0.055506684
94.37375365,0.16835124,1.282588488,0.51556748,0.058810449
94.37839232,0.170774743,1.286067191,0.483118383,0.062743503
94.38303099,0.164312069,1.284044689,0.46328838,0.056765261
94.38766966,0.16479677,1.283801989,0.483118383,0.055585345
94.39230833,0.17166336,1.287118893,0.52277839,0.061878231
94.396947,0.168512807,1.287685193,0.455176106,0.060540992
94.40158567,0.164231286,1.28453009,0.472302018,0.055664006
94.40622434,0.167543406,1.284044689,0.501145659,0.057394549
94.41086301,0.172067278,1.286552592,0.494836113,0.063215469
94.41550168,0.165927738,1.284125589,0.452472015,0.057630533
94.42014035,0.164877553,1.281698587,0.473203382,0.055192039
94.42477902,0.17117866,1.282507588,0.516468843,0.060147687
94.42941769,0.170532393,1.283073888,0.459682925,0.061878231
94.43405636,0.164715986,1.278947984,0.464189744,0.055899989
94.43869503,0.166735572,1.277653583,0.486723839,0.056607939
94.4433337,0.172875112,1.280080585,0.505652478,0.062822164
94.44797237,0.167543406,1.277653583,0.447063832,0.059046432
94.45261104,0.164473636,1.273042278,0.469597927,0.055428023
94.45724971,0.169401425,1.272071477,0.506553842,0.058731788
94.46188838,0.171744144,1.273527678,0.472302018,0.06258618
94.46652705,0.165200687,1.268997273,0.45607747,0.056450617
94.47116572,0.16503912,1.265114069,0.476808837,0.05597865
94.47580439,0.171986494,1.266651171,0.516468843,0.06179957
94.48044306,0.16835124,1.26624667,0.449767924,0.060540992
94.48508173,0.164069719,1.262606167,0.469597927,0.05597865
94.4897204,0.167462623,1.261958966,0.500244295,0.057551872
94.49435907,0.172067278,1.264143268,0.491230657,0.06329413
94.49899774,0.165766171,1.261554466,0.452472015,0.057630533
94.50363641,0.164473636,1.257913962,0.473203382,0.0552707
94.50827508,0.170290042,1.259289263,0.516468843,0.060855637
94.51291375,0.169320641,1.259531963,0.457880198,0.06179957
94.51755242,0.164069719,1.254354358,0.46328838,0.055742667
94.52219109,0.166170088,1.252008255,0.485822475,0.056765261
94.52682976,0.172067278,1.254192558,0.502047023,0.063136808
94.53146843,0.166654788,1.251765555,0.444359741,0.058731788
94.5361071,0.163746585,1.24674975,0.466893835,0.055899989
94.54074577,0.168916724,1.24715425,0.505652478,0.059046432
94.54538444,0.17117866,1.248610452,0.466893835,0.062743503
94.55002311,0.164715986,1.243594646,0.454274742,0.056607939
94.55466178,0.165200687,1.241248544,0.475006109,0.056135972
94.55930045,0.17166336,1.242785646,0.511962024,0.062035553
94.56393912,0.167785756,1.242300245,0.446162468,0.060305009
94.56857779,0.163988936,1.238093441,0.465091108,0.055821328
94.57321646,0.167785756,1.238174341,0.497540204,0.057945177
94.57785513,0.171905711,1.240844044,0.485822475,0.063451452
94.5824938,0.165362254,1.238497941,0.450669287,0.057551872
94.58713247,0.164635203,1.236394539,0.471400654,0.055585345
94.59177114,0.170693959,1.238012541,0.514666116,0.060776976
94.59640981,0.169239858,1.23776984,0.453373379,0.061720909
94.60104848,0.163665802,1.234291137,0.46328838,0.055821328
94.60568715,0.166089305,1.232834935,0.486723839,0.056843922
94.61032582,0.171905711,1.235828238,0.499342932,0.063058147
94.61496449,0.165927738,1.233158535,0.444359741,0.058495805
94.61960316,0.163585019,1.229518032,0.466893835,0.055428023
94.62424183,0.168674374,1.230003432,0.508356569,0.059203754
94.6288805,0.170370826,1.231540534,0.465992472,0.062664841
94.63351917,0.163746585,1.22806183,0.45607747,0.056607939
94.63815784,0.16455442,1.225473027,0.476808837,0.055899989
94.64279651,0.17142101,1.227495529,0.511962024,0.062035553
94.64743518,0.167139489,1.227495529,0.446162468,0.060069026
94.65207385,0.163342668,1.224178626,0.465992472,0.055506684
94.65671252,0.167381839,1.224664026,0.498441568,0.05818116
94.66135119,0.171259443,1.227333729,0.484019747,0.063451452
94.66598986,0.164715986,1.226039328,0.451570651,0.057394549
94.67062853,0.163827369,1.223935926,0.472302018,0.055821328
94.6752672,0.170532393,1.226039328,0.516468843,0.060855637
94.67990587,0.168916724,1.227495529,0.454274742,0.061406264
94.68454454,0.163746585,1.223855026,0.464189744,0.055899989
94.68918321,0.165927738,1.222884224,0.490329294,0.057237227
94.69382188,0.171905711,1.226524728,0.500244295,0.063766097
94.69846055,0.165766171,1.224421326,0.447063832,0.059361076
94.70309922,0.163585019,1.221185323,0.469597927,0.056450617
94.70773789,0.169239858,1.222560624,0.510159297,0.06038367
94.71237656,0.170532393,1.225230327,0.465992472,0.063608774
94.71701523,0.163988936,1.222156124,0.460584289,0.057315888
94.7216539,0.164635203,1.220376322,0.480414292,0.056922583
94.72629257,0.17142101,1.223288725,0.512863388,0.062664841
94.73093124,0.167301056,1.222560624,0.447063832,0.060462331
94.73556991,0.163827369,1.21900102,0.467795199,0.056135972
94.74020858,0.16810889,1.220214522,0.502948387,0.058653127
94.74484725,0.17142101,1.223207825,0.48221702,0.063608774
94.74948592,0.164392853,1.220538122,0.452472015,0.057551872
94.75412459,0.163908152,1.217868419,0.471400654,0.056057311
94.75876326,0.170451609,1.220052721,0.514666116,0.061563586
94.76340193,0.168432024,1.220619022,0.451570651,0.061642248
94.7680406,0.163342668,1.217383019,0.46328838,0.05597865
94.77267927,0.166008521,1.216978518,0.490329294,0.057158566
94.77731794,0.171582577,1.220619022,0.49663884,0.06329413
94.78195661,0.165523821,1.21908192,0.447965196,0.058338482
94.78659528,0.163342668,1.216654918,0.468696563,0.056057311
94.79123395,0.169159074,1.21851562,0.511962024,0.059833043
94.79587262,0.169805342,1.221266223,0.465992472,0.062507519
94.80051129,0.163827369,1.21908192,0.461485653,0.056607939
94.80514996,0.165200687,1.21859652,0.48221702,0.056293294
94.80978863,0.171340227,1.223207825,0.511060661,0.062979486
94.8144273,0.166977922,1.223855026,0.44886656,0.059675721
94.81906597,0.163746585,1.223207825,0.471400654,0.055585345
94.82370464,0.16835124,1.225715727,0.506553842,0.058417143
94.82834331,0.171824927,1.231136033,0.484019747,0.06329413
94.83298198,0.16528147,1.232349535,0.459682925,0.057158566
94.83762065,0.165119904,1.234695637,0.481315656,0.055742667
94.84225932,0.172148061,1.240520443,0.524581117,0.061406264
94.84689799,0.169724558,1.244969948,0.460584289,0.060934298
94.85153666,0.16503912,1.246102549,0.476808837,0.055742667
94.85617533,0.168270457,1.250309354,0.504751114,0.057001244
94.860814,0.173682946,1.258318462,0.508356569,0.06329413
94.86545267,0.168028107,1.262039866,0.461485653,0.058102499
94.87009134,0.166089305,1.264143268,0.484019747,0.055349362
94.87473001,0.172228844,1.270210775,0.528186573,0.059754382
94.87936868,0.172875112,1.276682782,0.477710201,0.062114214
94.88400735,0.167785756,1.277977183,0.478611565,0.056057311
94.88864602,0.169320641,1.282022187,0.504751114,0.056293294
94.89328469,0.176348799,1.289384095,0.531792028,0.062822164
94.89792336,0.171259443,1.290597596,0.466893835,0.059675721
94.90256203,0.16810889,1.288008794,0.484921111,0.055742667
94.9072007,0.172551978,1.288008794,0.518271571,0.058574466
94.91183937,0.175621748,1.288817794,0.488526566,0.06329413
94.91647804,0.168593591,1.283801989,0.46328838,0.057001244
94.92111671,0.168270457,1.279271584,0.480414292,0.05597865
94.92575538,0.174894697,1.279271584,0.520975662,0.061720909
94.93039405,0.172148061,1.277977183,0.454274742,0.060855637
94.93503272,0.167381839,1.272233277,0.468696563,0.055742667
94.93967139,0.170451609,1.270453475,0.49663884,0.057158566
94.94431006,0.175298614,1.271181576,0.495737476,0.06329413
94.94894873,0.168512807,1.266489371,0.452472015,0.057945177
94.9535874,0.166897139,1.261554466,0.473203382,0.055664006
94.95822607,0.172148061,1.261554466,0.516468843,0.060226348
94.96286474,0.172551978,1.261716266,0.46328838,0.062035553
94.96750341,0.166331655,1.256862261,0.464189744,0.056057311
94.97214208,0.167947323,1.254111658,0.485822475,0.056450617
94.97678075,0.173925296,1.255567859,0.509257933,0.062743503
94.98141942,0.168916724,1.252655456,0.447965196,0.059282415
94.98605809,0.165604604,1.247882351,0.469597927,0.055742667
94.99069676,0.170128476,1.24723515,0.507455206,0.059046432
94.99533543,0.172875112,1.248610452,0.475907473,0.062979486
94.9999741,0.165766171,1.243351946,0.45607747,0.057001244
95.00461277,0.165927738,1.240035043,0.475907473,0.056057311
95.00925144,0.172471195,1.241653044,0.51556748,0.061720909
95.01389011,0.169562992,1.241491244,0.44886656,0.060462331
95.01852878,0.16503912,1.23760804,0.465992472,0.055742667
95.02316745,0.168028107,1.236313639,0.495737476,0.057473211
95.02780612,0.172713545,1.238659741,0.490329294,0.063058147
95.03244479,0.166089305,1.235828238,0.447965196,0.057866516
95.03708346,0.164392853,1.232268634,0.469597927,0.055506684
95.04172213,0.170613176,1.233401236,0.512863388,0.06038367
95.0463608,0.170128476,1.234129336,0.45607747,0.062114214
95.05099947,0.164231286,1.229437131,0.460584289,0.056135972
95.05563814,0.165604604,1.227495529,0.484019747,0.056765261
95.06027681,0.172228844,1.230893333,0.504751114,0.062900825
95.06491548,0.166412438,1.229760732,0.446162468,0.059282415
95.06955415,0.163827369,1.226848329,0.467795199,0.055742667
95.07419282,0.168755157,1.227495529,0.506553842,0.059203754
95.07883149,0.17093631,1.229032631,0.471400654,0.062822164
95.08347016,0.164312069,1.226524728,0.455176106,0.056922583
95.08810883,0.16455442,1.225068527,0.475006109,0.056371956
95.0927475,0.171259443,1.22781913,0.513764752,0.062271536
95.09738617,0.168270457,1.22854723,0.44886656,0.06109162
95.10202484,0.163988936,1.226282028,0.466893835,0.056135972
95.10666351,0.167462623,1.226848329,0.49663884,0.057787855
95.11130218,0.171905711,1.230003432,0.488526566,0.063608774
95.11594085,0.16503912,1.22790003,0.450669287,0.057866516
95.12057952,0.163504235,1.225473027,0.470499291,0.055742667
95.12521819,0.169966909,1.228628131,0.513764752,0.060934298
95.12985686,0.168916724,1.230246132,0.45607747,0.062192875
95.13449553,0.163746585,1.227333729,0.46328838,0.056057311
95.1391342,0.165846954,1.226767429,0.486723839,0.056765261
95.14377287,0.171905711,1.229841632,0.50384975,0.063058147
95.14841154,0.166089305,1.22765733,0.446162468,0.059282415
95.15305021,0.163585019,1.224906727,0.469597927,0.055506684
95.15768888,0.168512807,1.225877528,0.508356569,0.059439737
95.16232755,0.170451609,1.22830453,0.470499291,0.062900825
95.16696622,0.163908152,1.224421326,0.457880198,0.056843922
95.17160489,0.164473636,1.223450525,0.477710201,0.056057311
95.17624356,0.171259443,1.226443828,0.514666116,0.062035553
95.18088223,0.16762419,1.226605628,0.44886656,0.060305009
95.1855209,0.163665802,1.223612325,0.468696563,0.055821328
95.19015957,0.167220272,1.223935926,0.499342932,0.058102499
95.19479824,0.17142101,1.226929229,0.486723839,0.063608774
95.19943691,0.16479677,1.224016826,0.451570651,0.057551872
95.20407558,0.163504235,1.221185323,0.472302018,0.05597865
95.20871425,0.170613176,1.224744926,0.516468843,0.061012959
95.21335292,0.169482208,1.225877528,0.45607747,0.062114214
95.21799159,0.164069719,1.222317924,0.465091108,0.056607939
95.22263026,0.165927738,1.221023523,0.488526566,0.057158566
95.22726893,0.172067278,1.223612325,0.502948387,0.06329413
95.2319076,0.166412438,1.222237024,0.447965196,0.059125093
95.23654627,0.164150503,1.220052721,0.469597927,0.056135972
95.24118494,0.168916724,1.221023523,0.510159297,0.05959706
95.24582361,0.170774743,1.222722424,0.468696563,0.063136808
95.25046228,0.164877553,1.219567321,0.458781561,0.056765261
95.25510095,0.164715986,1.21867742,0.479512928,0.056135972
95.25973962,0.171501794,1.222237024,0.514666116,0.062822164
95.26437829,0.167381839,1.221428023,0.447965196,0.060226348
95.26901696,0.163908152,1.21908192,0.467795199,0.055821328
95.27365563,0.167947323,1.219890921,0.501145659,0.058338482
95.2782943,0.172309628,1.223774125,0.485822475,0.063372791
95.28293297,0.165604604,1.221751623,0.453373379,0.057473211
95.28757164,0.164715986,1.219405521,0.473203382,0.055821328
95.29221031,0.171340227,1.222237024,0.51556748,0.060934298
95.29684898,0.169320641,1.223126925,0.454274742,0.061484925
95.30148765,0.164312069,1.219567321,0.464189744,0.055585345
95.30612632,0.166654788,1.21892012,0.48942793,0.056922583
95.31076499,0.172794328,1.222722424,0.499342932,0.063215469
95.31540366,0.167139489,1.221832523,0.447965196,0.058731788
95.32004233,0.16528147,1.219486421,0.470499291,0.055664006
95.324681,0.170774743,1.221832523,0.511962024,0.05959706
95.32931967,0.171905711,1.224340426,0.469597927,0.062743503
95.33395834,0.165766171,1.222156124,0.461485653,0.056450617
95.33859701,0.167381839,1.221913423,0.48221702,0.056135972
95.34323568,0.173763729,1.225715727,0.514666116,0.062350197
95.34787435,0.169643775,1.225715727,0.451570651,0.059754382
95.35251302,0.166170088,1.223612325,0.471400654,0.055664006
95.35715169,0.169966909,1.224664026,0.504751114,0.058259821
95.36179036,0.173844513,1.22854723,0.486723839,0.063058147
95.36642903,0.167301056,1.227252829,0.456978834,0.057001244
95.3710677,0.166574005,1.226201128,0.476808837,0.055742667
95.37570637,0.173198245,1.230165232,0.520975662,0.060934298
95.38034504,0.171340227,1.233724836,0.457880198,0.06109162
95.38498371,0.166250871,1.232349535,0.470499291,0.055742667
95.38962238,0.168916724,1.233724836,0.497540204,0.057079905
95.39426105,0.17424843,1.239549642,0.505652478,0.063372791
95.39889972,0.168270457,1.239792342,0.455176106,0.058495805
95.40353839,0.166654788,1.239064242,0.477710201,0.055664006
95.40817706,0.172228844,1.242138445,0.520074299,0.059833043
95.41281573,0.173279029,1.246183449,0.473203382,0.062428858
95.4174544,0.167462623,1.244969948,0.467795199,0.056607939
95.42209307,0.168028107,1.244484547,0.487625202,0.056293294
95.42673174,0.17473313,1.248367752,0.51556748,0.06258618
95.43137041,0.169643775,1.24739695,0.451570651,0.059675721
95.43600908,0.166331655,1.243351946,0.472302018,0.055428023
95.44064775,0.170451609,1.243109246,0.506553842,0.058495805
95.44528642,0.173602163,1.245374448,0.483118383,0.06329413
95.44992509,0.167301056,1.242947446,0.456978834,0.057237227
95.45456376,0.166816355,1.240277743,0.476808837,0.055742667
95.45920243,0.173602163,1.242542945,0.518271571,0.061248942
95.4638411,0.17117866,1.243675547,0.454274742,0.061248942
95.46847977,0.166250871,1.240439543,0.467795199,0.056135972
95.47311844,0.168755157,1.239873243,0.494836113,0.057315888
95.47775711,0.17400608,1.242785646,0.497540204,0.063451452
95.48239578,0.167704973,1.240115943,0.449767924,0.058653127
95.48703445,0.165766171,1.236799039,0.471400654,0.056057311
95.49167312,0.17117866,1.23768894,0.512863388,0.060226348
95.49631179,0.171582577,1.239064242,0.46328838,0.062507519
95.50095046,0.165604604,1.234614737,0.462387016,0.056371956
95.50558913,0.166412438,1.233158535,0.484921111,0.056607939
95.5102278,0.173198245,1.235181038,0.510159297,0.062664841
95.51486647,0.168512807,1.234048436,0.44886656,0.059439737
95.51950514,0.16528147,1.231055133,0.470499291,0.055428023
95.52414381,0.169562992,1.231540534,0.505652478,0.058495805
95.52878248,0.172551978,1.234452937,0.478611565,0.063136808
95.53342115,0.166089305,1.231783234,0.455176106,0.057079905
95.53805982,0.165685387,1.229598932,0.476808837,0.056057311
95.54269849,0.172551978,1.232349535,0.519172935,0.061720909
95.54733716,0.169724558,1.232592235,0.454274742,0.061248942
95.55197583,0.165119904,1.229113531,0.468696563,0.056135972
95.5566145,0.16762419,1.22854723,0.49663884,0.057866516
95.56125317,0.173279029,1.232025934,0.49663884,0.063608774
95.56589184,0.166654788,1.230569733,0.451570651,0.058102499
95.57053051,0.164877553,1.22846633,0.473203382,0.05597865
95.57516918,0.171097877,1.230407932,0.51556748,0.060619654
95.57980785,0.170855526,1.232673135,0.464189744,0.06258618
95.58444652,0.16503912,1.229356231,0.46328838,0.056607939
95.58908519,0.166250871,1.22773823,0.484921111,0.056843922
95.59372386,0.172713545,1.230731533,0.508356569,0.063136808
95.59836253,0.167220272,1.229437131,0.447965196,0.05959706
95.6030012,0.163908152,1.226443828,0.469597927,0.056135972
95.60763987,0.168997508,1.226929229,0.506553842,0.059361076
95.61227854,0.171501794,1.229841632,0.477710201,0.06329413
95.61691721,0.16528147,1.227333729,0.457880198,0.057158566
95.62155588,0.164958337,1.225311227,0.477710201,0.056293294
95.62619455,0.171824927,1.229194431,0.520074299,0.06179957
95.63083322,0.168755157,1.230327032,0.453373379,0.061012959
95.63547189,0.164715986,1.22798093,0.471400654,0.055899989
95.64011056,0.167543406,1.22854723,0.502047023,0.057709194
95.64474923,0.172390411,1.232673135,0.499342932,0.063451452
95.6493879,0.166412438,1.231783234,0.456978834,0.058023838
95.65402657,0.165200687,1.230165232,0.477710201,0.055899989
95.65866524,0.171017093,1.232268634,0.520975662,0.060462331
95.66330391,0.170855526,1.234533837,0.465992472,0.062035553
95.66794258,0.164715986,1.232834935,0.471400654,0.056135972
95.67258125,0.166816355,1.234372037,0.495737476,0.056529278
95.67721992,0.173682946,1.241814845,0.520074299,0.062900825
95.68185859,0.16835124,1.245212648,0.46328838,0.059361076
95.68649726,0.166008521,1.246021649,0.485822475,0.055585345
95.69113593,0.170693959,1.248610452,0.52277839,0.058810449
95.6957746,0.172875112,1.252089155,0.486723839,0.062743503
95.70041327,0.166412438,1.250471154,0.468696563,0.056765261
95.70505194,0.166816355,1.249662153,0.488526566,0.055899989
95.70969061,0.173763729,1.253868957,0.527285209,0.062114214
95.71432928,0.170532393,1.255325159,0.461485653,0.060698315
95.71896795,0.166331655,1.253788057,0.479512928,0.05597865
95.72360662,0.169562992,1.25653866,0.510159297,0.057945177
95.72824529,0.174571564,1.262929767,0.50384975,0.063608774
95.73288396,0.16835124,1.265114069,0.465091108,0.057945177
95.73752263,0.167462623,1.267945572,0.48942793,0.056057311
95.7421613,0.17400608,1.277249082,0.535397483,0.061012959
95.74679997,0.173844513,1.287037993,0.481315656,0.062271536
95.75143864,0.168593591,1.293590899,0.492132021,0.056371956
95.75607731,0.170855526,1.302975309,0.520074299,0.0566866
95.76071598,0.178206817,1.320854228,0.543509757,0.06329413
95.76535465,0.17449078,1.338247747,0.493934749,0.059203754
95.76999332,0.173925296,1.363569474,0.5299893,0.056057311
95.77463199,0.179822486,1.396253108,0.576860217,0.059675721
95.77927066,0.183780873,1.433062647,0.549819303,0.063058147
95.78390933,0.179337785,1.459193375,0.533594755,0.057158566
95.788548,0.180145619,1.47343179,0.544411121,0.056529278
95.79318667,0.187577694,1.4830589,0.573254762,0.062743503
95.79782534,0.18370009,1.4828971,0.49663884,0.060776976
95.80246401,0.179418569,1.475454292,0.506553842,0.056293294
95.80710268,0.182165205,1.469144086,0.529087936,0.058653127
95.81174135,0.186608293,1.465179981,0.511962024,0.064474046
95.81638002,0.179660919,1.45458207,0.471400654,0.058338482
95.82101869,0.178368384,1.443741459,0.487625202,0.056450617
95.82565736,0.183861657,1.437673952,0.528186573,0.061484925
95.83029603,0.182165205,1.430959245,0.465992472,0.062507519
95.8349347,0.176752716,1.419875933,0.472302018,0.056607939
95.83957337,0.178206817,1.410734224,0.495737476,0.057394549
95.84421204,0.18394244,1.406608319,0.509257933,0.063687435
95.84885071,0.177722117,1.39779021,0.452472015,0.059439737
95.85348938,0.175056264,1.3881631,0.473203382,0.056057311
95.85812805,0.179499352,1.382580994,0.512863388,0.05959706
95.86276672,0.180953454,1.37869779,0.473203382,0.063215469
95.86740539,0.174167646,1.368908879,0.461485653,0.057315888
95.87204406,0.17449078,1.361466071,0.481315656,0.056607939
95.87668273,0.180953454,1.358634568,0.51556748,0.062900825
95.8813214,0.176106449,1.353456963,0.450669287,0.060698315
95.88596007,0.172471195,1.345690555,0.469597927,0.056214633
95.89059874,0.176106449,1.340593849,0.502047023,0.058574466
95.89523741,0.179903269,1.339784848,0.487625202,0.063844758
95.89987608,0.173279029,1.333312842,0.45607747,0.057866516
95.90451475,0.172067278,1.327568936,0.476808837,0.056135972
95.90915342,0.178529951,1.327488035,0.521877026,0.061327603
95.91379209,0.17707585,1.326679035,0.460584289,0.062271536
95.91843076,0.17166336,1.321582329,0.472302018,0.0566866
95.92306943,0.173925296,1.320207028,0.500244295,0.057315888
95.9277081,0.179499352,1.323038531,0.514666116,0.063451452
95.93234677,0.173763729,1.32239133,0.465091108,0.059125093
95.93698544,0.17117866,1.318912626,0.485822475,0.056135972
95.94162411,0.176268015,1.318912626,0.525482481,0.059990365
95.94626278,0.177237416,1.318265426,0.479512928,0.063136808
95.95090145,0.170774743,1.31268332,0.469597927,0.057001244
95.95554012,0.17142101,1.307748414,0.488526566,0.056529278
95.96017879,0.177641334,1.307667514,0.519172935,0.062979486
95.96481746,0.173279029,1.304916911,0.452472015,0.060540992
95.96945613,0.169805342,1.298525805,0.473203382,0.056214633
95.9740948,0.173117462,1.295694302,0.507455206,0.058810449
95.97873347,0.176671932,1.296098802,0.486723839,0.063608774
95.98337214,0.170209259,1.290759396,0.45607747,0.057709194
95.98801081,0.169320641,1.285662691,0.475907473,0.056135972
95.99264948,0.175460181,1.285662691,0.520074299,0.061642248
95.99728815,0.173359812,1.28485369,0.45607747,0.061878231
96.00192682,0.168593591,1.279999685,0.468696563,0.056450617
96.00656549,0.170613176,1.277249082,0.495737476,0.057237227
96.01120416,0.176106449,1.278786184,0.502047023,0.063530113
96.01584283,0.169966909,1.27546928,0.452472015,0.058574466
96.0204815,0.168270457,1.271181576,0.474104746,0.055899989
96.02512017,0.173602163,1.270453475,0.516468843,0.059990365
96.02975884,0.17400608,1.271666976,0.470499291,0.062822164
96.03439751,0.167462623,1.268592773,0.466893835,0.056450617
96.03903618,0.168512807,1.266974771,0.490329294,0.056450617
96.04367485,0.175783315,1.272152377,0.524581117,0.062664841
96.04831352,0.171097877,1.273123178,0.461485653,0.059675721
96.05295219,0.167785756,1.269725374,0.479512928,0.055664006
96.05759086,0.17166336,1.268350073,0.511962024,0.058653127
96.06222953,0.174975481,1.270210775,0.487625202,0.063451452
96.0668682,0.16786654,1.26616577,0.459682925,0.057551872
96.07150687,0.167301056,1.262606167,0.478611565,0.05597865
96.07614554,0.174167646,1.264143268,0.520975662,0.061720909
96.08078421,0.171501794,1.262767967,0.45607747,0.061406264
96.08542288,0.166574005,1.258318462,0.470499291,0.056371956
96.09006155,0.169078291,1.257104961,0.497540204,0.057394549
96.09470022,0.17449078,1.260098264,0.500244295,0.063372791
96.09933889,0.168432024,1.257994862,0.453373379,0.058259821
96.10397756,0.166412438,1.255082459,0.475907473,0.055585345
96.10861623,0.172067278,1.25621506,0.518271571,0.059754382
96.1132549,0.172713545,1.258156662,0.469597927,0.062271536
96.11789357,0.166493222,1.254677958,0.468696563,0.056450617
96.12253224,0.16762419,1.253868957,0.48942793,0.056607939
96.12717091,0.174329213,1.257913962,0.517370207,0.062822164
96.13180958,0.169320641,1.257994862,0.456978834,0.059439737
96.13644825,0.166250871,1.25653866,0.479512928,0.055506684
96.14108692,0.170128476,1.257671261,0.51556748,0.058338482
96.14572559,0.173440596,1.262767967,0.491230657,0.063136808
96.15036426,0.167139489,1.262767967,0.469597927,0.057001244
96.15500293,0.167139489,1.264385969,0.492132021,0.055664006
96.1596416,0.173844513,1.271505176,0.538101574,0.061563586
96.16428027,0.171501794,1.278705284,0.475006109,0.06109162
96.16891894,0.166816355,1.283235688,0.495737476,0.055742667
96.17355761,0.169724558,1.290354896,0.527285209,0.057237227
96.17819628,0.174975481,1.302004508,0.531792028,0.063136808
96.18283495,0.168512807,1.310013617,0.491230657,0.058102499
96.18747362,0.167301056,1.317618225,0.513764752,0.055585345
96.19211229,0.173359812,1.329672338,0.559734305,0.060147687
96.19675096,0.174167646,1.342535451,0.511060661,0.062428858
96.20138963,0.168916724,1.349573759,0.512863388,0.056057311
96.2060283,0.170290042,1.354994065,0.532693391,0.056371956
96.21066697,0.1773182,1.363003173,0.553424758,0.062979486
96.21530564,0.173117462,1.365591976,0.490329294,0.059203754
96.21994431,0.170370826,1.363731274,0.508356569,0.055664006
96.22458298,0.175056264,1.365996476,0.544411121,0.058417143
96.22922165,0.178206817,1.36947518,0.511060661,0.063451452
96.23386032,0.171824927,1.365268376,0.488526566,0.056922583
96.23849899,0.171744144,1.361546972,0.506553842,0.056057311
96.24313766,0.178529951,1.362679573,0.546213848,0.061720909
96.24777633,0.175137048,1.361466071,0.476808837,0.060934298
96.252415,0.170370826,1.356854767,0.493033385,0.055742667
96.25705367,0.173763729,1.355641265,0.521877026,0.057473211
96.26169234,0.178449168,1.356854767,0.516468843,0.063766097
96.26633101,0.172309628,1.353295163,0.473203382,0.058023838
96.27096968,0.170613176,1.348845658,0.492132021,0.055899989
96.27560835,0.176106449,1.348036657,0.532693391,0.060776976
96.28024702,0.176268015,1.346580456,0.477710201,0.062428858
96.28488569,0.170128476,1.340189349,0.478611565,0.056529278
96.28952436,0.171017093,1.336063445,0.501145659,0.057001244
96.29416303,0.177964467,1.337115146,0.521877026,0.063136808
96.2988017,0.172551978,1.333070141,0.460584289,0.059439737
96.30344037,0.169643775,1.327002635,0.48221702,0.055899989
96.30807904,0.174571564,1.324656532,0.519172935,0.059125093
96.31271771,0.176510366,1.324413832,0.484019747,0.063058147
96.31735638,0.169886125,1.318912626,0.465992472,0.057001244
96.32199505,0.169966909,1.314544022,0.486723839,0.056057311
96.32663372,0.176995066,1.315838423,0.525482481,0.062428858
96.33127239,0.173440596,1.314301321,0.459682925,0.060698315
96.33591106,0.169078291,1.309204616,0.477710201,0.056057311
96.34054973,0.172390411,1.306939414,0.507455206,0.057709194
96.3451884,0.176752716,1.308881016,0.501145659,0.063530113
96.34982707,0.170370826,1.305078712,0.461485653,0.058023838
96.35446574,0.168997508,1.300062906,0.48221702,0.05597865
96.35910441,0.175460181,1.299496606,0.524581117,0.060540992
96.36374308,0.174652347,1.299173005,0.467795199,0.062035553
96.36838175,0.168755157,1.2939954,0.473203382,0.056450617
96.37302042,0.170370826,1.290840297,0.494836113,0.0566866
96.37765909,0.176591149,1.291082997,0.511962024,0.063215469
96.38229776,0.170774743,1.288089694,0.455176106,0.058967771
96.38693643,0.168270457,1.284125589,0.476808837,0.055821328
96.3915751,0.173440596,1.283882889,0.516468843,0.059282415
96.39621377,0.174894697,1.28420649,0.478611565,0.06329413
96.40085244,0.168674374,1.279352484,0.464189744,0.056922583
96.40549111,0.168432024,1.27555018,0.483118383,0.056135972
96.41012978,0.175217831,1.276035581,0.520074299,0.062192875
96.41476845,0.171259443,1.273770378,0.453373379,0.060855637
96.41940712,0.167058706,1.268269173,0.472302018,0.055899989
96.42404579,0.170451609,1.266408471,0.502948387,0.058259821
96.42868446,0.17473313,1.267541072,0.492132021,0.063451452
96.43332313,0.168028107,1.263415167,0.45607747,0.057787855
96.4379618,0.166977922,1.259612863,0.476808837,0.05597865
96.44260047,0.172875112,1.260583664,0.519172935,0.06109162
96.44723914,0.171340227,1.259774664,0.459682925,0.062035553
96.45187781,0.166089305,1.254839758,0.466893835,0.056371956
96.45651648,0.168189673,1.252493656,0.490329294,0.057001244
96.46115515,0.17424843,1.254111658,0.504751114,0.063136808
96.46579382,0.16810889,1.252331856,0.44886656,0.059125093
96.47043249,0.165200687,1.247963251,0.471400654,0.056135972
96.47507116,0.170693959,1.247801451,0.511060661,0.059833043
96.47970983,0.172309628,1.249823953,0.471400654,0.063372791
96.4843485,0.165604604,1.244969948,0.460584289,0.056765261
96.48898717,0.165846954,1.242542945,0.481315656,0.056135972
96.49362584,0.172875112,1.245940749,0.517370207,0.062743503
96.49826451,0.169078291,1.24691155,0.453373379,0.060776976
96.50290318,0.164958337,1.243432846,0.472302018,0.056293294
96.50754185,0.16835124,1.242785646,0.50384975,0.058653127
96.51218052,0.172390411,1.245131748,0.48942793,0.063766097
96.51681919,0.166250871,1.241976645,0.455176106,0.057866516
96.52145786,0.165523821,1.239711442,0.475907473,0.05597865
96.52609653,0.171340227,1.241248544,0.520074299,0.061327603
96.5307352,0.169724558,1.242219345,0.457880198,0.062114214
96.53537387,0.164312069,1.238821541,0.467795199,0.056529278
96.54001254,0.166654788,1.238255241,0.493033385,0.057237227
96.54465121,0.172713545,1.240844044,0.504751114,0.06329413
96.54928988,0.166574005,1.239711442,0.452472015,0.059125093
96.55392855,0.164473636,1.23736534,0.475907473,0.056135972
96.55856722,0.170047692,1.239549642,0.51556748,0.060226348
96.56320589,0.171501794,1.241895745,0.473203382,0.062900825
96.56784456,0.16479677,1.238983342,0.464189744,0.056843922
96.57248323,0.165685387,1.23760804,0.484019747,0.056765261
96.5771219,0.172632762,1.240196843,0.516468843,0.062822164
96.58176057,0.167785756,1.239468742,0.452472015,0.060619654
96.58639924,0.164231286,1.235747338,0.473203382,0.056057311
96.59103791,0.168028107,1.236232739,0.506553842,0.058731788
96.59567658,0.171744144,1.239549642,0.487625202,0.063766097
96.60031525,0.165523821,1.23736534,0.45607747,0.057630533
96.60495392,0.164473636,1.235585538,0.476808837,0.056135972
96.60959259,0.171259443,1.23793164,0.521877026,0.061563586
96.61423126,0.169078291,1.239387842,0.459682925,0.061720909
96.61886993,0.164150503,1.236799039,0.471400654,0.056214633
96.6235086,0.166493222,1.23793164,0.498441568,0.057630533
96.62814727,0.172390411,1.241491244,0.505652478,0.063687435
96.63278594,0.166574005,1.239711442,0.454274742,0.058967771
96.63742461,0.16455442,1.236799039,0.475907473,0.056057311
96.64206328,0.170128476,1.23793164,0.516468843,0.06038367
96.64670195,0.17117866,1.239630542,0.470499291,0.06329413
96.65134062,0.164877553,1.235909138,0.464189744,0.056922583
96.65597929,0.165523821,1.233320336,0.485822475,0.056529278
96.66061796,0.172148061,1.235909138,0.51556748,0.063058147
96.66525663,0.167220272,1.235585538,0.451570651,0.060147687
96.6698953,0.163827369,1.232834935,0.472302018,0.056135972
96.67453397,0.16810889,1.233563036,0.506553842,0.058495805
96.67917264,0.17166336,1.23728444,0.484921111,0.063608774
96.68381131,0.16479677,1.235181038,0.456978834,0.057315888
96.68844998,0.164392853,1.232915835,0.476808837,0.055899989
96.69308865,0.170774743,1.234857437,0.520074299,0.061563586
96.69772732,0.168755157,1.235342838,0.455176106,0.061563586
96.70236599,0.163423452,1.231945034,0.467795199,0.05597865
96.70700466,0.166170088,1.231702334,0.494836113,0.057630533
96.71164333,0.172067278,1.234776537,0.500244295,0.063451452
96.716282,0.165766171,1.232349535,0.450669287,0.058653127
96.72092067,0.163988936,1.229679832,0.472302018,0.056057311
96.72555934,0.170047692,1.231378733,0.514666116,0.060069026
96.73019801,0.169966909,1.232915835,0.465992472,0.06258618
96.73483668,0.163908152,1.229032631,0.462387016,0.0566866
96.73947535,0.164958337,1.227171929,0.484921111,0.056765261
96.74411402,0.171582577,1.230488833,0.512863388,0.062979486
96.74875269,0.166816355,1.229841632,0.449767924,0.060147687
96.75339136,0.163665802,1.226605628,0.472302018,0.056135972
96.75803003,0.16786654,1.22773823,0.507455206,0.05888911
96.7626687,0.17142101,1.231864134,0.483118383,0.063608774
96.76730737,0.16455442,1.229518032,0.459682925,0.057473211
96.77194604,0.164392853,1.22846633,0.479512928,0.056214633
96.77658471,0.171259443,1.231945034,0.52277839,0.06179957
96.78122338,0.168270457,1.232673135,0.45607747,0.061248942
96.78586205,0.163827369,1.229679832,0.472302018,0.056214633
96.79050072,0.166654788,1.229437131,0.498441568,0.057787855
96.79513939,0.171824927,1.233158535,0.499342932,0.063608774
96.79977806,0.165523821,1.231136033,0.453373379,0.058495805
96.80441673,0.163827369,1.229275331,0.474104746,0.05597865
96.8090554,0.169724558,1.231216933,0.518271571,0.060147687
96.81369407,0.169886125,1.233158535,0.465992472,0.062428858
96.81833274,0.163988936,1.230246132,0.465992472,0.056214633
96.82297141,0.16503912,1.229679832,0.488526566,0.056607939
96.82761008,0.172148061,1.234210236,0.513764752,0.062900825
96.83224875,0.166977922,1.233967536,0.453373379,0.059518399
96.83688742,0.163665802,1.231702334,0.475006109,0.05597865
96.84152609,0.168674374,1.233320336,0.511060661,0.059125093
96.84616476,0.17166336,1.236313639,0.481315656,0.063530113
96.85080343,0.165362254,1.233563036,0.461485653,0.057315888
96.8554421,0.165119904,1.231621434,0.480414292,0.056214633
96.86008077,0.171501794,1.234938337,0.520975662,0.061956892
96.86471944,0.168270457,1.235261938,0.453373379,0.061170281
96.86935811,0.164150503,1.232025934,0.469597927,0.056057311
96.87399678,0.167220272,1.231540534,0.500244295,0.057787855
96.87863545,0.172067278,1.234533837,0.497540204,0.063687435
96.88327412,0.165523821,1.232349535,0.454274742,0.058259821
96.88791279,0.164392853,1.230084332,0.475006109,0.055821328
96.89255146,0.170047692,1.231459634,0.518271571,0.060540992
96.89719013,0.169966909,1.233643936,0.464189744,0.062428858
96.9018288,0.164635203,1.230084332,0.465992472,0.056765261
96.90646747,0.166170088,1.229194431,0.488526566,0.057158566
96.91110614,0.172471195,1.232187734,0.510159297,0.063372791
96.91574481,0.167462623,1.231055133,0.451570651,0.059754382
96.92038348,0.164877553,1.22830453,0.473203382,0.056214633
96.92502215,0.169724558,1.229518032,0.511060661,0.05959706
96.92966082,0.172551978,1.231702334,0.478611565,0.063923419
96.93429949,0.166977922,1.229113531,0.461485653,0.057709194
96.93893816,0.16762419,1.226929229,0.481315656,0.056922583
96.94357683,0.175056264,1.230650633,0.521877026,0.062664841
96.9482155,0.171905711,1.231459634,0.45607747,0.061170281
96.95285417,0.16762419,1.228628131,0.474104746,0.056135972
96.95749284,0.171017093,1.228628131,0.50384975,0.058495805
96.96213151,0.175702531,1.232025934,0.497540204,0.06400208
96.96677018,0.168997508,1.230569733,0.456978834,0.058338482
96.97140885,0.16762419,1.228789931,0.476808837,0.056057311
96.97604752,0.17400608,1.231136033,0.520074299,0.061248942
96.98068619,0.172794328,1.232106834,0.46328838,0.06258618
96.98532486,0.167139489,1.228870831,0.467795199,0.0566866
96.98996353,0.168997508,1.22798093,0.491230657,0.057315888
96.9946022,0.175056264,1.231459634,0.510159297,0.063608774
96.99924087,0.169562992,1.230003432,0.453373379,0.059203754
97.00387954,0.166735572,1.22773823,0.474104746,0.056135972
97.00851821,0.17166336,1.22854723,0.511962024,0.059439737
97.01315688,0.173763729,1.231297833,0.476808837,0.063372791
97.01779555,0.166574005,1.22830453,0.461485653,0.057158566
97.02243422,0.166735572,1.226201128,0.481315656,0.056293294
97.02707289,0.173602163,1.229598932,0.518271571,0.062822164
97.03171156,0.169966909,1.230084332,0.453373379,0.060776976
97.03635023,0.166089305,1.22822363,0.472302018,0.056057311
97.0409889,0.169078291,1.22830453,0.50384975,0.058417143
97.04562757,0.173602163,1.231378733,0.493033385,0.063844758
97.05026624,0.167220272,1.229841632,0.45607747,0.058417143
97.05490491,0.165927738,1.22798093,0.477710201,0.056293294
97.05954358,0.172875112,1.231297833,0.520975662,0.061406264
97.06418225,0.17117866,1.233401236,0.462387016,0.062271536
97.06882092,0.166089305,1.230974233,0.469597927,0.0566866
97.07345959,0.168028107,1.231621434,0.493934749,0.057473211
97.07809826,0.17400608,1.235828238,0.510159297,0.063844758
97.08273693,0.168028107,1.236313639,0.455176106,0.059518399
97.0873756,0.165766171,1.235100137,0.476808837,0.056135972
97.09201427,0.170855526,1.23728444,0.517370207,0.059833043
97.09665294,0.172551978,1.240115943,0.478611565,0.063372791
97.10129161,0.166089305,1.238578841,0.466893835,0.057315888
97.10593028,0.167462623,1.238578841,0.486723839,0.0566866
97.11056895,0.173925296,1.241086744,0.521877026,0.062979486
97.11520762,0.169886125,1.240844044,0.455176106,0.060698315
97.11984629,0.166008521,1.23744624,0.474104746,0.055899989
97.12448496,0.169724558,1.238012541,0.504751114,0.058259821
97.12912363,0.173682946,1.240601343,0.490329294,0.063687435
97.1337623,0.167058706,1.238093441,0.456978834,0.057787855
97.13840097,0.165766171,1.235181038,0.475907473,0.05597865
97.14303964,0.172148061,1.236960839,0.520074299,0.061012959
97.14767831,0.170613176,1.23785074,0.457880198,0.062035553
97.15231698,0.165523821,1.234857437,0.469597927,0.056371956
97.15695565,0.167543406,1.234695637,0.494836113,0.057315888
97.16159432,0.173359812,1.238174341,0.505652478,0.063451452
97.16623299,0.167704973,1.23720354,0.453373379,0.058731788
97.17087166,0.165362254,1.234291137,0.475907473,0.055899989
97.17551033,0.170370826,1.235747338,0.51556748,0.059833043
97.180149,0.171905711,1.23785074,0.473203382,0.063058147
97.18478767,0.165766171,1.235261938,0.464189744,0.056922583
97.18942634,0.166250871,1.234210236,0.484019747,0.056607939
97.19406501,0.172875112,1.236556339,0.518271571,0.062900825
97.19870368,0.168916724,1.23728444,0.453373379,0.060540992
97.20334235,0.165362254,1.234129336,0.474104746,0.05597865
97.20798102,0.169643775,1.234614737,0.506553842,0.058810449
97.21261969,0.173279029,1.23728444,0.487625202,0.063766097
97.21725836,0.166250871,1.234291137,0.457880198,0.057945177
97.22189703,0.165362254,1.232025934,0.477710201,0.056293294
97.2265357,0.17166336,1.234129336,0.521877026,0.061406264
97.23117437,0.169966909,1.235504638,0.458781561,0.06179957
97.23581304,0.164958337,1.232511335,0.470499291,0.056214633
97.24045171,0.167139489,1.232187734,0.495737476,0.057315888
97.24509038,0.172875112,1.235100137,0.502948387,0.063766097
97.24972905,0.166816355,1.233401236,0.452472015,0.058810449
97.25436772,0.164715986,1.230974233,0.473203382,0.055899989
97.25900639,0.170128476,1.232349535,0.514666116,0.060147687
97.26364506,0.171097877,1.234695637,0.468696563,0.063058147
97.26828373,0.164715986,1.231702334,0.462387016,0.0566866
97.2729224,0.165443037,1.229922532,0.483118383,0.056529278
97.27756107,0.172148061,1.232673135,0.513764752,0.062822164
97.28219974,0.16762419,1.231945034,0.449767924,0.060147687
97.28683841,0.164392853,1.22830453,0.471400654,0.055899989
97.29147708,0.168593591,1.22854723,0.506553842,0.058810449
97.29611575,0.172148061,1.232187734,0.484921111,0.063687435
97.30075442,0.16528147,1.229922532,0.457880198,0.057630533
97.30539309,0.164715986,1.22781913,0.478611565,0.056057311
97.31003176,0.171017093,1.230407932,0.520975662,0.061642248
97.31467043,0.168674374,1.231216933,0.456978834,0.061248942
97.3193091,0.163504235,1.228951731,0.471400654,0.056135972
97.32394777,0.166493222,1.229113531,0.497540204,0.057551872
97.32858644,0.171905711,1.232996735,0.502948387,0.063451452
97.33322511,0.165604604,1.231459634,0.454274742,0.058810449
97.33786378,0.163827369,1.229113531,0.475907473,0.056214633
97.34250245,0.169239858,1.231378733,0.517370207,0.060305009
97.34714112,0.170290042,1.234614737,0.469597927,0.062979486
97.35177979,0.164473636,1.232996735,0.467795199,0.056843922
97.35641846,0.165443037,1.233805736,0.490329294,0.056450617
97.36105713,0.172390411,1.238255241,0.518271571,0.063058147
97.3656958,0.167704973,1.239549642,0.45607747,0.060069026
97.37033447,0.164635203,1.23728444,0.477710201,0.056135972
97.37497314,0.168916724,1.238417041,0.512863388,0.058967771
97.37961181,0.172067278,1.242057545,0.485822475,0.063687435
97.38425048,0.165685387,1.240196843,0.461485653,0.057630533
97.38888915,0.165362254,1.238659741,0.481315656,0.056293294
97.39352782,0.172148061,1.241491244,0.523679754,0.062114214
97.39816649,0.169320641,1.242057545,0.457880198,0.061956892
97.40280516,0.164150503,1.240115943,0.473203382,0.056293294
97.40744383,0.167704973,1.240763143,0.500244295,0.057787855
97.4120825,0.172875112,1.244646348,0.502047023,0.063844758
97.41672117,0.166574005,1.243513746,0.45607747,0.058653127
97.42135984,0.164877553,1.240844044,0.476808837,0.05597865
97.42599851,0.170855526,1.243271046,0.520074299,0.060462331
97.43063718,0.171017093,1.245212648,0.468696563,0.062664841
97.43527585,0.164877553,1.242300245,0.467795199,0.056922583
97.43991452,0.166250871,1.241086744,0.48942793,0.056843922
97.44455319,0.172955895,1.244322747,0.513764752,0.063136808
97.44919186,0.16786654,1.243756447,0.452472015,0.059911704
97.45383053,0.164635203,1.240924944,0.474104746,0.05597865
97.4584692,0.168916724,1.241814845,0.510159297,0.059125093
97.46310787,0.171905711,1.245050848,0.479512928,0.063215469
97.46774654,0.165362254,1.242057545,0.457880198,0.057394549
97.47238521,0.164877553,1.239630542,0.477710201,0.056214633
97.47702388,0.171501794,1.241410344,0.518271571,0.062035553
97.48166255,0.168755157,1.240682243,0.451570651,0.06109162
97.48630122,0.164231286,1.23720354,0.469597927,0.056135972
97.49093989,0.167139489,1.236556339,0.498441568,0.058023838
97.49557856,0.171986494,1.239630542,0.495737476,0.064080741
97.50021723,0.165766171,1.238255241,0.453373379,0.058495805
97.5048559,0.164150503,1.235181038,0.474104746,0.056214633
97.50949457,0.170451609,1.23704174,0.517370207,0.060540992
97.51413324,0.169886125,1.238983342,0.46328838,0.062507519
97.51877191,0.164392853,1.235423738,0.465992472,0.056843922
97.52341058,0.166170088,1.234291137,0.48942793,0.056843922
97.52804925,0.172632762,1.23744624,0.510159297,0.063136808
97.53268792,0.167220272,1.236394539,0.449767924,0.05959706
97.53732659,0.164312069,1.233239435,0.473203382,0.055899989
97.54196526,0.168835941,1.233643936,0.510159297,0.059361076
97.54660393,0.17117866,1.236394539,0.478611565,0.063530113
97.5512426,0.165119904,1.233482136,0.459682925,0.057237227
97.55588127,0.165119904,1.231783234,0.480414292,0.056293294
97.56051994,0.172067278,1.234452937,0.520074299,0.062035553
97.56515861,0.168512807,1.234452937,0.453373379,0.060934298
97.56979728,0.163746585,1.231297833,0.470499291,0.056293294
97.57443595,0.16762419,1.231136033,0.500244295,0.057551872
97.57907462,0.172390411,1.233886636,0.493934749,0.063608774
97.58371329,0.166654788,1.231783234,0.453373379,0.058102499
97.58835196,0.16528147,1.228709031,0.475006109,0.056057311
97.59299063,0.171501794,1.230407932,0.518271571,0.060855637
97.5976293,0.170855526,1.231459634,0.461485653,0.062664841
97.60226797,0.165362254,1.22846633,0.466893835,0.0566866
97.60690664,0.167139489,1.227333729,0.490329294,0.057079905
97.61154531,0.173279029,1.229922532,0.508356569,0.063372791
97.61618398,0.168189673,1.228789931,0.449767924,0.059518399
97.62082265,0.165443037,1.225796628,0.472302018,0.056135972
97.62546132,0.170451609,1.226524728,0.511060661,0.059361076
97.63009999,0.172551978,1.229437131,0.475907473,0.063372791
97.63473866,0.166331655,1.227414629,0.461485653,0.057079905
97.63937733,0.166170088,1.225796628,0.481315656,0.056607939
97.644016,0.173117462,1.22822363,0.520074299,0.062428858
97.64865467,0.169562992,1.228628131,0.453373379,0.060619654
97.65329334,0.165362254,1.226201128,0.471400654,0.056057311
97.65793201,0.168835941,1.227333729,0.502948387,0.057945177
97.66257068,0.173359812,1.232025934,0.493033385,0.063766097
97.66720935,0.166412438,1.230569733,0.456978834,0.058102499
97.67184802,0.165523821,1.229437131,0.479512928,0.05597865
97.67648669,0.172228844,1.233805736,0.525482481,0.061248942
97.68112536,0.171097877,1.238336141,0.468696563,0.062350197
97.68576403,0.165927738,1.23712264,0.475006109,0.056607939
97.6904027,0.168028107,1.23720354,0.498441568,0.057158566
97.69504137,0.173844513,1.241005844,0.512863388,0.063451452
97.69968004,0.16786654,1.241167644,0.45607747,0.059518399
97.70431871,0.165362254,1.239226042,0.477710201,0.056371956
97.70895738,0.170855526,1.240682243,0.516468843,0.059833043
97.71359605,0.172067278,1.243513746,0.475907473,0.06329413
97.71823472,0.165685387,1.241005844,0.465091108,0.057158566
97.72287339,0.166493222,1.239387842,0.484921111,0.056765261
97.72751206,0.173117462,1.241733944,0.521877026,0.062900825
97.73215073,0.169239858,1.241814845,0.455176106,0.061170281
97.7367894,0.16528147,1.238740641,0.475006109,0.056607939
97.74142807,0.168835941,1.238983342,0.506553842,0.059203754
97.74606674,0.173198245,1.242300245,0.492132021,0.064474046
97.75070541,0.166250871,1.239064242,0.457880198,0.058574466
97.75534408,0.164958337,1.23728444,0.477710201,0.057079905
97.75998275,0.17142101,1.239387842,0.52277839,0.062035553
97.76462142,0.169805342,1.240601343,0.461485653,0.06258618
97.76926009,0.164715986,1.238497941,0.470499291,0.056922583
97.77389876,0.166897139,1.238093441,0.495737476,0.058102499
97.77853743,0.173036679,1.242219345,0.508356569,0.064238063
97.7831761,0.166977922,1.241572144,0.455176106,0.059754382
97.78781477,0.16528147,1.240196843,0.479512928,0.056450617
97.79245344,0.170774743,1.243432846,0.520975662,0.060540992
97.79709211,0.172309628,1.24683065,0.478611565,0.063451452
97.80173078,0.166331655,1.244241847,0.468696563,0.057551872
97.80636945,0.166574005,1.243271046,0.488526566,0.057473211
97.81100812,0.173279029,1.245859849,0.520975662,0.063215469
97.81564679,0.169078291,1.245293548,0.45607747,0.061248942
97.82028546,0.165362254,1.242300245,0.475907473,0.056607939
97.82492413,0.168916724,1.242219345,0.509257933,0.059361076
97.8295628,0.172390411,1.245131748,0.492132021,0.064788691
97.83420147,0.165927738,1.243028346,0.461485653,0.058574466
97.83884014,0.165604604,1.241167644,0.483118383,0.056922583
97.84347881,0.172067278,1.243837347,0.529087936,0.062192875
97.84811748,0.170370826,1.245050848,0.467795199,0.06258618
97.85275615,0.16503912,1.242300245,0.479512928,0.056843922
97.85739482,0.167301056,1.242866546,0.504751114,0.057630533
97.86203349,0.173279029,1.24731605,0.512863388,0.063923419
97.86667216,0.166897139,1.246264349,0.460584289,0.05959706
97.87131083,0.165119904,1.244241847,0.48221702,0.056450617
97.8759495,0.17093631,1.246345249,0.52277839,0.060776976
97.88058817,0.171744144,1.249176752,0.476808837,0.063608774
97.88522684,0.165846954,1.246183449,0.469597927,0.057394549
97.88986551,0.166816355,1.244808148,0.490329294,0.057079905
97.89450418,0.173440596,1.248044151,0.520074299,0.063136808
97.89914285,0.169159074,1.248044151,0.45607747,0.060698315
97.90378152,0.165523821,1.244484547,0.476808837,0.056371956
97.90842019,0.169562992,1.245536249,0.510159297,0.059125093
97.91305886,0.173036679,1.248853152,0.48942793,0.063844758
97.91769753,0.166331655,1.245374448,0.460584289,0.057945177
97.9223362,0.165927738,1.242462045,0.480414292,0.056450617
97.92697487,0.172148061,1.244241847,0.524581117,0.06179957
97.93161354,0.170047692,1.245212648,0.459682925,0.061956892
97.93625221,0.16479677,1.241572144,0.473203382,0.056529278
97.94089088,0.167301056,1.242300245,0.499342932,0.057709194
97.94552955,0.172955895,1.246345249,0.504751114,0.063608774
97.95016822,0.166816355,1.244322747,0.455176106,0.059046432
97.95480689,0.165119904,1.241814845,0.476808837,0.056214633
97.95944556,0.170613176,1.243432846,0.518271571,0.060698315
97.96408423,0.171097877,1.245698049,0.469597927,0.063136808
97.9687229,0.165200687,1.242462045,0.465992472,0.057158566
97.97336157,0.166331655,1.241410344,0.488526566,0.056922583
97.97800024,0.173198245,1.243756447,0.516468843,0.063058147
97.98263891,0.168189673,1.242704746,0.453373379,0.06038367
97.98727758,0.164877553,1.239792342,0.474104746,0.056214633
97.99191625,0.169159074,1.241005844,0.508356569,0.059282415
97.99655492,0.172148061,1.243432846,0.484019747,0.063608774
98.00119359,0.165685387,1.240520443,0.459682925,0.057945177
98.00583226,0.16503912,1.238497941,0.478611565,0.056765261
98.01047093,0.17166336,1.240358643,0.520975662,0.062350197
98.0151096,0.168835941,1.240844044,0.455176106,0.062035553
98.01974827,0.164231286,1.23776984,0.470499291,0.056529278
98.02438694,0.167381839,1.23712264,0.498441568,0.058023838
98.02902561,0.172228844,1.240358643,0.500244295,0.06400208
98.03366428,0.166089305,1.238174341,0.452472015,0.059125093
98.03830295,0.163988936,1.235261938,0.473203382,0.056371956
98.04294162,0.170047692,1.23704174,0.516468843,0.060934298
98.04758029,0.170370826,1.238983342,0.465091108,0.06329413
98.05221896,0.164635203,1.235504638,0.465091108,0.057001244
98.05685763,0.165927738,1.234291137,0.486723839,0.057001244
98.0614963,0.172390411,1.23712264,0.511962024,0.06329413
98.06613497,0.167301056,1.236313639,0.451570651,0.060305009
98.07077364,0.163746585,1.232834935,0.473203382,0.056450617
98.07541231,0.168593591,1.234048436,0.509257933,0.059675721
98.08005098,0.171340227,1.23712264,0.481315656,0.064080741
98.08468965,0.164715986,1.235100137,0.460584289,0.057866516
98.08932832,0.164715986,1.233643936,0.480414292,0.056450617
98.09396699,0.171259443,1.23704174,0.52277839,0.062271536
98.09860566,0.168189673,1.238578841,0.456978834,0.061956892
98.10324433,0.163665802,1.236637239,0.474104746,0.056450617
98.107883,0.167058706,1.23712264,0.502948387,0.058259821
98.11252167,0.171986494,1.240924944,0.501145659,0.064316724
98.11716034,0.165766171,1.239145142,0.456978834,0.058967771
98.12179901,0.164150503,1.23736534,0.478611565,0.0566866
98.12643768,0.170532393,1.239468742,0.52277839,0.061170281
98.13107635,0.169805342,1.241733944,0.468696563,0.063136808
98.13571502,0.164069719,1.239792342,0.471400654,0.056765261
98.14035369,0.166170088,1.239387842,0.494836113,0.057237227
98.14499236,0.172632762,1.244160947,0.518271571,0.063687435
98.14963103,0.167301056,1.245455348,0.460584289,0.060147687
98.1542697,0.16479677,1.24650705,0.485822475,0.056371956
98.15890837,0.169886125,1.251441955,0.524581117,0.059282415
98.16354704,0.173036679,1.258561162,0.495737476,0.063923419
98.16818571,0.167462623,1.267783772,0.49663884,0.057551872
98.17282438,0.169724558,1.291406597,0.549819303,0.056843922
98.17746305,0.177964467,1.324818333,0.616520223,0.063136808
98.18210172,0.176914283,1.35022096,0.554326122,0.06179957
98.18674039,0.173036679,1.360576171,0.555227486,0.057001244
98.19137906,0.176106449,1.364378475,0.565142488,0.058574466
98.19601773,0.180953454,1.366158276,0.544411121,0.064316724
98.2006564,0.17473313,1.360657071,0.491230657,0.058810449
98.20529507,0.172875112,1.353376063,0.501145659,0.056843922
98.20993374,0.178691518,1.35030186,0.538101574,0.06179957
98.21457241,0.177964467,1.346742256,0.476808837,0.063058147
98.21921108,0.172794328,1.339542148,0.476808837,0.057079905
98.22384975,0.173844513,1.334364543,0.497540204,0.057709194
98.22848842,0.179903269,1.333798242,0.514666116,0.064080741
98.23312709,0.174571564,1.328701537,0.45607747,0.06038367
98.23776576,0.17166336,1.32206773,0.476808837,0.056529278
98.24240443,0.176591149,1.320773328,0.514666116,0.06038367
98.2470431,0.178045251,1.319640727,0.479512928,0.063844758
98.25168177,0.17117866,1.313573221,0.465091108,0.057787855
98.25632044,0.17117866,1.310013617,0.484019747,0.057001244
98.26095911,0.178045251,1.311308018,0.523679754,0.063136808
98.26559778,0.174167646,1.310741718,0.458781561,0.061484925
98.27023645,0.170532393,1.308072015,0.480414292,0.057158566
98.27487512,0.173763729,1.307829315,0.512863388,0.058967771
98.27951379,0.178045251,1.310579917,0.504751114,0.064710029
98.28415246,0.171905711,1.307020314,0.465091108,0.059125093
98.28879113,0.170128476,1.302489909,0.483118383,0.057079905
98.2934298,0.176187232,1.302166309,0.525482481,0.061878231
98.29806847,0.174652347,1.301600008,0.465091108,0.063136808
98.30270714,0.169401425,1.296503303,0.472302018,0.057315888
98.30734581,0.170855526,1.2938336,0.495737476,0.057866516
98.31198448,0.176833499,1.294723501,0.511060661,0.064159402
98.31662315,0.17117866,1.291487497,0.454274742,0.060147687
98.32126182,0.16835124,1.287199793,0.476808837,0.056607939
98.32590049,0.173763729,1.286714392,0.51556748,0.060147687
98.33053916,0.175217831,1.287685193,0.476808837,0.063608774
98.33517783,0.168755157,1.283963789,0.465992472,0.057709194
98.3398165,0.169078291,1.282426688,0.487625202,0.057079905
98.34445517,0.175783315,1.285419991,0.523679754,0.063136808
98.34909384,0.172309628,1.286228992,0.459682925,0.06109162
98.35373251,0.16835124,1.28436829,0.480414292,0.0566866
98.35837118,0.171986494,1.285662691,0.511962024,0.05888911
98.36300985,0.176268015,1.288736894,0.498441568,0.064080741
98.36764852,0.170128476,1.286471692,0.464189744,0.058495805
98.37228719,0.168270457,1.28444919,0.484921111,0.056765261
98.37692586,0.17473313,1.285177291,0.528186573,0.062035553
98.38156453,0.173279029,1.285905391,0.465992472,0.062350197
98.3862032,0.168028107,1.281698587,0.474104746,0.056922583
98.39084187,0.170290042,1.279190684,0.499342932,0.057787855
98.39548054,0.175864098,1.281051386,0.511060661,0.063923419
98.40011921,0.170128476,1.278543484,0.45607747,0.059518399
98.40475788,0.167704973,1.27546928,0.477710201,0.056607939
98.40939655,0.173117462,1.27530748,0.518271571,0.06038367
98.41403522,0.174329213,1.276601881,0.475907473,0.063766097
98.41867389,0.168189673,1.272556877,0.465992472,0.057394549
98.42331256,0.168593591,1.270696175,0.486723839,0.056922583
98.42795123,0.175379398,1.272637777,0.520074299,0.062900825
98.4325899,0.17093631,1.271747876,0.455176106,0.061012959
98.43722857,0.167381839,1.268997273,0.476808837,0.056607939
98.44186724,0.171259443,1.269401774,0.510159297,0.059046432
98.44650591,0.174652347,1.271666976,0.492132021,0.064159402
98.45114458,0.16835124,1.269320874,0.461485653,0.058102499
98.45578325,0.167947323,1.268592773,0.483118383,0.056607939
98.46042192,0.174167646,1.271019776,0.527285209,0.061956892
98.46506059,0.172390411,1.271747876,0.464189744,0.062192875
98.46969926,0.167301056,1.268835473,0.476808837,0.056843922
98.47433793,0.169078291,1.268754573,0.501145659,0.057945177
98.4789766,0.174975481,1.272233277,0.511962024,0.063923419
98.48361527,0.169239858,1.272152377,0.460584289,0.059282415
98.48825394,0.167220272,1.270615275,0.483118383,0.056450617
98.49289261,0.172551978,1.272556877,0.523679754,0.060619654
98.49753128,0.173359812,1.276035581,0.479512928,0.063530113
98.50216995,0.167139489,1.274498479,0.473203382,0.057079905