#Digilent WaveForms Oscilloscope Acquisition,,,,
#Device Name: Discovery3,,,,
#Serial Number: SN:210415BB0163,,,,
#Device Plus: Discovery3,,,,
#Serial Plus: SN:210415BB0594,,,,
#Date Time: 2025-03-28 15:44:10.332.727.510,,,,
#Sample rate: 215.579Hz,,,,
#Samples: 13310,,,,
#Trigger: Source: Channel 1 Type: Edge Condition: Rising Level: 0 V Hyst.: Auto HoldOff: 0 s,,,,
#Channel 1: Range: 500 mV/div Offset: -1.5 V Sample Mode: Average,,,,
#Channel 2: Range: 500 mV/div Offset: -2.25 V Sample Mode: Average,,,,
#Channel 3: Range: 1 V/div Offset: 1 V Sample Mode: Average,,,,
#Channel 4: Range: 200 mV/div Offset: -820 mV Sample Mode: Average,,,,
,,,,
#,,,,
#Time (s),Channel 1 (V),Channel 2 (V),Channel 3 (V),Channel 4 (V)
40.97338461,0.982324972,1.86951861,-0.344333568,0.495851381
40.97802328,0.175298614,1.275711981,0.508356569,0.065575301
40.98266195,0.168674374,1.273527678,0.461485653,0.060226348
40.98730062,0.166897139,1.270777075,0.48221702,0.058023838
40.99193929,0.172471195,1.272395077,0.523679754,0.062664841
40.99657796,0.172794328,1.273851279,0.473203382,0.064474046
41.00121663,0.166654788,1.270777075,0.473203382,0.058417143
41.0058553,0.16786654,1.269482674,0.494836113,0.058653127
41.01049397,0.17473313,1.271909676,0.520975662,0.064946013
41.01513264,0.169562992,1.271181576,0.459682925,0.061642248
41.01977131,0.166493222,1.267702872,0.480414292,0.057787855
41.02440998,0.170855526,1.268673673,0.516468843,0.060619654
41.02904865,0.174086863,1.271424276,0.48942793,0.064946013
41.03368732,0.167785756,1.268026472,0.467795199,0.05888911
41.03832599,0.167381839,1.266570271,0.487625202,0.058023838
41.04296466,0.174167646,1.269968074,0.5299893,0.063687435
41.04760333,0.17117866,1.271100676,0.464189744,0.062900825
41.052242,0.166574005,1.268188273,0.480414292,0.058102499
41.05688067,0.169159074,1.268026472,0.508356569,0.05959706
41.06151934,0.17473313,1.271747876,0.507455206,0.065653962
41.06615801,0.168189673,1.269887174,0.462387016,0.060069026
41.07079668,0.166816355,1.266974771,0.483118383,0.057866516
41.07543535,0.172309628,1.269078173,0.526383845,0.062507519
41.08007402,0.172228844,1.271424276,0.473203382,0.064316724
41.08471269,0.166735572,1.268754573,0.474104746,0.058495805
41.08935136,0.167785756,1.266651171,0.495737476,0.058967771
41.09399003,0.17449078,1.270291675,0.518271571,0.065417979
41.0986287,0.169239858,1.269806274,0.458781561,0.061720909
41.10326737,0.166574005,1.267783772,0.480414292,0.05818116
41.10790604,0.171097877,1.269320874,0.518271571,0.061406264
41.11254471,0.173440596,1.273204078,0.488526566,0.065181996
41.11718338,0.167543406,1.272475977,0.468696563,0.059046432
41.12182205,0.167462623,1.270857975,0.48942793,0.058259821
41.12646072,0.174086863,1.273932179,0.529087936,0.064552707
41.13109939,0.171340227,1.27482208,0.46328838,0.063215469
41.13573806,0.167139489,1.271990577,0.481315656,0.058102499
41.14037673,0.170209259,1.272152377,0.509257933,0.059833043
41.1450154,0.17473313,1.27530748,0.50384975,0.065575301
41.14965407,0.168189673,1.272556877,0.462387016,0.060305009
41.15429274,0.166654788,1.269563574,0.483118383,0.057866516
41.15893141,0.172551978,1.271505176,0.527285209,0.062507519
41.16357008,0.172228844,1.273042278,0.471400654,0.064159402
41.16820875,0.166816355,1.270129875,0.475907473,0.05818116
41.17284742,0.168189673,1.269563574,0.499342932,0.058731788
41.17748609,0.17424843,1.273123178,0.520074299,0.065024674
41.18212476,0.169239858,1.272718677,0.460584289,0.061170281
41.18676343,0.166250871,1.269968074,0.48221702,0.057709194
41.1914021,0.17093631,1.271262476,0.520074299,0.06109162
41.19604077,0.173763729,1.274013079,0.486723839,0.065339318
41.20067944,0.166977922,1.270938875,0.469597927,0.058967771
41.20531811,0.166654788,1.269482674,0.48942793,0.058023838
41.20995678,0.174167646,1.272799577,0.528186573,0.064316724
41.21459545,0.171017093,1.273365878,0.461485653,0.06258618
41.21923412,0.166654788,1.270777075,0.480414292,0.058259821
41.22387279,0.170128476,1.271181576,0.511962024,0.060226348
41.22851146,0.174813914,1.27546928,0.504751114,0.065811284
41.23315013,0.168432024,1.27522658,0.466893835,0.06038367
41.2377888,0.167220272,1.273446778,0.487625202,0.058338482
41.24242747,0.173440596,1.276278281,0.530890664,0.063215469
41.24706614,0.173117462,1.278543484,0.474104746,0.064238063
41.25170481,0.167220272,1.276197381,0.480414292,0.058495805
41.25634348,0.169320641,1.276601881,0.50384975,0.059439737
41.26098215,0.175702531,1.281536787,0.52277839,0.065653962
41.26562082,0.170693959,1.28477279,0.473203382,0.061406264
41.27025949,0.168835941,1.289222295,0.502047023,0.058338482
41.27489816,0.173844513,1.296503303,0.543509757,0.061878231
41.27953683,0.175702531,1.302409009,0.502047023,0.065575301
41.2841755,0.169724558,1.301761808,0.485822475,0.059361076
41.28881417,0.170047692,1.300791007,0.502948387,0.05888911
41.29345284,0.176752716,1.30346071,0.536298847,0.064946013
41.29809151,0.172875112,1.30378431,0.469597927,0.062979486
41.30273018,0.168997508,1.300952807,0.486723839,0.058259821
41.30736885,0.172309628,1.300386507,0.518271571,0.060147687
41.31200752,0.176914283,1.30386521,0.504751114,0.065732623
41.31664619,0.170613176,1.302247209,0.468696563,0.059990365
41.32128486,0.169401425,1.300062906,0.48942793,0.058023838
41.32592353,0.175460181,1.30329891,0.534496119,0.063136808
41.3305622,0.174894697,1.306049513,0.475006109,0.064080741
41.33520087,0.169562992,1.305968613,0.488526566,0.058417143
41.33983954,0.171340227,1.307343914,0.512863388,0.059439737
41.34447821,0.177479767,1.311793419,0.526383845,0.065575301
41.34911688,0.172067278,1.311388918,0.470499291,0.06109162
41.35375555,0.169966909,1.309528216,0.492132021,0.057945177
41.35839422,0.174813914,1.310256317,0.5299893,0.06179957
41.36303289,0.176510366,1.311874319,0.487625202,0.065260657
41.36767156,0.170451609,1.308314715,0.476808837,0.059046432
41.37231023,0.170774743,1.306130413,0.49663884,0.058495805
41.3769489,0.176833499,1.308476515,0.5299893,0.064710029
41.38158757,0.172955895,1.307748414,0.465091108,0.062743503
41.38622624,0.169482208,1.30378431,0.485822475,0.058102499
41.39086491,0.172875112,1.30313711,0.518271571,0.060462331
41.39550358,0.176671932,1.304997812,0.501145659,0.065575301
41.40014225,0.170209259,1.301842708,0.468696563,0.059833043
41.40478092,0.169239858,1.298768505,0.488526566,0.05818116
41.40941959,0.175702531,1.300710107,0.531792028,0.063844758
41.41405826,0.174329213,1.301680908,0.469597927,0.064238063
41.41869693,0.169401425,1.298444905,0.48221702,0.058574466
41.4233356,0.171501794,1.297393204,0.508356569,0.059990365
41.42797427,0.177156633,1.300467407,0.518271571,0.066047268
41.43261294,0.171017093,1.299011205,0.466893835,0.061248942
41.43725161,0.168916724,1.297150503,0.488526566,0.058574466
41.44189028,0.174167646,1.298606705,0.529087936,0.062350197
41.44652895,0.175460181,1.300629207,0.484921111,0.06549664
41.45116762,0.169401425,1.297959504,0.477710201,0.059439737
41.45580629,0.170047692,1.296746003,0.498441568,0.058810449
41.46044496,0.176752716,1.299496606,0.528186573,0.065339318
41.46508363,0.172794328,1.299011205,0.465091108,0.062822164
41.4697223,0.168674374,1.295370701,0.484921111,0.058731788
41.47436097,0.172551978,1.294966201,0.518271571,0.061484925
41.47899964,0.176106449,1.297635904,0.498441568,0.066283251
41.48363831,0.169805342,1.2943999,0.469597927,0.059990365
41.48827698,0.169078291,1.291487497,0.48942793,0.058338482
41.49291565,0.175540965,1.293105499,0.532693391,0.063844758
41.49755432,0.173763729,1.2937527,0.467795199,0.064080741
41.50219299,0.169159074,1.290759396,0.481315656,0.058495805
41.50683166,0.17166336,1.290031296,0.508356569,0.059675721
41.51147033,0.177641334,1.292377398,0.514666116,0.065653962
41.516109,0.17093631,1.290921197,0.465992472,0.061012959
41.52074767,0.168916724,1.287442493,0.486723839,0.058102499
41.52538634,0.17424843,1.288413294,0.527285209,0.062192875
41.53002501,0.175056264,1.290031296,0.479512928,0.064867352
41.53466368,0.168835941,1.286228992,0.475006109,0.058967771
41.53930235,0.169562992,1.28501549,0.49663884,0.058574466
41.54394102,0.175864098,1.287523393,0.524581117,0.065103335
41.54857969,0.17166336,1.285905391,0.461485653,0.062192875
41.55321836,0.168512807,1.282022187,0.48221702,0.05818116
41.55785703,0.172309628,1.281617687,0.516468843,0.06109162
41.5624957,0.175864098,1.283640189,0.493033385,0.06549664
41.56713437,0.169482208,1.280889586,0.467795199,0.059282415
41.57177304,0.168674374,1.278947984,0.488526566,0.058417143
41.57641171,0.175864098,1.281779487,0.531792028,0.06400208
41.58105038,0.173521379,1.282507588,0.467795199,0.063766097
41.58568905,0.168674374,1.279352484,0.484019747,0.058338482
41.59032772,0.171340227,1.278867084,0.511060661,0.059911704
41.59496639,0.176752716,1.282912088,0.513764752,0.065889946
41.59960506,0.170855526,1.282507588,0.467795199,0.060540992
41.60424373,0.169239858,1.281132286,0.490329294,0.057787855
41.6088824,0.17449078,1.283316589,0.533594755,0.062350197
41.61352107,0.175702531,1.286228992,0.484019747,0.064631368
41.61815974,0.169482208,1.28444919,0.48221702,0.058653127
41.62279841,0.170532393,1.28461099,0.504751114,0.058731788
41.62743708,0.1773182,1.289545895,0.530890664,0.065339318
41.63207575,0.172955895,1.291002097,0.469597927,0.062035553
41.63671442,0.169562992,1.290193096,0.493033385,0.05818116
41.64135309,0.174167646,1.294561701,0.532693391,0.061248942
41.64599176,0.17756055,1.304674211,0.511962024,0.065575301
41.65063043,0.171744144,1.310579917,0.495737476,0.059361076
41.6552691,0.172228844,1.316809224,0.518271571,0.058338482
41.65990777,0.179499352,1.328216136,0.565142488,0.064395385
41.66454644,0.1773182,1.335658944,0.500244295,0.063530113
41.66918511,0.173198245,1.337438746,0.513764752,0.058417143
41.67382378,0.176106449,1.339380348,0.53720021,0.060147687
41.67846245,0.181518938,1.344072553,0.530890664,0.065889946
41.68310112,0.175702531,1.342535451,0.484019747,0.060540992
41.68773979,0.173602163,1.338733147,0.501145659,0.058102499
41.69237846,0.179660919,1.339218548,0.541707029,0.062743503
41.69701713,0.179580136,1.339703948,0.486723839,0.064631368
41.7016558,0.173925296,1.333555542,0.485822475,0.058574466
41.70629447,0.175217831,1.329995938,0.506553842,0.058653127
41.71093314,0.180791887,1.330804939,0.527285209,0.06549664
41.71557181,0.175944882,1.328216136,0.465091108,0.062035553
41.72021048,0.173036679,1.323604831,0.486723839,0.05818116
41.72484915,0.177398983,1.321663229,0.52277839,0.061484925
41.72948782,0.180064836,1.32214863,0.490329294,0.065575301
41.73412649,0.173198245,1.316890124,0.470499291,0.059439737
41.73876516,0.173279029,1.312440619,0.48942793,0.058417143
41.74340383,0.179822486,1.31324962,0.5299893,0.064395385
41.7480425,0.176833499,1.311631619,0.46328838,0.062900825
41.75268117,0.172067278,1.306939414,0.481315656,0.057945177
41.75731984,0.174813914,1.305159612,0.511060661,0.059754382
41.76195851,0.179095435,1.305968613,0.504751114,0.065575301
41.76659718,0.173117462,1.302813509,0.462387016,0.060540992
41.77123585,0.17142101,1.298930305,0.484019747,0.05818116
41.77587452,0.176914283,1.299415706,0.527285209,0.062743503
41.78051319,0.176833499,1.299982006,0.471400654,0.064710029
41.78515186,0.171017093,1.295694302,0.476808837,0.058495805
41.78979053,0.172551978,1.2939145,0.500244295,0.05888911
41.7944292,0.178368384,1.295856102,0.520074299,0.065024674
41.79906787,0.173117462,1.293590899,0.461485653,0.061720909
41.80370654,0.170047692,1.290193096,0.484019747,0.057709194
41.80834521,0.174975481,1.290031296,0.521877026,0.061406264
41.81298388,0.176914283,1.291487497,0.486723839,0.065260657
41.81762255,0.170290042,1.288170594,0.471400654,0.059361076
41.82226122,0.170209259,1.285500891,0.490329294,0.058495805
41.82689989,0.176510366,1.286795292,0.528186573,0.064474046
41.83153856,0.173521379,1.286795292,0.461485653,0.062979486
41.83617723,0.168997508,1.282588488,0.479512928,0.057866516
41.8408159,0.172067278,1.281294086,0.510159297,0.060226348
41.84545457,0.176914283,1.283721089,0.502047023,0.065653962
41.85009324,0.170290042,1.281132286,0.46328838,0.060226348
41.85473191,0.168997508,1.278300783,0.484019747,0.057945177
41.85937058,0.175137048,1.279918785,0.528186573,0.062822164
41.86400925,0.17449078,1.281617687,0.470499291,0.063923419
41.86864792,0.168674374,1.277815383,0.476808837,0.05818116
41.87328659,0.170047692,1.27563108,0.500244295,0.058810449
41.87792526,0.176833499,1.279028884,0.517370207,0.065024674
41.88256393,0.171097877,1.277249082,0.461485653,0.061012959
41.8872026,0.16810889,1.273608578,0.484019747,0.057866516
41.89184127,0.172875112,1.273932179,0.521877026,0.061406264
41.89647994,0.175217831,1.27522658,0.484019747,0.065103335
41.90111861,0.168755157,1.271990577,0.470499291,0.058967771
41.90575728,0.169078291,1.270129875,0.490329294,0.058338482
41.91039595,0.175702531,1.273446778,0.527285209,0.064159402
41.91503462,0.171905711,1.272233277,0.461485653,0.062271536
41.91967329,0.167543406,1.268350073,0.481315656,0.057945177
41.92431196,0.17117866,1.269078173,0.512863388,0.060226348
41.92895063,0.175379398,1.272395077,0.502047023,0.065732623
41.9335893,0.168755157,1.269968074,0.465992472,0.060069026
41.93822797,0.16762419,1.268350073,0.488526566,0.058338482
41.94286664,0.173844513,1.271019776,0.533594755,0.063844758
41.94750531,0.172875112,1.273851279,0.473203382,0.065181996
41.95214398,0.167301056,1.272233277,0.484019747,0.05959706
41.95678265,0.169401425,1.273851279,0.509257933,0.060698315
41.96142132,0.175702531,1.279433384,0.523679754,0.066991201
41.96605999,0.170209259,1.282103087,0.470499291,0.062664841
41.97069866,0.167381839,1.283073888,0.493934749,0.059911704
41.97533733,0.172794328,1.287927893,0.534496119,0.063766097
41.979976,0.17449078,1.2941572,0.495737476,0.066755217
41.98461467,0.168028107,1.295937002,0.486723839,0.060540992
41.98925334,0.16810889,1.298121304,0.507455206,0.059911704
41.99389201,0.174571564,1.304512411,0.539904302,0.065968607
41.99853068,0.170532393,1.307101214,0.475006109,0.064080741
42.00316935,0.167220272,1.307505714,0.493934749,0.059439737
42.00780802,0.170613176,1.311388918,0.527285209,0.061563586
42.01244669,0.174894697,1.317294625,0.509257933,0.066755217
42.01708536,0.168593591,1.316566524,0.475907473,0.06109162
42.02172403,0.166977922,1.315272122,0.495737476,0.059282415
42.0263627,0.173279029,1.318184526,0.538101574,0.064474046
42.03100137,0.172228844,1.319236227,0.474104746,0.065103335
42.03564004,0.167220272,1.315110322,0.484019747,0.059518399
42.04027871,0.168916724,1.313815921,0.508356569,0.06038367
42.04491738,0.175056264,1.315595723,0.518271571,0.066597895
42.04955605,0.169078291,1.31276422,0.465091108,0.062114214
42.05419472,0.166897139,1.308557415,0.486723839,0.058967771
42.05883339,0.172309628,1.308476515,0.526383845,0.062822164
42.06347206,0.173925296,1.309366416,0.481315656,0.065889946
42.06811073,0.167462623,1.304997812,0.473203382,0.059990365
42.0727494,0.168028107,1.301600008,0.493934749,0.059439737
42.07738807,0.174329213,1.302247209,0.525482481,0.06549664
42.08202674,0.170128476,1.300305607,0.460584289,0.06329413
42.08666541,0.166574005,1.295856102,0.480414292,0.058967771
42.09130408,0.169966909,1.294642601,0.514666116,0.061327603
42.09594275,0.173925296,1.296665103,0.493934749,0.066519234
42.10058142,0.167381839,1.292943699,0.465992472,0.060147687
42.10522009,0.166816355,1.289222295,0.484921111,0.058810449
42.10985876,0.173036679,1.289707695,0.528186573,0.064316724
42.11449743,0.17117866,1.289950396,0.465091108,0.064552707
42.1191361,0.166574005,1.285743591,0.478611565,0.058967771
42.12377477,0.168270457,1.284125589,0.504751114,0.060226348
42.12841344,0.174652347,1.287766093,0.511962024,0.066283251
42.13305211,0.168512807,1.286228992,0.46328838,0.061484925
42.13769078,0.166250871,1.283559289,0.486723839,0.059125093
42.14232945,0.172148061,1.284125589,0.5299893,0.062900825
42.14696812,0.173198245,1.285743591,0.48221702,0.065653962
42.15160679,0.166977922,1.282588488,0.476808837,0.059518399
42.15624546,0.167704973,1.281941287,0.497540204,0.059518399
42.16088413,0.174571564,1.285258191,0.527285209,0.065575301
42.1655228,0.170290042,1.285339091,0.465091108,0.062743503
42.17016147,0.166897139,1.283397489,0.488526566,0.05888911
42.17480014,0.171097877,1.28485369,0.523679754,0.061406264
42.17943881,0.17473313,1.288575094,0.498441568,0.06620459
42.18407748,0.16835124,1.285986291,0.471400654,0.060069026
42.18871615,0.167543406,1.283801989,0.490329294,0.058731788
42.19335482,0.174167646,1.286795292,0.532693391,0.064316724
42.19799349,0.172067278,1.289384095,0.468696563,0.064159402
42.20263216,0.167462623,1.287118893,0.48221702,0.05888911
42.20727083,0.169724558,1.287037993,0.510159297,0.060069026
42.2119095,0.174894697,1.291325697,0.513764752,0.066125929
42.21654817,0.168432024,1.290840297,0.467795199,0.061012959
42.22118684,0.166897139,1.290516696,0.490329294,0.058417143
42.22582551,0.172551978,1.2944808,0.534496119,0.063058147
42.23046418,0.172875112,1.298525805,0.484921111,0.065103335
42.23510285,0.167462623,1.298768505,0.483118383,0.059203754
42.23974152,0.168270457,1.299820206,0.504751114,0.059282415
42.24438019,0.174652347,1.30386521,0.530890664,0.065575301
42.24901886,0.170370826,1.304674211,0.468696563,0.062271536
42.25365753,0.167139489,1.302409009,0.48942793,0.058417143
42.2582962,0.171340227,1.30313711,0.524581117,0.061327603
42.26293487,0.17424843,1.305968613,0.497540204,0.065653962
42.26757354,0.16835124,1.302732609,0.474104746,0.059675721
42.27221221,0.16810889,1.300871907,0.493033385,0.058810449
42.27685088,0.174571564,1.30321801,0.534496119,0.064474046
42.28148955,0.171824927,1.304269711,0.467795199,0.063844758
42.28612822,0.168028107,1.300467407,0.484019747,0.058574466
42.29076689,0.170774743,1.299820206,0.511962024,0.060147687
42.29540556,0.175864098,1.301842708,0.511060661,0.065811284
42.30004423,0.169724558,1.299496606,0.465992472,0.060462331
42.3046829,0.167462623,1.296017902,0.486723839,0.05818116
42.30932157,0.173359812,1.296503303,0.5299893,0.062900825
42.31396024,0.173925296,1.297231403,0.476808837,0.064788691
42.31859891,0.167704973,1.293348199,0.477710201,0.05888911
42.32323758,0.169159074,1.291649297,0.500244295,0.058967771
42.32787625,0.175621748,1.295047101,0.524581117,0.065260657
42.33251492,0.170370826,1.2939145,0.464189744,0.061878231
42.33715359,0.167543406,1.290516696,0.486723839,0.058102499
42.34179226,0.172067278,1.292700999,0.5299893,0.061406264
42.34643093,0.174975481,1.299658406,0.50384975,0.065889946
42.3510696,0.168997508,1.300386507,0.485822475,0.059361076
42.35570827,0.168512807,1.299901106,0.502948387,0.058495805
42.36034694,0.175379398,1.302328109,0.539002938,0.064395385
42.36498561,0.172228844,1.301842708,0.470499291,0.063530113
42.36962428,0.167543406,1.297231403,0.484921111,0.058338482
42.37426295,0.170613176,1.295856102,0.513764752,0.060226348
42.37890162,0.175702531,1.297555004,0.508356569,0.066125929
42.38354029,0.169159074,1.2942381,0.464189744,0.060619654
42.38817896,0.16762419,1.290597596,0.486723839,0.058495805
42.39281763,0.173763729,1.291082997,0.529087936,0.063058147
42.3974563,0.173198245,1.291730198,0.473203382,0.064788691
42.40209497,0.167462623,1.287604293,0.476808837,0.05888911
42.40673364,0.169078291,1.286957092,0.501145659,0.059203754
42.41137231,0.175944882,1.290031296,0.52277839,0.065575301
42.41601098,0.170613176,1.288494194,0.464189744,0.061956892
42.42064965,0.167058706,1.28501549,0.485822475,0.058338482
42.42528832,0.171744144,1.286148092,0.523679754,0.061878231
42.42992699,0.17449078,1.288575094,0.48942793,0.065811284
42.43456566,0.16810889,1.285500891,0.472302018,0.059439737
42.43920433,0.16786654,1.283397489,0.492132021,0.058653127
42.443843,0.174571564,1.285258191,0.5299893,0.064788691
42.44848167,0.171501794,1.28501549,0.464189744,0.063215469
42.45312034,0.167301056,1.281294086,0.48221702,0.058495805
42.45775901,0.170693959,1.281536787,0.511962024,0.060462331
42.46239768,0.175217831,1.28453009,0.50384975,0.06620459
42.46703635,0.168674374,1.281455887,0.465091108,0.060540992
42.47167502,0.167301056,1.278381683,0.486723839,0.058731788
42.47631369,0.173279029,1.279756985,0.5299893,0.063608774
42.48095236,0.172794328,1.280970486,0.472302018,0.064946013
42.48559103,0.167543406,1.277006382,0.479512928,0.058731788
42.4902297,0.169320641,1.276035581,0.50384975,0.059203754
42.49486837,0.175217831,1.278705284,0.520074299,0.065575301
42.49950704,0.169805342,1.276844582,0.46328838,0.061642248
42.50414571,0.167381839,1.273932179,0.484921111,0.058417143
42.50878438,0.171986494,1.27482208,0.524581117,0.061956892
42.51342305,0.17400608,1.277249082,0.48942793,0.06549664
42.51806172,0.167704973,1.274336679,0.476808837,0.059439737
42.52270039,0.16786654,1.273123178,0.498441568,0.058967771
42.52733906,0.17449078,1.276925482,0.535397483,0.064788691
42.53197773,0.170855526,1.278300783,0.469597927,0.06258618
42.5366164,0.166977922,1.275711981,0.48942793,0.058495805
42.54125507,0.170451609,1.277087282,0.521877026,0.060776976
42.54589374,0.175217831,1.281860387,0.511060661,0.065968607
42.55053241,0.168997508,1.280565986,0.475907473,0.060305009
42.55517108,0.167704973,1.278381683,0.495737476,0.058338482
42.55980975,0.17400608,1.280485086,0.53720021,0.063372791
42.56444842,0.172794328,1.281455887,0.476808837,0.064474046
42.56908709,0.167543406,1.277896283,0.484019747,0.058810449
42.57372576,0.169724558,1.277087282,0.506553842,0.059203754
42.57836443,0.175702531,1.279999685,0.520074299,0.065417979
42.5830031,0.169886125,1.278138983,0.465091108,0.061012959
42.58764177,0.166977922,1.274498479,0.487625202,0.058259821
42.59228044,0.172390411,1.27514568,0.527285209,0.061956892
42.59691911,0.174167646,1.277896283,0.484921111,0.064946013
42.60155778,0.168270457,1.274579379,0.474104746,0.058810449
42.60619645,0.168593591,1.273851279,0.494836113,0.058338482
42.61083512,0.175379398,1.277329982,0.530890664,0.065103335
42.61547379,0.171340227,1.277734483,0.465091108,0.06258618
42.62011246,0.168755157,1.275792881,0.484921111,0.058338482
42.62475113,0.172632762,1.276520981,0.519172935,0.060619654
42.6293898,0.176995066,1.279999685,0.50384975,0.065811284
42.63402847,0.171340227,1.279433384,0.471400654,0.059990365
42.63866714,0.170128476,1.279352484,0.493033385,0.05818116
42.64330581,0.177156633,1.283963789,0.53720021,0.063530113
42.64794448,0.175944882,1.287037993,0.475907473,0.064159402
42.65258315,0.17093631,1.285581791,0.486723839,0.058574466
42.65722182,0.173117462,1.285662691,0.511060661,0.05959706
42.66186049,0.179176218,1.289626795,0.520975662,0.065653962
42.66649916,0.173036679,1.288979595,0.467795199,0.061484925
42.67113783,0.170370826,1.286552592,0.488526566,0.058495805
42.6757765,0.176025665,1.287280693,0.527285209,0.062271536
42.68041517,0.177237416,1.288413294,0.483118383,0.065181996
42.68505384,0.17093631,1.285500891,0.475006109,0.058967771
42.68969251,0.171501794,1.283478389,0.495737476,0.058810449
42.69433118,0.178449168,1.285905391,0.528186573,0.065181996
42.69896985,0.17424843,1.285986291,0.46328838,0.062743503
42.70360852,0.170290042,1.282588488,0.483118383,0.058495805
42.70824719,0.174167646,1.282831188,0.518271571,0.06109162
42.71288586,0.178206817,1.285905391,0.500244295,0.065968607
42.71752453,0.171340227,1.283235688,0.469597927,0.059911704
42.7221632,0.170532393,1.281051386,0.48942793,0.058731788
42.72680187,0.176752716,1.283073888,0.533594755,0.063923419
42.73144054,0.174975481,1.283073888,0.469597927,0.064080741
42.73607921,0.169805342,1.279352484,0.481315656,0.05888911
42.74071788,0.171744144,1.278300783,0.507455206,0.059754382
42.74535655,0.177641334,1.281051386,0.513764752,0.066047268
42.74999522,0.171259443,1.278705284,0.46328838,0.061327603
42.75463389,0.169159074,1.27538838,0.483118383,0.058417143
42.75927256,0.17473313,1.276359181,0.524581117,0.062900825
42.76391123,0.175379398,1.277249082,0.477710201,0.065575301
42.7685499,0.169159074,1.273446778,0.472302018,0.059046432
42.77318857,0.169482208,1.271019776,0.493033385,0.05888911
42.77782724,0.176510366,1.273689478,0.521877026,0.065103335
42.78246591,0.17166336,1.272395077,0.459682925,0.062271536
42.78710458,0.16810889,1.268997273,0.481315656,0.058338482
42.79174325,0.172148061,1.268673673,0.516468843,0.061012959
42.79638192,0.175540965,1.270696175,0.493033385,0.065968607
42.80102059,0.168916724,1.268754573,0.467795199,0.059990365
42.80565926,0.16835124,1.266408471,0.486723839,0.058731788
42.81029793,0.174571564,1.268754573,0.5299893,0.064080741
42.8149366,0.172713545,1.269320874,0.465091108,0.063923419
42.81957527,0.167462623,1.264871369,0.479512928,0.058731788
42.82421394,0.169724558,1.264224168,0.507455206,0.060069026
42.82885261,0.175783315,1.268269173,0.510159297,0.066440573
42.83349128,0.169159074,1.26616577,0.46328838,0.061012959
42.83812995,0.167301056,1.263576968,0.484921111,0.058574466
42.84276862,0.172955895,1.26568037,0.527285209,0.062979486
42.84740729,0.173521379,1.267864672,0.476808837,0.065260657
42.85204596,0.167543406,1.264628669,0.474104746,0.059282415
42.85668463,0.168512807,1.263900568,0.49663884,0.059439737
42.8613233,0.174975481,1.266570271,0.523679754,0.065653962
42.86596197,0.170451609,1.26592307,0.461485653,0.062350197
42.87060064,0.167220272,1.263091567,0.48221702,0.058495805
42.87523931,0.17166336,1.263981468,0.518271571,0.061170281
42.87987798,0.17473313,1.266812971,0.492132021,0.065968607
42.88451665,0.168270457,1.264305068,0.469597927,0.059911704
42.88915532,0.16762419,1.262848867,0.490329294,0.058574466
42.89379399,0.17449078,1.26592307,0.531792028,0.064395385
42.89843266,0.172148061,1.267783772,0.466893835,0.063923419
42.90307133,0.167704973,1.26592307,0.48221702,0.058495805
42.90771,0.170855526,1.26535677,0.511060661,0.060147687
42.91234867,0.176025665,1.268916373,0.511060661,0.066125929
42.91698734,0.169805342,1.268997273,0.466893835,0.060855637
42.92162601,0.169078291,1.269159074,0.490329294,0.058417143
42.92626468,0.174894697,1.274174879,0.535397483,0.062900825
42.93090335,0.175379398,1.279190684,0.484019747,0.065103335
42.93554202,0.169724558,1.278786184,0.484921111,0.059046432
42.94018069,0.17117866,1.279271584,0.505652478,0.059125093
42.94481936,0.177722117,1.282669388,0.527285209,0.065811284
42.94945803,0.172794328,1.282022187,0.465992472,0.062192875
42.9540967,0.169562992,1.279352484,0.486723839,0.058338482
42.95873537,0.173682946,1.279999685,0.523679754,0.061563586
42.96337404,0.176429582,1.282022187,0.492132021,0.065889946
42.96801271,0.169724558,1.279109784,0.471400654,0.059675721
42.97265138,0.169643775,1.276925482,0.491230657,0.058731788
42.97729005,0.176187232,1.279271584,0.530890664,0.064788691
42.98192872,0.173279029,1.279595185,0.464189744,0.063766097
42.98656739,0.168593591,1.276359181,0.481315656,0.058574466
42.99120606,0.171340227,1.27563108,0.511060661,0.060305009
42.99584473,0.176752716,1.279028884,0.507455206,0.066283251
43.0004834,0.170128476,1.278138983,0.465992472,0.060855637
43.00512207,0.168512807,1.275792881,0.488526566,0.058495805
43.00976074,0.17449078,1.277977183,0.5299893,0.063136808
43.01439941,0.174329213,1.279433384,0.475006109,0.064710029
43.01903808,0.168674374,1.27530748,0.476808837,0.058653127
43.02367675,0.170128476,1.273042278,0.499342932,0.059046432
43.02831542,0.176106449,1.27514568,0.519172935,0.065653962
43.03295409,0.171097877,1.273689478,0.459682925,0.062114214
43.03759276,0.167947323,1.269968074,0.481315656,0.058574466
43.04223143,0.172309628,1.270696175,0.519172935,0.061484925
43.0468701,0.174894697,1.273042278,0.484921111,0.065732623
43.05150877,0.16810889,1.268673673,0.468696563,0.059675721
43.05614744,0.168189673,1.266732071,0.488526566,0.05888911
43.06078611,0.175137048,1.268673673,0.527285209,0.064631368
43.06542478,0.171824927,1.268592773,0.461485653,0.063451452
43.07006345,0.167220272,1.264871369,0.480414292,0.058731788
43.07470212,0.170290042,1.264871369,0.510159297,0.06038367
43.07934079,0.175460181,1.267621972,0.502948387,0.066125929
43.08397946,0.168755157,1.265114069,0.464189744,0.060619654
43.08861813,0.167301056,1.262444366,0.485822475,0.058653127
43.0932568,0.173279029,1.264143268,0.5299893,0.063136808
43.09789547,0.172794328,1.26592307,0.472302018,0.064474046
43.10253414,0.167058706,1.262525267,0.477710201,0.058653127
43.10717281,0.169078291,1.261635366,0.501145659,0.059282415
43.11181148,0.175540965,1.26568037,0.518271571,0.065811284
43.11645015,0.169966909,1.264385969,0.462387016,0.061563586
43.12108882,0.167139489,1.261473565,0.484921111,0.058417143
43.12572749,0.172390411,1.263172467,0.524581117,0.062114214
43.13036616,0.173844513,1.267055671,0.48942793,0.06549664
43.13500483,0.16786654,1.266570271,0.479512928,0.059439737
43.1396435,0.16835124,1.266812971,0.500244295,0.058731788
43.14428217,0.175379398,1.270938875,0.535397483,0.064867352
43.14892084,0.17166336,1.271747876,0.468696563,0.06329413
43.15355951,0.167462623,1.269159074,0.486723839,0.058574466
43.15819818,0.171017093,1.268835473,0.516468843,0.060619654
43.16283685,0.175460181,1.272233277,0.505652478,0.066125929
43.16747552,0.168755157,1.270048975,0.469597927,0.060305009
43.17211419,0.167462623,1.268754573,0.493033385,0.058338482
43.17675286,0.17400608,1.272233277,0.535397483,0.063372791
43.18139153,0.173279029,1.274579379,0.475907473,0.064474046
43.1860302,0.167704973,1.270129875,0.48221702,0.058967771
43.19066887,0.169643775,1.269644474,0.505652478,0.059833043
43.19530754,0.175379398,1.272799577,0.520074299,0.066125929
43.19994621,0.169401425,1.271181576,0.465091108,0.061563586
43.20458488,0.166977922,1.268592773,0.486723839,0.058338482
43.20922355,0.172148061,1.269644474,0.525482481,0.062271536
43.21386222,0.173763729,1.272395077,0.484921111,0.065811284
43.21850089,0.167947323,1.269239974,0.474104746,0.059439737
43.22313956,0.168189673,1.267621972,0.494836113,0.058653127
43.22777823,0.174409997,1.271505176,0.5299893,0.064710029
43.2324169,0.17093631,1.273284978,0.467795199,0.06258618
43.23705557,0.166816355,1.272637777,0.48942793,0.058259821
43.24169424,0.170774743,1.275873781,0.524581117,0.061170281
43.24633291,0.175460181,1.281294086,0.511962024,0.065811284
43.25097158,0.169078291,1.280808686,0.481315656,0.060305009
43.25561025,0.168593591,1.280323285,0.501145659,0.05818116
43.26024892,0.175137048,1.28453009,0.545312484,0.063687435
43.26488759,0.173602163,1.287685193,0.484019747,0.064080741
43.26952626,0.168270457,1.286148092,0.493934749,0.058495805
43.27416493,0.170290042,1.285986291,0.516468843,0.059203754
43.2788036,0.176106449,1.290112196,0.523679754,0.065732623
43.28344227,0.170290042,1.289303195,0.471400654,0.061248942
43.28808094,0.168432024,1.286714392,0.493033385,0.05818116
43.29271961,0.173359812,1.287846993,0.531792028,0.062192875
43.29735828,0.17424843,1.290193096,0.486723839,0.065103335
43.30199695,0.168512807,1.286471692,0.477710201,0.059282415
43.30663562,0.169239858,1.28469189,0.49663884,0.058967771
43.31127429,0.175702531,1.286633492,0.529087936,0.065103335
43.31591296,0.171582577,1.28501549,0.46328838,0.062743503
43.32055163,0.167543406,1.281132286,0.483118383,0.058417143
43.3251903,0.171340227,1.280727786,0.516468843,0.060619654
43.32982897,0.174975481,1.282831188,0.49663884,0.065653962
43.33446764,0.168512807,1.279676085,0.465992472,0.059833043
43.33910631,0.167704973,1.276763682,0.486723839,0.058338482
43.34374498,0.17424843,1.279109784,0.5299893,0.063530113
43.34838365,0.172632762,1.278786184,0.466893835,0.064080741
43.35302232,0.167220272,1.275792881,0.479512928,0.058338482
43.35766099,0.169724558,1.27530748,0.506553842,0.059990365
43.36229966,0.175379398,1.278300783,0.513764752,0.066047268
43.36693833,0.169482208,1.276682782,0.465992472,0.061248942
43.371577,0.167785756,1.274741179,0.488526566,0.058259821
43.37621567,0.173036679,1.276601881,0.5299893,0.06258618
43.38085434,0.174409997,1.279433384,0.483118383,0.065181996
43.38549301,0.16810889,1.276601881,0.477710201,0.05959706
43.39013168,0.168835941,1.27538838,0.498441568,0.059518399
43.39477035,0.175621748,1.278624384,0.527285209,0.065653962
43.39940902,0.171097877,1.277896283,0.46328838,0.063136808
43.40404769,0.167785756,1.274336679,0.484921111,0.058810449
43.40868636,0.171744144,1.274660279,0.519172935,0.061563586
43.41332503,0.175621748,1.277815383,0.49663884,0.066047268
43.4179637,0.168916724,1.27498388,0.468696563,0.059990365
43.42260237,0.16810889,1.272395077,0.487625202,0.058810449
43.42724104,0.174894697,1.274579379,0.530890664,0.063923419
43.43187971,0.172794328,1.27555018,0.465091108,0.064238063
43.43651838,0.168189673,1.272152377,0.479512928,0.058731788
43.44115705,0.170370826,1.271666976,0.506553842,0.060226348
43.44579572,0.175783315,1.274741179,0.510159297,0.065968607
43.45043439,0.169886125,1.273770378,0.462387016,0.061248942
43.45507306,0.167462623,1.270938875,0.484921111,0.058810449
43.45971173,0.173359812,1.273446778,0.527285209,0.062822164
43.4643504,0.174329213,1.276197381,0.478611565,0.065417979
43.46898907,0.16835124,1.274579379,0.477710201,0.059125093
43.47362774,0.169562992,1.274255779,0.500244295,0.059203754
43.47826641,0.175783315,1.278543484,0.528186573,0.065889946
43.48290508,0.171017093,1.279109784,0.465091108,0.062664841
43.48754375,0.167704973,1.276925482,0.486723839,0.058495805
43.49218242,0.171905711,1.277815383,0.520074299,0.061563586
43.49682109,0.175379398,1.280727786,0.493934749,0.065968607
43.50145976,0.169159074,1.278300783,0.469597927,0.060619654
43.50609843,0.168593591,1.276116481,0.488526566,0.059125093
43.5107371,0.175217831,1.278138983,0.530890664,0.064631368
43.51537577,0.172875112,1.278543484,0.465091108,0.064159402
43.52001444,0.16810889,1.27522658,0.481315656,0.058810449
43.52465311,0.17093631,1.27522658,0.509257933,0.06038367
43.52929178,0.176348799,1.278300783,0.509257933,0.066440573
43.53393045,0.170209259,1.277087282,0.464189744,0.061406264
43.53856912,0.168835941,1.27498388,0.487625202,0.059046432
43.54320779,0.174571564,1.278867084,0.531792028,0.063451452
43.54784646,0.175137048,1.283478389,0.483118383,0.065260657
43.55248513,0.170047692,1.283963789,0.486723839,0.059282415
43.5571238,0.171017093,1.285662691,0.511962024,0.059518399
43.56176247,0.17756055,1.290435796,0.533594755,0.065889946
43.56640114,0.172551978,1.290031296,0.470499291,0.062271536
43.57103981,0.169562992,1.286552592,0.490329294,0.058810449
43.57567848,0.173844513,1.286876192,0.524581117,0.062114214
43.58031715,0.176268015,1.288655994,0.493934749,0.066361912
43.58495582,0.169886125,1.28493459,0.472302018,0.060226348
43.58959449,0.169482208,1.282183987,0.491230657,0.059203754
43.59423316,0.176187232,1.283801989,0.530890664,0.065339318
43.59887183,0.173279029,1.283801989,0.464189744,0.063923419
43.6035105,0.169159074,1.278867084,0.479512928,0.05888911
43.60814917,0.172067278,1.277815383,0.509257933,0.060698315
43.61278784,0.176995066,1.280161485,0.505652478,0.066519234
43.61742651,0.170451609,1.277653583,0.464189744,0.061170281
43.62206518,0.168755157,1.274093979,0.484921111,0.058967771
43.62670385,0.174086863,1.274336679,0.528186573,0.063766097
43.63134252,0.173925296,1.276035581,0.473203382,0.06549664
43.63598119,0.168028107,1.272961378,0.476808837,0.059361076
43.64061986,0.169805342,1.272071477,0.500244295,0.059990365
43.64525853,0.176025665,1.27555018,0.521877026,0.066361912
43.6498972,0.17117866,1.27498388,0.462387016,0.062428858
43.65453587,0.16786654,1.272395077,0.485822475,0.059125093
43.65917454,0.172309628,1.274013079,0.524581117,0.062192875
43.66381321,0.174975481,1.277006382,0.48942793,0.066283251
43.66845188,0.16835124,1.27514568,0.473203382,0.060069026
43.67309055,0.168674374,1.274336679,0.493033385,0.059361076
43.67772922,0.175217831,1.278138983,0.532693391,0.064946013
43.68236789,0.17166336,1.278705284,0.465992472,0.063608774
43.68700656,0.167543406,1.276520981,0.483118383,0.058810449
43.69164523,0.17093631,1.276440081,0.512863388,0.060934298
43.6962839,0.175379398,1.279190684,0.506553842,0.066597895
43.70092257,0.169401425,1.277572682,0.465992472,0.061012959
43.70556124,0.168028107,1.27490298,0.486723839,0.058967771
43.71019991,0.173844513,1.276197381,0.530890664,0.063608774
43.71483858,0.173359812,1.277168182,0.474104746,0.065181996
43.71947725,0.167462623,1.273365878,0.479512928,0.059203754
43.72411592,0.169078291,1.272395077,0.502047023,0.060069026
43.72875459,0.175460181,1.27522658,0.520074299,0.06620459
43.73339326,0.169724558,1.27538838,0.46328838,0.062271536
43.73803193,0.166977922,1.272718677,0.484921111,0.05888911
43.7426706,0.171986494,1.273851279,0.524581117,0.062428858
43.74730927,0.174652347,1.277006382,0.487625202,0.066047268
43.75194794,0.16810889,1.274417579,0.474104746,0.059833043
43.75658661,0.167947323,1.273123178,0.493934749,0.059125093
43.76122528,0.174975481,1.276601881,0.530890664,0.065024674
43.76586395,0.171824927,1.277329982,0.465992472,0.063451452
43.77050262,0.16762419,1.274660279,0.485822475,0.059046432
43.77514129,0.171501794,1.276682782,0.520074299,0.061406264
43.77977996,0.176591149,1.28453009,0.518271571,0.066755217
43.78441863,0.170855526,1.289788595,0.488526566,0.060934298
43.7890573,0.170532393,1.293267299,0.511060661,0.05888911
43.79369597,0.176671932,1.298040404,0.551622031,0.063844758
43.79833464,0.175864098,1.300952807,0.486723839,0.064946013
43.80297331,0.170774743,1.297312303,0.490329294,0.059361076
43.80761198,0.172067278,1.294885301,0.511060661,0.059990365
43.81225065,0.178368384,1.297312303,0.523679754,0.066361912
43.81688932,0.172794328,1.295047101,0.465992472,0.061956892
43.82152799,0.169724558,1.291002097,0.488526566,0.058810449
43.82616666,0.174409997,1.290840297,0.528186573,0.06258618
43.83080533,0.176591149,1.293348199,0.488526566,0.066125929
43.835444,0.170128476,1.290597596,0.477710201,0.059675721
43.84008267,0.170209259,1.289869496,0.498441568,0.059361076
43.84472134,0.17707585,1.293186399,0.532693391,0.065417979
43.84936001,0.172875112,1.293267299,0.466893835,0.063215469
43.85399868,0.169159074,1.290031296,0.486723839,0.05888911
43.85863735,0.172713545,1.290516696,0.518271571,0.061170281
43.86327602,0.176752716,1.293590899,0.502948387,0.066597895
43.86791469,0.170532393,1.291082997,0.469597927,0.060776976
43.87255336,0.169159074,1.289464995,0.48942793,0.05888911
43.87719203,0.175621748,1.291811098,0.533594755,0.063766097
43.8818307,0.17449078,1.2937527,0.471400654,0.064552707
43.88646937,0.168835941,1.290112196,0.48221702,0.058810449
43.89110804,0.170855526,1.288736894,0.506553842,0.059990365
43.89574671,0.176914283,1.291163897,0.518271571,0.066283251
43.90038538,0.171017093,1.290031296,0.46328838,0.061878231
43.90502405,0.168835941,1.287037993,0.486723839,0.058731788
43.90966272,0.173925296,1.287685193,0.526383845,0.062900825
43.91430139,0.175217831,1.289545895,0.484019747,0.065889946
43.91894006,0.168835941,1.285339091,0.475006109,0.059833043
43.92357873,0.169401425,1.283640189,0.495737476,0.059282415
43.9282174,0.176025665,1.286390792,0.528186573,0.065653962
43.93285607,0.171986494,1.285743591,0.461485653,0.063451452
43.93749474,0.168270457,1.281455887,0.48221702,0.058967771
43.94213341,0.172067278,1.281294086,0.51556748,0.061327603
43.94677208,0.176187232,1.282588488,0.497540204,0.066519234
43.95141075,0.169482208,1.279676085,0.466893835,0.060619654
43.95604942,0.168512807,1.276925482,0.486723839,0.059125093
43.96068809,0.174975481,1.278381683,0.531792028,0.064552707
43.96532676,0.172955895,1.278867084,0.468696563,0.064710029
43.96996543,0.168028107,1.27514568,0.479512928,0.059361076
43.9746041,0.170209259,1.274660279,0.505652478,0.060226348
43.97924277,0.175621748,1.277815383,0.514666116,0.066361912
43.98388144,0.169966909,1.276278281,0.46328838,0.06179957
43.98852011,0.167381839,1.273365878,0.485822475,0.058731788
43.99315878,0.172955895,1.27498388,0.527285209,0.062743503
43.99779745,0.173602163,1.277410882,0.481315656,0.06549664
44.00243612,0.167381839,1.274498479,0.475907473,0.059361076
44.00707479,0.168432024,1.272961378,0.49663884,0.059361076
44.01171346,0.175056264,1.276844582,0.528186573,0.06549664
44.01635213,0.17093631,1.276278281,0.46328838,0.062743503
44.0209908,0.167543406,1.273284978,0.485822475,0.05888911
44.02562947,0.170855526,1.274336679,0.520074299,0.061170281
44.03026814,0.17473313,1.278219883,0.499342932,0.066125929
44.03490681,0.16835124,1.276682782,0.472302018,0.060305009
44.03954548,0.16810889,1.27522658,0.491230657,0.059439737
44.04418415,0.174975481,1.277410882,0.534496119,0.064631368
44.04882282,0.172551978,1.278462583,0.471400654,0.064238063
44.05346149,0.168028107,1.27538838,0.484921111,0.058967771
44.05810016,0.170451609,1.276116481,0.511962024,0.060305009
44.06273883,0.176025665,1.280323285,0.516468843,0.066519234
44.0673775,0.169724558,1.279271584,0.467795199,0.061484925
44.07201617,0.167785756,1.276844582,0.48942793,0.058731788
44.07665484,0.173440596,1.278786184,0.532693391,0.063058147
44.08129351,0.174409997,1.281536787,0.484921111,0.065653962
44.08593218,0.168028107,1.279514285,0.481315656,0.059361076
44.09057085,0.168835941,1.278947984,0.50384975,0.059518399
44.09520952,0.175460181,1.283316589,0.532693391,0.065811284
44.09984819,0.171259443,1.28493459,0.470499291,0.062743503
44.10448686,0.16786654,1.284125589,0.493033385,0.058495805
44.10912553,0.171905711,1.285824491,0.528186573,0.061327603
44.1137642,0.175137048,1.289626795,0.502948387,0.065968607
44.11840287,0.168916724,1.288413294,0.479512928,0.059990365
44.12304154,0.168755157,1.289222295,0.500244295,0.058967771
44.12768021,0.175621748,1.2944808,0.542608393,0.064474046
44.13231888,0.173279029,1.298525805,0.476808837,0.064159402
44.13695755,0.168916724,1.297878604,0.492132021,0.058967771
44.14159622,0.171744144,1.300305607,0.521877026,0.060698315
44.14623489,0.176833499,1.305725912,0.521877026,0.066597895
44.15087356,0.171097877,1.306049513,0.475907473,0.061406264
44.15551223,0.168755157,1.305240512,0.499342932,0.058967771
44.1601509,0.174571564,1.308476515,0.541707029,0.063451452
44.16478957,0.175056264,1.310579917,0.488526566,0.065417979
44.16942824,0.169239858,1.308233815,0.488526566,0.059439737
44.17406691,0.170209259,1.308476515,0.511962024,0.05959706
44.17870558,0.176752716,1.31308782,0.535397483,0.065968607
44.18334425,0.17166336,1.314544022,0.476808837,0.062428858
44.18798292,0.16835124,1.314948522,0.504751114,0.058967771
44.19262159,0.172713545,1.32239133,0.547115212,0.062035553
44.19726026,0.175864098,1.332503841,0.52277839,0.06620459
44.20189893,0.169159074,1.335497144,0.499342932,0.060069026
44.2065376,0.168755157,1.337115146,0.518271571,0.05888911
44.21117627,0.175702531,1.343020852,0.559734305,0.064395385
44.21581494,0.172713545,1.346418656,0.493033385,0.063844758
44.22045361,0.168512807,1.347470357,0.511962024,0.058810449
44.22509228,0.17117866,1.352081662,0.541707029,0.06038367
44.22973095,0.176995066,1.361627872,0.541707029,0.066361912
44.23436962,0.170451609,1.364054874,0.497540204,0.060855637
44.23900829,0.168755157,1.364459375,0.51556748,0.058495805
44.24364696,0.174571564,1.367776278,0.55612885,0.063058147
44.24828563,0.174652347,1.370850481,0.500244295,0.065103335
44.2529243,0.168997508,1.367452678,0.501145659,0.058967771
44.25756297,0.169966909,1.365996476,0.523679754,0.059439737
44.26220164,0.176348799,1.36955608,0.543509757,0.065968607
44.26684031,0.171259443,1.368666179,0.484921111,0.062114214
44.27147898,0.168674374,1.365834676,0.505652478,0.058417143
44.27611765,0.172875112,1.365915576,0.541707029,0.061878231
44.28075632,0.175460181,1.367048177,0.506553842,0.065968607
44.28539499,0.169239858,1.362355972,0.486723839,0.05959706
44.29003366,0.169239858,1.358472768,0.504751114,0.058574466
44.29467233,0.175540965,1.358796369,0.543509757,0.064631368
44.299311,0.172471195,1.357582867,0.475006109,0.063608774
44.30394967,0.16835124,1.352081662,0.492132021,0.058653127
44.30858834,0.171501794,1.349007458,0.520074299,0.060462331
44.31322701,0.176429582,1.349897359,0.511962024,0.066047268
44.31786568,0.170128476,1.345852355,0.471400654,0.060540992
44.32250435,0.168593591,1.34091745,0.493934749,0.058731788
44.32714302,0.17449078,1.339703948,0.535397483,0.063372791
44.33178169,0.17424843,1.338409547,0.479512928,0.065103335
44.33642036,0.168270457,1.332746541,0.484019747,0.058967771
44.34105903,0.169643775,1.330157738,0.507455206,0.059518399
44.3456977,0.176268015,1.331209439,0.525482481,0.065732623
44.35033637,0.170290042,1.328701537,0.469597927,0.062035553
44.35497504,0.16762419,1.325546433,0.493033385,0.058653127
44.35961371,0.171986494,1.325789134,0.531792028,0.061878231
44.36425238,0.174571564,1.328135236,0.494836113,0.065732623
44.36889105,0.16786654,1.323847532,0.479512928,0.059833043
44.37352972,0.168189673,1.320368828,0.49663884,0.059125093
44.37816839,0.175056264,1.320935128,0.534496119,0.064946013
44.38280706,0.171340227,1.319883427,0.467795199,0.063136808
44.38744573,0.167139489,1.315433923,0.486723839,0.058653127
44.3920844,0.170774743,1.314301321,0.517370207,0.061012959
44.39672307,0.175621748,1.317375525,0.508356569,0.06620459
44.40136174,0.169482208,1.315191222,0.471400654,0.060619654
44.40600041,0.16786654,1.312440619,0.491230657,0.058653127
44.41063908,0.174409997,1.314220421,0.535397483,0.063844758
44.41527775,0.174086863,1.315838423,0.477710201,0.064710029
44.41991642,0.168835941,1.31268332,0.484921111,0.059203754
44.42455509,0.170613176,1.311712519,0.510159297,0.059833043
44.42919376,0.176752716,1.314867622,0.524581117,0.06620459
44.43383243,0.17117866,1.313411421,0.467795199,0.062114214
44.4384711,0.168512807,1.309528216,0.490329294,0.05888911
44.44310977,0.173682946,1.309851817,0.5299893,0.062507519
44.44774844,0.175944882,1.311874319,0.490329294,0.065732623
44.45238711,0.169724558,1.308072015,0.478611565,0.059518399
44.45702578,0.169886125,1.305564112,0.498441568,0.059203754
44.46166445,0.176429582,1.307182114,0.532693391,0.065339318
44.46630312,0.173117462,1.307101214,0.467795199,0.063530113
44.47094179,0.169401425,1.30305621,0.486723839,0.058810449
44.47558046,0.172228844,1.301438208,0.518271571,0.06109162
44.48021913,0.176591149,1.304674211,0.504751114,0.066361912
44.4848578,0.170047692,1.302004508,0.471400654,0.060619654
44.48949647,0.168916724,1.300224707,0.493033385,0.058810449
44.49413514,0.175217831,1.301842708,0.536298847,0.063766097
44.49877381,0.174167646,1.30337981,0.475907473,0.064788691
44.50341248,0.168997508,1.300952807,0.485822475,0.05888911
44.50805115,0.171017093,1.300791007,0.511962024,0.059675721
44.51268982,0.176995066,1.304593311,0.523679754,0.065889946
44.51732849,0.171744144,1.304269711,0.469597927,0.061642248
44.52196716,0.169159074,1.302328109,0.491230657,0.058810449
44.52660583,0.174329213,1.302570809,0.531792028,0.062350197
44.5312445,0.176025665,1.30370341,0.487625202,0.065811284
44.53588317,0.169886125,1.300710107,0.477710201,0.059675721
44.54052184,0.170128476,1.298930305,0.497540204,0.059125093
44.54516051,0.177156633,1.301033707,0.531792028,0.065575301
44.54979918,0.172713545,1.299982006,0.465992472,0.063372791
44.55443785,0.168755157,1.296746003,0.485822475,0.058653127
44.55907652,0.172148061,1.296017902,0.519172935,0.061248942
44.56371519,0.176187232,1.298121304,0.501145659,0.066440573
44.56835386,0.170047692,1.295451601,0.469597927,0.06038367
44.57299253,0.169159074,1.291891998,0.490329294,0.058810449
44.5776312,0.175379398,1.293267299,0.532693391,0.064238063
44.58226987,0.173440596,1.2941572,0.470499291,0.064395385
44.58690854,0.168916724,1.290112196,0.48221702,0.058810449
44.59154721,0.17093631,1.289060495,0.509257933,0.060069026
44.59618588,0.176914283,1.291568397,0.516468843,0.066047268
44.60082455,0.170855526,1.288736894,0.46328838,0.061563586
44.60546322,0.168432024,1.285419991,0.485822475,0.058653127
44.61010189,0.173763729,1.285743591,0.527285209,0.062979486
44.61474056,0.175217831,1.286957092,0.48221702,0.065653962
44.61937923,0.169159074,1.284044689,0.475907473,0.059282415
44.6240179,0.169482208,1.282183987,0.497540204,0.059361076
44.62865657,0.175702531,1.28436829,0.527285209,0.065653962
44.63329524,0.17166336,1.282831188,0.46328838,0.062979486
44.63793391,0.167947323,1.280323285,0.484019747,0.05888911
44.64257258,0.171582577,1.280565986,0.519172935,0.061406264
44.64721125,0.175379398,1.283882889,0.497540204,0.066440573
44.65184992,0.168432024,1.282103087,0.472302018,0.060069026
44.65648859,0.167704973,1.282022187,0.494836113,0.058967771
44.66112726,0.174409997,1.287199793,0.539904302,0.064395385
44.66576593,0.172875112,1.290435796,0.475907473,0.064316724
44.6704046,0.168270457,1.289788595,0.491230657,0.05888911
44.67504327,0.170774743,1.291568397,0.517370207,0.060226348
44.67968194,0.176268015,1.295856102,0.521877026,0.066440573
44.68432061,0.170290042,1.295532502,0.472302018,0.061563586
44.68895928,0.168512807,1.292377398,0.491230657,0.058731788
44.69359795,0.17424843,1.292862799,0.532693391,0.063058147
44.69823662,0.17473313,1.2944808,0.483118383,0.065339318
44.70287529,0.169159074,1.290921197,0.477710201,0.059361076
44.70751396,0.169562992,1.287927893,0.500244295,0.059282415
44.71215263,0.176025665,1.290759396,0.527285209,0.065732623
44.7167913,0.17166336,1.289707695,0.465091108,0.062664841
44.72142997,0.168432024,1.285905391,0.486723839,0.058417143
44.72606864,0.172471195,1.285743591,0.521877026,0.061720909
44.73070731,0.175783315,1.288008794,0.495737476,0.066440573
44.73534598,0.169805342,1.28477279,0.470499291,0.060305009
44.73998465,0.169320641,1.282669388,0.490329294,0.059046432
44.74462332,0.176025665,1.28453009,0.531792028,0.064552707
44.74926199,0.173521379,1.28493459,0.466893835,0.064080741
44.75390066,0.168432024,1.281051386,0.481315656,0.05888911
44.75853933,0.17093631,1.280242385,0.509257933,0.060226348
44.763178,0.176510366,1.282992988,0.510159297,0.065968607
44.76781667,0.170128476,1.280808686,0.464189744,0.060855637
44.77245534,0.168432024,1.277896283,0.485822475,0.058338482
44.77709401,0.17400608,1.279433384,0.529087936,0.062822164
44.78173268,0.174652347,1.280970486,0.477710201,0.065103335
44.78637135,0.168593591,1.277168182,0.476808837,0.059046432
44.79101002,0.169482208,1.27522658,0.499342932,0.059125093
44.79564869,0.176348799,1.278381683,0.524581117,0.06549664
44.80028736,0.171017093,1.277168182,0.465091108,0.062114214
44.80492603,0.167704973,1.274255779,0.486723839,0.05818116
44.8095647,0.172148061,1.275792881,0.523679754,0.061327603
44.81420337,0.175217831,1.278138983,0.494836113,0.065889946
44.81884204,0.168755157,1.27538838,0.473203382,0.059675721
44.82348071,0.168916724,1.274255779,0.493934749,0.058731788
44.82811938,0.175379398,1.277734483,0.536298847,0.064316724
44.83275805,0.172875112,1.278867084,0.470499291,0.063766097
44.83739672,0.168189673,1.275954681,0.486723839,0.058653127
44.84203539,0.171340227,1.27530748,0.514666116,0.060147687
44.84667406,0.175864098,1.278219883,0.511962024,0.065811284
44.85131273,0.170047692,1.276601881,0.467795199,0.06109162
44.8559514,0.16835124,1.273932179,0.48942793,0.058417143
44.86059007,0.173925296,1.27482208,0.531792028,0.063058147
44.86522874,0.17424843,1.276763682,0.478611565,0.065339318
44.86986741,0.168432024,1.273123178,0.481315656,0.059833043
44.87450608,0.169562992,1.271828776,0.502948387,0.060462331
44.87914475,0.175702531,1.27514568,0.524581117,0.067227184
44.88378342,0.17093631,1.274498479,0.465091108,0.063687435
44.88842209,0.167704973,1.271586076,0.486723839,0.059675721
44.89306076,0.172955895,1.272961378,0.523679754,0.063215469
44.89769943,0.175379398,1.27563108,0.491230657,0.067227184
44.9023381,0.168674374,1.273123178,0.472302018,0.061406264
44.90697677,0.16835124,1.271666976,0.492132021,0.060226348
44.91161544,0.175460181,1.274741179,0.533594755,0.066047268
44.91625411,0.172228844,1.27522658,0.466893835,0.064631368
44.92089278,0.167704973,1.272314177,0.484921111,0.059911704
44.92553145,0.170451609,1.271343376,0.514666116,0.061484925
44.93017012,0.175137048,1.27490298,0.508356569,0.067305845
44.93480879,0.169078291,1.273851279,0.467795199,0.061642248
44.93944746,0.16762419,1.271909676,0.488526566,0.059518399
44.94408613,0.173602163,1.273932179,0.531792028,0.064159402
44.9487248,0.173359812,1.276440081,0.476808837,0.065732623
44.95336347,0.167381839,1.273284978,0.481315656,0.059990365
44.95800214,0.168916724,1.272799577,0.504751114,0.060462331
44.96264081,0.175379398,1.276763682,0.524581117,0.066755217
44.96727948,0.169805342,1.276359181,0.465992472,0.062743503
44.97191815,0.167058706,1.274093979,0.488526566,0.059361076
44.97655682,0.171824927,1.275792881,0.527285209,0.062743503
44.98119549,0.174329213,1.278947984,0.491230657,0.066597895
44.98583416,0.167947323,1.277168182,0.476808837,0.060619654
44.99047283,0.168189673,1.277087282,0.495737476,0.059518399
44.9951115,0.174975481,1.280727786,0.535397483,0.065575301
44.99975017,0.171017093,1.281455887,0.468696563,0.064080741
45.00438884,0.166977922,1.279433384,0.488526566,0.059361076
45.00902751,0.170209259,1.280242385,0.518271571,0.061406264
45.01366618,0.174813914,1.283478389,0.508356569,0.06691254
45.01830485,0.168270457,1.281294086,0.469597927,0.061484925
45.02294352,0.166735572,1.278786184,0.48942793,0.059282415
45.02758219,0.173117462,1.280646886,0.532693391,0.064159402
45.03222086,0.172390411,1.281860387,0.473203382,0.065339318
45.03685953,0.166977922,1.277653583,0.480414292,0.059203754
45.0414982,0.168512807,1.276197381,0.504751114,0.060147687
45.04613687,0.175137048,1.279271584,0.520074299,0.066361912
45.05077554,0.170209259,1.278058083,0.46328838,0.062192875
45.05541421,0.167220272,1.274336679,0.484921111,0.058810449
45.06005288,0.171582577,1.27530748,0.524581117,0.06258618
45.06469155,0.173763729,1.277168182,0.485822475,0.066125929
45.06933022,0.167301056,1.273851279,0.473203382,0.059911704
45.07396889,0.167462623,1.270938875,0.493033385,0.059361076
45.07860756,0.174409997,1.274013079,0.529087936,0.065417979
45.08324623,0.170290042,1.273932179,0.464189744,0.063844758
45.0878849,0.166574005,1.270938875,0.484921111,0.059361076
45.09252357,0.169966909,1.271262476,0.517370207,0.061170281
45.09716224,0.17424843,1.274741179,0.50384975,0.066519234
45.10180091,0.16762419,1.272718677,0.469597927,0.060855637
45.10643958,0.166977922,1.270615275,0.490329294,0.059125093
45.11107825,0.173036679,1.272880478,0.534496119,0.063844758
45.11571692,0.171905711,1.27490298,0.474104746,0.064867352
45.12035559,0.166412438,1.272880478,0.483118383,0.059361076
45.12499426,0.168593591,1.272961378,0.508356569,0.060147687
45.12963293,0.174894697,1.275954681,0.520074299,0.066283251
45.1342716,0.168916724,1.274579379,0.465091108,0.06179957
45.13891027,0.166816355,1.272071477,0.486723839,0.058810449
45.14354894,0.171501794,1.273365878,0.526383845,0.062822164
45.14818761,0.173440596,1.27530748,0.484019747,0.065968607
45.15282628,0.166654788,1.272314177,0.475006109,0.059754382
45.15746495,0.167704973,1.271262476,0.494836113,0.059203754
45.16210362,0.174571564,1.274255779,0.5299893,0.065732623
45.16674229,0.170774743,1.27490298,0.465992472,0.063766097
45.17138096,0.166816355,1.272556877,0.486723839,0.059125093
45.17601963,0.170290042,1.272718677,0.518271571,0.061484925
45.1806583,0.174167646,1.27538838,0.501145659,0.06620459
45.18529697,0.16786654,1.273204078,0.469597927,0.060305009
45.18993564,0.166816355,1.270210775,0.488526566,0.059046432
45.19457431,0.173117462,1.273123178,0.531792028,0.06400208
45.19921298,0.171824927,1.27490298,0.469597927,0.064631368
45.20385165,0.166735572,1.272233277,0.480414292,0.05888911
45.20849032,0.169078291,1.270534375,0.504751114,0.059833043
45.21312899,0.174652347,1.273527678,0.514666116,0.066283251
45.21776766,0.169239858,1.272556877,0.46328838,0.06179957
45.22240633,0.167058706,1.270048975,0.484019747,0.05888911
45.227045,0.172390411,1.271262476,0.524581117,0.062900825
45.23168367,0.173763729,1.272799577,0.480414292,0.065653962
45.23632234,0.167704973,1.270048975,0.474104746,0.059361076
45.24096101,0.168593591,1.268997273,0.494836113,0.059046432
45.24559968,0.174894697,1.272071477,0.527285209,0.06549664
45.25023835,0.170290042,1.271262476,0.46328838,0.062743503
45.25487702,0.166735572,1.268511873,0.484921111,0.058967771
45.25951569,0.171017093,1.269563574,0.517370207,0.061248942
45.26415436,0.174571564,1.272880478,0.497540204,0.06620459
45.26879303,0.16835124,1.270938875,0.468696563,0.06038367
45.2734317,0.167462623,1.268916373,0.488526566,0.058967771
45.27807037,0.173925296,1.271262476,0.532693391,0.064080741
45.28270904,0.172148061,1.273042278,0.467795199,0.064159402
45.28734771,0.166977922,1.269887174,0.481315656,0.058967771
45.29198638,0.169482208,1.268997273,0.508356569,0.060147687
45.29662505,0.174813914,1.271747876,0.513764752,0.066125929
45.30126372,0.168997508,1.271343376,0.464189744,0.06109162
45.30590239,0.166897139,1.269725374,0.485822475,0.058574466
45.31054106,0.172632762,1.272071477,0.528186573,0.062664841
45.31517973,0.173682946,1.27498388,0.480414292,0.065181996
45.3198184,0.16762419,1.272152377,0.475907473,0.059203754
45.32445707,0.168835941,1.272233277,0.498441568,0.059203754
45.32909574,0.175783315,1.276116481,0.527285209,0.065417979
45.33373441,0.170855526,1.277249082,0.465091108,0.06258618
45.33837308,0.167301056,1.27530748,0.485822475,0.058653127
45.34301175,0.171744144,1.277329982,0.520074299,0.061563586
45.34765042,0.174975481,1.280808686,0.49663884,0.06620459
45.35228909,0.168432024,1.278867084,0.471400654,0.060147687
45.35692776,0.16786654,1.277977183,0.492132021,0.05888911
45.36156643,0.17473313,1.281294086,0.535397483,0.064238063
45.3662051,0.172551978,1.283073888,0.470499291,0.064080741
45.37084377,0.167947323,1.281294086,0.484921111,0.058731788
45.37548244,0.170290042,1.282022187,0.511060661,0.06038367
45.38012111,0.175702531,1.286228992,0.512863388,0.066440573
45.38475978,0.169643775,1.285743591,0.466893835,0.061484925
45.38939845,0.168270457,1.28436829,0.487625202,0.058967771
45.39403712,0.173844513,1.286471692,0.5299893,0.063530113
45.39867579,0.173925296,1.289060495,0.479512928,0.065653962
45.40331446,0.16810889,1.286228992,0.478611565,0.059518399
45.40795313,0.169482208,1.285419991,0.500244295,0.059754382
45.4125918,0.176025665,1.288655994,0.525482481,0.066047268
45.41723047,0.171017093,1.288332394,0.465091108,0.062743503
45.42186914,0.168028107,1.285339091,0.486723839,0.058967771
45.42650781,0.172067278,1.285905391,0.52277839,0.062035553
45.43114648,0.175702531,1.289545895,0.494836113,0.066283251
45.43578515,0.168835941,1.287766093,0.474104746,0.060069026
45.44042382,0.168916724,1.287118893,0.494836113,0.058967771
45.44506249,0.175944882,1.290840297,0.53720021,0.064788691
45.44970116,0.173925296,1.292943699,0.472302018,0.064159402
45.45433983,0.170128476,1.291163897,0.48942793,0.059203754
45.4589785,0.173602163,1.292377398,0.517370207,0.060619654
45.46361717,0.178933868,1.296907803,0.516468843,0.066519234
45.46825584,0.172632762,1.295856102,0.471400654,0.061248942
45.47289451,0.171259443,1.2936718,0.491230657,0.058967771
45.47753318,0.1773182,1.295532502,0.533594755,0.063687435
45.48217185,0.176914283,1.297716804,0.478611565,0.065811284
45.48681052,0.17117866,1.2938336,0.479512928,0.05959706
45.49144919,0.172875112,1.292296498,0.502047023,0.059990365
45.49608786,0.178933868,1.295694302,0.523679754,0.066361912
45.50072653,0.173682946,1.2940763,0.46328838,0.062822164
45.5053652,0.170451609,1.289303195,0.484921111,0.059203754
45.51000387,0.174571564,1.288979595,0.521877026,0.062271536
45.51464254,0.177398983,1.291568397,0.48942793,0.066440573
45.51928121,0.170613176,1.288008794,0.471400654,0.060462331
45.52391988,0.170370826,1.285258191,0.491230657,0.05959706
45.52855855,0.177237416,1.287199793,0.531792028,0.065732623
45.53319722,0.173925296,1.286957092,0.465091108,0.064631368
45.53783589,0.169401425,1.283478389,0.484019747,0.059518399
45.54247456,0.172228844,1.282264887,0.513764752,0.061248942
45.54711323,0.177156633,1.28436829,0.508356569,0.06691254
45.5517519,0.170370826,1.282264887,0.465992472,0.061170281
45.55639057,0.168835941,1.279028884,0.488526566,0.058810449
45.56102924,0.17473313,1.279756985,0.5299893,0.063687435
45.56566791,0.17473313,1.281374987,0.474104746,0.065339318
45.57030658,0.168189673,1.277329982,0.476808837,0.059203754
45.57494525,0.169805342,1.275792881,0.500244295,0.05959706
45.57958392,0.176348799,1.278543484,0.520074299,0.065968607
45.58422259,0.17117866,1.277249082,0.461485653,0.062350197
45.58886126,0.168432024,1.274093979,0.484019747,0.058653127
45.59349993,0.172955895,1.274498479,0.520975662,0.062114214
45.5981386,0.175217831,1.276278281,0.485822475,0.066047268
45.60277727,0.168512807,1.273365878,0.469597927,0.060226348
45.60741594,0.168674374,1.271100676,0.491230657,0.059125093
45.61205461,0.175379398,1.273689478,0.528186573,0.065417979
45.61669328,0.171744144,1.274174879,0.46328838,0.063844758
45.62133195,0.167301056,1.271505176,0.48221702,0.059046432
45.62597062,0.170774743,1.270857975,0.513764752,0.060698315
45.63060929,0.175217831,1.273123178,0.504751114,0.066125929
45.63524796,0.168028107,1.270938875,0.465091108,0.060855637
45.63988663,0.166977922,1.268026472,0.485822475,0.058967771
45.6445253,0.173602163,1.270615275,0.529087936,0.063844758
45.64916397,0.172551978,1.271666976,0.470499291,0.065024674
45.65380264,0.167139489,1.268835473,0.476808837,0.059361076
45.65844131,0.168755157,1.267298372,0.500244295,0.059990365
45.66307998,0.175217831,1.271019776,0.517370207,0.066440573
45.66771865,0.169562992,1.270696175,0.461485653,0.062271536
45.67235732,0.166735572,1.267298372,0.483118383,0.058967771
45.67699599,0.17166336,1.268997273,0.52277839,0.062664841
45.68163466,0.17400608,1.271666976,0.485822475,0.066047268
45.68627333,0.167462623,1.269644474,0.473203382,0.060147687
45.690912,0.167704973,1.269159074,0.493934749,0.059282415
45.69555067,0.17449078,1.272880478,0.5299893,0.065732623
45.70018934,0.170532393,1.274498479,0.465091108,0.063844758
45.70482801,0.166574005,1.273204078,0.486723839,0.059125093
45.70946668,0.170128476,1.276925482,0.520074299,0.061484925
45.71410535,0.174894697,1.28453009,0.509257933,0.066676556
45.71874402,0.168674374,1.286795292,0.475907473,0.06109162
45.72338269,0.167462623,1.287927893,0.49663884,0.058967771
45.72802136,0.174167646,1.292296498,0.540805665,0.064316724
45.73266003,0.173440596,1.296017902,0.481315656,0.065260657
45.7372987,0.16835124,1.2941572,0.488526566,0.059833043
45.74193737,0.170370826,1.2939954,0.511962024,0.06038367
45.74657604,0.176510366,1.297150503,0.524581117,0.066597895
45.75121471,0.170613176,1.294966201,0.467795199,0.062350197
45.75585338,0.168432024,1.292539198,0.48942793,0.059203754
45.76049205,0.174167646,1.293348199,0.528186573,0.062822164
45.76513072,0.175783315,1.2943999,0.485822475,0.066047268
45.76976939,0.169482208,1.290516696,0.475006109,0.060069026
45.77440806,0.170047692,1.288817794,0.495737476,0.059675721
45.77904673,0.176348799,1.291568397,0.5299893,0.065889946
45.7836854,0.172390411,1.290840297,0.464189744,0.063844758
45.78832407,0.168674374,1.287118893,0.484019747,0.059518399
45.79296274,0.172309628,1.286876192,0.516468843,0.061563586
45.79760141,0.176591149,1.290193096,0.500244295,0.066991201
45.80224008,0.169805342,1.286633492,0.467795199,0.06109162
45.80687875,0.168835941,1.28509639,0.48942793,0.059518399
45.81151742,0.175137048,1.287685193,0.533594755,0.064788691
45.81615609,0.173602163,1.288817794,0.470499291,0.06549664
45.82079476,0.168189673,1.28461099,0.481315656,0.059518399
45.82543343,0.170370826,1.28436829,0.507455206,0.060619654
45.8300721,0.176429582,1.287523393,0.517370207,0.066597895
45.83471077,0.170613176,1.285986291,0.464189744,0.061956892
45.83934944,0.16835124,1.283478389,0.485822475,0.059203754
45.84398811,0.173521379,1.283963789,0.526383845,0.063136808
45.84862678,0.174652347,1.285581791,0.48221702,0.06620459
45.85326545,0.168270457,1.281294086,0.474104746,0.060147687
45.85790412,0.168593591,1.278947984,0.494836113,0.059518399
45.86254279,0.175621748,1.281536787,0.526383845,0.065653962
45.86718146,0.17093631,1.280404185,0.461485653,0.063058147
45.87182013,0.167785756,1.277410882,0.483118383,0.058810449
45.8764588,0.171259443,1.277249082,0.516468843,0.061406264
45.88109747,0.175056264,1.279514285,0.49663884,0.066597895
45.88573614,0.168189673,1.277572682,0.468696563,0.060698315
45.89037481,0.167543406,1.276116481,0.48942793,0.059125093
45.89501348,0.17424843,1.280646886,0.535397483,0.064316724
45.89965215,0.172794328,1.28485369,0.474104746,0.064631368
45.90429082,0.168028107,1.285419991,0.490329294,0.058967771
45.90892949,0.170613176,1.289060495,0.517370207,0.06038367
45.91356816,0.176429582,1.295047101,0.523679754,0.066361912
45.91820683,0.170290042,1.294319,0.470499291,0.061878231
45.9228455,0.168189673,1.292215598,0.491230657,0.05888911
45.92748417,0.17400608,1.293429099,0.531792028,0.063136808
45.93212284,0.174894697,1.294642601,0.484019747,0.065575301
45.93676151,0.168835941,1.290840297,0.476808837,0.059439737
45.94140018,0.169482208,1.288575094,0.497540204,0.059675721
45.94603885,0.176025665,1.290516696,0.527285209,0.065968607
45.95067752,0.17117866,1.288736894,0.46328838,0.063058147
45.95531619,0.167381839,1.28444919,0.483118383,0.058967771
45.95995486,0.171824927,1.283478389,0.518271571,0.061956892
45.96459353,0.175379398,1.285500891,0.493934749,0.066519234
45.9692322,0.168512807,1.282103087,0.467795199,0.060698315
45.97387087,0.168270457,1.279109784,0.486723839,0.059203754
45.97850954,0.174813914,1.280970486,0.5299893,0.064788691
45.98314821,0.172713545,1.281294086,0.465091108,0.064631368
45.98778688,0.16762419,1.277329982,0.479512928,0.059361076
45.99242555,0.169805342,1.275873781,0.506553842,0.061012959
45.99706422,0.175540965,1.278462583,0.510159297,0.067227184
46.00170289,0.169320641,1.276440081,0.46328838,0.062428858
46.00634156,0.167462623,1.273689478,0.484921111,0.059990365
46.01098023,0.172632762,1.27498388,0.527285209,0.064552707
46.0156189,0.173279029,1.276197381,0.477710201,0.067148523
46.02025757,0.167462623,1.272880478,0.475907473,0.061170281
46.02489624,0.168270457,1.271666976,0.497540204,0.061248942
46.02953491,0.174975481,1.27482208,0.524581117,0.06769915
46.03417358,0.170047692,1.27490298,0.462387016,0.064395385
46.03881225,0.166574005,1.271505176,0.484921111,0.060540992
46.04345092,0.170774743,1.272395077,0.520975662,0.063608774
46.04808959,0.174167646,1.276278281,0.493934749,0.067777811
46.05272826,0.167543406,1.274660279,0.471400654,0.061878231
46.05736693,0.166977922,1.273689478,0.491230657,0.06038367
46.0620056,0.174167646,1.276682782,0.532693391,0.066519234
46.06664427,0.171582577,1.277491782,0.467795199,0.06549664
46.07128294,0.166412438,1.273932179,0.481315656,0.060698315
46.07592161,0.169239858,1.272961378,0.509257933,0.062428858
46.08056028,0.174409997,1.276197381,0.509257933,0.06769915
46.08519895,0.168028107,1.273284978,0.46328838,0.062428858
46.08983762,0.166089305,1.270129875,0.484019747,0.06038367
46.09447629,0.171986494,1.271505176,0.527285209,0.064788691
46.09911496,0.172309628,1.273689478,0.475006109,0.066597895
46.10375363,0.166170088,1.270534375,0.475006109,0.060305009
46.1083923,0.167301056,1.268835473,0.498441568,0.060934298
46.11303097,0.174329213,1.272880478,0.520975662,0.067227184
46.11766964,0.168997508,1.271424276,0.460584289,0.06400208
46.12230831,0.166089305,1.268430973,0.48221702,0.059911704
46.12694698,0.170451609,1.268673673,0.519172935,0.062900825
46.13158565,0.173198245,1.271424276,0.48942793,0.067148523
46.13622432,0.166412438,1.268430973,0.468696563,0.060776976
46.14086299,0.166654788,1.267055671,0.48942793,0.060147687
46.14550166,0.173521379,1.269806274,0.529087936,0.065811284
46.15014033,0.170693959,1.270372575,0.464189744,0.064710029
46.154779,0.166331655,1.267460172,0.483118383,0.059990365
46.15941767,0.169401425,1.267783772,0.512863388,0.061563586
46.16405634,0.174329213,1.271828776,0.508356569,0.066991201
46.16869501,0.168189673,1.271343376,0.465992472,0.06179957
46.17333368,0.166250871,1.268916373,0.487625202,0.059282415
46.17797235,0.172228844,1.271100676,0.530890664,0.063844758
46.18261102,0.172228844,1.273042278,0.475907473,0.065811284
46.18724969,0.166412438,1.270534375,0.479512928,0.060069026
46.19188836,0.16810889,1.269887174,0.501145659,0.060305009
46.19652703,0.17473313,1.27482208,0.52277839,0.066519234
46.2011657,0.169643775,1.27522658,0.464189744,0.062743503
46.20580437,0.166977922,1.273932179,0.487625202,0.059282415
46.21044304,0.17142101,1.276763682,0.525482481,0.062507519
46.21508171,0.174409997,1.281294086,0.493934749,0.066440573
46.21972038,0.168593591,1.281051386,0.476808837,0.059990365
46.22435905,0.168512807,1.280404185,0.497540204,0.059439737
46.22899772,0.17473313,1.285177291,0.536298847,0.065181996
46.23363639,0.171340227,1.287442493,0.470499291,0.064080741
46.23827506,0.166977922,1.285743591,0.48942793,0.059203754
46.24291373,0.170290042,1.287766093,0.519172935,0.061248942
46.2475524,0.175460181,1.2940763,0.512863388,0.066597895
46.25219107,0.169643775,1.2939145,0.474104746,0.06109162
46.25682974,0.16810889,1.293348199,0.494836113,0.059203754
46.26146841,0.174329213,1.297312303,0.538101574,0.064080741
46.26610708,0.173763729,1.300143806,0.479512928,0.065417979
46.27074575,0.168593591,1.297878604,0.484921111,0.05959706
46.27538442,0.169966909,1.297797704,0.507455206,0.059833043
46.28002309,0.176348799,1.301680908,0.524581117,0.066440573
46.28466176,0.171582577,1.300952807,0.465992472,0.062192875
46.28930043,0.168270457,1.298364005,0.487625202,0.058731788
46.2939391,0.172955895,1.298606705,0.526383845,0.062271536
46.29857777,0.175137048,1.301114607,0.488526566,0.066047268
46.30321644,0.168674374,1.297635904,0.474104746,0.059754382
46.30785511,0.168593591,1.295208901,0.493934749,0.059125093
46.31249378,0.175783315,1.297716804,0.531792028,0.065260657
46.31713245,0.172228844,1.297635904,0.464189744,0.063608774
46.32177112,0.167301056,1.2937527,0.484019747,0.059125093
46.32640979,0.171017093,1.293509999,0.514666116,0.061012959
46.33104846,0.175621748,1.296422402,0.502948387,0.066519234
46.33568713,0.168997508,1.2937527,0.465091108,0.060855637
46.3403258,0.167462623,1.290759396,0.486723839,0.05888911
46.34496447,0.17400608,1.292377398,0.5299893,0.06400208
46.34960314,0.173117462,1.293429099,0.470499291,0.064946013
46.35424181,0.167785756,1.288898695,0.479512928,0.059203754
46.35888048,0.169239858,1.287280693,0.502948387,0.059833043
46.36351915,0.175379398,1.289707695,0.517370207,0.066125929
46.36815782,0.169724558,1.288008794,0.462387016,0.061956892
46.37279649,0.167462623,1.28501549,0.484019747,0.058574466
46.37743516,0.172228844,1.28509639,0.523679754,0.062507519
46.38207383,0.173763729,1.287280693,0.483118383,0.066125929
46.3867125,0.167543406,1.283073888,0.472302018,0.059833043
46.39135117,0.16786654,1.280889586,0.492132021,0.059518399
46.39598984,0.17473313,1.283478389,0.527285209,0.065653962
46.40062851,0.170613176,1.283397489,0.462387016,0.063372791
46.40526718,0.166654788,1.280080585,0.48221702,0.059046432
46.40990585,0.170290042,1.279676085,0.514666116,0.061642248
46.41454452,0.17449078,1.282507588,0.501145659,0.066597895
46.41918319,0.168028107,1.280889586,0.467795199,0.060698315
46.42382186,0.166977922,1.279352484,0.487625202,0.059203754
46.42846053,0.173440596,1.281698587,0.530890664,0.064788691
46.4330992,0.171582577,1.282588488,0.469597927,0.065417979
46.43773787,0.166654788,1.279433384,0.480414292,0.059518399
46.44237654,0.168674374,1.278947984,0.505652478,0.060226348
46.44701521,0.17449078,1.282426688,0.516468843,0.066676556
46.45165388,0.168674374,1.281294086,0.46328838,0.062114214
46.45629255,0.166412438,1.278300783,0.485822475,0.059203754
46.46093122,0.171905711,1.279514285,0.526383845,0.063136808
46.46556989,0.173036679,1.282507588,0.483118383,0.066125929
46.47020856,0.166897139,1.279756985,0.475006109,0.059833043
46.47484723,0.167947323,1.279433384,0.498441568,0.059754382
46.4794859,0.174409997,1.283478389,0.532693391,0.066125929
46.48412457,0.170774743,1.28469189,0.468696563,0.063608774
46.48876324,0.167220272,1.283316589,0.48942793,0.059361076
46.49340191,0.170613176,1.284125589,0.52277839,0.061642248
46.49804058,0.174813914,1.287846993,0.504751114,0.066676556
46.50267925,0.168270457,1.288170594,0.476808837,0.061012959
46.50731792,0.167947323,1.290112196,0.499342932,0.059203754
46.51195659,0.174329213,1.2941572,0.541707029,0.064631368
46.51659526,0.172955895,1.297393204,0.477710201,0.064946013
46.52123393,0.16762419,1.295047101,0.48942793,0.059282415
46.5258726,0.169805342,1.2940763,0.513764752,0.060462331
46.53051127,0.175783315,1.297959504,0.520074299,0.066833878
46.53514994,0.170128476,1.296422402,0.468696563,0.062114214
46.53978861,0.16762419,1.293429099,0.492132021,0.058810449
46.54442728,0.173036679,1.294966201,0.532693391,0.063215469
46.54906595,0.174329213,1.297797704,0.486723839,0.065968607
46.55370462,0.168189673,1.295532502,0.481315656,0.059754382
46.55834329,0.168916724,1.295289801,0.502948387,0.059675721
46.56298196,0.175702531,1.299011205,0.534496119,0.065889946
46.56762063,0.171340227,1.299577506,0.471400654,0.063058147
46.5722593,0.16786654,1.297312303,0.492132021,0.059125093
46.57689797,0.171824927,1.298040404,0.527285209,0.061878231
46.58153664,0.175783315,1.301033707,0.50384975,0.066991201
46.58617531,0.168916724,1.299577506,0.475907473,0.06109162
46.59081398,0.168432024,1.298768505,0.49663884,0.059125093
46.59545265,0.17473313,1.301680908,0.539904302,0.064631368
46.60009132,0.173359812,1.30354161,0.476808837,0.064788691
46.60472999,0.168997508,1.300952807,0.490329294,0.059203754
46.60936866,0.171259443,1.300871907,0.517370207,0.060462331
46.61400733,0.176510366,1.304431511,0.520975662,0.066440573
46.618646,0.17093631,1.302975309,0.471400654,0.061406264
46.62328467,0.169159074,1.301114607,0.493033385,0.058967771
46.62792334,0.174652347,1.302732609,0.535397483,0.062900825
46.63256201,0.175137048,1.305321412,0.485822475,0.065417979
46.63720068,0.169562992,1.302813509,0.483118383,0.059439737
46.64183935,0.170370826,1.302409009,0.504751114,0.059439737
46.64647802,0.176914283,1.306696713,0.531792028,0.065889946
46.65111669,0.172471195,1.306939414,0.468696563,0.063058147
46.65575536,0.168916724,1.30386521,0.48942793,0.059046432
46.66039403,0.172955895,1.304107911,0.525482481,0.061956892
46.6650327,0.176429582,1.307748414,0.498441568,0.066676556
46.66967137,0.170128476,1.306211313,0.474104746,0.06038367
46.67431004,0.169320641,1.304188811,0.493934749,0.059203754
46.67894871,0.175864098,1.307182114,0.536298847,0.064867352
46.68358738,0.173763729,1.308395615,0.470499291,0.064395385
46.68822605,0.169078291,1.306615813,0.486723839,0.059282415
46.69286472,0.171824927,1.307020314,0.514666116,0.060855637
46.69750339,0.17707585,1.311146218,0.51556748,0.066519234
46.70214206,0.170855526,1.310418117,0.469597927,0.061563586
46.70678073,0.169078291,1.308638315,0.491230657,0.059282415
46.7114194,0.174894697,1.310660818,0.533594755,0.063766097
46.71605807,0.174975481,1.31333052,0.48221702,0.065653962
46.72069674,0.169239858,1.311065318,0.480414292,0.059754382
46.72533541,0.170613176,1.310256317,0.502948387,0.059754382
46.72997408,0.176914283,1.313492321,0.526383845,0.066125929
46.73461275,0.172390411,1.31324962,0.466893835,0.062822164
46.73925142,0.169401425,1.311227118,0.488526566,0.058967771
46.74389009,0.173198245,1.312278819,0.525482481,0.062114214
46.74852876,0.176510366,1.316485624,0.49663884,0.066676556
46.75316743,0.170047692,1.315272122,0.475907473,0.060462331
46.7578061,0.169886125,1.314463122,0.49663884,0.059125093
46.76244477,0.176752716,1.320368828,0.542608393,0.064946013
46.76708344,0.174652347,1.326112734,0.483118383,0.064395385
46.77172211,0.170290042,1.330400439,0.506553842,0.059125093
46.77636078,0.173359812,1.335658944,0.535397483,0.060698315
46.78099945,0.178126034,1.342292751,0.531792028,0.066440573
46.78563812,0.172309628,1.342939952,0.484921111,0.061170281
46.79027679,0.170693959,1.34124105,0.502948387,0.059282415
46.79491546,0.176348799,1.342939952,0.542608393,0.063844758
46.79955413,0.176510366,1.345124254,0.486723839,0.065181996
46.8041928,0.170855526,1.341807351,0.488526566,0.05959706
46.80883147,0.171501794,1.340432049,0.511060661,0.060147687
46.81347014,0.178126034,1.343263552,0.530890664,0.066519234
46.81810881,0.173036679,1.342292751,0.470499291,0.062822164
46.82274748,0.170047692,1.340189349,0.493934749,0.059046432
46.82738615,0.17449078,1.342130951,0.531792028,0.062114214
46.83202482,0.177398983,1.347065856,0.500244295,0.066361912
46.83666349,0.171340227,1.346095055,0.483118383,0.060226348
46.84130216,0.17166336,1.346661356,0.502047023,0.059675721
46.84594083,0.178449168,1.35070636,0.541707029,0.06549664
46.8505795,0.174813914,1.352567062,0.475006109,0.064159402
46.85521817,0.170855526,1.351919861,0.494836113,0.059518399
46.85985684,0.174329213,1.354670464,0.526383845,0.061012959
46.86449551,0.179499352,1.360818871,0.520074299,0.06691254
46.86913418,0.172794328,1.361061571,0.480414292,0.061327603
46.87377285,0.17142101,1.361142471,0.501145659,0.059282415
46.87841152,0.177722117,1.365834676,0.546213848,0.064316724
46.88305019,0.177156633,1.370284181,0.48942793,0.06549664
46.88768886,0.171986494,1.36996058,0.494836113,0.059833043
46.89232753,0.173440596,1.371578582,0.517370207,0.060540992
46.8969662,0.179257002,1.377241588,0.53720021,0.066676556
46.90160487,0.174329213,1.37910229,0.479512928,0.062507519
46.90624354,0.171824927,1.37934499,0.502948387,0.059282415
46.91088221,0.176429582,1.383875395,0.539904302,0.063058147
46.91552088,0.178853085,1.389781102,0.504751114,0.066676556
46.92015955,0.172713545,1.390832803,0.490329294,0.059911704
46.92479822,0.172955895,1.392289004,0.510159297,0.059439737
46.92943689,0.180064836,1.398356511,0.547115212,0.065968607
46.93407556,0.176752716,1.402401515,0.481315656,0.064080741
46.93871423,0.172632762,1.403857716,0.502047023,0.059361076
46.9433529,0.176348799,1.409439822,0.534496119,0.061327603
46.94799157,0.181195804,1.417853431,0.525482481,0.06691254
46.95263024,0.175298614,1.420604034,0.48942793,0.061563586
46.95726891,0.17424843,1.423031037,0.510159297,0.059361076
46.96190758,0.180064836,1.429017643,0.552523395,0.064316724
46.96654625,0.179660919,1.433548048,0.493033385,0.065653962
46.97118492,0.17400608,1.433305348,0.500244295,0.059361076
46.97582359,0.176510366,1.435004249,0.524581117,0.060540992
46.98046226,0.182407555,1.441152656,0.538101574,0.066440573
46.98510093,0.176914283,1.441638057,0.483118383,0.062350197
46.9897396,0.17400608,1.440100955,0.502948387,0.059282415
46.99437827,0.179257002,1.441880757,0.541707029,0.06329413
46.99901694,0.180953454,1.44527856,0.502047023,0.066361912
47.00365561,0.174571564,1.442204357,0.488526566,0.06038367
47.00829428,0.174652347,1.441314456,0.507455206,0.059833043
47.01293295,0.180953454,1.444307759,0.543509757,0.065889946
47.01757162,0.177398983,1.443822359,0.477710201,0.063844758
47.02221029,0.173602163,1.440748156,0.49663884,0.059361076
47.02684896,0.1773182,1.441233556,0.529087936,0.061406264
47.03148763,0.181438154,1.44487406,0.514666116,0.066991201
47.0361263,0.175056264,1.444145959,0.480414292,0.061642248
47.04076497,0.173521379,1.443822359,0.501145659,0.059754382
47.04540364,0.179741702,1.447301063,0.545312484,0.064788691
47.05004231,0.178529951,1.449404465,0.483118383,0.065417979
47.05468098,0.173925296,1.446411162,0.493033385,0.059518399
47.05931965,0.175702531,1.445925761,0.518271571,0.060619654
47.06395832,0.181438154,1.450051665,0.530890664,0.066833878
47.06859699,0.175864098,1.449889865,0.477710201,0.062350197
47.07323566,0.173602163,1.447543763,0.501145659,0.059361076
47.07787433,0.178529951,1.448110063,0.541707029,0.06329413
47.082513,0.180145619,1.450698866,0.498441568,0.066125929
47.08715167,0.174086863,1.446977462,0.487625202,0.060305009
47.09179034,0.174329213,1.44455046,0.506553842,0.059990365
47.09642901,0.180953454,1.445440361,0.539002938,0.066125929
47.10106768,0.176914283,1.443660559,0.473203382,0.064238063
47.10570635,0.172794328,1.439534654,0.493934749,0.059833043
47.11034502,0.176106449,1.438482953,0.526383845,0.062271536
47.11498369,0.180468753,1.440181855,0.508356569,0.067148523
47.11962236,0.173925296,1.436703151,0.478611565,0.061248942
47.12426103,0.173279029,1.433952548,0.497540204,0.059361076
47.1288997,0.180145619,1.43597505,0.541707029,0.064867352
47.13353837,0.178287601,1.436298651,0.478611565,0.065103335
47.13817704,0.172955895,1.432334547,0.490329294,0.059833043
47.14281571,0.175217831,1.429098543,0.514666116,0.060540992
47.14745438,0.180791887,1.429098543,0.52277839,0.06691254
47.15209305,0.175056264,1.424649038,0.470499291,0.062114214
47.15673172,0.172955895,1.418824232,0.492132021,0.059361076
47.16137039,0.1778029,1.417368031,0.533594755,0.063530113
47.16600906,0.179176218,1.417448931,0.487625202,0.066440573
47.17064773,0.172390411,1.411624125,0.480414292,0.060226348
47.1752864,0.173440596,1.40749822,0.501145659,0.060069026
47.17992507,0.179660919,1.407740921,0.531792028,0.066519234
47.18456374,0.175540965,1.405475718,0.466893835,0.063844758
47.18920241,0.171905711,1.399974512,0.488526566,0.059361076
47.19384108,0.175540965,1.39779021,0.521877026,0.062114214
47.19847975,0.179257002,1.398356511,0.500244295,0.066991201
47.20311842,0.172551978,1.392369904,0.472302018,0.061170281
47.20775709,0.172148061,1.387758599,0.491230657,0.05959706
47.21239576,0.178206817,1.386464198,0.534496119,0.065103335
47.21703443,0.176510366,1.384279896,0.469597927,0.065024674
47.2216731,0.171501794,1.378212389,0.483118383,0.05959706
47.22631177,0.173844513,1.374652785,0.509257933,0.061012959
47.23095044,0.178853085,1.374976386,0.514666116,0.066755217
47.23558911,0.173279029,1.371174082,0.465992472,0.06179957
47.24022778,0.171017093,1.365915576,0.487625202,0.059518399
47.24486645,0.176348799,1.364782975,0.5299893,0.063530113
47.24950512,0.177237416,1.364782975,0.481315656,0.066047268
47.25414379,0.171097877,1.359200869,0.477710201,0.059675721
47.25878246,0.171905711,1.355722165,0.499342932,0.060147687
47.26342113,0.178287601,1.356045766,0.527285209,0.066440573
47.2680598,0.173440596,1.353214263,0.464189744,0.063451452
47.27269847,0.169643775,1.347713057,0.485822475,0.059439737
47.27733714,0.174086863,1.346014155,0.520975662,0.062035553
47.28197581,0.177479767,1.346095055,0.494836113,0.06691254
47.28661448,0.170855526,1.340432049,0.470499291,0.060776976
47.29125315,0.169966909,1.335982544,0.490329294,0.059125093
47.29589182,0.176671932,1.336872445,0.532693391,0.065024674
47.30053049,0.174409997,1.334930843,0.466893835,0.064631368
47.30516916,0.169482208,1.329915038,0.483118383,0.059282415
47.30980783,0.172471195,1.327407135,0.510159297,0.060698315
47.3144465,0.177641334,1.329025137,0.511962024,0.066676556
47.31908517,0.171824927,1.326436334,0.465992472,0.061484925
47.32372384,0.169482208,1.32247223,0.488526566,0.058967771
47.32836251,0.175217831,1.32271493,0.532693391,0.063608774
47.33300118,0.175460181,1.323766631,0.48221702,0.065889946
47.33763985,0.169805342,1.319559827,0.480414292,0.059911704
47.34227852,0.170774743,1.317132824,0.502948387,0.060069026
47.34691719,0.17707585,1.317860925,0.526383845,0.066283251
47.35155586,0.172148061,1.316081123,0.465091108,0.062900825
47.35619453,0.168916724,1.310984418,0.486723839,0.059361076
47.3608332,0.173763729,1.310418117,0.52277839,0.062035553
47.36547187,0.176510366,1.312117019,0.493033385,0.066519234
47.37011054,0.170047692,1.308072015,0.472302018,0.060619654
47.37474921,0.169805342,1.304512411,0.491230657,0.059675721
47.37938788,0.176106449,1.305968613,0.532693391,0.065417979
47.38402655,0.173682946,1.305645012,0.466893835,0.064552707
47.38866522,0.169078291,1.301680908,0.483118383,0.059361076
47.39330389,0.171501794,1.300305607,0.512863388,0.061012959
47.39794256,0.176429582,1.302732609,0.511060661,0.066991201
47.40258123,0.170774743,1.300710107,0.467795199,0.061720909
47.4072199,0.169159074,1.298121304,0.48942793,0.059754382
47.41185857,0.175137048,1.299901106,0.532693391,0.064238063
47.41649724,0.175137048,1.302004508,0.479512928,0.06620459
47.42113591,0.169401425,1.299577506,0.48221702,0.059990365
47.42577458,0.170532393,1.298444905,0.504751114,0.06038367
47.43041325,0.176752716,1.301519108,0.528186573,0.066676556
47.43505192,0.17166336,1.301357308,0.469597927,0.063058147
47.43969059,0.16835124,1.300062906,0.491230657,0.059754382
47.44432926,0.172875112,1.302247209,0.529087936,0.062900825
47.44896793,0.176106449,1.306211313,0.49663884,0.066991201
47.4536066,0.169966909,1.30370341,0.477710201,0.060855637
47.45824527,0.169562992,1.300871907,0.49663884,0.059911704
47.46288394,0.176025665,1.302813509,0.53720021,0.065889946
47.46752261,0.173117462,1.301680908,0.469597927,0.064474046
47.47216128,0.168916724,1.297474104,0.486723839,0.05959706
47.47679995,0.171824927,1.296341502,0.51556748,0.061248942
47.48143862,0.176106449,1.298849405,0.508356569,0.067463167
47.48607729,0.169805342,1.295694302,0.467795199,0.061720909
47.49071596,0.168270457,1.292458298,0.488526566,0.059518399
47.49535463,0.174167646,1.292943699,0.531792028,0.064238063
47.4999933,0.17400608,1.2941572,0.475907473,0.065968607
47.50463197,0.168512807,1.290354896,0.480414292,0.059911704
47.50927064,0.169966909,1.288979595,0.50384975,0.060540992
47.51390931,0.176106449,1.291730198,0.52277839,0.066833878
47.51854798,0.170613176,1.290759396,0.465091108,0.062900825
47.52318665,0.167785756,1.286957092,0.486723839,0.059361076
47.52782532,0.172471195,1.287685193,0.524581117,0.063058147
47.53246399,0.17473313,1.289788595,0.48942793,0.066676556
47.53710266,0.16835124,1.286148092,0.474104746,0.060698315
47.54174133,0.168512807,1.283882889,0.493934749,0.059675721
47.54638,0.175217831,1.286309892,0.531792028,0.065653962
47.55101867,0.171582577,1.286067191,0.465992472,0.064159402
47.55565734,0.167462623,1.282588488,0.484019747,0.059439737
47.56029601,0.170855526,1.282345788,0.513764752,0.061327603
47.56493468,0.175540965,1.285500891,0.504751114,0.066755217
47.56957335,0.168755157,1.282992988,0.466893835,0.061327603
47.57421202,0.167785756,1.280808686,0.487625202,0.059361076
47.57885069,0.173602163,1.281698587,0.530890664,0.064238063
47.58348936,0.173036679,1.283073888,0.472302018,0.065575301
47.58812803,0.167462623,1.279514285,0.479512928,0.059833043
47.5927667,0.168916724,1.277977183,0.50384975,0.060226348
47.59740537,0.175460181,1.281213186,0.520074299,0.066676556
47.60204404,0.169562992,1.280646886,0.464189744,0.06258618
47.60668271,0.166735572,1.277572682,0.487625202,0.059361076
47.61132138,0.172632762,1.279352484,0.527285209,0.062900825
47.61596005,0.174167646,1.281860387,0.48942793,0.066597895
47.62059872,0.16835124,1.279918785,0.476808837,0.06038367
47.62523739,0.168755157,1.279433384,0.49663884,0.060147687
47.62987606,0.175379398,1.282588488,0.533594755,0.066047268
47.63451473,0.171824927,1.283154788,0.467795199,0.064080741
47.6391534,0.167785756,1.280889586,0.487625202,0.059675721
47.64379207,0.171259443,1.281213186,0.519172935,0.061720909
47.64843074,0.175702531,1.28477279,0.504751114,0.067227184
47.65306941,0.169078291,1.282345788,0.469597927,0.061563586
47.65770808,0.167947323,1.279918785,0.490329294,0.05959706
47.66234675,0.174167646,1.281698587,0.533594755,0.064710029
47.66698542,0.173198245,1.282183987,0.472302018,0.065339318
47.67162409,0.168028107,1.278543484,0.481315656,0.059754382
47.67626276,0.169401425,1.277734483,0.506553842,0.060540992
47.68090143,0.175621748,1.281374987,0.519172935,0.067227184
47.6855401,0.169805342,1.280161485,0.465091108,0.062743503
47.69017877,0.167704973,1.277896283,0.486723839,0.059361076
47.69481744,0.172471195,1.278786184,0.527285209,0.06329413
47.69945611,0.174652347,1.282183987,0.485822475,0.066676556
47.70409478,0.16835124,1.280404185,0.476808837,0.060462331
47.70873345,0.168028107,1.279676085,0.498441568,0.059990365
47.71337212,0.175298614,1.28420649,0.533594755,0.066125929
47.71801079,0.17117866,1.285743591,0.468696563,0.063844758
47.72264946,0.16786654,1.28469189,0.48942793,0.05959706
47.72728813,0.17142101,1.286714392,0.523679754,0.062114214
47.7319268,0.175783315,1.292053798,0.508356569,0.067069862
47.73656547,0.169562992,1.292053798,0.476808837,0.06109162
47.74120414,0.168593591,1.292053798,0.498441568,0.059203754
47.74584281,0.174813914,1.297555004,0.544411121,0.064710029
47.75048148,0.173440596,1.30321801,0.485822475,0.065417979
47.75512015,0.168674374,1.304674211,0.498441568,0.059911704
47.75975882,0.17117866,1.307182114,0.521877026,0.060776976
47.76439749,0.176833499,1.312036119,0.528186573,0.066991201
47.76903616,0.171340227,1.311712519,0.475006109,0.062428858
47.77367483,0.169078291,1.309851817,0.493934749,0.059518399
47.7783135,0.174329213,1.311388918,0.534496119,0.063530113
47.78295217,0.174975481,1.313492321,0.488526566,0.066519234
47.78759084,0.169078291,1.310984418,0.481315656,0.060226348
47.79222951,0.169643775,1.309932717,0.502047023,0.060069026
47.79686818,0.176591149,1.312440619,0.532693391,0.066361912
47.80150685,0.172632762,1.31284512,0.469597927,0.063766097
47.80614552,0.169401425,1.311631619,0.492132021,0.059518399
47.81078419,0.173359812,1.314058621,0.528186573,0.061956892
47.81542286,0.176995066,1.318184526,0.506553842,0.066755217
47.82006153,0.170774743,1.317213725,0.476808837,0.061012959
47.8247002,0.169966909,1.315433923,0.495737476,0.059675721
47.82933887,0.176671932,1.317456425,0.539002938,0.065024674
47.83397754,0.17473313,1.319236227,0.475006109,0.065181996
47.83861621,0.169886125,1.316404724,0.488526566,0.059518399
47.84325488,0.172228844,1.316000223,0.514666116,0.060934298
47.84789355,0.177641334,1.320126128,0.520975662,0.06691254
47.85253222,0.171824927,1.319883427,0.471400654,0.06258618
47.85717089,0.170290042,1.319478927,0.497540204,0.059282415
47.86180956,0.176187232,1.326517234,0.545312484,0.063844758
47.86644823,0.178529951,1.338894948,0.506553842,0.066361912
47.8710869,0.173440596,1.35030186,0.512863388,0.060069026
47.87572557,0.175217831,1.361789672,0.53720021,0.060226348
47.88036424,0.181842071,1.372387583,0.561537032,0.066361912
47.88500291,0.177479767,1.373681984,0.490329294,0.063530113
47.88964158,0.173844513,1.36947518,0.505652478,0.060069026
47.89428025,0.177641334,1.368018978,0.536298847,0.06258618
47.89891892,0.180953454,1.368585279,0.509257933,0.067384506
47.90355759,0.174329213,1.363245873,0.480414292,0.061012959
47.90819626,0.173521379,1.358310968,0.498441568,0.059675721
47.91283493,0.179822486,1.357663767,0.538101574,0.065103335
47.9174736,0.17756055,1.356045766,0.472302018,0.064867352
47.92211227,0.172955895,1.35030186,0.486723839,0.059990365
47.92675094,0.175217831,1.347793957,0.513764752,0.061484925
47.93138961,0.18063032,1.349816459,0.51556748,0.067305845
47.93602828,0.17449078,1.345852355,0.468696563,0.062035553
47.94066695,0.172390411,1.34148375,0.48942793,0.05959706
47.94530562,0.1778029,1.34156465,0.531792028,0.063923419
47.94994429,0.178287601,1.341888251,0.483118383,0.066440573
47.95458296,0.172632762,1.338733147,0.483118383,0.060462331
47.95922163,0.173925296,1.339542148,0.508356569,0.06038367
47.9638603,0.181034237,1.346742256,0.539002938,0.066833878
47.96849897,0.176752716,1.35038276,0.480414292,0.063687435
47.97313764,0.173925296,1.352405262,0.504751114,0.059754382
47.97777631,0.178206817,1.355722165,0.539904302,0.062664841
47.98241498,0.181680504,1.358796369,0.508356569,0.067227184
47.98705365,0.174571564,1.355398565,0.484019747,0.060934298
47.99169232,0.174167646,1.352728862,0.501145659,0.059754382
47.99633099,0.18063032,1.354104164,0.540805665,0.06549664
48.00096966,0.17756055,1.352000761,0.474104746,0.064788691
48.00560833,0.172632762,1.346095055,0.48942793,0.059911704
48.010247,0.175056264,1.343748953,0.516468843,0.061720909
48.01488567,0.180145619,1.344719754,0.513764752,0.067384506
48.01952434,0.173763729,1.340674749,0.468696563,0.062114214
48.02416301,0.172067278,1.336710645,0.490329294,0.059833043
48.02880168,0.1778029,1.336953345,0.535397483,0.064552707
48.03344035,0.177722117,1.337519646,0.483118383,0.066361912
48.03807902,0.171905711,1.333231942,0.485822475,0.060069026
48.04271769,0.173198245,1.33153304,0.507455206,0.060698315
48.04735636,0.179499352,1.333555542,0.5299893,0.066833878
48.05199503,0.174409997,1.330804939,0.468696563,0.063687435
48.0566337,0.171097877,1.325950934,0.490329294,0.059833043
48.06127237,0.175621748,1.324818333,0.525482481,0.062743503
48.06591104,0.178368384,1.325789134,0.494836113,0.066991201
48.07054971,0.171905711,1.321663229,0.475006109,0.061170281
48.07518838,0.17166336,1.318103625,0.494836113,0.060069026
48.07982705,0.178287601,1.318508126,0.535397483,0.065811284
48.08446572,0.175056264,1.317213725,0.468696563,0.065103335
48.08910439,0.170532393,1.312117019,0.485822475,0.059754382
48.09374306,0.172955895,1.310499017,0.51556748,0.061642248
48.09838173,0.177883684,1.312359719,0.511060661,0.067541828
48.1030204,0.171582577,1.309770917,0.468696563,0.062114214
48.10765907,0.170290042,1.306615813,0.493033385,0.059833043
48.11229774,0.175621748,1.307829315,0.539002938,0.064316724
48.11693641,0.175783315,1.309609116,0.48221702,0.066125929
48.12157508,0.170047692,1.306049513,0.484921111,0.06038367
48.12621375,0.171501794,1.30354161,0.506553842,0.061012959
48.13085242,0.177479767,1.305078712,0.524581117,0.067227184
48.13549109,0.172390411,1.302894409,0.465091108,0.063372791
48.14012976,0.169239858,1.298768505,0.486723839,0.059833043
48.14476843,0.173925296,1.297312303,0.523679754,0.06329413
48.1494071,0.176106449,1.298606705,0.48942793,0.066676556
48.15404577,0.169401425,1.294561701,0.473203382,0.060698315
48.15868444,0.169724558,1.291811098,0.492132021,0.060147687
48.16332311,0.176025665,1.2936718,0.531792028,0.066047268
48.16796178,0.173036679,1.293429099,0.465992472,0.064710029
48.17260045,0.168512807,1.289545895,0.484921111,0.060069026
48.17723912,0.17166336,1.289545895,0.51556748,0.061878231
48.18187779,0.176429582,1.292700999,0.506553842,0.067305845
48.18651646,0.170047692,1.290435796,0.467795199,0.061563586
48.19115513,0.168593591,1.287927893,0.48942793,0.059754382
48.1957938,0.174167646,1.289626795,0.531792028,0.064788691
48.20043247,0.173602163,1.290112196,0.473203382,0.066125929
48.20507114,0.16786654,1.286067191,0.480414292,0.06038367
48.20970981,0.169562992,1.285662691,0.504751114,0.060934298
48.21434848,0.175944882,1.289060495,0.520975662,0.066991201
48.21898715,0.170370826,1.288655994,0.465091108,0.06329413
48.22362582,0.167785756,1.286309892,0.486723839,0.059990365
48.22826449,0.172875112,1.287280693,0.525482481,0.063215469
48.23290316,0.174652347,1.289950396,0.487625202,0.066991201
48.23754183,0.168189673,1.287442493,0.475006109,0.060540992
48.2421805,0.168755157,1.286067191,0.494836113,0.060226348
48.24681917,0.175540965,1.288413294,0.531792028,0.066047268
48.25145784,0.17166336,1.288413294,0.465992472,0.064710029
48.25609651,0.167785756,1.286067191,0.484019747,0.059675721
48.26073518,0.171097877,1.286471692,0.516468843,0.061956892
48.26537385,0.175540965,1.289384095,0.50384975,0.067384506
48.27001252,0.168997508,1.287280693,0.467795199,0.061563586
48.27465119,0.167543406,1.28469189,0.48942793,0.059754382
48.27928986,0.173844513,1.286309892,0.533594755,0.064946013
48.28392853,0.173117462,1.288494194,0.474104746,0.065732623
48.2885672,0.167785756,1.285743591,0.48221702,0.060226348
48.29320587,0.169482208,1.285177291,0.506553842,0.060619654
48.29784454,0.175460181,1.288251494,0.520975662,0.067069862
48.30248321,0.169643775,1.287037993,0.465992472,0.062900825
48.30712188,0.167220272,1.284044689,0.488526566,0.059833043
48.31176055,0.172632762,1.28469189,0.527285209,0.06329413
48.31639922,0.17424843,1.286714392,0.485822475,0.066597895
48.32103789,0.168028107,1.283235688,0.475006109,0.060462331
48.32567656,0.16835124,1.280646886,0.493934749,0.060226348
48.33031523,0.174975481,1.282992988,0.527285209,0.066440573
48.3349539,0.171097877,1.282103087,0.461485653,0.064316724
48.33959257,0.166977922,1.278300783,0.48221702,0.059754382
48.34423124,0.170451609,1.277087282,0.513764752,0.061956892
48.34886991,0.174409997,1.279676085,0.498441568,0.067069862
48.35350858,0.167947323,1.276682782,0.465992472,0.061170281
48.35814725,0.167058706,1.274579379,0.486723839,0.059439737
48.36278592,0.173763729,1.276601881,0.530890664,0.064867352
48.36742459,0.172309628,1.277653583,0.468696563,0.065339318
48.37206326,0.166977922,1.274660279,0.480414292,0.05959706
48.37670193,0.168755157,1.274013079,0.506553842,0.060698315
48.3813406,0.174813914,1.277491782,0.516468843,0.066755217
48.38597927,0.168755157,1.276035581,0.465091108,0.062350197
48.39061794,0.166735572,1.273042278,0.487625202,0.059282415
48.39525661,0.171986494,1.274417579,0.528186573,0.063451452
48.39989528,0.173279029,1.276844582,0.48221702,0.066519234
48.40453395,0.167139489,1.27498388,0.475907473,0.060540992
48.40917262,0.16762419,1.273527678,0.495737476,0.059990365
48.41381129,0.174409997,1.276601881,0.528186573,0.06620459
48.41844996,0.170290042,1.27546928,0.46328838,0.063687435
48.42308863,0.166816355,1.273042278,0.484019747,0.059361076
48.4277273,0.170774743,1.274093979,0.517370207,0.061878231
48.43236597,0.174571564,1.277734483,0.498441568,0.06691254
48.43700464,0.167785756,1.276197381,0.469597927,0.061012959
48.44164331,0.167139489,1.273851279,0.490329294,0.059754382
48.44628198,0.173763729,1.276844582,0.533594755,0.065339318
48.45092065,0.171986494,1.278462583,0.470499291,0.065181996
48.45555932,0.167058706,1.275792881,0.483118383,0.059518399
48.46019799,0.169239858,1.27546928,0.508356569,0.060619654
48.46483666,0.174813914,1.278543484,0.51556748,0.066676556
48.46947533,0.168755157,1.276925482,0.465091108,0.061956892
48.474114,0.166574005,1.27498388,0.486723839,0.059361076
48.47875267,0.172067278,1.275873781,0.528186573,0.063608774
48.48339134,0.173279029,1.277653583,0.481315656,0.066361912
48.48803001,0.166977922,1.274336679,0.475907473,0.060147687
48.49266868,0.168028107,1.273123178,0.498441568,0.059911704
48.49730735,0.174813914,1.276440081,0.528186573,0.066361912
48.50194602,0.170613176,1.277329982,0.464189744,0.063608774
48.50658469,0.167220272,1.275711981,0.485822475,0.05959706
48.51122336,0.17117866,1.276682782,0.520975662,0.062271536
48.51586203,0.17473313,1.279756985,0.497540204,0.067227184
48.5205007,0.16835124,1.277572682,0.471400654,0.060855637
48.52513937,0.168028107,1.276035581,0.491230657,0.059833043
48.52977804,0.174167646,1.278867084,0.534496119,0.065181996
48.53441671,0.171824927,1.280404185,0.469597927,0.065181996
48.53905538,0.167058706,1.278219883,0.483118383,0.059754382
48.54369405,0.169401425,1.277491782,0.510159297,0.061012959
48.54833272,0.175137048,1.281374987,0.512863388,0.067227184
48.55297139,0.168916724,1.280323285,0.465992472,0.062428858
48.55761006,0.167381839,1.278138983,0.488526566,0.05959706
48.56224873,0.173117462,1.279837885,0.5299893,0.063608774
48.5668874,0.173198245,1.281617687,0.480414292,0.066361912
48.57152607,0.167139489,1.278705284,0.478611565,0.060147687
48.57616474,0.168512807,1.277977183,0.500244295,0.059990365
48.58080341,0.175379398,1.281455887,0.527285209,0.066361912
48.58544208,0.170290042,1.280727786,0.464189744,0.063451452
48.59008075,0.166977922,1.278300783,0.487625202,0.059675721
48.59471942,0.171340227,1.279352484,0.523679754,0.062350197
48.59935809,0.174652347,1.282507588,0.495737476,0.067227184
48.60399676,0.168028107,1.280970486,0.473203382,0.061170281
48.60863543,0.168028107,1.279595185,0.493033385,0.060147687
48.6132741,0.174813914,1.283316589,0.535397483,0.065889946
48.61791277,0.172309628,1.285662691,0.469597927,0.065103335
48.62255144,0.167543406,1.283801989,0.485822475,0.059990365
48.62719011,0.170370826,1.285177291,0.512863388,0.061563586
48.63182878,0.175944882,1.290193096,0.513764752,0.067777811
48.63646745,0.170047692,1.289464995,0.469597927,0.062428858
48.64110612,0.16810889,1.288170594,0.492132021,0.059675721
48.64574479,0.173925296,1.292134698,0.536298847,0.064474046
48.65038346,0.174813914,1.297959504,0.486723839,0.066440573
48.65502213,0.169562992,1.301276408,0.490329294,0.060540992
48.6596608,0.171097877,1.309447316,0.518271571,0.061012959
48.66429947,0.179418569,1.324737433,0.548016576,0.067148523
48.66893814,0.175298614,1.336387045,0.493033385,0.063687435
48.67357681,0.173117462,1.345528755,0.517370207,0.059833043
48.67821548,0.178691518,1.358230068,0.557030214,0.063136808
48.68285415,0.182003638,1.371578582,0.527285209,0.067541828
48.68749282,0.176025665,1.377565189,0.506553842,0.061012959
48.69213149,0.176106449,1.384360796,0.524581117,0.060069026
48.69677016,0.182488339,1.394635107,0.565142488,0.065811284
48.70140883,0.179984053,1.403776816,0.501145659,0.065103335
48.7060475,0.175783315,1.410248823,0.520074299,0.059911704
48.71068617,0.179095435,1.417287131,0.548016576,0.06179957
48.71532484,0.183780873,1.424487238,0.539002938,0.067620489
48.71996351,0.176995066,1.422707436,0.490329294,0.062507519
48.72460218,0.175540965,1.417448931,0.506553842,0.060226348
48.72924085,0.180791887,1.415507329,0.546213848,0.064710029
48.73387952,0.18063032,1.413484827,0.487625202,0.066125929
48.73851819,0.17473313,1.406284719,0.48942793,0.060305009
48.74315686,0.176106449,1.401835214,0.510159297,0.060776976
48.74779553,0.182084422,1.403048716,0.531792028,0.067148523
48.7524342,0.176833499,1.401349814,0.473203382,0.063136808
48.75707287,0.173682946,1.39811381,0.49663884,0.059833043
48.76171154,0.178449168,1.400298113,0.536298847,0.063215469
48.76635021,0.180711103,1.403857716,0.50384975,0.066991201
48.77098888,0.17424843,1.402158815,0.486723839,0.061170281
48.77562755,0.174086863,1.399165511,0.505652478,0.059911704
48.78026622,0.180711103,1.399650912,0.542608393,0.06620459
48.78490489,0.177964467,1.396900309,0.474104746,0.064946013
48.78954356,0.174409997,1.390590102,0.491230657,0.060147687
48.79418223,0.177722117,1.386949598,0.520074299,0.061642248
48.7988209,0.182165205,1.385574297,0.512863388,0.067463167
48.80345957,0.175864098,1.379506791,0.472302018,0.062114214
48.80809824,0.174571564,1.374248285,0.492132021,0.060147687
48.81273691,0.180307186,1.372630283,0.535397483,0.064788691
48.81737558,0.179580136,1.370769581,0.477710201,0.066361912
48.82201425,0.173440596,1.363731274,0.483118383,0.060069026
48.82665292,0.175217831,1.35976717,0.504751114,0.060698315
48.83129159,0.181195804,1.359443569,0.521877026,0.067227184
48.83593026,0.175379398,1.354023264,0.464189744,0.063058147
48.84056893,0.172309628,1.347632157,0.486723839,0.059833043
48.8452076,0.176752716,1.345690555,0.525482481,0.062979486
48.84984627,0.179176218,1.345043354,0.488526566,0.06691254
48.85448494,0.172632762,1.339865749,0.473203382,0.060934298
48.85912361,0.172875112,1.335497144,0.493033385,0.060069026
48.86376228,0.178933868,1.335335344,0.531792028,0.066125929
48.86840095,0.175702531,1.333555542,0.465091108,0.064238063
48.87303962,0.171340227,1.328863337,0.484921111,0.059911704
48.87767829,0.174409997,1.326679035,0.51556748,0.06179957
48.88231696,0.178691518,1.327568936,0.504751114,0.067384506
48.88695563,0.172067278,1.324252032,0.468696563,0.061642248
48.8915943,0.170693959,1.320611528,0.48942793,0.059833043
48.89623297,0.176914283,1.321096929,0.533594755,0.064788691
48.90087164,0.175944882,1.321582329,0.474104746,0.065811284
48.90551031,0.170613176,1.318103625,0.48221702,0.060147687
48.91014898,0.172551978,1.316081123,0.507455206,0.060698315
48.91478765,0.178772301,1.317941825,0.520975662,0.067069862
48.91942632,0.173036679,1.316081123,0.465091108,0.062822164
48.92406499,0.170209259,1.311308018,0.486723839,0.059518399
48.92870366,0.174813914,1.310984418,0.526383845,0.063372791
48.93334233,0.176833499,1.311955219,0.486723839,0.066755217
48.937981,0.17093631,1.308152915,0.474104746,0.060698315
48.94261967,0.17093631,1.305321412,0.494836113,0.060147687
48.94725834,0.177641334,1.306777613,0.5299893,0.066440573
48.95189701,0.173763729,1.306211313,0.465091108,0.064552707
48.95653568,0.170451609,1.302085408,0.485822475,0.059833043
48.96117435,0.173844513,1.301680908,0.517370207,0.062035553
48.96581302,0.177883684,1.30378431,0.502948387,0.067069862
48.97045169,0.17142101,1.301195508,0.470499291,0.06109162
48.97509036,0.170451609,1.298202204,0.490329294,0.059833043
48.97972903,0.176671932,1.300629207,0.534496119,0.065024674
48.9843677,0.175056264,1.302894409,0.474104746,0.065653962
48.98900637,0.170209259,1.299982006,0.484921111,0.059754382
48.99364504,0.171501794,1.299334806,0.510159297,0.060540992
48.99828371,0.1778029,1.302894409,0.520975662,0.066991201
49.00292238,0.172148061,1.301276408,0.467795199,0.062428858
49.00756105,0.170047692,1.298687605,0.48942793,0.059361076
49.01219972,0.17473313,1.300062906,0.5299893,0.063687435
49.01683839,0.176429582,1.302975309,0.485822475,0.066676556
49.02147706,0.170290042,1.299577506,0.477710201,0.060698315
49.02611573,0.17093631,1.297312303,0.497540204,0.060305009
49.0307544,0.177398983,1.299011205,0.5299893,0.066755217
49.03539307,0.173198245,1.298525805,0.465091108,0.064395385
49.04003174,0.169482208,1.2942381,0.484921111,0.060069026
49.04467041,0.173198245,1.293429099,0.517370207,0.062271536
49.04930908,0.1773182,1.294804401,0.499342932,0.067463167
49.05394775,0.170774743,1.292053798,0.468696563,0.061484925
49.05858642,0.169886125,1.288736894,0.488526566,0.059990365
49.06322509,0.176268015,1.289869496,0.531792028,0.06549664
49.06786376,0.17424843,1.290435796,0.468696563,0.06549664
49.07250243,0.168674374,1.286390792,0.480414292,0.059911704
49.0771411,0.170855526,1.285177291,0.505652478,0.061720909
49.08177977,0.176914283,1.287199793,0.513764752,0.067463167
49.08641844,0.170693959,1.28493459,0.462387016,0.062743503
49.09105711,0.16835124,1.281213186,0.484019747,0.059911704
49.09569578,0.173925296,1.281132286,0.524581117,0.063923419
49.10033445,0.174652347,1.282912088,0.479512928,0.066755217
49.10497312,0.168593591,1.279756985,0.474104746,0.060305009
49.10961179,0.169239858,1.277168182,0.494836113,0.060462331
49.11425046,0.175864098,1.279756985,0.525482481,0.066676556
49.11888913,0.171259443,1.278381683,0.461485653,0.063923419
49.1235278,0.16762419,1.274498479,0.483118383,0.059754382
49.12816647,0.171501794,1.274741179,0.518271571,0.062507519
49.13280514,0.175460181,1.277087282,0.49663884,0.067227184
49.13744381,0.168674374,1.274498479,0.468696563,0.061406264
49.14208248,0.168189673,1.272152377,0.487625202,0.060147687
49.14672115,0.174571564,1.274013079,0.531792028,0.06549664
49.15135982,0.172713545,1.27514568,0.466893835,0.06549664
49.15599849,0.167785756,1.271666976,0.481315656,0.060147687
49.16063716,0.170128476,1.271343376,0.508356569,0.061484925
49.16527583,0.175540965,1.274417579,0.511962024,0.067620489
49.1699145,0.169482208,1.273608578,0.465091108,0.062664841
49.17455317,0.167220272,1.271424276,0.486723839,0.059911704
49.17919184,0.172875112,1.272961378,0.528186573,0.064159402
49.18383051,0.173359812,1.27563108,0.479512928,0.066755217
49.18846918,0.167381839,1.272961378,0.476808837,0.060226348
49.19310785,0.168674374,1.272233277,0.499342932,0.060698315
49.19774652,0.175460181,1.275873781,0.527285209,0.066755217
49.20238519,0.170774743,1.275873781,0.465091108,0.063608774
49.20702386,0.167220272,1.273123178,0.486723839,0.059990365
49.21166253,0.171501794,1.273527678,0.521877026,0.062743503
49.2163012,0.17473313,1.276520981,0.49663884,0.067541828
49.22093987,0.168189673,1.274336679,0.471400654,0.061327603
49.22557854,0.168028107,1.272314177,0.491230657,0.060147687
49.23021721,0.174571564,1.274093979,0.533594755,0.065575301
49.23485588,0.172067278,1.274660279,0.467795199,0.065103335
49.23949455,0.167543406,1.271262476,0.483118383,0.060147687
49.24413322,0.170451609,1.270210775,0.511060661,0.061484925
49.24877189,0.175621748,1.274013079,0.511962024,0.067384506
49.25341056,0.168997508,1.272556877,0.465992472,0.062271536
49.25804923,0.167704973,1.271100676,0.488526566,0.059911704
49.2626879,0.173279029,1.272718677,0.531792028,0.064159402
49.26732657,0.173602163,1.27514568,0.478611565,0.066440573
49.27196524,0.167704973,1.271909676,0.478611565,0.060226348
49.27660391,0.168916724,1.270615275,0.500244295,0.060934298
49.28124258,0.175217831,1.274336679,0.524581117,0.067227184
49.28588125,0.170290042,1.274013079,0.46328838,0.063766097
49.29051992,0.166977922,1.271909676,0.485822475,0.059911704
49.29515859,0.171501794,1.272395077,0.521877026,0.063058147
49.29979726,0.174571564,1.275792881,0.492132021,0.067620489
49.30443593,0.167947323,1.273365878,0.471400654,0.06109162
49.3090746,0.16810889,1.272799577,0.492132021,0.059990365
49.31371327,0.174813914,1.276035581,0.533594755,0.065889946
49.31835194,0.172551978,1.277734483,0.467795199,0.065103335
49.32299061,0.16762419,1.274660279,0.483118383,0.060147687
49.32762928,0.170774743,1.274660279,0.511962024,0.06179957
49.33226795,0.175864098,1.277734483,0.509257933,0.067777811
49.33690662,0.169401425,1.276035581,0.465091108,0.062350197
49.34154529,0.167785756,1.273365878,0.486723839,0.059833043
49.34618396,0.173844513,1.27514568,0.5299893,0.064631368
49.35082263,0.173602163,1.276035581,0.475907473,0.066361912
49.3554613,0.167301056,1.272880478,0.478611565,0.06038367
49.36009997,0.168755157,1.272233277,0.501145659,0.061170281
49.36473864,0.175460181,1.27530748,0.523679754,0.067227184
49.36937731,0.170290042,1.274336679,0.464189744,0.063687435
49.37401598,0.167058706,1.272395077,0.487625202,0.059675721
49.37865465,0.171582577,1.274255779,0.524581117,0.063215469
49.38329332,0.173925296,1.277491782,0.493033385,0.067384506
49.38793199,0.167704973,1.274660279,0.475006109,0.06109162
49.39257066,0.167785756,1.274174879,0.494836113,0.059990365
49.39720933,0.175056264,1.279028884,0.536298847,0.065889946
49.401848,0.172067278,1.281860387,0.471400654,0.064788691
49.40648667,0.168270457,1.282669388,0.492132021,0.059990365
49.41112534,0.171905711,1.289788595,0.529087936,0.06179957
49.41576401,0.177479767,1.30394611,0.533594755,0.067856472
49.42040268,0.173036679,1.318022725,0.509257933,0.062507519
49.42504135,0.173440596,1.333474642,0.540805665,0.060305009
49.42968002,0.18063032,1.351758061,0.588577946,0.065024674
49.43431869,0.181195804,1.364540275,0.528186573,0.066597895
49.43895736,0.175379398,1.366724577,0.521877026,0.060540992
49.44359603,0.176671932,1.366805477,0.535397483,0.061327603
49.4482347,0.182730689,1.36947518,0.546213848,0.067620489
49.45287337,0.177479767,1.367290878,0.483118383,0.06400208
49.45751204,0.174571564,1.361466071,0.501145659,0.060462331
49.46215071,0.178853085,1.359362669,0.535397483,0.063530113
49.46678938,0.18063032,1.359200869,0.497540204,0.067305845
49.47142805,0.17400608,1.353133363,0.478611565,0.060934298
49.47606672,0.174329213,1.348279357,0.49663884,0.060305009
49.48070539,0.180468753,1.347632157,0.533594755,0.066597895
49.48534406,0.177156633,1.344719754,0.465992472,0.064631368
49.48998273,0.172955895,1.339703948,0.484019747,0.060305009
49.4946214,0.176025665,1.336467945,0.514666116,0.062428858
49.49926007,0.180791887,1.337115146,0.504751114,0.067856472
49.50389874,0.173925296,1.332584741,0.466893835,0.062428858
49.50853741,0.172067278,1.328620637,0.48942793,0.060147687
49.51317608,0.177964467,1.329025137,0.533594755,0.065181996
49.51781475,0.177398983,1.329915038,0.475907473,0.066283251
49.52245342,0.17166336,1.325789134,0.484019747,0.06038367
49.52709209,0.173440596,1.324332932,0.507455206,0.061327603
49.53173076,0.179580136,1.327326235,0.524581117,0.067384506
49.53636943,0.173440596,1.326193634,0.469597927,0.063608774
49.5410081,0.170774743,1.324090232,0.493033385,0.06038367
49.54564677,0.175621748,1.326921735,0.535397483,0.063687435
49.55028544,0.177479767,1.333474642,0.499342932,0.067148523
49.55492411,0.171017093,1.336225245,0.48942793,0.061720909
49.55956278,0.171340227,1.340189349,0.511962024,0.06109162
49.56420145,0.177641334,1.345933255,0.546213848,0.067227184
49.56884012,0.174571564,1.347874857,0.477710201,0.065417979
49.57347879,0.170532393,1.344719754,0.49663884,0.060540992
49.57811746,0.174167646,1.343182652,0.526383845,0.062979486
49.58275613,0.179014652,1.345124254,0.511060661,0.068171117
49.5873948,0.172551978,1.340674749,0.475006109,0.062979486
49.59203347,0.17142101,1.335820744,0.494836113,0.06109162
49.59667214,0.177722117,1.335497144,0.538101574,0.066440573
49.60131081,0.176995066,1.333798242,0.476808837,0.06691254
49.60594948,0.172148061,1.328701537,0.484921111,0.061248942
49.61058815,0.17400608,1.325141933,0.508356569,0.06258618
49.61522682,0.180145619,1.326274534,0.520975662,0.068328439
49.61986549,0.17473313,1.323038531,0.466893835,0.063844758
49.62450416,0.172471195,1.318346326,0.48942793,0.060855637
49.62914283,0.177641334,1.317456425,0.528186573,0.065339318
49.6337815,0.179095435,1.318346326,0.486723839,0.0684071
49.63842017,0.172794328,1.314301321,0.476808837,0.062350197
49.64305884,0.172794328,1.311146218,0.49663884,0.061563586
49.64769751,0.179499352,1.31324962,0.5299893,0.068013795
49.65233618,0.175460181,1.311955219,0.465091108,0.065732623
49.65697485,0.17142101,1.307829315,0.484921111,0.060934298
49.66161352,0.174813914,1.307263014,0.518271571,0.06329413
49.66625219,0.178853085,1.308233815,0.499342932,0.068643083
49.67089086,0.172551978,1.304027011,0.467795199,0.062743503
49.67552953,0.171340227,1.299901106,0.486723839,0.06109162
49.6801682,0.1773182,1.300629207,0.5299893,0.06620459
49.68480687,0.175621748,1.300062906,0.467795199,0.066991201
49.68944554,0.170209259,1.295047101,0.479512928,0.060934298
49.69408421,0.172551978,1.2937527,0.504751114,0.062114214
49.69872288,0.177964467,1.295937002,0.514666116,0.068171117
49.70336155,0.171824927,1.292862799,0.46328838,0.064080741
49.70800022,0.169886125,1.288736894,0.484019747,0.061170281
49.71263889,0.174813914,1.288736894,0.526383845,0.064710029
49.71727756,0.176187232,1.290273996,0.48221702,0.06769915
49.72191623,0.169805342,1.286228992,0.474104746,0.06179957
49.7265549,0.170290042,1.283882889,0.495737476,0.061563586
49.73119357,0.176671932,1.286228992,0.527285209,0.067777811
49.73583224,0.172309628,1.285258191,0.464189744,0.064867352
49.74047091,0.168432024,1.281536787,0.484019747,0.061012959
49.74510958,0.172551978,1.281374987,0.518271571,0.063451452
49.74974825,0.176187232,1.283478389,0.497540204,0.068171117
49.75438692,0.169643775,1.280404185,0.468696563,0.062271536
49.75902559,0.168674374,1.277410882,0.488526566,0.060934298
49.76366426,0.174975481,1.278462583,0.530890664,0.066283251
49.76830293,0.173682946,1.279595185,0.467795199,0.065732623
49.7729416,0.16835124,1.276844582,0.480414292,0.060147687
49.77758027,0.170532393,1.27538838,0.507455206,0.061720909
49.78221894,0.176106449,1.277815383,0.513764752,0.067856472
49.78685761,0.170532393,1.276520981,0.464189744,0.062900825
49.79149628,0.168512807,1.274013079,0.485822475,0.06038367
49.79613495,0.173844513,1.275954681,0.529087936,0.064316724
49.80077362,0.174975481,1.278219883,0.481315656,0.066755217
49.80541229,0.168674374,1.274741179,0.477710201,0.060619654
49.81005096,0.169724558,1.273204078,0.498441568,0.060619654
49.81468963,0.176025665,1.276601881,0.527285209,0.067227184
49.8193283,0.171501794,1.276601881,0.465992472,0.064552707
49.82396697,0.16835124,1.27522658,0.488526566,0.060069026
49.82860564,0.172794328,1.277087282,0.524581117,0.062822164
49.83324431,0.175864098,1.280485086,0.500244295,0.067463167
49.83788298,0.169886125,1.279514285,0.475006109,0.061878231
49.84252165,0.169401425,1.278219883,0.493934749,0.060305009
49.84716032,0.175702531,1.280970486,0.53720021,0.066125929
49.85179899,0.173521379,1.282183987,0.469597927,0.065575301
49.85643766,0.168512807,1.278462583,0.483118383,0.060305009
49.86107633,0.170774743,1.277087282,0.511060661,0.061720909
49.865715,0.176591149,1.279999685,0.514666116,0.067620489
49.87035367,0.169886125,1.278138983,0.466893835,0.062271536
49.87499234,0.16810889,1.275873781,0.488526566,0.059833043
49.87963101,0.174086863,1.277006382,0.531792028,0.064395385
49.88426968,0.17449078,1.278058083,0.481315656,0.066597895
49.88890835,0.168270457,1.27530748,0.479512928,0.060698315
49.89354702,0.169562992,1.274013079,0.501145659,0.060855637
49.89818569,0.176187232,1.277815383,0.528186573,0.067069862
49.90282436,0.170774743,1.277977183,0.467795199,0.063766097
49.90746303,0.168270457,1.276601881,0.490329294,0.059990365
49.9121017,0.172309628,1.278543484,0.527285209,0.06329413
49.91674037,0.175702531,1.283559289,0.500244295,0.067305845
49.92137904,0.169401425,1.281941287,0.476808837,0.061563586
49.92601771,0.169401425,1.279837885,0.49663884,0.06038367
49.93065638,0.175621748,1.281374987,0.53720021,0.06620459
49.93529505,0.172955895,1.281698587,0.470499291,0.065417979
49.93993372,0.16786654,1.277329982,0.486723839,0.060147687
49.94457239,0.170855526,1.27555018,0.512863388,0.062035553
49.94921106,0.175864098,1.277896283,0.510159297,0.067856472
49.95384973,0.169562992,1.27498388,0.465992472,0.06258618
49.9584884,0.167785756,1.271424276,0.488526566,0.059990365
49.96312707,0.173440596,1.271909676,0.530890664,0.064474046
49.96776574,0.173682946,1.273042278,0.477710201,0.066755217
49.97240441,0.16786654,1.268673673,0.479512928,0.060540992
49.97704308,0.168997508,1.267783772,0.502047023,0.061248942
49.98168175,0.175298614,1.270615275,0.525482481,0.067620489
49.98632042,0.170451609,1.269401774,0.465091108,0.063608774
49.99095909,0.167462623,1.26600397,0.486723839,0.060226348
49.99559776,0.171582577,1.266327571,0.523679754,0.06329413
50.00023643,0.17400608,1.268997273,0.491230657,0.067620489
50.0048751,0.16786654,1.26576127,0.471400654,0.061406264
50.00951377,0.167462623,1.263738768,0.491230657,0.060619654
50.01415244,0.174329213,1.26608487,0.532693391,0.066440573
50.01879111,0.171097877,1.266812971,0.465992472,0.065339318
50.02342978,0.166654788,1.263576968,0.484019747,0.060226348
50.02806845,0.169966909,1.263496068,0.512863388,0.062192875
50.03270712,0.174571564,1.266812971,0.508356569,0.067935134
50.03734579,0.168270457,1.264305068,0.466893835,0.062271536
50.04198446,0.166654788,1.261958966,0.488526566,0.060305009
50.04662313,0.172551978,1.264305068,0.530890664,0.065103335
50.0512618,0.172551978,1.266651171,0.476808837,0.066833878
50.05590047,0.167058706,1.263738768,0.479512928,0.060934298
50.06053914,0.168593591,1.262929767,0.501145659,0.061248942
50.06517781,0.17473313,1.26592307,0.521877026,0.067777811
50.06981648,0.169239858,1.265194969,0.46328838,0.063766097
50.07445515,0.166331655,1.262444366,0.485822475,0.06038367
50.07909382,0.17142101,1.262929767,0.52277839,0.06400208
50.08373249,0.173198245,1.265033169,0.48942793,0.068013795
50.08837116,0.167058706,1.262929767,0.472302018,0.061878231
50.09300983,0.167139489,1.261311765,0.492132021,0.060698315
50.0976485,0.174409997,1.263981468,0.530890664,0.066283251
50.10228717,0.171097877,1.264143268,0.464189744,0.065181996
50.10692584,0.166654788,1.260907265,0.483118383,0.060540992
50.11156451,0.169643775,1.260421864,0.513764752,0.062350197
50.11620318,0.174167646,1.263172467,0.504751114,0.068171117
50.12084185,0.167947323,1.259936464,0.465091108,0.062664841
50.12548052,0.166977922,1.257428561,0.484921111,0.060776976
50.13011919,0.172713545,1.259531963,0.528186573,0.06549664
50.13475786,0.172067278,1.260340964,0.470499291,0.066676556
50.13939653,0.166493222,1.257428561,0.477710201,0.060934298
50.1440352,0.168432024,1.255648759,0.501145659,0.061406264
50.14867387,0.174652347,1.258884763,0.518271571,0.06769915
50.15331254,0.168916724,1.258480262,0.462387016,0.063923419
50.15795121,0.166654788,1.25637686,0.484921111,0.06038367
50.16258988,0.171259443,1.257913962,0.523679754,0.064080741
50.16722855,0.173036679,1.261069065,0.486723839,0.067541828
50.17186722,0.167139489,1.259127463,0.473203382,0.061248942
50.17650589,0.167058706,1.257671261,0.493033385,0.060619654
50.18114456,0.173925296,1.261392665,0.5299893,0.066833878
50.18578323,0.170370826,1.262525267,0.465992472,0.065181996
50.1904219,0.166493222,1.259774664,0.484921111,0.06038367
50.19506057,0.170290042,1.260179164,0.516468843,0.062271536
50.19969924,0.175460181,1.264790469,0.505652478,0.06769915
50.20433791,0.168755157,1.262363466,0.469597927,0.062035553
50.20897658,0.168432024,1.260988165,0.490329294,0.060069026
50.21361525,0.174813914,1.263334267,0.534496119,0.065339318
50.21825392,0.173763729,1.264871369,0.473203382,0.06620459
50.22289259,0.16810889,1.261958966,0.481315656,0.060698315
50.22753126,0.169805342,1.261716266,0.506553842,0.061406264
50.23216993,0.176268015,1.265275869,0.520074299,0.067541828
50.2368086,0.170532393,1.264628669,0.465091108,0.063215469
50.24144727,0.168028107,1.263415167,0.486723839,0.059911704
50.24608594,0.172713545,1.264952269,0.526383845,0.063530113
50.25072461,0.174975481,1.267379272,0.485822475,0.067148523
50.25536328,0.168432024,1.264466869,0.475006109,0.061012959
50.26000195,0.168916724,1.263253367,0.495737476,0.060305009
50.26464062,0.175702531,1.266974771,0.529087936,0.066519234
50.26927929,0.171501794,1.266732071,0.46328838,0.064552707
50.27391796,0.167704973,1.263415167,0.483118383,0.060226348
50.27855663,0.17093631,1.262687067,0.514666116,0.062428858
50.2831953,0.174975481,1.26584217,0.498441568,0.068013795
50.28783397,0.168674374,1.263334267,0.465091108,0.062035553
50.29247264,0.167785756,1.260098264,0.485822475,0.060305009
50.29711131,0.173844513,1.261878066,0.5299893,0.065103335
50.30174998,0.172309628,1.262848867,0.465992472,0.065968607
50.30638865,0.167220272,1.259046563,0.476808837,0.06038367
50.31102732,0.169078291,1.257752161,0.50384975,0.061406264
50.31566599,0.174894697,1.260583664,0.514666116,0.067777811
50.32030466,0.168916724,1.258803863,0.461485653,0.063058147
50.32494333,0.166331655,1.25621506,0.483118383,0.060305009
50.329582,0.171824927,1.257509461,0.524581117,0.063923419
50.33422067,0.172955895,1.259612863,0.481315656,0.067384506
50.33885934,0.166654788,1.25661956,0.473203382,0.06109162
50.34349801,0.167462623,1.255648759,0.494836113,0.060540992
50.34813668,0.173844513,1.258399362,0.527285209,0.066755217
50.35277535,0.170290042,1.258075762,0.461485653,0.064474046
50.35741402,0.166654788,1.255163359,0.483118383,0.060069026
50.36205269,0.170047692,1.255891459,0.517370207,0.06258618
50.36669136,0.173763729,1.258803863,0.497540204,0.06769915
50.37133003,0.166977922,1.25653866,0.467795199,0.061878231
50.3759687,0.166574005,1.255891459,0.487625202,0.060855637
50.38060737,0.172794328,1.257994862,0.531792028,0.065889946
50.38524604,0.17093631,1.259936464,0.468696563,0.065811284
50.38988471,0.165766171,1.257428561,0.481315656,0.060934298
50.39452338,0.16786654,1.257266761,0.507455206,0.061956892
50.39916205,0.173521379,1.260421864,0.514666116,0.067856472
50.40380072,0.16762419,1.259370163,0.464189744,0.063136808
50.40843939,0.165523821,1.257024061,0.485822475,0.06038367
50.41307806,0.171017093,1.258156662,0.526383845,0.064316724
50.41771673,0.171744144,1.260260064,0.480414292,0.067227184
50.4223554,0.165846954,1.258075762,0.475907473,0.060855637
50.42699407,0.166574005,1.257266761,0.497540204,0.060855637
50.43163274,0.173521379,1.260988165,0.527285209,0.067148523
50.43627141,0.168835941,1.260907265,0.46328838,0.064552707
50.44091008,0.165604604,1.258075762,0.484921111,0.060226348
50.44554875,0.169482208,1.257994862,0.520074299,0.062979486
50.45018742,0.172955895,1.261069065,0.49663884,0.067856472
50.45482609,0.166412438,1.259046563,0.470499291,0.061956892
50.45946476,0.166008521,1.257509461,0.490329294,0.06038367
50.46410343,0.172228844,1.260017364,0.532693391,0.065732623
50.4687421,0.170532393,1.261311765,0.468696563,0.065732623
50.47338077,0.165604604,1.258318462,0.483118383,0.060540992
50.47801944,0.168189673,1.257833062,0.509257933,0.061956892
50.48265811,0.173682946,1.261797166,0.513764752,0.067935134
50.48729678,0.16786654,1.260583664,0.465091108,0.063058147
50.49193545,0.165766171,1.257266761,0.486723839,0.06038367
50.49657412,0.171582577,1.259127463,0.528186573,0.064552707
50.50121279,0.172067278,1.261230865,0.478611565,0.06691254
50.50585146,0.166250871,1.258884763,0.476808837,0.060698315
50.51049013,0.167462623,1.257104961,0.498441568,0.060698315
50.5151288,0.174167646,1.260583664,0.526383845,0.06691254
50.51976747,0.169562992,1.259855564,0.46328838,0.06400208
50.52440614,0.166089305,1.257428561,0.485822475,0.060069026
50.52904481,0.170451609,1.258722962,0.520975662,0.06329413
50.53368348,0.173440596,1.262282566,0.494836113,0.067620489
50.53832215,0.166977922,1.260583664,0.472302018,0.061170281
50.54296082,0.166493222,1.258965663,0.493033385,0.06038367
50.54759949,0.173117462,1.262363466,0.535397483,0.066047268
50.55223816,0.170613176,1.264628669,0.468696563,0.065575301
50.55687683,0.165523821,1.263010667,0.485822475,0.06038367
50.5615155,0.168432024,1.263819668,0.512863388,0.06179957
50.56615417,0.173844513,1.268511873,0.513764752,0.067777811
50.57079284,0.16762419,1.268511873,0.470499291,0.062743503
50.57543151,0.165846954,1.267945572,0.493934749,0.060462331
50.58007018,0.171905711,1.271181576,0.536298847,0.064946013
50.58470885,0.172471195,1.274498479,0.484019747,0.066991201
50.58934752,0.166735572,1.272395077,0.484019747,0.060855637
50.59398619,0.16786654,1.272233277,0.505652478,0.06109162
50.59862486,0.17400608,1.276440081,0.529087936,0.067463167
50.60326353,0.168755157,1.276278281,0.468696563,0.064316724
50.6079022,0.165927738,1.274336679,0.490329294,0.060698315
50.61254087,0.170128476,1.276197381,0.527285209,0.063608774
50.61717954,0.172955895,1.280242385,0.497540204,0.067777811
50.62181821,0.166816355,1.278947984,0.476808837,0.061563586
50.62645688,0.166574005,1.277572682,0.49663884,0.060462331
50.63109555,0.173440596,1.281132286,0.539002938,0.066283251
50.63573422,0.170290042,1.282831188,0.471400654,0.065575301
50.64037289,0.166008521,1.280646886,0.488526566,0.06038367
50.64501156,0.168835941,1.281213186,0.517370207,0.062035553
50.64965023,0.174086863,1.28469189,0.514666116,0.067935134
50.6542889,0.168270457,1.283397489,0.471400654,0.062428858
50.65892757,0.166493222,1.282507588,0.493033385,0.060305009
50.66356624,0.173117462,1.286552592,0.538101574,0.064710029
50.66820491,0.173198245,1.290193096,0.484019747,0.066755217
50.67284358,0.166977922,1.288494194,0.486723839,0.060934298
50.67748225,0.168432024,1.289060495,0.510159297,0.061170281
50.68212092,0.175460181,1.293105499,0.529087936,0.067620489
50.68675959,0.170370826,1.292053798,0.468696563,0.06400208
50.69139826,0.167543406,1.288655994,0.490329294,0.060147687
50.69603693,0.172551978,1.288413294,0.527285209,0.06329413
50.7006756,0.175298614,1.291082997,0.493934749,0.067227184
50.70531427,0.168512807,1.287199793,0.475006109,0.061170281
50.70995294,0.168189673,1.28420649,0.493934749,0.06038367
50.71459161,0.174652347,1.285743591,0.532693391,0.066047268
50.71923028,0.171259443,1.28477279,0.465091108,0.065339318
50.72386895,0.166897139,1.280323285,0.483118383,0.060305009
50.72850762,0.170128476,1.278867084,0.512863388,0.062350197
50.73314629,0.175137048,1.281132286,0.506553842,0.068013795
50.73778496,0.16786654,1.277977183,0.466893835,0.062428858
50.74242363,0.166977922,1.27563108,0.488526566,0.060226348
50.7470623,0.172551978,1.277491782,0.531792028,0.065024674
50.75170097,0.172228844,1.278705284,0.475006109,0.066597895
50.75633964,0.166735572,1.274579379,0.480414292,0.060698315
50.76097831,0.168189673,1.272637777,0.504751114,0.061248942
50.76561698,0.174571564,1.27563108,0.52277839,0.06769915
50.77025565,0.169401425,1.27530748,0.465992472,0.063766097
50.77489432,0.166493222,1.272475977,0.490329294,0.060619654
50.77953299,0.171259443,1.273770378,0.5299893,0.064080741
50.78417166,0.173440596,1.275711981,0.494836113,0.068013795
50.78881033,0.167543406,1.272961378,0.479512928,0.061563586
50.793449,0.167381839,1.270857975,0.498441568,0.060619654
50.79808767,0.17400608,1.273284978,0.535397483,0.06691254
50.80272634,0.169886125,1.273365878,0.467795199,0.065260657
50.80736501,0.165685387,1.269806274,0.485822475,0.060462331
50.81200368,0.169401425,1.269078173,0.516468843,0.062507519
50.81664235,0.174086863,1.271909676,0.505652478,0.067935134
50.82128102,0.167301056,1.269563574,0.467795199,0.062271536
50.82591969,0.166331655,1.266651171,0.487625202,0.06038367
50.83055836,0.172309628,1.268026472,0.531792028,0.065103335
50.83519703,0.171744144,1.269159074,0.472302018,0.065889946
50.8398357,0.166331655,1.26624667,0.478611565,0.060305009
50.84447437,0.16810889,1.264305068,0.502948387,0.061248942
50.84911304,0.174329213,1.267136571,0.518271571,0.067305845
50.85375171,0.168835941,1.26551857,0.462387016,0.063058147
50.85839038,0.165846954,1.262606167,0.484921111,0.059990365
50.86302905,0.170451609,1.263091567,0.523679754,0.063451452
50.86766772,0.172551978,1.26543767,0.484921111,0.066991201
50.87230639,0.165766171,1.262120766,0.472302018,0.061484925
50.87694506,0.166008521,1.260664565,0.492132021,0.060855637
50.88158373,0.172713545,1.263657868,0.528186573,0.066833878
50.8862224,0.169320641,1.263576968,0.461485653,0.064631368
50.89086107,0.164958337,1.260583664,0.481315656,0.059911704
50.89549974,0.168835941,1.260988165,0.513764752,0.062664841
50.90013841,0.173198245,1.263819668,0.501145659,0.067856472
50.90477708,0.167139489,1.262039866,0.466893835,0.061720909
50.90941575,0.165604604,1.259855564,0.486723839,0.060226348
50.91405442,0.172551978,1.262282566,0.530890664,0.065653962
50.91869309,0.171259443,1.263496068,0.470499291,0.066361912
50.92333176,0.165766171,1.261149965,0.481315656,0.060698315
50.92797043,0.16786654,1.261311765,0.506553842,0.061563586
50.9326091,0.173602163,1.26624667,0.520074299,0.067541828
50.93724777,0.16835124,1.266489371,0.465992472,0.063215469
50.94188644,0.165523821,1.265033169,0.487625202,0.060226348
50.94652511,0.171017093,1.267621972,0.528186573,0.064080741
50.95116378,0.172551978,1.271424276,0.485822475,0.067305845
50.95580245,0.166574005,1.271262476,0.477710201,0.061012959
50.96044112,0.167381839,1.272799577,0.498441568,0.060698315
50.96507979,0.174167646,1.278867084,0.533594755,0.067148523
50.96971846,0.169562992,1.281536787,0.469597927,0.064867352
50.97435713,0.166170088,1.280808686,0.488526566,0.060462331
50.9789958,0.170047692,1.282912088,0.521877026,0.062822164
50.98363447,0.173925296,1.288736894,0.50384975,0.0684071
50.98827314,0.167462623,1.287846993,0.474104746,0.062350197
50.99291181,0.166412438,1.287927893,0.493033385,0.060619654
50.99755048,0.172875112,1.292215598,0.536298847,0.066047268
51.00218915,0.171259443,1.2942381,0.472302018,0.066361912
51.00682782,0.166170088,1.290354896,0.484921111,0.060855637
51.01146649,0.168593591,1.289788595,0.509257933,0.062271536
51.01610516,0.174167646,1.293024599,0.518271571,0.068564422
51.02074383,0.16835124,1.290678496,0.465992472,0.063844758
51.0253825,0.166170088,1.287118893,0.488526566,0.060619654
51.03002117,0.17166336,1.287685193,0.5299893,0.064710029
51.03465984,0.173198245,1.289626795,0.484019747,0.067541828
51.03929851,0.166331655,1.286228992,0.476808837,0.061406264
51.04393718,0.167301056,1.28469189,0.497540204,0.060934298
51.04857585,0.174167646,1.287280693,0.528186573,0.067305845
51.05321452,0.169966909,1.286795292,0.464189744,0.064552707
51.05785319,0.166170088,1.282507588,0.484921111,0.06038367
51.06249186,0.169886125,1.282183987,0.518271571,0.06329413
51.06713053,0.173925296,1.28461099,0.498441568,0.068013795
51.0717692,0.167139489,1.281698587,0.470499291,0.061878231
51.07640787,0.166331655,1.279028884,0.490329294,0.060698315
51.08104654,0.172551978,1.281698587,0.532693391,0.066283251
51.08568521,0.170855526,1.282507588,0.468696563,0.066125929
51.09032388,0.166331655,1.278786184,0.48221702,0.060776976
51.09496255,0.168512807,1.278543484,0.509257933,0.061720909
51.09960122,0.174086863,1.282507588,0.51556748,0.067620489
51.10423989,0.168432024,1.281698587,0.467795199,0.062900825
51.10887856,0.166331655,1.280161485,0.48942793,0.060462331
51.11351723,0.171905711,1.282588488,0.531792028,0.064552707
51.1181559,0.172794328,1.285824491,0.484019747,0.067305845
51.12279457,0.167220272,1.282912088,0.480414292,0.061170281
51.12743324,0.167785756,1.281941287,0.501145659,0.061248942
51.13207191,0.174167646,1.28453009,0.5299893,0.06769915
51.13671058,0.170047692,1.28428739,0.465992472,0.064552707
51.14134925,0.166250871,1.281374987,0.488526566,0.060305009
51.14598792,0.170209259,1.282103087,0.52277839,0.063530113
51.15062659,0.173925296,1.28493459,0.498441568,0.068092456
51.15526526,0.16762419,1.282507588,0.474104746,0.061720909
51.15990393,0.166735572,1.280808686,0.493033385,0.060462331
51.1645426,0.173359812,1.283478389,0.536298847,0.065968607
51.16918127,0.171340227,1.285905391,0.472302018,0.065575301
51.17381994,0.166089305,1.28444919,0.48942793,0.06038367
51.17845861,0.169482208,1.286390792,0.519172935,0.061720909
51.18309728,0.175298614,1.291163897,0.52277839,0.067777811
51.18773595,0.169401425,1.292053798,0.476808837,0.062900825
51.19237462,0.167543406,1.292215598,0.498441568,0.060147687
51.19701329,0.173844513,1.296179702,0.542608393,0.064631368
51.20165196,0.174167646,1.302085408,0.494836113,0.06691254
51.20629063,0.168593591,1.304188811,0.495737476,0.060619654
51.2109293,0.169805342,1.307829315,0.520975662,0.060698315
51.21556797,0.176995066,1.318265426,0.54891794,0.067148523
51.22020664,0.172875112,1.324171132,0.48942793,0.063766097
51.22484531,0.170047692,1.329591438,0.514666116,0.059675721
51.22948398,0.175460181,1.339703948,0.553424758,0.06258618
51.23412265,0.179580136,1.355317665,0.530890664,0.067227184
51.23876132,0.174167646,1.368666179,0.512863388,0.061484925
51.24339999,0.175460181,1.382176493,0.534496119,0.060305009
51.24803866,0.183053823,1.401430714,0.582268399,0.065968607
51.25267733,0.182649905,1.422302936,0.523679754,0.065260657
51.257316,0.179903269,1.443741459,0.54891794,0.059833043
51.26195467,0.184831058,1.470114887,0.588577946,0.061563586
51.26659334,0.194525068,1.512021131,0.61111204,0.067777811
51.27123201,0.19363645,1.572534395,0.600295675,0.062428858
51.27587068,0.201310875,1.655052483,0.668799323,0.060069026
51.28050935,0.216902075,1.771629506,0.760738428,0.064867352
51.28514802,0.225949818,1.905680949,0.755330246,0.067620489
51.28978669,0.231119957,2.053323605,0.80400389,0.061878231
51.29442536,0.240894751,2.191500952,0.829242076,0.06258618
51.29906403,0.254627932,2.292464259,0.821129802,0.069429694
51.3037027,0.25317383,2.345130215,0.718374331,0.065968607
51.30834137,0.250831111,2.360096731,0.697642964,0.062350197
51.31298004,0.254224015,2.354110124,0.693136145,0.065575301
51.31761871,0.255597333,2.336231205,0.627336589,0.069980321
51.32225738,0.247034291,2.305327373,0.577761581,0.063372791
51.32689605,0.244610788,2.271753837,0.574156125,0.06258618
51.33153472,0.24937701,2.241173605,0.597591584,0.068879066
51.33617339,0.245095489,2.20873267,0.520975662,0.067463167
51.34081206,0.237582631,2.171437731,0.5299893,0.062350197
51.34545073,0.237744197,2.136569794,0.550720667,0.064159402
51.3500894,0.2401677,2.10526146,0.539904302,0.069980321
51.35472807,0.231443091,2.069827223,0.494836113,0.064474046
51.35936674,0.227727053,2.036091887,0.512863388,0.062035553
51.36400541,0.231523874,2.008181357,0.557030214,0.06691254
51.36864408,0.229019588,1.98261693,0.500244295,0.068721744
51.37328275,0.220941246,1.9538974,0.502047023,0.062507519
51.37792142,0.220618112,1.927200372,0.520975662,0.063136808
51.38256009,0.2245765,1.903011246,0.536298847,0.069193711
51.38719876,0.217225209,1.876152417,0.475006109,0.06549664
51.39183743,0.213105255,1.848322788,0.494836113,0.061878231
51.3964761,0.21536719,1.824538163,0.530890664,0.065181996
51.40111477,0.216255808,1.803989541,0.493934749,0.069272372
51.40575344,0.208015899,1.778748714,0.476808837,0.063058147
51.41039211,0.207450415,1.75617759,0.495737476,0.061956892
51.41503078,0.212458987,1.738622271,0.533594755,0.068013795
51.41966945,0.207611982,1.719772551,0.467795199,0.066519234
51.42430812,0.201310875,1.697444128,0.484921111,0.061484925
51.42894679,0.203088111,1.679484309,0.51556748,0.063451452
51.43358546,0.206481014,1.665164994,0.506553842,0.06911505
51.43822413,0.198645022,1.646719774,0.467795199,0.063530113
51.4428628,0.195898386,1.628031854,0.487625202,0.061484925
51.44750147,0.200906958,1.614036139,0.530890664,0.066597895
51.45214014,0.198968156,1.601092126,0.473203382,0.067620489
51.45677881,0.192101566,1.583213207,0.479512928,0.061720909
51.46141748,0.192667049,1.569136592,0.502948387,0.062350197
51.46605615,0.197756405,1.559347681,0.520074299,0.068721744
51.47069482,0.191293731,1.545837367,0.46328838,0.064631368
51.47533349,0.187577694,1.530951751,0.484921111,0.061170281
51.47997216,0.191697648,1.52051564,0.523679754,0.064788691
51.48461083,0.192990183,1.512102031,0.485822475,0.068643083
51.4892495,0.185800459,1.498834417,0.472302018,0.062192875
51.49388817,0.184992625,1.487103905,0.492132021,0.061406264
51.49852684,0.190970598,1.480793698,0.529087936,0.067463167
51.50316551,0.186608293,1.471004788,0.46328838,0.065732623
51.50780418,0.181438154,1.458060774,0.48221702,0.060619654
51.51244285,0.184104007,1.450132566,0.513764752,0.063136808
51.51708152,0.187739261,1.44463136,0.501145659,0.068721744
51.52172019,0.180468753,1.434518849,0.465992472,0.062822164
51.52635886,0.179176218,1.424810839,0.486723839,0.061248942
51.53099753,0.184669491,1.419471433,0.5299893,0.065889946
51.5356362,0.183053823,1.413808427,0.470499291,0.067148523
51.54027487,0.177479767,1.403776816,0.478611565,0.06109162
51.54491354,0.178853085,1.397062109,0.502948387,0.062035553
51.54955221,0.184265574,1.393745206,0.517370207,0.068249778
51.55419088,0.178853085,1.386464198,0.461485653,0.063766097
51.55882955,0.175460181,1.378293289,0.484019747,0.060540992
51.56346822,0.18038797,1.374248285,0.524581117,0.064867352
51.56810689,0.181680504,1.373196584,0.483118383,0.068171117
51.57274556,0.175137048,1.366239177,0.473203382,0.061878231
51.57738423,0.174813914,1.360576171,0.493934749,0.061327603
51.5820229,0.181599721,1.359281769,0.5299893,0.067305845
51.58666157,0.177641334,1.356045766,0.465091108,0.065339318
51.59130024,0.173602163,1.349573759,0.485822475,0.060855637
51.59593891,0.176833499,1.347227656,0.518271571,0.063136808
51.60057758,0.18063032,1.347551257,0.50384975,0.068249778
51.60521625,0.173925296,1.342859052,0.469597927,0.062271536
51.60985492,0.172632762,1.337357846,0.490329294,0.060934298
51.61449359,0.178772301,1.336387045,0.533594755,0.065889946
51.61913226,0.177156633,1.334849943,0.472302018,0.066440573
51.62377093,0.171744144,1.329025137,0.483118383,0.060776976
51.6284096,0.173763729,1.326274534,0.508356569,0.061720909
51.63304827,0.179580136,1.328297036,0.519172935,0.067777811
51.63768694,0.173763729,1.325303733,0.465992472,0.063687435
51.64232561,0.171259443,1.320611528,0.487625202,0.06038367
51.64696428,0.176429582,1.319559827,0.529087936,0.064238063
51.65160295,0.177237416,1.320611528,0.485822475,0.067227184
51.65624162,0.170693959,1.316323824,0.478611565,0.061248942
51.66088029,0.171340227,1.313654121,0.501145659,0.06109162
51.66551896,0.178126034,1.314867622,0.531792028,0.067305845
51.67015763,0.174329213,1.313815921,0.466893835,0.064788691
51.6747963,0.170370826,1.308557415,0.486723839,0.060462331
51.67943497,0.173602163,1.307667514,0.520975662,0.062664841
51.68407364,0.1773182,1.309042816,0.502047023,0.067856472
51.68871231,0.17093631,1.305725912,0.471400654,0.061878231
51.69335098,0.170047692,1.302651709,0.493033385,0.06038367
51.69798965,0.176106449,1.304027011,0.536298847,0.065732623
51.70262832,0.174813914,1.30378431,0.474104746,0.065968607
51.70726699,0.169805342,1.299334806,0.485822475,0.06038367
51.71190566,0.171905711,1.296260602,0.511962024,0.061484925
51.71654433,0.178045251,1.298849405,0.520074299,0.06769915
51.721183,0.172471195,1.296503303,0.469597927,0.063215469
51.72582167,0.170855526,1.2936718,0.491230657,0.06038367
51.73046034,0.176591149,1.2941572,0.533594755,0.064395385
51.73509901,0.178287601,1.296098802,0.485822475,0.067384506
51.73973768,0.172471195,1.291891998,0.481315656,0.06109162
51.74437635,0.172955895,1.289384095,0.502047023,0.061248942
51.74901502,0.179580136,1.291811098,0.531792028,0.067227184
51.75365369,0.175379398,1.291082997,0.467795199,0.064631368
51.75829236,0.171501794,1.287118893,0.487625202,0.060226348
51.76293103,0.175217831,1.286795292,0.521877026,0.063136808
51.7675697,0.178853085,1.289707695,0.499342932,0.068013795
51.77220837,0.172471195,1.287118893,0.472302018,0.061720909
51.77684704,0.171824927,1.284044689,0.492132021,0.060462331
51.78148571,0.1778029,1.286957092,0.535397483,0.066047268
51.78612438,0.176025665,1.288251494,0.471400654,0.065811284
51.79076305,0.171017093,1.283963789,0.485822475,0.06038367
51.79540172,0.173117462,1.283397489,0.512863388,0.061956892
51.80004039,0.178045251,1.286552592,0.516468843,0.068249778
51.80467906,0.172632762,1.28453009,0.468696563,0.063451452
51.80931773,0.170532393,1.281374987,0.490329294,0.061012959
51.8139564,0.175702531,1.282183987,0.534496119,0.065575301
51.81859507,0.176429582,1.28428739,0.487625202,0.068879066
51.82323374,0.170693959,1.280970486,0.488526566,0.064474046
51.82787241,0.171501794,1.279433384,0.511962024,0.067384506
51.83251108,0.178368384,1.282103087,0.542608393,0.076666513
51.83714975,0.173925296,1.281779487,0.481315656,0.076273207
51.84178842,0.170532393,1.279190684,0.502047023,0.074857308
51.84642709,0.174652347,1.279595185,0.534496119,0.078711701
51.85106576,0.178206817,1.283640189,0.506553842,0.08303806
51.85570443,0.17093631,1.280485086,0.480414292,0.077138479
51.8603431,0.170532393,1.278462583,0.498441568,0.075329275
51.86498177,0.176914283,1.281455887,0.539002938,0.080756889
51.86962044,0.174652347,1.282992988,0.472302018,0.079970278
51.87425911,0.169805342,1.279918785,0.486723839,0.074385342
51.87889778,0.172390411,1.279595185,0.514666116,0.075565258
51.88353645,0.1778029,1.283235688,0.514666116,0.080992872
51.88817512,0.171259443,1.281455887,0.468696563,0.075486597
51.89281379,0.169562992,1.278947984,0.490329294,0.072261493
51.89745246,0.175056264,1.280970486,0.532693391,0.07643053
51.90209113,0.175298614,1.283478389,0.481315656,0.078082412
51.9067298,0.169159074,1.282507588,0.483118383,0.071632204
51.91136847,0.170532393,1.283073888,0.508356569,0.071553543
51.91600714,0.176752716,1.288979595,0.535397483,0.077531785
51.92064581,0.17166336,1.2940763,0.479512928,0.073834714
51.92528448,0.168593591,1.300467407,0.511962024,0.069744338
51.92992315,0.172955895,1.311955219,0.558832941,0.072497476
51.93456182,0.176429582,1.32271493,0.528186573,0.076666513
51.93920049,0.169886125,1.323685731,0.500244295,0.070216305
51.94383916,0.169724558,1.32222953,0.512863388,0.068643083
51.94847783,0.176671932,1.324009332,0.549819303,0.074070697
51.9531165,0.173602163,1.322876731,0.479512928,0.072969442
51.95775517,0.169401425,1.317375525,0.493033385,0.067620489
51.96239384,0.171744144,1.316000223,0.520074299,0.068957727
51.96703251,0.177156633,1.317860925,0.516468843,0.074621325
51.97167118,0.170855526,1.314624922,0.471400654,0.069272372
51.97630985,0.169562992,1.310984418,0.491230657,0.066519234
51.98094852,0.174813914,1.310660818,0.533594755,0.070766932
51.98558719,0.174409997,1.311631619,0.479512928,0.072418815
51.99022586,0.168997508,1.307182114,0.48221702,0.065968607
51.99486453,0.170128476,1.305159612,0.504751114,0.066440573
51.9995032,0.176268015,1.308072015,0.526383845,0.072654798
52.00414187,0.171259443,1.306939414,0.467795199,0.06911505
52.00878054,0.168028107,1.304512411,0.491230657,0.064788691
52.01341921,0.172955895,1.306049513,0.5299893,0.068249778
52.01805788,0.175540965,1.310175417,0.498441568,0.07210417
52.02269655,0.169724558,1.309609116,0.481315656,0.065732623
52.02733522,0.170047692,1.310256317,0.502047023,0.064474046
52.03197389,0.17707585,1.315838423,0.544411121,0.070137644
52.03661256,0.174167646,1.320045228,0.479512928,0.068800405
52.04125123,0.170613176,1.321177829,0.499342932,0.064080741
52.0458899,0.17400608,1.324980133,0.531792028,0.065811284
52.05052857,0.179499352,1.33218024,0.524581117,0.071081577
52.05516724,0.174086863,1.334930843,0.484921111,0.06549664
52.05980591,0.172713545,1.337438746,0.508356569,0.063608774
52.06444458,0.179014652,1.345690555,0.553424758,0.068171117
52.06908325,0.179014652,1.352567062,0.49663884,0.069429694
52.07372192,0.173763729,1.353456963,0.501145659,0.063372791
52.07836059,0.175379398,1.354508664,0.523679754,0.064080741
52.08299926,0.181680504,1.36000987,0.541707029,0.070373627
52.08763793,0.176995066,1.362760473,0.484019747,0.066283251
52.0922766,0.174329213,1.363731274,0.506553842,0.062664841
52.09691527,0.179418569,1.367048177,0.545312484,0.066125929
52.10155394,0.182245988,1.372144883,0.510159297,0.06990166
52.10619261,0.176268015,1.372063983,0.49663884,0.063766097
52.11083128,0.176752716,1.372792083,0.516468843,0.062664841
52.11546995,0.183619307,1.378455089,0.555227486,0.069036389
52.12010862,0.180549537,1.381529293,0.48942793,0.067148523
52.12474729,0.176995066,1.380558492,0.506553842,0.062350197
52.12938596,0.180145619,1.380801192,0.53720021,0.064080741
52.13402463,0.184992625,1.384603496,0.526383845,0.069822999
52.1386633,0.178449168,1.382095593,0.487625202,0.06400208
52.14330197,0.177479767,1.37926409,0.507455206,0.062192875
52.14794064,0.183780873,1.380234891,0.54891794,0.066833878
52.15257931,0.182973039,1.381286592,0.48942793,0.068171117
52.15721798,0.177398983,1.377807889,0.498441568,0.062114214
52.16185665,0.178933868,1.377241588,0.523679754,0.062979486
52.16649532,0.185315758,1.381933793,0.540805665,0.06911505
52.17113399,0.180064836,1.382580994,0.486723839,0.064867352
52.17577266,0.177398983,1.381771993,0.511060661,0.061484925
52.18041133,0.182245988,1.386221498,0.552523395,0.065339318
52.18505,0.184507924,1.392774405,0.514666116,0.068643083
52.18968867,0.178691518,1.391722704,0.501145659,0.062035553
52.19432734,0.179095435,1.390023802,0.519172935,0.061720909
52.19896601,0.185800459,1.391237303,0.551622031,0.067935134
52.20360468,0.181922855,1.3884058,0.48221702,0.065811284
52.20824335,0.177722117,1.382500094,0.499342932,0.06109162
52.21288202,0.181115021,1.37918319,0.5299893,0.06329413
52.21752069,0.185154191,1.37910229,0.514666116,0.068721744
52.22215936,0.179014652,1.374814586,0.480414292,0.062979486
52.22679803,0.177641334,1.370284181,0.502948387,0.061012959
52.2314367,0.18394244,1.370365081,0.547115212,0.065968607
52.23607537,0.182892256,1.36971788,0.486723839,0.067069862
52.24071404,0.1778029,1.366239177,0.498441568,0.06109162
52.24535271,0.180064836,1.364702075,0.523679754,0.062271536
52.24999138,0.186365943,1.367452678,0.536298847,0.068485761
52.25463005,0.181599721,1.366077376,0.483118383,0.064238063
52.25926872,0.179660919,1.361627872,0.505652478,0.060776976
52.26390739,0.185234975,1.361304271,0.546213848,0.064788691
52.26854606,0.18725456,1.363003173,0.50384975,0.068092456
52.27318473,0.181438154,1.35968627,0.493934749,0.062035553
52.2778234,0.182245988,1.359200869,0.516468843,0.061484925
52.28246207,0.189193362,1.362598673,0.548016576,0.067777811
52.28710074,0.185154191,1.362032372,0.481315656,0.065339318
52.29173941,0.181276587,1.357421067,0.500244295,0.060855637
52.29637808,0.184588708,1.356612066,0.531792028,0.063372791
52.30101675,0.188627879,1.357825568,0.512863388,0.068721744
52.30565542,0.181438154,1.353376063,0.480414292,0.062664841
52.31029409,0.180145619,1.349573759,0.500244295,0.06109162
52.31493276,0.18652751,1.349735559,0.543509757,0.065811284
52.31957143,0.184588708,1.349492859,0.480414292,0.066676556
52.3242101,0.179014652,1.346823156,0.492132021,0.061012959
52.32884877,0.181115021,1.345447854,0.519172935,0.062114214
52.33348744,0.186931427,1.347955757,0.527285209,0.068485761
52.33812611,0.18038797,1.345609655,0.475006109,0.063766097
52.34276478,0.177641334,1.34148375,0.495737476,0.060698315
52.34740345,0.182730689,1.34164555,0.536298847,0.064552707
52.35204212,0.183861657,1.342778152,0.490329294,0.067620489
52.35668079,0.1773182,1.338571347,0.483118383,0.061327603
52.36131946,0.177641334,1.335820744,0.50384975,0.060934298
52.36595813,0.183861657,1.337034246,0.535397483,0.067541828
52.3705968,0.179418569,1.336063445,0.469597927,0.065260657
52.37523547,0.175944882,1.33177574,0.491230657,0.060698315
52.37987414,0.179257002,1.33137124,0.524581117,0.063058147
52.38451281,0.182730689,1.332746541,0.502948387,0.068249778
52.38915148,0.175864098,1.329834138,0.475006109,0.061956892
52.39379015,0.17449078,1.326436334,0.494836113,0.060462331
52.39842882,0.181276587,1.328135236,0.53720021,0.066047268
52.40306749,0.179095435,1.327811636,0.473203382,0.066047268
52.40770616,0.173763729,1.324494732,0.486723839,0.06038367
52.41234483,0.176268015,1.323847532,0.513764752,0.061563586
52.4169835,0.181922855,1.327326235,0.520975662,0.0684071
52.42162217,0.175783315,1.325708234,0.471400654,0.063766097
52.42626084,0.173198245,1.323119431,0.493934749,0.060698315
52.43089951,0.178610735,1.324332932,0.534496119,0.064946013
52.43553818,0.179418569,1.326274534,0.487625202,0.067541828
52.44017685,0.172955895,1.32279583,0.483118383,0.06109162
52.44481552,0.173602163,1.321258729,0.504751114,0.061170281
52.44945419,0.180307186,1.323604831,0.533594755,0.067463167
52.45409286,0.175540965,1.32190593,0.468696563,0.064867352
52.45873153,0.172309628,1.318103625,0.491230657,0.06038367
52.4633702,0.176268015,1.317456425,0.526383845,0.063530113
52.46800887,0.179499352,1.318750826,0.501145659,0.068092456
52.47264754,0.172794328,1.315272122,0.475006109,0.062192875
52.47728621,0.171501794,1.312036119,0.493934749,0.060698315
52.48192488,0.1778029,1.31252152,0.535397483,0.066440573
52.48656355,0.175540965,1.311874319,0.470499291,0.065889946
52.49120222,0.171017093,1.307667514,0.484921111,0.060540992
52.49584089,0.173521379,1.305725912,0.512863388,0.061956892
52.50047956,0.178691518,1.307424814,0.516468843,0.068171117
52.50511823,0.172713545,1.304350611,0.468696563,0.063136808
52.5097569,0.171017093,1.300467407,0.490329294,0.060698315
52.51439557,0.176268015,1.301114607,0.533594755,0.065181996
52.51903424,0.176348799,1.302004508,0.483118383,0.067148523
52.52367291,0.170693959,1.298121304,0.481315656,0.061170281
52.52831158,0.171744144,1.295694302,0.502948387,0.061248942
52.53295025,0.178126034,1.296826903,0.529087936,0.067541828
52.53758892,0.173279029,1.295047101,0.467795199,0.064316724
52.54222759,0.170290042,1.291325697,0.48942793,0.060540992
52.54686626,0.174086863,1.291163897,0.524581117,0.063608774
52.55150493,0.1773182,1.292862799,0.497540204,0.068092456
52.5561436,0.171017093,1.289707695,0.475006109,0.061956892
52.56078227,0.170209259,1.286714392,0.493934749,0.060855637
52.56542094,0.176752716,1.288898695,0.535397483,0.066283251
52.57005961,0.173925296,1.288736894,0.469597927,0.065653962
52.57469828,0.169401425,1.28485369,0.484921111,0.060698315
52.57933695,0.17142101,1.283721089,0.512863388,0.062114214
52.58397562,0.176995066,1.285905391,0.513764752,0.068171117
52.58861429,0.170370826,1.283963789,0.469597927,0.06258618
52.59325296,0.168432024,1.281051386,0.490329294,0.060226348
52.59789163,0.174086863,1.282183987,0.534496119,0.064867352
52.6025303,0.174329213,1.283154788,0.48221702,0.06691254
52.60716897,0.168270457,1.279676085,0.484019747,0.060776976
52.61180764,0.169805342,1.278705284,0.506553842,0.061012959
52.61644631,0.176591149,1.282264887,0.5299893,0.067148523
52.62108498,0.171259443,1.281051386,0.469597927,0.063687435
52.62572365,0.16786654,1.277977183,0.491230657,0.060147687
52.63036232,0.172794328,1.278786184,0.527285209,0.063136808
52.63500099,0.174975481,1.280485086,0.49663884,0.067463167
52.63963966,0.16835124,1.278058083,0.475006109,0.061406264
52.64427833,0.16835124,1.276116481,0.493934749,0.06038367
52.648917,0.175056264,1.278786184,0.534496119,0.066125929
52.65355567,0.172228844,1.278786184,0.466893835,0.065024674
52.65819434,0.167704973,1.274579379,0.484019747,0.060226348
52.66283301,0.170613176,1.274417579,0.513764752,0.061642248
52.66747168,0.175621748,1.277572682,0.509257933,0.067541828
52.67211035,0.169078291,1.27498388,0.466893835,0.062350197
52.67674902,0.167462623,1.272637777,0.488526566,0.060069026
52.68138769,0.174167646,1.274255779,0.531792028,0.064710029
52.68602636,0.173602163,1.275873781,0.476808837,0.066125929
52.69066503,0.168189673,1.272718677,0.481315656,0.060147687
52.6953037,0.169320641,1.271747876,0.50384975,0.060855637
52.69994237,0.175621748,1.27546928,0.525482481,0.067069862
52.70458104,0.170613176,1.274498479,0.466893835,0.063372791
52.70921971,0.16762419,1.272556877,0.488526566,0.059675721
52.71385838,0.172148061,1.273932179,0.526383845,0.06329413
52.71849705,0.17473313,1.277491782,0.493033385,0.067227184
52.72313572,0.168755157,1.274741179,0.475907473,0.060776976
52.72777439,0.168512807,1.273527678,0.49663884,0.060147687
52.73241306,0.175460181,1.277168182,0.535397483,0.066597895
52.73705173,0.171986494,1.278624384,0.468696563,0.064552707
52.7416904,0.16786654,1.275711981,0.487625202,0.060226348
52.74632907,0.17093631,1.27538838,0.517370207,0.061878231
52.75096774,0.175783315,1.278867084,0.509257933,0.067856472
52.75560641,0.169562992,1.277734483,0.471400654,0.062114214
52.76024508,0.168512807,1.276035581,0.492132021,0.060305009
52.76488375,0.174652347,1.277977183,0.535397483,0.064788691
52.76952242,0.174086863,1.280323285,0.477710201,0.066047268
52.77416109,0.168270457,1.277249082,0.484921111,0.060619654
52.77879976,0.169724558,1.276682782,0.508356569,0.060934298
52.78343843,0.175783315,1.281374987,0.527285209,0.067227184
52.7880771,0.170370826,1.280565986,0.470499291,0.063687435
52.79271577,0.167785756,1.279109784,0.492132021,0.060462331
52.79735444,0.173279029,1.281294086,0.531792028,0.063844758
52.80199311,0.175379398,1.28420649,0.494836113,0.067384506
52.80663178,0.168755157,1.281374987,0.480414292,0.061170281
52.81127045,0.169078291,1.280485086,0.500244295,0.060855637
52.81590912,0.175864098,1.283397489,0.53720021,0.066833878
52.82054779,0.172390411,1.283882889,0.471400654,0.065103335
52.82518646,0.168189673,1.280889586,0.490329294,0.060540992
52.82982513,0.17142101,1.280808686,0.520975662,0.06258618
52.8344638,0.176268015,1.28436829,0.510159297,0.067935134
52.83910247,0.169643775,1.282103087,0.474104746,0.062271536
52.84374114,0.168270457,1.280646886,0.495737476,0.060305009
52.84837981,0.17449078,1.283316589,0.539904302,0.06549664
52.85301848,0.173682946,1.286067191,0.480414292,0.066519234
52.85765715,0.168270457,1.283801989,0.488526566,0.060776976
52.86229582,0.170209259,1.283235688,0.511962024,0.061642248
52.86693449,0.176348799,1.286876192,0.526383845,0.067620489
52.87157316,0.170855526,1.286471692,0.470499291,0.063215469
52.87621183,0.168432024,1.283478389,0.492132021,0.060462331
52.8808505,0.173198245,1.28469189,0.531792028,0.064159402
52.88548917,0.175056264,1.287361593,0.491230657,0.067305845
52.89012784,0.168755157,1.28485369,0.479512928,0.061327603
52.89476651,0.169239858,1.283397489,0.500244295,0.061012959
52.89940518,0.175783315,1.286795292,0.536298847,0.067069862
52.90404385,0.172228844,1.287442493,0.470499291,0.064867352
52.90868252,0.168189673,1.28509639,0.491230657,0.060305009
52.91332119,0.171340227,1.285177291,0.523679754,0.062743503
52.91795986,0.175379398,1.288251494,0.508356569,0.068249778
52.92259853,0.168755157,1.286552592,0.475006109,0.062035553
52.9272372,0.167543406,1.28461099,0.494836113,0.060462331
52.93187587,0.174409997,1.287199793,0.539002938,0.065417979
52.93651454,0.173117462,1.288979595,0.476808837,0.06620459
52.94115321,0.16786654,1.286067191,0.487625202,0.060619654
52.94579188,0.170047692,1.28509639,0.512863388,0.061484925
52.95043055,0.175864098,1.287846993,0.523679754,0.067541828
52.95506922,0.169966909,1.286471692,0.468696563,0.06329413
52.95970789,0.16786654,1.283721089,0.491230657,0.060226348
52.96434656,0.173036679,1.28461099,0.532693391,0.063923419
52.96898523,0.174652347,1.287685193,0.490329294,0.067305845
52.9736239,0.168512807,1.285258191,0.48221702,0.061012959
52.97826257,0.169078291,1.28469189,0.502948387,0.060934298
52.98290124,0.175379398,1.288817794,0.53720021,0.067305845
52.98753991,0.171582577,1.290435796,0.472302018,0.064788691
52.99217858,0.167785756,1.288332394,0.493934749,0.060540992
52.99681725,0.171582577,1.289788595,0.527285209,0.063058147
53.00145592,0.175379398,1.293590899,0.509257933,0.067935134
53.00609459,0.169159074,1.292862799,0.478611565,0.061878231
53.01073326,0.168189673,1.292215598,0.500244295,0.06038367
53.01537193,0.17473313,1.296017902,0.544411121,0.065732623
53.0200106,0.173521379,1.298768505,0.481315656,0.066125929
53.02464927,0.168674374,1.297716804,0.494836113,0.060776976
53.02928794,0.170451609,1.300871907,0.524581117,0.061642248
53.03392661,0.176348799,1.308719216,0.535397483,0.068249778
53.03856528,0.17093631,1.312197919,0.485822475,0.063136808
53.04320395,0.168916724,1.313977721,0.506553842,0.060540992
53.04784262,0.173925296,1.317456425,0.547115212,0.064474046
53.05248129,0.175379398,1.32255313,0.500244295,0.067227184
53.05711996,0.169401425,1.32247223,0.494836113,0.061327603
53.06175863,0.170128476,1.325141933,0.518271571,0.061170281
53.0663973,0.176671932,1.333474642,0.551622031,0.067305845
53.07103597,0.171986494,1.338166847,0.488526566,0.064788691
53.07567464,0.168674374,1.339865749,0.510159297,0.060540992
53.08031331,0.172713545,1.345366954,0.546213848,0.063451452
53.08495198,0.176348799,1.352647962,0.524581117,0.068171117
53.08959065,0.169805342,1.357097467,0.501145659,0.062114214
53.09422932,0.169562992,1.364216674,0.526383845,0.060855637
53.09886799,0.176025665,1.376675288,0.573254762,0.066361912
53.10350666,0.173844513,1.387111399,0.509257933,0.06620459
53.10814533,0.169078291,1.393017105,0.525482481,0.060540992
53.112784,0.172067278,1.402563315,0.555227486,0.062114214
53.11742267,0.178206817,1.416073629,0.561537032,0.067777811
53.12206134,0.172148061,1.423920938,0.514666116,0.06329413
53.12670001,0.170370826,1.433790748,0.542608393,0.060462331
53.13133868,0.176429582,1.450779766,0.58947931,0.064552707
53.13597735,0.177237416,1.474321691,0.550720667,0.067305845
53.14061602,0.17142101,1.494465813,0.55612885,0.061248942
53.14525469,0.172148061,1.511940231,0.579564308,0.061170281
53.14989336,0.179014652,1.536857457,0.613816132,0.067305845
53.15453203,0.174652347,1.560480283,0.554326122,0.064316724
53.1591707,0.17166336,1.583132307,0.584071127,0.06038367
53.16380937,0.175944882,1.604247229,0.621928406,0.063215469
53.16844804,0.179014652,1.623339649,0.598492948,0.067856472
53.17308671,0.172794328,1.632319559,0.568747943,0.062192875
53.17772538,0.172309628,1.640166867,0.582268399,0.060776976
53.18236405,0.178853085,1.649793977,0.616520223,0.066361912
53.18700272,0.176429582,1.655295183,0.545312484,0.065968607
53.19164139,0.171744144,1.652868181,0.553424758,0.060698315
53.19628006,0.174813914,1.650360278,0.575958853,0.061720909
53.20091873,0.179741702,1.648823176,0.57055067,0.067620489
53.2055574,0.173521379,1.640490467,0.518271571,0.063058147
53.21019607,0.171501794,1.631591458,0.532693391,0.060462331
53.21483474,0.177479767,1.625928452,0.569649307,0.064788691
53.21947341,0.177722117,1.619941846,0.514666116,0.067227184
53.22411208,0.171905711,1.609505735,0.511060661,0.06109162
53.22875075,0.172632762,1.602143827,0.533594755,0.061248942
53.23338942,0.179580136,1.601577526,0.561537032,0.067620489
53.23802809,0.175137048,1.597451622,0.501145659,0.064316724
53.24266676,0.172148061,1.588876213,0.521877026,0.060305009
53.24730543,0.176591149,1.581918805,0.554326122,0.063215469
53.2519441,0.179741702,1.576336699,0.520975662,0.068249778
53.25658277,0.172794328,1.564282587,0.497540204,0.062035553
53.26122144,0.172551978,1.553846476,0.51556748,0.060698315
53.26586011,0.178772301,1.547455369,0.555227486,0.066991201
53.27049878,0.176268015,1.53968896,0.484921111,0.066125929
53.27513745,0.171017093,1.527068547,0.499342932,0.060855637
53.27977612,0.173602163,1.517765037,0.526383845,0.06258618
53.28441479,0.179257002,1.512668332,0.52277839,0.0684071
53.28905346,0.172875112,1.503607522,0.477710201,0.063058147
53.29369213,0.171017093,1.493252311,0.498441568,0.060619654
53.2983308,0.17707585,1.487184805,0.539904302,0.065024674
53.30296947,0.176833499,1.481279099,0.484921111,0.066991201
53.30760814,0.171017093,1.469953087,0.484921111,0.061248942
53.31224681,0.172067278,1.460892277,0.506553842,0.061248942
53.31688548,0.178045251,1.455714671,0.529087936,0.06769915
53.32152415,0.173036679,1.447705563,0.468696563,0.064159402
53.32616282,0.169886125,1.437350352,0.48942793,0.060698315
53.33080149,0.174329213,1.431687346,0.527285209,0.063844758
53.33544016,0.176995066,1.428532243,0.495737476,0.068013795
53.34007883,0.170451609,1.420118634,0.475907473,0.061720909
53.3447175,0.170290042,1.412271325,0.49663884,0.060855637
53.34935617,0.177156633,1.410006123,0.536298847,0.066676556
53.35399484,0.173521379,1.405233018,0.470499291,0.065811284
53.35863351,0.168674374,1.396900309,0.488526566,0.060698315
53.36327218,0.171986494,1.392450804,0.517370207,0.062428858
53.36791085,0.176671932,1.391399103,0.512863388,0.068092456
53.37254952,0.170613176,1.385978797,0.472302018,0.06258618
53.37718819,0.168835941,1.379425891,0.493934749,0.060305009
53.38182686,0.175056264,1.378050589,0.538101574,0.065260657
53.38646553,0.17449078,1.376837088,0.481315656,0.066676556
53.3911042,0.16835124,1.371174082,0.486723839,0.060855637
53.39574287,0.169966909,1.367776278,0.509257933,0.061170281
53.40038154,0.176510366,1.36931338,0.5299893,0.067541828
53.40502021,0.171340227,1.368099879,0.473203382,0.063844758
53.40965888,0.168674374,1.367209978,0.497540204,0.060069026
53.41429755,0.173521379,1.371174082,0.538101574,0.063766097
53.41893622,0.176348799,1.378455089,0.506553842,0.067777811
53.42357489,0.170370826,1.379749491,0.491230657,0.061170281
53.42821356,0.170613176,1.379587691,0.512863388,0.060698315
53.43285223,0.1778029,1.382904594,0.549819303,0.066597895
53.4374909,0.17473313,1.382419194,0.480414292,0.065181996
53.44212957,0.169886125,1.376917988,0.497540204,0.060619654
53.44676824,0.173521379,1.373601084,0.524581117,0.062350197
53.45140691,0.1778029,1.372953884,0.513764752,0.068013795
53.45604558,0.171501794,1.367371778,0.474104746,0.062271536
53.46068425,0.169805342,1.360980671,0.493934749,0.060305009
53.46532292,0.175621748,1.359039069,0.536298847,0.065103335
53.46996159,0.175298614,1.357582867,0.477710201,0.066597895
53.47460026,0.169401425,1.351677161,0.483118383,0.060934298
53.47923893,0.170855526,1.347632157,0.506553842,0.061406264
53.4838776,0.177237416,1.348036657,0.523679754,0.067777811
53.48851627,0.17166336,1.342778152,0.466893835,0.063766097
53.49315494,0.168835941,1.337438746,0.48942793,0.060462331
53.49779361,0.173844513,1.335335344,0.528186573,0.064238063
53.50243228,0.175783315,1.335901644,0.48942793,0.06769915
53.50707095,0.169320641,1.330966739,0.476808837,0.061484925
53.51170962,0.169966909,1.327649836,0.49663884,0.060776976
53.51634829,0.176914283,1.328701537,0.533594755,0.067227184
53.52098696,0.173359812,1.327568936,0.467795199,0.065339318
53.52562563,0.168755157,1.32279583,0.48942793,0.060462331
53.5302643,0.172148061,1.321825029,0.521877026,0.062507519
53.53490297,0.176429582,1.324980133,0.510159297,0.068013795
53.53954164,0.169562992,1.32247223,0.474104746,0.062271536
53.54418031,0.168674374,1.319074427,0.493934749,0.060462331
53.54881898,0.175056264,1.319074427,0.53720021,0.065732623
53.55345765,0.173925296,1.320126128,0.476808837,0.066676556
53.55809632,0.16835124,1.315757523,0.484921111,0.061012959
53.56273499,0.170209259,1.313492321,0.509257933,0.061956892
53.56737366,0.176106449,1.315676623,0.52277839,0.068013795
53.57201233,0.170613176,1.31292602,0.467795199,0.063608774
53.576651,0.168270457,1.310094517,0.491230657,0.060462331
53.58128967,0.173036679,1.311146218,0.530890664,0.064159402
53.58592834,0.174571564,1.312359719,0.490329294,0.06769915
53.59056701,0.168835941,1.309932717,0.481315656,0.061484925
53.59520568,0.168755157,1.308719216,0.502047023,0.061012959
53.59984435,0.176106449,1.311793419,0.539002938,0.066991201
53.60448302,0.171824927,1.313654121,0.476808837,0.065181996
53.60912169,0.167704973,1.313411421,0.499342932,0.060698315
53.61376036,0.171501794,1.314382222,0.5299893,0.063136808
53.61839903,0.175783315,1.317132824,0.512863388,0.068171117
53.6230377,0.169805342,1.315353023,0.479512928,0.062664841
53.62767637,0.169239858,1.314139521,0.501145659,0.060934298
53.63231504,0.175460181,1.316404724,0.545312484,0.066125929
53.63695371,0.174167646,1.318750826,0.48221702,0.066361912
53.64159238,0.168997508,1.315191222,0.490329294,0.060698315
53.64623105,0.170532393,1.313815921,0.514666116,0.06179957
53.65086972,0.176995066,1.316162023,0.523679754,0.068092456
53.65550839,0.170774743,1.31292602,0.471400654,0.063451452
53.66014706,0.168835941,1.309285516,0.493033385,0.06038367
53.66478573,0.173602163,1.308961916,0.531792028,0.064552707
53.6694244,0.175056264,1.309366416,0.486723839,0.067620489
53.67406307,0.169159074,1.304836011,0.477710201,0.061406264
53.67870174,0.169320641,1.302004508,0.497540204,0.06109162
53.68334041,0.175379398,1.30362251,0.5299893,0.066991201
53.68797908,0.171501794,1.302085408,0.465091108,0.065024674
53.69261775,0.167462623,1.297312303,0.485822475,0.060305009
53.69725642,0.171259443,1.296746003,0.520074299,0.06258618
53.70189509,0.175379398,1.299092105,0.502948387,0.067777811
53.70653376,0.168755157,1.297474104,0.475006109,0.06179957
53.71117243,0.168189673,1.296826903,0.49663884,0.060226348
53.7158111,0.17473313,1.300791007,0.541707029,0.066047268
53.72044977,0.172955895,1.302166309,0.478611565,0.066361912
53.72508844,0.168270457,1.299658406,0.490329294,0.060540992
53.72972711,0.170532393,1.298283104,0.51556748,0.062114214
53.73436578,0.176348799,1.302570809,0.52277839,0.068013795
53.73900445,0.170370826,1.302894409,0.474104746,0.063451452
53.74364312,0.168593591,1.30386521,0.500244295,0.060934298
53.74828179,0.173521379,1.311146218,0.54891794,0.064631368
53.75292046,0.174975481,1.320854228,0.506553842,0.067541828
53.75755913,0.169078291,1.324009332,0.502948387,0.061484925
53.7621978,0.169724558,1.324899233,0.520074299,0.061327603
53.76683647,0.176348799,1.328135236,0.545312484,0.067541828
53.77147514,0.172067278,1.327245335,0.476808837,0.064710029
53.77611381,0.168432024,1.32271493,0.495737476,0.060934298
53.78075248,0.172632762,1.32206773,0.527285209,0.063451452
53.78539115,0.176268015,1.323200331,0.502948387,0.068013795
53.79002982,0.169562992,1.318265426,0.475006109,0.062035553
53.79466849,0.168755157,1.314705822,0.494836113,0.060540992
53.79930716,0.175056264,1.315272122,0.53720021,0.066047268
53.80394583,0.173117462,1.315029422,0.473203382,0.066283251
53.8085845,0.16810889,1.310903518,0.486723839,0.060776976
53.81322317,0.170532393,1.310094517,0.514666116,0.062192875
53.81786184,0.176106449,1.313411421,0.520074299,0.068171117
53.82250051,0.170370826,1.31260242,0.473203382,0.063451452
53.82713918,0.168512807,1.311146218,0.49663884,0.060934298
53.83177785,0.174167646,1.31316872,0.538101574,0.065024674
53.83641652,0.174652347,1.316566524,0.491230657,0.067541828
53.84105519,0.169159074,1.316000223,0.490329294,0.061563586
53.84569386,0.170774743,1.317213725,0.513764752,0.061484925
53.85033253,0.1773182,1.323200331,0.540805665,0.068092456
53.8549712,0.172875112,1.324494732,0.478611565,0.064946013
53.85960987,0.169239858,1.32279583,0.499342932,0.060855637
53.86424854,0.173279029,1.324656532,0.533594755,0.063766097
53.86888721,0.176510366,1.328377936,0.508356569,0.068249778
53.87352588,0.170128476,1.328135236,0.487625202,0.062192875
53.87816455,0.170209259,1.330400439,0.511060661,0.060855637
53.88280322,0.176591149,1.336467945,0.553424758,0.066676556
53.88744189,0.174571564,1.342130951,0.488526566,0.066125929
53.89208056,0.170209259,1.343506252,0.507455206,0.060855637
53.89671923,0.172794328,1.346904056,0.536298847,0.06258618
53.9013579,0.177964467,1.353214263,0.536298847,0.068485761
53.90599657,0.171905711,1.353456963,0.490329294,0.063058147
53.91063524,0.170451609,1.353214263,0.510159297,0.060934298
53.91527391,0.176591149,1.357097467,0.552523395,0.065417979
53.91991258,0.176995066,1.361142471,0.500244295,0.067777811
53.92455125,0.171582577,1.35992897,0.501145659,0.061563586
53.92918992,0.173117462,1.361061571,0.523679754,0.061484925
53.93382859,0.179660919,1.366400977,0.54891794,0.0684071
53.93846726,0.175217831,1.36939428,0.488526566,0.064710029
53.94310593,0.172067278,1.367857178,0.511060661,0.060698315
53.9477446,0.176914283,1.36915158,0.543509757,0.063766097
53.95238327,0.179903269,1.371659482,0.511962024,0.068092456
53.95702194,0.173279029,1.368504379,0.48942793,0.06179957
53.96166061,0.172955895,1.366239177,0.507455206,0.061248942
53.96629928,0.179257002,1.368585279,0.548016576,0.066676556
53.97093795,0.176429582,1.36963698,0.483118383,0.065811284
53.97557662,0.171824927,1.370284181,0.50384975,0.060698315
53.98021529,0.17449078,1.375542686,0.536298847,0.062428858
53.98485396,0.179580136,1.381771993,0.535397483,0.068328439
53.98949263,0.173682946,1.380962992,0.488526566,0.063058147
53.9941313,0.171582577,1.377241588,0.505652478,0.060540992
53.99876997,0.177479767,1.377079788,0.546213848,0.065103335
54.00340864,0.177479767,1.377079788,0.48942793,0.067069862
54.00804731,0.171501794,1.370850481,0.48942793,0.061248942
54.01268598,0.173279029,1.367048177,0.510159297,0.061642248
54.01732465,0.179660919,1.366805477,0.5299893,0.067856472
54.02196332,0.17449078,1.363488574,0.470499291,0.064080741
54.02660199,0.17117866,1.357663767,0.492132021,0.060776976
54.03124066,0.175944882,1.356126666,0.528186573,0.063844758
54.03587933,0.178529951,1.356207566,0.495737476,0.068013795
54.040518,0.171744144,1.351434461,0.477710201,0.06179957
54.04515667,0.171744144,1.347793957,0.49663884,0.060619654
54.04979534,0.178529951,1.348360258,0.536298847,0.066833878
54.05443401,0.175379398,1.347227656,0.469597927,0.065339318
54.05907268,0.170774743,1.342130951,0.487625202,0.060540992
54.06371135,0.17400608,1.339865749,0.517370207,0.062428858
54.06835002,0.178610735,1.342373651,0.511060661,0.068249778
54.07298869,0.172228844,1.337924146,0.470499291,0.06258618
54.07762736,0.170774743,1.333555542,0.492132021,0.060619654
54.08226603,0.176995066,1.333474642,0.536298847,0.065181996
54.0869047,0.176187232,1.334607243,0.480414292,0.066991201
54.09154337,0.170693959,1.331128539,0.486723839,0.06109162
54.09618204,0.172390411,1.329995938,0.510159297,0.062192875
54.10082071,0.178691518,1.333636442,0.529087936,0.068171117
54.10545938,0.173440596,1.332422941,0.471400654,0.064080741
54.11009805,0.170451609,1.329025137,0.494836113,0.060698315
54.11473672,0.174975481,1.329348737,0.532693391,0.064316724
54.11937539,0.177156633,1.33145214,0.495737476,0.068013795
54.12401406,0.170693959,1.328377936,0.480414292,0.061642248
54.12865273,0.170855526,1.325789134,0.500244295,0.060934298
54.1332914,0.177641334,1.327730736,0.539002938,0.067148523
54.13793007,0.17449078,1.327649836,0.472302018,0.065653962
54.14256874,0.169562992,1.323523931,0.48942793,0.060776976
54.14720741,0.173117462,1.32198683,0.520074299,0.062979486
54.15184608,0.177883684,1.324332932,0.508356569,0.068721744
54.15648475,0.171097877,1.320449728,0.471400654,0.062743503
54.16112342,0.169643775,1.316323824,0.491230657,0.060698315
54.16576209,0.175540965,1.316242924,0.535397483,0.065732623
54.17040076,0.17473313,1.315514823,0.476808837,0.066991201
54.17503943,0.169966909,1.311065318,0.483118383,0.06109162
54.1796781,0.171340227,1.308152915,0.506553842,0.06179957
54.18431677,0.177156633,1.310256317,0.521877026,0.068328439
54.18895544,0.171582577,1.307991115,0.465091108,0.063923419
54.19359411,0.168835941,1.30313711,0.487625202,0.060776976
54.19823278,0.173279029,1.302004508,0.526383845,0.064631368
54.20287145,0.175056264,1.302975309,0.486723839,0.068092456
54.20751012,0.168916724,1.299173005,0.474104746,0.061878231
54.21214879,0.168916724,1.296260602,0.493934749,0.060776976
54.21678746,0.175379398,1.298040404,0.530890664,0.066991201
54.22142613,0.171905711,1.296746003,0.465091108,0.065181996
54.2260648,0.167947323,1.292458298,0.484921111,0.060619654
54.23070347,0.170855526,1.290840297,0.516468843,0.062979486
54.23534214,0.175379398,1.292620098,0.502948387,0.068249778
54.23998081,0.168593591,1.290031296,0.469597927,0.062664841
54.24461948,0.16762419,1.288008794,0.490329294,0.060540992
54.24925815,0.174167646,1.290354896,0.535397483,0.066047268
54.25389682,0.172955895,1.292134698,0.475006109,0.066676556
54.25853549,0.167462623,1.288979595,0.486723839,0.060934298
54.26317416,0.169562992,1.289060495,0.512863388,0.06179957
54.26781283,0.175783315,1.293429099,0.526383845,0.068013795
54.2724515,0.169966909,1.296179702,0.478611565,0.063766097
54.27709017,0.167543406,1.299577506,0.510159297,0.060619654
54.28172884,0.172632762,1.307101214,0.553424758,0.064552707
54.28636751,0.17424843,1.312117019,0.506553842,0.068092456
54.29100618,0.167947323,1.309528216,0.492132021,0.061720909
54.29564485,0.168270457,1.306534913,0.509257933,0.061170281
54.30028352,0.175298614,1.307829315,0.539904302,0.067305845
54.30492219,0.17093631,1.306292213,0.471400654,0.065103335
54.30956086,0.167220272,1.301519108,0.488526566,0.060619654
54.31419953,0.170451609,1.299739306,0.520975662,0.063215469
54.3188382,0.17449078,1.301357308,0.502948387,0.068249778
54.32347687,0.168189673,1.298444905,0.471400654,0.062428858
54.32811554,0.167139489,1.295613402,0.491230657,0.060698315
54.33275421,0.173682946,1.296746003,0.535397483,0.066283251
54.33739288,0.172632762,1.296988703,0.473203382,0.066676556
54.34203155,0.167381839,1.2939954,0.485822475,0.061012959
54.34667022,0.169562992,1.293509999,0.511962024,0.062114214
54.35130889,0.175702531,1.296826903,0.520975662,0.068249778
54.35594756,0.169562992,1.295289801,0.467795199,0.063844758
54.36058623,0.167381839,1.292296498,0.48942793,0.060698315
54.3652249,0.172632762,1.293267299,0.530890664,0.064946013
54.36986357,0.173925296,1.295047101,0.486723839,0.06769915
54.37450224,0.167381839,1.290435796,0.478611565,0.061484925
54.37914091,0.167947323,1.288979595,0.500244295,0.061012959
54.38377958,0.17449078,1.291244797,0.531792028,0.067463167
54.38841825,0.170693959,1.290840297,0.467795199,0.064867352
54.39305692,0.166735572,1.287685193,0.488526566,0.060540992
54.39769559,0.170451609,1.287361593,0.523679754,0.063215469
54.40233426,0.174329213,1.290031296,0.502948387,0.068249778
54.40697293,0.167785756,1.287442493,0.474104746,0.062350197
54.4116116,0.166977922,1.286390792,0.494836113,0.061012959
54.41625027,0.17400608,1.290921197,0.541707029,0.066597895
54.42088894,0.172228844,1.2941572,0.479512928,0.066676556
54.42552761,0.16762419,1.293105499,0.492132021,0.061484925
54.43016628,0.169482208,1.293348199,0.517370207,0.062114214
54.43480495,0.174975481,1.297635904,0.524581117,0.068249778
54.43944362,0.169401425,1.297231403,0.475006109,0.063451452
54.44408229,0.167704973,1.296260602,0.498441568,0.060776976
54.44872096,0.173279029,1.299334806,0.540805665,0.065024674
54.45335963,0.174329213,1.304188811,0.49663884,0.06769915
54.4579983,0.168512807,1.304916911,0.493934749,0.061406264
54.46263697,0.169078291,1.307586614,0.516468843,0.061248942
54.46727564,0.176510366,1.317456425,0.551622031,0.06769915
54.47191431,0.174167646,1.332989241,0.508356569,0.065024674
54.47655298,0.173440596,1.356369366,0.557931577,0.06109162
54.48119165,0.180145619,1.3884058,0.614717496,0.063923419
54.48583032,0.186850643,1.420684934,0.600295675,0.068485761
54.49046899,0.182326772,1.438240253,0.57055067,0.06258618
54.49510766,0.182003638,1.446006661,0.573254762,0.061563586
54.49974633,0.188627879,1.451265167,0.597591584,0.067069862
54.504385,0.186365943,1.450213466,0.518271571,0.066597895
54.50902367,0.181195804,1.444065059,0.523679754,0.061563586
54.51366234,0.18345774,1.440262755,0.543509757,0.062900825
54.51830101,0.188789445,1.440262755,0.541707029,0.068957727
54.52293968,0.182326772,1.43581325,0.48942793,0.063766097
54.52757835,0.180064836,1.430231144,0.506553842,0.061563586
54.53221702,0.185477325,1.429017643,0.546213848,0.065732623
54.53685569,0.185477325,1.427965942,0.493934749,0.067856472
54.54149436,0.179499352,1.422707436,0.491230657,0.062035553
54.54613303,0.180468753,1.419471433,0.512863388,0.061956892
54.5507717,0.186689076,1.419956834,0.538101574,0.068171117
54.55541037,0.181680504,1.417691631,0.476808837,0.065024674
54.56004904,0.178126034,1.414617428,0.498441568,0.06109162
54.56468771,0.182245988,1.414455628,0.534496119,0.064080741
54.56932638,0.184992625,1.41663993,0.507455206,0.068564422
54.57396505,0.178287601,1.413323026,0.484019747,0.062822164
54.57860372,0.1778029,1.411381424,0.50384975,0.061406264
54.58324239,0.184588708,1.414617428,0.548016576,0.067227184
54.58788106,0.181761288,1.416073629,0.48221702,0.066519234
54.59251973,0.176914283,1.413403927,0.499342932,0.06109162
54.5971584,0.179499352,1.414212927,0.528186573,0.062664841
54.60179707,0.184831058,1.419552333,0.529087936,0.068879066
54.60643574,0.178691518,1.419228733,0.484921111,0.06329413
54.61107441,0.176995066,1.418096132,0.508356569,0.061012959
54.61571308,0.182326772,1.421170335,0.550720667,0.065417979
54.62035175,0.182245988,1.424649038,0.498441568,0.067541828
54.62499042,0.176106449,1.422869237,0.500244295,0.061406264
54.62962909,0.177398983,1.422707436,0.523679754,0.061563586
54.63426776,0.183780873,1.427885042,0.548016576,0.067856472
54.63890643,0.178772301,1.428046842,0.490329294,0.064631368
54.6435451,0.175783315,1.427561442,0.516468843,0.060855637
54.64818377,0.180145619,1.431282846,0.558832941,0.063766097
54.65282244,0.183296173,1.440424555,0.536298847,0.068249778
54.65746111,0.17707585,1.443417858,0.524581117,0.061878231
54.66209978,0.177156633,1.44446956,0.545312484,0.060934298
54.66673845,0.183780873,1.449242665,0.584972491,0.066833878
54.67137712,0.180791887,1.450617966,0.519172935,0.065889946
54.67601579,0.176348799,1.447462863,0.538101574,0.060855637
54.68065446,0.179418569,1.448352764,0.568747943,0.062743503
54.68529313,0.184669491,1.452397768,0.561537032,0.068643083
54.6899318,0.178287601,1.448029163,0.514666116,0.063136808
54.69457047,0.176671932,1.443013358,0.531792028,0.060855637
54.69920914,0.182811472,1.442204357,0.572353398,0.065732623
54.70384781,0.183053823,1.442851558,0.51556748,0.067227184
54.70848648,0.177237416,1.437754852,0.514666116,0.061484925
54.71312515,0.178691518,1.434114349,0.531792028,0.061878231
54.71776382,0.184669491,1.432010946,0.548016576,0.068171117
54.72240249,0.178772301,1.42618614,0.484921111,0.064710029
54.72704116,0.176187232,1.418015231,0.504751114,0.060934298
54.73167983,0.180468753,1.413889327,0.539904302,0.064474046
54.7363185,0.183134606,1.412190425,0.50384975,0.068485761
54.74095717,0.176268015,1.404424017,0.485822475,0.062350197
54.74559584,0.176348799,1.39787111,0.504751114,0.061406264
54.75023451,0.182892256,1.396010408,0.543509757,0.067384506
54.75487318,0.179418569,1.392612605,0.475907473,0.065811284
54.75951185,0.174894697,1.385169797,0.493033385,0.061170281
54.76415052,0.177964467,1.380315791,0.520074299,0.063215469
54.76878919,0.182245988,1.37934499,0.511962024,0.068879066
54.77342786,0.175702531,1.372872984,0.473203382,0.063215469
54.77806653,0.174329213,1.367048177,0.493033385,0.061012959
54.7827052,0.179822486,1.365106575,0.53720021,0.065732623
54.78734387,0.179014652,1.364540275,0.479512928,0.067148523
54.79198254,0.173359812,1.358391868,0.485822475,0.061170281
54.79662121,0.17473313,1.354427764,0.508356569,0.061878231
54.80125988,0.180953454,1.355236765,0.525482481,0.068249778
54.80589855,0.175621748,1.351596261,0.467795199,0.064316724
54.81053722,0.172713545,1.346095055,0.48942793,0.061012959
54.81517589,0.177237416,1.343910753,0.528186573,0.064395385
54.81981456,0.179660919,1.344234353,0.491230657,0.068249778
54.82445323,0.173279029,1.339218548,0.477710201,0.062114214
54.8290919,0.17400608,1.334283643,0.498441568,0.061248942
54.83373057,0.181922855,1.335739844,0.538101574,0.067463167
54.83836924,0.179822486,1.333879142,0.474104746,0.065653962
54.84300791,0.176268015,1.328458836,0.493033385,0.060855637
54.84764658,0.179418569,1.327488035,0.52277839,0.063215469
54.85228525,0.18394244,1.329915038,0.511060661,0.068564422
54.85692392,0.177641334,1.326274534,0.474104746,0.063136808
54.86156259,0.176510366,1.323119431,0.493934749,0.061012959
54.86620126,0.182245988,1.324494732,0.53720021,0.066047268
54.87083993,0.180953454,1.324171132,0.476808837,0.066991201
54.8754786,0.174894697,1.319155327,0.484921111,0.061170281
54.88011727,0.176671932,1.316890124,0.507455206,0.061878231
54.88475594,0.182649905,1.318346326,0.521877026,0.068249778
54.88939461,0.176268015,1.315110322,0.466893835,0.064080741
54.89403328,0.173602163,1.310984418,0.48942793,0.06109162
54.89867195,0.178368384,1.309932717,0.528186573,0.064710029
54.90331062,0.179499352,1.311388918,0.488526566,0.06769915
54.90794929,0.173036679,1.307343914,0.476808837,0.06179957
54.91258796,0.173117462,1.304188811,0.497540204,0.061406264
54.91722663,0.179984053,1.305321412,0.531792028,0.06769915
54.9218653,0.176268015,1.304674211,0.466893835,0.065811284
54.92650397,0.171824927,1.299982006,0.486723839,0.061327603
54.93114264,0.174813914,1.298768505,0.519172935,0.063608774
54.93578131,0.178529951,1.300629207,0.50384975,0.068564422
54.94041998,0.172148061,1.297959504,0.469597927,0.062743503
54.94505865,0.171259443,1.294804401,0.490329294,0.060934298
54.94969732,0.176914283,1.295613402,0.534496119,0.06620459
54.95433599,0.175540965,1.296422402,0.473203382,0.066991201
54.95897466,0.170693959,1.292620098,0.483118383,0.061248942
54.96361333,0.171986494,1.290759396,0.507455206,0.062114214
54.968252,0.177964467,1.293267299,0.518271571,0.068328439
54.97289067,0.172148061,1.290759396,0.465091108,0.063766097
54.97752934,0.169320641,1.286876192,0.487625202,0.061012959
54.98216801,0.17473313,1.286957092,0.528186573,0.064946013
54.98680668,0.175864098,1.289222295,0.485822475,0.068013795
54.99144535,0.169401425,1.286390792,0.475907473,0.061563586
54.99608402,0.170047692,1.28436829,0.498441568,0.061327603
55.00072269,0.176671932,1.287037993,0.530890664,0.067463167
55.00536136,0.172551978,1.286714392,0.467795199,0.065181996
55.01000003,0.168512807,1.283801989,0.487625202,0.061012959
55.0146387,0.172390411,1.283559289,0.520975662,0.063451452
55.01927737,0.176025665,1.286714392,0.50384975,0.0684071
55.02391604,0.169401425,1.28501549,0.473203382,0.062350197
55.02855471,0.168997508,1.283073888,0.493033385,0.060934298
55.03319338,0.175540965,1.286067191,0.536298847,0.06620459
55.03783205,0.173602163,1.287361593,0.473203382,0.066676556
55.04247072,0.168835941,1.28428739,0.485822475,0.06109162
55.04710939,0.170613176,1.283073888,0.511962024,0.062035553
55.05174806,0.176752716,1.286148092,0.519172935,0.068328439
55.05638673,0.170451609,1.28493459,0.468696563,0.06400208
55.0610254,0.16835124,1.282750288,0.490329294,0.061012959
55.06566407,0.173602163,1.28461099,0.531792028,0.064710029
55.07030274,0.17473313,1.286795292,0.484921111,0.067856472
55.07494141,0.168674374,1.283316589,0.479512928,0.061484925
55.07958008,0.169401425,1.281617687,0.501145659,0.061406264
55.08421875,0.175864098,1.28444919,0.530890664,0.067620489
55.08885742,0.171340227,1.283882889,0.466893835,0.065024674
55.09349609,0.167704973,1.280323285,0.488526566,0.060619654
55.09813476,0.17166336,1.280727786,0.52277839,0.06329413
55.10277343,0.175702531,1.283073888,0.500244295,0.068249778
55.1074121,0.168835941,1.280646886,0.473203382,0.062428858
55.11205077,0.168432024,1.279028884,0.493033385,0.060855637
55.11668944,0.174894697,1.280485086,0.535397483,0.066519234
55.12132811,0.172955895,1.280646886,0.471400654,0.066361912
55.12596678,0.16810889,1.277087282,0.484921111,0.061012959
55.13060545,0.170532393,1.276520981,0.510159297,0.062192875
55.13524412,0.176348799,1.279514285,0.51556748,0.0684071
55.13988279,0.170290042,1.277653583,0.466893835,0.063451452
55.14452146,0.168270457,1.274660279,0.48942793,0.060855637
55.14916013,0.173844513,1.275873781,0.532693391,0.064946013
55.1537988,0.174652347,1.278219883,0.484019747,0.06769915
55.15843747,0.168270457,1.27546928,0.481315656,0.061484925
55.16307614,0.169239858,1.273770378,0.502948387,0.061248942
55.16771481,0.176106449,1.276440081,0.530890664,0.06769915
55.17235348,0.171259443,1.27522658,0.467795199,0.064867352
55.17699215,0.168432024,1.272637777,0.491230657,0.060698315
55.18163082,0.171905711,1.273689478,0.525482481,0.063766097
55.18626949,0.175217831,1.276278281,0.500244295,0.068171117
55.19090816,0.168755157,1.274174879,0.475006109,0.062350197
55.19554683,0.168270457,1.272718677,0.494836113,0.061248942
55.2001855,0.175137048,1.27522658,0.538101574,0.066755217
55.20482417,0.172551978,1.277168182,0.473203382,0.066047268
55.20946284,0.16810889,1.27546928,0.48942793,0.060698315
55.21410151,0.17117866,1.276035581,0.517370207,0.062507519
55.21874018,0.176591149,1.280080585,0.517370207,0.068564422
55.22337885,0.170451609,1.278219883,0.469597927,0.06329413
55.22801752,0.16835124,1.27538838,0.491230657,0.060855637
55.23265619,0.174329213,1.277329982,0.533594755,0.065181996
55.23729486,0.175137048,1.279514285,0.481315656,0.067935134
55.24193353,0.169159074,1.276601881,0.481315656,0.06179957
55.2465722,0.170370826,1.27538838,0.504751114,0.061484925
55.25121087,0.176914283,1.279514285,0.5299893,0.068092456
55.25584954,0.172471195,1.278867084,0.467795199,0.064867352
55.26048821,0.169482208,1.275954681,0.490329294,0.061170281
55.26512688,0.173682946,1.277006382,0.526383845,0.06400208
55.26976555,0.176995066,1.280565986,0.499342932,0.0684071
55.27440422,0.17142101,1.278786184,0.478611565,0.062428858
55.27904289,0.17166336,1.277653583,0.500244295,0.061484925
55.28368156,0.179660919,1.282264887,0.546213848,0.066676556
55.28832023,0.177641334,1.28461099,0.480414292,0.06620459
55.2929589,0.173602163,1.282426688,0.495737476,0.061248942
55.29759757,0.177237416,1.283154788,0.521877026,0.063215469
55.30223624,0.183134606,1.286390792,0.520074299,0.068643083
55.30687491,0.17756055,1.283801989,0.474104746,0.063530113
55.31151358,0.176671932,1.282507588,0.495737476,0.061012959
55.31615225,0.18345774,1.28469189,0.539002938,0.065811284
55.32079092,0.184346357,1.287199793,0.484921111,0.067541828
55.32542959,0.178610735,1.28485369,0.486723839,0.061878231
55.33006826,0.180145619,1.28477279,0.510159297,0.062035553
55.33470693,0.186931427,1.289545895,0.532693391,0.068171117
55.3393456,0.181680504,1.290031296,0.472302018,0.064788691
55.34398427,0.178610735,1.288089694,0.494836113,0.060698315
55.34862294,0.182730689,1.289060495,0.530890664,0.064474046
55.35326161,0.185477325,1.292053798,0.497540204,0.068721744
55.35790028,0.179014652,1.289545895,0.477710201,0.062507519
55.36253895,0.178610735,1.287442493,0.49663884,0.061563586
55.36717762,0.184750274,1.289707695,0.535397483,0.067777811
55.37181629,0.181599721,1.289222295,0.468696563,0.066833878
55.37645496,0.176995066,1.285419991,0.486723839,0.061563586
55.38109363,0.179741702,1.28436829,0.51556748,0.063215469
55.3857323,0.184265574,1.287037993,0.509257933,0.068957727
55.39037097,0.1778029,1.28461099,0.467795199,0.063687435
55.39500964,0.175621748,1.281374987,0.48942793,0.061484925
55.39964831,0.180953454,1.282588488,0.532693391,0.066125929
55.40428698,0.180791887,1.28428739,0.475907473,0.067777811
55.40892565,0.174975481,1.280646886,0.481315656,0.061720909
55.41356432,0.175944882,1.279352484,0.504751114,0.062271536
55.41820299,0.181518938,1.281941287,0.524581117,0.068721744
55.42284166,0.176510366,1.281617687,0.465992472,0.064710029
55.42748033,0.172713545,1.278381683,0.488526566,0.061248942
55.432119,0.177479767,1.279514285,0.526383845,0.064474046
55.43675767,0.179660919,1.281860387,0.491230657,0.068643083
55.44139634,0.173036679,1.278543484,0.475907473,0.062507519
55.44603501,0.172955895,1.276925482,0.494836113,0.061720909
55.45067368,0.179257002,1.278947984,0.535397483,0.067463167
55.45531235,0.175944882,1.279271584,0.467795199,0.06620459
55.45995102,0.171501794,1.276520981,0.485822475,0.061484925
55.46458969,0.174409997,1.276520981,0.516468843,0.063215469
55.46922836,0.179095435,1.279918785,0.508356569,0.068957727
55.47386703,0.171986494,1.278138983,0.470499291,0.063451452
55.4785057,0.17093631,1.276197381,0.491230657,0.061327603
55.48314437,0.176833499,1.278947984,0.534496119,0.066361912
55.48778304,0.176187232,1.280404185,0.475907473,0.067384506
55.49242171,0.170613176,1.278138983,0.483118383,0.061406264
55.49706038,0.172309628,1.277896283,0.508356569,0.062350197
55.50169905,0.178610735,1.282264887,0.524581117,0.0684071
55.50633772,0.173036679,1.280889586,0.467795199,0.064474046
55.51097639,0.170290042,1.278138983,0.488526566,0.061484925
55.51561506,0.174975481,1.278867084,0.528186573,0.064788691
55.52025373,0.1773182,1.281213186,0.48942793,0.068249778
55.5248924,0.170774743,1.277572682,0.475907473,0.062192875
55.52953107,0.17117866,1.275711981,0.49663884,0.061956892
55.53416974,0.178045251,1.277896283,0.534496119,0.068013795
55.53880841,0.17424843,1.277977183,0.467795199,0.065889946
55.54344708,0.169886125,1.274336679,0.486723839,0.061327603
55.54808575,0.172955895,1.273446778,0.518271571,0.063451452
55.55272442,0.177237416,1.276440081,0.504751114,0.068879066
55.55736309,0.170613176,1.273770378,0.469597927,0.06329413
55.56200176,0.169562992,1.271343376,0.490329294,0.061327603
55.56664043,0.175864098,1.272961378,0.534496119,0.066519234
55.5712791,0.174652347,1.274498479,0.473203382,0.067148523
55.57591777,0.169562992,1.271424276,0.483118383,0.061563586
55.58055644,0.171097877,1.269968074,0.507455206,0.062428858
55.58519511,0.177156633,1.273123178,0.520074299,0.068721744
55.58983378,0.171501794,1.272071477,0.466893835,0.063844758
55.59447245,0.168997508,1.269078173,0.48942793,0.060855637
55.59911112,0.174571564,1.270615275,0.5299893,0.065103335
55.60374979,0.176187232,1.272395077,0.488526566,0.068328439
55.60838846,0.169724558,1.269644474,0.477710201,0.061956892
55.61302713,0.169643775,1.268188273,0.498441568,0.061484925
55.6176658,0.176187232,1.271181576,0.531792028,0.067777811
55.62230447,0.172390411,1.270938875,0.465992472,0.065575301
55.62694314,0.168755157,1.267541072,0.486723839,0.06109162
55.63158181,0.172148061,1.266893871,0.519172935,0.063451452
55.63622048,0.176106449,1.269644474,0.50384975,0.068564422
55.64085915,0.170128476,1.266651171,0.472302018,0.062507519
55.64549782,0.169562992,1.264628669,0.491230657,0.06109162
55.65013649,0.176429582,1.267298372,0.535397483,0.066361912
55.65477516,0.175217831,1.269078173,0.473203382,0.067069862
55.65941383,0.170209259,1.26608487,0.485822475,0.061327603
55.6640525,0.172551978,1.26551857,0.510159297,0.062507519
55.66869117,0.178206817,1.268997273,0.520074299,0.068485761
55.67332984,0.172228844,1.268107372,0.467795199,0.063687435
55.67796851,0.170047692,1.26608487,0.490329294,0.06109162
55.68260718,0.175217831,1.267136571,0.530890664,0.065024674
55.68724585,0.176995066,1.269644474,0.486723839,0.068092456
55.69188452,0.170451609,1.267541072,0.479512928,0.061720909
55.69652319,0.170774743,1.26568037,0.499342932,0.061563586
55.70116186,0.177722117,1.268835473,0.530890664,0.067856472
55.70580053,0.173117462,1.268754573,0.466893835,0.065339318
55.7104392,0.169562992,1.26616577,0.487625202,0.060855637
55.71507787,0.172955895,1.26624667,0.520975662,0.063451452
55.71971654,0.176510366,1.268835473,0.502047023,0.068643083
55.72435521,0.170047692,1.26616577,0.473203382,0.06258618
55.72899388,0.169401425,1.263819668,0.492132021,0.061406264
55.73363255,0.175783315,1.26624667,0.535397483,0.066676556
55.73827122,0.173925296,1.267945572,0.472302018,0.066755217
55.74290989,0.168512807,1.264952269,0.485822475,0.061248942
55.74754856,0.170774743,1.264871369,0.511060661,0.062428858
55.75218723,0.176671932,1.268592773,0.518271571,0.068564422
55.7568259,0.170532393,1.267621972,0.468696563,0.063687435
55.76146457,0.168755157,1.26608487,0.491230657,0.060855637
55.76610324,0.173925296,1.267783772,0.531792028,0.065339318
55.77074191,0.175056264,1.270777075,0.484921111,0.068171117
55.77538058,0.168755157,1.268350073,0.479512928,0.06179957
55.78001925,0.169401425,1.267298372,0.501145659,0.061878231
55.78465792,0.176591149,1.270048975,0.530890664,0.067777811
55.78929659,0.171744144,1.269887174,0.467795199,0.065260657
55.79393526,0.168270457,1.26608487,0.488526566,0.061170281
55.79857393,0.172471195,1.26576127,0.52277839,0.063766097
55.8032126,0.176106449,1.268673673,0.500244295,0.068564422
55.80785127,0.169724558,1.26616577,0.473203382,0.062900825
55.81248994,0.169159074,1.264466869,0.493934749,0.061563586
55.81712861,0.175540965,1.267460172,0.536298847,0.06691254
55.82176728,0.173279029,1.268430973,0.472302018,0.066676556
55.82640595,0.168270457,1.26535677,0.485822475,0.061720909
55.83104462,0.171017093,1.264790469,0.512863388,0.063058147
55.83568329,0.176429582,1.268269173,0.516468843,0.069036389
55.84032196,0.170128476,1.266974771,0.470499291,0.064080741
55.84496063,0.168189673,1.26608487,0.493033385,0.061484925
55.8495993,0.173359812,1.268673673,0.535397483,0.065653962
55.85423797,0.17449078,1.272718677,0.487625202,0.068092456
55.85887664,0.16835124,1.272071477,0.488526566,0.062035553
55.86351531,0.169401425,1.274498479,0.512863388,0.061878231
55.86815398,0.176187232,1.28477279,0.553424758,0.068485761
55.87279265,0.171582577,1.297393204,0.508356569,0.065575301
55.87743132,0.168674374,1.304350611,0.532693391,0.061563586
55.88206999,0.172875112,1.309123716,0.560635669,0.064474046
55.88670866,0.176106449,1.312440619,0.524581117,0.069036389
55.89134733,0.169401425,1.309204616,0.493934749,0.062664841
55.895986,0.169320641,1.306615813,0.509257933,0.061563586
55.90062467,0.175379398,1.308072015,0.548016576,0.067620489
55.90526334,0.173117462,1.308800116,0.480414292,0.06691254
55.90990201,0.168593591,1.305887713,0.495737476,0.061878231
55.91454068,0.17117866,1.305240512,0.52277839,0.063136808
55.91917935,0.176268015,1.307829315,0.520074299,0.06911505
55.92381802,0.170128476,1.305564112,0.474104746,0.063687435
55.92845669,0.168755157,1.301519108,0.493934749,0.061248942
55.93309536,0.17424843,1.301842708,0.536298847,0.065653962
55.93773403,0.174571564,1.302894409,0.483118383,0.067777811
55.9423727,0.168593591,1.298525805,0.483118383,0.061878231
55.94701137,0.169724558,1.296098802,0.506553842,0.062114214
55.95165004,0.176106449,1.299011205,0.529087936,0.068564422
55.95628871,0.171259443,1.298687605,0.469597927,0.065103335
55.96092738,0.168270457,1.296260602,0.492132021,0.061248942
55.96556605,0.172471195,1.297393204,0.529087936,0.064159402
55.97020472,0.175379398,1.300224707,0.498441568,0.068879066
55.97484339,0.169078291,1.298040404,0.478611565,0.062822164
55.97948206,0.169401425,1.296988703,0.497540204,0.061878231
55.98412073,0.175540965,1.299658406,0.538101574,0.067463167
55.9887594,0.172067278,1.299011205,0.471400654,0.066755217
55.99339807,0.167462623,1.295289801,0.488526566,0.061484925
55.99803674,0.170774743,1.2943999,0.516468843,0.06329413
56.00267541,0.175298614,1.296746003,0.511962024,0.068800405
56.00731408,0.168916724,1.2939954,0.469597927,0.063372791
56.01195275,0.167058706,1.290273996,0.490329294,0.061248942
56.01659142,0.173117462,1.290840297,0.533594755,0.066125929
56.02123009,0.172713545,1.292539198,0.478611565,0.067777811
56.02586876,0.167301056,1.289464995,0.483118383,0.062035553
56.03050743,0.168512807,1.288655994,0.506553842,0.062114214
56.0351461,0.175056264,1.292377398,0.528186573,0.068485761
56.03978477,0.169886125,1.291811098,0.469597927,0.065024674
56.04442344,0.167220272,1.290193096,0.493033385,0.061563586
56.04906211,0.171824927,1.292943699,0.530890664,0.064867352
56.05370078,0.174329213,1.297069603,0.498441568,0.068957727
56.05833945,0.168028107,1.295532502,0.481315656,0.062507519
56.06297812,0.168189673,1.294319,0.502047023,0.061406264
56.06761679,0.174894697,1.297393204,0.540805665,0.067148523
56.07225546,0.171744144,1.298121304,0.473203382,0.066283251
56.07689413,0.16762419,1.295613402,0.491230657,0.061248942
56.0815328,0.170532393,1.295694302,0.520975662,0.063058147
56.08617147,0.175298614,1.298606705,0.512863388,0.068721744
56.09081014,0.169078291,1.297150503,0.474104746,0.063058147
56.09544881,0.167704973,1.296503303,0.49663884,0.061012959
56.10008748,0.173359812,1.300062906,0.540805665,0.066047268
56.10472615,0.173117462,1.304350611,0.484921111,0.067227184
56.10936482,0.168028107,1.304512411,0.492132021,0.061406264
56.11400349,0.169643775,1.306292213,0.516468843,0.061878231
56.11864216,0.175702531,1.310418117,0.533594755,0.0684071
56.12328083,0.170855526,1.310984418,0.475006109,0.064631368
56.1279195,0.168028107,1.309123716,0.49663884,0.060934298
56.13255817,0.172390411,1.310660818,0.535397483,0.064946013
56.13719684,0.174975481,1.313492321,0.498441568,0.068643083
56.14183551,0.168916724,1.312197919,0.484921111,0.062035553
56.14647418,0.168916724,1.310579917,0.50384975,0.061484925
56.15111285,0.175460181,1.31316872,0.539904302,0.067541828
56.15575152,0.172067278,1.313573221,0.473203382,0.065968607
56.16039019,0.167543406,1.310094517,0.491230657,0.061170281
56.16502886,0.171097877,1.309042816,0.521877026,0.063530113
56.16966753,0.175540965,1.312278819,0.510159297,0.068957727
56.1743062,0.169159074,1.310337217,0.473203382,0.062979486
56.17894487,0.167704973,1.307991115,0.493934749,0.061248942
56.18358354,0.174086863,1.310094517,0.53720021,0.066125929
56.18822221,0.173279029,1.311388918,0.477710201,0.067305845
56.19286088,0.167704973,1.308476515,0.485822475,0.061484925
56.19749955,0.169482208,1.307991115,0.511060661,0.062192875
56.20213822,0.175621748,1.312036119,0.526383845,0.068564422
56.20677689,0.170047692,1.311631619,0.471400654,0.064316724
56.21141556,0.16786654,1.308557415,0.493033385,0.060855637
56.21605423,0.172794328,1.309042816,0.531792028,0.064631368
56.2206929,0.17473313,1.310660818,0.492132021,0.068249778
56.22533157,0.168189673,1.307263014,0.479512928,0.061878231
56.22997024,0.168512807,1.305159612,0.500244295,0.061484925
56.23460891,0.175217831,1.306696713,0.536298847,0.067620489
56.23924758,0.171582577,1.305240512,0.469597927,0.06549664
56.24388625,0.167704973,1.301600008,0.48942793,0.061012959
56.24852492,0.17093631,1.301114607,0.521877026,0.063136808
56.25316359,0.17449078,1.30329891,0.508356569,0.068721744
56.25780226,0.168512807,1.300791007,0.475006109,0.062979486
56.26244093,0.16762419,1.297878604,0.495737476,0.060934298
56.2670796,0.173682946,1.299577506,0.539904302,0.066125929
56.27171827,0.172471195,1.299982006,0.478611565,0.066991201
56.27635694,0.16762419,1.296665103,0.488526566,0.061406264
56.28099561,0.169482208,1.296098802,0.512863388,0.062114214
56.28563428,0.175056264,1.299334806,0.524581117,0.068328439
56.29027295,0.169643775,1.297231403,0.470499291,0.063766097
56.29491162,0.16762419,1.293590899,0.492132021,0.060619654
56.29955029,0.172875112,1.2938336,0.531792028,0.064474046
56.30418896,0.17449078,1.295937002,0.488526566,0.067777811
56.30882763,0.167947323,1.292862799,0.479512928,0.061642248
56.3134663,0.168593591,1.289626795,0.498441568,0.061327603
56.31810497,0.175137048,1.291891998,0.532693391,0.067777811
56.32274364,0.171501794,1.291406597,0.467795199,0.065339318
56.32738231,0.16762419,1.287280693,0.488526566,0.061248942
56.33202098,0.17142101,1.286876192,0.520975662,0.063687435
56.33665965,0.175217831,1.288575094,0.50384975,0.068564422
56.34129832,0.168916724,1.285500891,0.471400654,0.06258618
56.34593699,0.167704973,1.282426688,0.492132021,0.06109162
56.35057566,0.17400608,1.283721089,0.535397483,0.066361912
56.35521433,0.172309628,1.283397489,0.472302018,0.06691254
56.359853,0.166977922,1.279109784,0.483118383,0.061170281
56.36449167,0.169159074,1.278786184,0.510159297,0.062271536
56.36913034,0.175460181,1.281860387,0.517370207,0.068013795
56.37376901,0.168916724,1.279514285,0.466893835,0.063844758
56.37840768,0.166654788,1.276278281,0.488526566,0.060934298
56.38304635,0.172148061,1.277653583,0.530890664,0.064946013
56.38768502,0.173521379,1.279676085,0.484921111,0.067856472
56.39232369,0.167220272,1.276359181,0.479512928,0.061720909
56.39696236,0.16786654,1.274579379,0.500244295,0.061642248
56.40160103,0.17449078,1.277734483,0.531792028,0.067777811
56.4062397,0.170128476,1.277329982,0.467795199,0.065339318
56.41087837,0.166816355,1.274741179,0.48942793,0.061406264
56.41551704,0.170451609,1.27522658,0.524581117,0.063766097
56.42015571,0.17424843,1.278300783,0.50384975,0.068721744
56.42479438,0.167947323,1.276601881,0.475907473,0.06258618
56.42943305,0.167462623,1.276116481,0.497540204,0.061563586
56.43407172,0.174167646,1.280242385,0.541707029,0.06691254
56.43871039,0.172228844,1.282588488,0.477710201,0.06691254
56.44334906,0.167301056,1.280404185,0.491230657,0.061327603
56.44798773,0.169562992,1.279999685,0.51556748,0.06258618
56.4526264,0.175137048,1.284044689,0.520975662,0.068721744
56.45726507,0.168835941,1.282750288,0.471400654,0.063766097
56.46190374,0.167139489,1.281374987,0.493033385,0.061170281
56.46654241,0.172713545,1.283235688,0.534496119,0.06549664
56.47118108,0.173602163,1.285743591,0.485822475,0.067935134
56.47581975,0.167462623,1.281860387,0.481315656,0.061878231
56.48045842,0.168755157,1.280808686,0.502047023,0.06179957
56.48509709,0.175298614,1.283801989,0.530890664,0.068249778
56.48973576,0.170855526,1.283478389,0.468696563,0.065417979
56.49437443,0.167381839,1.280889586,0.48942793,0.061642248
56.4990131,0.171744144,1.282103087,0.525482481,0.064238063
56.50365177,0.174975481,1.28444919,0.501145659,0.068564422
56.50829044,0.168593591,1.282345788,0.476808837,0.062743503
56.51292911,0.16786654,1.279918785,0.49663884,0.061642248
56.51756778,0.17449078,1.281698587,0.539002938,0.066991201
56.52220645,0.172632762,1.283235688,0.472302018,0.066833878
56.52684512,0.16786654,1.280646886,0.486723839,0.061642248
56.53148379,0.170128476,1.279595185,0.514666116,0.062900825
56.53612246,0.175460181,1.283640189,0.51556748,0.068957727
56.54076113,0.169159074,1.282103087,0.469597927,0.063923419
56.5453998,0.167220272,1.279918785,0.491230657,0.061170281
56.55003847,0.173036679,1.281132286,0.534496119,0.065732623
56.55467714,0.173844513,1.28428739,0.483118383,0.068013795
56.55931581,0.167785756,1.282669388,0.484019747,0.062192875
56.56395448,0.169078291,1.282345788,0.507455206,0.062350197
56.56859315,0.176106449,1.288736894,0.534496119,0.068485761
56.57323182,0.171501794,1.291730198,0.474104746,0.065181996
56.57787049,0.168512807,1.291649297,0.495737476,0.061327603
56.58250916,0.173440596,1.294319,0.532693391,0.064159402
56.58714783,0.176268015,1.298525805,0.50384975,0.068721744
56.5917865,0.169966909,1.297069603,0.481315656,0.062743503
56.59642517,0.169320641,1.295289801,0.501145659,0.061563586
56.60106384,0.176106449,1.297959504,0.541707029,0.067227184
56.60570251,0.173117462,1.298687605,0.475907473,0.066361912
56.61034118,0.16835124,1.296665103,0.493033385,0.061406264
56.61497985,0.170855526,1.298202204,0.523679754,0.062900825
56.61961852,0.176348799,1.302328109,0.52277839,0.068564422
56.62425719,0.170209259,1.301033707,0.478611565,0.063687435
56.62889586,0.168432024,1.299253905,0.500244295,0.061248942
56.63353453,0.174167646,1.301357308,0.542608393,0.065968607
56.6381732,0.17424843,1.302570809,0.48942793,0.06769915
56.64281187,0.168593591,1.299173005,0.48942793,0.06179957
56.64745054,0.169724558,1.296907803,0.510159297,0.062035553
56.65208921,0.176025665,1.298849405,0.530890664,0.068643083
56.65672788,0.17166336,1.296584203,0.469597927,0.064788691
56.66136655,0.168755157,1.292053798,0.491230657,0.061170281
56.66600522,0.172955895,1.291891998,0.527285209,0.064631368
56.67064389,0.176025665,1.2939145,0.495737476,0.068564422
56.67528256,0.169805342,1.289869496,0.476808837,0.062114214
56.67992123,0.169562992,1.287685193,0.49663884,0.061327603
56.6845599,0.176268015,1.290112196,0.536298847,0.067227184
56.68919857,0.173036679,1.290435796,0.470499291,0.066361912
56.69383724,0.168755157,1.287685193,0.488526566,0.061406264
56.69847591,0.17117866,1.286228992,0.518271571,0.063136808
56.70311458,0.176752716,1.289707695,0.512863388,0.068564422
56.70775325,0.169886125,1.287604293,0.470499291,0.06329413
56.71239192,0.168674374,1.28436829,0.491230657,0.061563586
56.71703059,0.174409997,1.285258191,0.535397483,0.065968607
56.72166926,0.173682946,1.285986291,0.478611565,0.067384506
56.72630793,0.167785756,1.281941287,0.483118383,0.061642248
56.7309466,0.169401425,1.280404185,0.504751114,0.062350197
56.73558527,0.175702531,1.283154788,0.524581117,0.068721744
56.74022394,0.170047692,1.281779487,0.465992472,0.064710029
56.74486261,0.167220272,1.278381683,0.488526566,0.061012959
56.74950128,0.171744144,1.278300783,0.526383845,0.064631368
56.75413995,0.17424843,1.280485086,0.492132021,0.068564422
56.75877862,0.167785756,1.277168182,0.475907473,0.062507519
56.76341729,0.16810889,1.274741179,0.494836113,0.061642248
56.76805596,0.17449078,1.277249082,0.534496119,0.067463167
56.77269463,0.171824927,1.277410882,0.467795199,0.066283251
56.7773333,0.167381839,1.274013079,0.487625202,0.061484925
56.78197197,0.170290042,1.274255779,0.517370207,0.063530113
56.78661064,0.174894697,1.277087282,0.508356569,0.068879066
56.79124931,0.168835941,1.274255779,0.470499291,0.06329413
56.79588798,0.167220272,1.271909676,0.491230657,0.061406264
56.80052665,0.173117462,1.274498479,0.535397483,0.066047268
56.80516532,0.172228844,1.275711981,0.477710201,0.06769915
56.80980399,0.166574005,1.272475977,0.484019747,0.061642248
56.81444266,0.168593591,1.272152377,0.508356569,0.062114214
56.81908133,0.174329213,1.275873781,0.524581117,0.068957727
56.82372,0.168997508,1.27538838,0.469597927,0.064946013
56.82835867,0.166654788,1.274174879,0.493033385,0.061563586
56.83299734,0.171501794,1.276440081,0.532693391,0.064710029
56.83763601,0.173763729,1.280485086,0.493934749,0.068564422
56.84227468,0.167301056,1.277977183,0.481315656,0.062743503
56.84691335,0.16762419,1.276440081,0.500244295,0.061956892
56.85155202,0.174409997,1.279514285,0.536298847,0.067856472
56.85619069,0.170693959,1.280404185,0.471400654,0.065811284
56.86082936,0.166574005,1.277329982,0.490329294,0.061327603
56.86546803,0.170128476,1.278381683,0.521877026,0.063608774
56.8701067,0.174329213,1.281941287,0.510159297,0.069351033
56.87474537,0.167704973,1.280808686,0.475006109,0.063608774
56.87938404,0.166412438,1.278867084,0.49663884,0.061563586
56.88402271,0.172955895,1.282103087,0.541707029,0.066833878
56.88866138,0.171340227,1.28461099,0.48221702,0.06769915
56.89330005,0.166089305,1.283235688,0.492132021,0.06179957
56.89793872,0.168270457,1.28469189,0.516468843,0.06258618
56.90257739,0.17400608,1.290193096,0.531792028,0.068879066
56.90721606,0.168593591,1.292781899,0.479512928,0.064631368
56.91185473,0.165766171,1.294642601,0.50384975,0.061327603
56.9164934,0.170855526,1.300629207,0.546213848,0.065260657
56.92113207,0.172551978,1.309366416,0.508356569,0.068957727
56.92577074,0.166654788,1.318427226,0.510159297,0.062428858
56.93040941,0.167543406,1.344234353,0.561537032,0.061956892
56.93504808,0.174409997,1.3888103,0.632744771,0.068171117
56.93968675,0.17093631,1.440505455,0.605703858,0.06620459
56.94432542,0.16835124,1.487023005,0.640857045,0.06179957
56.94896409,0.171986494,1.516632436,0.657982957,0.06400208
56.95360276,0.176187232,1.530304551,0.61111204,0.069429694
56.95824143,0.169320641,1.528524749,0.551622031,0.063530113
56.9628801,0.16810889,1.521405541,0.552523395,0.061563586
56.96751877,0.17473313,1.516551536,0.582268399,0.066991201
56.97215744,0.173117462,1.509513228,0.509257933,0.067463167
56.97679611,0.167785756,1.498025416,0.511060661,0.062035553
56.98143478,0.169805342,1.489045507,0.5299893,0.062900825
56.98607345,0.175540965,1.483544301,0.535397483,0.069193711
56.99071212,0.169562992,1.473917191,0.478611565,0.064552707
56.99535079,0.167462623,1.46404738,0.499342932,0.061720909
56.99998946,0.172551978,1.457737174,0.539904302,0.065417979
57.00462813,0.174086863,1.452802268,0.494836113,0.068564422
57.0092668,0.16786654,1.443498758,0.485822475,0.062507519
57.01390547,0.16835124,1.43597505,0.505652478,0.062035553
57.01854414,0.175298614,1.433224448,0.536298847,0.068171117
57.02318281,0.171097877,1.42594344,0.471400654,0.065811284
57.02782148,0.167381839,1.41688263,0.490329294,0.061484925
57.03246015,0.171340227,1.411543225,0.524581117,0.064159402
57.03709882,0.175460181,1.408226321,0.504751114,0.06911505
57.04173749,0.168916724,1.401107114,0.475006109,0.063058147
57.04637616,0.168189673,1.393987906,0.494836113,0.061720909
57.05101483,0.174571564,1.390913703,0.538101574,0.067227184
57.0556535,0.172955895,1.387030499,0.475006109,0.067463167
57.06029217,0.167704973,1.379749491,0.486723839,0.061563586
57.06493084,0.169724558,1.373924685,0.512863388,0.062822164
57.06956951,0.175621748,1.373439284,0.519172935,0.06911505
57.07420818,0.169401425,1.368342579,0.467795199,0.064395385
57.07884685,0.166977922,1.362032372,0.491230657,0.061563586
57.08348552,0.172632762,1.359524469,0.533594755,0.065653962
57.08812419,0.173521379,1.357906468,0.485822475,0.068564422
57.09276286,0.167220272,1.351353561,0.481315656,0.062192875
57.09740153,0.16786654,1.347146756,0.502948387,0.062271536
57.1020402,0.174894697,1.347793957,0.533594755,0.068564422
57.10667887,0.170370826,1.344962454,0.469597927,0.065732623
57.11131754,0.166897139,1.339542148,0.492132021,0.061642248
57.11595621,0.17093631,1.338733147,0.527285209,0.064395385
57.12059488,0.174813914,1.340027549,0.502948387,0.069193711
57.12523355,0.168593591,1.335254444,0.475907473,0.06329413
57.12987222,0.16786654,1.330885839,0.494836113,0.06179957
57.13451089,0.174571564,1.330319538,0.53720021,0.067463167
57.13914956,0.172390411,1.328944237,0.472302018,0.067384506
57.14378823,0.16762419,1.323847532,0.486723839,0.061956892
57.1484269,0.169966909,1.320854228,0.512863388,0.063451452
57.15306557,0.175864098,1.32206773,0.517370207,0.069429694
57.15770424,0.170128476,1.319559827,0.469597927,0.064316724
57.16234291,0.168189673,1.315757523,0.493033385,0.061327603
57.16698158,0.173925296,1.315433923,0.533594755,0.066125929
57.17162025,0.174975481,1.316081123,0.483118383,0.068564422
57.17625892,0.169320641,1.310822618,0.480414292,0.062664841
57.18089759,0.169966909,1.306534913,0.500244295,0.06258618
57.18553626,0.176752716,1.306858514,0.527285209,0.068721744
57.19017493,0.172228844,1.304916911,0.465091108,0.065732623
57.1948136,0.168755157,1.300305607,0.486723839,0.061720909
57.19945227,0.172794328,1.299739306,0.52277839,0.064710029
57.20409094,0.176429582,1.301114607,0.495737476,0.069587016
57.20872961,0.169805342,1.297231403,0.473203382,0.06329413
57.21336828,0.169562992,1.2941572,0.493033385,0.062035553
57.21800695,0.176268015,1.294723501,0.536298847,0.067463167
57.22264562,0.173682946,1.294804401,0.470499291,0.067227184
57.22728429,0.169078291,1.291649297,0.485822475,0.061956892
57.23192296,0.171582577,1.291730198,0.514666116,0.06329413
57.23656163,0.1778029,1.295370701,0.51556748,0.069508355
57.2412003,0.171582577,1.293509999,0.470499291,0.064474046
57.24583897,0.169643775,1.291649297,0.493934749,0.061878231
57.25047764,0.175379398,1.294804401,0.53720021,0.066283251
57.25511631,0.175702531,1.297878604,0.486723839,0.068564422
57.25975498,0.170209259,1.296665103,0.487625202,0.062507519
57.26439365,0.17117866,1.297312303,0.511962024,0.062350197
57.26903232,0.177398983,1.30394611,0.53720021,0.068957727
57.27367099,0.172632762,1.308395615,0.478611565,0.065653962
57.27830966,0.169966909,1.31276422,0.506553842,0.06179957
57.28294833,0.175217831,1.323928432,0.552523395,0.064867352
57.287587,0.178610735,1.339218548,0.5299893,0.069193711
57.29222567,0.172228844,1.347874857,0.510159297,0.063136808
57.29686434,0.172228844,1.356207566,0.529087936,0.062192875
57.30150301,0.179499352,1.366805477,0.567846579,0.068328439
57.30614168,0.176429582,1.377726989,0.501145659,0.067227184
57.31078035,0.172309628,1.387354099,0.519172935,0.062271536
57.31541902,0.174894697,1.401026213,0.54891794,0.06400208
57.32005769,0.180226403,1.417610731,0.547115212,0.069587016
57.32469636,0.17424843,1.429826644,0.50384975,0.064159402
57.32933503,0.172390411,1.440020055,0.525482481,0.062035553
57.3339737,0.178853085,1.451265167,0.566043851,0.066597895
57.33861237,0.178368384,1.456604572,0.506553842,0.0684071
57.34325104,0.172067278,1.453206769,0.506553842,0.062350197
57.34788971,0.173844513,1.450537066,0.524581117,0.062743503
57.35252838,0.180064836,1.450294366,0.541707029,0.06911505
57.35716705,0.174409997,1.44487406,0.479512928,0.06549664
57.36180572,0.171501794,1.436541351,0.498441568,0.061878231
57.36644439,0.175783315,1.430635645,0.533594755,0.065417979
57.37108306,0.177883684,1.427723242,0.498441568,0.069351033
57.37572173,0.171501794,1.419309633,0.480414292,0.063215469
57.3803604,0.17142101,1.411462324,0.499342932,0.062271536
57.38499907,0.177964467,1.408630821,0.538101574,0.068092456
57.38963774,0.174652347,1.403695916,0.469597927,0.067463167
57.39427641,0.170370826,1.395282307,0.488526566,0.062507519
57.39891508,0.172955895,1.389862002,0.517370207,0.064316724
57.40355375,0.177883684,1.3880822,0.511060661,0.06990166
57.40819242,0.171501794,1.381205692,0.469597927,0.064316724
57.41283109,0.169724558,1.373924685,0.490329294,0.062350197
57.41746976,0.175460181,1.371335882,0.533594755,0.067069862
57.42210843,0.175217831,1.368989779,0.476808837,0.068485761
57.4267471,0.169159074,1.362194172,0.48221702,0.062664841
57.43138577,0.170451609,1.356369366,0.506553842,0.063136808
57.43602444,0.176752716,1.356692966,0.524581117,0.069429694
57.44066311,0.17117866,1.352405262,0.465992472,0.065417979
57.44530178,0.16810889,1.345528755,0.488526566,0.062035553
57.44994045,0.172794328,1.343101752,0.526383845,0.06549664
57.45457912,0.175056264,1.342292751,0.48942793,0.069429694
57.45921779,0.168674374,1.336548845,0.475006109,0.063215469
57.46385646,0.168512807,1.33201844,0.494836113,0.062350197
57.46849513,0.175702531,1.332827441,0.533594755,0.068013795
57.4731338,0.172067278,1.330724039,0.466893835,0.066597895
57.47777247,0.167704973,1.324252032,0.486723839,0.061956892
57.48241114,0.170613176,1.32206773,0.517370207,0.06400208
57.48704981,0.175379398,1.323200331,0.507455206,0.069508355
57.49168848,0.168432024,1.319074427,0.470499291,0.063766097
57.49632715,0.167543406,1.314786722,0.491230657,0.061956892
57.50096582,0.173682946,1.315191222,0.534496119,0.067148523
57.50560449,0.172713545,1.316000223,0.476808837,0.068092456
57.51024316,0.16762419,1.311227118,0.484019747,0.062192875
57.51488183,0.168755157,1.308476515,0.508356569,0.062900825
57.5195205,0.175056264,1.309690017,0.52277839,0.069272372
57.52415917,0.169886125,1.307829315,0.467795199,0.065339318
57.52879784,0.167139489,1.304269711,0.488526566,0.062114214
57.53343651,0.171905711,1.304431511,0.528186573,0.066047268
57.53807518,0.173763729,1.305483212,0.490329294,0.069036389
57.54271385,0.167301056,1.301438208,0.477710201,0.063058147
57.54735252,0.167785756,1.298930305,0.499342932,0.062664841
57.55199119,0.17424843,1.301357308,0.534496119,0.068564422
57.55662986,0.170532393,1.300952807,0.469597927,0.066519234
57.56126853,0.166250871,1.297797704,0.48942793,0.062192875
57.5659072,0.169966909,1.296826903,0.520975662,0.064159402
57.57054587,0.174167646,1.299496606,0.508356569,0.069587016
57.57518454,0.167947323,1.297312303,0.474104746,0.063608774
57.57982321,0.166897139,1.294885301,0.494836113,0.061956892
57.58446188,0.172875112,1.297716804,0.539002938,0.067069862
57.58910055,0.171501794,1.299577506,0.477710201,0.068092456
57.59373922,0.166897139,1.296179702,0.487625202,0.062035553
57.59837789,0.168755157,1.295532502,0.512863388,0.062900825
57.60301656,0.175056264,1.299011205,0.525482481,0.06911505
57.60765523,0.169482208,1.297959504,0.473203382,0.064631368
57.6122939,0.167301056,1.296422402,0.495737476,0.061720909
57.61693257,0.172148061,1.298121304,0.536298847,0.065575301
57.62157124,0.173763729,1.302004508,0.494836113,0.068721744
57.62620991,0.168189673,1.299820206,0.484019747,0.062271536
57.63084858,0.168593591,1.299334806,0.506553842,0.062192875
57.63548725,0.175217831,1.302813509,0.541707029,0.068013795
57.64012592,0.171097877,1.30329891,0.476808837,0.065732623
57.64476459,0.167785756,1.301276408,0.498441568,0.061406264
57.64940326,0.171501794,1.302409009,0.530890664,0.064080741
57.65404193,0.175056264,1.306130413,0.514666116,0.06911505
57.6586806,0.169078291,1.304027011,0.483118383,0.062979486
57.66331927,0.168432024,1.302813509,0.502047023,0.062035553
57.66795794,0.17473313,1.306130413,0.545312484,0.066755217
57.67259661,0.173440596,1.308072015,0.483118383,0.067227184
57.67723528,0.16835124,1.306130413,0.495737476,0.06179957
57.68187395,0.170532393,1.306615813,0.521877026,0.063058147
57.68651262,0.176268015,1.311146218,0.530890664,0.069193711
57.69115129,0.170370826,1.310256317,0.479512928,0.064474046
57.69578996,0.168189673,1.308395615,0.499342932,0.061956892
57.70042863,0.173440596,1.309770917,0.539904302,0.065575301
57.7050673,0.174975481,1.312036119,0.493934749,0.0684071
57.70970597,0.168916724,1.309528216,0.486723839,0.062192875
57.71434464,0.169401425,1.307910215,0.506553842,0.062114214
57.71898331,0.175944882,1.311065318,0.538101574,0.0684071
57.72362198,0.171259443,1.310822618,0.472302018,0.065811284
57.72826065,0.168593591,1.307343914,0.493934749,0.06179957
57.73289932,0.171905711,1.307910215,0.529087936,0.064238063
57.73753799,0.176106449,1.311631619,0.508356569,0.069272372
57.74217666,0.170451609,1.310741718,0.48221702,0.06329413
57.74681533,0.169482208,1.309528216,0.502948387,0.061956892
57.751454,0.175621748,1.313977721,0.547115212,0.067463167
57.75609267,0.173925296,1.319074427,0.484921111,0.067463167
57.76073134,0.169320641,1.320207028,0.502047023,0.062114214
57.76537001,0.172067278,1.325546433,0.530890664,0.063451452
57.77000868,0.178206817,1.335416244,0.538101574,0.069587016
57.77464735,0.172309628,1.338814047,0.48942793,0.065024674
57.77928602,0.170128476,1.338975848,0.509257933,0.062035553
57.78392469,0.175379398,1.342778152,0.549819303,0.06620459
57.78856336,0.176268015,1.346580456,0.501145659,0.069036389
57.79320203,0.169966909,1.345124254,0.495737476,0.062822164
57.7978407,0.171501794,1.346499556,0.516468843,0.062428858
57.80247937,0.177883684,1.35111086,0.544411121,0.068879066
57.80711804,0.173117462,1.352405262,0.480414292,0.066047268
57.81175671,0.169643775,1.35078726,0.500244295,0.061720909
57.81639538,0.173844513,1.352324362,0.535397483,0.064788691
57.82103405,0.176995066,1.356126666,0.511060661,0.069193711
57.82567272,0.170774743,1.354994065,0.484921111,0.063215469
57.83031139,0.169966909,1.354104164,0.504751114,0.062114214
57.83495006,0.176591149,1.357582867,0.546213848,0.067620489
57.83958873,0.17449078,1.35968627,0.481315656,0.067384506
57.8442274,0.169159074,1.358634568,0.49663884,0.062114214
57.84886607,0.172228844,1.359524469,0.523679754,0.063215469
57.85350474,0.1778029,1.363973974,0.524581117,0.069193711
57.85814341,0.17117866,1.362355972,0.477710201,0.064316724
57.86278208,0.169805342,1.361466071,0.500244295,0.061642248
57.86742075,0.175460181,1.364054874,0.542608393,0.065968607
57.87205942,0.176106449,1.367048177,0.493033385,0.068328439
57.87669809,0.170047692,1.364216674,0.491230657,0.061956892
57.88133676,0.17093631,1.362032372,0.512863388,0.062350197
57.88597543,0.177479767,1.365430176,0.539002938,0.068800405
57.8906141,0.172390411,1.363893074,0.476808837,0.065575301
57.89525277,0.169482208,1.36041437,0.49663884,0.061563586
57.89989144,0.173279029,1.36017167,0.531792028,0.064788691
57.90453011,0.176510366,1.361627872,0.504751114,0.069036389
57.90916878,0.170047692,1.357016567,0.48221702,0.062743503
57.91380745,0.169805342,1.353456963,0.501145659,0.061720909
57.91844612,0.176591149,1.354913165,0.543509757,0.067777811
57.92308479,0.17424843,1.353942363,0.476808837,0.067305845
57.92772346,0.168997508,1.349250159,0.493033385,0.062192875
57.93236213,0.172148061,1.347632157,0.523679754,0.063530113
57.9370008,0.1778029,1.35030186,0.524581117,0.069351033
57.94163947,0.171905711,1.347470357,0.479512928,0.064080741
57.94627814,0.170370826,1.344153453,0.502047023,0.061484925
57.95091681,0.176187232,1.344638854,0.544411121,0.065968607
57.95555548,0.176348799,1.345690555,0.490329294,0.068171117
57.96019415,0.170370826,1.34164555,0.492132021,0.061956892
57.96483282,0.171501794,1.339623048,0.514666116,0.062114214
57.96947149,0.177883684,1.341807351,0.53720021,0.068564422
57.97411016,0.172955895,1.340108449,0.476808837,0.065024674
57.97874883,0.169966909,1.337762346,0.500244295,0.061720909
57.9833875,0.174652347,1.340351149,0.539002938,0.064474046
57.98802617,0.177964467,1.344719754,0.510159297,0.068328439
57.99266484,0.171340227,1.344396153,0.492132021,0.062271536
57.99730351,0.171744144,1.345447854,0.513764752,0.061642248
58.00194218,0.178045251,1.349735559,0.554326122,0.067384506
58.00658085,0.175298614,1.351758061,0.486723839,0.066283251
58.01121952,0.170774743,1.348845658,0.50384975,0.061406264
58.01585819,0.17400608,1.348441158,0.532693391,0.06329413
58.02049686,0.178933868,1.350140059,0.527285209,0.068800405
58.02513553,0.172713545,1.347470357,0.483118383,0.063451452
58.0297742,0.171017093,1.344477053,0.50384975,0.061327603
58.03441287,0.176914283,1.345852355,0.547115212,0.066047268
58.03905154,0.176752716,1.347551257,0.491230657,0.067620489
58.04369021,0.171017093,1.344638854,0.494836113,0.061878231
58.04832888,0.172632762,1.343748953,0.519172935,0.062035553
58.05296755,0.178772301,1.347874857,0.540805665,0.068643083
58.05760622,0.173682946,1.348683858,0.483118383,0.064946013
58.06224489,0.170774743,1.346742256,0.505652478,0.06109162
58.06688356,0.175460181,1.347793957,0.541707029,0.064631368
58.07152223,0.178045251,1.349654659,0.506553842,0.068879066
58.0761609,0.171582577,1.345933255,0.48942793,0.062428858
58.08079957,0.171501794,1.342616351,0.508356569,0.06179957
58.08543824,0.178287601,1.343506252,0.546213848,0.068013795
58.09007691,0.175217831,1.343101752,0.479512928,0.066519234
58.09471558,0.17093631,1.339542148,0.497540204,0.061642248
58.09935425,0.17424843,1.338894948,0.528186573,0.063766097
58.10399292,0.179499352,1.342697252,0.520975662,0.069193711
58.10863159,0.173279029,1.340432049,0.481315656,0.063608774
58.11327026,0.171905711,1.336710645,0.501145659,0.061563586
58.11790893,0.177641334,1.337762346,0.544411121,0.066440573
58.1225476,0.176833499,1.337438746,0.484921111,0.068013795
58.12718627,0.17166336,1.333231942,0.491230657,0.061956892
58.13182494,0.173279029,1.33185664,0.513764752,0.062507519
58.13646361,0.179095435,1.333312842,0.531792028,0.068564422
58.14110228,0.17424843,1.330804939,0.474104746,0.064946013
58.14574095,0.171501794,1.327002635,0.49663884,0.061956892
58.15037962,0.176510366,1.327326235,0.535397483,0.064946013
58.15501829,0.178368384,1.328216136,0.497540204,0.068643083
58.15965696,0.17166336,1.323119431,0.484019747,0.06258618
58.16429563,0.171824927,1.320368828,0.50384975,0.061878231
58.1689343,0.178449168,1.32214863,0.539904302,0.067777811
58.17357297,0.174894697,1.321016029,0.473203382,0.066047268
58.17821164,0.170774743,1.316647424,0.492132021,0.061642248
58.18285031,0.17400608,1.315595723,0.52277839,0.063608774
58.18748898,0.178287601,1.317618225,0.511962024,0.068957727
58.19212765,0.171986494,1.314058621,0.475006109,0.063215469
58.19676632,0.170451609,1.310094517,0.495737476,0.061406264
58.20140499,0.176752716,1.311388918,0.539904302,0.066440573
58.20604366,0.175702531,1.312197919,0.479512928,0.067541828
58.21068233,0.170370826,1.308719216,0.48942793,0.061642248
58.215321,0.171824927,1.307424814,0.512863388,0.062507519
58.21995967,0.177964467,1.310175417,0.527285209,0.068879066
58.22459834,0.172632762,1.309123716,0.472302018,0.064631368
58.22923701,0.169805342,1.305806812,0.495737476,0.061248942
58.23387568,0.174652347,1.306615813,0.536298847,0.065024674
58.23851435,0.176510366,1.308800116,0.495737476,0.068564422
58.24315302,0.170532393,1.307101214,0.485822475,0.062271536
58.24779169,0.170774743,1.306373113,0.506553842,0.061563586
58.25243036,0.176914283,1.309447316,0.542608393,0.068249778
58.25706903,0.173925296,1.310579917,0.477710201,0.065968607
58.2617077,0.169401425,1.309528216,0.499342932,0.061406264
58.26634637,0.173279029,1.311388918,0.533594755,0.06400208
58.27098504,0.177722117,1.316081123,0.519172935,0.069036389
58.27562371,0.171744144,1.315919323,0.485822475,0.063372791
58.28026238,0.170451609,1.316162023,0.504751114,0.061563586
58.28490105,0.176268015,1.320449728,0.54891794,0.066991201
58.28953972,0.175217831,1.326031834,0.492132021,0.067541828
58.29417839,0.170047692,1.330643139,0.511962024,0.062035553
58.29881706,0.172067278,1.340432049,0.544411121,0.063058147
58.30345573,0.1778029,1.356045766,0.56333976,0.069351033
58.3080944,0.172471195,1.368018978,0.516468843,0.064631368
58.31273307,0.170290042,1.375623586,0.540805665,0.061720909
58.31737174,0.175621748,1.382500094,0.575958853,0.06549664
58.32201041,0.177398983,1.386464198,0.524581117,0.068564422
58.32664908,0.171097877,1.383956295,0.510159297,0.062507519
58.33128775,0.171824927,1.380477592,0.526383845,0.062507519
58.33592642,0.178529951,1.381691093,0.55612885,0.068721744
58.34056509,0.17424843,1.379587691,0.487625202,0.066597895
58.34520376,0.170532393,1.374329185,0.505652478,0.062035553
58.34984243,0.174329213,1.371497682,0.536298847,0.064552707
58.3544811,0.178368384,1.372144883,0.514666116,0.069587016
58.35911977,0.17166336,1.367048177,0.48221702,0.063530113
58.36375844,0.170613176,1.361870572,0.501145659,0.062271536
58.36839711,0.177237416,1.360899771,0.543509757,0.067227184
58.37303578,0.175621748,1.359605369,0.479512928,0.067463167
58.37767445,0.170613176,1.354104164,0.491230657,0.061956892
58.38231312,0.172632762,1.352000761,0.518271571,0.06329413
58.38695179,0.178126034,1.352486162,0.525482481,0.069587016
58.39159046,0.172471195,1.349331059,0.475006109,0.064788691
58.39622913,0.169966909,1.345447854,0.49663884,0.062350197
58.4008678,0.175379398,1.345771455,0.539904302,0.066361912
58.40550647,0.176429582,1.347713057,0.494836113,0.069429694
58.41014514,0.17093631,1.344881554,0.48942793,0.063136808
58.41478381,0.17142101,1.343829853,0.511962024,0.063058147
58.41942248,0.178610735,1.348279357,0.543509757,0.069351033
58.42406115,0.174571564,1.348845658,0.479512928,0.066597895
58.42869982,0.170855526,1.347146756,0.502047023,0.062743503
58.43333849,0.175056264,1.348845658,0.53720021,0.065260657
58.43797716,0.178368384,1.353295163,0.514666116,0.06990166
58.44261583,0.171986494,1.352162562,0.487625202,0.06400208
58.4472545,0.171905711,1.351515361,0.506553842,0.062428858
58.45189317,0.178691518,1.354994065,0.549819303,0.067856472
58.45653184,0.176995066,1.356369366,0.485822475,0.068092456
58.46117051,0.17166336,1.353052463,0.501145659,0.062350197
58.46580918,0.174086863,1.352567062,0.529087936,0.063687435
58.47044785,0.180226403,1.355560365,0.535397483,0.069665677
58.47508652,0.174167646,1.353456963,0.484921111,0.064788691
58.47972519,0.172067278,1.349492859,0.504751114,0.062114214
58.48436386,0.1778029,1.349978259,0.546213848,0.066519234
58.48900253,0.178287601,1.35070636,0.495737476,0.068721744
58.4936412,0.171986494,1.346175955,0.492132021,0.062822164
58.49827987,0.172632762,1.343668053,0.512863388,0.062979486
58.50291854,0.179418569,1.346823156,0.540805665,0.069036389
58.50755721,0.174894697,1.346580456,0.479512928,0.06620459
58.51219588,0.171259443,1.345043354,0.502047023,0.062192875
58.51683455,0.175540965,1.348198457,0.538101574,0.065103335
58.52147322,0.179257002,1.354265964,0.512863388,0.06990166
58.52611189,0.172955895,1.354589564,0.490329294,0.063766097
58.53075056,0.172471195,1.353537863,0.510159297,0.062192875
58.53538923,0.179095435,1.355641265,0.549819303,0.068092456
58.5400279,0.176833499,1.355479465,0.483118383,0.067384506
58.54466657,0.172067278,1.351596261,0.49663884,0.062114214
58.54930524,0.174571564,1.35038276,0.523679754,0.06400208
58.55394391,0.180226403,1.352081662,0.523679754,0.069587016
58.55858258,0.173763729,1.348198457,0.476808837,0.064474046
58.56322125,0.172067278,1.342859052,0.497540204,0.062035553
58.56785992,0.1773182,1.342130951,0.539002938,0.066361912
58.57249859,0.177964467,1.342535451,0.487625202,0.068643083
58.57713726,0.171582577,1.337519646,0.487625202,0.062664841
58.58177593,0.172713545,1.334526343,0.509257933,0.062822164
58.5864146,0.179418569,1.335658944,0.535397483,0.069193711
58.59105327,0.17449078,1.333474642,0.473203382,0.065811284
58.59569194,0.17142101,1.329429637,0.495737476,0.061878231
58.60033061,0.175540965,1.329025137,0.532693391,0.064867352
58.60496928,0.179095435,1.33137124,0.504751114,0.069193711
58.60960795,0.173036679,1.329025137,0.484921111,0.063136808
58.61424662,0.173440596,1.327488035,0.505652478,0.062192875
58.61888529,0.180145619,1.330724039,0.548016576,0.067856472
58.62352396,0.177398983,1.33185664,0.48221702,0.067148523
58.62816263,0.173359812,1.328944237,0.499342932,0.062271536
58.6328013,0.176268015,1.329106037,0.528186573,0.063687435
58.63743997,0.181842071,1.332665641,0.525482481,0.069508355
58.64207864,0.175379398,1.330481339,0.481315656,0.064238063
58.64671731,0.173602163,1.327326235,0.502047023,0.06179957
58.65135598,0.179660919,1.328863337,0.545312484,0.066833878
58.65599465,0.180064836,1.330481339,0.48942793,0.068485761
58.66063332,0.173844513,1.326598134,0.491230657,0.062350197
58.66527199,0.174975481,1.324818333,0.512863388,0.062979486
58.66991066,0.181034237,1.327488035,0.535397483,0.069429694
58.67454933,0.176268015,1.326355434,0.475006109,0.06549664
58.679188,0.172955895,1.322957631,0.497540204,0.062271536
58.68382667,0.17756055,1.323200331,0.534496119,0.065181996
58.68846534,0.180064836,1.325303733,0.502948387,0.069429694
58.69310401,0.173440596,1.321663229,0.484921111,0.063058147
58.69774268,0.173279029,1.319559827,0.504751114,0.062192875
58.70238135,0.180064836,1.32190593,0.545312484,0.068092456
58.70702002,0.177398983,1.32222953,0.479512928,0.066833878
58.71165869,0.173359812,1.319398027,0.499342932,0.062192875
58.71629736,0.176348799,1.319640727,0.5299893,0.063923419
58.72093603,0.181115021,1.32255313,0.525482481,0.06990166
58.7255747,0.175217831,1.320449728,0.484019747,0.064080741
58.73021337,0.173925296,1.317941825,0.505652478,0.06179957
58.73485204,0.179741702,1.319559827,0.548016576,0.066755217
58.73949071,0.179580136,1.321501429,0.491230657,0.068092456
58.74412938,0.17400608,1.318427226,0.494836113,0.062192875
58.74876805,0.175137048,1.316566524,0.518271571,0.062664841
58.75340672,0.181195804,1.319236227,0.536298847,0.069351033
58.75804539,0.175460181,1.318022725,0.477710201,0.065417979
58.76268406,0.172632762,1.315110322,0.499342932,0.06179957
58.76732273,0.176914283,1.315757523,0.536298847,0.065339318
58.7719614,0.179499352,1.318427226,0.500244295,0.06911505
58.77660007,0.172875112,1.315029422,0.484921111,0.062900825
58.78123874,0.172713545,1.312359719,0.504751114,0.061956892
58.78587741,0.178933868,1.314867622,0.541707029,0.068092456
58.79051608,0.175864098,1.314705822,0.475006109,0.066519234
58.79515475,0.17166336,1.311227118,0.493934749,0.061878231
58.79979342,0.174813914,1.310337217,0.523679754,0.063923419
58.80443209,0.179014652,1.31284512,0.514666116,0.069429694
58.80907076,0.172875112,1.310660818,0.477710201,0.063844758
58.81370943,0.17166336,1.308476515,0.498441568,0.06179957
58.8183481,0.177641334,1.310903518,0.542608393,0.066676556
58.82298677,0.176752716,1.312036119,0.484921111,0.067620489
58.82762544,0.17117866,1.308800116,0.492132021,0.062035553
58.83226411,0.172875112,1.307910215,0.516468843,0.062664841
58.83690278,0.178853085,1.311227118,0.532693391,0.069036389
58.84154145,0.173602163,1.310741718,0.476808837,0.064788691
58.84618012,0.170855526,1.307829315,0.499342932,0.061170281
58.85081879,0.175702531,1.308961916,0.539002938,0.065103335
58.85545746,0.1773182,1.312359719,0.500244295,0.068800405
58.86009613,0.17166336,1.310418117,0.486723839,0.062428858
58.8647348,0.171744144,1.308719216,0.508356569,0.061720909
58.86937347,0.178206817,1.311874319,0.544411121,0.067856472
58.87401214,0.174652347,1.31292602,0.478611565,0.06620459
58.87865081,0.170532393,1.310579917,0.498441568,0.061406264
58.88328948,0.173925296,1.311469818,0.5299893,0.063608774
58.88792815,0.178287601,1.315353023,0.516468843,0.069272372
58.89256682,0.172309628,1.314139521,0.483118383,0.063530113
58.89720549,0.171340227,1.31276422,0.50384975,0.061484925
58.90184416,0.177641334,1.316404724,0.548016576,0.066755217
58.90648283,0.176268015,1.318427226,0.486723839,0.067541828
58.9111215,0.171097877,1.316242924,0.49663884,0.06179957
58.91576017,0.173198245,1.315838423,0.519172935,0.06258618
58.92039884,0.178691518,1.318993526,0.531792028,0.069036389
58.92503751,0.172955895,1.317699125,0.476808837,0.064552707
58.92967618,0.170693959,1.314786722,0.499342932,0.061563586
58.93431485,0.175783315,1.315353023,0.539002938,0.065024674
58.93895352,0.177722117,1.318265426,0.497540204,0.068485761
58.94359219,0.17117866,1.315110322,0.487625202,0.062428858
58.94823086,0.17166336,1.31268332,0.508356569,0.061878231
58.95286953,0.178691518,1.315595723,0.542608393,0.0684071
58.9575082,0.175056264,1.315272122,0.477710201,0.06620459
58.96214687,0.172228844,1.31268332,0.498441568,0.06179957
58.96678554,0.177237416,1.31260242,0.533594755,0.063923419
58.97142421,0.183296173,1.315514823,0.519172935,0.069193711
58.97606288,0.177641334,1.31316872,0.487625202,0.063372791
58.98070155,0.176833499,1.312036119,0.508356569,0.061484925
58.98534022,0.183619307,1.316485624,0.553424758,0.066991201
58.98997889,0.182569122,1.32198683,0.495737476,0.06769915
58.99461756,0.17756055,1.324494732,0.511060661,0.061956892
58.99925623,0.179822486,1.327973436,0.538101574,0.063136808
59.0038949,0.185638892,1.334445443,0.543509757,0.069036389
59.00853357,0.179903269,1.333960042,0.488526566,0.064631368
59.01317224,0.177398983,1.331290339,0.507455206,0.062035553
59.01781091,0.182407555,1.33153304,0.546213848,0.065889946
59.02244958,0.183134606,1.333636442,0.500244295,0.069193711
59.02708825,0.176752716,1.329672338,0.491230657,0.062743503
59.03172692,0.176914283,1.327326235,0.511060661,0.062428858
59.03636559,0.18345774,1.328863337,0.542608393,0.068879066
59.04100426,0.179176218,1.328135236,0.476808837,0.066283251
59.04564293,0.175137048,1.324656532,0.498441568,0.061878231
59.0502816,0.178529951,1.324252032,0.531792028,0.064395385
59.05492027,0.181922855,1.325950934,0.511962024,0.069665677
59.05955894,0.175217831,1.32255313,0.48221702,0.063451452
59.06419761,0.174329213,1.319964327,0.502047023,0.062114214
59.06883628,0.180791887,1.32222953,0.545312484,0.067541828
59.07347495,0.178610735,1.323038531,0.48221702,0.067463167
59.07811362,0.173602163,1.320854228,0.495737476,0.061956892
59.08275229,0.175864098,1.320287928,0.523679754,0.06329413
59.08739096,0.181276587,1.324090232,0.531792028,0.069351033
59.09202963,0.175217831,1.324171132,0.483118383,0.064867352
59.0966683,0.172875112,1.323119431,0.507455206,0.061720909
59.10130697,0.178529951,1.327407135,0.553424758,0.065811284
59.10594564,0.179095435,1.334040942,0.511962024,0.068800405
59.11058431,0.173440596,1.334607243,0.508356569,0.062822164
59.11522298,0.17424843,1.334121842,0.527285209,0.062428858
59.11986165,0.180791887,1.336872445,0.552523395,0.068879066
59.12450032,0.176025665,1.336548845,0.485822475,0.06620459
59.12913899,0.172067278,1.333070141,0.504751114,0.062271536
59.13377766,0.176025665,1.332503841,0.53720021,0.064631368
59.13841633,0.179499352,1.334202743,0.511962024,0.06990166
59.143055,0.173036679,1.330724039,0.484921111,0.063608774
59.14769367,0.172390411,1.327488035,0.502948387,0.062271536
59.15233234,0.178933868,1.329348737,0.545312484,0.067541828
59.15697101,0.176914283,1.329591438,0.479512928,0.067620489
59.16160968,0.171824927,1.325384633,0.494836113,0.062271536
59.16624835,0.174167646,1.324171132,0.520975662,0.063372791
59.17088702,0.179418569,1.327245335,0.526383845,0.069508355
59.17552569,0.173682946,1.325546433,0.477710201,0.064710029
59.18016436,0.171582577,1.323200331,0.500244295,0.061878231
59.18480303,0.177156633,1.324494732,0.543509757,0.06620459
59.1894417,0.177883684,1.327083535,0.495737476,0.0684071
59.19408037,0.172067278,1.326274534,0.495737476,0.062507519
59.19871904,0.173440596,1.327730736,0.520975662,0.06258618
59.20335771,0.179903269,1.334121842,0.548016576,0.068879066
59.20799638,0.175783315,1.336225245,0.485822475,0.065968607
59.21263505,0.172067278,1.335011743,0.505652478,0.062035553
59.21727372,0.176106449,1.336953345,0.540805665,0.065260657
59.22191239,0.179741702,1.340270249,0.512863388,0.069193711
59.22655106,0.173198245,1.338005047,0.487625202,0.06329413
59.23118973,0.172309628,1.335011743,0.505652478,0.062428858
59.2358284,0.178933868,1.337276946,0.54891794,0.067935134
59.24046707,0.176268015,1.336791545,0.48221702,0.067305845
59.24510574,0.17166336,1.333231942,0.498441568,0.062192875
59.24974441,0.17424843,1.333151041,0.526383845,0.063687435
59.25438308,0.179418569,1.336467945,0.527285209,0.069587016
59.25902175,0.173359812,1.336144345,0.484921111,0.064395385
59.26366042,0.171744144,1.337438746,0.510159297,0.062035553
59.26829909,0.177398983,1.342939952,0.555227486,0.066361912
59.27293776,0.177722117,1.345771455,0.501145659,0.068564422
59.27757643,0.172067278,1.343425352,0.500244295,0.062507519
59.2822151,0.172794328,1.342211851,0.520975662,0.062743503
59.28685377,0.179418569,1.345690555,0.544411121,0.06911505
59.29149244,0.174652347,1.345043354,0.48221702,0.06549664
59.29613111,0.171340227,1.34156465,0.50384975,0.061878231
59.30076978,0.175217831,1.341807351,0.540805665,0.064710029
59.30540845,0.178368384,1.344719754,0.509257933,0.06911505
59.31004712,0.171905711,1.34116015,0.488526566,0.063058147
59.31468579,0.171744144,1.339380348,0.509257933,0.062035553
59.31932446,0.178449168,1.343425352,0.549819303,0.067935134
59.32396313,0.175379398,1.344800654,0.484019747,0.067148523
59.3286018,0.170774743,1.342939952,0.502948387,0.061956892
59.33324047,0.174086863,1.344234353,0.533594755,0.063766097
59.33787914,0.179014652,1.349169258,0.531792028,0.069272372
59.34251781,0.173117462,1.349088358,0.490329294,0.063687435
59.34715648,0.172228844,1.349007458,0.512863388,0.061406264
59.35179515,0.178529951,1.354832264,0.558832941,0.066283251
59.35643382,0.179499352,1.364621175,0.512863388,0.068092456
59.36107249,0.174975481,1.379587691,0.539904302,0.062035553
59.36571116,0.178610735,1.405961119,0.593084765,0.062428858
59.37034983,0.187496911,1.439211054,0.636350226,0.068800405
59.3749885,0.184346357,1.461054077,0.575057489,0.064946013
59.37962717,0.182165205,1.472299189,0.588577946,0.061720909
59.38426584,0.187092994,1.479822897,0.612914768,0.064867352
59.38890451,0.190162763,1.486780304,0.568747943,0.069036389
59.39354318,0.183780873,1.486861204,0.540805665,0.062822164
59.39818185,0.183134606,1.487508405,0.553424758,0.062035553
59.40282052,0.189758846,1.496002914,0.594887492,0.068092456
59.40745919,0.186850643,1.51056493,0.543509757,0.066755217
59.41209786,0.182488339,1.530547251,0.582268399,0.061720909
59.41673653,0.185477325,1.55821508,0.631843407,0.063608774
59.4213752,0.190243547,1.587500911,0.634547499,0.06911505
59.42601387,0.183376956,1.601982027,0.585873855,0.063766097
59.43065254,0.182245988,1.605784331,0.591282037,0.06179957
59.43529121,0.187820044,1.606836032,0.618322951,0.066676556
59.43992988,0.187335344,1.60481353,0.546213848,0.068013795
59.44456855,0.181761288,1.597047121,0.541707029,0.062114214
59.44920722,0.18345774,1.591060515,0.557931577,0.062822164
59.45384589,0.189193362,1.587743611,0.57055067,0.069193711
59.45848456,0.184104007,1.580381704,0.506553842,0.065339318
59.46312323,0.181195804,1.571806295,0.523679754,0.062114214
59.4677619,0.185558109,1.566871389,0.559734305,0.065575301
59.47240057,0.187577694,1.564767987,0.52277839,0.069351033
59.47703924,0.181115021,1.557406079,0.504751114,0.062979486
59.48167791,0.180711103,1.550367772,0.523679754,0.062428858
59.48631658,0.186931427,1.54826437,0.559734305,0.068249778
59.49095525,0.183053823,1.543976665,0.493033385,0.066833878
59.49559392,0.178691518,1.537585558,0.511962024,0.062114214
59.50023259,0.181195804,1.535239456,0.543509757,0.064238063
59.50487126,0.185396542,1.535239456,0.534496119,0.069665677
59.50950993,0.179176218,1.530304551,0.497540204,0.064159402
59.5141486,0.177641334,1.527473048,0.519172935,0.062192875
59.51878727,0.18345774,1.530789951,0.565142488,0.06691254
59.52342594,0.183134606,1.536048457,0.510159297,0.068249778
59.52806461,0.177479767,1.536372057,0.518271571,0.062428858
59.53270328,0.179176218,1.53928446,0.543509757,0.063136808
59.53734195,0.185396542,1.546646368,0.559734305,0.069429694
59.54198062,0.179984053,1.550044171,0.508356569,0.064946013
59.54661929,0.177722117,1.552147574,0.535397483,0.061878231
59.55125796,0.183053823,1.557567879,0.579564308,0.065811284
59.55589663,0.185638892,1.562340985,0.540805665,0.069193711
59.5605353,0.179499352,1.558781381,0.525482481,0.062979486
59.56517397,0.179337785,1.554979077,0.540805665,0.062743503
59.56981264,0.185881242,1.553603775,0.57055067,0.069036389
59.57445131,0.181761288,1.547859869,0.499342932,0.067148523
59.57908998,0.177398983,1.537666458,0.516468843,0.061956892
59.58372865,0.181034237,1.531113551,0.544411121,0.064474046
59.58836732,0.185154191,1.526502247,0.528186573,0.069665677
59.59300599,0.178529951,1.517198737,0.490329294,0.06400208
59.59764466,0.176752716,1.507571626,0.509257933,0.06179957
59.60228333,0.182973039,1.502717621,0.550720667,0.067148523
59.606922,0.181922855,1.496245614,0.488526566,0.068092456
59.61156067,0.176429582,1.486294904,0.49663884,0.062507519
59.61619934,0.177964467,1.478123995,0.520074299,0.063215469
59.62083801,0.183296173,1.474968892,0.531792028,0.069508355
59.62547668,0.177964467,1.467364284,0.477710201,0.064631368
59.63011535,0.175379398,1.458627075,0.501145659,0.061642248
59.63475402,0.179984053,1.45450117,0.540805665,0.065653962
59.63939269,0.181842071,1.451346067,0.499342932,0.068800405
59.64403136,0.175460181,1.443256058,0.48942793,0.062743503
59.64867003,0.175379398,1.437107652,0.510159297,0.062350197
59.6533087,0.182407555,1.436217751,0.543509757,0.068721744
59.65794737,0.178368384,1.432172746,0.479512928,0.066283251
59.66258604,0.174409997,1.424810839,0.500244295,0.061563586
59.66722471,0.177883684,1.420927635,0.534496119,0.064159402
59.67186338,0.181518938,1.420927635,0.517370207,0.069508355
59.67650205,0.175379398,1.414779228,0.484921111,0.063608774
59.68114072,0.17449078,1.409197122,0.505652478,0.062192875
59.68577939,0.18063032,1.407821821,0.54891794,0.067305845
59.69041806,0.179660919,1.40677012,0.486723839,0.067463167
59.69505673,0.17400608,1.401188014,0.497540204,0.061720909
59.6996954,0.175864098,1.39770931,0.523679754,0.062664841
59.70433407,0.181599721,1.39795201,0.532693391,0.068800405
59.70897274,0.176106449,1.395444108,0.481315656,0.064395385
59.71361141,0.173925296,1.391318203,0.50384975,0.061956892
59.71825008,0.178853085,1.390832803,0.545312484,0.065968607
59.72288875,0.180145619,1.392046304,0.502948387,0.068485761
59.72752742,0.17400608,1.389053001,0.498441568,0.062114214
59.73216609,0.175217831,1.389295701,0.52277839,0.062192875
59.73680476,0.181842071,1.394877807,0.557931577,0.068643083
59.74144343,0.177964467,1.396738509,0.494836113,0.06620459
59.7460821,0.17473313,1.394716007,0.514666116,0.061563586
59.75072077,0.178368384,1.396172208,0.54891794,0.064238063
59.75535944,0.182245988,1.399489112,0.529087936,0.06911505
59.75999811,0.175864098,1.398841911,0.502948387,0.062900825
59.76463678,0.175864098,1.399570012,0.524581117,0.061563586
59.76927545,0.182407555,1.404666717,0.571452034,0.067069862
59.77391412,0.182003638,1.412918526,0.518271571,0.067148523
59.77855279,0.178691518,1.427237841,0.553424758,0.062035553
59.78319146,0.184023224,1.455714671,0.612013404,0.063136808
59.78783013,0.192505483,1.488802807,0.638152954,0.069508355
59.7924688,0.187739261,1.508218827,0.590380673,0.064552707
59.79710747,0.185396542,1.515257135,0.602098403,0.062035553
59.80174614,0.191374515,1.519221239,0.633646135,0.066283251
59.80638481,0.192505483,1.52011114,0.580465672,0.069036389
59.81102348,0.186446726,1.513153732,0.57055067,0.062900825
59.81566215,0.18725456,1.505144624,0.584071127,0.063215469
59.82030082,0.193555667,1.501989521,0.602999766,0.069822999
59.82493949,0.188385528,1.495841114,0.530890664,0.06691254
59.82957816,0.184831058,1.486294904,0.543509757,0.062664841
59.83421683,0.188466312,1.480955498,0.572353398,0.065968607
59.8388555,0.191859215,1.478285795,0.541707029,0.070688271
59.84349417,0.184750274,1.469710386,0.511962024,0.064474046
59.84813284,0.18394244,1.460973177,0.526383845,0.062900825
59.85277151,0.190162763,1.457413573,0.564241124,0.0684071
59.85741018,0.187092994,1.452640468,0.495737476,0.068249778
59.86204885,0.182165205,1.444226859,0.508356569,0.062900825
59.86668752,0.184507924,1.439130154,0.533594755,0.064395385
59.87132619,0.189678063,1.438402053,0.535397483,0.070530949
59.87596486,0.182730689,1.433628948,0.488526566,0.065732623
59.88060353,0.180791887,1.427642342,0.510159297,0.063451452
59.8852422,0.186285159,1.42610524,0.551622031,0.068013795
59.88988087,0.18652751,1.424810839,0.501145659,0.070688271
59.89451954,0.18038797,1.417934331,0.499342932,0.064474046
59.89915821,0.181680504,1.413403927,0.520975662,0.064631368
59.90379688,0.188062395,1.413808427,0.546213848,0.071160238
59.90843555,0.183053823,1.410815124,0.484019747,0.06769915
59.91307422,0.179580136,1.406365619,0.505652478,0.063923419
59.91771289,0.18370009,1.405961119,0.541707029,0.066676556
59.92235156,0.18676986,1.40717462,0.514666116,0.070924254
59.92699023,0.179903269,1.403129616,0.492132021,0.065103335
59.9316289,0.180145619,1.398680111,0.511962024,0.063923419
59.93626757,0.186204376,1.399003711,0.552523395,0.069587016
59.94090624,0.183780873,1.398437411,0.486723839,0.068879066
59.94554491,0.179014652,1.394230606,0.501145659,0.063530113
59.95018358,0.181518938,1.391480003,0.529087936,0.065103335
59.95482225,0.186689076,1.392369904,0.526383845,0.071081577
59.95946092,0.18063032,1.3884867,0.481315656,0.065653962
59.96409959,0.178206817,1.382985494,0.502948387,0.063372791
59.96873826,0.18370009,1.381448393,0.543509757,0.067777811
59.97337693,0.18345774,1.380801192,0.490329294,0.069980321
59.9780156,0.17756055,1.375057286,0.492132021,0.06400208
59.98265427,0.178853085,1.372063983,0.51556748,0.063766097
59.98729294,0.184831058,1.372953884,0.538101574,0.070058983
59.99193161,0.179580136,1.370041481,0.477710201,0.066519234
59.99657028,0.176429582,1.364297574,0.499342932,0.062900825
60.00120895,0.181115021,1.362679573,0.535397483,0.065732623
60.00584762,0.182892256,1.362679573,0.504751114,0.06990166
60.01048629,0.176752716,1.357987368,0.484921111,0.063923419
60.01512496,0.176106449,1.353537863,0.504751114,0.063058147
60.01976363,0.182569122,1.354104164,0.545312484,0.068879066
60.0244023,0.179418569,1.352567062,0.478611565,0.067777811
60.02904097,0.174975481,1.348117557,0.49663884,0.062900825
60.03367964,0.177722117,1.345609655,0.526383845,0.064710029
60.03831831,0.182245988,1.347146756,0.521877026,0.070137644
60.04295698,0.175944882,1.343829853,0.478611565,0.064867352
60.04759565,0.174329213,1.339865749,0.500244295,0.062507519
60.05223432,0.179903269,1.340027549,0.543509757,0.066991201
60.05687299,0.179660919,1.340432049,0.487625202,0.068721744
60.06151166,0.173763729,1.336144345,0.491230657,0.062822164
60.06615033,0.175298614,1.333555542,0.513764752,0.063687435
60.070789,0.181599721,1.335335344,0.534496119,0.069665677
60.07542767,0.176348799,1.332908341,0.475006109,0.065732623
60.08006634,0.172713545,1.328782437,0.497540204,0.062114214
60.08470501,0.177641334,1.328458836,0.535397483,0.065260657
60.08934368,0.180468753,1.330319538,0.501145659,0.069272372
60.09398235,0.173602163,1.326759935,0.484921111,0.063058147
60.09862102,0.173521379,1.323847532,0.504751114,0.062428858
60.10325969,0.179984053,1.325950934,0.543509757,0.068564422
60.10789836,0.176995066,1.325384633,0.477710201,0.067227184
60.11253703,0.172309628,1.321825029,0.49663884,0.062428858
60.1171757,0.175379398,1.320935128,0.527285209,0.064080741
60.12181437,0.179903269,1.323766631,0.519172935,0.069508355
60.12645304,0.17424843,1.321501429,0.479512928,0.064238063
60.13109171,0.172228844,1.318750826,0.501145659,0.062271536
60.13573038,0.178449168,1.320449728,0.544411121,0.06691254
60.14036905,0.17756055,1.321501429,0.486723839,0.068328439
60.14500772,0.172228844,1.318993526,0.493934749,0.062114214
60.14964639,0.173279029,1.318669926,0.518271571,0.062900825
60.15428506,0.179660919,1.32214863,0.536298847,0.06911505
60.15892373,0.174329213,1.321339629,0.479512928,0.065260657
60.1635624,0.17166336,1.318508126,0.501145659,0.061956892
60.16820107,0.176510366,1.320287928,0.540805665,0.065575301
60.17283974,0.179095435,1.323685731,0.50384975,0.069272372
60.17747841,0.173036679,1.321744129,0.490329294,0.062822164
60.18211708,0.173036679,1.320126128,0.510159297,0.062271536
60.18675575,0.179660919,1.323200331,0.547115212,0.068171117
60.19139442,0.176187232,1.323685731,0.480414292,0.066519234
60.19603309,0.171582577,1.320773328,0.500244295,0.061956892
60.20067176,0.175137048,1.321501429,0.531792028,0.064238063
60.20531043,0.179418569,1.325627333,0.520975662,0.069587016
60.2099491,0.172955895,1.324737433,0.484921111,0.063923419
60.21458777,0.172228844,1.324575632,0.506553842,0.062035553
60.21922644,0.178287601,1.328377936,0.550720667,0.066833878
60.22386511,0.177641334,1.33153304,0.491230657,0.067935134
60.22850378,0.172228844,1.33137124,0.501145659,0.062271536
60.23314245,0.173682946,1.335173544,0.528186573,0.063136808
60.23778112,0.179903269,1.344800654,0.545312484,0.069272372
60.24241979,0.174652347,1.352000761,0.494836113,0.065024674
60.24705846,0.172309628,1.358634568,0.520074299,0.06179957
60.25169713,0.1773182,1.368747079,0.56333976,0.065417979
60.2563358,0.179095435,1.379911291,0.521877026,0.068800405
60.26097447,0.172551978,1.383389995,0.508356569,0.06258618
60.26561314,0.172955895,1.385412497,0.525482481,0.062271536
60.27025181,0.179499352,1.389700201,0.557931577,0.0684071
60.27489048,0.176106449,1.390185602,0.490329294,0.066283251
60.27952915,0.172309628,1.385736097,0.508356569,0.062035553
60.28416782,0.176025665,1.385088897,0.539002938,0.064080741
60.28880649,0.180064836,1.387596799,0.523679754,0.069508355
60.29344516,0.173763729,1.384118095,0.488526566,0.063766097
60.29808383,0.172390411,1.380720292,0.509257933,0.062114214
60.3027225,0.178933868,1.381529293,0.552523395,0.066991201
60.30736117,0.177398983,1.382176493,0.490329294,0.067856472
60.31199984,0.172309628,1.378455089,0.502948387,0.062428858
60.31663851,0.174571564,1.378374189,0.528186573,0.063058147
60.32127718,0.180549537,1.381771993,0.539904302,0.069272372
60.32591585,0.174975481,1.379425891,0.485822475,0.064474046
60.33055452,0.172713545,1.375461786,0.506553842,0.061878231
60.33519319,0.177964467,1.374895486,0.545312484,0.065732623
60.33983186,0.179337785,1.375057286,0.501145659,0.068879066
60.34447053,0.173117462,1.370284181,0.491230657,0.062664841
60.3491092,0.173521379,1.365996476,0.511962024,0.062743503
60.35374787,0.179741702,1.367695378,0.543509757,0.068957727
60.35838654,0.175783315,1.365591976,0.479512928,0.06620459
60.36302521,0.171905711,1.35984807,0.500244295,0.062114214
60.36766388,0.175944882,1.358472768,0.533594755,0.064474046
60.37230255,0.180064836,1.36009077,0.516468843,0.069665677
60.37694122,0.173440596,1.356288466,0.486723839,0.063766097
60.38157989,0.172551978,1.353214263,0.507455206,0.062192875
60.38621856,0.179014652,1.354913165,0.550720667,0.067384506
60.39085723,0.1773182,1.355155865,0.486723839,0.06769915
60.3954959,0.172390411,1.35078726,0.498441568,0.062350197
60.40013457,0.174652347,1.348441158,0.523679754,0.063530113
60.40477324,0.180468753,1.35070636,0.531792028,0.069744338
60.40941191,0.174167646,1.348198457,0.480414292,0.065024674
60.41405058,0.172390411,1.344315253,0.502047023,0.062114214
60.41868925,0.177883684,1.345286054,0.544411121,0.066125929
60.42332792,0.178853085,1.347146756,0.497540204,0.068957727
60.42796659,0.172875112,1.343748953,0.493033385,0.062979486
60.43260526,0.173440596,1.343263552,0.514666116,0.062428858
60.43724393,0.180468753,1.349007458,0.54891794,0.068957727
60.4418826,0.176510366,1.353376063,0.488526566,0.066361912
60.44652127,0.173440596,1.356045766,0.513764752,0.062114214
60.45115994,0.1778029,1.362355972,0.550720667,0.064710029
60.45579861,0.181922855,1.370445981,0.529087936,0.069665677
60.46043728,0.175540965,1.372063983,0.502047023,0.063687435
60.46507595,0.174652347,1.371254982,0.520074299,0.062192875
60.46971462,0.181599721,1.374410085,0.561537032,0.067541828
60.47435329,0.179903269,1.375380886,0.493934749,0.067541828
60.47899196,0.174975481,1.372387583,0.508356569,0.062114214
60.48363063,0.176914283,1.371578582,0.536298847,0.063372791
60.4882693,0.182569122,1.376756188,0.543509757,0.06911505
60.49290797,0.176752716,1.37918319,0.500244295,0.064631368
60.49754664,0.174894697,1.381124792,0.526383845,0.062114214
60.50218531,0.180226403,1.387758599,0.572353398,0.066361912
60.50682398,0.181195804,1.396091308,0.5299893,0.068957727
60.51146265,0.176106449,1.398599211,0.531792028,0.062428858
60.51610132,0.176914283,1.401107114,0.552523395,0.062428858
60.52073999,0.183619307,1.404747617,0.574156125,0.068879066
60.52537866,0.179176218,1.402239715,0.504751114,0.065889946
60.53001733,0.176268015,1.396819409,0.519172935,0.061720909
60.534656,0.18038797,1.393421605,0.54891794,0.064316724
60.53929467,0.184346357,1.392855305,0.520975662,0.069351033
60.54393334,0.177964467,1.386949598,0.493934749,0.06329413
60.54857201,0.177479767,1.381771993,0.511962024,0.062114214
60.55321068,0.184427141,1.381771993,0.553424758,0.06769915
60.55784935,0.182488339,1.380234891,0.486723839,0.06769915
60.56248802,0.178206817,1.374571885,0.502047023,0.062428858
60.56712669,0.180953454,1.372144883,0.5299893,0.06400208
60.57176536,0.186365943,1.374652785,0.531792028,0.069822999
60.57640403,0.180549537,1.371254982,0.484921111,0.064474046
60.5810427,0.178853085,1.367129077,0.506553842,0.061956892
60.58568137,0.184992625,1.367776278,0.549819303,0.066047268
60.59032004,0.185477325,1.368747079,0.498441568,0.068564422
60.59495871,0.179499352,1.364216674,0.497540204,0.062271536
60.59959738,0.18087267,1.361789672,0.518271571,0.06258618
60.60423605,0.187981611,1.363973974,0.543509757,0.069036389
60.60887472,0.183296173,1.361951472,0.48221702,0.065732623
60.61351339,0.180064836,1.357663767,0.50384975,0.06179957
60.61815206,0.184265574,1.357016567,0.541707029,0.065103335
60.62279073,0.186931427,1.359281769,0.514666116,0.069429694
60.6274294,0.180711103,1.357178367,0.49663884,0.06329413
60.63206807,0.180226403,1.355155865,0.517370207,0.062271536
60.63670674,0.18652751,1.358068268,0.558832941,0.068171117
60.64134541,0.18370009,1.35976717,0.492132021,0.067148523
60.64598408,0.178610735,1.357259267,0.508356569,0.062192875
60.65062275,0.181357371,1.357582867,0.53720021,0.063766097
60.65526142,0.186931427,1.361951472,0.533594755,0.069665677
60.65990009,0.180468753,1.362841373,0.492132021,0.064159402
60.66453876,0.178772301,1.363488574,0.516468843,0.061956892
60.66917743,0.184588708,1.366320077,0.558832941,0.066597895
60.6738161,0.183780873,1.368018978,0.502948387,0.068485761
60.67845477,0.178126034,1.364216674,0.502948387,0.062350197
60.68309344,0.179257002,1.362113272,0.52277839,0.062743503
60.68773211,0.185396542,1.363084073,0.543509757,0.069272372
60.69237078,0.180145619,1.36041437,0.48221702,0.065732623
60.69700945,0.177156633,1.356126666,0.502948387,0.061956892
60.70164812,0.181195804,1.355317665,0.539904302,0.065181996
60.70628679,0.18370009,1.356773866,0.506553842,0.06911505
60.71092546,0.176914283,1.352243462,0.487625202,0.063215469
60.71556413,0.17707585,1.348764758,0.506553842,0.062271536
60.7202028,0.183780873,1.349735559,0.546213848,0.068249778
60.72484147,0.180307186,1.348441158,0.478611565,0.067463167
60.72948014,0.175702531,1.344315253,0.49663884,0.061956892
60.73411881,0.178933868,1.342697252,0.526383845,0.064080741
60.73875748,0.18370009,1.343829853,0.520975662,0.069744338
60.74339615,0.176995066,1.340189349,0.481315656,0.064238063
60.74803482,0.175864098,1.336791545,0.502047023,0.062035553
60.75267349,0.181842071,1.337843246,0.547115212,0.066676556
60.75731216,0.182165205,1.339461248,0.491230657,0.0684071
60.76195083,0.177722117,1.336306145,0.49663884,0.06258618
60.7665895,0.182084422,1.335739844,0.524581117,0.063058147
60.77122817,0.192020782,1.339299448,0.54891794,0.069665677
60.77586684,0.189758846,1.338490447,0.492132021,0.065811284
60.78050551,0.187658477,1.335658944,0.511962024,0.062271536
60.78514418,0.192263132,1.335820744,0.547115212,0.065889946
60.78978285,0.194686635,1.336953345,0.509257933,0.069980321
60.79442152,0.187658477,1.332665641,0.492132021,0.063372791
60.79906019,0.186689076,1.329995938,0.510159297,0.062507519
60.80369886,0.193474884,1.33193754,0.547115212,0.068249778
60.80833753,0.189516496,1.33177574,0.481315656,0.067069862
60.8129762,0.185154191,1.328458836,0.500244295,0.062114214
60.81761487,0.187658477,1.328701537,0.531792028,0.064159402
60.82225354,0.192020782,1.332584741,0.524581117,0.069822999
60.82689221,0.185154191,1.33185664,0.486723839,0.064159402
60.83153088,0.183376956,1.331047639,0.508356569,0.061878231
60.83616955,0.18959728,1.333312842,0.552523395,0.066991201
60.84080822,0.189112579,1.336710645,0.49663884,0.068328439
60.84544689,0.183296173,1.334849943,0.504751114,0.062900825
60.85008556,0.184750274,1.334607243,0.528186573,0.062979486
60.85472423,0.190243547,1.337924146,0.541707029,0.069272372
60.8593629,0.184265574,1.336225245,0.483118383,0.065417979
60.86400157,0.181195804,1.332342041,0.504751114,0.062271536
60.86864024,0.185962026,1.332584741,0.541707029,0.065811284
60.87327891,0.187335344,1.334040942,0.502948387,0.069193711
60.87791758,0.180953454,1.331290339,0.48942793,0.062743503
60.88255625,0.180791887,1.328944237,0.510159297,0.062035553
60.88719492,0.18725456,1.331128539,0.546213848,0.068171117
60.89183359,0.183215389,1.330562239,0.479512928,0.066597895
60.89647226,0.179176218,1.327407135,0.498441568,0.061720909
60.90111093,0.182165205,1.326759935,0.530890664,0.064238063
60.9057496,0.186365943,1.329753238,0.517370207,0.069665677
60.91038827,0.179580136,1.327326235,0.48221702,0.063923419
60.91502694,0.178368384,1.325222833,0.502047023,0.061720909
60.91966561,0.184427141,1.327326235,0.547115212,0.066991201
60.92430428,0.183296173,1.328944237,0.486723839,0.067935134
60.92894295,0.177479767,1.327164435,0.497540204,0.062271536
60.93358162,0.178933868,1.327568936,0.523679754,0.063058147
60.93822029,0.185154191,1.33177574,0.536298847,0.069272372
60.94285896,0.179257002,1.330966739,0.481315656,0.065181996
60.94749763,0.176429582,1.328620637,0.502948387,0.061878231
60.9521363,0.181195804,1.329106037,0.542608393,0.065811284
60.95677497,0.183053823,1.330885839,0.500244295,0.068957727
60.96141364,0.176429582,1.327892536,0.48942793,0.062743503
60.96605231,0.176752716,1.325627333,0.510159297,0.062350197
60.97069098,0.183053823,1.327730736,0.544411121,0.068800405
60.97532965,0.179257002,1.327083535,0.478611565,0.066519234
60.97996832,0.175217831,1.323685731,0.498441568,0.062114214
60.98460699,0.178529951,1.32239133,0.531792028,0.064316724
60.98924566,0.182730689,1.324575632,0.514666116,0.069429694
60.99388433,0.176187232,1.32190593,0.48221702,0.063844758
60.998523,0.175056264,1.319721627,0.502047023,0.062035553
61.00316167,0.181115021,1.32214863,0.547115212,0.067148523
61.00780034,0.179741702,1.32271493,0.484921111,0.067777811
61.01243901,0.174813914,1.318993526,0.497540204,0.062114214
61.01707768,0.17756055,1.318346326,0.525482481,0.06329413
61.02171635,0.184669491,1.322957631,0.538101574,0.069508355
61.02635502,0.179822486,1.322876731,0.487625202,0.065103335
61.03099369,0.177398983,1.321016029,0.509257933,0.062035553
61.03563236,0.182730689,1.324494732,0.551622031,0.065732623
61.04027103,0.184023224,1.33145214,0.511962024,0.068879066
61.0449097,0.177641334,1.333474642,0.507455206,0.06258618
61.04954837,0.178529951,1.337843246,0.529087936,0.062428858
61.05418704,0.184831058,1.343506252,0.558832941,0.068800405
61.05882571,0.180307186,1.344315253,0.492132021,0.066519234
61.06346438,0.176348799,1.341807351,0.510159297,0.062271536
61.06810305,0.180145619,1.34107925,0.540805665,0.064710029
61.07274172,0.184104007,1.343425352,0.519172935,0.069744338
61.07738039,0.177156633,1.339542148,0.488526566,0.063844758
61.08201906,0.176348799,1.336548845,0.506553842,0.062428858
61.08665773,0.182488339,1.337924146,0.54891794,0.067856472
61.0912964,0.180549537,1.337276946,0.484019747,0.067777811
61.09593507,0.175298614,1.33218024,0.495737476,0.062271536
61.10057374,0.177156633,1.330966739,0.52277839,0.063451452
61.10521241,0.182811472,1.333636442,0.528186573,0.069587016
61.10985108,0.176995066,1.330724039,0.478611565,0.064946013
61.11448975,0.174409997,1.326598134,0.500244295,0.062428858
61.11912842,0.179580136,1.327245335,0.542608393,0.066440573
61.12376709,0.18087267,1.329267837,0.49663884,0.068879066
61.12840576,0.17424843,1.325789134,0.490329294,0.062900825
61.13304443,0.175217831,1.323443031,0.511060661,0.062979486
61.1376831,0.182003638,1.326679035,0.539904302,0.069193711
61.14232177,0.1773182,1.326112734,0.476808837,0.066283251
61.14696044,0.173682946,1.323604831,0.498441568,0.062350197
61.15159911,0.1778029,1.323847532,0.533594755,0.065181996
61.15623778,0.181599721,1.326355434,0.510159297,0.069508355
61.16087645,0.175056264,1.323362131,0.484019747,0.063530113
61.16551512,0.17449078,1.320854228,0.502948387,0.062350197
61.17015379,0.180549537,1.32271493,0.546213848,0.067777811
61.17479246,0.178126034,1.323038531,0.480414292,0.067541828
61.17943113,0.172955895,1.319155327,0.495737476,0.062271536
61.1840698,0.175379398,1.318669926,0.523679754,0.063608774
61.18870847,0.180711103,1.321663229,0.526383845,0.069272372
61.19334714,0.174813914,1.319559827,0.478611565,0.064631368
61.19798581,0.172632762,1.316728324,0.501145659,0.062271536
61.20262448,0.178610735,1.318265426,0.543509757,0.066125929
61.20726315,0.179257002,1.320045228,0.493934749,0.068564422
61.21190182,0.173279029,1.316728324,0.492132021,0.062507519
61.21654049,0.174652347,1.315676623,0.513764752,0.062507519
61.22117916,0.180791887,1.318346326,0.540805665,0.068800405
61.22581783,0.176510366,1.318750826,0.477710201,0.065575301
61.2304565,0.172632762,1.316081123,0.500244295,0.061878231
61.23509517,0.177156633,1.316809224,0.536298847,0.064552707
61.23973384,0.180307186,1.319398027,0.508356569,0.069351033
61.24437251,0.172955895,1.315595723,0.484019747,0.063451452
61.24901118,0.172955895,1.31300692,0.504751114,0.062192875
61.25364985,0.179822486,1.314948522,0.546213848,0.06769915
61.25828852,0.17707585,1.315272122,0.479512928,0.067541828
61.26292719,0.172309628,1.311793419,0.495737476,0.062271536
61.26756586,0.174975481,1.310579917,0.52277839,0.063608774
61.27220453,0.18038797,1.31276422,0.521877026,0.069272372
61.2768432,0.17449078,1.310499017,0.477710201,0.064316724
61.28148187,0.172713545,1.307829315,0.498441568,0.061956892
61.28612054,0.178287601,1.308961916,0.543509757,0.066283251
61.29075921,0.178126034,1.311227118,0.490329294,0.0684071
61.29539788,0.172471195,1.308881016,0.491230657,0.062507519
61.30003655,0.173521379,1.307263014,0.513764752,0.06258618
61.30467522,0.179741702,1.309528216,0.538101574,0.06911505
61.30931389,0.175621748,1.308638315,0.476808837,0.065811284
61.31395256,0.172875112,1.305887713,0.499342932,0.061878231
61.31859123,0.176995066,1.306777613,0.535397483,0.064788691
61.3232299,0.179984053,1.308638315,0.506553842,0.069351033
61.32786857,0.17400608,1.306615813,0.486723839,0.063136808
61.33250724,0.17449078,1.304755111,0.507455206,0.062114214
61.33714591,0.181599721,1.307263014,0.54891794,0.068249778
61.34178458,0.179257002,1.307748414,0.48221702,0.067227184
61.34642325,0.175137048,1.305321412,0.499342932,0.062114214
61.35106192,0.1778029,1.305806812,0.528186573,0.063844758
61.35570059,0.183053823,1.309851817,0.524581117,0.069508355
61.36033926,0.17707585,1.309366416,0.484019747,0.064316724
61.36497793,0.175460181,1.308233815,0.504751114,0.062035553
61.3696166,0.181276587,1.311388918,0.54891794,0.066991201
61.37425527,0.181438154,1.313654121,0.493934749,0.068800405
61.37889394,0.176268015,1.310418117,0.497540204,0.062507519
61.38353261,0.17756055,1.309851817,0.519172935,0.063058147
61.38817128,0.183780873,1.31333052,0.539904302,0.069036389
61.39280995,0.179095435,1.312359719,0.479512928,0.06549664
61.39744862,0.176429582,1.309528216,0.501145659,0.062114214
61.40208729,0.180791887,1.310499017,0.539904302,0.06549664
61.40672596,0.184346357,1.313654121,0.505652478,0.069193711
61.41136463,0.178045251,1.311469818,0.488526566,0.063058147
61.4160033,0.178045251,1.309609116,0.509257933,0.062428858
61.42064197,0.185396542,1.313411421,0.549819303,0.068328439
61.42528064,0.182811472,1.315676623,0.484019747,0.066833878
61.42991931,0.178933868,1.315676623,0.504751114,0.062271536
61.43455798,0.182488339,1.317537325,0.535397483,0.064080741
61.43919665,0.188304745,1.323281231,0.529087936,0.069665677
61.44383532,0.182003638,1.32271493,0.490329294,0.063766097
61.44847399,0.181115021,1.32206773,0.511060661,0.061878231
61.45311266,0.187739261,1.326193634,0.557030214,0.066833878
61.45775133,0.187820044,1.329672338,0.501145659,0.068249778
61.46239,0.182730689,1.328863337,0.507455206,0.062350197
61.46702867,0.184427141,1.331128539,0.533594755,0.062900825
61.47166734,0.191939999,1.342130951,0.55612885,0.069351033
61.47630601,0.18959728,1.35046366,0.509257933,0.065417979
61.48094468,0.18983963,1.358796369,0.539904302,0.062114214
61.48558335,0.197917972,1.371174082,0.584972491,0.065811284
61.49022202,0.202684193,1.383632695,0.54891794,0.069429694
61.49486069,0.197271704,1.3879204,0.529087936,0.063451452
61.49949936,0.197352488,1.390266502,0.543509757,0.062664841
61.50413803,0.203734378,1.396981209,0.578662944,0.068643083
61.5087767,0.200260691,1.402806015,0.511962024,0.066440573
61.51341537,0.195817603,1.40766002,0.531792028,0.061720909
61.51805404,0.198968156,1.415588229,0.56333976,0.064316724
61.52269271,0.203168894,1.423597337,0.549819303,0.069744338
61.52733138,0.195494469,1.423920938,0.508356569,0.06400208
61.53197005,0.19363645,1.421979336,0.52277839,0.062428858
61.53660872,0.199372073,1.422302936,0.562438396,0.067305845
61.54124739,0.197433271,1.421089435,0.500244295,0.068328439
61.54588606,0.191455298,1.414860128,0.506553842,0.062350197
61.55052473,0.192505483,1.411947725,0.530890664,0.063058147
61.5551634,0.198160322,1.413080326,0.544411121,0.069351033
61.55980207,0.191859215,1.409439822,0.487625202,0.064946013
61.56444074,0.188627879,1.402886915,0.507455206,0.061956892
61.56907941,0.193232533,1.400136312,0.545312484,0.065653962
61.57371808,0.194525068,1.398680111,0.50384975,0.069193711
61.57835675,0.187496911,1.392450804,0.491230657,0.063058147
61.58299542,0.187658477,1.387839499,0.511962024,0.062271536
61.58763409,0.193313317,1.387839499,0.547115212,0.068485761
61.59227276,0.189354929,1.385816997,0.48221702,0.066283251
61.59691143,0.184992625,1.379749491,0.501145659,0.06179957
61.6015501,0.187981611,1.377160688,0.533594755,0.064395385
61.60618877,0.191293731,1.377646089,0.518271571,0.06990166
61.61082744,0.184507924,1.372872984,0.484019747,0.063608774
61.61546611,0.182973039,1.368099879,0.502948387,0.061956892
61.62010478,0.189031796,1.367938078,0.547115212,0.067227184
61.62474345,0.18725456,1.366400977,0.484019747,0.067620489
61.62938212,0.181276587,1.36033347,0.494836113,0.062350197
61.63402079,0.183296173,1.357825568,0.519172935,0.063530113
61.63865946,0.188708662,1.359281769,0.5299893,0.069665677
61.64329813,0.182488339,1.355722165,0.477710201,0.064946013
61.6479368,0.180064836,1.35030186,0.499342932,0.062114214
61.65257547,0.185154191,1.349007458,0.539904302,0.065732623
61.65721414,0.185962026,1.349250159,0.49663884,0.069193711
61.66185281,0.179176218,1.344881554,0.488526566,0.062822164
61.66649148,0.179418569,1.34099835,0.508356569,0.062271536
61.67113015,0.185719675,1.342939952,0.541707029,0.068800405
61.67576882,0.181357371,1.34075565,0.476808837,0.066519234
61.68040749,0.177479767,1.336953345,0.498441568,0.061878231
61.68504616,0.181357371,1.336629745,0.532693391,0.064238063
61.68968483,0.184831058,1.340270249,0.516468843,0.069744338
61.6943235,0.178368384,1.338085947,0.485822475,0.063372791
61.69896217,0.177398983,1.336387045,0.506553842,0.061956892
61.70360084,0.183619307,1.337924146,0.549819303,0.067463167
61.70823951,0.181680504,1.338166847,0.486723839,0.067856472
61.71287818,0.175944882,1.334202743,0.498441568,0.062035553
61.71751685,0.178126034,1.333393742,0.524581117,0.063451452
61.72215552,0.183538523,1.336144345,0.532693391,0.069665677
61.72679419,0.177722117,1.334445443,0.481315656,0.064867352
61.73143286,0.175702531,1.332342041,0.504751114,0.062035553
61.73607153,0.181195804,1.335254444,0.54891794,0.066047268
61.7407102,0.182084422,1.34116015,0.505652478,0.068800405
61.74534887,0.175783315,1.342859052,0.50384975,0.062743503
61.74998754,0.176591149,1.345366954,0.525482481,0.062743503
61.75462621,0.183619307,1.35054456,0.553424758,0.069193711
61.75926488,0.179014652,1.35078726,0.486723839,0.066440573
61.76390355,0.175540965,1.347470357,0.505652478,0.062192875
61.76854222,0.179095435,1.346580456,0.538101574,0.064788691
61.77318089,0.182407555,1.347793957,0.513764752,0.069587016
61.77781956,0.176025665,1.343991653,0.484921111,0.063687435
61.78245823,0.174975481,1.339784848,0.504751114,0.062114214
61.7870969,0.181115021,1.34083655,0.547115212,0.068092456
61.79173557,0.179176218,1.340512949,0.483118383,0.067777811
61.79637424,0.17400608,1.336548845,0.49663884,0.062350197
61.80101291,0.176510366,1.335011743,0.523679754,0.06329413
61.80565158,0.182245988,1.337519646,0.529087936,0.069744338
61.81029025,0.176025665,1.333960042,0.479512928,0.064867352
61.81492892,0.173440596,1.329995938,0.501145659,0.062114214
61.81956759,0.178933868,1.329672338,0.543509757,0.06620459
61.82420626,0.179418569,1.330643139,0.493033385,0.068879066
61.82884493,0.173198245,1.326679035,0.490329294,0.062743503
61.8334836,0.17400608,1.324737433,0.511962024,0.062664841
61.83812227,0.18063032,1.326759935,0.539002938,0.069036389
61.84276094,0.175944882,1.324899233,0.476808837,0.066361912
61.84739961,0.172228844,1.320854228,0.499342932,0.062114214
61.85203828,0.176510366,1.321096929,0.535397483,0.064788691
61.85667695,0.179660919,1.323281231,0.509257933,0.069508355
61.86131562,0.173440596,1.320207028,0.484019747,0.063608774
61.86595429,0.172551978,1.318022725,0.50384975,0.062271536
61.87059296,0.179418569,1.320368828,0.547115212,0.068171117
61.87523163,0.176591149,1.321744129,0.48221702,0.067620489
61.8798703,0.172148061,1.319074427,0.498441568,0.062271536
61.88450897,0.174167646,1.319398027,0.5299893,0.063766097
61.88914764,0.179822486,1.327083535,0.538101574,0.069665677
61.89378631,0.173844513,1.33218024,0.497540204,0.064867352
61.89842498,0.171824927,1.334930843,0.520074299,0.061956892
61.90306365,0.177237416,1.338652247,0.559734305,0.066833878
61.90770232,0.177883684,1.341726451,0.50384975,0.068800405
61.91234099,0.172148061,1.338328647,0.501145659,0.062507519
61.91697966,0.173117462,1.335820744,0.521877026,0.063058147
61.92161833,0.178853085,1.338409547,0.545312484,0.069429694
61.926257,0.17400608,1.337519646,0.483118383,0.065889946
61.93089567,0.170693959,1.334283643,0.505652478,0.062192875
61.93553434,0.175137048,1.334930843,0.539904302,0.065339318
61.94017301,0.1778029,1.336791545,0.510159297,0.069744338
61.94481168,0.17142101,1.332908341,0.488526566,0.06329413
61.94945035,0.17142101,1.330562239,0.506553842,0.062507519
61.95408902,0.1778029,1.33153304,0.54891794,0.068013795
61.95872769,0.175217831,1.33153304,0.483118383,0.067305845
61.96336636,0.170532393,1.328377936,0.502047023,0.062114214
61.96800503,0.173359812,1.328297036,0.531792028,0.063766097
61.9726437,0.178691518,1.332422941,0.530890664,0.069508355
61.97728237,0.172390411,1.331209439,0.48942793,0.064159402
61.98192104,0.170613176,1.328458836,0.511060661,0.061563586
61.98655971,0.176591149,1.329429637,0.553424758,0.066519234
61.99119838,0.176995066,1.331128539,0.497540204,0.068485761
61.99583705,0.171582577,1.327164435,0.498441568,0.062507519
62.00047572,0.172309628,1.325222833,0.520074299,0.062822164
62.00511439,0.178691518,1.327730736,0.540805665,0.069036389
62.00975306,0.173925296,1.326274534,0.479512928,0.065339318
62.01439173,0.17093631,1.32222953,0.501145659,0.061720909
62.0190304,0.175621748,1.32206773,0.539002938,0.064867352
62.02366907,0.178368384,1.324980133,0.506553842,0.06911505
62.02830774,0.171744144,1.321016029,0.487625202,0.063058147
62.03294641,0.171340227,1.318669926,0.506553842,0.062350197
62.03758508,0.178449168,1.320287928,0.546213848,0.068171117
62.04222375,0.175379398,1.320449728,0.478611565,0.067069862
62.04686242,0.171017093,1.317213725,0.49663884,0.062114214
62.05150109,0.173844513,1.316566524,0.526383845,0.064080741
62.05613976,0.179095435,1.318912626,0.520975662,0.069429694
62.06077843,0.172309628,1.315757523,0.480414292,0.064159402
62.0654171,0.171017093,1.31308782,0.501145659,0.062035553
62.07005577,0.176833499,1.314058621,0.543509757,0.066755217
62.07469444,0.176429582,1.314948522,0.486723839,0.068171117
62.07933311,0.170532393,1.310903518,0.491230657,0.062271536
62.08397178,0.172632762,1.309528216,0.514666116,0.06329413
62.08861045,0.178449168,1.31268332,0.534496119,0.069351033
62.09324912,0.173279029,1.311469818,0.476808837,0.06549664
62.09788779,0.170209259,1.308476515,0.498441568,0.061956892
62.10252646,0.174975481,1.308800116,0.538101574,0.065339318
62.10716513,0.176914283,1.310903518,0.502047023,0.06911505
62.1118038,0.170774743,1.307667514,0.486723839,0.063058147
62.11644247,0.17117866,1.306049513,0.507455206,0.062428858
62.12108114,0.17756055,1.308395615,0.545312484,0.068171117
62.12571981,0.174571564,1.308719216,0.479512928,0.066833878
62.13035848,0.170128476,1.305402312,0.498441568,0.062192875
62.13499715,0.173359812,1.304997812,0.529087936,0.06400208
62.13963582,0.177722117,1.308395615,0.518271571,0.069744338
62.14427449,0.171340227,1.307020314,0.481315656,0.06400208
62.14891316,0.170693959,1.304916911,0.502948387,0.061878231
62.15355183,0.176671932,1.307505714,0.547115212,0.066991201
62.1581905,0.175864098,1.309609116,0.487625202,0.068328439
62.16282917,0.170532393,1.307101214,0.495737476,0.062900825
62.16746784,0.172551978,1.306615813,0.520074299,0.063451452
62.17210651,0.178368384,1.310094517,0.538101574,0.069587016
62.17674518,0.172794328,1.309609116,0.483118383,0.065575301
62.18138385,0.170209259,1.307667514,0.505652478,0.062350197
62.18602252,0.175137048,1.310094517,0.545312484,0.065811284
62.19066119,0.176752716,1.314948522,0.507455206,0.069429694
62.19529986,0.170693959,1.315191222,0.495737476,0.063451452
62.19993853,0.171582577,1.316809224,0.518271571,0.062507519
62.2045772,0.178206817,1.324009332,0.555227486,0.068171117
62.20921587,0.174894697,1.328297036,0.48942793,0.066519234
62.21385454,0.171097877,1.328135236,0.508356569,0.062192875
62.21849321,0.174652347,1.329995938,0.539002938,0.063923419
62.22313188,0.178772301,1.333960042,0.524581117,0.069429694
62.22777055,0.172471195,1.33177574,0.488526566,0.063923419
62.23240922,0.171340227,1.329834138,0.508356569,0.062114214
62.23704789,0.177722117,1.33145214,0.551622031,0.067384506
62.24168656,0.176671932,1.332584741,0.490329294,0.067935134
62.24632523,0.17142101,1.328782437,0.498441568,0.062428858
62.2509639,0.173602163,1.327568936,0.523679754,0.06329413
62.25560257,0.179580136,1.330076838,0.534496119,0.06990166
62.26024124,0.173925296,1.327973436,0.480414292,0.065260657
62.26487991,0.171097877,1.324575632,0.502047023,0.062271536
62.26951858,0.176429582,1.326112734,0.543509757,0.066125929
62.27415725,0.177883684,1.328377936,0.501145659,0.069036389
62.27879592,0.171582577,1.324818333,0.492132021,0.063058147
62.28343459,0.172309628,1.323038531,0.512863388,0.062428858
62.28807326,0.179176218,1.326436334,0.548016576,0.068564422
62.29271193,0.175217831,1.326031834,0.483118383,0.066519234
62.2973506,0.17117866,1.322876731,0.502948387,0.062192875
62.30198927,0.175298614,1.323281231,0.536298847,0.064710029
62.30662794,0.179176218,1.326921735,0.520074299,0.069665677
62.31126661,0.172794328,1.325141933,0.487625202,0.063766097
62.31590528,0.172228844,1.324332932,0.510159297,0.062271536
62.32054395,0.178772301,1.329186937,0.55612885,0.067463167
62.32518262,0.177398983,1.335335344,0.498441568,0.067856472
62.32982129,0.172632762,1.340108449,0.513764752,0.062350197
62.33445996,0.174894697,1.348926558,0.545312484,0.063372791
62.33909863,0.181357371,1.361546972,0.558832941,0.069587016
62.3437373,0.175783315,1.370769581,0.508356569,0.065181996
62.34837597,0.173844513,1.376189887,0.529087936,0.062114214
62.35301464,0.179257002,1.381852893,0.566945215,0.066125929
62.35765331,0.180468753,1.386383298,0.518271571,0.069193711
62.36229198,0.174167646,1.383632695,0.506553842,0.062743503
62.36693065,0.17449078,1.380477592,0.523679754,0.062743503
62.37156932,0.180953454,1.381448393,0.553424758,0.068721744
62.37620799,0.176752716,1.37885959,0.486723839,0.066361912
62.38084666,0.173602163,1.373358384,0.504751114,0.061878231
62.38548533,0.176914283,1.370769581,0.538101574,0.064631368
62.390124,0.18038797,1.371174082,0.516468843,0.069508355
62.39476267,0.173521379,1.365430176,0.486723839,0.063530113
62.39940134,0.172875112,1.360657071,0.506553842,0.062192875
62.40404001,0.179257002,1.360899771,0.549819303,0.067777811
62.40867868,0.177156633,1.359039069,0.484921111,0.067856472
62.41331735,0.171824927,1.353537863,0.49663884,0.062350197
62.41795602,0.17400608,1.351272661,0.52277839,0.063530113
62.42259469,0.179984053,1.352486162,0.528186573,0.069665677
62.42723336,0.173844513,1.348602958,0.479512928,0.064788691
62.43187203,0.171501794,1.344477053,0.501145659,0.062192875
62.4365107,0.176995066,1.344396153,0.543509757,0.066597895
62.44114937,0.178206817,1.345528755,0.495737476,0.068879066
62.44578804,0.17166336,1.34132195,0.491230657,0.062900825
62.45042671,0.172551978,1.338166847,0.513764752,0.06258618
62.45506538,0.178772301,1.339218548,0.542608393,0.068879066
62.45970405,0.174086863,1.337924146,0.478611565,0.066125929
62.46434272,0.170613176,1.333231942,0.500244295,0.062428858
62.46898139,0.174652347,1.33218024,0.535397483,0.065339318
62.47362006,0.178126034,1.334688143,0.511962024,0.069744338
62.47825873,0.171744144,1.33169484,0.486723839,0.063687435
62.4828974,0.17117866,1.328863337,0.506553842,0.062035553
62.48753607,0.177641334,1.330238638,0.54891794,0.068013795
62.49217474,0.175379398,1.330400439,0.484921111,0.067541828
62.49681341,0.170532393,1.326840835,0.499342932,0.062428858
62.50145208,0.173440596,1.326031834,0.528186573,0.063844758
62.50609075,0.178529951,1.328135236,0.5299893,0.069744338
62.51072942,0.172228844,1.325303733,0.483118383,0.064395385
62.51536809,0.170451609,1.32198683,0.50384975,0.062035553
62.52000676,0.176106449,1.322957631,0.547115212,0.066361912
62.52464543,0.176752716,1.324494732,0.49663884,0.068800405
62.5292841,0.170693959,1.320935128,0.495737476,0.062900825
62.53392277,0.171824927,1.318184526,0.517370207,0.062900825
62.53856144,0.178287601,1.320854228,0.542608393,0.069193711
62.54320011,0.173117462,1.319478927,0.480414292,0.065811284
62.54783878,0.170047692,1.316242924,0.502948387,0.061956892
62.55247745,0.17424843,1.316728324,0.541707029,0.065103335
62.55711612,0.1773182,1.320935128,0.51556748,0.069508355
62.56175479,0.170613176,1.319478927,0.493934749,0.063372791
62.56639346,0.170532393,1.317456425,0.512863388,0.062350197
62.57103213,0.176995066,1.319478927,0.552523395,0.068485761
62.5756708,0.174167646,1.319074427,0.484019747,0.067541828
62.58030947,0.169562992,1.314786722,0.499342932,0.062664841
62.58494814,0.172309628,1.313411421,0.526383845,0.064316724
62.58958681,0.177641334,1.316890124,0.523679754,0.069980321
62.59422548,0.171340227,1.314948522,0.479512928,0.064867352
62.59886415,0.169482208,1.311955219,0.501145659,0.062350197
62.60350282,0.175137048,1.31252152,0.544411121,0.066833878
62.60814149,0.175460181,1.314948522,0.491230657,0.068879066
62.61278016,0.169966909,1.31292602,0.493934749,0.06258618
62.61741883,0.170774743,1.312440619,0.517370207,0.062979486
62.6220575,0.177722117,1.317213725,0.542608393,0.069351033
62.62669617,0.172632762,1.318831726,0.483118383,0.065732623
62.63133484,0.170047692,1.318508126,0.506553842,0.062192875
62.63597351,0.17449078,1.319640727,0.542608393,0.065417979
62.64061218,0.177479767,1.32222953,0.510159297,0.069508355
62.64525085,0.171097877,1.319317127,0.488526566,0.063687435
62.64988952,0.170613176,1.316890124,0.508356569,0.062979486
62.65452819,0.1773182,1.318589026,0.54891794,0.068564422
62.65916686,0.174167646,1.318508126,0.48221702,0.067541828
62.66380553,0.169966909,1.314301321,0.499342932,0.062664841
62.6684442,0.173036679,1.313411421,0.527285209,0.064316724
62.67308287,0.177641334,1.316000223,0.52277839,0.06990166
62.67772154,0.17093631,1.31324962,0.479512928,0.064552707
62.68236021,0.169724558,1.310741718,0.500244295,0.062428858
62.68699888,0.175217831,1.311388918,0.544411121,0.067069862
62.69163755,0.175298614,1.31268332,0.488526566,0.068721744
62.69627622,0.169886125,1.309609116,0.492132021,0.062743503
62.70091489,0.17093631,1.308072015,0.51556748,0.063451452
62.70555356,0.1773182,1.310660818,0.536298847,0.070058983
62.71019223,0.171905711,1.309932717,0.478611565,0.066125929
62.7148309,0.169239858,1.307182114,0.501145659,0.062428858
62.71946957,0.173925296,1.307991115,0.540805665,0.065968607
62.72410824,0.176591149,1.310337217,0.506553842,0.069822999
62.72874691,0.170128476,1.307991115,0.491230657,0.063372791
62.73338558,0.170128476,1.306211313,0.511962024,0.062900825
62.73802425,0.17707585,1.309123716,0.54891794,0.068879066
62.74266292,0.174086863,1.308961916,0.48221702,0.067305845
62.74730159,0.169886125,1.305887713,0.501145659,0.062507519
62.75194026,0.172551978,1.305564112,0.5299893,0.064474046
62.75657893,0.177156633,1.309204616,0.521877026,0.06990166
62.7612176,0.170532393,1.307182114,0.48221702,0.064395385
62.76585627,0.169482208,1.305321412,0.502948387,0.062507519
62.77049494,0.175621748,1.306939414,0.546213848,0.06769915
62.77513361,0.175379398,1.308881016,0.48942793,0.068721744
62.77977228,0.169886125,1.306615813,0.49663884,0.062822164
62.78441095,0.171340227,1.306696713,0.520074299,0.063687435
62.78904962,0.177641334,1.310337217,0.538101574,0.069508355
62.79368829,0.172471195,1.310094517,0.480414292,0.065417979
62.79832696,0.170047692,1.308557415,0.502948387,0.062035553
62.80296563,0.174329213,1.309690017,0.542608393,0.065575301
62.8076043,0.176268015,1.31276422,0.505652478,0.069272372
62.81224297,0.170290042,1.311065318,0.492132021,0.063215469
62.81688164,0.170290042,1.310741718,0.511962024,0.06258618
62.82152031,0.176914283,1.314301321,0.549819303,0.068485761
62.82615898,0.173844513,1.315919323,0.484019747,0.066755217
62.83079765,0.170047692,1.314786722,0.502948387,0.061956892
62.83543632,0.173036679,1.315595723,0.535397483,0.064395385
62.84007499,0.177722117,1.319640727,0.521877026,0.069744338
62.84471366,0.171259443,1.318669926,0.486723839,0.064080741
62.84935233,0.170370826,1.316890124,0.506553842,0.062192875
62.853991,0.176187232,1.318750826,0.54891794,0.067148523
62.85862967,0.175702531,1.319802527,0.48942793,0.068249778
62.86326834,0.169966909,1.316081123,0.497540204,0.062350197
62.86790701,0.172067278,1.315514823,0.521877026,0.063372791
62.87254568,0.178045251,1.318669926,0.536298847,0.069351033
62.87718435,0.172632762,1.316890124,0.480414292,0.065103335
62.88182302,0.170290042,1.314624922,0.502948387,0.061878231
62.88646169,0.174894697,1.316323824,0.543509757,0.065811284
62.89110036,0.176591149,1.319074427,0.502948387,0.06911505
62.89573903,0.170774743,1.316242924,0.493033385,0.062822164
62.9003777,0.171340227,1.315272122,0.514666116,0.062428858
62.90501637,0.178045251,1.319074427,0.549819303,0.068485761
62.90965504,0.17424843,1.319559827,0.484921111,0.066361912
62.91429371,0.170047692,1.316728324,0.502948387,0.062428858
62.91893238,0.173925296,1.317132824,0.534496119,0.064552707
62.92357105,0.178206817,1.320530628,0.519172935,0.069429694
62.92820972,0.171501794,1.317941825,0.486723839,0.063687435
62.93284839,0.171097877,1.316647424,0.506553842,0.062035553
62.93748706,0.177237416,1.319317127,0.549819303,0.067148523
62.94212573,0.176106449,1.321501429,0.488526566,0.067856472
62.9467644,0.17093631,1.318589026,0.500244295,0.062035553
62.95140307,0.173279029,1.318265426,0.524581117,0.063058147
62.95604174,0.179014652,1.321663229,0.535397483,0.069351033
62.96068041,0.172955895,1.321258729,0.48221702,0.064788691
62.96531908,0.170613176,1.319559827,0.505652478,0.062192875
62.96995775,0.176106449,1.32247223,0.547115212,0.066047268
62.97459642,0.177398983,1.326517234,0.50384975,0.069193711
62.97923509,0.17093631,1.326031834,0.49663884,0.063058147
62.98387376,0.172067278,1.326436334,0.519172935,0.062428858
62.98851243,0.179014652,1.33218024,0.552523395,0.069036389
62.9931511,0.174409997,1.333636442,0.488526566,0.066283251
62.99778977,0.17142101,1.33201844,0.508356569,0.062114214
63.00242844,0.175137048,1.332827441,0.539904302,0.064474046
63.00706711,0.178691518,1.335497144,0.520074299,0.069744338
63.01170578,0.172551978,1.332989241,0.48942793,0.063766097
63.01634445,0.171824927,1.330724039,0.508356569,0.062350197
63.02098312,0.178368384,1.333151041,0.550720667,0.067935134
63.02562179,0.176348799,1.333393742,0.485822475,0.068171117
63.03026046,0.171501794,1.330400439,0.499342932,0.062428858
63.03489913,0.173682946,1.328863337,0.525482481,0.063923419
63.0395378,0.179337785,1.33177574,0.530890664,0.070058983
63.04417647,0.173602163,1.330481339,0.480414292,0.065339318
63.04881514,0.17166336,1.328216136,0.502948387,0.062350197
63.05345381,0.177156633,1.329753238,0.545312484,0.066440573
63.05809248,0.178206817,1.33145214,0.498441568,0.06911505
63.06273115,0.171824927,1.328297036,0.493033385,0.063215469
63.06736982,0.172632762,1.326517234,0.513764752,0.062900825
63.07200849,0.179095435,1.329348737,0.543509757,0.069193711
63.07664716,0.17473313,1.328782437,0.479512928,0.066597895
63.08128583,0.170855526,1.326436334,0.501145659,0.062507519
63.0859245,0.175217831,1.327245335,0.535397483,0.065181996
63.09056317,0.178287601,1.329995938,0.513764752,0.069665677
63.09520184,0.172067278,1.328135236,0.487625202,0.063530113
63.09984051,0.171097877,1.326517234,0.506553842,0.062350197
63.10447918,0.177641334,1.329429637,0.549819303,0.067856472
63.10911785,0.175783315,1.330157738,0.484921111,0.06769915
63.11375652,0.17117866,1.327083535,0.498441568,0.062507519
63.11839519,0.17400608,1.326193634,0.524581117,0.063923419
63.12303386,0.179580136,1.329348737,0.527285209,0.070137644
63.12767253,0.173440596,1.328297036,0.479512928,0.065181996
63.1323112,0.171744144,1.325061033,0.501145659,0.062428858
63.13694987,0.176914283,1.325708234,0.542608393,0.066755217
63.14158854,0.17756055,1.327488035,0.493033385,0.069193711
63.14622721,0.171582577,1.324090232,0.491230657,0.063058147
63.15086588,0.172309628,1.32222953,0.512863388,0.062900825
63.15550455,0.178933868,1.325222833,0.539904302,0.069429694
63.16014322,0.17449078,1.325384633,0.477710201,0.066440573
63.16478189,0.171501794,1.32255313,0.499342932,0.062664841
63.16942056,0.175702531,1.323523931,0.536298847,0.065260657
63.17405923,0.178853085,1.326759935,0.510159297,0.06990166
63.1786979,0.172309628,1.325061033,0.486723839,0.063766097
63.18333657,0.171905711,1.324009332,0.506553842,0.06258618
63.18797524,0.178853085,1.327407135,0.54891794,0.068013795
63.19261391,0.176752716,1.329591438,0.483118383,0.06769915
63.19725258,0.171744144,1.328297036,0.499342932,0.062350197
63.20189125,0.174329213,1.328701537,0.529087936,0.064080741
63.20652992,0.180145619,1.333798242,0.530890664,0.070216305
63.21116859,0.174086863,1.335335344,0.487625202,0.064631368
63.21580726,0.172713545,1.338247747,0.512863388,0.062192875
63.22044593,0.178691518,1.345609655,0.559734305,0.066833878
63.2250846,0.179257002,1.353456963,0.508356569,0.068800405
63.22972327,0.173279029,1.354427764,0.508356569,0.062743503
63.23436194,0.174975481,1.355803065,0.528186573,0.062822164
63.23900061,0.181842071,1.360980671,0.550720667,0.069272372
63.24363928,0.176995066,1.361951472,0.48942793,0.066283251
63.24827795,0.173359812,1.35992897,0.511060661,0.062192875
63.25291662,0.177883684,1.361627872,0.547115212,0.065024674
63.25755529,0.180711103,1.364054874,0.51556748,0.069587016
63.26219396,0.17424843,1.361061571,0.493934749,0.063372791
63.26683263,0.173763729,1.358230068,0.511962024,0.062507519
63.2714713,0.18038797,1.359443569,0.551622031,0.068249778
63.27610997,0.177722117,1.358634568,0.483118383,0.067069862
63.28074864,0.173198245,1.353942363,0.499342932,0.062192875
63.28538731,0.175621748,1.352324362,0.528186573,0.063844758
63.29002598,0.180953454,1.354023264,0.524581117,0.069744338
63.29466465,0.174813914,1.35102996,0.481315656,0.064631368
63.29930332,0.172794328,1.347146756,0.502047023,0.062114214
63.30394199,0.178853085,1.347470357,0.545312484,0.066833878
63.30858066,0.178610735,1.347470357,0.48942793,0.068721744
63.31321933,0.172471195,1.342130951,0.492132021,0.06258618
63.317858,0.173602163,1.339380348,0.51556748,0.062979486
63.32249667,0.18038797,1.340593849,0.536298847,0.069272372
63.32713534,0.174975481,1.338328647,0.476808837,0.065889946
63.33177401,0.171905711,1.334202743,0.499342932,0.062035553
63.33641268,0.176671932,1.334121842,0.53720021,0.06549664
63.34105135,0.179418569,1.335254444,0.50384975,0.069508355
63.34569002,0.172632762,1.330481339,0.486723839,0.063136808
63.35032869,0.172471195,1.328135236,0.507455206,0.062192875
63.35496736,0.179257002,1.329915038,0.547115212,0.068171117
63.35960603,0.176106449,1.330319538,0.480414292,0.06691254
63.3642447,0.17166336,1.326759935,0.498441568,0.062035553
63.36888337,0.17449078,1.325870034,0.528186573,0.064395385
63.37352204,0.179499352,1.328458836,0.521877026,0.070294966
63.37816071,0.173036679,1.325546433,0.481315656,0.064474046
63.38279938,0.17166336,1.32279583,0.502948387,0.062350197
63.38743805,0.1778029,1.324171132,0.546213848,0.066991201
63.39207672,0.17756055,1.324899233,0.48942793,0.0684071
63.39671539,0.171824927,1.32214863,0.495737476,0.062743503
63.40135406,0.173117462,1.319478927,0.518271571,0.06329413
63.40599273,0.179337785,1.32255313,0.535397483,0.06990166
63.4106314,0.173602163,1.321501429,0.478611565,0.065653962
63.41527007,0.171259443,1.318265426,0.500244295,0.062035553
63.41990874,0.176025665,1.318993526,0.539002938,0.065653962
63.42454741,0.178368384,1.320692428,0.501145659,0.069744338
63.42918608,0.172148061,1.317699125,0.487625202,0.063530113
63.43382475,0.172228844,1.315272122,0.508356569,0.06258618
63.43846342,0.178691518,1.317941825,0.546213848,0.068328439
63.44310209,0.175137048,1.317456425,0.478611565,0.067305845
63.44774076,0.17093631,1.313896821,0.498441568,0.062350197
63.45237943,0.173763729,1.313573221,0.5299893,0.064395385
63.4570181,0.178772301,1.316728324,0.520074299,0.069744338
63.46165677,0.172390411,1.315029422,0.48221702,0.064080741
63.46629544,0.17117866,1.31300692,0.502948387,0.062114214
63.47093411,0.1773182,1.315838423,0.548016576,0.067148523
63.47557278,0.176591149,1.318669926,0.490329294,0.068249778
63.48021145,0.171259443,1.315191222,0.498441568,0.062350197
63.48485012,0.172955895,1.314463122,0.52277839,0.063136808
63.48948879,0.179418569,1.318669926,0.538101574,0.069508355
63.49412746,0.173925296,1.317618225,0.48221702,0.065181996
63.49876613,0.171017093,1.315595723,0.504751114,0.062035553
63.5034048,0.176268015,1.317780025,0.544411121,0.065653962
63.50804347,0.178206817,1.320045228,0.504751114,0.069429694
63.51268214,0.172067278,1.318103625,0.493934749,0.063136808
63.51732081,0.172551978,1.317780025,0.514666116,0.06258618
63.52195948,0.179337785,1.321825029,0.552523395,0.068800405
63.52659815,0.175702531,1.324252032,0.488526566,0.066755217
63.53123682,0.171744144,1.323928432,0.510159297,0.062114214
63.53587549,0.175379398,1.326679035,0.543509757,0.064238063
63.54051416,0.179660919,1.331290339,0.528186573,0.069822999
63.54515283,0.173359812,1.330319538,0.493934749,0.064159402
63.5497915,0.172390411,1.329106037,0.512863388,0.062350197
63.55443017,0.178853085,1.33201844,0.554326122,0.067541828
63.55906884,0.177722117,1.333879142,0.493033385,0.068328439
63.56370751,0.172067278,1.330643139,0.502047023,0.062428858
63.56834618,0.17424843,1.329510538,0.526383845,0.063530113
63.57298485,0.180226403,1.332746541,0.536298847,0.069508355
63.57762352,0.17449078,1.33161394,0.48221702,0.065024674
63.58226219,0.172713545,1.329591438,0.504751114,0.062271536
63.58690086,0.1778029,1.331209439,0.544411121,0.065968607
63.59153953,0.179499352,1.333960042,0.502047023,0.06911505
63.5961782,0.172955895,1.33193754,0.493033385,0.062822164
63.60081687,0.173602163,1.330885839,0.514666116,0.062350197
63.60545554,0.179984053,1.335011743,0.548016576,0.068800405
63.61009421,0.176187232,1.336144345,0.48221702,0.066597895
63.61473288,0.172551978,1.334607243,0.504751114,0.062192875
63.61937155,0.176106449,1.336144345,0.53720021,0.064631368
63.62401022,0.180064836,1.340432049,0.519172935,0.069744338
63.62864889,0.173521379,1.339865749,0.488526566,0.064080741
63.63328756,0.172471195,1.339299448,0.510159297,0.062428858
63.63792623,0.179176218,1.344557954,0.555227486,0.067541828
63.6425649,0.17756055,1.348198457,0.491230657,0.067777811
63.64720357,0.172551978,1.347146756,0.50384975,0.062192875
63.65184224,0.174975481,1.348683858,0.5299893,0.063058147
63.65648091,0.181034237,1.354265964,0.538101574,0.069272372
63.66111958,0.175056264,1.354427764,0.487625202,0.064788691
63.66575825,0.173117462,1.353376063,0.509257933,0.061878231
63.67039692,0.178691518,1.356369366,0.551622031,0.065968607
63.67503559,0.18038797,1.36000987,0.506553842,0.068879066
63.67967426,0.174652347,1.358472768,0.500244295,0.062822164
63.68431293,0.174975481,1.357663767,0.520975662,0.06258618
63.6889516,0.181599721,1.361385171,0.550720667,0.068643083
63.69359027,0.1773182,1.361870572,0.486723839,0.066047268
63.69822894,0.173602163,1.361627872,0.508356569,0.061878231
63.70286761,0.177964467,1.365349276,0.545312484,0.064316724
63.70750628,0.181922855,1.372144883,0.525482481,0.069272372
63.71214495,0.176187232,1.373601084,0.500244295,0.06329413
63.71678362,0.175460181,1.374976386,0.520975662,0.06179957
63.72142229,0.181922855,1.380315791,0.56333976,0.067620489
63.72606096,0.18063032,1.383228195,0.497540204,0.067620489
63.73069963,0.175379398,1.380234891,0.508356569,0.062192875
63.7353383,0.177641334,1.37902139,0.531792028,0.06329413
63.73997697,0.182973039,1.381367493,0.534496119,0.069429694
63.74461564,0.177156633,1.377241588,0.484921111,0.064631368
63.74925431,0.175298614,1.372306683,0.505652478,0.061878231
63.75389298,0.180711103,1.372225783,0.548016576,0.066361912
63.75853165,0.181761288,1.372872984,0.499342932,0.068957727
63.76317032,0.176025665,1.368342579,0.494836113,0.062900825
63.76780899,0.176671932,1.365187475,0.51556748,0.062900825
63.77244766,0.182892256,1.366967277,0.543509757,0.069272372
63.77708633,0.178691518,1.365511076,0.481315656,0.06620459
63.781725,0.175460181,1.361061571,0.502948387,0.062271536
63.78636367,0.179741702,1.35992897,0.538101574,0.065103335
63.79100234,0.183296173,1.361223371,0.513764752,0.069587016
63.79564101,0.177237416,1.357582867,0.48942793,0.063766097
63.80027968,0.176995066,1.354994065,0.508356569,0.062350197
63.80491835,0.183861657,1.356369366,0.551622031,0.067935134
63.80955702,0.182326772,1.356045766,0.485822475,0.067620489
63.81419569,0.178368384,1.352809762,0.502948387,0.062428858
63.81883436,0.181115021,1.351353561,0.530890664,0.063766097
63.82347303,0.18701221,1.353942363,0.531792028,0.06990166
63.8281117,0.181115021,1.352405262,0.486723839,0.064946013
63.83275037,0.179660919,1.35038276,0.508356569,0.062114214
63.83738904,0.185477325,1.352486162,0.550720667,0.066597895
63.84202771,0.186042809,1.356045766,0.502047023,0.068957727
63.84666638,0.180226403,1.355317665,0.50384975,0.062900825
63.85130505,0.181680504,1.356531166,0.526383845,0.062900825
63.85594372,0.189031796,1.363164973,0.554326122,0.069508355
63.86058239,0.184669491,1.366967277,0.49663884,0.066125929
63.86522106,0.181842071,1.367614478,0.519172935,0.062507519
63.86985973,0.18652751,1.371335882,0.555227486,0.065575301
63.8744984,0.19008198,1.377160688,0.526383845,0.06990166
63.87913707,0.183376956,1.376837088,0.50384975,0.063844758
63.88377574,0.183538523,1.376756188,0.520975662,0.062900825
63.88841441,0.190162763,1.379992191,0.560635669,0.068564422
63.89305308,0.187335344,1.380477592,0.493033385,0.067856472
63.89769175,0.182488339,1.377079788,0.507455206,0.062979486
63.90233042,0.184992625,1.376189887,0.534496119,0.064788691
63.90696909,0.19032433,1.378374189,0.530890664,0.070766932
63.91160776,0.183780873,1.374895486,0.486723839,0.064946013
63.91624643,0.181922855,1.371254982,0.507455206,0.062743503
63.9208851,0.187496911,1.372225783,0.550720667,0.067384506
63.92552377,0.187335344,1.373924685,0.497540204,0.069272372
63.93016244,0.181438154,1.370769581,0.499342932,0.063372791
63.93480111,0.182488339,1.36939428,0.521877026,0.063687435
63.93943978,0.188547095,1.372387583,0.544411121,0.070137644
63.94407845,0.18345774,1.371335882,0.484921111,0.06620459
63.94871712,0.180307186,1.368342579,0.507455206,0.062743503
63.95335579,0.184831058,1.36987968,0.545312484,0.065889946
63.95799446,0.187577694,1.373762885,0.512863388,0.070216305
63.96263313,0.181034237,1.372549383,0.494836113,0.064316724
63.9672718,0.180468753,1.372711183,0.514666116,0.063058147
63.97191047,0.187577694,1.378131489,0.55612885,0.069193711
63.97654914,0.18418479,1.381448393,0.48942793,0.068171117
63.98118781,0.179418569,1.37926409,0.506553842,0.063136808
63.98582648,0.182326772,1.37885959,0.535397483,0.064867352
63.99046515,0.187173777,1.380720292,0.528186573,0.070530949
63.99510382,0.180468753,1.377484288,0.486723839,0.065103335
63.99974249,0.179014652,1.373601084,0.507455206,0.062743503
64.00438116,0.184669491,1.374005585,0.550720667,0.067384506
64.00901983,0.18394244,1.373520184,0.494836113,0.068879066
64.0136585,0.178368384,1.36939428,0.499342932,0.063136808
64.01829717,0.179580136,1.366400977,0.52277839,0.063530113
64.02293584,0.185558109,1.368180779,0.540805665,0.070216305
64.02757451,0.180468753,1.366400977,0.483118383,0.066519234
64.03221318,0.177237416,1.362517773,0.505652478,0.062822164
64.03685185,0.181761288,1.363164973,0.543509757,0.066440573
64.04149052,0.184023224,1.365591976,0.510159297,0.070137644
64.04612919,0.177641334,1.363407674,0.495737476,0.06400208
64.05076786,0.1773182,1.363164973,0.517370207,0.06329413
64.05540653,0.18394244,1.368989779,0.558832941,0.069351033
64.0600452,0.18087267,1.375057286,0.500244295,0.067856472
64.06468387,0.176995066,1.382176493,0.5299893,0.06329413
64.06932254,0.179984053,1.394473306,0.569649307,0.065103335
64.07396121,0.184992625,1.408630821,0.56333976,0.070452288
64.07859988,0.178933868,1.413484827,0.520074299,0.064710029
64.08323855,0.177964467,1.413808427,0.535397483,0.06258618
64.08787722,0.184023224,1.416073629,0.573254762,0.06769915
64.09251589,0.182892256,1.41623543,0.508356569,0.068957727
64.09715456,0.1773182,1.410896024,0.511060661,0.063058147
64.10179323,0.179257002,1.406446519,0.531792028,0.063923419
64.1064319,0.185396542,1.405880219,0.543509757,0.069665677
64.11107057,0.180145619,1.401754314,0.484921111,0.066047268
64.11570924,0.177722117,1.395525008,0.505652478,0.062822164
64.12034791,0.182003638,1.393178905,0.543509757,0.066283251
64.12498658,0.183538523,1.392450804,0.504751114,0.069980321
64.12962525,0.177156633,1.387677699,0.493033385,0.063608774
64.13426392,0.177156633,1.383956295,0.513764752,0.062979486
64.13890259,0.183134606,1.384684396,0.54891794,0.069036389
64.14354126,0.179418569,1.382742794,0.483118383,0.067541828
64.14817993,0.175702531,1.377322488,0.502047023,0.062900825
64.1528186,0.178691518,1.376189887,0.535397483,0.064788691
64.15745727,0.182569122,1.377807889,0.521877026,0.069980321
64.16209594,0.176268015,1.374490985,0.486723839,0.064552707
64.16673461,0.175137048,1.370284181,0.508356569,0.062428858
64.17137328,0.181195804,1.371659482,0.550720667,0.067856472
64.17601195,0.180307186,1.372711183,0.490329294,0.068879066
64.18065062,0.17449078,1.36931338,0.500244295,0.063136808
64.18528929,0.176429582,1.368099879,0.527285209,0.063608774
64.18992796,0.182892256,1.373034784,0.543509757,0.070058983
64.19456663,0.176995066,1.373681984,0.490329294,0.065732623
64.1992053,0.17473313,1.371740382,0.511962024,0.062350197
64.20384397,0.179499352,1.372468483,0.54891794,0.066519234
64.20848264,0.181438154,1.373196584,0.504751114,0.069822999
64.21312131,0.174894697,1.368261679,0.493033385,0.063530113
64.21775998,0.175298614,1.365025675,0.512863388,0.062900825
64.22239865,0.182165205,1.365915576,0.546213848,0.069429694
64.22703732,0.177883684,1.363893074,0.481315656,0.066833878
64.23167599,0.173844513,1.35976717,0.501145659,0.062192875
64.23631466,0.177398983,1.358310968,0.533594755,0.064788691
64.24095333,0.181034237,1.359362669,0.517370207,0.070216305
64.245592,0.174167646,1.355479465,0.484019747,0.064395385
64.25023067,0.173359812,1.351596261,0.504751114,0.062743503
64.25486934,0.179984053,1.352728862,0.548016576,0.068013795
64.25950801,0.178126034,1.352809762,0.484921111,0.068721744
64.26414668,0.172713545,1.348036657,0.497540204,0.062822164
64.26878535,0.174813914,1.346256855,0.52277839,0.063923419
64.27342402,0.181034237,1.347955757,0.531792028,0.070216305
64.27806269,0.174975481,1.345124254,0.479512928,0.065968607
64.28270136,0.172390411,1.34124105,0.502047023,0.062271536
64.28734003,0.178045251,1.341807351,0.543509757,0.066440573
64.2919787,0.179176218,1.342939952,0.498441568,0.069429694
64.29661737,0.172955895,1.339542148,0.492132021,0.063372791
64.30125604,0.173682946,1.338085947,0.512863388,0.063136808
64.30589471,0.180226403,1.340432049,0.544411121,0.069587016
64.31053338,0.175783315,1.339380348,0.479512928,0.066833878
64.31517205,0.172390411,1.335416244,0.500244295,0.062664841
64.31981072,0.175621748,1.334688143,0.534496119,0.065260657
64.32444939,0.179741702,1.337438746,0.512863388,0.070216305
64.32908806,0.173279029,1.333960042,0.484921111,0.064316724
64.33372673,0.172067278,1.330562239,0.504751114,0.06258618
64.3383654,0.178610735,1.33218024,0.547115212,0.068328439
64.34300407,0.176671932,1.332342041,0.483118383,0.068328439
64.34764274,0.171582577,1.328863337,0.49663884,0.062822164
64.35228141,0.174167646,1.328216136,0.523679754,0.063766097
64.35692008,0.179499352,1.330724039,0.528186573,0.06990166
64.36155875,0.173440596,1.328782437,0.478611565,0.065260657
64.36619742,0.171501794,1.325627333,0.501145659,0.06258618
64.37083609,0.176833499,1.326921735,0.543509757,0.066597895
64.37547476,0.177641334,1.328620637,0.495737476,0.069272372
64.38011343,0.171824927,1.325870034,0.491230657,0.063058147
64.3847521,0.172390411,1.324899233,0.513764752,0.063215469
64.38939077,0.179580136,1.328701537,0.542608393,0.06911505
64.39402944,0.175137048,1.329106037,0.479512928,0.066125929
64.39866811,0.171501794,1.327488035,0.502948387,0.062192875
64.40330678,0.175702531,1.328701537,0.539002938,0.065103335
64.40794545,0.179257002,1.332908341,0.51556748,0.069744338
64.41258412,0.172955895,1.331128539,0.48942793,0.063608774
64.41722279,0.172148061,1.329348737,0.509257933,0.062507519
64.42186146,0.178853085,1.33193754,0.551622031,0.067935134
64.42650013,0.176591149,1.332827441,0.485822475,0.06769915
64.4311388,0.172148061,1.329348737,0.500244295,0.062428858
64.43577747,0.17400608,1.328620637,0.527285209,0.063923419
64.44041614,0.179984053,1.332746541,0.5299893,0.069980321
64.44505481,0.173521379,1.331047639,0.48221702,0.065024674
64.44969348,0.171824927,1.328863337,0.504751114,0.062428858
64.45433215,0.177479767,1.33137124,0.548016576,0.066676556
64.45897082,0.1778029,1.334688143,0.498441568,0.069036389
64.46360949,0.172067278,1.33218024,0.497540204,0.063058147
64.46824816,0.173763729,1.332908341,0.521877026,0.063215469
64.47288683,0.180307186,1.338733147,0.548016576,0.069272372
64.4775255,0.175379398,1.34075565,0.486723839,0.066519234
64.48216417,0.172309628,1.34116015,0.510159297,0.062428858
64.48680284,0.176914283,1.345205154,0.548016576,0.065339318
64.49144151,0.180064836,1.35102996,0.52277839,0.070137644
64.49608018,0.17400608,1.352324362,0.501145659,0.063766097
64.50071885,0.17400608,1.354751364,0.52277839,0.062428858
64.50535752,0.181195804,1.361546972,0.566043851,0.068171117
64.50999619,0.179095435,1.367614478,0.501145659,0.06769915
64.51463486,0.174652347,1.370445981,0.520074299,0.06258618
64.51927353,0.17756055,1.37902139,0.553424758,0.064238063
64.5239122,0.18345774,1.397223909,0.565142488,0.070137644
64.52855087,0.179660919,1.421655735,0.540805665,0.065103335
64.53318954,0.18038797,1.45450117,0.586775218,0.062743503
64.53782821,0.19008198,1.502555821,0.657081593,0.067305845
64.54246688,0.192667049,1.546160967,0.613816132,0.069429694
64.54710555,0.188870229,1.5769839,0.613816132,0.063215469
64.55174422,0.190970598,1.595105519,0.617421587,0.063844758
64.55638289,0.197352488,1.604247229,0.619224315,0.070137644
64.56102156,0.192101566,1.601658426,0.539904302,0.066755217
64.56566023,0.188951012,1.593649318,0.548016576,0.062900825
64.5702989,0.1933941,1.58644921,0.574156125,0.065732623
64.57493757,0.195736819,1.580786204,0.535397483,0.070452288
64.57957624,0.188547095,1.569945593,0.510159297,0.064159402
64.58421491,0.188062395,1.559752182,0.526383845,0.06329413
64.58885358,0.194363501,1.554089176,0.56333976,0.068879066
64.59349225,0.190809031,1.545918267,0.493934749,0.067935134
64.59813092,0.186123593,1.534834955,0.508356569,0.063136808
64.60276959,0.188547095,1.526502247,0.535397483,0.064788691
64.60740826,0.193070967,1.521648241,0.5299893,0.070530949
64.61204693,0.185962026,1.511859331,0.486723839,0.065103335
64.6166856,0.18418479,1.50182772,0.507455206,0.062822164
64.62132427,0.18959728,1.496164714,0.549819303,0.067541828
64.62596294,0.188627879,1.490420808,0.493033385,0.069587016
64.63060161,0.182811472,1.480793698,0.497540204,0.06329413
64.63524028,0.183619307,1.472703689,0.520074299,0.063766097
64.63987895,0.189516496,1.469872186,0.539904302,0.070058983
64.64451762,0.183861657,1.462672079,0.481315656,0.066125929
64.64915629,0.180791887,1.45433937,0.50384975,0.06258618
64.65379496,0.185315758,1.451022466,0.543509757,0.065811284
64.65843363,0.187335344,1.449485365,0.508356569,0.069665677
64.6630723,0.180549537,1.442123457,0.492132021,0.063687435
64.66771097,0.180468753,1.43597505,0.511962024,0.062822164
64.67234964,0.186608293,1.435004249,0.551622031,0.068800405
64.67698831,0.183215389,1.432577247,0.484921111,0.067384506
64.68162698,0.178610735,1.42618614,0.50384975,0.062507519
64.68626565,0.181276587,1.424244538,0.536298847,0.064474046
64.69090432,0.186285159,1.427399641,0.529087936,0.069980321
64.69554299,0.179741702,1.424406338,0.490329294,0.064316724
64.70018166,0.178206817,1.421332135,0.513764752,0.062664841
64.70482033,0.184265574,1.423192837,0.559734305,0.067463167
64.709459,0.18370009,1.424729939,0.502948387,0.068643083
64.71409767,0.178206817,1.422707436,0.509257933,0.062743503
64.71873634,0.179903269,1.424082738,0.533594755,0.063530113
64.72337501,0.185800459,1.431525546,0.553424758,0.069587016
64.72801368,0.180307186,1.436298651,0.497540204,0.06549664
64.73265235,0.17756055,1.440020055,0.521877026,0.062664841
64.73729102,0.182245988,1.447867363,0.56333976,0.065811284
64.74192969,0.18418479,1.459759676,0.529087936,0.069665677
64.74656836,0.177964467,1.468982286,0.520975662,0.063530113
64.75120703,0.178045251,1.481440899,0.547115212,0.062900825
64.7558457,0.185073408,1.50190862,0.593986129,0.069036389
64.76048437,0.182003638,1.53006185,0.544411121,0.067069862
64.76512304,0.178610735,1.566871389,0.583169763,0.06258618
64.76976171,0.182569122,1.620022746,0.638152954,0.064238063
64.77440038,0.18725456,1.684095614,0.645363864,0.069822999
64.77903905,0.180791887,1.748977482,0.629139316,0.064238063
64.78367772,0.180064836,1.818308856,0.666996595,0.062507519
64.78831639,0.186446726,1.883676125,0.707557965,0.067463167
64.79295506,0.185558109,1.92606777,0.625533861,0.0684071
64.79759373,0.180145619,1.94475569,0.612013404,0.062428858
64.8022324,0.181761288,1.949043395,0.616520223,0.063058147
64.80687107,0.18725456,1.946373692,0.612013404,0.069665677
64.81150974,0.181599721,1.932863378,0.540805665,0.06549664
64.81614841,0.178853085,1.913851857,0.549819303,0.062192875
64.82078708,0.183619307,1.896296539,0.577761581,0.065811284
64.82542575,0.184992625,1.880925522,0.5299893,0.069429694
64.83006442,0.178691518,1.858677999,0.513764752,0.06329413
64.83470309,0.179337785,1.837320376,0.5299893,0.062822164
64.83934176,0.185638892,1.820654958,0.561537032,0.068957727
64.84398043,0.181195804,1.801158038,0.492132021,0.066991201
64.8486191,0.176752716,1.778506014,0.510159297,0.062192875
64.85325777,0.180711103,1.760546195,0.539904302,0.064867352
64.85789644,0.184507924,1.745579679,0.521877026,0.069744338
64.86253511,0.177964467,1.725840058,0.487625202,0.064080741
64.86717378,0.176833499,1.706747638,0.507455206,0.062192875
64.87181245,0.182326772,1.692347422,0.551622031,0.067384506
64.87645112,0.180791887,1.677947207,0.488526566,0.068171117
64.88108979,0.175056264,1.659340187,0.499342932,0.06258618
64.88572846,0.176995066,1.644859072,0.524581117,0.063687435
64.89036713,0.182407555,1.635393762,0.534496119,0.06990166
64.8950058,0.176752716,1.621640747,0.483118383,0.065575301
64.89964447,0.174571564,1.607645033,0.50384975,0.062428858
64.90428314,0.179499352,1.597856122,0.546213848,0.066519234
64.90892181,0.180953454,1.590089714,0.502948387,0.069508355
64.91356048,0.17449078,1.577631101,0.495737476,0.063215469
64.91819915,0.175298614,1.56743769,0.51556748,0.063136808
64.92283782,0.182084422,1.561289283,0.548016576,0.069193711
64.92747649,0.178206817,1.552228474,0.484019747,0.066597895
64.93211516,0.173925296,1.540497961,0.50384975,0.062664841
64.93675383,0.177479767,1.532569753,0.53720021,0.065024674
64.9413925,0.181034237,1.526744947,0.517370207,0.069980321
64.94603117,0.174813914,1.517117837,0.488526566,0.063923419
64.95066984,0.174086863,1.507652527,0.508356569,0.062507519
64.95530851,0.180226403,1.502636721,0.552523395,0.068092456
64.95994718,0.178449168,1.497297316,0.48942793,0.068013795
64.96458585,0.173763729,1.488317406,0.502047023,0.062428858
64.96922452,0.175783315,1.4823308,0.5299893,0.063687435
64.97386319,0.181357371,1.480470098,0.538101574,0.069822999
64.97850186,0.175540965,1.474645292,0.488526566,0.06549664
64.98314053,0.172875112,1.467687884,0.510159297,0.062900825
64.9877792,0.178691518,1.467121584,0.55612885,0.066991201
64.99241787,0.180468753,1.472541889,0.520074299,0.069822999
64.99705654,0.175298614,1.477800395,0.532693391,0.063451452
65.00169521,0.177479767,1.487993806,0.565142488,0.063766097
65.00633388,0.184992625,1.499967018,0.598492948,0.069822999
65.01097255,0.18063032,1.502636721,0.528186573,0.06691254
65.01561122,0.177156633,1.498996217,0.538101574,0.062900825
65.02024989,0.181034237,1.496002914,0.564241124,0.065968607
65.02488856,0.184427141,1.494304012,0.533594755,0.070766932
65.02952723,0.177883684,1.485971304,0.502948387,0.064867352
65.0341659,0.177479767,1.479013896,0.519172935,0.063372791
65.03880457,0.18394244,1.475535192,0.559734305,0.068800405
65.04344324,0.181842071,1.472056489,0.493033385,0.068721744
65.04808191,0.176995066,1.464451881,0.505652478,0.063136808
65.05272058,0.179418569,1.459678776,0.531792028,0.064395385
65.05735925,0.184669491,1.458141674,0.534496119,0.070294966
65.06199792,0.178126034,1.451507867,0.484921111,0.065181996
65.06663659,0.176106449,1.443984159,0.505652478,0.062743503
65.07127526,0.181276587,1.440262755,0.548016576,0.066991201
65.07591393,0.181842071,1.437350352,0.497540204,0.069587016
65.0805526,0.176025665,1.429664844,0.493934749,0.063215469
65.08519127,0.176671932,1.423192837,0.51556748,0.063372791
65.08982994,0.182892256,1.422060236,0.542608393,0.069587016
65.09446861,0.178126034,1.418338832,0.480414292,0.066361912
65.09910728,0.174813914,1.411705025,0.502047023,0.06258618
65.10374595,0.179257002,1.408711722,0.539002938,0.065653962
65.10838462,0.182084422,1.408469021,0.512863388,0.069980321
65.11302329,0.175621748,1.403291416,0.491230657,0.063923419
65.11766196,0.175217831,1.399650912,0.514666116,0.063058147
65.12230063,0.181761288,1.400864413,0.557030214,0.068721744
65.1269393,0.179095435,1.399246412,0.491230657,0.068013795
65.13157797,0.174329213,1.393745206,0.506553842,0.062743503
65.13621664,0.176671932,1.391884504,0.534496119,0.064238063
65.14085531,0.182003638,1.394958707,0.535397483,0.069980321
65.14549398,0.176268015,1.394149706,0.492132021,0.065103335
65.15013265,0.17449078,1.394958707,0.516468843,0.062428858
65.15477132,0.179984053,1.400298113,0.561537032,0.066833878
65.15940999,0.180226403,1.406042019,0.511962024,0.06911505
65.16404866,0.175217831,1.40693192,0.514666116,0.063136808
65.16868733,0.176268015,1.410167923,0.539904302,0.063451452
65.173326,0.182892256,1.418905132,0.567846579,0.069665677
65.17796467,0.179014652,1.426752441,0.513764752,0.066283251
65.18260334,0.176268015,1.432415447,0.539002938,0.062507519
65.18724201,0.180953454,1.437754852,0.57055067,0.065653962
65.19188068,0.183780873,1.441314456,0.533594755,0.069744338
65.19651935,0.17707585,1.437188552,0.509257933,0.063766097
65.20115802,0.177237416,1.433709848,0.524581117,0.062743503
65.20579669,0.18370009,1.433548048,0.561537032,0.068879066
65.21043536,0.180549537,1.430716545,0.493033385,0.067935134
65.21507403,0.175783315,1.424649038,0.508356569,0.062900825
65.2197127,0.178368384,1.422222036,0.536298847,0.064316724
65.22435137,0.183538523,1.422545636,0.531792028,0.070373627
65.22899004,0.176995066,1.417125331,0.487625202,0.064867352
65.23362871,0.175540965,1.410976924,0.507455206,0.062743503
65.23826738,0.181195804,1.409520722,0.54891794,0.067227184
65.24290605,0.180549537,1.408711722,0.493033385,0.069036389
65.24754472,0.174813914,1.402158815,0.495737476,0.063451452
65.25218339,0.175944882,1.39795201,0.519172935,0.063608774
65.25682206,0.182165205,1.39787111,0.539002938,0.069744338
65.26146073,0.176752716,1.394230606,0.480414292,0.066047268
65.2660994,0.173682946,1.3886485,0.502047023,0.06258618
65.27073807,0.1778029,1.386787798,0.539904302,0.065889946
65.27537674,0.180711103,1.386949598,0.505652478,0.069744338
65.28001541,0.174329213,1.381933793,0.48942793,0.063530113
65.28465408,0.174409997,1.377646089,0.510159297,0.063136808
65.28929275,0.18087267,1.37861689,0.549819303,0.068957727
65.29393142,0.17756055,1.378212389,0.484019747,0.067227184
65.29857009,0.173117462,1.373601084,0.502948387,0.06258618
65.30320876,0.176348799,1.372144883,0.533594755,0.064788691
65.30784743,0.180953454,1.374248285,0.528186573,0.070373627
65.3124861,0.174813914,1.371902183,0.490329294,0.064474046
65.31712477,0.173359812,1.368504379,0.511060661,0.062350197
65.32176344,0.179418569,1.36931338,0.553424758,0.067463167
65.32640211,0.179014652,1.370445981,0.495737476,0.068564422
65.33104078,0.173279029,1.365672876,0.501145659,0.062664841
65.33567945,0.174409997,1.363326773,0.524581117,0.063372791
65.34031812,0.180953454,1.365187475,0.540805665,0.069822999
65.34495679,0.175379398,1.363164973,0.483118383,0.065968607
65.34959546,0.172875112,1.359443569,0.504751114,0.06258618
65.35423413,0.1773182,1.358958169,0.542608393,0.066047268
65.3588728,0.179660919,1.36025257,0.504751114,0.069508355
65.36351147,0.173440596,1.355479465,0.492132021,0.063530113
65.36815014,0.173198245,1.352081662,0.511962024,0.062822164
65.37278881,0.180145619,1.354023264,0.54891794,0.068879066
65.37742748,0.176671932,1.354104164,0.48221702,0.067384506
65.38206615,0.172551978,1.35030186,0.502047023,0.06258618
65.38670482,0.176025665,1.348926558,0.532693391,0.064631368
65.39134349,0.18038797,1.351758061,0.521877026,0.070216305
65.39598216,0.173521379,1.348036657,0.484921111,0.064238063
65.40062083,0.172875112,1.345043354,0.505652478,0.062428858
65.4052595,0.178853085,1.346014155,0.549819303,0.067463167
65.40989817,0.177883684,1.346984956,0.491230657,0.068485761
65.41453684,0.171905711,1.342535451,0.499342932,0.062743503
65.41917551,0.173763729,1.34116015,0.523679754,0.063687435
65.42381418,0.179741702,1.343910753,0.53720021,0.070294966
65.42845285,0.17400608,1.342454551,0.483118383,0.065732623
65.43309152,0.171824927,1.339461248,0.504751114,0.062428858
65.43773019,0.176429582,1.340270249,0.544411121,0.065968607
65.44236886,0.178045251,1.342130951,0.50384975,0.06990166
65.44700753,0.171744144,1.339056748,0.493033385,0.063451452
65.4516462,0.172067278,1.337357846,0.514666116,0.062664841
65.45628487,0.179418569,1.34164555,0.549819303,0.068879066
65.46092354,0.17473313,1.343263552,0.484921111,0.066755217
65.46556221,0.171340227,1.34124105,0.505652478,0.062507519
65.47020088,0.174975481,1.342859052,0.539002938,0.064788691
65.47483955,0.179580136,1.348117557,0.524581117,0.069980321
65.47947822,0.173036679,1.347470357,0.493033385,0.064159402
65.48411689,0.172228844,1.347227656,0.514666116,0.062114214
65.48875556,0.178691518,1.354589564,0.560635669,0.067541828
65.49339423,0.1773182,1.362517773,0.50384975,0.068171117
65.4980329,0.172228844,1.365915576,0.518271571,0.062743503
65.50267157,0.173359812,1.371012282,0.545312484,0.063687435
65.50731024,0.180145619,1.37869779,0.555227486,0.069665677
65.51194891,0.17400608,1.381043892,0.501145659,0.065417979
65.51658758,0.171905711,1.380477592,0.520074299,0.062428858
65.52122625,0.176752716,1.381691093,0.557931577,0.066440573
65.52586492,0.177964467,1.383470895,0.511060661,0.069508355
65.53050359,0.171986494,1.37918319,0.501145659,0.063058147
65.53514226,0.172390411,1.375785387,0.520074299,0.062822164
65.53978093,0.178772301,1.376675288,0.550720667,0.069036389
65.5444196,0.175137048,1.374086485,0.484921111,0.066833878
65.54905827,0.17117866,1.36923248,0.50384975,0.062428858
65.55369694,0.174813914,1.368180779,0.53720021,0.064867352
65.55833561,0.178368384,1.368989779,0.518271571,0.069980321
65.56297428,0.171986494,1.365834676,0.487625202,0.063923419
65.56761295,0.171340227,1.362032372,0.507455206,0.062350197
65.57225162,0.177883684,1.363326773,0.550720667,0.067935134
65.57689029,0.176187232,1.362922273,0.487625202,0.068328439
65.58152896,0.17093631,1.35976717,0.501145659,0.062900825
65.58616763,0.172875112,1.358634568,0.527285209,0.064080741
65.5908063,0.178691518,1.361304271,0.535397483,0.070216305
65.59544497,0.172794328,1.359605369,0.484921111,0.06549664
65.60008364,0.171097877,1.355964866,0.506553842,0.062900825
65.60472231,0.176187232,1.356207566,0.54891794,0.066991201
65.60936098,0.17707585,1.358068268,0.502047023,0.069587016
65.61399965,0.170370826,1.354913165,0.49663884,0.063451452
65.61863832,0.17166336,1.353133363,0.518271571,0.063058147
65.62327699,0.178287601,1.355722165,0.548016576,0.069272372
65.62791566,0.173844513,1.355236765,0.486723839,0.066440573
65.63255433,0.170532393,1.353618763,0.510159297,0.062350197
65.637193,0.174652347,1.357421067,0.548016576,0.065103335
65.64183167,0.178691518,1.363893074,0.526383845,0.06990166
65.64647034,0.172390411,1.363731274,0.500244295,0.063766097
65.65110901,0.172390411,1.364378475,0.520074299,0.062271536
65.65574768,0.179257002,1.368666179,0.562438396,0.067856472
65.66038635,0.176995066,1.371093182,0.497540204,0.067620489
65.66502502,0.172551978,1.368261679,0.510159297,0.062271536
65.66966369,0.174975481,1.368666179,0.536298847,0.063844758
65.67430236,0.180307186,1.371740382,0.538101574,0.069980321
65.67894103,0.174571564,1.36971788,0.48942793,0.065024674
65.6835797,0.172632762,1.367371778,0.511060661,0.062507519
65.68821837,0.178368384,1.368504379,0.552523395,0.066676556
65.69285704,0.179014652,1.36987968,0.502948387,0.069036389
65.69749571,0.173279029,1.366158276,0.501145659,0.063058147
65.70213438,0.174329213,1.364540275,0.52277839,0.06329413
65.70677305,0.18038797,1.368423479,0.549819303,0.069665677
65.71141172,0.176187232,1.368585279,0.488526566,0.066676556
65.71605039,0.172875112,1.366400977,0.510159297,0.062900825
65.72068906,0.177237416,1.367209978,0.546213848,0.065260657
65.72532773,0.180711103,1.370445981,0.519172935,0.069822999
65.7299664,0.17424843,1.368423479,0.495737476,0.063923419
65.73460507,0.173925296,1.366967277,0.51556748,0.062979486
65.73924374,0.18063032,1.370607781,0.557931577,0.068485761
65.74388241,0.178287601,1.371983083,0.491230657,0.067856472
65.74852108,0.173844513,1.371012282,0.508356569,0.062822164
65.75315975,0.176833499,1.371902183,0.53720021,0.064316724
65.75779842,0.181680504,1.375947187,0.53720021,0.070452288
65.76243709,0.176348799,1.376189887,0.493033385,0.065103335
65.76707576,0.174329213,1.376594388,0.51556748,0.062507519
65.77171443,0.180307186,1.381771993,0.560635669,0.066991201
65.7763531,0.181115021,1.387030499,0.508356569,0.069193711
65.78099177,0.175702531,1.3883249,0.510159297,0.063136808
65.78563044,0.177398983,1.391318203,0.534496119,0.06329413
65.79026911,0.184588708,1.400055412,0.559734305,0.070058983
65.79490778,0.180064836,1.404262217,0.500244295,0.066833878
65.79954645,0.177237416,1.406203819,0.523679754,0.062822164
65.80418512,0.181761288,1.412594926,0.562438396,0.065811284
65.80882379,0.184831058,1.422141136,0.533594755,0.070373627
65.81346246,0.178449168,1.431201945,0.520074299,0.064316724
65.81810113,0.178853085,1.448110063,0.550720667,0.062979486
65.8227398,0.18652751,1.479337496,0.606605222,0.069036389
65.82737847,0.184911841,1.515176234,0.555227486,0.068328439
65.83201714,0.181761288,1.555140877,0.58947931,0.063136808
65.83665581,0.18676986,1.601496626,0.634547499,0.064867352
65.84129448,0.1933941,1.653919882,0.642659773,0.070688271
65.84593315,0.188223961,1.697201428,0.60390113,0.065181996
65.85057182,0.187820044,1.736518869,0.628237952,0.063136808
65.85521049,0.194686635,1.775512711,0.674207505,0.067935134
65.85984916,0.195494469,1.807630045,0.613816132,0.069744338
65.86448783,0.190566681,1.823810062,0.605703858,0.06400208
65.8691265,0.192182349,1.833922573,0.615618859,0.064238063
65.87376517,0.198160322,1.838048477,0.621027042,0.070766932
65.87840384,0.19315175,1.83157647,0.547115212,0.067148523
65.88304251,0.189435713,1.818794257,0.557030214,0.063451452
65.88768118,0.194201934,1.807791845,0.585873855,0.066991201
65.89231985,0.196544654,1.797841134,0.546213848,0.07060961
65.89695852,0.189678063,1.782793718,0.524581117,0.064631368
65.90159719,0.189274146,1.768878904,0.539904302,0.063687435
65.90623586,0.196544654,1.758523693,0.575958853,0.069665677
65.91087453,0.193232533,1.744851578,0.504751114,0.068564422
65.9155132,0.188143178,1.72770076,0.520074299,0.063451452
65.92015187,0.190809031,1.713300545,0.547115212,0.06549664
65.92479054,0.195332902,1.701570032,0.536298847,0.071002915
65.92942921,0.188143178,1.685875416,0.494836113,0.06549664
65.93406788,0.186204376,1.670504399,0.513764752,0.06329413
65.93870655,0.191616865,1.659259287,0.557030214,0.068013795
65.94334522,0.190728247,1.649065877,0.499342932,0.069665677
65.94798389,0.184427141,1.635151062,0.504751114,0.063687435
65.95262256,0.185477325,1.62414865,0.529087936,0.064159402
65.95726123,0.191293731,1.617353043,0.547115212,0.070373627
65.9618999,0.185396542,1.606027031,0.488526566,0.066283251
65.96653857,0.182084422,1.594053818,0.510159297,0.063058147
65.97117724,0.187092994,1.585478409,0.54891794,0.066597895
65.97581591,0.188789445,1.577954701,0.511962024,0.070294966
65.98045458,0.181357371,1.565415188,0.49663884,0.064080741
65.98509325,0.181357371,1.554979077,0.51556748,0.063608774
65.98973192,0.188062395,1.549235171,0.552523395,0.069429694
65.99437059,0.184265574,1.540497961,0.485822475,0.067620489
65.99900926,0.179903269,1.52957645,0.504751114,0.063136808
66.00364793,0.18345774,1.523023543,0.536298847,0.065260657
66.0082866,0.187739261,1.518735838,0.525482481,0.070452288
66.01292527,0.181357371,1.510403129,0.48942793,0.064867352
66.01756394,0.18038797,1.50182772,0.510159297,0.06329413
66.02220261,0.187496911,1.498268117,0.553424758,0.068249778
66.02684128,0.187820044,1.494061312,0.494836113,0.069193711
66.03147995,0.184023224,1.484757802,0.504751114,0.063372791
66.03611862,0.189193362,1.479580197,0.532693391,0.064159402
66.04075729,0.198321889,1.477638595,0.54891794,0.070452288
66.04539596,0.195332902,1.471571088,0.495737476,0.066361912
66.05003463,0.193959584,1.464613681,0.517370207,0.063215469
66.0546733,0.19904894,1.462024878,0.557030214,0.066991201
66.05931197,0.200826175,1.461296777,0.514666116,0.070530949
66.06395064,0.194282718,1.45442027,0.502047023,0.064316724
66.06858931,0.193798017,1.449404465,0.521877026,0.063766097
66.07322798,0.200260691,1.449242665,0.555227486,0.069822999
66.07786665,0.195898386,1.446896562,0.48942793,0.06769915
66.08250532,0.191293731,1.441961657,0.509257933,0.06329413
66.08714399,0.194282718,1.439696454,0.542608393,0.065732623
66.09178266,0.197917972,1.440748156,0.525482481,0.070924254
66.09642133,0.190647464,1.43565145,0.491230657,0.064788691
66.10106,0.189112579,1.430635645,0.511962024,0.063058147
66.10569867,0.194686635,1.429907544,0.55612885,0.0684071
66.11033734,0.192747833,1.428613143,0.493934749,0.068957727
66.11497601,0.186931427,1.423759138,0.50384975,0.063372791
66.11961468,0.188627879,1.420118634,0.529087936,0.064159402
66.12425335,0.194040368,1.421332135,0.539904302,0.070766932
66.12889202,0.187658477,1.417934331,0.485822475,0.066047268
66.13353069,0.184750274,1.413323026,0.507455206,0.063058147
66.13816936,0.18959728,1.412109525,0.549819303,0.067148523
66.14280803,0.190485897,1.412190425,0.504751114,0.070137644
66.1474467,0.184023224,1.406608319,0.495737476,0.06400208
66.15208537,0.184265574,1.402563315,0.51556748,0.063766097
66.15672404,0.190809031,1.403291416,0.548016576,0.070058983
66.16136271,0.185881242,1.401268914,0.483118383,0.067384506
66.16600138,0.181922855,1.396414909,0.502948387,0.063372791
66.17064005,0.185073408,1.394877807,0.536298847,0.06620459
66.17527872,0.188466312,1.396172208,0.517370207,0.071002915
66.17991739,0.181195804,1.391641803,0.488526566,0.064710029
66.18455606,0.180307186,1.3883249,0.508356569,0.063136808
66.18919473,0.186285159,1.389133901,0.551622031,0.068485761
66.1938334,0.184265574,1.389053001,0.487625202,0.068721744
66.19847207,0.179337785,1.384846196,0.500244295,0.06329413
66.20311074,0.181195804,1.381771993,0.526383845,0.064316724
66.20774941,0.186285159,1.383956295,0.534496119,0.070530949
66.21238808,0.180307186,1.380962992,0.483118383,0.065889946
66.21702675,0.178126034,1.376756188,0.50384975,0.063215469
66.22166542,0.182973039,1.376998888,0.547115212,0.067305845
66.22630409,0.184104007,1.378293289,0.501145659,0.070137644
66.23094276,0.17756055,1.374329185,0.495737476,0.06400208
66.23558143,0.177964467,1.371578582,0.517370207,0.063844758
66.2402201,0.184346357,1.374005585,0.548016576,0.070216305
66.24485877,0.180145619,1.373681984,0.484921111,0.067541828
66.24949744,0.176591149,1.371093182,0.508356569,0.06329413
66.25413611,0.179741702,1.372630283,0.544411121,0.066125929
66.25877478,0.183296173,1.377484288,0.523679754,0.070845593
66.26341345,0.176914283,1.376837088,0.499342932,0.065024674
66.26805212,0.176914283,1.377160688,0.521877026,0.063844758
66.27269079,0.182973039,1.383228195,0.57055067,0.069193711
66.27732946,0.181922855,1.392855305,0.521877026,0.069036389
66.28196813,0.178045251,1.398922811,0.548016576,0.063530113
66.2866068,0.180226403,1.404019517,0.57055067,0.064946013
66.29124547,0.185638892,1.409682523,0.56333976,0.070924254
66.29588414,0.179337785,1.40677012,0.507455206,0.066047268
66.30052281,0.17756055,1.401916114,0.52277839,0.063608774
66.30516148,0.182973039,1.400783513,0.560635669,0.067935134
66.30980015,0.183296173,1.400945313,0.508356569,0.069822999
66.31443882,0.177398983,1.396576709,0.50384975,0.063923419
66.31907749,0.178045251,1.393583406,0.523679754,0.064080741
66.32371616,0.18418479,1.394554207,0.549819303,0.070452288
66.32835483,0.179741702,1.392208104,0.486723839,0.06691254
66.3329935,0.176025665,1.387596799,0.507455206,0.063215469
66.33763217,0.179660919,1.385493397,0.541707029,0.066361912
66.34227084,0.183053823,1.386383298,0.514666116,0.070845593
66.34690951,0.176591149,1.381771993,0.492132021,0.064867352
66.35154818,0.175944882,1.378131489,0.511962024,0.063451452
66.35618685,0.181922855,1.379425891,0.553424758,0.069351033
66.36082552,0.179580136,1.37885959,0.488526566,0.068800405
66.36546419,0.174571564,1.374814586,0.50384975,0.063687435
66.37010286,0.176995066,1.372387583,0.532693391,0.065024674
66.37474153,0.182407555,1.374490985,0.531792028,0.070766932
66.3793802,0.176187232,1.371012282,0.485822475,0.065889946
66.38401887,0.174571564,1.366320077,0.506553842,0.063530113
66.38865754,0.18038797,1.366320077,0.549819303,0.068013795
66.39329621,0.180307186,1.367452678,0.497540204,0.069980321
66.39793488,0.174813914,1.363326773,0.498441568,0.063844758
66.40257355,0.175783315,1.361061571,0.520074299,0.064080741
66.40721222,0.182649905,1.363003173,0.544411121,0.070452288
66.41185089,0.177237416,1.360980671,0.484019747,0.066991201
66.41648956,0.174167646,1.357016567,0.504751114,0.063372791
66.42112823,0.178206817,1.356612066,0.541707029,0.066440573
66.4257669,0.181115021,1.358796369,0.511962024,0.070530949
66.43040557,0.174813914,1.355074965,0.490329294,0.064474046
66.43504424,0.174167646,1.351191761,0.509257933,0.06329413
66.43968291,0.18087267,1.352000761,0.549819303,0.069193711
66.44432158,0.178045251,1.351677161,0.484019747,0.0684071
66.44896025,0.173117462,1.347551257,0.500244295,0.06329413
66.45359892,0.176187232,1.346418656,0.5299893,0.064631368
66.45823759,0.181438154,1.348764758,0.526383845,0.070766932
66.46287626,0.175298614,1.346014155,0.484019747,0.065260657
66.46751493,0.173521379,1.342616351,0.504751114,0.062979486
66.4721536,0.179580136,1.343748953,0.54891794,0.06769915
66.47679227,0.179418569,1.345366954,0.494836113,0.069351033
66.48143094,0.174167646,1.342211851,0.498441568,0.063058147
66.48606961,0.175298614,1.339784848,0.521877026,0.063687435
66.49070828,0.181518938,1.342130951,0.541707029,0.070216305
66.49534695,0.176106449,1.34083655,0.483118383,0.06620459
66.49998562,0.173440596,1.337600546,0.505652478,0.062900825
66.50462429,0.177722117,1.338005047,0.541707029,0.06620459
66.50926296,0.180064836,1.340270249,0.509257933,0.070294966
66.51390163,0.173279029,1.337276946,0.492132021,0.063844758
66.5185403,0.173602163,1.335254444,0.513764752,0.063215469
66.52317897,0.180468753,1.339946649,0.555227486,0.06911505
66.52781764,0.177237416,1.34148375,0.490329294,0.067935134
66.53245631,0.172390411,1.340351149,0.509257933,0.063136808
66.53709498,0.176106449,1.342050051,0.539904302,0.064867352
66.54173365,0.180791887,1.345528755,0.5299893,0.070373627
66.54637232,0.174409997,1.343263552,0.48942793,0.065181996
66.55101099,0.172955895,1.34107925,0.509257933,0.062979486
66.55564966,0.178933868,1.343263552,0.552523395,0.068013795
66.56028833,0.178772301,1.344962454,0.494836113,0.069272372
66.564927,0.173117462,1.34164555,0.501145659,0.063136808
66.56956567,0.17473313,1.339784848,0.52277839,0.06400208
66.57420434,0.18087267,1.342373651,0.539904302,0.069980321
66.57884301,0.175379398,1.339865749,0.483118383,0.06620459
66.58348168,0.172551978,1.336063445,0.504751114,0.062428858
66.58812035,0.1773182,1.336387045,0.543509757,0.065889946
66.59275902,0.179660919,1.339380348,0.507455206,0.069587016
66.59739769,0.173198245,1.336953345,0.493934749,0.063530113
66.60203636,0.173602163,1.335739844,0.514666116,0.062979486
66.60667503,0.180145619,1.338652247,0.550720667,0.069193711
66.6113137,0.176187232,1.338409547,0.484921111,0.067541828
66.61595237,0.171905711,1.334445443,0.50384975,0.062664841
66.62059104,0.175460181,1.334688143,0.534496119,0.064867352
66.62522971,0.180064836,1.337924146,0.521877026,0.07060961
66.62986838,0.173440596,1.335092643,0.484921111,0.064552707
66.63450705,0.172148061,1.33193754,0.506553842,0.06258618
66.63914572,0.178610735,1.333879142,0.549819303,0.068013795
66.64378439,0.177883684,1.335820744,0.493033385,0.068721744
66.64842306,0.172471195,1.333312842,0.502948387,0.062979486
66.65306173,0.17473313,1.333151041,0.526383845,0.06400208
66.6577004,0.180549537,1.336387045,0.540805665,0.070294966
66.66233907,0.175217831,1.335335344,0.484921111,0.065968607
66.66697774,0.172955895,1.33218024,0.507455206,0.062822164
66.67161641,0.17756055,1.332584741,0.546213848,0.066361912
66.67625508,0.178853085,1.334526343,0.504751114,0.069980321
66.68089375,0.172955895,1.332422941,0.493033385,0.063844758
66.68553242,0.173198245,1.330966739,0.513764752,0.06329413
66.69017109,0.179903269,1.333555542,0.548016576,0.069429694
66.69480976,0.175864098,1.333555542,0.483118383,0.067148523
66.69944843,0.171986494,1.330238638,0.502948387,0.062664841
66.7040871,0.175379398,1.329915038,0.535397483,0.065103335
66.70872577,0.179741702,1.332746541,0.520074299,0.070530949
66.71336444,0.173359812,1.329753238,0.486723839,0.064710029
66.71800311,0.172228844,1.327488035,0.508356569,0.063136808
66.72264178,0.178772301,1.329915038,0.550720667,0.068564422
66.72728045,0.177156633,1.330724039,0.48942793,0.068879066
66.73191912,0.171905711,1.327649836,0.499342932,0.063215469
66.73655779,0.17424843,1.327326235,0.524581117,0.063844758
66.74119646,0.179984053,1.330804939,0.535397483,0.07060961
66.74583513,0.174167646,1.330076838,0.483118383,0.066047268
66.7504738,0.171340227,1.328297036,0.506553842,0.062822164
66.75511247,0.176591149,1.330238638,0.548016576,0.066833878
66.75975114,0.178287601,1.332989241,0.502948387,0.070058983
66.76438981,0.172228844,1.330481339,0.494836113,0.063844758
66.76902848,0.172955895,1.329186937,0.51556748,0.063766097
66.77366715,0.179903269,1.33193754,0.548016576,0.069665677
66.77830582,0.175864098,1.331290339,0.483118383,0.067463167
66.78294449,0.172390411,1.328377936,0.50384975,0.06329413
66.78758316,0.176429582,1.328782437,0.536298847,0.065732623
66.79222183,0.18063032,1.332422941,0.517370207,0.071002915
66.7968605,0.173682946,1.329672338,0.486723839,0.065024674
66.80149917,0.173036679,1.327326235,0.508356569,0.063058147
66.80613784,0.179418569,1.330076838,0.551622031,0.068564422
66.81077651,0.176995066,1.330966739,0.487625202,0.068643083
66.81541518,0.172228844,1.328135236,0.500244295,0.063058147
66.82005385,0.174409997,1.328054336,0.526383845,0.064316724
66.82469252,0.179741702,1.33209934,0.532693391,0.07060961
66.82933119,0.17424843,1.331128539,0.481315656,0.065811284
66.83396986,0.172390411,1.329186937,0.50384975,0.062979486
66.83860853,0.17756055,1.330804939,0.547115212,0.067305845
66.8432472,0.178610735,1.332989241,0.500244295,0.069980321
66.84788587,0.172794328,1.331128539,0.49663884,0.063766097
66.85252454,0.173117462,1.330885839,0.517370207,0.063766097
66.85716321,0.179580136,1.335173544,0.54891794,0.070216305
66.86180188,0.174652347,1.336629745,0.484921111,0.067148523
66.86644055,0.17142101,1.336063445,0.507455206,0.062900825
66.87107922,0.175702531,1.339380348,0.542608393,0.065575301
66.87571789,0.179257002,1.344315253,0.520074299,0.070373627
66.88035656,0.172794328,1.344396153,0.493033385,0.064474046
66.88499523,0.172067278,1.345528755,0.512863388,0.063058147
66.8896339,0.178772301,1.349573759,0.55612885,0.068879066
66.89427257,0.176429582,1.35111086,0.490329294,0.068879066
66.89891124,0.171501794,1.348602958,0.504751114,0.063136808
66.90354991,0.174167646,1.347793957,0.531792028,0.064080741
66.90818858,0.179580136,1.351919861,0.534496119,0.070294966
66.91282725,0.173440596,1.35062546,0.486723839,0.065417979
66.91746592,0.171340227,1.347470357,0.507455206,0.062822164
66.92210459,0.17707585,1.348522058,0.54891794,0.067148523
66.92674326,0.177641334,1.35030186,0.498441568,0.069429694
66.93138193,0.171744144,1.346904056,0.497540204,0.063451452
66.9360206,0.172551978,1.345690555,0.520074299,0.063451452
66.94065927,0.179257002,1.349654659,0.547115212,0.069665677
66.94529794,0.17449078,1.349816459,0.484921111,0.066597895
66.94993661,0.171501794,1.347713057,0.507455206,0.062900825
66.95457528,0.175540965,1.348926558,0.543509757,0.065889946
66.95921395,0.179095435,1.352405262,0.518271571,0.070216305
66.96385262,0.172228844,1.351272661,0.49663884,0.064080741
66.96849129,0.171905711,1.352405262,0.519172935,0.063136808
66.97312996,0.179095435,1.361385171,0.565142488,0.068485761
66.97776863,0.176833499,1.36971788,0.504751114,0.0684071
66.9824073,0.172471195,1.374167385,0.524581117,0.062979486
66.98704597,0.174975481,1.379830391,0.553424758,0.064552707
66.99168464,0.18038797,1.388244,0.550720667,0.070530949
66.99632331,0.17449078,1.391156403,0.505652478,0.065024674
67.00096198,0.173279029,1.395363207,0.53720021,0.062822164
67.00560065,0.179176218,1.409116222,0.597591584,0.067620489
67.01023932,0.179984053,1.422950137,0.552523395,0.069665677
67.01487799,0.17424843,1.425538939,0.544411121,0.063608774
67.01951666,0.175298614,1.42578164,0.55612885,0.063766097
67.02415533,0.181761288,1.427318741,0.57055067,0.070137644
67.028794,0.176914283,1.423678237,0.502047023,0.066676556
67.03343267,0.173925296,1.418662432,0.520074299,0.062979486
67.03807134,0.178529951,1.417691631,0.553424758,0.066283251
67.04271001,0.181518938,1.418177032,0.520975662,0.070530949
67.04734868,0.17473313,1.414132027,0.500244295,0.064316724
67.05198735,0.17424843,1.411866825,0.520074299,0.063372791
67.05662602,0.181438154,1.414779228,0.561537032,0.06911505
67.06126469,0.178610735,1.415264629,0.495737476,0.068092456
67.06590336,0.174652347,1.411462324,0.513764752,0.063136808
67.07054203,0.17707585,1.410087023,0.541707029,0.064867352
67.0751807,0.182245988,1.410896024,0.536298847,0.070688271
67.07981937,0.175621748,1.406527419,0.491230657,0.065260657
67.08445804,0.174086863,1.401754314,0.511060661,0.063451452
67.08909671,0.180145619,1.400945313,0.553424758,0.067935134
67.09373538,0.179741702,1.400702613,0.498441568,0.069429694
67.09837405,0.174329213,1.395039607,0.502047023,0.063608774
67.10301272,0.175621748,1.391075503,0.523679754,0.064159402
67.10765139,0.181599721,1.391965404,0.543509757,0.070452288
67.11229006,0.176591149,1.3887294,0.483118383,0.066597895
67.11692873,0.173682946,1.382904594,0.505652478,0.063215469
67.1215674,0.178045251,1.381205692,0.543509757,0.066519234
67.12620607,0.180145619,1.381771993,0.511060661,0.070294966
67.13084474,0.173844513,1.377646089,0.494836113,0.064238063
67.13548341,0.17400608,1.375704487,0.514666116,0.063530113
67.14012208,0.18063032,1.377241588,0.554326122,0.069272372
67.14476075,0.177156633,1.376028087,0.487625202,0.068092456
67.14939942,0.172632762,1.371012282,0.505652478,0.063136808
67.15403809,0.175702531,1.36939428,0.535397483,0.065103335
67.15867676,0.18038797,1.370931382,0.528186573,0.07060961
67.16331543,0.174167646,1.368018978,0.48942793,0.065103335
67.1679541,0.172551978,1.364378475,0.510159297,0.063215469
67.17259277,0.178449168,1.365268376,0.553424758,0.067935134
67.17723144,0.177883684,1.365106575,0.494836113,0.069193711
67.18187011,0.172632762,1.361304271,0.502047023,0.06329413
67.18650878,0.174167646,1.359119969,0.526383845,0.063923419
67.19114745,0.18063032,1.361466071,0.544411121,0.070216305
67.19578612,0.175460181,1.35976717,0.488526566,0.066283251
67.20042479,0.172309628,1.357259267,0.510159297,0.063058147
67.20506346,0.176914283,1.357987368,0.550720667,0.066440573
67.20970213,0.179337785,1.360818871,0.51556748,0.070058983
67.2143408,0.172955895,1.359119969,0.504751114,0.063766097
67.21897947,0.173036679,1.359443569,0.529087936,0.063058147
67.22361814,0.179984053,1.366077376,0.572353398,0.069587016
67.22825681,0.17707585,1.371983083,0.520975662,0.06769915
67.23289548,0.173763729,1.375785387,0.559734305,0.063136808
67.23753415,0.1778029,1.383228195,0.607506585,0.065732623
67.24217282,0.182649905,1.394230606,0.602999766,0.071081577
67.24681149,0.176833499,1.401026213,0.564241124,0.065181996
67.25145016,0.176591149,1.41655903,0.594887492,0.063451452
67.25608883,0.183861657,1.451022466,0.66339114,0.068485761
67.2607275,0.184104007,1.496892815,0.633646135,0.069351033
67.26536617,0.179257002,1.530547251,0.643561137,0.063687435
67.27000484,0.181518938,1.547212668,0.640857045,0.064395385
67.27464351,0.187335344,1.554655476,0.628237952,0.070688271
67.27928218,0.181357371,1.550691372,0.54891794,0.066283251
67.28392085,0.178691518,1.541792363,0.553424758,0.063215469
67.28855952,0.18370009,1.534834955,0.580465672,0.066991201
67.29319819,0.184911841,1.52981915,0.5299893,0.070294966
67.29783686,0.178772301,1.519059439,0.511962024,0.063844758
67.30247553,0.179176218,1.51056493,0.527285209,0.063530113
67.3071142,0.185396542,1.505953625,0.559734305,0.069980321
67.31175287,0.181599721,1.499886118,0.492132021,0.067856472
67.31639154,0.1778029,1.490501708,0.511060661,0.06329413
67.32103021,0.181115021,1.484838702,0.542608393,0.065732623
67.32566888,0.184669491,1.4822499,0.527285209,0.070924254
67.33030755,0.178206817,1.474402591,0.492132021,0.065024674
67.33494622,0.176591149,1.465908082,0.511962024,0.063058147
67.33958489,0.182730689,1.461782178,0.554326122,0.068328439
67.34422356,0.181518938,1.457898974,0.492132021,0.069036389
67.34886223,0.175864098,1.449566265,0.501145659,0.06329413
67.3535009,0.177641334,1.443741459,0.526383845,0.064395385
67.35813957,0.183619307,1.441718957,0.536298847,0.07060961
67.36277824,0.177883684,1.43565145,0.483118383,0.066125929
67.36741691,0.175460181,1.428532243,0.504751114,0.06329413
67.37205558,0.179903269,1.425134439,0.545312484,0.067148523
67.37669425,0.181518938,1.424244538,0.502047023,0.06990166
67.38133292,0.175217831,1.417448931,0.493934749,0.063844758
67.38597159,0.176025665,1.412514026,0.514666116,0.063608774
67.39061026,0.182730689,1.412109525,0.547115212,0.069822999
67.39524893,0.178126034,1.407902721,0.481315656,0.067463167
67.3998876,0.17449078,1.401673414,0.502948387,0.063136808
67.40452627,0.178126034,1.398680111,0.536298847,0.065732623
67.40916494,0.182245988,1.398841911,0.516468843,0.070845593
67.41380361,0.175621748,1.393098005,0.486723839,0.064631368
67.41844228,0.174329213,1.3879204,0.507455206,0.063215469
67.42308095,0.180307186,1.387354099,0.551622031,0.0684071
67.42771962,0.178691518,1.386140598,0.488526566,0.068564422
67.43235829,0.173763729,1.380477592,0.499342932,0.063136808
67.43699696,0.175783315,1.377403388,0.525482481,0.064474046
67.44163563,0.181195804,1.37894049,0.533594755,0.070530949
67.4462743,0.175702531,1.376594388,0.484019747,0.066125929
67.45091297,0.173521379,1.372306683,0.508356569,0.063215469
67.45555164,0.178691518,1.371659482,0.549819303,0.067148523
67.46019031,0.179580136,1.373439284,0.50384975,0.06990166
67.46482898,0.173763729,1.36996058,0.497540204,0.063766097
67.46946765,0.17424843,1.366724577,0.518271571,0.063608774
67.47410632,0.181034237,1.368018978,0.548016576,0.069822999
67.47874499,0.176752716,1.367533578,0.485822475,0.067148523
67.48338366,0.173198245,1.363973974,0.509257933,0.06329413
67.48802233,0.1773182,1.364944775,0.546213848,0.065968607
67.492661,0.181115021,1.368099879,0.524581117,0.070373627
67.49729967,0.174975481,1.366400977,0.49663884,0.064552707
67.50193834,0.174167646,1.363731274,0.514666116,0.063136808
67.50657701,0.18063032,1.364702075,0.557030214,0.068721744
67.51121568,0.178529951,1.364863875,0.490329294,0.068564422
67.51585435,0.173440596,1.361304271,0.504751114,0.062979486
67.52049302,0.176025665,1.359200869,0.5299893,0.064316724
67.52513169,0.181842071,1.361708772,0.533594755,0.070294966
67.52977036,0.175460181,1.358634568,0.484921111,0.06549664
67.53440903,0.173279029,1.354994065,0.506553842,0.063136808
67.5390477,0.178691518,1.355964866,0.548016576,0.067384506
67.54368637,0.179499352,1.357663767,0.498441568,0.069822999
67.54832504,0.173279029,1.354023264,0.495737476,0.063923419
67.55296371,0.17473313,1.352405262,0.518271571,0.063923419
67.55760238,0.181438154,1.355317665,0.545312484,0.070216305
67.56224105,0.176914283,1.354508664,0.483118383,0.067305845
67.56687972,0.173198245,1.35086816,0.50384975,0.063136808
67.57151839,0.177237416,1.35030186,0.539904302,0.066125929
67.57615706,0.180468753,1.352890662,0.512863388,0.070845593
67.58079573,0.173844513,1.349978259,0.48942793,0.064946013
67.5854344,0.173440596,1.347389457,0.510159297,0.06329413
67.59007307,0.179984053,1.348764758,0.551622031,0.069036389
67.59471174,0.1773182,1.348845658,0.485822475,0.068721744
67.59935041,0.172713545,1.344638854,0.502047023,0.063451452
67.60398908,0.175217831,1.343344452,0.5299893,0.064867352
67.60862775,0.180145619,1.345124254,0.5299893,0.070845593
67.61326642,0.173844513,1.342292751,0.484019747,0.065653962
67.61790509,0.172390411,1.339218548,0.505652478,0.063136808
67.62254376,0.178287601,1.339946649,0.54891794,0.067777811
67.62718243,0.178368384,1.34116015,0.495737476,0.070137644
67.6318211,0.172309628,1.337276946,0.497540204,0.063608774
67.63645977,0.173602163,1.335497144,0.520074299,0.064080741
67.64109844,0.180307186,1.338005047,0.545312484,0.070924254
67.64573711,0.174975481,1.336306145,0.486723839,0.067069862
67.65037578,0.172067278,1.333474642,0.509257933,0.063136808
67.65501445,0.176106449,1.332827441,0.545312484,0.066440573
67.65965312,0.179337785,1.335092643,0.513764752,0.070924254
67.66429179,0.172551978,1.33218024,0.492132021,0.064474046
67.66893046,0.172148061,1.329429637,0.510159297,0.063687435
67.67356913,0.178853085,1.331128539,0.549819303,0.069744338
67.6782078,0.175702531,1.331290339,0.48221702,0.068643083
67.68284647,0.171501794,1.327488035,0.498441568,0.06329413
67.68748514,0.17400608,1.326517234,0.528186573,0.065103335
67.69212381,0.179337785,1.329429637,0.524581117,0.070845593
67.69676248,0.172875112,1.327326235,0.481315656,0.065575301
67.70140115,0.171582577,1.325141933,0.50384975,0.063608774
67.70603982,0.177156633,1.326921735,0.548016576,0.067856472
67.71067849,0.177883684,1.328539737,0.493033385,0.069587016
67.71531716,0.171501794,1.325061033,0.497540204,0.063766097
67.71995583,0.172875112,1.324656532,0.520074299,0.064238063
67.7245945,0.179337785,1.328782437,0.541707029,0.070294966
67.72923317,0.17400608,1.328782437,0.484019747,0.066755217
67.73387184,0.171017093,1.327326235,0.506553842,0.063136808
67.73851051,0.175621748,1.330400439,0.546213848,0.066519234
67.74314918,0.178287601,1.334688143,0.513764752,0.070530949
67.74778785,0.171582577,1.334364543,0.498441568,0.064316724
67.75242652,0.171744144,1.335497144,0.521877026,0.063451452
67.75706519,0.178691518,1.342778152,0.56333976,0.069272372
67.76170386,0.175702531,1.349492859,0.502948387,0.068013795
67.76634253,0.17166336,1.354104164,0.527285209,0.06329413
67.7709812,0.174652347,1.36000987,0.561537032,0.065181996
67.77561987,0.179418569,1.367209978,0.552523395,0.070924254
67.78025854,0.173117462,1.367048177,0.509257933,0.065417979
67.78489721,0.171340227,1.364621175,0.524581117,0.06329413
67.78953588,0.177398983,1.365672876,0.564241124,0.068249778
67.79417455,0.176914283,1.366158276,0.502948387,0.069429694
67.79881322,0.17166336,1.362355972,0.507455206,0.063608774
67.80345189,0.172955895,1.360818871,0.529087936,0.064316724
67.80809056,0.179660919,1.363488574,0.546213848,0.070530949
67.81272923,0.17424843,1.362032372,0.488526566,0.066597895
67.8173679,0.171259443,1.359039069,0.510159297,0.063136808
67.82200657,0.176429582,1.36025257,0.54891794,0.066597895
67.82664524,0.178853085,1.363326773,0.511962024,0.070373627
67.83128391,0.172794328,1.36049527,0.498441568,0.064159402
67.83592258,0.172632762,1.359524469,0.518271571,0.063608774
67.84056125,0.179418569,1.363569474,0.557030214,0.069822999
67.84519992,0.176268015,1.365268376,0.492132021,0.068171117
67.84983859,0.172228844,1.364054874,0.511962024,0.063451452
67.85447726,0.176106449,1.367371778,0.544411121,0.065732623
67.85911593,0.180468753,1.376028087,0.536298847,0.071081577
67.8637546,0.174409997,1.379749491,0.502948387,0.065181996
67.86839327,0.173117462,1.384603496,0.526383845,0.063215469
67.87303194,0.179499352,1.392208104,0.569649307,0.068485761
67.87767061,0.179337785,1.396819409,0.508356569,0.069587016
67.88230928,0.174086863,1.395605908,0.51556748,0.063923419
67.88694795,0.175864098,1.396495809,0.539002938,0.064474046
67.89158662,0.182407555,1.400540813,0.550720667,0.070766932
67.89622529,0.176995066,1.398922811,0.493934749,0.066519234
67.90086396,0.174329213,1.394877807,0.513764752,0.06329413
67.90550263,0.178853085,1.393826106,0.550720667,0.066991201
67.9101413,0.18063032,1.394230606,0.509257933,0.070530949
67.91477997,0.17424843,1.389053001,0.49663884,0.064238063
67.91941864,0.174813914,1.385816997,0.51556748,0.063923419
67.92405731,0.181599721,1.386949598,0.551622031,0.070058983
67.92869598,0.1778029,1.385736097,0.485822475,0.068171117
67.93333465,0.173682946,1.380801192,0.504751114,0.063530113
67.93797332,0.1773182,1.37934499,0.538101574,0.065811284
67.94261199,0.181195804,1.380720292,0.52277839,0.070766932
67.94725066,0.174975481,1.377322488,0.488526566,0.065103335
67.95188933,0.173925296,1.373601084,0.508356569,0.063451452
67.956528,0.180145619,1.373358384,0.551622031,0.068800405
67.96116667,0.179095435,1.372306683,0.490329294,0.069508355
67.96580534,0.173602163,1.367695378,0.501145659,0.063844758
67.97044401,0.175460181,1.365834676,0.525482481,0.064474046
67.97508268,0.181438154,1.367695378,0.536298847,0.070530949
67.97972135,0.175460181,1.365834676,0.483118383,0.066125929
67.98436002,0.172875112,1.362032372,0.506553842,0.06329413
67.98899869,0.178610735,1.363245873,0.54891794,0.067148523
67.99363736,0.179903269,1.365025675,0.506553842,0.070137644
67.99827603,0.173682946,1.361870572,0.498441568,0.06400208
68.0029147,0.17449078,1.36017167,0.519172935,0.06400208
68.00755337,0.180791887,1.362598673,0.551622031,0.069822999
68.01219204,0.176833499,1.362598673,0.486723839,0.067541828
68.01683071,0.172875112,1.359119969,0.507455206,0.06329413
68.02146938,0.176914283,1.358310968,0.539904302,0.065732623
68.02610805,0.180791887,1.36049527,0.520975662,0.07060961
68.03074672,0.17424843,1.357340167,0.48942793,0.065103335
68.03538539,0.173602163,1.354265964,0.509257933,0.063530113
68.04002406,0.180145619,1.356126666,0.552523395,0.068564422
68.04466273,0.178529951,1.355722165,0.488526566,0.068957727
68.0493014,0.173279029,1.352081662,0.501145659,0.063451452
68.05394007,0.175137048,1.350059159,0.527285209,0.064474046
68.05857874,0.18063032,1.353376063,0.535397483,0.07060961
68.06321741,0.175379398,1.35054456,0.484921111,0.066047268
68.06785608,0.172794328,1.347227656,0.506553842,0.062900825
68.07249475,0.178610735,1.348845658,0.548016576,0.067148523
68.07713342,0.179257002,1.349978259,0.502047023,0.069980321
68.08177209,0.172713545,1.346823156,0.49663884,0.064159402
68.08641076,0.173440596,1.344800654,0.517370207,0.064159402
68.09104943,0.180307186,1.347551257,0.548016576,0.070216305
68.0956881,0.175864098,1.346742256,0.484921111,0.067463167
68.10032677,0.172148061,1.343668053,0.505652478,0.063215469
68.10496544,0.176348799,1.343910753,0.540805665,0.065811284
68.10960411,0.180064836,1.346904056,0.518271571,0.07060961
68.11424278,0.173279029,1.344638854,0.492132021,0.064710029
68.11888145,0.172713545,1.343263552,0.512863388,0.063530113
68.12352012,0.179014652,1.345933255,0.555227486,0.06911505
68.12815879,0.176914283,1.346742256,0.492132021,0.069272372
68.13279746,0.172148061,1.344477053,0.505652478,0.063608774
68.13743613,0.174409997,1.344719754,0.533594755,0.065024674
68.1420748,0.180145619,1.348522058,0.53720021,0.070845593
68.14671347,0.17400608,1.347146756,0.488526566,0.065968607
68.15135214,0.172228844,1.345124254,0.510159297,0.06329413
68.15599081,0.177479767,1.346984956,0.553424758,0.067384506
68.16062948,0.178529951,1.349492859,0.50384975,0.06990166
68.16526815,0.172551978,1.347146756,0.501145659,0.063923419
68.16990682,0.173521379,1.346418656,0.52277839,0.06400208
68.17454549,0.180064836,1.35094906,0.549819303,0.070452288
68.17918416,0.175540965,1.35078726,0.487625202,0.067384506
68.18382283,0.172390411,1.349007458,0.510159297,0.062979486
68.1884615,0.176671932,1.35070636,0.547115212,0.066440573
68.19310017,0.179741702,1.355641265,0.520074299,0.070845593
68.19773884,0.173521379,1.354346864,0.49663884,0.064710029
68.20237751,0.172875112,1.354104164,0.517370207,0.063530113
68.20701618,0.179660919,1.358310968,0.561537032,0.06911505
68.21165485,0.177479767,1.362032372,0.498441568,0.068721744
68.21629352,0.172794328,1.364702075,0.520074299,0.063451452
68.22093219,0.175540965,1.372306683,0.555227486,0.065181996
68.22557086,0.180468753,1.384684396,0.558832941,0.070924254
68.23020953,0.174813914,1.390590102,0.513764752,0.065732623
68.2348482,0.172955895,1.391965404,0.530890664,0.06329413
68.23948687,0.178691518,1.395686808,0.569649307,0.06769915
68.24412554,0.179014652,1.398841911,0.512863388,0.069587016
68.24876421,0.173198245,1.396253108,0.511962024,0.063844758
68.25340288,0.174652347,1.395525008,0.531792028,0.064080741
68.25804155,0.180791887,1.398841911,0.555227486,0.070530949
68.26268022,0.176106449,1.399408212,0.493033385,0.067148523
68.26731889,0.173359812,1.396576709,0.514666116,0.063451452
68.27195756,0.177641334,1.397304809,0.552523395,0.066519234
68.27659623,0.18038797,1.401026213,0.52277839,0.070766932
68.2812349,0.17400608,1.399408212,0.502948387,0.064710029
68.28587357,0.173763729,1.399165511,0.523679754,0.063608774
68.29051224,0.18063032,1.405152118,0.567846579,0.06911505
68.29515091,0.178368384,1.410248823,0.502948387,0.068249778
68.29978958,0.17400608,1.411462324,0.520975662,0.063136808
68.30442825,0.176510366,1.41631633,0.553424758,0.065024674
68.30906692,0.182245988,1.425377139,0.553424758,0.071081577
68.31370559,0.176025665,1.430231144,0.516468843,0.065653962
68.31834426,0.175460181,1.438806553,0.543509757,0.063215469
68.32298293,0.181842071,1.453368569,0.593986129,0.068092456
68.3276216,0.182407555,1.467445184,0.545312484,0.069587016
68.33226027,0.177237416,1.475696993,0.549819303,0.063766097
68.33689894,0.178529951,1.4824926,0.571452034,0.064080741
68.34153761,0.185154191,1.494465813,0.590380673,0.070530949
68.34617628,0.179903269,1.504092923,0.535397483,0.066676556
68.35081495,0.177156633,1.518331338,0.575958853,0.06329413
68.35545362,0.181680504,1.551904873,0.652574774,0.066597895
68.36009229,0.184669491,1.590979615,0.63725159,0.070452288
68.36473096,0.178449168,1.628112754,0.63725159,0.064159402
68.36936963,0.179095435,1.66217169,0.668799323,0.063530113
68.3740083,0.186042809,1.69032492,0.701248419,0.069508355
68.37864697,0.182973039,1.701489132,0.612013404,0.0684071
68.38328564,0.178449168,1.697767728,0.607506585,0.063451452
68.38792431,0.181438154,1.691942922,0.617421587,0.065417979
68.39256298,0.185881242,1.687655217,0.592183401,0.071238899
68.39720165,0.179337785,1.676005605,0.539904302,0.065339318
68.40184032,0.178126034,1.662495291,0.550720667,0.063372791
68.40647899,0.183861657,1.65222098,0.584972491,0.068485761
68.41111766,0.183053823,1.642027569,0.520074299,0.069980321
68.41575633,0.176591149,1.627061053,0.519172935,0.06400208
68.420395,0.178206817,1.61492604,0.538101574,0.064316724
68.42503367,0.184104007,1.606431531,0.551622031,0.070688271
68.42967234,0.178449168,1.594539219,0.491230657,0.066755217
68.43431101,0.175864098,1.581190705,0.511060661,0.063608774
68.43894968,0.180226403,1.571482694,0.548016576,0.067069862
68.44358835,0.182245988,1.563069085,0.510159297,0.070452288
68.44822702,0.175460181,1.550286872,0.495737476,0.064474046
68.45286569,0.175540965,1.540093461,0.51556748,0.063923419
68.45750436,0.182003638,1.534592255,0.552523395,0.069744338
68.46214303,0.178691518,1.526906747,0.485822475,0.068249778
68.4667817,0.174409997,1.515418935,0.50384975,0.063451452
68.47142037,0.177964467,1.507328926,0.536298847,0.06549664
68.47605904,0.182407555,1.503688422,0.526383845,0.070688271
68.48069771,0.175864098,1.494789413,0.48942793,0.065103335
68.48533638,0.17473313,1.486214004,0.509257933,0.063530113
68.48997505,0.180791887,1.481683599,0.552523395,0.068485761
68.49461372,0.179337785,1.476829594,0.491230657,0.069587016
68.49925239,0.173925296,1.466959783,0.499342932,0.063923419
68.50389106,0.175298614,1.460325976,0.523679754,0.064867352
68.50852973,0.181518938,1.457818074,0.536298847,0.071238899
68.5131684,0.175864098,1.450941566,0.48221702,0.066991201
68.51780707,0.173763729,1.443175158,0.50384975,0.063530113
68.52244574,0.178045251,1.439777355,0.543509757,0.067148523
68.52708441,0.179984053,1.437835752,0.502948387,0.070766932
68.53172308,0.173602163,1.429422144,0.493033385,0.064395385
68.53636175,0.173925296,1.423031037,0.512863388,0.064080741
68.54100042,0.18063032,1.422302936,0.548016576,0.070137644
68.54563909,0.176510366,1.418581532,0.483118383,0.067777811
68.55027776,0.172632762,1.412271325,0.50384975,0.063136808
68.55491643,0.176106449,1.409197122,0.535397483,0.065889946
68.5595551,0.180226403,1.408711722,0.520975662,0.07131756
68.56419377,0.173844513,1.402967815,0.487625202,0.065103335
68.56883244,0.173036679,1.39770931,0.507455206,0.063608774
68.57347111,0.179337785,1.397062109,0.551622031,0.068721744
68.57810978,0.177641334,1.395686808,0.48942793,0.069272372
68.58274845,0.172713545,1.390185602,0.500244295,0.063451452
68.58738712,0.174975481,1.386464198,0.525482481,0.064316724
68.59202579,0.180953454,1.387354099,0.536298847,0.070766932
68.59666446,0.175056264,1.384037195,0.484921111,0.065968607
68.60130313,0.172632762,1.379749491,0.508356569,0.062979486
68.6059418,0.177641334,1.379992191,0.549819303,0.067148523
68.61058047,0.179418569,1.382742794,0.509257933,0.06990166
68.61521914,0.174167646,1.382580994,0.507455206,0.063844758
68.61985781,0.175137048,1.384522596,0.530890664,0.063687435
68.62449648,0.181518938,1.3884058,0.561537032,0.069980321
68.62913515,0.177641334,1.387758599,0.493033385,0.067620489
68.63377382,0.173763729,1.383470895,0.512863388,0.063136808
68.63841249,0.177883684,1.382904594,0.545312484,0.065653962
68.64305116,0.181195804,1.385736097,0.526383845,0.070766932
68.64768983,0.175056264,1.384198996,0.49663884,0.064867352
68.6523285,0.17449078,1.383389995,0.518271571,0.063451452
68.65696717,0.180549537,1.386625998,0.561537032,0.068721744
68.66160584,0.179176218,1.387354099,0.49663884,0.069036389
68.66624451,0.17400608,1.383713595,0.508356569,0.063451452
68.67088318,0.176348799,1.382580994,0.533594755,0.064631368
68.67552185,0.182165205,1.385412497,0.539002938,0.070845593
68.68016052,0.176187232,1.383794495,0.488526566,0.066125929
68.68479919,0.174167646,1.380153991,0.510159297,0.063530113
68.68943786,0.179257002,1.380234891,0.549819303,0.067463167
68.69407653,0.180791887,1.381286592,0.502948387,0.06990166
68.6987152,0.174813914,1.376756188,0.497540204,0.063923419
68.70335387,0.175298614,1.374167385,0.518271571,0.063844758
68.70799254,0.182165205,1.375947187,0.547115212,0.070058983
68.71263121,0.177641334,1.373439284,0.483118383,0.06769915
68.71726988,0.17449078,1.36907068,0.504751114,0.06329413
68.72190855,0.178126034,1.368342579,0.539002938,0.066047268
68.72654722,0.181518938,1.36979878,0.51556748,0.07131756
68.73118589,0.175137048,1.367129077,0.48942793,0.065260657
68.73582456,0.174975481,1.364621175,0.510159297,0.063451452
68.74046323,0.180791887,1.365511076,0.552523395,0.068957727
68.7451019,0.178529951,1.365511076,0.488526566,0.069036389
68.74974057,0.173440596,1.361708772,0.50384975,0.063608774
68.75437924,0.176025665,1.36009077,0.530890664,0.065181996
68.75901791,0.181680504,1.363003173,0.534496119,0.070924254
68.76365658,0.175702531,1.36049527,0.485822475,0.066283251
68.76829525,0.173279029,1.357501967,0.508356569,0.063451452
68.77293392,0.178933868,1.358391868,0.550720667,0.067777811
68.77757259,0.179499352,1.359443569,0.500244295,0.070294966
68.78221126,0.173117462,1.355560365,0.497540204,0.064238063
68.78684993,0.174329213,1.354023264,0.520074299,0.064316724
68.7914886,0.180953454,1.356692966,0.546213848,0.070688271
68.79612727,0.176025665,1.356207566,0.484921111,0.067620489
68.80076594,0.172713545,1.353376063,0.507455206,0.063451452
68.80540461,0.176752716,1.353780563,0.543509757,0.066440573
68.81004328,0.179741702,1.356612066,0.516468843,0.07060961
68.81468195,0.173279029,1.352728862,0.491230657,0.064788691
68.81932062,0.172794328,1.349654659,0.510159297,0.063687435
68.82395929,0.179337785,1.35046366,0.552523395,0.06911505
68.82859796,0.176752716,1.35062546,0.484921111,0.068800405
68.83323663,0.171744144,1.346580456,0.502047023,0.063451452
68.8378753,0.17424843,1.345366954,0.5299893,0.064946013
68.84251397,0.179903269,1.346904056,0.529087936,0.070924254
68.84715264,0.173440596,1.344557954,0.484921111,0.06549664
68.85179131,0.17166336,1.34099835,0.506553842,0.063451452
68.85642998,0.177641334,1.342211851,0.54891794,0.068171117
68.86106865,0.178045251,1.343748953,0.49663884,0.069744338
68.86570732,0.171905711,1.340189349,0.497540204,0.06400208
68.87034599,0.173279029,1.338652247,0.520074299,0.064238063
68.87498466,0.179741702,1.34132195,0.543509757,0.07060961
68.87962333,0.174409997,1.340432049,0.484019747,0.067148523
68.884262,0.171744144,1.337762346,0.506553842,0.063530113
68.88890067,0.175864098,1.338166847,0.543509757,0.066519234
68.89353934,0.178853085,1.34116015,0.512863388,0.070845593
68.89817801,0.172148061,1.338733147,0.491230657,0.064788691
68.90281668,0.171986494,1.335982544,0.511060661,0.063766097
68.90745535,0.178610735,1.337681446,0.551622031,0.069587016
68.91209402,0.175621748,1.338409547,0.485822475,0.068721744
68.91673269,0.171340227,1.335416244,0.502948387,0.063766097
68.92137136,0.17449078,1.336387045,0.533594755,0.065417979
68.92601003,0.179337785,1.34091745,0.531792028,0.071238899
68.9306487,0.173279029,1.340432049,0.490329294,0.065732623
68.93528737,0.171582577,1.338490447,0.511060661,0.063766097
68.93992604,0.177722117,1.340674749,0.554326122,0.068249778
68.94456471,0.177479767,1.342130951,0.498441568,0.069822999
68.94920338,0.171905711,1.339703948,0.500244295,0.06400208
68.95384205,0.173521379,1.338571347,0.523679754,0.064552707
68.95848072,0.179499352,1.341969151,0.544411121,0.070924254
68.96311939,0.174813914,1.341969151,0.484921111,0.067069862
68.96775806,0.171986494,1.339703948,0.508356569,0.063608774
68.97239673,0.176833499,1.341807351,0.546213848,0.067148523
68.9770354,0.179337785,1.345852355,0.513764752,0.071002915
68.98167407,0.172794328,1.344638854,0.49663884,0.065024674
68.98631274,0.172794328,1.344719754,0.516468843,0.064474046
68.99095141,0.179660919,1.349250159,0.555227486,0.070216305
68.99559008,0.176429582,1.35022096,0.488526566,0.06911505
69.00022875,0.171905711,1.348279357,0.506553842,0.064159402
69.00486742,0.175056264,1.348360258,0.538101574,0.065653962
69.00950609,0.179984053,1.352000761,0.529087936,0.071474882
69.01414476,0.173521379,1.35030186,0.48942793,0.065889946
69.01878343,0.172067278,1.348602958,0.511060661,0.063530113
69.0234221,0.178853085,1.352000761,0.55612885,0.068643083
69.02806077,0.178449168,1.354913165,0.500244295,0.069980321
69.03269944,0.172551978,1.354265964,0.507455206,0.063923419
69.03733811,0.17449078,1.355803065,0.532693391,0.064631368
69.04197678,0.181034237,1.361466071,0.549819303,0.071160238
69.04661545,0.175864098,1.361789672,0.493033385,0.067069862
69.05125412,0.173279029,1.360899771,0.513764752,0.064080741
69.05589279,0.177964467,1.362436872,0.553424758,0.067148523
69.06053146,0.18063032,1.365996476,0.51556748,0.070845593
69.06517013,0.174167646,1.364135774,0.501145659,0.064474046
69.0698088,0.174571564,1.363569474,0.521877026,0.063923419
69.07444747,0.181034237,1.366400977,0.558832941,0.070452288
69.07908614,0.1778029,1.367938078,0.493033385,0.069036389
69.08372481,0.173844513,1.365511076,0.512863388,0.063923419
69.08836348,0.177237416,1.366077376,0.544411121,0.066125929
69.09300215,0.181438154,1.36979878,0.531792028,0.071553543
69.09764082,0.175540965,1.368423479,0.495737476,0.065732623
69.10227949,0.174167646,1.366077376,0.51556748,0.063923419
69.10691816,0.180711103,1.368585279,0.559734305,0.068879066
69.11155683,0.179741702,1.371012282,0.501145659,0.06990166
69.1161955,0.17449078,1.36947518,0.510159297,0.064159402
69.12083417,0.176510366,1.371254982,0.536298847,0.065024674
69.12547284,0.182730689,1.377726989,0.552523395,0.071081577
69.13011151,0.177398983,1.380801192,0.500244295,0.066833878
69.13475018,0.175298614,1.384846196,0.526383845,0.063844758
69.13938885,0.18063032,1.394149706,0.572353398,0.067384506
69.14402752,0.183376956,1.405475718,0.538101574,0.071081577
69.14866619,0.1778029,1.412675826,0.5299893,0.064867352
69.15330486,0.179418569,1.423516437,0.553424758,0.064395385
69.15794353,0.186689076,1.437107652,0.590380673,0.070766932
69.1625822,0.184507924,1.447462863,0.528186573,0.0684071
69.16722087,0.181438154,1.454986571,0.54891794,0.063923419
69.17185954,0.185719675,1.464613681,0.581367036,0.066125929
69.17649821,0.190405114,1.47367449,0.561537032,0.071474882
69.18113688,0.18394244,1.475049792,0.523679754,0.065653962
69.18577555,0.182730689,1.473836291,0.539002938,0.064159402
69.19041422,0.189354929,1.475616093,0.580465672,0.069351033
69.19505289,0.188143178,1.474645292,0.514666116,0.06990166
69.19969156,0.182569122,1.468739585,0.520975662,0.064474046
69.20433023,0.184265574,1.464937281,0.542608393,0.065339318
69.2089689,0.19008198,1.465584482,0.550720667,0.071632204
69.21360757,0.18394244,1.460083276,0.495737476,0.067227184
69.21824624,0.181761288,1.45393487,0.516468843,0.064552707
69.22288491,0.18652751,1.450779766,0.555227486,0.068092456
69.22752358,0.187739261,1.449808965,0.511060661,0.070924254
69.23216225,0.181438154,1.442932458,0.502047023,0.064631368
69.23680092,0.181842071,1.438078453,0.523679754,0.064474046
69.24143959,0.188304745,1.437835752,0.55612885,0.070530949
69.24607826,0.183861657,1.434195249,0.491230657,0.068171117
69.25071693,0.180145619,1.428774943,0.511060661,0.064080741
69.2553556,0.18370009,1.42561984,0.544411121,0.066283251
69.25999427,0.187658477,1.424891739,0.524581117,0.07131756
69.26463294,0.181034237,1.418986032,0.493934749,0.06549664
69.26927161,0.18038797,1.414536528,0.513764752,0.06400208
69.27391028,0.186689076,1.414293827,0.557030214,0.069351033
69.27854895,0.185234975,1.413484827,0.493934749,0.069429694
69.28318762,0.179660919,1.40757912,0.506553842,0.06400208
69.28782629,0.181842071,1.404666717,0.531792028,0.065181996
69.29246496,0.187900828,1.405637518,0.539002938,0.071396221
69.29710363,0.181438154,1.401916114,0.48942793,0.066833878
69.3017423,0.179418569,1.398437411,0.512863388,0.06400208
69.30638097,0.185315758,1.399650912,0.557030214,0.067935134
69.31101964,0.186365943,1.401835214,0.511060661,0.070452288
69.31565831,0.180145619,1.39811381,0.505652478,0.064474046
69.32029698,0.181115021,1.396010408,0.526383845,0.064238063
69.32493565,0.187577694,1.39754751,0.555227486,0.070688271
69.32957432,0.182973039,1.395282307,0.490329294,0.067777811
69.33421299,0.179660919,1.390428302,0.510159297,0.063766097
69.33885166,0.18345774,1.389619301,0.543509757,0.066676556
69.34349033,0.186689076,1.391156403,0.520975662,0.07131756
69.348129,0.180307186,1.387111399,0.494836113,0.065260657
69.35276767,0.179660919,1.383147294,0.514666116,0.063923419
69.35740634,0.185800459,1.384118095,0.557931577,0.069429694
69.36204501,0.183619307,1.385088897,0.493934749,0.06911505
69.36668368,0.179095435,1.381610193,0.506553842,0.063766097
69.37132235,0.181034237,1.380234891,0.534496119,0.065417979
69.37596102,0.186365943,1.383228195,0.53720021,0.071238899
69.38059969,0.180307186,1.381043892,0.490329294,0.065968607
69.38523836,0.177964467,1.377888789,0.511060661,0.063530113
69.38987703,0.183538523,1.37926409,0.555227486,0.067856472
69.3945157,0.18394244,1.382176493,0.506553842,0.070294966
69.39915437,0.177964467,1.379749491,0.504751114,0.064395385
69.40379304,0.178933868,1.37926409,0.529087936,0.064238063
69.40843171,0.185558109,1.383875395,0.557931577,0.070688271
69.41307038,0.181034237,1.386221498,0.497540204,0.06769915
69.41770905,0.177722117,1.386545098,0.521877026,0.063372791
69.42234772,0.182003638,1.392774405,0.565142488,0.066440573
69.42698639,0.185962026,1.401592514,0.547115212,0.071160238
69.43162506,0.179984053,1.403695916,0.523679754,0.064946013
69.43626373,0.179822486,1.405313918,0.539904302,0.063923419
69.4409024,0.186204376,1.409601623,0.578662944,0.069508355
69.44554107,0.183780873,1.411381424,0.508356569,0.068800405
69.45017974,0.179176218,1.408873522,0.520074299,0.063766097
69.45481841,0.181761288,1.408873522,0.546213848,0.065417979
69.45945708,0.186608293,1.411866825,0.542608393,0.071396221
69.46409575,0.18038797,1.409682523,0.495737476,0.066047268
69.46873442,0.178610735,1.406527419,0.51556748,0.063372791
69.47337309,0.184104007,1.40693192,0.557030214,0.068092456
69.47801176,0.184023224,1.40717462,0.502948387,0.070058983
69.48265043,0.178206817,1.402967815,0.50384975,0.063923419
69.4872891,0.179095435,1.400459913,0.525482481,0.064395385
69.49192777,0.185396542,1.402077915,0.548016576,0.071081577
69.49656644,0.179822486,1.400945313,0.487625202,0.067620489
69.50120511,0.176752716,1.397304809,0.509257933,0.063923419
69.50584378,0.180953454,1.398922811,0.548016576,0.066755217
69.51048245,0.183780873,1.402644215,0.518271571,0.070766932
69.51512112,0.17707585,1.400702613,0.500244295,0.064867352
69.51975979,0.176833499,1.400459913,0.520975662,0.063766097
69.52439846,0.183861657,1.406527419,0.562438396,0.069822999
69.52903713,0.18087267,1.412028625,0.498441568,0.068721744
69.5336758,0.176348799,1.414455628,0.517370207,0.063923419
69.53831447,0.179095435,1.420118634,0.548016576,0.065653962
69.54295314,0.184104007,1.430878345,0.54891794,0.071160238
69.54759181,0.177722117,1.437997553,0.509257933,0.065811284
69.55223048,0.176429582,1.44487406,0.534496119,0.063530113
69.55686915,0.182407555,1.456766373,0.582268399,0.068171117
69.56150782,0.182811472,1.469548586,0.528186573,0.070058983
69.56614649,0.176671932,1.476667794,0.531792028,0.064080741
69.57078516,0.178206817,1.486942105,0.557030214,0.064631368
69.57542383,0.184669491,1.502313121,0.577761581,0.070845593
69.5800625,0.179660919,1.512830132,0.520074299,0.067148523
69.58470117,0.176995066,1.521001041,0.543509757,0.063687435
69.58933984,0.181438154,1.533945054,0.582268399,0.066833878
69.59397851,0.184023224,1.546646368,0.548016576,0.071081577
69.59861718,0.17756055,1.551823973,0.530890664,0.064867352
69.60325585,0.177398983,1.553361075,0.547115212,0.06400208
69.60789452,0.183861657,1.559266781,0.583169763,0.070058983
69.61253319,0.180791887,1.561289283,0.512863388,0.068643083
69.61717186,0.176671932,1.55805328,0.528186573,0.063687435
69.62181053,0.180064836,1.557001579,0.557030214,0.065811284
69.6264492,0.184669491,1.55781058,0.54891794,0.071632204
69.63108787,0.178691518,1.552713874,0.509257933,0.065889946
69.63572654,0.17707585,1.545756467,0.526383845,0.063687435
69.64036521,0.182892256,1.542035063,0.567846579,0.068721744
69.64500388,0.182165205,1.538070959,0.507455206,0.070058983
69.64964255,0.176429582,1.53022365,0.512863388,0.064238063
69.65428122,0.178287601,1.525288745,0.53720021,0.064867352
69.65891989,0.184588708,1.525531445,0.555227486,0.07131756
69.66355856,0.179337785,1.523347143,0.500244295,0.067227184
69.66819723,0.176752716,1.518654938,0.52277839,0.063530113
69.6728359,0.181680504,1.517603237,0.562438396,0.067463167
69.67747457,0.184104007,1.518897638,0.524581117,0.071238899
69.68211324,0.1778029,1.515014434,0.514666116,0.064867352
69.68675191,0.178287601,1.516956036,0.540805665,0.064474046
69.69139058,0.185073408,1.524398844,0.583169763,0.070452288
69.69602925,0.181761288,1.528767449,0.520074299,0.068800405
69.70066792,0.178045251,1.53022365,0.540805665,0.064159402
69.70530659,0.181276587,1.531356252,0.568747943,0.06620459
69.70994526,0.185638892,1.532327053,0.553424758,0.071632204
69.71458393,0.178529951,1.525369645,0.511962024,0.065968607
69.7192226,0.17756055,1.517765037,0.526383845,0.064474046
69.72386127,0.18370009,1.514286334,0.566945215,0.069193711
69.72849994,0.182488339,1.509270528,0.50384975,0.070216305
69.73313861,0.176995066,1.499562518,0.509257933,0.064238063
69.73777728,0.178449168,1.491391609,0.532693391,0.065024674
69.74241595,0.184507924,1.488074706,0.545312484,0.071474882
69.74705462,0.178529951,1.481521799,0.488526566,0.066833878
69.75169329,0.175944882,1.472137389,0.509257933,0.06400208
69.75633196,0.18063032,1.467202484,0.54891794,0.067620489
69.76097063,0.182407555,1.464694581,0.508356569,0.071081577
69.7656093,0.176268015,1.455957372,0.49663884,0.065024674
69.77024797,0.176106449,1.448676364,0.516468843,0.064159402
69.77488664,0.182730689,1.446734762,0.550720667,0.070452288
69.77952531,0.178449168,1.442447057,0.485822475,0.068328439
69.78416398,0.17449078,1.434680649,0.506553842,0.063844758
69.78880265,0.177964467,1.430959245,0.539904302,0.06620459
69.79344132,0.182003638,1.430069344,0.524581117,0.071474882
69.79807999,0.175621748,1.424729939,0.490329294,0.065732623
69.80271866,0.174329213,1.419066933,0.511060661,0.063687435
69.80735733,0.180953454,1.418177032,0.555227486,0.069036389
69.811996,0.179499352,1.41663993,0.493033385,0.069744338
69.81663467,0.17449078,1.409763423,0.502948387,0.064238063
69.82127334,0.176429582,1.405556618,0.527285209,0.065103335
69.82591201,0.182084422,1.405718418,0.538101574,0.071396221
69.83055068,0.176268015,1.401754314,0.484019747,0.066676556
69.83518935,0.173925296,1.396334008,0.506553842,0.063844758
69.83982802,0.178772301,1.395929508,0.548016576,0.068013795
69.84446669,0.180064836,1.396334008,0.50384975,0.071002915
69.84910536,0.173925296,1.391641803,0.49663884,0.064867352
69.85374403,0.17449078,1.3880013,0.517370207,0.064474046
69.8583827,0.180953454,1.390104702,0.549819303,0.070373627
69.86302137,0.176591149,1.3885676,0.485822475,0.068092456
69.86766004,0.172955895,1.384684396,0.506553842,0.064080741
69.87229871,0.176833499,1.384360796,0.540805665,0.066361912
69.87693738,0.180307186,1.386949598,0.52277839,0.071238899
69.88157605,0.173925296,1.385169797,0.493033385,0.06549664
69.88621472,0.173198245,1.383470895,0.514666116,0.06400208
69.89085339,0.179176218,1.385897897,0.558832941,0.069272372
69.89549206,0.1778029,1.389781102,0.49663884,0.069508355
69.90013073,0.173279029,1.389214801,0.511060661,0.063530113
69.9047694,0.175702531,1.390994603,0.538101574,0.065260657
69.90940807,0.181518938,1.396981209,0.547115212,0.07131756
69.91404674,0.175864098,1.39819471,0.500244295,0.066361912
69.91868541,0.173925296,1.39770931,0.521877026,0.063608774
69.92332408,0.179337785,1.400217213,0.562438396,0.067777811
69.92796275,0.179984053,1.401430714,0.512863388,0.070766932
69.93260142,0.17400608,1.39754751,0.504751114,0.064631368
69.93724009,0.174652347,1.394796907,0.524581117,0.064238063
69.94187876,0.181034237,1.396172208,0.553424758,0.070766932
69.94651743,0.176752716,1.395282307,0.48942793,0.067856472
69.9511561,0.173359812,1.391480003,0.510159297,0.063766097
69.95579477,0.1773182,1.391641803,0.545312484,0.066283251
69.96043344,0.18063032,1.393583406,0.521877026,0.07131756
69.96507211,0.17400608,1.391237303,0.495737476,0.065339318
69.96971078,0.173359812,1.3884058,0.514666116,0.063923419
69.97434945,0.180145619,1.391237303,0.558832941,0.069587016
69.97898812,0.178126034,1.392531704,0.493934749,0.069272372
69.98362679,0.173440596,1.390023802,0.508356569,0.06400208
69.98826546,0.175864098,1.390832803,0.536298847,0.065339318
69.99290413,0.181842071,1.395848608,0.539904302,0.071474882
69.9975428,0.175864098,1.396010408,0.493934749,0.066597895
70.00218147,0.174167646,1.395363207,0.51556748,0.06400208
70.00682014,0.179822486,1.399408212,0.558832941,0.068328439
70.01145881,0.18063032,1.405152118,0.511060661,0.07060961
70.01609748,0.175056264,1.406608319,0.510159297,0.064395385
70.02073615,0.176106449,1.410087023,0.534496119,0.064788691
70.02537482,0.183053823,1.418986032,0.562438396,0.071238899
70.03001349,0.178449168,1.424649038,0.502047023,0.068013795
70.03465216,0.175540965,1.429098543,0.524581117,0.063766097
70.03929083,0.179903269,1.436945852,0.562438396,0.067069862
70.0439295,0.183296173,1.447139262,0.536298847,0.071553543
70.04856817,0.17707585,1.451993267,0.514666116,0.065260657
70.05320684,0.17707585,1.459678776,0.536298847,0.064395385
70.05784551,0.184427141,1.473755391,0.581367036,0.070058983
70.06248418,0.182165205,1.486699404,0.518271571,0.069351033
70.06712285,0.178045251,1.496650115,0.538101574,0.064238063
70.07176152,0.18087267,1.509513228,0.57055067,0.065732623
70.07640019,0.186608293,1.527553948,0.573254762,0.071553543
70.08103886,0.181034237,1.540174361,0.528186573,0.066361912
70.08567753,0.179741702,1.550205972,0.548016576,0.064159402
70.0903162,0.185638892,1.561289283,0.587676582,0.068643083
70.09495487,0.185800459,1.570835494,0.533594755,0.07060961
70.09959354,0.180468753,1.575042298,0.532693391,0.064474046
70.10423221,0.181680504,1.580058103,0.552523395,0.064552707
70.10887088,0.188143178,1.589604313,0.575057489,0.070766932
70.11350955,0.183134606,1.593083017,0.512863388,0.067305845
70.11814822,0.179822486,1.594458319,0.533594755,0.063923419
70.12278689,0.184346357,1.597532522,0.566945215,0.066833878
70.12742556,0.186931427,1.602548327,0.535397483,0.071081577
70.13206423,0.180145619,1.600525825,0.513764752,0.065024674
70.1367029,0.180145619,1.598665123,0.531792028,0.064238063
70.14134157,0.186608293,1.599716824,0.572353398,0.070058983
70.14598024,0.183619307,1.597289822,0.504751114,0.068879066
70.15061891,0.178853085,1.590979615,0.520074299,0.064316724
70.15525758,0.181761288,1.58669191,0.547115212,0.065811284
70.15989625,0.186608293,1.585316609,0.541707029,0.071238899
70.16453492,0.180468753,1.577550201,0.498441568,0.065889946
70.16917359,0.178933868,1.568893891,0.520074299,0.063844758
70.17381226,0.18418479,1.565091587,0.562438396,0.068643083
70.17845093,0.184104007,1.561855584,0.508356569,0.070373627
70.1830896,0.178691518,1.554331876,0.511962024,0.064080741
70.18772827,0.180145619,1.54850707,0.534496119,0.064867352
70.19236694,0.186123593,1.545190166,0.552523395,0.071160238
70.19700561,0.180791887,1.537909159,0.493033385,0.067463167
70.20164428,0.1778029,1.528686549,0.514666116,0.063923419
70.20628295,0.182407555,1.522780843,0.549819303,0.067227184
70.21092162,0.184588708,1.518978539,0.514666116,0.071238899
70.21556029,0.178045251,1.509351428,0.497540204,0.065024674
70.22019896,0.178045251,1.500452419,0.516468843,0.064238063
70.22483763,0.184507924,1.496811915,0.555227486,0.070452288
70.2294763,0.181195804,1.491391609,0.488526566,0.068957727
70.23411497,0.176671932,1.4827353,0.507455206,0.064080741
70.23875364,0.179499352,1.477962195,0.53720021,0.066361912
70.24339231,0.184346357,1.476101493,0.529087936,0.071868187
70.24803098,0.177964467,1.469063186,0.48942793,0.066361912
70.25266965,0.176268015,1.462024878,0.511962024,0.064316724
70.25730832,0.181922855,1.459516975,0.555227486,0.069036389
70.26194699,0.181438154,1.456685472,0.497540204,0.070294966
70.26658566,0.175702531,1.451507867,0.507455206,0.064552707
70.27122433,0.177883684,1.449566265,0.535397483,0.065181996
70.275863,0.18394244,1.452155068,0.555227486,0.071632204
70.28050167,0.178449168,1.449970765,0.499342932,0.06769915
70.28514034,0.175379398,1.446330261,0.520975662,0.064159402
70.28977901,0.180791887,1.44535946,0.559734305,0.067541828
70.29441768,0.182811472,1.44535946,0.519172935,0.071474882
70.29905635,0.176752716,1.439534654,0.50384975,0.065181996
70.30369502,0.176752716,1.43565145,0.523679754,0.064788691
70.30833369,0.183538523,1.437188552,0.560635669,0.07060961
70.31297236,0.180064836,1.43589415,0.494836113,0.068957727
70.31761103,0.176268015,1.431444646,0.516468843,0.064474046
70.3222497,0.179257002,1.431363746,0.54891794,0.066361912
70.32688837,0.183780873,1.434761549,0.538101574,0.071710865
70.33152704,0.1778029,1.434114349,0.50384975,0.066125929
70.33616571,0.176591149,1.433386248,0.528186573,0.064159402
70.34080438,0.183134606,1.439049254,0.576860217,0.069272372
70.34544305,0.182326772,1.446734762,0.523679754,0.070058983
70.35008172,0.17707585,1.452802268,0.539002938,0.064395385
70.35472039,0.179337785,1.46404738,0.57055067,0.065260657
70.35935906,0.185477325,1.483706101,0.594887492,0.071632204
70.36399773,0.180064836,1.510403129,0.56333976,0.067463167
70.3686364,0.178368384,1.545918267,0.613816132,0.064159402
70.37327507,0.184023224,1.582404206,0.666095231,0.067856472
70.37791374,0.185719675,1.602952828,0.610210677,0.07131756
70.38255241,0.179580136,1.60513713,0.580465672,0.064552707
70.38719108,0.179418569,1.600040425,0.583169763,0.064238063
70.39182975,0.186042809,1.596399921,0.602999766,0.070766932
70.39646842,0.182165205,1.588957113,0.525482481,0.068564422
70.40110709,0.178045251,1.577550201,0.536298847,0.064159402
70.40574576,0.182003638,1.569217492,0.561537032,0.066597895
70.41038443,0.186204376,1.563797186,0.540805665,0.071789526
70.4150231,0.179903269,1.553522875,0.505652478,0.065811284
70.41966177,0.179337785,1.544138465,0.52277839,0.064316724
70.42430044,0.185719675,1.538151859,0.565142488,0.069508355
70.42893911,0.184346357,1.531679852,0.500244295,0.070058983
70.43357778,0.178933868,1.520920141,0.511060661,0.064316724
70.43821645,0.181357371,1.513881833,0.535397483,0.065339318
70.44285512,0.187335344,1.51096943,0.545312484,0.071632204
70.44749379,0.181842071,1.502555821,0.492132021,0.06691254
70.45213246,0.179095435,1.494061312,0.514666116,0.063923419
70.45677113,0.183780873,1.489692707,0.555227486,0.067935134
70.4614098,0.185638892,1.486861204,0.510159297,0.071081577
70.46604847,0.179257002,1.478690296,0.502047023,0.065103335
70.47068714,0.179580136,1.471975589,0.52277839,0.064552707
70.47532581,0.186204376,1.470114887,0.554326122,0.070924254
70.47996448,0.181842071,1.464937281,0.48942793,0.068564422
70.48460315,0.178126034,1.456442772,0.510159297,0.064080741
70.48924182,0.181276587,1.452316868,0.543509757,0.066833878
70.49388049,0.185315758,1.450698866,0.52277839,0.071710865
70.49851916,0.178449168,1.444226859,0.493033385,0.065653962
70.50315783,0.177479767,1.438240253,0.512863388,0.064238063
70.5077965,0.183780873,1.436784051,0.55612885,0.069429694
70.51243517,0.181922855,1.433548048,0.491230657,0.069822999
70.51707384,0.176914283,1.426752441,0.504751114,0.064238063
70.52171251,0.179257002,1.422302936,0.531792028,0.065732623
70.52635118,0.184346357,1.422383836,0.53720021,0.071946848
70.53098985,0.178368384,1.418581532,0.487625202,0.06691254
70.53562852,0.176348799,1.413727527,0.509257933,0.065653962
70.54026719,0.181761288,1.411462324,0.550720667,0.070137644
70.54490586,0.182569122,1.410976924,0.502948387,0.072497476
70.54954453,0.176591149,1.405394818,0.499342932,0.066440573
70.5541832,0.17707585,1.401268914,0.520975662,0.066125929
70.55882187,0.183780873,1.401997014,0.549819303,0.072497476
70.56346054,0.179257002,1.399246412,0.485822475,0.069587016
70.56809921,0.175702531,1.393745206,0.507455206,0.065417979
70.57273788,0.179418569,1.392208104,0.542608393,0.068171117
70.57737655,0.182811472,1.392774405,0.518271571,0.07281212
70.58201522,0.176187232,1.3879204,0.493033385,0.06691254
70.58665389,0.175783315,1.384118095,0.513764752,0.06549664
70.59129256,0.182003638,1.384441696,0.55612885,0.070924254
70.59593123,0.179822486,1.384118095,0.491230657,0.070766932
70.6005699,0.175056264,1.37910229,0.505652478,0.065417979
70.60520857,0.177722117,1.377565189,0.533594755,0.06691254
70.60984724,0.183619307,1.380639392,0.538101574,0.073048103
70.61448591,0.177479767,1.37869779,0.492132021,0.068013795
70.61912458,0.175379398,1.375704487,0.514666116,0.065103335
70.62376325,0.181680504,1.376594388,0.557030214,0.069272372
70.62840192,0.181761288,1.377726989,0.505652478,0.071868187
70.63304059,0.175702531,1.374086485,0.502948387,0.06549664
70.63767926,0.176995066,1.371093182,0.523679754,0.066047268
70.64231793,0.183215389,1.372549383,0.54891794,0.071868187
70.6469566,0.178772301,1.371012282,0.487625202,0.068879066
70.65159527,0.175621748,1.366967277,0.508356569,0.065103335
70.65623394,0.179257002,1.366481877,0.545312484,0.06769915
70.66087261,0.182407555,1.368018978,0.518271571,0.072497476
70.66551128,0.176187232,1.365025675,0.494836113,0.066125929
70.67014995,0.175864098,1.362598673,0.514666116,0.065103335
70.67478862,0.182245988,1.363731274,0.55612885,0.070688271
70.67942729,0.180064836,1.363407674,0.48942793,0.070216305
70.68406596,0.175540965,1.359281769,0.505652478,0.064788691
70.68870463,0.177398983,1.358634568,0.534496119,0.066440573
70.6933433,0.182407555,1.361546972,0.534496119,0.072340154
70.69798197,0.176429582,1.36009077,0.490329294,0.066833878
70.70262064,0.174652347,1.357340167,0.511962024,0.064238063
70.70725931,0.179984053,1.358553668,0.554326122,0.068879066
70.71189798,0.180549537,1.36025257,0.502047023,0.070845593
70.71653665,0.174652347,1.357501967,0.502948387,0.064867352
70.72117532,0.176025665,1.356935667,0.525482481,0.065181996
70.72581399,0.182407555,1.35992897,0.549819303,0.071632204
70.73045266,0.176995066,1.35992897,0.491230657,0.068092456
70.73509133,0.174086863,1.358149168,0.513764752,0.064474046
70.73973,0.179095435,1.361304271,0.553424758,0.067384506
70.74436867,0.182165205,1.366158276,0.525482481,0.071789526
70.74900734,0.176025665,1.365268376,0.505652478,0.065732623
70.75364601,0.175540965,1.364459375,0.524581117,0.064474046
70.75828468,0.182245988,1.367695378,0.56333976,0.070373627
70.76292335,0.179418569,1.368261679,0.49663884,0.069351033
70.76756202,0.174813914,1.365025675,0.511962024,0.064631368
70.77220069,0.177964467,1.364702075,0.539904302,0.066125929
70.77683936,0.182569122,1.368261679,0.535397483,0.071868187
70.78147803,0.176510366,1.366239177,0.493033385,0.066597895
70.7861167,0.17473313,1.363003173,0.513764752,0.064316724
70.79075537,0.18038797,1.364297574,0.557030214,0.069272372
70.79539404,0.180791887,1.365915576,0.501145659,0.070530949
70.80003271,0.174894697,1.362841373,0.504751114,0.064710029
70.80467138,0.176348799,1.361789672,0.528186573,0.065339318
70.80931005,0.182892256,1.364782975,0.547115212,0.071789526
70.81394872,0.177641334,1.363731274,0.48942793,0.067777811
70.81858739,0.174571564,1.36009077,0.510159297,0.064159402
70.82322606,0.178933868,1.35976717,0.549819303,0.067384506
70.82786473,0.181518938,1.362194172,0.514666116,0.07131756
70.8325034,0.174975481,1.359362669,0.499342932,0.065260657
70.83714207,0.175540965,1.357340167,0.519172935,0.064710029
70.84178074,0.181842071,1.359362669,0.557931577,0.07060961
70.84641941,0.178610735,1.359605369,0.490329294,0.069036389
70.85105808,0.17449078,1.355479465,0.510159297,0.064159402
70.85569675,0.177398983,1.354832264,0.539904302,0.066125929
70.86033542,0.182245988,1.357906468,0.531792028,0.071474882
70.86497409,0.176106449,1.356207566,0.493033385,0.065968607
70.86961276,0.17473313,1.354104164,0.51556748,0.064080741
70.87425143,0.18087267,1.356854767,0.558832941,0.068800405
70.8788901,0.180307186,1.35976717,0.502047023,0.070216305
70.88352877,0.175379398,1.358634568,0.511060661,0.064395385
70.88816744,0.177156633,1.361546972,0.538101574,0.065103335
70.89280611,0.184104007,1.371416782,0.560635669,0.071238899
70.89744478,0.178933868,1.37877869,0.509257933,0.067148523
70.90208345,0.176752716,1.382095593,0.5299893,0.064080741
70.90672212,0.181357371,1.385169797,0.565142488,0.067620489
70.91136079,0.18345774,1.3883249,0.52277839,0.070924254
70.91599946,0.177641334,1.385169797,0.507455206,0.065024674
70.92063813,0.177722117,1.381852893,0.525482481,0.064316724
70.9252768,0.184427141,1.383228195,0.559734305,0.070530949
70.92991547,0.180791887,1.382580994,0.493033385,0.068721744
70.93455414,0.176833499,1.378293289,0.511962024,0.064159402
70.93919281,0.180064836,1.376594388,0.543509757,0.066283251
70.94383148,0.184265574,1.378293289,0.5299893,0.071474882
70.94847015,0.177722117,1.375057286,0.493934749,0.065811284
70.95310882,0.176671932,1.372306683,0.513764752,0.063766097
70.95774749,0.183053823,1.372872984,0.557030214,0.068957727
70.96238616,0.181599721,1.373924685,0.49663884,0.070058983
70.96702483,0.176348799,1.36979878,0.505652478,0.064238063
70.9716635,0.177883684,1.367371778,0.531792028,0.065103335
70.97630217,0.18370009,1.370041481,0.543509757,0.071396221
70.98094084,0.177964467,1.368423479,0.48942793,0.066991201
70.98557951,0.175460181,1.365025675,0.511962024,0.063923419
70.99021818,0.18038797,1.366077376,0.552523395,0.06769915
70.99485685,0.182407555,1.368504379,0.510159297,0.071238899
70.99949552,0.175864098,1.365591976,0.501145659,0.064946013
71.00413419,0.176025665,1.364540275,0.52277839,0.064474046
71.00877286,0.182730689,1.368989779,0.558832941,0.070530949
71.01341153,0.178772301,1.371012282,0.493934749,0.0684071
71.0180502,0.175379398,1.370365081,0.514666116,0.064159402
71.02268887,0.179095435,1.372225783,0.548016576,0.066755217
71.02732754,0.182973039,1.376756188,0.530890664,0.071553543
71.03196621,0.176833499,1.375947187,0.499342932,0.065732623
71.03660488,0.176106449,1.374167385,0.519172935,0.064080741
71.04124355,0.181842071,1.377322488,0.565142488,0.069587016
71.04588222,0.180953454,1.380234891,0.50384975,0.070216305
71.05052089,0.176348799,1.378212389,0.516468843,0.064238063
71.05515956,0.178610735,1.377807889,0.540805665,0.065339318
71.05979823,0.18394244,1.381448393,0.54891794,0.071553543
71.0644369,0.178449168,1.380073091,0.493934749,0.066833878
71.06907557,0.176914283,1.376675288,0.514666116,0.064238063
71.07371424,0.181922855,1.376432587,0.555227486,0.068092456
71.07835291,0.18394244,1.378050589,0.510159297,0.071081577
71.08299158,0.178045251,1.373762885,0.502948387,0.064788691
71.08763025,0.179176218,1.371335882,0.52277839,0.064316724
71.09226892,0.186285159,1.372953884,0.554326122,0.070766932
71.09690759,0.182084422,1.371740382,0.48942793,0.068328439
71.10154626,0.178529951,1.367938078,0.511060661,0.064159402
71.10618493,0.182326772,1.368342579,0.545312484,0.066991201
71.1108236,0.185800459,1.370769581,0.524581117,0.07210417
71.11546227,0.179095435,1.367452678,0.49663884,0.065811284
71.12010094,0.178368384,1.365349276,0.517370207,0.064552707
71.12473961,0.184265574,1.368504379,0.561537032,0.069744338
71.12937828,0.182569122,1.370607781,0.499342932,0.069822999
71.13401695,0.17756055,1.368585279,0.513764752,0.064552707
71.13865562,0.180307186,1.368342579,0.539002938,0.065575301
71.14329429,0.185315758,1.371093182,0.543509757,0.072182832
71.14793296,0.179337785,1.36987968,0.494836113,0.067384506
71.15257163,0.177479767,1.367371778,0.517370207,0.064395385
71.1572103,0.183296173,1.370365081,0.562438396,0.0684071
71.16184897,0.184104007,1.373601084,0.514666116,0.071160238
71.16648764,0.177964467,1.370203281,0.510159297,0.064946013
71.17112631,0.178610735,1.368423479,0.5299893,0.065024674
71.17576498,0.184831058,1.370445981,0.55612885,0.071396221
71.18040365,0.18038797,1.36923248,0.493033385,0.068564422
71.18504232,0.176833499,1.365672876,0.512863388,0.064552707
71.18968099,0.18087267,1.365349276,0.548016576,0.067227184
71.19431966,0.184265574,1.367452678,0.523679754,0.072182832
71.19895833,0.1778029,1.364459375,0.498441568,0.066125929
71.203597,0.17707585,1.361708772,0.518271571,0.064788691
71.20823567,0.18345774,1.364216674,0.561537032,0.070373627
71.21287434,0.181276587,1.365915576,0.49663884,0.069980321
71.21751301,0.176510366,1.363488574,0.511962024,0.064552707
71.22215168,0.178933868,1.365106575,0.543509757,0.066125929
71.22679035,0.18394244,1.373115684,0.553424758,0.071946848
71.23142902,0.177883684,1.378050589,0.512863388,0.067148523
71.23606769,0.176348799,1.381529293,0.536298847,0.064159402
71.24070636,0.181599721,1.385816997,0.575057489,0.068721744
71.24534503,0.182165205,1.389214801,0.520074299,0.071160238
71.2499837,0.176429582,1.386706898,0.516468843,0.065103335
71.25462237,0.17756055,1.385816997,0.53720021,0.064788691
71.25926104,0.183780873,1.389700201,0.56333976,0.071474882
71.26389971,0.179014652,1.391318203,0.504751114,0.068249778
71.26853838,0.175944882,1.390671002,0.528186573,0.064552707
71.27317705,0.180064836,1.393017105,0.564241124,0.067620489
71.27781572,0.18345774,1.397304809,0.533594755,0.071710865
71.28245439,0.177156633,1.395525008,0.510159297,0.065811284
71.28709306,0.176752716,1.393664306,0.529087936,0.064474046
71.29173173,0.183538523,1.396334008,0.568747943,0.070216305
71.2963704,0.18087267,1.397304809,0.501145659,0.069744338
71.30100907,0.176591149,1.394877807,0.518271571,0.064552707
71.30564774,0.179499352,1.395282307,0.547115212,0.065968607
71.31028641,0.184588708,1.399893612,0.546213848,0.072025509
71.31492508,0.178449168,1.400055412,0.502948387,0.066676556
71.31956375,0.176671932,1.398518311,0.523679754,0.064474046
71.32420242,0.182649905,1.401026213,0.566043851,0.069429694
71.32884109,0.182892256,1.403372316,0.511060661,0.071081577
71.33347976,0.176833499,1.401026213,0.512863388,0.065181996
71.33811843,0.178368384,1.401349814,0.535397483,0.065417979
71.3427571,0.184507924,1.406284719,0.557030214,0.071868187
71.34739577,0.179822486,1.40693192,0.498441568,0.068171117
71.35203444,0.177156633,1.405233018,0.520074299,0.064631368
71.35667311,0.181761288,1.40693192,0.557030214,0.067777811
71.36131178,0.184507924,1.410653324,0.525482481,0.071946848
71.36595045,0.178449168,1.408954422,0.508356569,0.065732623
71.37058912,0.178045251,1.40741732,0.526383845,0.064710029
71.37522779,0.184669491,1.409763423,0.565142488,0.070924254
71.37986646,0.181761288,1.409358922,0.498441568,0.069429694
71.38450513,0.17756055,1.406446519,0.51556748,0.064552707
71.3891438,0.180791887,1.406446519,0.545312484,0.066125929
71.39378247,0.185558109,1.408549921,0.539904302,0.072340154
71.39842114,0.179499352,1.40757912,0.499342932,0.066597895
71.40305981,0.177641334,1.40693192,0.524581117,0.064710029
71.40769848,0.184104007,1.412433126,0.573254762,0.069351033
71.41233715,0.183376956,1.418419732,0.520074299,0.070766932
71.41697582,0.177964467,1.418015231,0.524581117,0.064867352
71.42161449,0.179418569,1.418096132,0.545312484,0.065260657
71.42625316,0.185881242,1.420846734,0.559734305,0.071710865
71.43089183,0.18063032,1.419066933,0.498441568,0.067935134
71.4355305,0.177964467,1.413727527,0.518271571,0.064316724
71.44016917,0.182407555,1.410815124,0.553424758,0.067856472
71.44480784,0.184427141,1.409520722,0.516468843,0.071789526
71.44944651,0.177722117,1.404181317,0.499342932,0.065339318
71.45408518,0.177479767,1.399731812,0.518271571,0.064552707
71.45872385,0.184588708,1.399974512,0.555227486,0.071081577
71.46336252,0.180791887,1.39787111,0.48942793,0.069193711
71.46800119,0.176187232,1.392693505,0.508356569,0.064631368
71.47263986,0.179822486,1.390751903,0.539002938,0.066833878
71.47727853,0.184023224,1.391803604,0.5299893,0.07210417
71.4819172,0.177479767,1.3886485,0.492132021,0.066519234
71.48655587,0.176348799,1.385250697,0.512863388,0.064552707
71.49119454,0.181842071,1.385169797,0.55612885,0.069665677
71.49583321,0.181438154,1.384846196,0.49663884,0.070688271
71.50047188,0.175379398,1.379992191,0.502948387,0.064788691
71.50511055,0.177156633,1.376756188,0.526383845,0.065653962
71.50974922,0.183134606,1.377079788,0.539904302,0.071868187
71.51438789,0.177398983,1.373358384,0.484019747,0.06769915
71.51902656,0.175056264,1.368504379,0.506553842,0.064159402
71.52366523,0.179741702,1.367290878,0.545312484,0.067935134
71.5283039,0.181761288,1.367614478,0.506553842,0.071238899
71.53294257,0.175540965,1.362922273,0.494836113,0.064946013
71.53758124,0.175621748,1.35984807,0.514666116,0.064316724
71.54221991,0.181842071,1.361708772,0.551622031,0.071081577
71.54685858,0.178368384,1.360576171,0.485822475,0.068957727
71.55149725,0.174409997,1.357340167,0.506553842,0.064395385
71.55613592,0.177722117,1.356207566,0.539002938,0.066755217
71.56077459,0.182326772,1.358796369,0.525482481,0.071789526
71.56541326,0.175621748,1.355803065,0.492132021,0.065968607
71.57005193,0.174571564,1.353376063,0.513764752,0.064238063
71.5746906,0.180549537,1.355883966,0.558832941,0.069351033
71.57932927,0.179337785,1.357825568,0.498441568,0.070216305
71.58396794,0.17424843,1.354104164,0.509257933,0.064474046
71.58860661,0.176348799,1.353780563,0.533594755,0.065417979
71.59324528,0.182407555,1.356612066,0.545312484,0.071789526
71.59788395,0.176752716,1.355398565,0.492132021,0.067384506
71.60252262,0.17449078,1.352405262,0.514666116,0.064238063
71.60716129,0.179903269,1.354427764,0.555227486,0.068013795
71.61179996,0.181357371,1.357421067,0.511962024,0.07131756
71.61643863,0.175056264,1.354832264,0.502047023,0.065181996
71.6210773,0.175783315,1.353133363,0.52277839,0.064631368
71.62571597,0.182245988,1.355964866,0.555227486,0.071081577
71.63035464,0.178368384,1.355398565,0.48942793,0.068879066
71.63499331,0.17473313,1.351353561,0.510159297,0.064159402
71.63963198,0.177883684,1.35086816,0.543509757,0.067069862
71.64427065,0.181922855,1.354265964,0.525482481,0.07210417
71.64890932,0.175379398,1.352162562,0.494836113,0.066361912
71.65354799,0.174409997,1.349492859,0.51556748,0.064710029
71.65818666,0.180711103,1.352405262,0.560635669,0.070216305
71.66282533,0.179014652,1.355155865,0.499342932,0.070688271
71.667464,0.17400608,1.354589564,0.513764752,0.065181996
71.67210267,0.176591149,1.358877269,0.543509757,0.066283251
71.67674134,0.182326772,1.367371778,0.555227486,0.072182832
71.68138001,0.176833499,1.373034784,0.510159297,0.067463167
71.68601868,0.174975481,1.378374189,0.538101574,0.064631368
71.69065735,0.18038797,1.386545098,0.579564308,0.068800405
71.69529602,0.182003638,1.392693505,0.531792028,0.071474882
71.69993469,0.175783315,1.392289004,0.520074299,0.065417979
71.70457336,0.176510366,1.389538401,0.536298847,0.064946013
71.70921203,0.183296173,1.389538401,0.560635669,0.071710865
71.7138507,0.179014652,1.386383298,0.491230657,0.068879066
71.71848937,0.175540965,1.379992191,0.509257933,0.065181996
71.72312804,0.179418569,1.377726989,0.542608393,0.067384506
71.72776671,0.182973039,1.377969689,0.519172935,0.072340154
71.73240538,0.176429582,1.373034784,0.48942793,0.066361912
71.73704405,0.175298614,1.368180779,0.509257933,0.064946013
71.74168272,0.181518938,1.367857178,0.549819303,0.07060961
71.74632139,0.179741702,1.366724577,0.484921111,0.070294966
71.75096006,0.174571564,1.360737971,0.498441568,0.064946013
71.75559873,0.176591149,1.358391868,0.527285209,0.066047268
71.7602374,0.181842071,1.361223371,0.536298847,0.072261493
71.76487607,0.175621748,1.36009077,0.48942793,0.067305845
71.76951474,0.173036679,1.357259267,0.510159297,0.064867352
71.77415341,0.178368384,1.357016567,0.550720667,0.068879066
71.77879208,0.179499352,1.357340167,0.500244295,0.071474882
71.78343075,0.173359812,1.351919861,0.495737476,0.06549664
71.78806942,0.173682946,1.348683858,0.516468843,0.065181996
71.79270809,0.180226403,1.35022096,0.543509757,0.071632204
71.79734676,0.175379398,1.347793957,0.479512928,0.068879066
71.80198543,0.171501794,1.342535451,0.502047023,0.064867352
71.8066241,0.176025665,1.341888251,0.536298847,0.067463167
71.81126277,0.179418569,1.343020852,0.511060661,0.071789526
71.81590144,0.172955895,1.339380348,0.486723839,0.066125929
71.82054011,0.171986494,1.336548845,0.506553842,0.065181996
71.82517878,0.178449168,1.338652247,0.551622031,0.070845593
71.82981745,0.175783315,1.34091745,0.48942793,0.06990166
71.83445612,0.171340227,1.343991653,0.511962024,0.064552707
71.83909479,0.173602163,1.351191761,0.545312484,0.066125929
71.84373346,0.178933868,1.361385171,0.547115212,0.072340154
71.84837213,0.172875112,1.363407674,0.498441568,0.067227184
71.8530108,0.17142101,1.361466071,0.516468843,0.064631368
71.85764947,0.177156633,1.362517773,0.55612885,0.06911505
71.86228814,0.176995066,1.362194172,0.501145659,0.071474882
71.86692681,0.171340227,1.357421067,0.499342932,0.065339318
71.87156548,0.172390411,1.353133363,0.520074299,0.06549664
71.87620415,0.178691518,1.353780563,0.541707029,0.071789526
71.88084282,0.173440596,1.349654659,0.480414292,0.068564422
71.88548149,0.170290042,1.344477053,0.501145659,0.064631368
71.89012016,0.174409997,1.342859052,0.539002938,0.06769915
71.89475883,0.177722117,1.343829853,0.510159297,0.072340154
71.8993975,0.17093631,1.339380348,0.488526566,0.066047268
71.90403617,0.170613176,1.336063445,0.508356569,0.065024674
71.90867484,0.1773182,1.337438746,0.550720667,0.070766932
71.91331351,0.17424843,1.335901644,0.484921111,0.069822999
71.91795218,0.169805342,1.33193754,0.501145659,0.064710029
71.92259085,0.172875112,1.329834138,0.530890664,0.066597895
71.92722952,0.177722117,1.33161394,0.527285209,0.072182832
71.93186819,0.171501794,1.329025137,0.484921111,0.06691254
71.93650686,0.170370826,1.326840835,0.506553842,0.064631368
71.94114553,0.176268015,1.328297036,0.550720667,0.069429694
71.9457842,0.176025665,1.329267837,0.495737476,0.07131756
71.95042287,0.170451609,1.325708234,0.499342932,0.065417979
71.95506154,0.17166336,1.324494732,0.52277839,0.065575301
71.95970021,0.1778029,1.327568936,0.545312484,0.072025509
71.96433888,0.173036679,1.326759935,0.486723839,0.0684071
71.96897755,0.170047692,1.324332932,0.510159297,0.064631368
71.97361622,0.174571564,1.325870034,0.548016576,0.067856472
71.97825489,0.177398983,1.329267837,0.516468843,0.07210417
71.98289356,0.17117866,1.328135236,0.498441568,0.065811284
71.98753223,0.17117866,1.327488035,0.519172935,0.065260657
71.9921709,0.178206817,1.332342041,0.558832941,0.071081577
71.99680957,0.175460181,1.334769043,0.494836113,0.069744338
72.00144824,0.171340227,1.334364543,0.514666116,0.064946013
72.00608691,0.174894697,1.338571347,0.546213848,0.066833878
72.01072558,0.179741702,1.345205154,0.539904302,0.072497476
72.01536425,0.173844513,1.346742256,0.500244295,0.066991201
72.02000292,0.172551978,1.346661356,0.520975662,0.065181996
72.02464159,0.178449168,1.349573759,0.564241124,0.069980321
72.02928026,0.178368384,1.352971562,0.506553842,0.071396221
72.03391893,0.172875112,1.35070636,0.511060661,0.065811284
72.0385576,0.174329213,1.349735559,0.533594755,0.065889946
72.04319627,0.180791887,1.353376063,0.550720667,0.072654798
72.04783494,0.175217831,1.352809762,0.493033385,0.0684071
72.05247361,0.172794328,1.35054456,0.514666116,0.06549664
72.05711228,0.177398983,1.351191761,0.552523395,0.068721744
72.06175095,0.179499352,1.354751364,0.516468843,0.072340154
72.06638962,0.173763729,1.353295163,0.502948387,0.065732623
72.07102829,0.173521379,1.352728862,0.52277839,0.065181996
72.07566696,0.179984053,1.356450266,0.561537032,0.071238899
72.08030563,0.176429582,1.358149168,0.495737476,0.069272372
72.0849443,0.172309628,1.357259267,0.516468843,0.064946013
72.08958297,0.175621748,1.359605369,0.549819303,0.066991201
72.09422164,0.180468753,1.365672876,0.539002938,0.072497476
72.09886031,0.174086863,1.366805477,0.50384975,0.066833878
72.10349898,0.172955895,1.36939428,0.526383845,0.064946013
72.10813765,0.178933868,1.37910229,0.575958853,0.070058983
72.11277632,0.178853085,1.395686808,0.530890664,0.070766932
72.11741499,0.17424843,1.418824232,0.558832941,0.06549664
72.12205366,0.176591149,1.450617966,0.604802494,0.066125929
72.12669233,0.183053823,1.485405003,0.631843407,0.072340154
72.131331,0.178368384,1.509351428,0.577761581,0.068171117
72.13596967,0.176187232,1.521405541,0.590380673,0.064946013
72.14060834,0.181438154,1.528443849,0.615618859,0.068485761
72.14524701,0.18345774,1.531518052,0.559734305,0.07210417
72.14988568,0.177479767,1.526421346,0.53720021,0.065811284
72.15452435,0.177722117,1.519463939,0.54891794,0.065417979
72.15916302,0.184104007,1.517684137,0.577761581,0.071632204
72.16380169,0.180226403,1.511535731,0.507455206,0.069587016
72.16844036,0.176348799,1.502070421,0.52277839,0.065103335
72.17307903,0.179580136,1.496326515,0.551622031,0.067463167
72.1777177,0.184265574,1.493414111,0.534496119,0.07281212
72.18235637,0.177237416,1.484757802,0.499342932,0.066991201
72.18699504,0.176187232,1.477153194,0.516468843,0.065024674
72.19163371,0.182730689,1.473917191,0.559734305,0.070294966
72.19627238,0.181195804,1.469548586,0.498441568,0.070924254
72.20091105,0.176025665,1.460892277,0.507455206,0.06549664
72.20554972,0.177641334,1.455229271,0.531792028,0.066361912
72.21018839,0.183780873,1.45466297,0.543509757,0.072261493
72.21482706,0.177883684,1.448676364,0.48942793,0.06769915
72.21946573,0.174975481,1.441476256,0.511962024,0.065024674
72.2241044,0.18038797,1.437997553,0.551622031,0.068721744
72.22874307,0.181438154,1.436136851,0.508356569,0.072025509
72.23338174,0.175137048,1.429341243,0.499342932,0.065811284
72.23802041,0.175864098,1.424001838,0.520074299,0.065575301
72.24265908,0.182003638,1.423435537,0.552523395,0.071710865
72.24729775,0.178368384,1.419552333,0.486723839,0.069272372
72.25193642,0.17424843,1.412837626,0.508356569,0.065024674
72.25657509,0.178045251,1.409763423,0.541707029,0.067541828
72.26121376,0.181680504,1.410087023,0.52277839,0.072497476
72.26585243,0.175298614,1.404585817,0.493033385,0.066361912
72.2704911,0.17424843,1.399246412,0.513764752,0.064867352
72.27512977,0.180711103,1.399327312,0.557030214,0.070373627
72.27976844,0.178933868,1.399246412,0.494836113,0.07060961
72.28440711,0.174086863,1.395444108,0.508356569,0.065024674
72.28904578,0.176833499,1.393907006,0.536298847,0.06620459
72.29368445,0.182326772,1.395363207,0.542608393,0.072576137
72.29832312,0.176268015,1.392693505,0.491230657,0.06769915
72.30296179,0.174329213,1.3881631,0.511962024,0.064788691
72.30760046,0.179499352,1.388244,0.554326122,0.069193711
72.31223913,0.181115021,1.389781102,0.508356569,0.071789526
72.3168778,0.174894697,1.385574297,0.502047023,0.06549664
72.32151647,0.175379398,1.383147294,0.524581117,0.065339318
72.32615514,0.181761288,1.385169797,0.557030214,0.071553543
72.33079381,0.177479767,1.385007996,0.49663884,0.068879066
72.33543248,0.173440596,1.382742794,0.520975662,0.065024674
72.34007115,0.177641334,1.385897897,0.558832941,0.067620489
72.34470982,0.181438154,1.394149706,0.542608393,0.072497476
72.34934849,0.176025665,1.405556618,0.541707029,0.065968607
72.35398716,0.176591149,1.425215339,0.595788856,0.064788691
72.35862583,0.183296173,1.443094258,0.641758409,0.070294966
72.3632645,0.181518938,1.450617966,0.558832941,0.070137644
72.36790317,0.176671932,1.447543763,0.55612885,0.065103335
72.37254184,0.179418569,1.445521261,0.57055067,0.066755217
72.37718051,0.184911841,1.446815662,0.56333976,0.072340154
72.38181918,0.178368384,1.441799857,0.508356569,0.067227184
72.38645785,0.176591149,1.436217751,0.524581117,0.064788691
72.39109652,0.182003638,1.434114349,0.56333976,0.069351033
72.39573519,0.182165205,1.432658147,0.510159297,0.071632204
72.40037386,0.176025665,1.42634794,0.506553842,0.065575301
72.40501253,0.176995066,1.421493935,0.527285209,0.065889946
72.4096512,0.183296173,1.421413035,0.552523395,0.072025509
72.41428987,0.178933868,1.418177032,0.48942793,0.068957727
72.41892854,0.175298614,1.412918526,0.511060661,0.064788691
72.42356721,0.179257002,1.410572424,0.546213848,0.068013795
72.42820588,0.182407555,1.411057824,0.519172935,0.072576137
72.43284455,0.176429582,1.405880219,0.495737476,0.066676556
72.43748322,0.175621748,1.401349814,0.516468843,0.06549664
72.44212189,0.182084422,1.402644215,0.559734305,0.071238899
72.44676056,0.179903269,1.402158815,0.494836113,0.07060961
72.45139923,0.175379398,1.39795201,0.513764752,0.065417979
72.4560379,0.178529951,1.399165511,0.54891794,0.066676556
72.46067657,0.184911841,1.407821821,0.561537032,0.07281212
72.46531524,0.180064836,1.411300524,0.520074299,0.06769915
72.46995391,0.179822486,1.410491523,0.539904302,0.065417979
72.47459258,0.186931427,1.412028625,0.580465672,0.069665677
72.47923125,0.187577694,1.413080326,0.523679754,0.071632204
72.48386992,0.181842071,1.408388121,0.519172935,0.065260657
72.48850859,0.182811472,1.405799318,0.538101574,0.065811284
72.49314726,0.189031796,1.40749822,0.558832941,0.07210417
72.49778593,0.184265574,1.404828517,0.494836113,0.068721744
72.5024246,0.180549537,1.399489112,0.51556748,0.064867352
72.50706327,0.184831058,1.398680111,0.550720667,0.068171117
72.51170194,0.187335344,1.399246412,0.520074299,0.072340154
72.51634061,0.180953454,1.395444108,0.500244295,0.065968607
72.52097928,0.180468753,1.392208104,0.520074299,0.064946013
72.52561795,0.186850643,1.394068806,0.560635669,0.071160238
72.53025662,0.184023224,1.394796907,0.494836113,0.070058983
72.53489529,0.179499352,1.391480003,0.512863388,0.064946013
72.53953396,0.182488339,1.389700201,0.541707029,0.066676556
72.54417263,0.187496911,1.392046304,0.538101574,0.072733459
72.5488113,0.181115021,1.389781102,0.494836113,0.067148523
72.55344997,0.179257002,1.386949598,0.516468843,0.064631368
72.55808864,0.184992625,1.387354099,0.558832941,0.069508355
72.56272731,0.184507924,1.3883249,0.502948387,0.071238899
72.56736598,0.178772301,1.384279896,0.507455206,0.065260657
72.57200465,0.179580136,1.383066394,0.529087936,0.065732623
72.57664332,0.185719675,1.386221498,0.551622031,0.072340154
72.58128199,0.180791887,1.385250697,0.493033385,0.068643083
72.58592066,0.177479767,1.383632695,0.517370207,0.064946013
72.59055933,0.181922855,1.385897897,0.558832941,0.068249778
72.595198,0.184588708,1.391560903,0.528186573,0.072182832
72.59983667,0.178045251,1.395605908,0.521877026,0.065811284
72.60447534,0.178206817,1.404747617,0.557030214,0.065181996
72.60911401,0.185073408,1.415345529,0.598492948,0.071396221
72.61375268,0.181195804,1.418338832,0.523679754,0.069744338
72.61839135,0.177156633,1.414941028,0.533594755,0.065103335
72.62303002,0.179903269,1.412352225,0.55612885,0.067069862
72.62766869,0.184669491,1.412675826,0.542608393,0.07281212
72.63230736,0.177722117,1.40693192,0.499342932,0.067148523
72.63694603,0.176348799,1.401511614,0.517370207,0.064867352
72.6415847,0.181518938,1.399893612,0.558832941,0.069822999
72.64622337,0.180791887,1.39762841,0.499342932,0.07131756
72.65086204,0.175379398,1.392127204,0.502948387,0.065181996
72.65550071,0.176833499,1.3883249,0.525482481,0.066047268
72.66013938,0.182649905,1.3884867,0.543509757,0.07210417
72.66477805,0.177479767,1.385331597,0.484921111,0.068249778
72.66941672,0.174086863,1.380234891,0.508356569,0.064946013
72.67405539,0.179014652,1.379425891,0.548016576,0.0684071
72.67869406,0.181599721,1.380153991,0.510159297,0.072182832
72.68333273,0.175137048,1.374895486,0.49663884,0.066125929
72.6879714,0.174894697,1.371093182,0.518271571,0.065575301
72.69261007,0.181357371,1.372387583,0.554326122,0.071710865
72.69724874,0.178126034,1.371254982,0.487625202,0.069822999
72.70188741,0.173925296,1.366158276,0.506553842,0.065339318
72.70652608,0.177237416,1.365187475,0.539904302,0.067148523
72.71116475,0.181842071,1.367695378,0.529087936,0.072654798
72.71580342,0.17473313,1.365349276,0.494836113,0.067069862
72.72044209,0.173440596,1.364621175,0.518271571,0.065103335
72.72508076,0.179903269,1.368018978,0.56333976,0.06990166
72.72971943,0.178853085,1.368989779,0.502047023,0.07060961
72.7343581,0.173925296,1.365187475,0.509257933,0.065260657
72.73899677,0.175540965,1.364863875,0.532693391,0.065811284
72.74363544,0.181276587,1.367938078,0.547115212,0.072340154
72.74827411,0.175621748,1.366481877,0.491230657,0.067935134
72.75291278,0.173279029,1.364135774,0.512863388,0.064631368
72.75755145,0.178368384,1.365187475,0.553424758,0.068092456
72.76219012,0.180307186,1.366805477,0.511962024,0.071710865
72.76682879,0.173844513,1.363407674,0.501145659,0.065417979
72.77146746,0.173925296,1.361142471,0.52277839,0.064946013
72.77610613,0.181034237,1.363407674,0.55612885,0.071081577
72.7807448,0.177156633,1.362275072,0.490329294,0.069272372
72.78538347,0.172875112,1.359200869,0.509257933,0.064631368
72.79002214,0.176429582,1.358472768,0.542608393,0.067069862
72.79466081,0.180953454,1.361142471,0.526383845,0.072340154
72.79929948,0.174652347,1.358310968,0.493934749,0.066597895
72.80393815,0.173682946,1.356369366,0.514666116,0.064631368
72.80857682,0.179822486,1.358877269,0.560635669,0.06990166
72.81321549,0.179257002,1.362194172,0.501145659,0.07060961
72.81785416,0.174329213,1.360818871,0.514666116,0.064946013
72.82249283,0.176348799,1.360657071,0.539002938,0.066125929
72.8271315,0.182326772,1.364054874,0.548016576,0.07210417
72.83177017,0.176671932,1.362598673,0.493934749,0.067620489
72.83640884,0.173602163,1.359200869,0.514666116,0.064631368
72.84104751,0.179014652,1.35992897,0.55612885,0.068485761
72.84568618,0.180549537,1.362436872,0.511962024,0.071868187
72.85032485,0.174894697,1.359524469,0.50384975,0.06549664
72.85496352,0.174894697,1.357663767,0.525482481,0.065417979
72.85960219,0.181842071,1.361223371,0.559734305,0.071474882
72.86424086,0.177964467,1.362598673,0.497540204,0.06911505
72.86887953,0.174329213,1.362194172,0.521877026,0.064710029
72.8735182,0.177964467,1.366724577,0.561537032,0.067227184
72.87815687,0.182165205,1.377807889,0.554326122,0.072182832
72.88279554,0.176106449,1.389862002,0.557931577,0.066519234
72.88743421,0.176187232,1.400783513,0.590380673,0.064710029
72.89207288,0.182730689,1.408469021,0.621027042,0.070294966
72.89671155,0.18063032,1.410815124,0.541707029,0.07060961
72.90135022,0.176106449,1.40757912,0.542608393,0.065181996
72.90598889,0.178772301,1.406042019,0.558832941,0.066519234
72.91062756,0.184427141,1.40757912,0.559734305,0.072654798
72.91526623,0.178772301,1.406527419,0.508356569,0.067541828
72.9199049,0.176752716,1.404990318,0.528186573,0.064867352
72.92454357,0.182407555,1.407983621,0.569649307,0.06911505
72.92918224,0.183780873,1.410087023,0.520074299,0.071710865
72.93382091,0.1773182,1.405475718,0.511962024,0.06549664
72.93845958,0.178529951,1.401430714,0.530890664,0.065575301
72.94309825,0.185315758,1.402886915,0.557030214,0.071946848
72.94773692,0.180468753,1.399812712,0.493033385,0.069193711
72.95237559,0.177641334,1.394796907,0.512863388,0.064867352
72.95701426,0.181680504,1.393098005,0.548016576,0.068013795
72.96165293,0.184992625,1.392936205,0.523679754,0.072654798
72.9662916,0.178529951,1.3883249,0.497540204,0.066991201
72.97093027,0.1778029,1.384684396,0.517370207,0.065575301
72.97556894,0.184104007,1.384927096,0.559734305,0.071081577
72.98020761,0.181842071,1.384037195,0.493934749,0.070924254
72.98484628,0.177156633,1.37894049,0.508356569,0.065417979
72.98948495,0.179337785,1.376756188,0.536298847,0.066833878
72.99412362,0.184669491,1.378374189,0.539002938,0.073048103
72.99876229,0.178449168,1.375299986,0.490329294,0.068092456
73.00340096,0.176671932,1.371174082,0.511060661,0.065417979
73.00803963,0.182245988,1.371012282,0.554326122,0.069665677
73.0126783,0.182165205,1.370931382,0.50384975,0.071946848
73.01731697,0.176510366,1.365915576,0.501145659,0.065811284
73.02195564,0.176914283,1.362760473,0.523679754,0.066047268
73.02659431,0.183619307,1.364216674,0.549819303,0.072340154
73.03123298,0.178287601,1.361870572,0.487625202,0.069036389
73.03587165,0.174975481,1.357906468,0.509257933,0.065260657
73.04051032,0.178691518,1.357744668,0.546213848,0.068092456
73.04514899,0.181761288,1.359524469,0.518271571,0.072576137
73.04978766,0.175460181,1.356450266,0.495737476,0.066519234
73.05442633,0.175217831,1.353699663,0.51556748,0.06549664
73.059065,0.181276587,1.355560365,0.557030214,0.071002915
73.06370367,0.178853085,1.355479465,0.490329294,0.07060961
73.06834234,0.174167646,1.351353561,0.506553842,0.065260657
73.07298101,0.176995066,1.35030186,0.535397483,0.06691254
73.07761968,0.182165205,1.352971562,0.533594755,0.07281212
73.08225835,0.175702531,1.35086816,0.488526566,0.06769915
73.08689702,0.173682946,1.347227656,0.510159297,0.065260657
73.09153569,0.179580136,1.347065856,0.553424758,0.069744338
73.09617436,0.180064836,1.348926558,0.501145659,0.071632204
73.10081303,0.174652347,1.345852355,0.502047023,0.065811284
73.1054517,0.175783315,1.344477053,0.525482481,0.066125929
73.11009037,0.182245988,1.347713057,0.54891794,0.072497476
73.11472904,0.176591149,1.346823156,0.488526566,0.06911505
73.11936771,0.173925296,1.344072553,0.510159297,0.065103335
73.12400638,0.177883684,1.344234353,0.547115212,0.068564422
73.12864505,0.180549537,1.346823156,0.516468843,0.072576137
73.13328372,0.174329213,1.344153453,0.49663884,0.066125929
73.13792239,0.173844513,1.342211851,0.516468843,0.065417979
73.14256106,0.18038797,1.344396153,0.557030214,0.071474882
73.14719973,0.177641334,1.345366954,0.491230657,0.070530949
73.1518384,0.173521379,1.342616351,0.509257933,0.065103335
73.15647707,0.176429582,1.343263552,0.539002938,0.067069862
73.16111574,0.181438154,1.347065856,0.535397483,0.072654798
73.16575441,0.175298614,1.345447854,0.493934749,0.067227184
73.17039308,0.174086863,1.343748953,0.514666116,0.06549664
73.17503175,0.179822486,1.346418656,0.558832941,0.070216305
73.17967042,0.179337785,1.348845658,0.502948387,0.071474882
73.18430909,0.17400608,1.346499556,0.507455206,0.065575301
73.18894776,0.175217831,1.346580456,0.530890664,0.066125929
73.19358643,0.181357371,1.349735559,0.549819303,0.072418815
73.1982251,0.175944882,1.349492859,0.491230657,0.068643083
73.20286377,0.173117462,1.347551257,0.513764752,0.065024674
73.20750244,0.177883684,1.349250159,0.551622031,0.068564422
73.21214111,0.180468753,1.352486162,0.517370207,0.072576137
73.21677978,0.173925296,1.35046366,0.502948387,0.066361912
73.22141845,0.17449078,1.35046366,0.521877026,0.065811284
73.22605712,0.181034237,1.354913165,0.561537032,0.071474882
73.23069579,0.177722117,1.356773866,0.495737476,0.070216305
73.23533446,0.173844513,1.357663767,0.517370207,0.065339318
73.23997313,0.17707585,1.360899771,0.54891794,0.067227184
73.2446118,0.181195804,1.365915576,0.540805665,0.07281212
73.24925047,0.175298614,1.366562777,0.502047023,0.067384506
73.25388914,0.174086863,1.366400977,0.52277839,0.06549664
73.25852781,0.180145619,1.371254982,0.566945215,0.070294966
73.26316648,0.179984053,1.377160688,0.510159297,0.07131756
73.26780515,0.174652347,1.377160688,0.517370207,0.065575301
73.27244382,0.176268015,1.379587691,0.541707029,0.066283251
73.27708249,0.182326772,1.386706898,0.559734305,0.072340154
73.28172116,0.177479767,1.389538401,0.504751114,0.068564422
73.28635983,0.175460181,1.392127204,0.528186573,0.065181996
73.2909985,0.18087267,1.400864413,0.57055067,0.068879066
73.29563717,0.183053823,1.414617428,0.539904302,0.072261493
73.30027584,0.178449168,1.432253647,0.539904302,0.066283251
73.30491451,0.180468753,1.455633771,0.57055067,0.065653962
73.30955318,0.189516496,1.487589305,0.619224315,0.071710865
73.31419185,0.187577694,1.52059654,0.566043851,0.06990166
73.31883052,0.184992625,1.548102569,0.590380673,0.06549664
73.32346919,0.19032433,1.575527699,0.619224315,0.068092456
73.32810786,0.195575253,1.602791027,0.602098403,0.073362748
73.33274653,0.189920413,1.616220442,0.557030214,0.067541828
73.3373852,0.188870229,1.620184546,0.566945215,0.066047268
73.34202387,0.195252119,1.621802548,0.602098403,0.071081577
73.34666254,0.193798017,1.618404744,0.531792028,0.071789526
73.35130121,0.188223961,1.607968633,0.532693391,0.06620459
73.35593988,0.189435713,1.599069623,0.550720667,0.067069862
73.36057855,0.195252119,1.594620119,0.559734305,0.073284087
73.36521722,0.189274146,1.584750308,0.500244295,0.068879066
73.36985589,0.186608293,1.573019796,0.520074299,0.065811284
73.37449456,0.191212948,1.565738788,0.559734305,0.069429694
73.37913323,0.192424699,1.560399382,0.516468843,0.072654798
73.3837719,0.185638892,1.54907337,0.505652478,0.06620459
73.38841057,0.185638892,1.538151859,0.524581117,0.065968607
73.39304924,0.192263132,1.533216954,0.557931577,0.071946848
73.39768791,0.187658477,1.525774146,0.492132021,0.06990166
73.40232658,0.183296173,1.515176234,0.511962024,0.06549664
73.40696525,0.18676986,1.508299727,0.544411121,0.067856472
73.41160392,0.190566681,1.504659223,0.526383845,0.073048103
73.41624259,0.183376956,1.495760214,0.494836113,0.067069862
73.42088126,0.182165205,1.487103905,0.514666116,0.06549664
73.42551993,0.188062395,1.4826544,0.557931577,0.071081577
73.4301586,0.186608293,1.478690296,0.494836113,0.071238899
73.43479727,0.181034237,1.469791286,0.506553842,0.065339318
73.43943594,0.182892256,1.46404738,0.532693391,0.066597895
73.44407461,0.188547095,1.462672079,0.542608393,0.072733459
73.44871328,0.182245988,1.456766373,0.490329294,0.068485761
73.45335195,0.179741702,1.449647165,0.512863388,0.065575301
73.45799062,0.184911841,1.446734762,0.554326122,0.069429694
73.46262929,0.185719675,1.44511676,0.510159297,0.072182832
73.46726796,0.179660919,1.438644753,0.50384975,0.065889946
73.47190663,0.180307186,1.433790748,0.526383845,0.065732623
73.4765453,0.18652751,1.433143547,0.558832941,0.072261493
73.48118397,0.181680504,1.430635645,0.497540204,0.069980321
73.48582264,0.177964467,1.426914241,0.526383845,0.065339318
73.49046131,0.182084422,1.426590641,0.569649307,0.068013795
73.49509998,0.185558109,1.427804142,0.546213848,0.072576137
73.49973865,0.179337785,1.422626536,0.513764752,0.066833878
73.50437732,0.178610735,1.418257932,0.528186573,0.065181996
73.50901599,0.184992625,1.417853431,0.567846579,0.070924254
73.51365466,0.182407555,1.41623543,0.501145659,0.070924254
73.51829333,0.17756055,1.410006123,0.511962024,0.065575301
73.522932,0.179822486,1.40725552,0.538101574,0.066597895
73.52757067,0.185073408,1.408307221,0.543509757,0.072969442
73.53220934,0.178691518,1.405394818,0.493033385,0.067777811
73.53684801,0.176671932,1.400217213,0.514666116,0.065181996
73.54148668,0.181761288,1.399650912,0.55612885,0.069272372
73.54612535,0.182730689,1.400055412,0.507455206,0.07210417
73.55076402,0.176671932,1.395444108,0.50384975,0.065653962
73.55540269,0.177641334,1.392855305,0.525482481,0.065575301
73.56004136,0.184669491,1.395444108,0.553424758,0.07210417
73.56468003,0.179580136,1.394068806,0.491230657,0.069036389
73.5693187,0.176106449,1.390590102,0.512863388,0.064788691
73.57395737,0.180549537,1.390913703,0.54891794,0.067856472
73.57859604,0.184104007,1.393583406,0.525482481,0.072654798
73.58323471,0.177722117,1.391480003,0.501145659,0.066519234
73.58787338,0.177398983,1.390104702,0.521877026,0.065260657
73.59251205,0.183376956,1.393178905,0.565142488,0.070688271
73.59715072,0.181518938,1.393421605,0.498441568,0.070452288
73.60178939,0.176671932,1.389457501,0.512863388,0.065339318
73.60642806,0.179176218,1.3881631,0.539002938,0.06691254
73.61106673,0.184346357,1.390509202,0.540805665,0.073126764
73.6157054,0.178045251,1.3884867,0.494836113,0.067935134
73.62034407,0.176348799,1.385088897,0.517370207,0.06549664
73.62498274,0.182003638,1.385655197,0.559734305,0.069744338
73.62962141,0.182649905,1.386625998,0.507455206,0.072025509
73.63426008,0.176833499,1.382419194,0.506553842,0.065732623
73.63889875,0.1778029,1.380639392,0.528186573,0.065968607
73.64353742,0.18394244,1.382985494,0.553424758,0.072182832
73.64817609,0.179580136,1.382176493,0.492132021,0.06911505
73.65281476,0.176187232,1.37934499,0.514666116,0.065103335
73.65745343,0.180145619,1.379749491,0.551622031,0.0684071
73.6620921,0.183296173,1.381691093,0.521877026,0.072733459
73.66673077,0.176429582,1.37869779,0.499342932,0.066519234
73.67136944,0.176187232,1.375461786,0.518271571,0.065260657
73.67600811,0.182407555,1.377241588,0.559734305,0.071081577
73.68064678,0.179822486,1.376917988,0.491230657,0.070373627
73.68528545,0.175379398,1.372387583,0.508356569,0.065103335
73.68992412,0.177964467,1.371659482,0.536298847,0.067227184
73.69456279,0.183134606,1.373358384,0.534496119,0.073048103
73.69920146,0.176671932,1.370607781,0.490329294,0.06769915
73.70384013,0.175056264,1.367290878,0.511962024,0.065181996
73.7084788,0.180791887,1.367857178,0.557030214,0.06990166
73.71311747,0.181195804,1.36923248,0.502047023,0.071868187
73.71775614,0.175217831,1.365753776,0.50384975,0.066047268
73.72239481,0.176268015,1.363731274,0.526383845,0.066597895
73.72703348,0.182811472,1.365672876,0.548016576,0.072890781
73.73167215,0.177964467,1.364459375,0.488526566,0.068879066
73.73631082,0.175137048,1.361870572,0.511060661,0.065260657
73.74094949,0.179337785,1.362517773,0.54891794,0.068485761
73.74558816,0.182245988,1.365268376,0.516468843,0.072654798
73.75022683,0.175056264,1.361789672,0.498441568,0.066283251
73.7548655,0.175379398,1.36025257,0.520074299,0.06549664
73.75950417,0.182165205,1.363973974,0.560635669,0.071474882
73.76414284,0.179014652,1.365672876,0.49663884,0.070216305
73.76878151,0.174813914,1.365349276,0.517370207,0.06549664
73.77342018,0.178206817,1.371335882,0.558832941,0.066991201
73.77805885,0.184023224,1.386787798,0.572353398,0.072576137
73.78269752,0.179095435,1.400864413,0.547115212,0.067305845
73.78733619,0.178126034,1.409278022,0.567846579,0.065417979
73.79197486,0.184911841,1.415992729,0.601197039,0.070137644
73.79661353,0.18418479,1.418338832,0.532693391,0.071474882
73.8012522,0.178287601,1.413808427,0.528186573,0.065811284
73.80589087,0.179580136,1.410896024,0.545312484,0.066361912
73.81052954,0.185719675,1.411866825,0.558832941,0.072733459
73.81516821,0.180307186,1.408711722,0.49663884,0.069036389
73.81980688,0.1773182,1.403776816,0.517370207,0.065339318
73.82444555,0.182003638,1.402886915,0.553424758,0.068721744
73.82908422,0.184427141,1.404100417,0.517370207,0.072733459
73.83372289,0.178206817,1.399731812,0.502047023,0.066440573
73.83836156,0.177722117,1.396495809,0.521877026,0.065811284
73.84300023,0.184265574,1.398356511,0.559734305,0.071868187
73.8476389,0.180953454,1.39787111,0.493033385,0.070530949
73.85227757,0.17707585,1.393745206,0.514666116,0.06549664
73.85691624,0.180064836,1.393178905,0.547115212,0.067463167
73.86155491,0.184669491,1.39779021,0.541707029,0.073126764
73.86619358,0.178529951,1.396576709,0.510159297,0.06769915
73.87083225,0.177722117,1.396981209,0.539904302,0.065575301
73.87547092,0.18418479,1.401188014,0.588577946,0.070688271
73.88010959,0.18345774,1.403615016,0.525482481,0.071946848
73.88474826,0.177883684,1.400459913,0.528186573,0.066047268
73.88938693,0.180064836,1.399489112,0.547115212,0.066440573
73.8940256,0.185719675,1.401916114,0.558832941,0.072890781
73.89866427,0.180064836,1.400055412,0.500244295,0.068721744
73.90330294,0.177156633,1.396495809,0.520074299,0.065339318
73.90794161,0.182003638,1.396414909,0.557931577,0.069272372
73.91258028,0.18418479,1.397062109,0.518271571,0.072890781
73.91721895,0.177237416,1.393259805,0.505652478,0.066283251
73.92185762,0.177641334,1.390590102,0.523679754,0.066125929
73.92649629,0.184427141,1.392046304,0.559734305,0.071789526
73.93113496,0.18063032,1.390994603,0.493033385,0.06990166
73.93577363,0.176429582,1.387111399,0.513764752,0.065417979
73.9404123,0.179580136,1.387758599,0.546213848,0.06769915
73.94505097,0.18418479,1.390994603,0.532693391,0.073048103
73.94968964,0.177641334,1.389538401,0.498441568,0.067227184
73.95432831,0.176995066,1.387111399,0.518271571,0.06549664
73.95896698,0.182892256,1.389457501,0.56333976,0.070688271
73.96360565,0.181357371,1.391399103,0.502948387,0.071474882
73.96824432,0.176187232,1.389700201,0.514666116,0.06549664
73.97288299,0.178287601,1.390185602,0.539904302,0.066755217
73.97752166,0.184265574,1.394473306,0.551622031,0.072733459
73.98216033,0.178853085,1.394311506,0.497540204,0.068171117
73.986799,0.176591149,1.392531704,0.519172935,0.065417979
73.99143767,0.181761288,1.394311506,0.558832941,0.069351033
73.99607634,0.18345774,1.397143009,0.51556748,0.072497476
74.00071501,0.177237416,1.394635107,0.506553842,0.066047268
74.00535368,0.177722117,1.394068806,0.527285209,0.065811284
74.00999235,0.184831058,1.39811381,0.561537032,0.07210417
74.01463102,0.180468753,1.399570012,0.49663884,0.069665677
74.01926969,0.176833499,1.398680111,0.518271571,0.06549664
74.02390836,0.180307186,1.401107114,0.552523395,0.068013795
74.02854703,0.184669491,1.40685102,0.536298847,0.07281212
74.0331857,0.178206817,1.40725552,0.506553842,0.066676556
74.03782437,0.1778029,1.40757912,0.526383845,0.065339318
74.04246304,0.18418479,1.411947725,0.57055067,0.070766932
74.04710171,0.182649905,1.415911829,0.508356569,0.070924254
74.05174038,0.177641334,1.414860128,0.520074299,0.065417979
74.05637905,0.179741702,1.417206231,0.548016576,0.066833878
74.06101772,0.185477325,1.424810839,0.558832941,0.072497476
74.06565639,0.179822486,1.428694043,0.512863388,0.067935134
74.07029506,0.1778029,1.433548048,0.542608393,0.065339318
74.07493373,0.183861657,1.44471226,0.593084765,0.069036389
74.0795724,0.185558109,1.456280972,0.549819303,0.072025509
74.08421107,0.179741702,1.460406876,0.540805665,0.06620459
74.08884974,0.180953454,1.464937281,0.558832941,0.066125929
74.09348841,0.187092994,1.471571088,0.585873855,0.072418815
74.09812708,0.182892256,1.474968892,0.520074299,0.069272372
74.10276575,0.179499352,1.474968892,0.536298847,0.065417979
74.10740442,0.18370009,1.477072294,0.567846579,0.067856472
74.11204309,0.187173777,1.481683599,0.543509757,0.072733459
74.11668176,0.18087267,1.480470098,0.514666116,0.066991201
74.12132043,0.18038797,1.479013896,0.532693391,0.065811284
74.1259591,0.18676986,1.480712798,0.574156125,0.071474882
74.13059777,0.185073408,1.481036398,0.508356569,0.070845593
74.13523644,0.180226403,1.475858793,0.519172935,0.065732623
74.13987511,0.182326772,1.47326999,0.544411121,0.06691254
74.14451378,0.188143178,1.47367449,0.547115212,0.072733459
74.14915245,0.181761288,1.468739585,0.497540204,0.067856472
74.15379112,0.179580136,1.462024878,0.517370207,0.065417979
74.15842979,0.184911841,1.460730477,0.558832941,0.069508355
74.16306846,0.186042809,1.459516975,0.508356569,0.071868187
74.16770713,0.179984053,1.453853969,0.505652478,0.065811284
74.1723458,0.180791887,1.449485365,0.527285209,0.065653962
74.17698447,0.187173777,1.448999964,0.553424758,0.072261493
74.18162314,0.182245988,1.44503586,0.490329294,0.069193711
74.18626181,0.179014652,1.438725653,0.511962024,0.065103335
74.19090048,0.183215389,1.43597505,0.547115212,0.068171117
74.19553915,0.186365943,1.436784051,0.520975662,0.072733459
74.20017782,0.179418569,1.432010946,0.49663884,0.066283251
74.20481649,0.178772301,1.426914241,0.516468843,0.065339318
74.20945516,0.185315758,1.427076041,0.557931577,0.071160238
74.21409383,0.182892256,1.424568138,0.493033385,0.070373627
74.2187325,0.178206817,1.418257932,0.508356569,0.065103335
74.22337117,0.180307186,1.415426429,0.536298847,0.06691254
74.22800984,0.185719675,1.41663993,0.536298847,0.072654798
74.23264851,0.179418569,1.412109525,0.491230657,0.067620489
74.23728718,0.177479767,1.40709372,0.511962024,0.065339318
74.24192585,0.183296173,1.406608319,0.555227486,0.069587016
74.24656452,0.183215389,1.406203819,0.50384975,0.071632204
74.25120319,0.177237416,1.401268914,0.504751114,0.06549664
74.25584186,0.178368384,1.398922811,0.527285209,0.065889946
74.26048053,0.184831058,1.400055412,0.553424758,0.072182832
74.2651192,0.179984053,1.398437411,0.492132021,0.068643083
74.26975787,0.176914283,1.394958707,0.51556748,0.064867352
74.27439654,0.181195804,1.396414909,0.554326122,0.067935134
74.27903521,0.184507924,1.401268914,0.530890664,0.072261493
74.28367388,0.178287601,1.402806015,0.51556748,0.066597895
74.28831255,0.178206817,1.404909418,0.536298847,0.06549664
74.29295122,0.185558109,1.412352225,0.580465672,0.071710865
74.29758989,0.183215389,1.41639723,0.51556748,0.07060961
74.30222856,0.178691518,1.414617428,0.528186573,0.06549664
74.30686723,0.181518938,1.414212927,0.555227486,0.067227184
74.3115059,0.186608293,1.41672083,0.549819303,0.072969442
74.31614457,0.180226403,1.413889327,0.505652478,0.067463167
74.32078324,0.178691518,1.410491523,0.524581117,0.065339318
74.32542191,0.184265574,1.410815124,0.566043851,0.070216305
74.33006058,0.184346357,1.410896024,0.509257933,0.071946848
74.33469925,0.178368384,1.405475718,0.511060661,0.065811284
74.33933792,0.179660919,1.402320615,0.532693391,0.06620459
74.34397659,0.185962026,1.403695916,0.552523395,0.072497476
74.34861526,0.180791887,1.400621713,0.491230657,0.068879066
74.35325393,0.177964467,1.395848608,0.512863388,0.065181996
74.3578926,0.181922855,1.395039607,0.550720667,0.068643083
74.36253127,0.184427141,1.395686808,0.516468843,0.072497476
74.36716994,0.17756055,1.391722704,0.499342932,0.066519234
74.37180861,0.1778029,1.389376601,0.520074299,0.065339318
74.37644728,0.18418479,1.390994603,0.560635669,0.071396221
74.38108595,0.181276587,1.391318203,0.494836113,0.069980321
74.38572462,0.176591149,1.3883249,0.513764752,0.065024674
74.39036329,0.179822486,1.3883249,0.543509757,0.066991201
74.39500196,0.184427141,1.392208104,0.53720021,0.072576137
74.39964063,0.177964467,1.392531704,0.501145659,0.067069862
74.4042793,0.176995066,1.394796907,0.527285209,0.065260657
74.40891797,0.183538523,1.405313918,0.577761581,0.070058983
74.41355664,0.182892256,1.414860128,0.524581117,0.071474882
74.41819531,0.1778029,1.417368031,0.528186573,0.065260657
74.42283398,0.179095435,1.418338832,0.54891794,0.065968607
74.42747265,0.185800459,1.422383836,0.564241124,0.072890781
74.43211132,0.180307186,1.421898436,0.504751114,0.068879066
74.43674999,0.177398983,1.419309633,0.526383845,0.065575301
74.44138866,0.182165205,1.420199534,0.565142488,0.068800405
74.44602733,0.184023224,1.423111937,0.5299893,0.072418815
74.450666,0.178045251,1.421574835,0.517370207,0.06620459
74.45530467,0.178045251,1.422383836,0.538101574,0.06549664
74.45994334,0.184588708,1.427480541,0.575057489,0.071553543
74.46458201,0.180953454,1.432091846,0.510159297,0.070216305
74.46922068,0.176833499,1.437593052,0.53720021,0.065339318
74.47385935,0.180549537,1.456119172,0.586775218,0.067384506
74.47849802,0.185638892,1.487184805,0.597591584,0.072654798
74.48313669,0.179257002,1.516227936,0.580465672,0.067069862
74.48777536,0.178045251,1.542439563,0.608407949,0.065024674
74.49241403,0.184265574,1.565496088,0.651673411,0.070137644
74.4970527,0.183376956,1.5772266,0.577761581,0.071238899
74.50169137,0.177883684,1.575527699,0.57055067,0.065811284
74.50633004,0.179903269,1.571887195,0.580465672,0.066440573
74.51096871,0.185800459,1.570511893,0.583169763,0.072890781
74.51560738,0.180145619,1.563554486,0.521877026,0.068564422
74.52024605,0.177479767,1.554412776,0.538101574,0.065103335
74.52488472,0.182407555,1.54826437,0.572353398,0.068721744
74.52952339,0.184104007,1.543167664,0.526383845,0.072261493
74.53416206,0.177641334,1.533459654,0.511962024,0.065968607
74.53880073,0.178045251,1.524641545,0.528186573,0.065732623
74.5434394,0.184104007,1.52003024,0.561537032,0.071789526
74.54807807,0.180145619,1.513234632,0.494836113,0.069587016
74.55271674,0.176591149,1.504416523,0.513764752,0.065339318
74.55735541,0.179822486,1.498106316,0.545312484,0.06769915
74.56199408,0.184104007,1.494546713,0.529087936,0.073126764
74.56663275,0.1773182,1.485971304,0.495737476,0.067227184
74.57127142,0.176025665,1.478609396,0.514666116,0.065653962
74.57591009,0.182245988,1.474968892,0.558832941,0.070688271
74.58054876,0.180791887,1.471085688,0.49663884,0.071002915
74.58518743,0.175702531,1.462672079,0.506553842,0.065339318
74.5898261,0.177722117,1.457332673,0.531792028,0.066125929
74.59446477,0.183780873,1.455391071,0.543509757,0.072418815
74.59910344,0.177883684,1.449970765,0.491230657,0.068092456
74.60374211,0.175460181,1.44463136,0.514666116,0.065024674
74.60838078,0.181195804,1.442851558,0.557030214,0.069036389
74.61301945,0.183053823,1.442042557,0.513764752,0.072261493
74.61765812,0.176995066,1.436136851,0.505652478,0.065889946
74.62229679,0.177722117,1.432415447,0.525482481,0.065653962
74.62693546,0.184346357,1.432900847,0.557931577,0.071789526
74.63157413,0.180064836,1.429503044,0.493033385,0.069587016
74.6362128,0.175864098,1.423678237,0.513764752,0.065260657
74.64085147,0.179418569,1.421817535,0.547115212,0.068092456
74.64549014,0.183376956,1.422141136,0.527285209,0.072969442
74.65012881,0.177237416,1.418177032,0.498441568,0.066991201
74.65476748,0.176106449,1.413727527,0.519172935,0.065732623
74.65940615,0.182407555,1.414860128,0.56333976,0.071002915
74.66404482,0.180549537,1.415102828,0.499342932,0.071081577
74.66868349,0.175783315,1.411219624,0.512863388,0.065417979
74.67332216,0.177883684,1.410653324,0.540805665,0.066833878
74.67796083,0.184023224,1.415102828,0.54891794,0.072969442
74.6825995,0.177883684,1.414941028,0.499342932,0.068171117
74.68723817,0.175783315,1.414617428,0.521877026,0.065260657
74.69187684,0.181357371,1.417206231,0.565142488,0.069587016
74.69651551,0.182003638,1.422222036,0.520975662,0.072025509
74.70115418,0.175864098,1.426995141,0.52277839,0.065968607
74.70579285,0.177156633,1.441476256,0.557931577,0.06620459
74.71043152,0.183619307,1.470762087,0.604802494,0.072497476
74.71507019,0.180145619,1.502960322,0.559734305,0.069587016
74.71970886,0.176995066,1.534754055,0.59669022,0.065260657
74.72434753,0.181842071,1.566952289,0.639955681,0.067935134
74.7289862,0.185719675,1.59534822,0.614717496,0.072576137
74.73362487,0.178610735,1.608534934,0.578662944,0.066991201
74.73826354,0.178368384,1.612337238,0.583169763,0.065339318
74.74290221,0.184750274,1.613227138,0.612013404,0.070845593
74.74754088,0.182811472,1.609829335,0.536298847,0.070845593
74.75217955,0.178045251,1.600444925,0.542608393,0.065653962
74.75681822,0.180468753,1.593406617,0.56333976,0.067148523
74.76145689,0.185881242,1.588633512,0.561537032,0.073126764
74.76609556,0.179580136,1.578197401,0.509257933,0.068013795
74.77073423,0.1778029,1.567033189,0.525482481,0.065339318
74.7753729,0.183053823,1.559994882,0.565142488,0.069665677
74.78001157,0.18394244,1.553522875,0.512863388,0.071868187
74.78465024,0.177479767,1.542358663,0.508356569,0.065889946
74.78928891,0.178045251,1.533540554,0.5299893,0.065968607
74.79392758,0.184750274,1.52941465,0.555227486,0.07210417
74.79856625,0.179741702,1.520920141,0.491230657,0.069193711
74.80320492,0.176752716,1.510079529,0.511962024,0.065339318
74.80784359,0.180953454,1.503850222,0.548016576,0.0684071
74.81248226,0.183619307,1.499643418,0.519172935,0.07281212
74.81712093,0.176995066,1.490501708,0.495737476,0.066833878
74.8217596,0.176591149,1.481683599,0.514666116,0.065575301
74.82639827,0.182730689,1.478366695,0.557030214,0.071632204
74.83103694,0.180226403,1.47318909,0.490329294,0.070766932
74.83567561,0.175702531,1.464937281,0.506553842,0.065417979
74.84031428,0.178368384,1.460083276,0.535397483,0.066991201
74.84495295,0.183780873,1.458788875,0.535397483,0.072969442
74.84959162,0.177883684,1.451831467,0.48942793,0.068171117
74.85423029,0.176268015,1.44455046,0.511962024,0.06549664
74.85886896,0.182003638,1.441557156,0.554326122,0.069665677
74.86350763,0.182488339,1.439858255,0.501145659,0.071789526
74.8681463,0.176187232,1.433143547,0.502047023,0.065889946
74.87278497,0.177156633,1.427723242,0.524581117,0.066283251
74.87742364,0.183538523,1.427076041,0.548016576,0.072418815
74.88206231,0.178126034,1.422545636,0.487625202,0.06911505
74.88670098,0.175137048,1.417610731,0.510159297,0.06549664
74.89133965,0.179741702,1.415264629,0.548016576,0.068485761
74.89597832,0.182892256,1.415102828,0.516468843,0.072733459
74.90061699,0.176268015,1.410006123,0.498441568,0.066597895
74.90525566,0.175864098,1.405961119,0.518271571,0.065889946
74.90989433,0.182730689,1.406365619,0.558832941,0.071789526
74.914533,0.179580136,1.404666717,0.491230657,0.070766932
74.91917167,0.175137048,1.399003711,0.508356569,0.065575301
74.92381034,0.177398983,1.397304809,0.538101574,0.067541828
74.92844901,0.182326772,1.398518311,0.532693391,0.073284087
74.93308768,0.176348799,1.395039607,0.491230657,0.067935134
74.93772635,0.174975481,1.390509202,0.512863388,0.065889946
74.94236502,0.18063032,1.391156403,0.557030214,0.070452288
74.94700369,0.180549537,1.393098005,0.502948387,0.072340154
74.95164236,0.175056264,1.389942902,0.508356569,0.065811284
74.95628103,0.176591149,1.389214801,0.5299893,0.06620459
74.9609197,0.182407555,1.391884504,0.550720667,0.072654798
74.96555837,0.177641334,1.390509202,0.491230657,0.068721744
74.97019704,0.174652347,1.387596799,0.513764752,0.065339318
74.97483571,0.178529951,1.3879204,0.551622031,0.068879066
74.97947438,0.181115021,1.390104702,0.518271571,0.072576137
74.98411305,0.174813914,1.387839499,0.502948387,0.066519234
74.98875172,0.175137048,1.386383298,0.52277839,0.065811284
74.99339039,0.181599721,1.389376601,0.561537032,0.072025509
74.99802906,0.178126034,1.389862002,0.494836113,0.070216305
75.00266773,0.17424843,1.386221498,0.512863388,0.065260657
75.0073064,0.17756055,1.385655197,0.543509757,0.067305845
75.01194507,0.182165205,1.3888103,0.534496119,0.073126764
75.01658374,0.175864098,1.387515899,0.49663884,0.067620489
75.02122241,0.174975481,1.385978797,0.519172935,0.065653962
75.02586108,0.180711103,1.390185602,0.565142488,0.07060961
75.03049975,0.179984053,1.397062109,0.512863388,0.071789526
75.03513842,0.174571564,1.402644215,0.525482481,0.065811284
75.03977709,0.176348799,1.413080326,0.557931577,0.066676556
75.04441576,0.182892256,1.430392945,0.579564308,0.072890781
75.04905443,0.1773182,1.439372854,0.523679754,0.068957727
75.0536931,0.17424843,1.442608858,0.541707029,0.065103335
75.05833177,0.179580136,1.445521261,0.573254762,0.06911505
75.06297044,0.181761288,1.447139262,0.5299893,0.072654798
75.06760911,0.175298614,1.442042557,0.511962024,0.066519234
75.07224778,0.176106449,1.438078453,0.529087936,0.065968607
75.07688645,0.182973039,1.437997553,0.56333976,0.071868187
75.08152512,0.179014652,1.434680649,0.494836113,0.070294966
75.08616379,0.175217831,1.428532243,0.512863388,0.065653962
75.09080246,0.178449168,1.42610524,0.543509757,0.067935134
75.09544113,0.183053823,1.426833341,0.5299893,0.072890781
75.1000798,0.176752716,1.422545636,0.493033385,0.067069862
75.10471847,0.176348799,1.418662432,0.513764752,0.065575301
75.10935714,0.182326772,1.418177032,0.557030214,0.070530949
75.11399581,0.181195804,1.417934331,0.49663884,0.071710865
75.11863448,0.176025665,1.412594926,0.507455206,0.065653962
75.12327315,0.178045251,1.410410623,0.531792028,0.066676556
75.12791182,0.184265574,1.412594926,0.545312484,0.072576137
75.13255049,0.178853085,1.410167923,0.491230657,0.0684071
75.13718916,0.176429582,1.40741732,0.514666116,0.06549664
75.14182783,0.182165205,1.408064521,0.55612885,0.06911505
75.1464665,0.184669491,1.410167923,0.514666116,0.072418815
75.15110517,0.179418569,1.40709372,0.505652478,0.066361912
75.15574384,0.181115021,1.406527419,0.529087936,0.066047268
75.16038251,0.189112579,1.410976924,0.565142488,0.071868187
75.16502118,0.18676986,1.413565727,0.502948387,0.069587016
75.16965985,0.184104007,1.411462324,0.523679754,0.065339318
75.17429852,0.189031796,1.412675826,0.555227486,0.067777811
75.17893719,0.193878801,1.41639723,0.53720021,0.072890781
75.18357586,0.187900828,1.413242126,0.50384975,0.067148523
75.18821453,0.187496911,1.409682523,0.521877026,0.06549664
75.1928532,0.193555667,1.409925223,0.564241124,0.07131756
75.19749187,0.191939999,1.410410623,0.501145659,0.071553543
75.20213054,0.186446726,1.404666717,0.511060661,0.065732623
75.20676921,0.188385528,1.401673414,0.535397483,0.066833878
75.21140788,0.193878801,1.403372316,0.544411121,0.072969442
75.21604655,0.187658477,1.400864413,0.491230657,0.068328439
75.22068522,0.185315758,1.39738571,0.513764752,0.06549664
75.22532389,0.190162763,1.396900309,0.555227486,0.069429694
75.22996256,0.190970598,1.39770931,0.510159297,0.072182832
75.23460123,0.184831058,1.394230606,0.502948387,0.066125929
75.2392399,0.184911841,1.393583406,0.526383845,0.065968607
75.24387857,0.191455298,1.39819471,0.558832941,0.072418815
75.24851724,0.18676986,1.400459913,0.495737476,0.06990166
75.25315591,0.183053823,1.399893612,0.519172935,0.065653962
75.25779458,0.18676986,1.403534116,0.555227486,0.068013795
75.26243325,0.190485897,1.410572424,0.538101574,0.073048103
75.26707192,0.18370009,1.412918526,0.511060661,0.06691254
75.27171059,0.182892256,1.415102828,0.531792028,0.065417979
75.27634926,0.189435713,1.419633233,0.573254762,0.071081577
75.28098793,0.18725456,1.422788337,0.507455206,0.071081577
75.2856266,0.181761288,1.420523134,0.518271571,0.065889946
75.29026527,0.184104007,1.419552333,0.543509757,0.067069862
75.29490394,0.18959728,1.422060236,0.548016576,0.073048103
75.29954261,0.183296173,1.419471433,0.49663884,0.068485761
75.30418128,0.181034237,1.415507329,0.518271571,0.06549664
75.30881995,0.186042809,1.415911829,0.560635669,0.069822999
75.31345862,0.186931427,1.418015231,0.512863388,0.072654798
75.31809729,0.18087267,1.416154529,0.510159297,0.066519234
75.32273596,0.181680504,1.415830929,0.531792028,0.066361912
75.32737463,0.188062395,1.420523134,0.562438396,0.07281212
75.3320133,0.183619307,1.424082738,0.505652478,0.069980321
75.33665197,0.180791887,1.428694043,0.533594755,0.065575301
75.34129064,0.184992625,1.437997553,0.575057489,0.068564422
75.34592931,0.188547095,1.448919064,0.551622031,0.073126764
75.35056798,0.182003638,1.451103367,0.523679754,0.067148523
75.35520665,0.181034237,1.449242665,0.53720021,0.065732623
75.35984532,0.187820044,1.451103367,0.575057489,0.071946848
75.36448399,0.185558109,1.451103367,0.506553842,0.071396221
75.36912266,0.180953454,1.446006661,0.520074299,0.065968607
75.37376133,0.18345774,1.443498758,0.546213848,0.067384506
75.3784,0.189112579,1.445521261,0.548016576,0.073362748
75.38303867,0.183053823,1.443013358,0.502047023,0.068171117
75.38767734,0.181518938,1.440262755,0.523679754,0.065653962
75.39231601,0.18725456,1.441395356,0.566043851,0.070373627
75.39695468,0.188143178,1.444065059,0.514666116,0.072654798
75.40159335,0.182003638,1.441152656,0.513764752,0.066440573
75.40623202,0.182730689,1.438725653,0.535397483,0.066440573
75.41087069,0.189031796,1.440181855,0.559734305,0.073284087
75.41550936,0.184023224,1.437026752,0.49663884,0.070294966
75.42014803,0.18038797,1.432091846,0.517370207,0.066125929
75.4247867,0.184669491,1.429826644,0.553424758,0.069429694
75.42942537,0.18725456,1.429745744,0.523679754,0.073677392
75.43406404,0.180307186,1.424810839,0.501145659,0.067227184
75.43870271,0.180468753,1.420118634,0.520074299,0.06620459
75.44334138,0.186689076,1.419714133,0.560635669,0.072182832
75.44798005,0.183861657,1.417772531,0.493934749,0.07131756
75.45261872,0.178853085,1.412109525,0.510159297,0.06620459
75.45725739,0.181357371,1.409278022,0.538101574,0.068092456
75.46189606,0.186446726,1.410248823,0.535397483,0.073677392
75.46653473,0.180307186,1.406608319,0.492132021,0.068328439
75.4711734,0.178368384,1.402077915,0.512863388,0.065653962
75.47581207,0.183619307,1.401268914,0.557030214,0.070216305
75.48045074,0.18370009,1.400864413,0.502047023,0.07210417
75.48508941,0.178045251,1.396657609,0.504751114,0.066047268
75.48972808,0.178610735,1.393583406,0.526383845,0.066833878
75.49436675,0.184265574,1.395605908,0.54891794,0.07281212
75.49900542,0.179660919,1.393583406,0.488526566,0.069587016
75.50364409,0.176671932,1.389538401,0.511060661,0.065811284
75.50828276,0.181115021,1.3883249,0.54891794,0.068957727
75.51292143,0.183780873,1.389942902,0.517370207,0.073126764
75.5175601,0.177398983,1.386383298,0.498441568,0.06691254
75.52219877,0.176752716,1.382904594,0.518271571,0.065968607
75.52683744,0.183376956,1.384603496,0.557931577,0.071946848
75.53147611,0.180468753,1.383794495,0.491230657,0.071002915
75.53611478,0.176348799,1.380073091,0.509257933,0.065811284
75.54075345,0.179257002,1.37934499,0.539904302,0.067620489
75.54539212,0.183538523,1.382742794,0.535397483,0.073284087
75.55003079,0.1773182,1.381610193,0.494836113,0.068092456
75.55466946,0.175864098,1.380477592,0.517370207,0.065811284
75.55930813,0.181922855,1.383956295,0.561537032,0.07060961
75.5639468,0.182003638,1.386140598,0.504751114,0.072418815
75.56858547,0.176187232,1.382985494,0.508356569,0.066440573
75.57322414,0.177641334,1.381691093,0.531792028,0.066991201
75.57786281,0.18345774,1.384522596,0.552523395,0.073677392
75.58250148,0.178206817,1.383228195,0.494836113,0.069744338
75.58714015,0.175540965,1.380801192,0.517370207,0.066125929
75.59177882,0.18038797,1.382580994,0.557030214,0.069665677
75.59641749,0.182569122,1.386059698,0.521877026,0.073834714
75.60105616,0.176591149,1.385169797,0.510159297,0.067463167
75.60569483,0.176833499,1.387111399,0.533594755,0.066597895
75.6103335,0.184427141,1.393745206,0.575958853,0.072418815
75.61497217,0.182165205,1.401188014,0.514666116,0.070924254
75.61961084,0.179580136,1.412433126,0.548016576,0.066361912
75.62424951,0.185396542,1.433548048,0.599394311,0.068485761
75.62888818,0.192182349,1.457979874,0.59669022,0.073756053
75.63352685,0.186689076,1.467121584,0.550720667,0.068485761
75.63816552,0.185558109,1.468415985,0.558832941,0.065968607
75.64280419,0.191939999,1.469710386,0.593084765,0.070924254
75.64744286,0.190728247,1.469872186,0.525482481,0.072340154
75.65208153,0.184992625,1.46396648,0.528186573,0.066361912
75.6567202,0.186608293,1.460568677,0.548016576,0.067463167
75.66135887,0.192747833,1.461215877,0.560635669,0.073913375
75.66599754,0.186931427,1.459436075,0.506553842,0.069351033
75.67063621,0.184669491,1.461054077,0.536298847,0.065889946
75.67527488,0.19008198,1.470033987,0.583169763,0.069587016
75.67991355,0.192020782,1.478528496,0.548016576,0.072969442
75.68455222,0.185638892,1.478528496,0.535397483,0.066676556
75.68919089,0.185558109,1.477881295,0.550720667,0.066125929
75.69382956,0.192505483,1.479256596,0.581367036,0.072340154
75.69846823,0.188708662,1.476991394,0.511962024,0.070766932
75.7031069,0.184507924,1.471085688,0.528186573,0.066125929
75.70774557,0.188223961,1.469144086,0.559734305,0.0684071
75.71238424,0.192424699,1.470681187,0.546213848,0.073205426
75.71702291,0.185638892,1.467040683,0.513764752,0.067620489
75.72166158,0.18418479,1.465018181,0.539002938,0.065732623
75.72630025,0.191132165,1.469548586,0.588577946,0.070845593
75.73093892,0.190243547,1.474807092,0.53720021,0.071868187
75.73557759,0.185962026,1.480550998,0.566043851,0.06620459
75.74021626,0.188385528,1.494870313,0.613816132,0.066991201
75.74485493,0.195898386,1.517845937,0.648969319,0.073362748
75.7494936,0.192505483,1.53944626,0.634547499,0.06911505
75.75413227,0.192343916,1.558700481,0.684122507,0.06620459
75.75877094,0.198725806,1.5768221,0.725585241,0.070137644
75.76340961,0.200826175,1.590494214,0.666996595,0.073284087
75.76804828,0.194605852,1.593972918,0.633646135,0.067384506
75.77268695,0.195252119,1.59567182,0.636350226,0.066597895
75.77732562,0.201876359,1.599150524,0.650772047,0.072890781
75.78196429,0.197190921,1.59534822,0.564241124,0.070452288
75.78660296,0.192990183,1.586853711,0.567846579,0.066125929
75.79124163,0.19622152,1.579977203,0.588577946,0.068485761
75.7958803,0.19953364,1.575446798,0.559734305,0.073677392
75.80051897,0.192424699,1.565738788,0.521877026,0.067541828
75.80515764,0.191132165,1.555626277,0.536298847,0.065968607
75.80979631,0.197110138,1.549882371,0.575057489,0.071553543
75.81443498,0.195090552,1.544219365,0.509257933,0.071789526
75.81907365,0.18959728,1.534025954,0.518271571,0.06620459
75.82371232,0.190970598,1.526421346,0.541707029,0.067541828
75.82835099,0.196787004,1.524317944,0.550720667,0.073441409
75.83298966,0.190566681,1.518816738,0.502047023,0.068879066
75.83762833,0.188547095,1.513153732,0.524581117,0.066125929
75.842267,0.19363645,1.51096943,0.566043851,0.070058983
75.84690567,0.194201934,1.508299727,0.517370207,0.072733459
75.85154434,0.187335344,1.500371519,0.509257933,0.066597895
75.85618301,0.187577694,1.493495012,0.529087936,0.06620459
75.86082168,0.193959584,1.490825309,0.557931577,0.072418815
75.86546035,0.189112579,1.484838702,0.493033385,0.06990166
75.87009902,0.185800459,1.476101493,0.513764752,0.065889946
75.87473769,0.189678063,1.471732888,0.547115212,0.068171117
75.87937636,0.192667049,1.468901385,0.524581117,0.073205426
75.88401503,0.186042809,1.462510279,0.497540204,0.067227184
75.8886537,0.185477325,1.455876472,0.516468843,0.066047268
75.89329237,0.191859215,1.453773069,0.559734305,0.07131756
75.89793104,0.189758846,1.451507867,0.495737476,0.070924254
75.90256971,0.184831058,1.444145959,0.511060661,0.065732623
75.90720838,0.187416127,1.440667255,0.539002938,0.066991201
75.91184705,0.192990183,1.442123457,0.544411121,0.073205426
75.91648572,0.186689076,1.437512152,0.497540204,0.068328439
75.92112439,0.184750274,1.432010946,0.518271571,0.065181996
75.92576306,0.190243547,1.430797445,0.558832941,0.069587016
75.93040173,0.190970598,1.429907544,0.510159297,0.072025509
75.9350404,0.184992625,1.424244538,0.508356569,0.065889946
75.93967907,0.185558109,1.420684934,0.5299893,0.065732623
75.94431774,0.191778432,1.421251235,0.55612885,0.072418815
75.94895641,0.186365943,1.417853431,0.493033385,0.069429694
75.95359508,0.182973039,1.412999426,0.512863388,0.065339318
75.95823375,0.186931427,1.411462324,0.549819303,0.068092456
75.96287242,0.190243547,1.412675826,0.523679754,0.072497476
75.96751109,0.183296173,1.408954422,0.500244295,0.066755217
75.97214976,0.182326772,1.405556618,0.520975662,0.065811284
75.97678843,0.189274146,1.406527419,0.56333976,0.071238899
75.9814271,0.18652751,1.405880219,0.497540204,0.071002915
75.98606577,0.181357371,1.401107114,0.513764752,0.065732623
75.99070444,0.18394244,1.399408212,0.541707029,0.067305845
75.99534311,0.189031796,1.401349814,0.541707029,0.073284087
75.99998178,0.182326772,1.39811381,0.494836113,0.068249778
76.00462045,0.18087267,1.394311506,0.516468843,0.065417979
76.00925912,0.185962026,1.394230606,0.558832941,0.070216305
76.01389779,0.185881242,1.394796907,0.506553842,0.07210417
76.01853646,0.179903269,1.390751903,0.506553842,0.066047268
76.02317513,0.180711103,1.3880822,0.5299893,0.066519234
76.0278138,0.186689076,1.390751903,0.552523395,0.072733459
76.03245247,0.182084422,1.389295701,0.492132021,0.069429694
76.03709114,0.179014652,1.385412497,0.514666116,0.065653962
76.04172981,0.183215389,1.385574297,0.551622031,0.068721744
76.04636848,0.185962026,1.387677699,0.521877026,0.072969442
76.05100715,0.179499352,1.385250697,0.501145659,0.066676556
76.05564582,0.179176218,1.382095593,0.520975662,0.065968607
76.06028449,0.185638892,1.383956295,0.561537032,0.071946848
76.06492316,0.183134606,1.383956295,0.495737476,0.070688271
76.06956183,0.178853085,1.380720292,0.512863388,0.065653962
76.0742005,0.181842071,1.380882092,0.543509757,0.067463167
76.07883917,0.186446726,1.384522596,0.539904302,0.073048103
76.08347784,0.180307186,1.383632695,0.498441568,0.067777811
76.08811651,0.179176218,1.382176493,0.520074299,0.065417979
76.09275518,0.184831058,1.385331597,0.564241124,0.070216305
76.09739385,0.185396542,1.3884867,0.511060661,0.071710865
76.10203252,0.180307186,1.386464198,0.513764752,0.066125929
76.10667119,0.182003638,1.385655197,0.538101574,0.066361912
76.11130986,0.188143178,1.389053001,0.557931577,0.072969442
76.11594853,0.183538523,1.389214801,0.499342932,0.069351033
76.1205872,0.181276587,1.386706898,0.520975662,0.065653962
76.12522587,0.185396542,1.387677699,0.557931577,0.068643083
76.12986454,0.187820044,1.390994603,0.523679754,0.072733459
76.13450321,0.180953454,1.3879204,0.506553842,0.066676556
76.13914188,0.181115021,1.386059698,0.526383845,0.06620459
76.14378055,0.187496911,1.388891201,0.566043851,0.071789526
76.14841922,0.184346357,1.389538401,0.499342932,0.070530949
76.15305789,0.180064836,1.386949598,0.518271571,0.065653962
76.15769656,0.183134606,1.387111399,0.548016576,0.067620489
76.16233523,0.187900828,1.391075503,0.540805665,0.073205426
76.1669739,0.181922855,1.389619301,0.502948387,0.067463167
76.17161257,0.179822486,1.389376601,0.525482481,0.06549664
76.17625124,0.186042809,1.394230606,0.57055067,0.070373627
76.18088991,0.185719675,1.399003711,0.514666116,0.072182832
76.18552858,0.180549537,1.401916114,0.527285209,0.065968607
76.19016725,0.182892256,1.410248823,0.559734305,0.066597895
76.19480592,0.189758846,1.425053539,0.583169763,0.07281212
76.19944459,0.184992625,1.433790748,0.528186573,0.068721744
76.20408326,0.182084422,1.436703151,0.545312484,0.065653962
76.20872193,0.18676986,1.439939155,0.576860217,0.06911505
76.2133606,0.189112579,1.442689758,0.535397483,0.072733459
76.21799927,0.182407555,1.439211054,0.517370207,0.066676556
76.22263794,0.182649905,1.436864951,0.535397483,0.066125929
76.22727661,0.18983963,1.438078453,0.569649307,0.071946848
76.23191528,0.185719675,1.436541351,0.502047023,0.070137644
76.23655395,0.181438154,1.433224448,0.520975662,0.065417979
76.24119262,0.184588708,1.432819947,0.551622031,0.06769915
76.24583129,0.189354929,1.43548965,0.539002938,0.073284087
76.25046996,0.182569122,1.431930046,0.502047023,0.067384506
76.25510863,0.181518938,1.428936743,0.52277839,0.065653962
76.2597473,0.188062395,1.430150244,0.566043851,0.07060961
76.26438597,0.18676986,1.430312044,0.504751114,0.071474882
76.26902464,0.181842071,1.42578164,0.512863388,0.065811284
76.27366331,0.183376956,1.423678237,0.538101574,0.066519234
76.27830198,0.188951012,1.425458039,0.551622031,0.072654798
76.28294065,0.182892256,1.422707436,0.495737476,0.068564422
76.28757932,0.18038797,1.418500632,0.519172935,0.06549664
76.29221799,0.185315758,1.418500632,0.558832941,0.069193711
76.29685666,0.186689076,1.420199534,0.518271571,0.072654798
76.30149533,0.179984053,1.41696353,0.507455206,0.066361912
76.306134,0.180549537,1.414698328,0.527285209,0.065968607
76.31077267,0.187092994,1.41704443,0.561537032,0.072025509
76.31541134,0.182892256,1.41623543,0.49663884,0.069980321
76.32005001,0.179014652,1.412675826,0.517370207,0.06549664
76.32468868,0.182730689,1.413161226,0.549819303,0.067463167
76.32932735,0.186608293,1.415021928,0.534496119,0.072733459
76.33396602,0.180064836,1.412028625,0.501145659,0.067069862
76.33860469,0.178853085,1.409439822,0.520975662,0.065811284
76.34324336,0.185234975,1.410572424,0.564241124,0.07060961
76.34788203,0.183780873,1.411138724,0.502047023,0.071396221
76.3525207,0.178368384,1.40725552,0.511962024,0.065811284
76.35715937,0.18038797,1.405880219,0.538101574,0.066440573
76.36179804,0.186365943,1.409358922,0.54891794,0.072733459
76.36643671,0.180468753,1.407821821,0.49663884,0.068092456
76.37107538,0.178126034,1.405152118,0.520074299,0.065181996
76.37571405,0.182811472,1.405637518,0.561537032,0.069429694
76.38035272,0.184750274,1.408630821,0.517370207,0.072340154
76.38499139,0.178449168,1.404909418,0.509257933,0.065968607
76.38963006,0.179095435,1.403048716,0.5299893,0.065811284
76.39426873,0.185477325,1.406122919,0.561537032,0.071868187
76.3989074,0.18087267,1.406042019,0.498441568,0.06990166
76.40354607,0.1773182,1.403291416,0.518271571,0.065339318
76.40818474,0.180791887,1.404262217,0.552523395,0.067856472
76.41282341,0.185073408,1.40741732,0.533594755,0.072890781
76.41746208,0.178368384,1.405637518,0.504751114,0.06691254
76.42210075,0.1773182,1.404343117,0.525482481,0.065339318
76.42673942,0.184265574,1.40733642,0.569649307,0.070766932
76.43137809,0.182165205,1.409358922,0.506553842,0.070845593
76.43601676,0.177479767,1.407902721,0.520074299,0.065103335
76.44065543,0.180064836,1.409763423,0.548016576,0.066755217
76.4452941,0.185477325,1.415507329,0.55612885,0.072890781
76.44993277,0.179257002,1.41672083,0.505652478,0.068485761
76.45457144,0.1773182,1.415669129,0.528186573,0.06549664
76.45921011,0.182730689,1.420604034,0.573254762,0.069587016
76.46384878,0.18370009,1.425458039,0.526383845,0.072418815
76.46848745,0.177398983,1.424891739,0.521877026,0.065889946
76.47312612,0.177722117,1.42578164,0.542608393,0.065811284
76.47776479,0.184588708,1.431363746,0.571452034,0.072025509
76.48240346,0.180468753,1.434195249,0.509257933,0.069508355
76.48704213,0.176995066,1.434114349,0.5299893,0.065181996
76.4916808,0.180468753,1.439696454,0.568747943,0.068171117
76.49631947,0.184104007,1.448029163,0.546213848,0.072576137
76.50095814,0.178126034,1.452802268,0.524581117,0.066755217
76.50559681,0.177398983,1.462995679,0.553424758,0.065417979
76.51023548,0.184265574,1.481440899,0.608407949,0.071238899
76.51487415,0.182084422,1.503041222,0.558832941,0.070766932
76.51951282,0.177641334,1.526016846,0.582268399,0.065339318
76.52415149,0.180468753,1.549882371,0.612914768,0.066755217
76.52879016,0.185962026,1.577792901,0.624632497,0.072733459
76.53342883,0.180307186,1.601739326,0.583169763,0.067935134
76.5380675,0.178449168,1.620022746,0.60390113,0.065024674
76.54270617,0.184104007,1.636040963,0.639955681,0.069508355
76.54734484,0.184831058,1.645748973,0.581367036,0.071710865
76.55198351,0.179014652,1.645587173,0.57055067,0.065811284
76.55662218,0.18038797,1.643969171,0.583169763,0.065732623
76.56126085,0.186608293,1.64307927,0.600295675,0.072182832
76.56589952,0.181842071,1.637901665,0.531792028,0.068800405
76.57053819,0.178126034,1.629730756,0.547115212,0.065181996
76.57517686,0.182407555,1.624634051,0.580465672,0.067856472
76.57981553,0.185396542,1.621478947,0.549819303,0.072182832
76.5844542,0.179176218,1.613308039,0.524581117,0.06620459
76.58909287,0.178529951,1.605865231,0.543509757,0.065260657
76.59373154,0.185477325,1.602791027,0.585873855,0.070924254
76.59837021,0.183134606,1.598503323,0.519172935,0.070216305
76.60300888,0.178368384,1.589523413,0.533594755,0.065339318
76.60764755,0.181518938,1.583779507,0.560635669,0.066597895
76.61228622,0.18701221,1.581837905,0.558832941,0.072654798
76.61692489,0.18063032,1.574961398,0.514666116,0.067305845
76.62156356,0.179257002,1.56759949,0.535397483,0.064867352
76.62620223,0.184831058,1.565819688,0.577761581,0.069508355
76.6308409,0.185315758,1.564282587,0.525482481,0.07131756
76.63547957,0.179499352,1.560642083,0.527285209,0.065181996
76.64011824,0.18087267,1.55821508,0.549819303,0.065732623
76.64475691,0.187173777,1.560399382,0.574156125,0.071632204
76.64939558,0.182084422,1.559266781,0.513764752,0.0684071
76.65403425,0.179257002,1.554817277,0.534496119,0.064946013
76.65867292,0.183780873,1.553199275,0.569649307,0.068092456
76.66331159,0.186446726,1.552713874,0.536298847,0.071553543
76.66795026,0.179822486,1.545999167,0.516468843,0.065732623
76.67258893,0.180145619,1.540659762,0.533594755,0.065181996
76.6772276,0.18652751,1.53952716,0.573254762,0.071002915
76.68186627,0.18345774,1.535805756,0.507455206,0.069980321
76.68650494,0.179014652,1.528039348,0.523679754,0.065024674
76.69114361,0.182245988,1.523508943,0.553424758,0.067227184
76.69578228,0.187092994,1.522214542,0.547115212,0.072654798
76.70042095,0.180711103,1.515499835,0.505652478,0.06691254
76.70505962,0.178853085,1.509189628,0.525482481,0.064946013
76.70969829,0.185154191,1.506924426,0.567846579,0.069822999
76.71433696,0.184265574,1.504578323,0.512863388,0.071238899
76.71897563,0.178772301,1.497216415,0.516468843,0.06549664
76.7236143,0.180226403,1.49195791,0.539904302,0.06620459
76.72825297,0.186285159,1.49171521,0.559734305,0.072654798
76.73289164,0.181034237,1.487265705,0.501145659,0.068643083
76.73753031,0.1778029,1.480631898,0.521877026,0.065260657
76.74216898,0.182245988,1.477881295,0.558832941,0.068485761
76.74680765,0.184669491,1.477314994,0.523679754,0.072340154
76.75144632,0.177964467,1.471166588,0.506553842,0.066283251
76.75608499,0.177722117,1.465584482,0.526383845,0.065653962
76.76072366,0.184023224,1.465341782,0.566043851,0.071553543
76.76536233,0.180953454,1.462914779,0.501145659,0.070058983
76.770001,0.176752716,1.457089973,0.520074299,0.064946013
76.77463967,0.179660919,1.45466297,0.550720667,0.06691254
76.77927834,0.184265574,1.455310171,0.540805665,0.072576137
76.78391701,0.1778029,1.450860666,0.502047023,0.067148523
76.78855568,0.176671932,1.446734762,0.521877026,0.065339318
76.79319435,0.182649905,1.446815662,0.566945215,0.070294966
76.79783302,0.183053823,1.446815662,0.507455206,0.071632204
76.80247169,0.177156633,1.441799857,0.51556748,0.065811284
76.80711036,0.178933868,1.439777355,0.539904302,0.066440573
76.81174903,0.184911841,1.441638057,0.55612885,0.072654798
76.8163877,0.179095435,1.439534654,0.500244295,0.068564422
76.82102637,0.176429582,1.43573235,0.521877026,0.065181996
76.82566504,0.181034237,1.43532785,0.559734305,0.068879066
76.83030371,0.182892256,1.437754852,0.521877026,0.072261493
76.83494238,0.176752716,1.434761549,0.509257933,0.06620459
76.83958105,0.176671932,1.433224448,0.530890664,0.065732623
76.84421972,0.183376956,1.43573235,0.566945215,0.071553543
76.84885839,0.179984053,1.436703151,0.502047023,0.069744338
76.85349706,0.175460181,1.434761549,0.52277839,0.065181996
76.85813573,0.179337785,1.436945852,0.557931577,0.067620489
76.8627744,0.18394244,1.443094258,0.548016576,0.072733459
76.86741307,0.177964467,1.443822359,0.51556748,0.066833878
76.87205174,0.176752716,1.443417858,0.534496119,0.064867352
76.87669041,0.183376956,1.447543763,0.579564308,0.070137644
76.88132908,0.182730689,1.451993267,0.521877026,0.071002915
76.88596775,0.17756055,1.452721368,0.531792028,0.065181996
76.89060642,0.179660919,1.45450117,0.554326122,0.066519234
76.89524509,0.185800459,1.459112475,0.564241124,0.072733459
76.89988376,0.179903269,1.457898974,0.508356569,0.068171117
76.90452243,0.177156633,1.455471971,0.528186573,0.065181996
76.9091611,0.182488339,1.456038272,0.566945215,0.068879066
76.91379977,0.184104007,1.458869775,0.523679754,0.072182832
76.91843844,0.177722117,1.455957372,0.512863388,0.065653962
76.92307711,0.178206817,1.453368569,0.532693391,0.065575301
76.92771578,0.184588708,1.456200072,0.566945215,0.071789526
76.93235445,0.180468753,1.456685472,0.501145659,0.069351033
76.93699312,0.176752716,1.45458207,0.520074299,0.064788691
76.94163179,0.18038797,1.454986571,0.554326122,0.067227184
76.94627046,0.184507924,1.459516975,0.53720021,0.072733459
76.95090913,0.178206817,1.458950675,0.505652478,0.066755217
76.9555478,0.17707585,1.457575373,0.526383845,0.064946013
76.96018647,0.183619307,1.461458578,0.57055067,0.070452288
76.96482514,0.182165205,1.464532781,0.508356569,0.070845593
76.96946381,0.177237416,1.46372378,0.520074299,0.065417979
76.97410248,0.179257002,1.46396648,0.546213848,0.066361912
76.97874115,0.184911841,1.468739585,0.555227486,0.072497476
76.98337982,0.179337785,1.470033987,0.504751114,0.067856472
76.98801849,0.176833499,1.470276687,0.527285209,0.064946013
76.99265716,0.182245988,1.474483491,0.568747943,0.069193711
76.99729583,0.18394244,1.480631898,0.524581117,0.072497476
77.0019345,0.1778029,1.4828971,0.519172935,0.065732623
77.00657317,0.178287601,1.485324103,0.541707029,0.06549664
77.01121184,0.184588708,1.49203881,0.573254762,0.072025509
77.01585051,0.180953454,1.496407415,0.510159297,0.069429694
77.02048918,0.1773182,1.498510817,0.535397483,0.064867352
77.02512785,0.181438154,1.504578323,0.57055067,0.067620489
77.02976652,0.185315758,1.513072832,0.551622031,0.072340154
77.03440519,0.178772301,1.516551536,0.524581117,0.06620459
77.03904386,0.178772301,1.519706639,0.545312484,0.064946013
77.04368253,0.185396542,1.526744947,0.58947931,0.07060961
77.0483212,0.183376956,1.533864154,0.525482481,0.070530949
77.05295987,0.178691518,1.537990059,0.541707029,0.065260657
77.05759854,0.181518938,1.545513767,0.569649307,0.066755217
77.06223721,0.187335344,1.55813418,0.576860217,0.072497476
77.06687588,0.181599721,1.566790489,0.531792028,0.067541828
77.07151455,0.180226403,1.576093999,0.557030214,0.064946013
77.07615322,0.185962026,1.589847014,0.602999766,0.069193711
77.08079189,0.186931427,1.602467427,0.55612885,0.071396221
77.08543056,0.180711103,1.607806833,0.551622031,0.065103335
77.09006923,0.182003638,1.613712539,0.57055067,0.06549664
77.0947079,0.188547095,1.62366325,0.594887492,0.071868187
77.09934657,0.184104007,1.630377957,0.5299893,0.068800405
77.10398524,0.181034237,1.632724059,0.549819303,0.064788691
77.10862391,0.185558109,1.637739864,0.584071127,0.06769915
77.11326258,0.188708662,1.645748973,0.55612885,0.072261493
77.11790125,0.182165205,1.648014175,0.531792028,0.066283251
77.12253992,0.181680504,1.650279378,0.549819303,0.064788691
77.12717859,0.188708662,1.657317685,0.592183401,0.07060961
77.13181726,0.186446726,1.662576191,0.525482481,0.069980321
77.13645593,0.182003638,1.662495291,0.539904302,0.064788691
77.1410946,0.184427141,1.663385192,0.566043851,0.066676556
77.14573327,0.190162763,1.667187496,0.566945215,0.072418815
77.15037194,0.184346357,1.664841393,0.518271571,0.067148523
77.15501061,0.181922855,1.660958189,0.539904302,0.064474046
77.15964928,0.187820044,1.66176719,0.581367036,0.068879066
77.16428795,0.188547095,1.663061591,0.529087936,0.071002915
77.16892662,0.182407555,1.659906488,0.5299893,0.064788691
77.17356529,0.183780873,1.659906488,0.552523395,0.065181996
77.17820396,0.190243547,1.664598693,0.578662944,0.071946848
77.18284263,0.185638892,1.668320097,0.520975662,0.068485761
77.1874813,0.182488339,1.6715561,0.547115212,0.064552707
77.19211997,0.187416127,1.678756208,0.586775218,0.067463167
77.19675864,0.190889814,1.685875416,0.55612885,0.071946848
77.20139731,0.18418479,1.684176514,0.531792028,0.065968607
77.20603598,0.18370009,1.68029331,0.548016576,0.064946013
77.21067465,0.190889814,1.679322509,0.586775218,0.07060961
77.21531332,0.187739261,1.676005605,0.519172935,0.069744338
77.21995199,0.183296173,1.668886398,0.535397483,0.064474046
77.22459066,0.186204376,1.664841393,0.562438396,0.06620459
77.22922933,0.191455298,1.663061591,0.557030214,0.071789526
77.233868,0.185315758,1.655861484,0.514666116,0.066519234
77.23850667,0.183619307,1.648742276,0.536298847,0.06400208
77.24314534,0.189758846,1.646638874,0.580465672,0.068643083
77.24778401,0.188951012,1.644939972,0.526383845,0.070845593
77.25242268,0.183538523,1.637982565,0.5299893,0.064867352
77.25706135,0.185073408,1.63304766,0.553424758,0.065181996
77.26170002,0.191697648,1.632804959,0.575958853,0.071396221
77.26633869,0.186365943,1.629083555,0.517370207,0.067541828
77.27097736,0.183538523,1.623016049,0.539002938,0.06400208
77.27561603,0.188062395,1.619294645,0.575958853,0.066991201
77.2802547,0.190728247,1.617353043,0.541707029,0.07131756
77.28489337,0.184265574,1.611447337,0.524581117,0.065024674
77.28953204,0.184265574,1.60489443,0.543509757,0.064316724
77.29417071,0.191293731,1.602871928,0.582268399,0.070137644
77.29880938,0.187496911,1.598826923,0.514666116,0.068879066
77.30344805,0.183376956,1.591141415,0.532693391,0.064238063
77.30808672,0.186285159,1.587015511,0.562438396,0.066047268
77.31272539,0.191697648,1.585882909,0.555227486,0.071789526
77.31736406,0.185234975,1.579815403,0.513764752,0.066283251
77.32200273,0.18370009,1.573666997,0.535397483,0.064159402
77.3266414,0.189758846,1.572696196,0.578662944,0.06911505
77.33128007,0.189758846,1.571159094,0.520074299,0.070452288
77.33591874,0.183619307,1.562745485,0.523679754,0.065024674
77.34055741,0.185396542,1.55764878,0.545312484,0.065417979
77.34519608,0.191697648,1.555545377,0.559734305,0.071789526
77.34983475,0.186204376,1.54891157,0.499342932,0.067856472
77.35447342,0.182649905,1.53952716,0.519172935,0.064474046
77.35911209,0.187416127,1.534754055,0.555227486,0.067935134
77.36375076,0.189354929,1.530709051,0.516468843,0.071632204
77.36838943,0.182488339,1.521324641,0.501145659,0.065653962
77.3730281,0.182730689,1.513639133,0.520975662,0.064946013
77.37766677,0.188870229,1.51129303,0.557931577,0.071081577
77.38230544,0.185073408,1.506600825,0.491230657,0.069272372
77.38694411,0.180953454,1.499077117,0.511962024,0.064395385
77.39158278,0.183538523,1.495193913,0.546213848,0.066676556
77.39622145,0.188627879,1.496488315,0.53720021,0.072025509
77.40086012,0.182165205,1.49211971,0.502047023,0.066755217
77.40549879,0.18038797,1.487589305,0.523679754,0.065024674
77.41013746,0.18701221,1.487670205,0.568747943,0.069822999
77.41477613,0.186204376,1.486537604,0.509257933,0.070924254
77.4194148,0.180549537,1.481764499,0.518271571,0.065024674
77.42405347,0.182569122,1.478609396,0.542608393,0.065968607
77.42869214,0.188708662,1.479903797,0.557030214,0.072340154
77.43333081,0.182892256,1.476505993,0.502047023,0.068092456
77.43796948,0.180145619,1.470842987,0.52277839,0.064788691
77.44260815,0.185234975,1.469305886,0.560635669,0.068564422
77.44724682,0.186850643,1.468658685,0.520074299,0.072340154
77.45188549,0.180468753,1.462914779,0.507455206,0.065732623
77.45652416,0.18063032,1.458869775,0.526383845,0.065181996
77.46116283,0.18701221,1.458869775,0.561537032,0.071160238
77.4658015,0.183376956,1.456361872,0.495737476,0.069351033
77.47044017,0.179499352,1.450456166,0.514666116,0.064788691
77.47507884,0.182488339,1.448029163,0.548016576,0.067069862
77.47971751,0.18676986,1.448271864,0.531792028,0.072418815
77.48435618,0.180307186,1.443984159,0.499342932,0.066519234
77.48899485,0.179580136,1.440586355,0.519172935,0.064867352
77.49363352,0.185477325,1.440829056,0.56333976,0.069980321
77.49827219,0.184265574,1.440020055,0.501145659,0.070766932
77.50291086,0.178691518,1.435004249,0.512863388,0.065181996
77.50754953,0.180953454,1.433143547,0.538101574,0.066361912
77.5121882,0.186931427,1.434437949,0.548016576,0.072497476
77.51682687,0.181195804,1.431849146,0.494836113,0.068013795
77.52146554,0.178691518,1.428855843,0.517370207,0.064867352
77.52610421,0.184104007,1.429260343,0.559734305,0.068564422
77.53074288,0.185315758,1.432253647,0.517370207,0.071474882
77.53538155,0.178853085,1.430231144,0.510159297,0.065889946
77.54002022,0.179499352,1.429179443,0.532693391,0.065653962
77.54465889,0.185881242,1.432900847,0.565142488,0.071868187
77.54929756,0.181922855,1.434357049,0.501145659,0.069193711
77.55393623,0.177883684,1.431444646,0.521877026,0.064867352
77.5585749,0.181922855,1.432010946,0.555227486,0.067227184
77.56321357,0.185881242,1.434680649,0.534496119,0.072261493
77.56785224,0.179499352,1.432496347,0.502948387,0.066283251
77.57249091,0.178610735,1.430069344,0.521877026,0.064631368
77.57712958,0.184992625,1.431930046,0.566043851,0.069980321
77.58176825,0.183296173,1.431849146,0.501145659,0.070452288
77.58640692,0.178206817,1.427076041,0.512863388,0.065024674
77.59104559,0.180468753,1.425538939,0.539002938,0.066125929
77.59568426,0.186042809,1.428208642,0.545312484,0.071946848
77.60032293,0.180064836,1.42586254,0.494836113,0.067384506
77.6049616,0.178206817,1.422869237,0.516468843,0.064710029
77.60960027,0.18394244,1.424406338,0.558832941,0.069036389
77.61423894,0.184669491,1.42650974,0.511962024,0.071632204
77.61887761,0.179014652,1.424082738,0.508356569,0.065653962
77.62351628,0.18038797,1.423759138,0.530890664,0.065653962
77.62815495,0.186689076,1.428451343,0.561537032,0.071474882
77.63279362,0.182165205,1.428694043,0.499342932,0.068564422
77.63743229,0.178449168,1.426752441,0.520975662,0.064710029
77.64207096,0.182165205,1.428046842,0.555227486,0.067463167
77.64670963,0.18652751,1.431444646,0.531792028,0.072418815
77.6513483,0.179984053,1.428289542,0.504751114,0.066519234
77.65598697,0.179257002,1.42618614,0.524581117,0.065181996
77.66062564,0.185800459,1.429341243,0.567846579,0.07060961
77.66526431,0.18394244,1.430797445,0.502948387,0.070216305
77.66990298,0.179337785,1.428694043,0.519172935,0.065024674
77.67454165,0.181599721,1.429503044,0.548016576,0.066440573
77.67918032,0.18701221,1.433709848,0.551622031,0.072497476
77.68381899,0.18087267,1.434680649,0.505652478,0.067305845
77.68845766,0.179257002,1.437997553,0.532693391,0.064710029
77.69309633,0.185315758,1.448433664,0.583169763,0.069193711
77.697735,0.186446726,1.458546174,0.53720021,0.071396221
77.70237367,0.180307186,1.461782178,0.536298847,0.065339318
77.70701234,0.182003638,1.465503582,0.557030214,0.065417979
77.71165101,0.188870229,1.472380089,0.582268399,0.071868187
77.71628968,0.18370009,1.473917191,0.518271571,0.068564422
77.72092835,0.181115021,1.471651988,0.535397483,0.064867352
77.72556702,0.185638892,1.47286549,0.568747943,0.067541828
77.73020569,0.188951012,1.475777893,0.538101574,0.07210417
77.73484436,0.182730689,1.47367449,0.512863388,0.065889946
77.73948303,0.182569122,1.470923888,0.531792028,0.064788691
77.7441217,0.189354929,1.47335089,0.573254762,0.07060961
77.74876037,0.186931427,1.474564391,0.506553842,0.069744338
77.75339904,0.182407555,1.47294639,0.524581117,0.064710029
77.75803771,0.185638892,1.475211592,0.553424758,0.066361912
77.76267638,0.191374515,1.480955498,0.555227486,0.071710865
77.76731505,0.184992625,1.480874598,0.510159297,0.067148523
77.77195372,0.183619307,1.479984697,0.5299893,0.064631368
77.77659239,0.190162763,1.481764499,0.571452034,0.069351033
77.78123106,0.190647464,1.4830589,0.518271571,0.070924254
77.78586973,0.185558109,1.480955498,0.520975662,0.065024674
77.7905084,0.187981611,1.4824117,0.545312484,0.065653962
77.79514707,0.19670622,1.490825309,0.574156125,0.071710865
77.79978574,0.193959584,1.498187216,0.518271571,0.067935134
77.80442441,0.194282718,1.504497423,0.545312484,0.064474046
77.80906308,0.20260341,1.515823435,0.588577946,0.067856472
77.81370175,0.209066084,1.530304551,0.562438396,0.071946848
77.81834042,0.205996314,1.538718159,0.547115212,0.065732623
77.82297909,0.208015899,1.545190166,0.565142488,0.064631368
77.82761776,0.216336591,1.554089176,0.602999766,0.070766932
77.83225643,0.213993872,1.557567879,0.530890664,0.069744338
77.8368951,0.209389217,1.553765575,0.541707029,0.064867352
77.84153377,0.212135853,1.550772272,0.565142488,0.066755217
77.84617244,0.216740508,1.551338573,0.557030214,0.072182832
77.85081111,0.209712351,1.545432867,0.511962024,0.066440573
77.85544978,0.206965715,1.53968896,0.5299893,0.064552707
77.86008845,0.212701337,1.53887996,0.572353398,0.069429694
77.86472712,0.21205507,1.540174361,0.520975662,0.071002915
77.86936579,0.206481014,1.541064262,0.531792028,0.065181996
77.87400446,0.208339033,1.54818347,0.56333976,0.065811284
77.87864313,0.214963273,1.559913982,0.587676582,0.07210417
77.8832818,0.2089853,1.565091587,0.5299893,0.0684071
77.88792047,0.205753963,1.563958986,0.545312484,0.064867352
77.89255914,0.209712351,1.560803883,0.575958853,0.068564422
77.89719781,0.211166452,1.55772968,0.532693391,0.072418815
77.90183648,0.203895945,1.54899247,0.512863388,0.066125929
77.90647515,0.20236106,1.540578861,0.529087936,0.065417979
77.91111382,0.208581383,1.536048457,0.564241124,0.07131756
77.91575249,0.204219078,1.52990005,0.49663884,0.06990166
77.92039116,0.198887373,1.519787539,0.512863388,0.065103335
77.92502983,0.201310875,1.512911032,0.541707029,0.067227184
77.9296685,0.205592397,1.51088853,0.531792028,0.07281212
77.93430717,0.197917972,1.503203022,0.493934749,0.066991201
77.93894584,0.196059953,1.495032113,0.514666116,0.064867352
77.94358451,0.201472442,1.49195791,0.557931577,0.06990166
77.94822318,0.199614424,1.488155606,0.498441568,0.07131756
77.95286185,0.194040368,1.480065597,0.504751114,0.065339318
77.95750052,0.195009769,1.474159891,0.528186573,0.066047268
77.96213919,0.200503041,1.472056489,0.543509757,0.072497476
77.96677786,0.194121151,1.466555283,0.487625202,0.068171117
77.97141653,0.190970598,1.459516975,0.511060661,0.065103335
77.9760552,0.195656036,1.457494473,0.550720667,0.068721744
77.98069387,0.197271704,1.456038272,0.511962024,0.07210417
77.98533254,0.190809031,1.449647165,0.500244295,0.065811284
77.98997121,0.191051381,1.44446956,0.521877026,0.065103335
77.99460988,0.197998755,1.44471226,0.559734305,0.071396221
77.99924855,0.194282718,1.442447057,0.494836113,0.069429694
78.00388722,0.190243547,1.437269452,0.513764752,0.064946013
78.00852589,0.193798017,1.434518849,0.545312484,0.067148523
78.01316456,0.197675621,1.43573235,0.531792028,0.072497476
78.01780323,0.191293731,1.432172746,0.497540204,0.066283251
78.0224419,0.189758846,1.427885042,0.518271571,0.064788691
78.02708057,0.19622152,1.428936743,0.562438396,0.070373627
78.03171924,0.194848202,1.429583944,0.501145659,0.071081577
78.03635791,0.189274146,1.42570074,0.511962024,0.065260657
78.04099658,0.190970598,1.423678237,0.536298847,0.065968607
78.04563525,0.197029354,1.425053539,0.547115212,0.072418815
78.05027392,0.190647464,1.421251235,0.493033385,0.068013795
78.05491259,0.187820044,1.41672083,0.514666116,0.064788691
78.05955126,0.1929094,1.41647813,0.553424758,0.068800405
78.06418993,0.193878801,1.41672083,0.510159297,0.071946848
78.0688286,0.187577694,1.411138724,0.501145659,0.065811284
78.07346727,0.187335344,1.40693192,0.520975662,0.065575301
78.07810594,0.193959584,1.408469021,0.554326122,0.071396221
78.08274461,0.189435713,1.40709372,0.48942793,0.069272372
78.08738328,0.185558109,1.402563315,0.511060661,0.064710029
78.09202195,0.188789445,1.401268914,0.543509757,0.067620489
78.09666062,0.192586266,1.403048716,0.526383845,0.072576137
78.10129929,0.186042809,1.399570012,0.495737476,0.066519234
78.10593796,0.184750274,1.396900309,0.516468843,0.064788691
78.11057663,0.190889814,1.399165511,0.560635669,0.070452288
78.1152153,0.189274146,1.401430714,0.499342932,0.070845593
78.11985397,0.184265574,1.398761011,0.511962024,0.065260657
78.12449264,0.185881242,1.39803291,0.536298847,0.066283251
78.12913131,0.191455298,1.400055412,0.543509757,0.072340154
78.13376998,0.185315758,1.39787111,0.493033385,0.067935134
78.13840865,0.182649905,1.393987906,0.513764752,0.064788691
78.14304732,0.187981611,1.393421605,0.555227486,0.068957727
78.14768599,0.188466312,1.394635107,0.508356569,0.071946848
78.15232466,0.182084422,1.390509202,0.502047023,0.065889946
78.15696333,0.182165205,1.389133901,0.52277839,0.06549664
78.161602,0.189031796,1.391480003,0.554326122,0.071710865
78.16624067,0.184669491,1.390751903,0.491230657,0.068721744
78.17087934,0.181115021,1.3879204,0.512863388,0.064788691
78.17551801,0.184750274,1.387677699,0.548016576,0.067541828
78.18015668,0.188062395,1.390023802,0.527285209,0.072182832
78.18479535,0.181680504,1.3881631,0.502047023,0.066440573
78.18943402,0.181115021,1.385736097,0.521877026,0.064946013
78.19407269,0.187335344,1.387677699,0.565142488,0.070688271
78.19871136,0.185719675,1.3885676,0.501145659,0.070294966
78.20335003,0.18087267,1.384927096,0.51556748,0.064631368
78.2079887,0.183053823,1.384279896,0.541707029,0.066125929
78.21262737,0.188466312,1.386949598,0.546213848,0.072261493
78.21726604,0.182407555,1.385655197,0.49663884,0.067384506
78.22190471,0.180064836,1.382904594,0.519172935,0.064788691
78.22654338,0.185477325,1.384441696,0.561537032,0.068879066
78.23118205,0.18676986,1.387192299,0.511962024,0.07131756
78.23582072,0.18063032,1.383309095,0.508356569,0.06549664
78.24045939,0.181195804,1.381933793,0.5299893,0.065260657
78.24509806,0.187739261,1.385088897,0.557030214,0.071946848
78.24973673,0.183053823,1.384118095,0.493934749,0.068879066
78.2543754,0.179741702,1.380073091,0.514666116,0.064631368
78.25901407,0.18370009,1.380073091,0.551622031,0.06769915
78.26365274,0.186931427,1.383147294,0.525482481,0.072340154
78.26829141,0.180791887,1.381043892,0.502047023,0.066125929
78.27293008,0.180064836,1.379506791,0.52277839,0.065181996
78.27756875,0.186365943,1.381367493,0.565142488,0.07060961
78.28220742,0.183780873,1.381448393,0.498441568,0.06990166
78.28684609,0.179095435,1.377807889,0.512863388,0.064631368
78.29148476,0.181680504,1.377484288,0.539904302,0.06620459
78.29612343,0.186446726,1.380234891,0.540805665,0.072261493
78.3007621,0.180549537,1.37902139,0.495737476,0.067148523
78.30540077,0.178368384,1.376189887,0.517370207,0.064552707
78.31003944,0.184427141,1.377726989,0.559734305,0.069272372
78.31467811,0.184507924,1.379830391,0.506553842,0.071553543
78.31931678,0.179014652,1.377969689,0.509257933,0.065024674
78.32395545,0.180226403,1.378374189,0.531792028,0.065103335
78.32859412,0.186689076,1.383228195,0.557030214,0.071553543
78.33323279,0.181680504,1.384279896,0.49663884,0.068171117
78.33787146,0.178610735,1.383551795,0.518271571,0.064395385
78.34251013,0.183376956,1.384846196,0.555227486,0.067541828
78.3471488,0.185800459,1.3884867,0.523679754,0.07210417
78.35178747,0.179822486,1.387273199,0.502948387,0.065732623
78.35642614,0.179176218,1.387273199,0.523679754,0.064867352
78.36106481,0.185800459,1.390994603,0.565142488,0.070373627
78.36570348,0.182892256,1.394149706,0.502047023,0.069429694
78.37034215,0.178853085,1.396414909,0.525482481,0.064474046
78.37498082,0.181438154,1.404990318,0.564241124,0.06620459
78.37961949,0.186850643,1.41704443,0.565142488,0.072340154
78.38425816,0.180307186,1.419471433,0.519172935,0.06691254
78.38889683,0.178610735,1.418419732,0.533594755,0.064552707
78.3935355,0.18418479,1.419147833,0.573254762,0.06911505
78.39817417,0.18418479,1.419309633,0.512863388,0.071160238
78.40281284,0.178691518,1.414617428,0.512863388,0.065181996
78.40745151,0.179580136,1.411462324,0.533594755,0.06549664
78.41209018,0.186042809,1.413403927,0.553424758,0.071946848
78.41672885,0.18087267,1.410815124,0.492132021,0.068171117
78.42136752,0.178287601,1.405961119,0.511962024,0.064552707
78.42600619,0.182488339,1.404343117,0.54891794,0.067935134
78.43064486,0.185154191,1.404666717,0.514666116,0.072025509
78.43528353,0.178933868,1.399893612,0.49663884,0.065889946
78.4399222,0.178610735,1.396172208,0.516468843,0.064946013
78.44456087,0.185396542,1.396738509,0.555227486,0.071081577
78.44919954,0.182165205,1.395686808,0.488526566,0.069587016
78.45383821,0.1778029,1.391237303,0.506553842,0.064788691
78.45847688,0.18063032,1.389295701,0.536298847,0.066597895
78.46311555,0.185477325,1.390994603,0.5299893,0.072025509
78.46775422,0.179095435,1.3887294,0.491230657,0.06691254
78.47239289,0.177479767,1.385655197,0.513764752,0.064631368
78.47703156,0.183376956,1.386464198,0.557030214,0.069665677
78.48167023,0.182730689,1.386140598,0.498441568,0.071002915
78.4863089,0.177398983,1.381771993,0.502948387,0.065260657
78.49094757,0.179014652,1.37902139,0.527285209,0.065732623
78.49558624,0.185073408,1.380882092,0.543509757,0.072025509
78.50022491,0.179418569,1.377969689,0.486723839,0.068171117
78.50486358,0.176671932,1.373843785,0.507455206,0.065024674
78.50950225,0.181195804,1.373277484,0.547115212,0.068249778
78.51414092,0.183619307,1.374571885,0.509257933,0.071868187
78.51877959,0.176752716,1.36939428,0.495737476,0.065968607
78.52341826,0.176752716,1.366562777,0.516468843,0.065181996
78.52805693,0.183538523,1.368747079,0.552523395,0.071396221
78.5326956,0.180064836,1.368180779,0.486723839,0.069587016
78.53733427,0.175783315,1.363407674,0.506553842,0.064867352
78.54197294,0.179014652,1.361951472,0.53720021,0.067148523
78.54661161,0.183780873,1.364297574,0.524581117,0.072733459
78.55125028,0.177479767,1.361304271,0.488526566,0.066519234
78.55588895,0.176268015,1.359039069,0.510159297,0.064788691
78.56052762,0.182407555,1.360899771,0.555227486,0.070058983
78.56516629,0.180953454,1.362355972,0.494836113,0.071081577
78.56980496,0.175864098,1.359281769,0.502948387,0.065260657
78.57444363,0.177641334,1.357987368,0.527285209,0.065968607
78.5790823,0.18345774,1.36009077,0.540805665,0.072261493
78.58372097,0.177883684,1.358553668,0.484921111,0.068249778
78.58835964,0.175540965,1.354508664,0.507455206,0.064946013
78.59299831,0.180226403,1.354589564,0.547115212,0.068564422
78.59763698,0.181922855,1.357097467,0.506553842,0.071789526
78.60227565,0.175460181,1.354104164,0.495737476,0.065889946
78.60691432,0.175864098,1.352000761,0.516468843,0.065260657
78.61155299,0.182649905,1.354589564,0.550720667,0.071474882
78.61619166,0.178368384,1.353780563,0.485822475,0.069665677
78.62083033,0.174652347,1.35046366,0.505652478,0.065103335
78.625469,0.178206817,1.35022096,0.539904302,0.067227184
78.63010767,0.182407555,1.354670464,0.525482481,0.072654798
78.63474634,0.176268015,1.354589564,0.49663884,0.066755217
78.63938501,0.175540965,1.354508664,0.518271571,0.065103335
78.64402368,0.181922855,1.357663767,0.561537032,0.070452288
78.64866235,0.180307186,1.358877269,0.495737476,0.070766932
78.65330102,0.174813914,1.354589564,0.504751114,0.065024674
78.65793969,0.176833499,1.352728862,0.5299893,0.066125929
78.66257836,0.182730689,1.354994065,0.539002938,0.072733459
78.66721703,0.17707585,1.353133363,0.486723839,0.068013795
78.6718557,0.17449078,1.349573759,0.507455206,0.064946013
78.67649437,0.179499352,1.35111086,0.549819303,0.068879066
78.68113304,0.180549537,1.353537863,0.505652478,0.071632204
78.68577171,0.17449078,1.350140059,0.498441568,0.065732623
78.69041038,0.175217831,1.348279357,0.519172935,0.065339318
78.69504905,0.182084422,1.35078726,0.551622031,0.071396221
78.69968772,0.177237416,1.35038276,0.485822475,0.069272372
78.70432639,0.173844513,1.346984956,0.507455206,0.064867352
78.70896506,0.177883684,1.347389457,0.541707029,0.067227184
78.71360373,0.181438154,1.350059159,0.521877026,0.072418815
78.7182424,0.174975481,1.347065856,0.493033385,0.066440573
78.72288107,0.17424843,1.344962454,0.513764752,0.065024674
78.72751974,0.18063032,1.346580456,0.55612885,0.07060961
78.73215841,0.178933868,1.347470357,0.491230657,0.07060961
78.73679708,0.173763729,1.343910753,0.504751114,0.064788691
78.74143575,0.176106449,1.343101752,0.530890664,0.066361912
78.74607442,0.182084422,1.346580456,0.536298847,0.072418815
78.75071309,0.175864098,1.344800654,0.486723839,0.067463167
78.75535176,0.173198245,1.342616351,0.508356569,0.064631368
78.75999043,0.178853085,1.345043354,0.551622031,0.069193711
78.7646291,0.179741702,1.347955757,0.504751114,0.071868187
78.76926777,0.17400608,1.346014155,0.501145659,0.06549664
78.77390644,0.174652347,1.346904056,0.523679754,0.065811284
78.77854511,0.181357371,1.352809762,0.555227486,0.072340154
78.78318378,0.176671932,1.356450266,0.493934749,0.069272372
78.78782245,0.17400608,1.359524469,0.518271571,0.065181996
78.79246112,0.178045251,1.365430176,0.555227486,0.067777811
78.79709979,0.181922855,1.372387583,0.5299893,0.072497476
78.80173846,0.175702531,1.371578582,0.502047023,0.066361912
78.80637713,0.174813914,1.36987968,0.520074299,0.06549664
78.8110158,0.181276587,1.372063983,0.560635669,0.07131756
78.81565447,0.178772301,1.372549383,0.493934749,0.070845593
78.82029314,0.174652347,1.368666179,0.509257933,0.06549664
78.82493181,0.176833499,1.367129077,0.536298847,0.066833878
78.82957048,0.181922855,1.36923248,0.538101574,0.072890781
78.83420915,0.175702531,1.366886377,0.492132021,0.067541828
78.83884782,0.173925296,1.363245873,0.512863388,0.065339318
78.84348649,0.179418569,1.363731274,0.555227486,0.069587016
78.84812516,0.179984053,1.365591976,0.502948387,0.072025509
78.85276383,0.173844513,1.361951472,0.502047023,0.066125929
78.8574025,0.174975481,1.359605369,0.523679754,0.065968607
78.86204117,0.181115021,1.361870572,0.549819303,0.07210417
78.86667984,0.176510366,1.360576171,0.488526566,0.068957727
78.87131851,0.172955895,1.357097467,0.510159297,0.065339318
78.87595718,0.177398983,1.357582867,0.547115212,0.068328439
78.88059585,0.180307186,1.360980671,0.520074299,0.072733459
78.88523452,0.174329213,1.359039069,0.499342932,0.066519234
78.88987319,0.174167646,1.357582867,0.518271571,0.065653962
78.89451186,0.180791887,1.35984807,0.559734305,0.071632204
78.89915053,0.178529951,1.36049527,0.493934749,0.070845593
78.9037892,0.173763729,1.357501967,0.510159297,0.065575301
78.90842787,0.176348799,1.358149168,0.539002938,0.067305845
78.91306654,0.181761288,1.361061571,0.53720021,0.073126764
78.91770521,0.175702531,1.36000987,0.495737476,0.067856472
78.92234388,0.173925296,1.358068268,0.517370207,0.065417979
78.92698255,0.179741702,1.36009077,0.559734305,0.070294966
78.93162122,0.179660919,1.361142471,0.502948387,0.072025509
78.93625989,0.173925296,1.356531166,0.502948387,0.066283251
78.94089856,0.175056264,1.353699663,0.523679754,0.066440573
78.94553723,0.181357371,1.355155865,0.543509757,0.073205426
78.9501759,0.176106449,1.353699663,0.48221702,0.069587016
78.95481457,0.172875112,1.349654659,0.50384975,0.065575301
78.95945324,0.177398983,1.349250159,0.541707029,0.068643083
78.96409191,0.179660919,1.351272661,0.511060661,0.072969442
78.96873058,0.172632762,1.348441158,0.492132021,0.066361912
78.97336925,0.172713545,1.347308556,0.512863388,0.06549664
78.97800792,0.179580136,1.349331059,0.552523395,0.071632204
78.98264659,0.176510366,1.349250159,0.485822475,0.07060961
78.98728526,0.171986494,1.345124254,0.50384975,0.065732623
78.99192393,0.175056264,1.344153453,0.532693391,0.06769915
78.9965626,0.179741702,1.346095055,0.526383845,0.073284087
79.00120127,0.173925296,1.343829853,0.485822475,0.06769915
79.00583994,0.171986494,1.339946649,0.507455206,0.06549664
79.01047861,0.178287601,1.340432049,0.550720667,0.070294966
79.01511728,0.177641334,1.34148375,0.493934749,0.071710865
79.01975595,0.172148061,1.337681446,0.499342932,0.065732623
79.02439462,0.173440596,1.336629745,0.523679754,0.066519234
79.02903329,0.180064836,1.340027549,0.542608393,0.072969442
79.03367196,0.17473313,1.339137648,0.484921111,0.068957727
79.03831063,0.171824927,1.335739844,0.508356569,0.065653962
79.0429493,0.176914283,1.337357846,0.548016576,0.068879066
79.04758797,0.178933868,1.342373651,0.514666116,0.07281212
79.05222664,0.172955895,1.341807351,0.500244295,0.066597895
79.05686531,0.173521379,1.342050051,0.520074299,0.06620459
79.06150398,0.180064836,1.345771455,0.557931577,0.072025509
79.06614265,0.176510366,1.346499556,0.490329294,0.070452288
79.07078132,0.171744144,1.343263552,0.508356569,0.065339318
79.07541999,0.175621748,1.343020852,0.539002938,0.067463167
79.08005866,0.180226403,1.345205154,0.528186573,0.073284087
79.08469733,0.174167646,1.343587153,0.491230657,0.067463167
79.089336,0.173117462,1.34132195,0.512863388,0.065339318
79.09397467,0.178691518,1.343344452,0.557030214,0.070452288
79.09861334,0.178045251,1.344800654,0.497540204,0.071789526
79.10325201,0.172713545,1.34124105,0.505652478,0.065732623
79.10789068,0.174813914,1.34083655,0.529087936,0.066597895
79.11252935,0.180468753,1.344315253,0.544411121,0.073048103
79.11716802,0.175217831,1.342050051,0.487625202,0.068800405
79.12180669,0.172875112,1.338894948,0.509257933,0.065417979
79.12644536,0.177479767,1.339542148,0.549819303,0.069036389
79.13108403,0.179257002,1.340674749,0.510159297,0.072497476
79.1357227,0.173198245,1.338005047,0.498441568,0.066361912
79.14036137,0.173440596,1.335901644,0.519172935,0.065968607
79.14500004,0.180145619,1.338814047,0.555227486,0.071710865
79.14963871,0.176348799,1.338814047,0.488526566,0.069980321
79.15427738,0.172632762,1.335254444,0.508356569,0.065339318
79.15891605,0.176106449,1.335335344,0.540805665,0.067541828
79.16355472,0.180226403,1.338894948,0.526383845,0.072890781
79.16819339,0.173602163,1.336872445,0.492132021,0.067069862
79.17283206,0.172875112,1.334607243,0.511962024,0.065181996
79.17747073,0.178853085,1.336387045,0.55612885,0.070530949
79.1821094,0.177964467,1.337519646,0.494836113,0.07131756
79.18674807,0.172794328,1.334769043,0.505652478,0.065417979
79.19138674,0.174571564,1.334202743,0.5299893,0.066125929
79.19602541,0.180468753,1.337681446,0.541707029,0.072733459
79.20066408,0.175056264,1.336387045,0.487625202,0.068249778
79.20530275,0.172713545,1.333070141,0.509257933,0.065339318
79.20994142,0.178045251,1.334849943,0.550720667,0.068879066
79.21458009,0.179418569,1.337843246,0.508356569,0.072261493
79.21921876,0.173440596,1.336063445,0.500244295,0.065968607
79.22385743,0.174167646,1.336467945,0.52277839,0.065653962
79.2284961,0.180791887,1.341969151,0.557030214,0.071868187
79.23313477,0.176752716,1.343668053,0.492132021,0.069429694
79.23777344,0.173036679,1.34140285,0.511060661,0.065103335
79.24241211,0.176833499,1.342130951,0.544411121,0.067541828
79.24705078,0.18063032,1.345528755,0.525482481,0.07281212
79.25168945,0.174329213,1.344477053,0.495737476,0.066755217
79.25632812,0.173844513,1.343182652,0.516468843,0.065260657
79.26096679,0.180468753,1.346742256,0.560635669,0.070766932
79.26560546,0.179014652,1.349250159,0.49663884,0.071160238
79.27024413,0.17400608,1.347308556,0.509257933,0.065417979
79.2748828,0.176914283,1.348926558,0.53720021,0.066361912
79.27952147,0.182649905,1.354185064,0.546213848,0.07281212
79.28416014,0.176591149,1.355398565,0.49663884,0.068013795
79.28879881,0.175379398,1.358553668,0.524581117,0.065103335
79.29343748,0.181680504,1.371983083,0.580465672,0.069429694
79.29807615,0.184265574,1.391560903,0.550720667,0.072182832
79.30271482,0.18038797,1.408226321,0.55612885,0.06620459
79.30735349,0.181922855,1.422302936,0.578662944,0.066047268
79.31199216,0.189193362,1.434680649,0.602098403,0.072890781
79.31663083,0.184831058,1.438644753,0.528186573,0.070058983
79.3212695,0.181195804,1.437188552,0.542608393,0.066125929
79.32590817,0.185315758,1.437188552,0.571452034,0.068564422
79.33054684,0.188870229,1.438482953,0.543509757,0.073677392
79.33518551,0.182649905,1.434276149,0.511962024,0.067541828
79.33982418,0.181599721,1.429664844,0.526383845,0.06620459
79.34446285,0.187981611,1.429988444,0.567846579,0.071710865
79.34910152,0.185477325,1.427885042,0.501145659,0.071632204
79.35374019,0.180307186,1.423435537,0.514666116,0.066361912
79.35837886,0.182245988,1.421574835,0.539904302,0.067620489
79.36301753,0.188062395,1.423273737,0.542608393,0.073598731
79.3676562,0.181761288,1.418905132,0.493033385,0.068643083
79.37229487,0.179418569,1.412433126,0.513764752,0.066125929
79.37693354,0.185396542,1.411300524,0.55612885,0.070216305
79.38157221,0.185396542,1.410734224,0.506553842,0.072890781
79.38621088,0.179095435,1.404666717,0.502948387,0.066519234
79.39084955,0.179903269,1.400136312,0.524581117,0.066361912
79.39548822,0.186123593,1.400459913,0.551622031,0.072654798
79.40012689,0.181276587,1.398437411,0.488526566,0.069665677
79.40476556,0.17756055,1.393340705,0.511060661,0.066047268
79.40940423,0.182084422,1.392612605,0.54891794,0.068643083
79.4140429,0.185073408,1.393745206,0.521877026,0.073284087
79.41868157,0.178206817,1.390185602,0.499342932,0.067305845
79.42332024,0.1778029,1.386949598,0.519172935,0.066047268
79.42795891,0.18394244,1.3880822,0.562438396,0.071238899
79.43259758,0.181680504,1.3885676,0.49663884,0.070766932
79.43723625,0.176752716,1.384765296,0.511962024,0.065417979
79.44187492,0.179418569,1.383147294,0.539904302,0.06691254
79.44651359,0.184750274,1.386625998,0.543509757,0.072654798
79.45115226,0.178772301,1.387839499,0.502948387,0.067777811
79.45579093,0.177479767,1.389619301,0.528186573,0.065417979
79.4604296,0.18345774,1.393664306,0.572353398,0.070216305
79.46506827,0.183861657,1.396900309,0.516468843,0.072182832
79.46970694,0.1778029,1.393987906,0.51556748,0.066047268
79.47434561,0.179176218,1.393259805,0.536298847,0.066519234
79.47898428,0.185800459,1.396091308,0.559734305,0.072654798
79.48362295,0.18063032,1.394635107,0.498441568,0.069508355
79.48826162,0.17756055,1.390832803,0.519172935,0.065732623
79.49290029,0.181518938,1.391156403,0.55612885,0.068800405
79.49753896,0.18418479,1.394877807,0.526383845,0.073048103
79.50217763,0.177722117,1.391884504,0.505652478,0.06691254
79.5068163,0.177641334,1.390590102,0.524581117,0.066047268
79.51145497,0.183619307,1.393098005,0.566043851,0.071632204
79.51609364,0.181034237,1.393907006,0.498441568,0.071081577
79.52073231,0.176510366,1.392127204,0.516468843,0.065968607
79.52537098,0.179257002,1.393098005,0.546213848,0.067777811
79.53000965,0.184831058,1.39754751,0.542608393,0.07352007
79.53464832,0.178529951,1.39738571,0.501145659,0.068249778
79.53928699,0.176995066,1.397143009,0.523679754,0.065575301
79.54392566,0.183053823,1.402482415,0.569649307,0.070530949
79.54856433,0.18345774,1.408873522,0.51556748,0.072182832
79.553203,0.177641334,1.408873522,0.519172935,0.066283251
79.55784167,0.178853085,1.410572424,0.543509757,0.066597895
79.56248034,0.185073408,1.41672083,0.56333976,0.07281212
79.56711901,0.180064836,1.419228733,0.50384975,0.069272372
79.57175768,0.1773182,1.419633233,0.524581117,0.065653962
79.57639635,0.181922855,1.423192837,0.562438396,0.068800405
79.58103502,0.18418479,1.428370442,0.527285209,0.073126764
79.58567369,0.178045251,1.426914241,0.510159297,0.067305845
79.59031236,0.178126034,1.42561984,0.5299893,0.066519234
79.59495103,0.184750274,1.427885042,0.567846579,0.07210417
79.5995897,0.181922855,1.427399641,0.500244295,0.071160238
79.60422837,0.177964467,1.423759138,0.518271571,0.065968607
79.60886704,0.18087267,1.422707436,0.54891794,0.068092456
79.61350571,0.185154191,1.425538939,0.541707029,0.073284087
79.61814438,0.179337785,1.423759138,0.502948387,0.067935134
79.62278305,0.178206817,1.421332135,0.524581117,0.065968607
79.62742172,0.184911841,1.422060236,0.567846579,0.070924254
79.63206039,0.18394244,1.422707436,0.509257933,0.072261493
79.63669906,0.178368384,1.419390533,0.516468843,0.066440573
79.64133773,0.179984053,1.417772531,0.540805665,0.067148523
79.6459764,0.186204376,1.422626536,0.561537032,0.073126764
79.65061507,0.180791887,1.427237841,0.512863388,0.06911505
79.65525374,0.178368384,1.430716545,0.540805665,0.066047268
79.65989241,0.183053823,1.435004249,0.578662944,0.069429694
79.66453108,0.185073408,1.438321153,0.536298847,0.073126764
79.66916975,0.178449168,1.434923349,0.520074299,0.06691254
79.67380842,0.178449168,1.431687346,0.536298847,0.066597895
79.67844709,0.185154191,1.431363746,0.569649307,0.072654798
79.68308576,0.180953454,1.428694043,0.500244295,0.070688271
79.68772443,0.17707585,1.421979336,0.517370207,0.065889946
79.6923631,0.180226403,1.419147833,0.547115212,0.0684071
79.69700177,0.184265574,1.419309633,0.533594755,0.073756053
79.70164044,0.177883684,1.414617428,0.49663884,0.068171117
79.70627911,0.176914283,1.409358922,0.51556748,0.066283251
79.71091778,0.182649905,1.408064521,0.558832941,0.07131756
79.71555645,0.181115021,1.406203819,0.497540204,0.071868187
79.72019512,0.176025665,1.399650912,0.506553842,0.06620459
79.72483379,0.177964467,1.397143009,0.530890664,0.067305845
79.72947246,0.18394244,1.39811381,0.544411121,0.073362748
79.73411113,0.177641334,1.394635107,0.48942793,0.069036389
79.7387498,0.175460181,1.390023802,0.511962024,0.065811284
79.74338847,0.180064836,1.388891201,0.550720667,0.069980321
79.74802714,0.181761288,1.389133901,0.510159297,0.073048103
79.75266581,0.175379398,1.384198996,0.499342932,0.066833878
79.75730448,0.175702531,1.380962992,0.520074299,0.066519234
79.76194315,0.182245988,1.381124792,0.555227486,0.072654798
79.76658182,0.178449168,1.380477592,0.48942793,0.07060961
79.77122049,0.174571564,1.376108987,0.510159297,0.066047268
79.77585916,0.177883684,1.375542686,0.545312484,0.068249778
79.78049783,0.181922855,1.377484288,0.529087936,0.073598731
79.7851365,0.175298614,1.374814586,0.497540204,0.067227184
79.78977517,0.17424843,1.373034784,0.518271571,0.065811284
79.79441384,0.180468753,1.377160688,0.568747943,0.071474882
79.79905251,0.179337785,1.383389995,0.514666116,0.071632204
79.80369118,0.173682946,1.384765296,0.529087936,0.066361912
79.80832985,0.176106449,1.386221498,0.550720667,0.067148523
79.81296852,0.181680504,1.3884058,0.55612885,0.073362748
79.81760719,0.175944882,1.385331597,0.500244295,0.068957727
79.82224586,0.17400608,1.380962992,0.518271571,0.065968607
79.82688453,0.179418569,1.380639392,0.557931577,0.069744338
79.8315232,0.180226403,1.381448393,0.510159297,0.072654798
79.83616187,0.174086863,1.376917988,0.502047023,0.066519234
79.84080054,0.174813914,1.373277484,0.523679754,0.06620459
79.84543921,0.181357371,1.374086485,0.554326122,0.072654798
79.85007788,0.176995066,1.373034784,0.491230657,0.069822999
79.85471655,0.173844513,1.36979878,0.512863388,0.065653962
79.85935522,0.1778029,1.36923248,0.548016576,0.068564422
79.86399389,0.181438154,1.371983083,0.528186573,0.073284087
79.86863256,0.175056264,1.370041481,0.500244295,0.067384506
79.87327123,0.17473313,1.36971788,0.521877026,0.065968607
79.8779099,0.181115021,1.372792083,0.566945215,0.071474882
79.88254857,0.179660919,1.374652785,0.502047023,0.071396221
79.88718724,0.174571564,1.371093182,0.514666116,0.065968607
79.89182591,0.176671932,1.36907068,0.539904302,0.067305845
79.89646458,0.182084422,1.371578582,0.543509757,0.073598731
79.90110325,0.176268015,1.368827979,0.493033385,0.068643083
79.90574192,0.174167646,1.365106575,0.514666116,0.065968607
79.91038059,0.179499352,1.365834676,0.557931577,0.070373627
79.91501926,0.180549537,1.367048177,0.507455206,0.072576137
79.91965793,0.174813914,1.364297574,0.50384975,0.066676556
79.9242966,0.175460181,1.362113272,0.525482481,0.066519234
79.92893527,0.182084422,1.364863875,0.554326122,0.073126764
79.93357394,0.17756055,1.364297574,0.493033385,0.070373627
79.93821261,0.174409997,1.362517773,0.51556748,0.066597895
79.94285128,0.179014652,1.366077376,0.552523395,0.06911505
79.94748995,0.182730689,1.371012282,0.528186573,0.074070697
79.95212862,0.176268015,1.36939428,0.502948387,0.067777811
79.95676729,0.176106449,1.367452678,0.521877026,0.066676556
79.96140596,0.181922855,1.36996058,0.562438396,0.072182832
79.96604463,0.179903269,1.370041481,0.495737476,0.071789526
79.9706833,0.174975481,1.366320077,0.511060661,0.066519234
79.97532197,0.178368384,1.365025675,0.539002938,0.067935134
79.97996064,0.18370009,1.367533578,0.539002938,0.073992036
79.98459931,0.177479767,1.365187475,0.492132021,0.068643083
79.98923798,0.175379398,1.361466071,0.514666116,0.066125929
79.99387665,0.180953454,1.363245873,0.558832941,0.070924254
79.99851532,0.181599721,1.365834676,0.508356569,0.07281212
80.00315399,0.175379398,1.363488574,0.511962024,0.066597895
80.00779266,0.176187232,1.364863875,0.53720021,0.066676556
80.01243133,0.183053823,1.372144883,0.568747943,0.073048103
80.01707,0.177964467,1.376756188,0.518271571,0.069429694
80.02170867,0.175379398,1.37877869,0.545312484,0.065732623
80.02634734,0.179741702,1.381286592,0.576860217,0.069193711
80.03098601,0.182326772,1.383956295,0.541707029,0.07352007
80.03562468,0.176025665,1.380396692,0.514666116,0.067305845
80.04026335,0.175783315,1.377079788,0.5299893,0.066125929
80.04490202,0.182326772,1.377726989,0.566945215,0.072261493
80.04954069,0.179499352,1.376675288,0.497540204,0.07131756
80.05417936,0.175056264,1.371983083,0.511962024,0.065968607
80.05881803,0.177479767,1.36979878,0.540805665,0.068171117
80.0634567,0.182811472,1.371983083,0.536298847,0.073756053
80.06809537,0.176752716,1.368908879,0.492132021,0.068013795
80.07273404,0.175217831,1.364297574,0.512863388,0.065653962
80.07737271,0.180953454,1.364863875,0.555227486,0.070373627
80.08201138,0.18063032,1.365106575,0.500244295,0.072261493
80.08665005,0.17449078,1.36033347,0.502948387,0.066047268
80.09128872,0.175621748,1.357178367,0.524581117,0.066676556
80.09592739,0.182245988,1.35968627,0.545312484,0.073126764
80.10056606,0.176671932,1.357906468,0.486723839,0.069508355
80.10520473,0.173925296,1.353537863,0.508356569,0.065968607
80.1098434,0.178368384,1.352405262,0.545312484,0.069036389
80.11448207,0.180953454,1.353780563,0.512863388,0.073205426
80.11912074,0.174409997,1.350059159,0.494836113,0.067227184
80.12375941,0.174329213,1.346904056,0.514666116,0.066361912
80.12839808,0.181034237,1.348683858,0.554326122,0.072182832
80.13303675,0.17756055,1.348602958,0.487625202,0.070845593
80.13767542,0.173036679,1.344315253,0.506553842,0.065889946
80.14231409,0.176187232,1.343587153,0.536298847,0.06769915
80.14695276,0.181195804,1.346014155,0.529087936,0.073677392
80.15159143,0.174571564,1.343263552,0.48942793,0.068013795
80.1562301,0.173602163,1.34107925,0.510159297,0.065889946
80.16086877,0.179499352,1.342859052,0.555227486,0.070845593
80.16550744,0.178691518,1.344800654,0.497540204,0.072182832
80.17014611,0.173440596,1.342292751,0.504751114,0.06620459
80.17478478,0.175137048,1.34124105,0.5299893,0.066676556
80.17942345,0.181195804,1.344962454,0.548016576,0.073048103
80.18406212,0.175540965,1.344962454,0.490329294,0.069508355
80.18870079,0.172875112,1.342939952,0.511962024,0.06549664
80.19333946,0.177722117,1.343263552,0.551622031,0.069429694
80.19797813,0.179984053,1.346337755,0.512863388,0.073126764
80.2026168,0.173602163,1.344477053,0.500244295,0.066833878
80.20725547,0.173682946,1.343506252,0.521877026,0.066283251
80.21189414,0.180549537,1.347389457,0.559734305,0.07210417
80.21653281,0.176995066,1.348602958,0.493033385,0.070530949
80.22117148,0.172390411,1.346499556,0.512863388,0.065968607
80.22581015,0.176187232,1.347065856,0.543509757,0.068249778
80.23044882,0.180791887,1.35070636,0.530890664,0.073598731
80.23508749,0.174409997,1.348360258,0.493934749,0.06769915
80.23972616,0.173521379,1.345609655,0.513764752,0.065575301
80.24436483,0.179741702,1.346742256,0.557030214,0.070924254
80.2490035,0.178206817,1.347227656,0.495737476,0.07210417
80.25364217,0.172875112,1.343425352,0.50384975,0.065968607
80.25828084,0.174894697,1.341726451,0.528186573,0.066597895
80.26291951,0.180549537,1.344477053,0.541707029,0.073284087
80.26755818,0.17473313,1.341807351,0.486723839,0.068721744
80.27219685,0.171582577,1.338005047,0.509257933,0.065575301
80.27683552,0.176995066,1.338409547,0.54891794,0.069193711
80.28147419,0.178529951,1.339542148,0.507455206,0.072890781
80.28611286,0.172390411,1.335739844,0.497540204,0.066676556
80.29075153,0.172713545,1.334040942,0.519172935,0.06620459
80.2953902,0.179903269,1.337115146,0.555227486,0.07210417
80.30002887,0.176025665,1.337357846,0.490329294,0.070137644
80.30466754,0.171744144,1.333879142,0.510159297,0.065811284
80.30930621,0.175540965,1.334202743,0.543509757,0.068171117
80.31394488,0.180064836,1.337357846,0.526383845,0.073126764
80.31858355,0.173036679,1.334607243,0.493934749,0.067463167
80.32322222,0.171905711,1.33201844,0.513764752,0.065575301
80.32786089,0.178449168,1.334202743,0.557030214,0.070924254
80.33249956,0.176995066,1.334445443,0.493934749,0.071474882
80.33713823,0.171824927,1.330966739,0.504751114,0.065653962
80.3417769,0.174167646,1.329429637,0.5299893,0.06691254
80.34641557,0.179580136,1.331047639,0.539002938,0.072890781
80.35105424,0.173844513,1.329753238,0.484921111,0.068328439
80.35569291,0.171744144,1.326031834,0.507455206,0.06549664
80.36033158,0.176429582,1.326436334,0.54891794,0.069429694
80.36497025,0.178045251,1.328458836,0.50384975,0.07210417
80.36960892,0.171824927,1.325303733,0.49663884,0.066283251
80.37424759,0.172390411,1.323928432,0.517370207,0.065889946
80.37888626,0.179257002,1.326679035,0.549819303,0.072261493
80.38352493,0.17473313,1.326921735,0.485822475,0.069980321
80.3881636,0.171582577,1.324090232,0.506553842,0.065811284
80.39280227,0.175379398,1.323766631,0.541707029,0.068249778
80.39744094,0.179257002,1.327488035,0.520074299,0.073205426
80.40207961,0.172875112,1.324494732,0.491230657,0.067069862
80.40671828,0.171905711,1.321420529,0.511060661,0.06549664
80.41135695,0.178368384,1.324656532,0.554326122,0.07131756
80.41599562,0.176429582,1.325465533,0.48942793,0.071081577
80.42063429,0.171501794,1.32198683,0.502948387,0.065732623
80.42527296,0.173602163,1.321339629,0.529087936,0.06691254
80.42991163,0.179176218,1.323928432,0.534496119,0.073048103
80.4345503,0.173521379,1.32239133,0.484921111,0.068013795
80.43918897,0.17142101,1.319478927,0.507455206,0.065260657
80.44382764,0.17707585,1.320854228,0.549819303,0.069351033
80.44846631,0.177641334,1.322876731,0.501145659,0.07210417
80.45310498,0.171744144,1.319559827,0.497540204,0.066361912
80.45774365,0.172551978,1.318508126,0.519172935,0.066283251
80.46238232,0.178853085,1.32214863,0.547115212,0.072497476
80.46702099,0.174329213,1.32214863,0.484019747,0.069744338
80.47165966,0.17093631,1.319559827,0.506553842,0.06549664
80.47629833,0.175056264,1.320287928,0.541707029,0.068171117
80.480937,0.178368384,1.323443031,0.517370207,0.072890781
80.48557567,0.172228844,1.320773328,0.491230657,0.066676556
80.49021434,0.171582577,1.319559827,0.511962024,0.065417979
80.49485301,0.178206817,1.32239133,0.55612885,0.070924254
80.49949168,0.175944882,1.324009332,0.490329294,0.070688271
80.50413035,0.171017093,1.321744129,0.506553842,0.06549664
80.50876902,0.174086863,1.323119431,0.536298847,0.066676556
80.51340769,0.179580136,1.327407135,0.539904302,0.072890781
80.51804636,0.173198245,1.326759935,0.492132021,0.067935134
80.52268503,0.171582577,1.324980133,0.514666116,0.065653962
80.5273237,0.177237416,1.326921735,0.557931577,0.069822999
80.53196237,0.177641334,1.328297036,0.505652478,0.071946848
80.53660104,0.171582577,1.324737433,0.504751114,0.06620459
80.54123971,0.172551978,1.322957631,0.524581117,0.066283251
80.54587838,0.179176218,1.326517234,0.54891794,0.072182832
80.55051705,0.17449078,1.327245335,0.486723839,0.06911505
80.55515572,0.171501794,1.324656532,0.509257933,0.065417979
80.55979439,0.175702531,1.326112734,0.547115212,0.0684071
80.56443306,0.178691518,1.331047639,0.518271571,0.072890781
80.56907173,0.172309628,1.330885839,0.499342932,0.066597895
80.5737104,0.172228844,1.331128539,0.520074299,0.065417979
80.57834907,0.179176218,1.334445443,0.560635669,0.071474882
80.58298774,0.175944882,1.335173544,0.492132021,0.07060961
80.58762641,0.171501794,1.332584741,0.507455206,0.065968607
80.59226508,0.174652347,1.33193754,0.536298847,0.067305845
80.59690375,0.180145619,1.336225245,0.534496119,0.073048103
80.60154242,0.173521379,1.333798242,0.48942793,0.068092456
80.60618109,0.171905711,1.33145214,0.511060661,0.065732623
80.61081976,0.17756055,1.333879142,0.553424758,0.070530949
80.61545843,0.177479767,1.335901644,0.499342932,0.071946848
80.6200971,0.171905711,1.332342041,0.502047023,0.065968607
80.62473577,0.173682946,1.33193754,0.525482481,0.066283251
80.62937444,0.179741702,1.335011743,0.547115212,0.072576137
80.63401311,0.174652347,1.333960042,0.486723839,0.068957727
80.63865178,0.17166336,1.33145214,0.509257933,0.065653962
80.64329045,0.175864098,1.332584741,0.547115212,0.068564422
80.64792912,0.179014652,1.334526343,0.514666116,0.07281212
80.65256779,0.172390411,1.33153304,0.49663884,0.066519234
80.65720646,0.172067278,1.329915038,0.51556748,0.065575301
80.66184513,0.178853085,1.332989241,0.555227486,0.071474882
80.6664838,0.175944882,1.332584741,0.48942793,0.070452288
80.67112247,0.17117866,1.328620637,0.506553842,0.06549664
80.67576114,0.174813914,1.329267837,0.53720021,0.067384506
80.68039981,0.179660919,1.334769043,0.531792028,0.072969442
80.68503848,0.173359812,1.335011743,0.494836113,0.067227184
80.68967715,0.172228844,1.334769043,0.516468843,0.06549664
80.69431582,0.177964467,1.338166847,0.561537032,0.070137644
80.69895449,0.177398983,1.340674749,0.504751114,0.071710865
80.70359316,0.17166336,1.338328647,0.510159297,0.065968607
80.70823183,0.173602163,1.337438746,0.531792028,0.066361912
80.7128705,0.179499352,1.340027549,0.548016576,0.07281212
80.71750917,0.173925296,1.338328647,0.48942793,0.068721744
80.72214784,0.17142101,1.334769043,0.511060661,0.065653962
80.72678651,0.176187232,1.335092643,0.54891794,0.069429694
80.73142518,0.178449168,1.337438746,0.511962024,0.072969442
80.73606385,0.172713545,1.334283643,0.49663884,0.066755217
80.74070252,0.172471195,1.332503841,0.518271571,0.066125929
80.74534119,0.179095435,1.335901644,0.55612885,0.072025509
80.74997986,0.175621748,1.337115146,0.490329294,0.070058983
80.75461853,0.17166336,1.335578044,0.510159297,0.065732623
80.7592572,0.175056264,1.337276946,0.541707029,0.06769915
80.76389587,0.179903269,1.341726451,0.530890664,0.073205426
80.76853454,0.173279029,1.34075565,0.495737476,0.067541828
80.77317321,0.172309628,1.339865749,0.516468843,0.065811284
80.77781188,0.178610735,1.343263552,0.560635669,0.070766932
80.78245055,0.1778029,1.345366954,0.500244295,0.071789526
80.78708922,0.172471195,1.343587153,0.508356569,0.065811284
80.79172789,0.174409997,1.344396153,0.532693391,0.066833878
80.79636656,0.180307186,1.347713057,0.546213848,0.073362748
80.80100523,0.174329213,1.346095055,0.48942793,0.068957727
80.8056439,0.171824927,1.342939952,0.511962024,0.065968607
80.81028257,0.177237416,1.343263552,0.551622031,0.069980321
80.81492124,0.179095435,1.346823156,0.511060661,0.072969442
80.81955991,0.173198245,1.344153453,0.501145659,0.066597895
80.82419858,0.173682946,1.343101752,0.520975662,0.066440573
80.82883725,0.180145619,1.345933255,0.55612885,0.072261493
80.83347592,0.175864098,1.345124254,0.48942793,0.070216305
80.83811459,0.171905711,1.34091745,0.509257933,0.065968607
80.84275326,0.175621748,1.34099835,0.541707029,0.068249778
80.84739193,0.179984053,1.344153453,0.524581117,0.073362748
80.8520306,0.173602163,1.34140285,0.493033385,0.067463167
80.85666927,0.172632762,1.337924146,0.512863388,0.065653962
80.86130794,0.178772301,1.339218548,0.557030214,0.070924254
80.86594661,0.177398983,1.340674749,0.494836113,0.071396221
80.87058528,0.172228844,1.338571347,0.504751114,0.065968607
80.87522395,0.174167646,1.338328647,0.5299893,0.06691254
80.87986262,0.180064836,1.341807351,0.540805665,0.073205426
80.88450129,0.174167646,1.340432049,0.48942793,0.068800405
80.88913996,0.172551978,1.338247747,0.511060661,0.065653962
80.89377863,0.177479767,1.339865749,0.551622031,0.069665677
80.8984173,0.178853085,1.341888251,0.508356569,0.07281212
80.90305597,0.172713545,1.339865749,0.501145659,0.066519234
80.90769464,0.173440596,1.339056748,0.52277839,0.06620459
80.91233331,0.180064836,1.343425352,0.554326122,0.07281212
80.91697198,0.175540965,1.345366954,0.490329294,0.070294966
80.92161065,0.172228844,1.344638854,0.512863388,0.065653962
80.92624932,0.176268015,1.347632157,0.547115212,0.068643083
80.93088799,0.18038797,1.353780563,0.528186573,0.073441409
80.93552666,0.173602163,1.354265964,0.499342932,0.067541828
80.94016533,0.173279029,1.355560365,0.520074299,0.065968607
80.944804,0.180226403,1.362517773,0.565142488,0.071396221
80.94944267,0.178933868,1.367129077,0.501145659,0.071396221
80.95408134,0.173602163,1.367371778,0.51556748,0.065968607
80.95872001,0.176025665,1.370526881,0.541707029,0.067227184
80.96335868,0.182165205,1.376028087,0.548016576,0.073205426
80.96799735,0.176187232,1.376108987,0.497540204,0.068643083
80.97263602,0.174167646,1.374005585,0.518271571,0.06549664
80.97727469,0.179660919,1.376675288,0.558832941,0.070137644
80.98191336,0.180145619,1.37869779,0.510159297,0.072497476
80.98655203,0.174409997,1.375623586,0.504751114,0.066125929
80.9911907,0.175137048,1.373439284,0.525482481,0.066440573
80.99582937,0.181518938,1.375380886,0.554326122,0.072733459
81.00046804,0.176914283,1.373439284,0.491230657,0.069744338
81.00510671,0.173036679,1.368423479,0.511962024,0.065653962
81.00974538,0.177237416,1.366967277,0.546213848,0.068800405
81.01438405,0.180953454,1.36923248,0.521877026,0.07352007
81.01902272,0.174409997,1.365591976,0.497540204,0.067777811
81.02366139,0.173682946,1.361870572,0.519172935,0.067305845
81.02830006,0.180145619,1.363245873,0.56333976,0.07352007
81.03293873,0.178287601,1.362436872,0.498441568,0.073834714
81.0375774,0.173521379,1.357906468,0.514666116,0.06990166
81.04221607,0.176106449,1.355883966,0.543509757,0.072969442
81.04685474,0.181922855,1.358472768,0.546213848,0.08083555
81.05149341,0.175621748,1.356450266,0.498441568,0.077767768
81.05613208,0.173359812,1.352971562,0.520074299,0.076587852
81.06077075,0.179014652,1.353942363,0.561537032,0.081936805
81.06540942,0.179418569,1.355803065,0.509257933,0.084925926
81.07004809,0.173440596,1.352567062,0.507455206,0.078869023
81.07468676,0.17400608,1.351677161,0.528186573,0.079262328
81.07932543,0.180791887,1.354104164,0.552523395,0.085633875
81.0839641,0.175783315,1.353295163,0.491230657,0.082172788
81.08860277,0.172309628,1.351677161,0.512863388,0.07792509
81.09324144,0.176591149,1.353537863,0.549819303,0.080363583
81.09788011,0.179741702,1.358068268,0.52277839,0.08453262
81.10251878,0.173359812,1.357825568,0.502047023,0.078082412
81.10715745,0.172875112,1.36009077,0.523679754,0.076587852
81.11179612,0.179580136,1.366724577,0.566945215,0.082015466
81.11643479,0.176510366,1.372063983,0.501145659,0.080914211
81.12107346,0.172067278,1.373924685,0.518271571,0.07572258
81.12571213,0.174975481,1.37861689,0.54891794,0.076666513
81.1303508,0.179903269,1.387030499,0.548016576,0.082172788
81.13498947,0.174167646,1.390994603,0.505652478,0.076666513
81.13962814,0.172471195,1.393907006,0.527285209,0.074149358
81.14426681,0.178449168,1.399570012,0.57055067,0.078475718
81.14890548,0.178691518,1.403938617,0.516468843,0.079970278
81.15354415,0.172228844,1.402401515,0.518271571,0.073284087
81.15818282,0.173521379,1.401349814,0.538101574,0.073441409
81.16282149,0.179903269,1.404828517,0.559734305,0.079576973
81.16746016,0.174894697,1.403453216,0.498441568,0.07572258
81.17209883,0.171744144,1.399974512,0.518271571,0.071868187
81.1767375,0.176025665,1.399489112,0.55612885,0.074857308
81.18137617,0.178772301,1.401511614,0.524581117,0.078869023
81.18601484,0.172471195,1.39819471,0.505652478,0.072418815
81.19065351,0.172713545,1.396091308,0.524581117,0.071474882
81.19529218,0.179095435,1.39787111,0.56333976,0.077059818
81.19993085,0.176833499,1.397143009,0.494836113,0.075801241
81.20456952,0.171744144,1.392127204,0.511962024,0.070688271
81.20920819,0.174975481,1.389862002,0.540805665,0.072497476
81.21384686,0.180307186,1.390913703,0.534496119,0.077846429
81.21848553,0.173763729,1.386545098,0.493033385,0.072182832
81.2231242,0.172228844,1.382176493,0.512863388,0.06990166
81.22776287,0.178529951,1.382257394,0.557030214,0.074385342
81.23240154,0.177964467,1.383066394,0.500244295,0.075643919
81.23704021,0.172875112,1.379587691,0.506553842,0.069508355
81.24167888,0.174329213,1.377807889,0.531792028,0.070058983
81.24631755,0.180468753,1.379992191,0.549819303,0.076194546
81.25095622,0.175217831,1.378293289,0.490329294,0.072340154
81.25559489,0.172390411,1.373681984,0.511962024,0.068721744
81.26023356,0.176833499,1.372144883,0.549819303,0.071946848
81.26487223,0.179337785,1.373277484,0.512863388,0.075958563
81.2695109,0.172955895,1.368908879,0.497540204,0.069587016
81.27414957,0.172551978,1.364782975,0.517370207,0.068721744
81.27878824,0.179337785,1.365106575,0.555227486,0.074699986
81.28342691,0.176268015,1.363731274,0.487625202,0.073126764
81.28806558,0.171744144,1.359362669,0.506553842,0.068249778
81.29270425,0.174975481,1.357340167,0.53720021,0.070058983
81.29734292,0.179418569,1.358634568,0.526383845,0.075329275
81.30198159,0.172713545,1.354994065,0.48942793,0.069665677
81.30662026,0.171501794,1.351191761,0.510159297,0.067384506
81.31125893,0.17756055,1.351677161,0.555227486,0.072576137
81.3158976,0.176914283,1.351191761,0.494836113,0.073441409
81.32053627,0.17166336,1.348036657,0.502047023,0.067541828
81.32517494,0.173682946,1.346095055,0.526383845,0.068092456
81.32981361,0.179984053,1.347793957,0.541707029,0.074699986
81.33445228,0.174329213,1.345771455,0.484921111,0.070452288
81.33909095,0.17166336,1.342050051,0.508356569,0.066991201
81.34372962,0.176591149,1.342535451,0.54891794,0.070530949
81.34836829,0.178206817,1.344153453,0.510159297,0.074149358
81.35300696,0.172228844,1.34116015,0.499342932,0.067541828
81.35764563,0.172875112,1.339946649,0.520074299,0.066833878
81.3622843,0.179418569,1.343506252,0.55612885,0.073284087
81.36692297,0.175783315,1.343910753,0.48942793,0.071474882
81.37156164,0.171905711,1.34132195,0.510159297,0.06691254
81.37620031,0.175702531,1.341969151,0.543509757,0.068957727
81.38083898,0.179903269,1.345205154,0.528186573,0.074149358
81.38547765,0.173521379,1.343263552,0.495737476,0.0684071
81.39011632,0.173198245,1.34124105,0.516468843,0.066991201
81.39475499,0.180064836,1.343668053,0.559734305,0.072025509
81.39939366,0.179337785,1.345205154,0.498441568,0.072418815
81.40403233,0.17449078,1.342616351,0.509257933,0.066833878
81.408671,0.177398983,1.342535451,0.535397483,0.067463167
81.41330967,0.184265574,1.347146756,0.54891794,0.073834714
81.41794834,0.179257002,1.347470357,0.495737476,0.069272372
81.42258701,0.178610735,1.346580456,0.520975662,0.066047268
81.42722568,0.185558109,1.35030186,0.56333976,0.070216305
81.43186435,0.188062395,1.355722165,0.521877026,0.073126764
81.43650302,0.183215389,1.355155865,0.513764752,0.06691254
81.44114169,0.185154191,1.357340167,0.535397483,0.066755217
81.44578036,0.192343916,1.363326773,0.569649307,0.073126764
81.45041903,0.188789445,1.368504379,0.509257933,0.070688271
81.4550577,0.185800459,1.377241588,0.53720021,0.066125929
81.45969637,0.19032433,1.392855305,0.582268399,0.068643083
81.46433504,0.195413686,1.410572424,0.569649307,0.073913375
81.46897371,0.189435713,1.421979336,0.541707029,0.067856472
81.47361238,0.189193362,1.430231144,0.560635669,0.066361912
81.47825105,0.195494469,1.438321153,0.598492948,0.071946848
81.48288972,0.193717234,1.440829056,0.527285209,0.07210417
81.48752839,0.188223961,1.437754852,0.534496119,0.066440573
81.49216706,0.190485897,1.43557055,0.555227486,0.06769915
81.49680573,0.195656036,1.436217751,0.558832941,0.073677392
81.5014444,0.189112579,1.431930046,0.504751114,0.069036389
81.50608307,0.18676986,1.425134439,0.52277839,0.06620459
81.51072174,0.191697648,1.421898436,0.561537032,0.070294966
81.51536041,0.192505483,1.420199534,0.512863388,0.072969442
81.51999908,0.185719675,1.414051127,0.507455206,0.066833878
81.52463775,0.186204376,1.409601623,0.528186573,0.066676556
81.52927642,0.192667049,1.410087023,0.558832941,0.072890781
81.53391509,0.187820044,1.406446519,0.493033385,0.070216305
81.53855376,0.184104007,1.401188014,0.514666116,0.065968607
81.54319243,0.188143178,1.398518311,0.54891794,0.068879066
81.5478311,0.191132165,1.398275611,0.524581117,0.073834714
81.55246977,0.184265574,1.393583406,0.497540204,0.06769915
81.55710844,0.183296173,1.3884058,0.516468843,0.06620459
81.56174711,0.189758846,1.3879204,0.560635669,0.071946848
81.56638578,0.187658477,1.385816997,0.493033385,0.071710865
81.57102445,0.183376956,1.379749491,0.508356569,0.066440573
81.57566312,0.186042809,1.376432587,0.536298847,0.068013795
81.58030179,0.191859215,1.376756188,0.539904302,0.073834714
81.58494046,0.186123593,1.372144883,0.492132021,0.068721744
81.58957913,0.18418479,1.366886377,0.513764752,0.066125929
81.5942178,0.189920413,1.365834676,0.55612885,0.070137644
81.59885647,0.190566681,1.365511076,0.505652478,0.072654798
81.60349514,0.185315758,1.36041437,0.502948387,0.066440573
81.60813381,0.18676986,1.358391868,0.526383845,0.066833878
81.61277248,0.193474884,1.36017167,0.553424758,0.072969442
81.61741115,0.188870229,1.358796369,0.492132021,0.069665677
81.62204982,0.185558109,1.355155865,0.514666116,0.066125929
81.62668849,0.190001197,1.355641265,0.550720667,0.069193711
81.63132716,0.192990183,1.358310968,0.523679754,0.073598731
81.63596583,0.186285159,1.354751364,0.500244295,0.067384506
81.6406045,0.185962026,1.351677161,0.520074299,0.06620459
81.64524317,0.1929094,1.352405262,0.561537032,0.07210417
81.64988184,0.19032433,1.352567062,0.494836113,0.071238899
81.65452051,0.185962026,1.348764758,0.511060661,0.066047268
81.65915918,0.189031796,1.347470357,0.539002938,0.067935134
81.66379785,0.194686635,1.349411959,0.538101574,0.07352007
81.66843652,0.189435713,1.346904056,0.495737476,0.068249778
81.67307519,0.187981611,1.343748953,0.518271571,0.066047268
81.67771386,0.194040368,1.344072553,0.560635669,0.070845593
81.68235253,0.194848202,1.345043354,0.506553842,0.072497476
81.6869912,0.188466312,1.34116015,0.507455206,0.066519234
81.69162987,0.189920413,1.338652247,0.529087936,0.066597895
81.69626854,0.197029354,1.34083655,0.552523395,0.073126764
81.70090721,0.191859215,1.339784848,0.493033385,0.069665677
81.70554588,0.189516496,1.337115146,0.514666116,0.065889946
81.71018455,0.193878801,1.337357846,0.552523395,0.06911505
81.71482322,0.196544654,1.339137648,0.520975662,0.07352007
81.71946189,0.190405114,1.336063445,0.501145659,0.067463167
81.72410056,0.19032433,1.333555542,0.520975662,0.066676556
81.72873923,0.197029354,1.335254444,0.560635669,0.072261493
81.7333779,0.194121151,1.335173544,0.493934749,0.07131756
81.73801657,0.189274146,1.331209439,0.511060661,0.066440573
81.74265524,0.192101566,1.329753238,0.539002938,0.068171117
81.74729391,0.196948571,1.33218024,0.533594755,0.073441409
81.75193258,0.19008198,1.329429637,0.491230657,0.068249778
81.75657125,0.188143178,1.326274534,0.511962024,0.06620459
81.76120992,0.193959584,1.327164435,0.555227486,0.071002915
81.76584859,0.193232533,1.328782437,0.497540204,0.072340154
81.77048726,0.18701221,1.325141933,0.502948387,0.06620459
81.77512593,0.187739261,1.322957631,0.525482481,0.066991201
81.7797646,0.193959584,1.325708234,0.545312484,0.073362748
81.78440327,0.187900828,1.324332932,0.486723839,0.069429694
81.78904194,0.184911841,1.321420529,0.509257933,0.06620459
81.79368061,0.19008198,1.322876731,0.550720667,0.069351033
81.79831928,0.191778432,1.326274534,0.514666116,0.073441409
81.80295795,0.185234975,1.324090232,0.500244295,0.066991201
81.80759662,0.185154191,1.323523931,0.520074299,0.066440573
81.81223529,0.191616865,1.326840835,0.558832941,0.072418815
81.81687396,0.187820044,1.327407135,0.493033385,0.071081577
81.82151263,0.183296173,1.326112734,0.512863388,0.066125929
81.8261513,0.185881242,1.329429637,0.549819303,0.068013795
81.83078997,0.190243547,1.335982544,0.544411121,0.073913375
81.83542864,0.183619307,1.336710645,0.506553842,0.067856472
81.84006731,0.182165205,1.335092643,0.523679754,0.065889946
81.84470598,0.187981611,1.338166847,0.566945215,0.071238899
81.84934465,0.187092994,1.340512949,0.506553842,0.07210417
81.85398332,0.181357371,1.337600546,0.512863388,0.066519234
81.85862199,0.183296173,1.336953345,0.535397483,0.066676556
81.86326066,0.188870229,1.340108449,0.54891794,0.073284087
81.86789933,0.183053823,1.337681446,0.490329294,0.069587016
81.872538,0.180549537,1.333960042,0.510159297,0.06620459
81.87717667,0.185234975,1.333798242,0.54891794,0.069587016
81.88181534,0.186689076,1.334364543,0.509257933,0.073284087
81.88645401,0.179903269,1.330643139,0.494836113,0.06691254
81.89109268,0.180145619,1.328135236,0.51556748,0.066519234
81.89573135,0.186365943,1.329348737,0.550720667,0.072340154
81.90037002,0.182326772,1.328539737,0.484019747,0.07060961
81.90500869,0.178045251,1.325384633,0.50384975,0.066125929
81.90964736,0.181115021,1.325222833,0.535397483,0.068643083
81.91428603,0.185315758,1.327973436,0.520975662,0.073913375
81.9189247,0.178449168,1.325061033,0.486723839,0.06769915
81.92356337,0.177641334,1.32190593,0.508356569,0.065968607
81.92820204,0.182973039,1.323281231,0.552523395,0.071081577
81.93284071,0.181357371,1.324171132,0.490329294,0.071946848
81.93747938,0.176591149,1.320611528,0.501145659,0.065968607
81.94211805,0.178368384,1.319802527,0.525482481,0.066991201
81.94675672,0.183376956,1.32239133,0.538101574,0.073441409
81.95139539,0.177964467,1.320692428,0.484019747,0.068800405
81.95603406,0.175783315,1.318184526,0.507455206,0.065968607
81.96067273,0.18063032,1.318669926,0.54891794,0.069665677
81.9653114,0.182165205,1.32222953,0.508356569,0.072890781
81.96995007,0.176025665,1.321744129,0.501145659,0.066676556
81.97458874,0.176429582,1.323038531,0.523679754,0.06620459
81.97922741,0.182973039,1.327083535,0.55612885,0.072418815
81.98386608,0.179257002,1.327730736,0.490329294,0.070137644
81.98850475,0.175864098,1.324899233,0.508356569,0.065732623
81.99314342,0.179095435,1.323847532,0.539904302,0.068171117
81.99778209,0.182569122,1.325465533,0.520975662,0.073284087
82.00242076,0.175783315,1.321663229,0.488526566,0.067463167
82.00705943,0.174571564,1.317618225,0.508356569,0.065811284
82.0116981,0.180953454,1.318831726,0.551622031,0.071396221
82.01633677,0.179176218,1.319398027,0.486723839,0.071632204
82.02097544,0.173682946,1.314948522,0.498441568,0.065811284
82.02561411,0.175783315,1.31292602,0.524581117,0.067148523
82.03025278,0.181518938,1.314705822,0.531792028,0.073205426
82.03489145,0.175217831,1.311955219,0.481315656,0.0684071
82.03953012,0.172955895,1.309285516,0.504751114,0.065575301
82.04416879,0.178126034,1.310256317,0.547115212,0.069429694
82.04880746,0.179257002,1.312278819,0.500244295,0.072654798
82.05344613,0.173198245,1.309204616,0.495737476,0.06620459
82.0580848,0.17400608,1.307343914,0.517370207,0.065968607
82.06272347,0.180468753,1.310175417,0.547115212,0.072418815
82.06736214,0.176025665,1.309042816,0.48221702,0.069744338
82.07200081,0.172551978,1.305321412,0.502948387,0.06549664
82.07663948,0.176510366,1.304593311,0.536298847,0.068249778
82.08127815,0.179903269,1.306777613,0.514666116,0.073205426
82.08591682,0.172955895,1.30337981,0.487625202,0.067069862
82.09055549,0.172551978,1.300791007,0.507455206,0.06549664
82.09519416,0.178853085,1.302570809,0.549819303,0.07131756
82.09983283,0.176995066,1.30370341,0.484921111,0.071081577
82.1044715,0.171986494,1.299739306,0.500244295,0.065889946
82.10911017,0.173763729,1.298606705,0.527285209,0.066833878
82.11374884,0.179418569,1.301438208,0.5299893,0.073126764
82.11838751,0.173117462,1.298930305,0.483118383,0.067856472
82.12302618,0.17142101,1.296665103,0.504751114,0.065181996
82.12766485,0.176591149,1.297635904,0.547115212,0.069508355
82.13230352,0.176833499,1.299253905,0.49663884,0.072182832
82.13694219,0.171097877,1.295451601,0.493934749,0.065968607
82.14158086,0.17166336,1.2939954,0.516468843,0.065811284
82.14621953,0.178287601,1.296665103,0.543509757,0.072576137
82.1508582,0.173602163,1.296017902,0.480414292,0.069272372
82.15549687,0.170128476,1.292943699,0.502948387,0.065260657
82.16013554,0.174329213,1.2939954,0.539904302,0.068249778
82.16477421,0.177398983,1.296341502,0.511962024,0.073048103
82.16941288,0.170774743,1.294561701,0.488526566,0.066991201
82.17405155,0.170290042,1.292862799,0.510159297,0.06549664
82.17869022,0.176752716,1.294885301,0.552523395,0.071396221
82.18332889,0.174086863,1.296746003,0.485822475,0.070766932
82.18796756,0.169643775,1.294723501,0.501145659,0.065339318
82.19260623,0.171986494,1.295694302,0.530890664,0.067148523
82.1972449,0.177237416,1.299011205,0.530890664,0.073205426
82.20188357,0.17093631,1.298525805,0.485822475,0.067935134
82.20652224,0.169401425,1.297635904,0.508356569,0.065417979
82.21116091,0.174975481,1.300143806,0.552523395,0.06990166
82.21579958,0.175540965,1.30378431,0.499342932,0.072025509
82.22043825,0.169886125,1.30321801,0.501145659,0.066283251
82.22507692,0.170774743,1.304027011,0.525482481,0.06620459
82.22971559,0.17756055,1.308881016,0.54891794,0.072654798
82.23435426,0.172228844,1.309204616,0.486723839,0.069272372
82.23899293,0.169239858,1.306777613,0.508356569,0.065575301
82.2436316,0.174167646,1.307263014,0.545312484,0.068643083
82.24827027,0.177156633,1.309851817,0.513764752,0.072969442
82.25290894,0.170613176,1.306858514,0.493033385,0.066755217
82.25754761,0.169966909,1.304997812,0.511962024,0.065889946
82.26218628,0.176671932,1.307020314,0.551622031,0.071474882
82.26682495,0.173925296,1.306534913,0.484019747,0.07060961
82.27146362,0.169805342,1.30354161,0.501145659,0.065732623
82.27610229,0.172228844,1.302651709,0.530890664,0.067541828
82.28074096,0.17707585,1.305159612,0.526383845,0.073048103
82.28537963,0.17117866,1.30305621,0.484019747,0.06769915
82.2900183,0.168755157,1.299577506,0.504751114,0.065575301
82.29465697,0.174975481,1.300791007,0.548016576,0.070137644
82.29929564,0.174652347,1.302489909,0.493033385,0.071789526
82.30393431,0.169562992,1.299415706,0.49663884,0.066125929
82.30857298,0.17117866,1.297312303,0.520074299,0.066519234
82.31321165,0.177237416,1.299739306,0.539904302,0.073048103
82.31785032,0.172067278,1.297797704,0.480414292,0.069193711
82.32248899,0.169078291,1.295451601,0.50384975,0.065889946
82.32712766,0.17424843,1.295694302,0.543509757,0.068957727
82.33176633,0.176995066,1.297959504,0.509257933,0.073284087
82.336405,0.17093631,1.294885301,0.492132021,0.067148523
82.34104367,0.170774743,1.293429099,0.511060661,0.066283251
82.34568234,0.17756055,1.295370701,0.550720667,0.072497476
82.35032101,0.174167646,1.2943999,0.483118383,0.071081577
82.35495968,0.170290042,1.290678496,0.500244295,0.06620459
82.35959835,0.173440596,1.290354896,0.530890664,0.068171117
82.36423702,0.177883684,1.292377398,0.52277839,0.073441409
82.36887569,0.171501794,1.290273996,0.484019747,0.067463167
82.37351436,0.169886125,1.288170594,0.504751114,0.065889946
82.37815303,0.176348799,1.289869496,0.548016576,0.070766932
82.3827917,0.175783315,1.291325697,0.48942793,0.07210417
82.38743037,0.170290042,1.288332394,0.49663884,0.066125929
82.39206904,0.17166336,1.287927893,0.521877026,0.067227184
82.39670771,0.1778029,1.291487497,0.539002938,0.073284087
82.40134638,0.172875112,1.291002097,0.483118383,0.069351033
82.40598505,0.170209259,1.289464995,0.506553842,0.065732623
82.41062372,0.174975481,1.292862799,0.548016576,0.069429694
82.41526239,0.177398983,1.298930305,0.511962024,0.073205426
82.41990106,0.17142101,1.300305607,0.501145659,0.067227184
82.42453973,0.171986494,1.302732609,0.523679754,0.066519234
82.4291784,0.179095435,1.311146218,0.562438396,0.072576137
82.43381707,0.175540965,1.318346326,0.500244295,0.07060961
82.43845574,0.172148061,1.323200331,0.52277839,0.066125929
82.44309441,0.175783315,1.329834138,0.55612885,0.0684071
82.44773308,0.179984053,1.336710645,0.540805665,0.073913375
82.45237175,0.174329213,1.337762346,0.50384975,0.067856472
82.45701042,0.172551978,1.337115146,0.523679754,0.06620459
82.46164909,0.178287601,1.342373651,0.574156125,0.071160238
82.46628776,0.176914283,1.347470357,0.518271571,0.072182832
82.47092643,0.17166336,1.347227656,0.526383845,0.066676556
82.4755651,0.173279029,1.35030186,0.547115212,0.067227184
82.48020377,0.179176218,1.357825568,0.55612885,0.07352007
82.48484244,0.173359812,1.360899771,0.501145659,0.068957727
82.48948111,0.170774743,1.363164973,0.52277839,0.065968607
82.49411978,0.176025665,1.36907068,0.562438396,0.069665677
82.49875845,0.177964467,1.378050589,0.520074299,0.073048103
82.50339712,0.171824927,1.382338294,0.511962024,0.066833878
82.50803579,0.171905711,1.390266502,0.533594755,0.066519234
82.51267446,0.178529951,1.402320615,0.568747943,0.07281212
82.51731313,0.175217831,1.413161226,0.505652478,0.070294966
82.5219518,0.171259443,1.421898436,0.528186573,0.066047268
82.52659047,0.175137048,1.432415447,0.562438396,0.068564422
82.53122914,0.178610735,1.441638057,0.543509757,0.073756053
82.53586781,0.172228844,1.443256058,0.510159297,0.067856472
82.54050648,0.171501794,1.442527957,0.527285209,0.066047268
82.54514515,0.177883684,1.444307759,0.568747943,0.071553543
82.54978382,0.175864098,1.442689758,0.502047023,0.071868187
82.55442249,0.170855526,1.43573235,0.509257933,0.06620459
82.55906116,0.172955895,1.430554745,0.533594755,0.067541828
82.56369983,0.178933868,1.428855843,0.539904302,0.073756053
82.5683385,0.172875112,1.422060236,0.485822475,0.06911505
82.57297717,0.170451609,1.413889327,0.506553842,0.066440573
82.57761584,0.176187232,1.409116222,0.548016576,0.070137644
82.58225451,0.176995066,1.406284719,0.500244295,0.072654798
82.58689318,0.170855526,1.39795201,0.493033385,0.066991201
82.59153185,0.171744144,1.391237303,0.512863388,0.06691254
82.59617052,0.178045251,1.389700201,0.543509757,0.072969442
82.60080919,0.17400608,1.385331597,0.478611565,0.070373627
82.60544786,0.170451609,1.377241588,0.500244295,0.066125929
82.61008653,0.173763729,1.372711183,0.535397483,0.069036389
82.6147252,0.1773182,1.372387583,0.512863388,0.07352007
82.61936387,0.171259443,1.366643677,0.485822475,0.067384506
82.62400254,0.170128476,1.36009077,0.504751114,0.066361912
82.62864121,0.176914283,1.359039069,0.54891794,0.071710865
82.63327988,0.174975481,1.356369366,0.484019747,0.071238899
82.63791855,0.169562992,1.35038276,0.500244295,0.066047268
82.64255722,0.171744144,1.347227656,0.527285209,0.067305845
82.64719589,0.1778029,1.347793957,0.532693391,0.073677392
82.65183456,0.17166336,1.343587153,0.48221702,0.068249778
82.65647323,0.169562992,1.338490447,0.502948387,0.065811284
82.6611119,0.175298614,1.337438746,0.544411121,0.070058983
82.66575057,0.175540965,1.336225245,0.494836113,0.072654798
82.67038924,0.170128476,1.330481339,0.491230657,0.066597895
82.67502791,0.170855526,1.326355434,0.512863388,0.066519234
82.67966658,0.17707585,1.326436334,0.539904302,0.07281212
82.68430525,0.171905711,1.323281231,0.477710201,0.070058983
82.68894392,0.168916724,1.318508126,0.498441568,0.065811284
82.69358259,0.173036679,1.317051924,0.534496119,0.068721744
82.69822126,0.176591149,1.318184526,0.508356569,0.073126764
82.70285993,0.169562992,1.313492321,0.484921111,0.067227184
82.7074986,0.169239858,1.308719216,0.502948387,0.066283251
82.71213727,0.175783315,1.309932717,0.546213848,0.071946848
82.71677594,0.173036679,1.308800116,0.480414292,0.071238899
82.72141461,0.168432024,1.304350611,0.49663884,0.066283251
82.72605328,0.171097877,1.302813509,0.524581117,0.067856472
82.73069195,0.176106449,1.304755111,0.525482481,0.073362748
82.73533062,0.170047692,1.301357308,0.480414292,0.068171117
82.73996929,0.16810889,1.297312303,0.501145659,0.065968607
82.74460796,0.173763729,1.297150503,0.544411121,0.070216305
82.74924663,0.17424843,1.298687605,0.492132021,0.072418815
82.7538853,0.168835941,1.295451601,0.493033385,0.066361912
82.75852397,0.169886125,1.293348199,0.51556748,0.066833878
82.76316264,0.176268015,1.295694302,0.539904302,0.073048103
82.76780131,0.171017093,1.294723501,0.480414292,0.069587016
82.77243998,0.168755157,1.291730198,0.502047023,0.065968607
82.77707865,0.172875112,1.292296498,0.539904302,0.069272372
82.78171732,0.175540965,1.295370701,0.511060661,0.07352007
82.78635599,0.169562992,1.2939954,0.491230657,0.067069862
82.79099466,0.169482208,1.2937527,0.512863388,0.065968607
82.79563333,0.176187232,1.299739306,0.558832941,0.07210417
82.800272,0.17400608,1.305321412,0.498441568,0.071002915
82.80491067,0.169805342,1.307020314,0.518271571,0.066125929
82.80954934,0.173359812,1.309609116,0.547115212,0.067777811
82.81418801,0.178368384,1.315272122,0.541707029,0.073598731
82.81882668,0.172309628,1.315595723,0.498441568,0.068092456
82.82346535,0.171259443,1.313735021,0.516468843,0.066047268
82.82810402,0.176914283,1.315757523,0.557931577,0.070845593
82.83274269,0.176833499,1.317860925,0.500244295,0.07281212
82.83738136,0.17142101,1.314220421,0.502047023,0.066676556
82.84202003,0.172713545,1.311308018,0.52277839,0.066676556
82.8466587,0.178772301,1.31324962,0.543509757,0.073205426
82.85129737,0.173440596,1.312197919,0.483118383,0.069429694
82.85593604,0.170693959,1.308638315,0.504751114,0.065575301
82.86057471,0.175379398,1.309690017,0.543509757,0.06911505
82.86521338,0.1778029,1.311793419,0.508356569,0.073284087
82.86985205,0.171501794,1.309204616,0.491230657,0.067148523
82.87449072,0.17166336,1.305725912,0.510159297,0.06620459
82.87912939,0.178206817,1.306049513,0.548016576,0.072497476
82.88376806,0.174652347,1.305483212,0.480414292,0.070766932
82.88840673,0.170613176,1.301519108,0.499342932,0.065968607
82.8930454,0.173844513,1.300224707,0.529087936,0.0684071
82.89768407,0.178529951,1.302489909,0.520975662,0.073756053
82.90232274,0.172148061,1.299092105,0.483118383,0.067935134
82.90696141,0.170613176,1.294966201,0.504751114,0.066047268
82.91160008,0.176268015,1.296017902,0.548016576,0.071002915
82.91623875,0.175460181,1.296746003,0.48942793,0.072261493
82.92087742,0.170290042,1.293429099,0.495737476,0.066440573
82.92551609,0.171582577,1.291649297,0.520074299,0.067148523
82.93015476,0.177641334,1.2938336,0.53720021,0.073284087
82.93479343,0.172067278,1.291811098,0.480414292,0.069272372
82.9394321,0.168755157,1.288736894,0.502948387,0.066283251
82.94407077,0.174409997,1.290435796,0.543509757,0.069980321
82.94870944,0.176268015,1.2940763,0.506553842,0.073441409
82.95334811,0.169966909,1.292943699,0.494836113,0.066991201
82.95798678,0.170128476,1.293509999,0.520074299,0.06620459
82.96262545,0.177237416,1.301842708,0.564241124,0.072340154
82.96726412,0.174652347,1.309932717,0.506553842,0.070688271
82.97190279,0.17117866,1.31333052,0.528186573,0.06620459
82.97654146,0.174975481,1.317618225,0.558832941,0.068721744
82.98118013,0.179014652,1.323038531,0.542608393,0.073834714
82.9858188,0.172713545,1.323443031,0.505652478,0.068328439
82.99045747,0.171744144,1.32279583,0.524581117,0.06620459
82.99509614,0.178126034,1.326759935,0.567846579,0.07131756
82.99973481,0.177156633,1.328216136,0.50384975,0.07210417
83.00437348,0.17166336,1.324737433,0.510159297,0.06620459
83.00901215,0.173440596,1.321825029,0.530890664,0.067384506
83.01365082,0.179418569,1.322957631,0.541707029,0.07352007
83.01828949,0.173521379,1.320126128,0.485822475,0.069036389
83.02292816,0.171017093,1.316081123,0.506553842,0.065811284
83.02756683,0.176106449,1.314705822,0.547115212,0.069822999
83.0322055,0.17756055,1.315514823,0.50384975,0.07352007
83.03684417,0.17117866,1.311227118,0.493934749,0.067148523
83.04148284,0.17142101,1.308800116,0.514666116,0.066597895
83.04612151,0.178045251,1.311388918,0.54891794,0.072969442
83.05076018,0.173925296,1.311793419,0.484019747,0.070688271
83.05539885,0.170047692,1.308233815,0.505652478,0.06620459
83.06003752,0.17400608,1.307505714,0.53720021,0.068721744
83.06467619,0.177479767,1.309042816,0.518271571,0.074149358
83.06931486,0.171017093,1.305564112,0.486723839,0.068249778
83.07395353,0.169805342,1.301276408,0.505652478,0.06620459
83.0785922,0.176187232,1.302085408,0.548016576,0.071553543
83.08323087,0.174571564,1.301519108,0.484921111,0.071789526
83.08786954,0.169562992,1.296746003,0.495737476,0.066361912
83.09250821,0.171824927,1.2940763,0.521877026,0.067541828
83.09714688,0.176995066,1.296017902,0.5299893,0.073756053
83.10178555,0.170774743,1.2937527,0.478611565,0.069036389
83.10642422,0.168755157,1.289788595,0.501145659,0.066047268
83.11106289,0.174086863,1.291163897,0.542608393,0.070137644
83.11570156,0.174975481,1.292539198,0.49663884,0.073126764
83.12034023,0.169239858,1.288736894,0.490329294,0.066676556
83.1249789,0.169724558,1.286228992,0.511060661,0.066440573
83.12961757,0.176429582,1.288817794,0.542608393,0.072654798
83.13425624,0.171905711,1.287523393,0.477710201,0.070373627
83.13889491,0.16835124,1.283640189,0.499342932,0.066047268
83.14353358,0.172228844,1.282669388,0.533594755,0.068721744
83.14817225,0.176429582,1.28485369,0.511962024,0.073677392
83.15281092,0.169562992,1.281536787,0.484019747,0.067384506
83.15744959,0.16835124,1.278867084,0.50384975,0.066125929
83.16208826,0.174975481,1.280808686,0.548016576,0.071868187
83.16672693,0.172955895,1.281698587,0.483118383,0.071474882
83.1713656,0.168028107,1.279028884,0.49663884,0.066125929
83.17600427,0.169966909,1.278058083,0.523679754,0.067305845
83.18064294,0.176025665,1.280323285,0.529087936,0.07352007
83.18528161,0.169482208,1.278462583,0.479512928,0.068721744
83.18992028,0.167543406,1.276359181,0.502948387,0.066047268
83.19455895,0.172955895,1.278138983,0.546213848,0.070294966
83.19919762,0.17400608,1.281536787,0.498441568,0.073205426
83.20383629,0.167785756,1.279756985,0.49663884,0.066833878
83.20847496,0.168755157,1.280646886,0.520074299,0.066755217
83.21311363,0.175379398,1.286228992,0.54891794,0.073126764
83.2177523,0.171340227,1.287927893,0.484921111,0.070294966
83.22239097,0.167785756,1.286471692,0.504751114,0.066283251
83.22702964,0.17142101,1.286390792,0.539904302,0.069036389
83.23166831,0.175217831,1.289141395,0.512863388,0.073834714
83.23630698,0.168512807,1.285258191,0.487625202,0.067620489
83.24094565,0.167785756,1.281860387,0.505652478,0.066440573
83.24558432,0.174329213,1.283316589,0.548016576,0.072418815
83.25022299,0.171986494,1.283882889,0.481315656,0.071868187
83.25486166,0.166977922,1.280404185,0.49663884,0.066519234
83.25950033,0.169643775,1.279676085,0.525482481,0.067777811
83.264139,0.175056264,1.282103087,0.526383845,0.073913375
83.26877767,0.168512807,1.279918785,0.479512928,0.068721744
83.27341634,0.166897139,1.276359181,0.502047023,0.066440573
83.27805501,0.172713545,1.277653583,0.545312484,0.071081577
83.28269368,0.172713545,1.279756985,0.492132021,0.073205426
83.28733235,0.167301056,1.276197381,0.493033385,0.066833878
83.29197102,0.168270457,1.27514568,0.516468843,0.067148523
83.29660969,0.175379398,1.279837885,0.540805665,0.07352007
83.30124836,0.170370826,1.279756985,0.479512928,0.070294966
83.30588703,0.166977922,1.276197381,0.502047023,0.066440573
83.3105257,0.17142101,1.277087282,0.539002938,0.069429694
83.31516437,0.17424843,1.279837885,0.508356569,0.073756053
83.31980304,0.167462623,1.276520981,0.488526566,0.067620489
83.32444171,0.167058706,1.274174879,0.507455206,0.066519234
83.32908038,0.173844513,1.276116481,0.548016576,0.072418815
83.33371905,0.171017093,1.276440081,0.481315656,0.071474882
83.33835772,0.166654788,1.274093979,0.499342932,0.066676556
83.34299639,0.169724558,1.274417579,0.529087936,0.068171117
83.34763506,0.174813914,1.277653583,0.525482481,0.073756053
83.35227373,0.168916724,1.277410882,0.484921111,0.0684071
83.3569124,0.167301056,1.278219883,0.511060661,0.066283251
83.36155107,0.173602163,1.282992988,0.557030214,0.071160238
83.36618974,0.17400608,1.287846993,0.502948387,0.072969442
83.37082841,0.168189673,1.285905391,0.504751114,0.06691254
83.37546708,0.169805342,1.285258191,0.526383845,0.067384506
83.38010575,0.176187232,1.288170594,0.546213848,0.073677392
83.38474442,0.171097877,1.285905391,0.484921111,0.06990166
83.38938309,0.16810889,1.282912088,0.506553842,0.066283251
83.39402176,0.172713545,1.284044689,0.544411121,0.069587016
83.39866043,0.175298614,1.287118893,0.509257933,0.073834714
83.4032991,0.168997508,1.28509639,0.493934749,0.067541828
83.40793777,0.168916724,1.28485369,0.516468843,0.066597895
83.41257644,0.175864098,1.289464995,0.557931577,0.072576137
83.41721511,0.173279029,1.291406597,0.491230657,0.07131756
83.42185378,0.168835941,1.290597596,0.509257933,0.066519234
83.42649245,0.171824927,1.292215598,0.538101574,0.068485761
83.43113112,0.176833499,1.296746003,0.5299893,0.074070697
83.43576979,0.170693959,1.295208901,0.48942793,0.0684071
83.44040846,0.169159074,1.293024599,0.509257933,0.066519234
83.44504713,0.175217831,1.294885301,0.551622031,0.071238899
83.4496858,0.174652347,1.296098802,0.493033385,0.072497476
83.45432447,0.169643775,1.293267299,0.500244295,0.066755217
83.45896314,0.171259443,1.291972898,0.52277839,0.067541828
83.46360181,0.177479767,1.295532502,0.539904302,0.073992036
83.46824048,0.172228844,1.294561701,0.48221702,0.069665677
83.47287915,0.169320641,1.291972898,0.504751114,0.066283251
83.47751782,0.173844513,1.292215598,0.544411121,0.069744338
83.48215649,0.176025665,1.294804401,0.506553842,0.073441409
83.48679516,0.169401425,1.291406597,0.493033385,0.067463167
83.49143383,0.169562992,1.289707695,0.513764752,0.066597895
83.4960725,0.176510366,1.292700999,0.54891794,0.072733459
83.50071117,0.172875112,1.292134698,0.483118383,0.071002915
83.50534984,0.168593591,1.288898695,0.502948387,0.066361912
83.50998851,0.172551978,1.289141395,0.535397483,0.068328439
83.51462718,0.176752716,1.292134698,0.524581117,0.073756053
83.51926585,0.170370826,1.291568397,0.48942793,0.067935134
83.52390452,0.169401425,1.291082997,0.511962024,0.066361912
83.52854319,0.175702531,1.2944808,0.555227486,0.071710865
83.53318186,0.17449078,1.296260602,0.493934749,0.072733459
83.53782053,0.168916724,1.2939145,0.502948387,0.066676556
83.5424592,0.170855526,1.294319,0.529087936,0.067384506
83.54709787,0.176833499,1.299334806,0.543509757,0.073834714
83.55173654,0.171582577,1.300386507,0.488526566,0.069429694
83.55637521,0.169239858,1.299334806,0.510159297,0.066440573
83.56101388,0.174086863,1.302975309,0.551622031,0.070058983
83.56565255,0.176268015,1.307748414,0.510159297,0.073362748
83.57029122,0.169966909,1.308881016,0.501145659,0.067384506
83.57492989,0.170532393,1.311631619,0.524581117,0.066833878
83.57956856,0.17756055,1.319236227,0.559734305,0.073048103
83.58420723,0.17400608,1.32279583,0.493033385,0.070924254
83.5888459,0.170290042,1.32206773,0.513764752,0.066676556
83.59348457,0.173602163,1.322957631,0.547115212,0.068957727
83.59812324,0.178126034,1.326598134,0.529087936,0.074070697
83.60276191,0.17142101,1.323766631,0.494836113,0.067935134
83.60740058,0.170774743,1.320530628,0.512863388,0.066440573
83.61203925,0.176671932,1.321420529,0.55612885,0.072025509
83.61667792,0.175379398,1.320854228,0.492132021,0.07210417
83.62131659,0.169805342,1.315757523,0.502047023,0.066440573
83.62595526,0.171986494,1.312440619,0.525482481,0.067856472
83.63059393,0.177964467,1.313573221,0.533594755,0.073834714
83.6352326,0.172148061,1.309690017,0.481315656,0.06911505
83.63987127,0.170128476,1.304836011,0.501145659,0.066361912
83.64450994,0.174813914,1.304188811,0.542608393,0.070137644
83.64914861,0.175864098,1.304188811,0.49663884,0.072969442
83.65378728,0.169643775,1.298930305,0.48942793,0.067227184
83.65842595,0.170047692,1.296017902,0.510159297,0.066991201
83.66306462,0.176510366,1.297797704,0.543509757,0.073284087
83.66770329,0.172148061,1.296341502,0.479512928,0.07060961
83.67234196,0.168432024,1.292134698,0.501145659,0.066597895
83.67698063,0.172228844,1.292215598,0.535397483,0.069193711
83.6816193,0.176268015,1.294642601,0.513764752,0.073992036
83.68625797,0.169562992,1.290921197,0.485822475,0.06769915
83.69089664,0.168835941,1.287199793,0.505652478,0.066597895
83.69553531,0.175056264,1.287523393,0.54891794,0.072025509
83.70017398,0.172794328,1.287442493,0.484019747,0.071868187
83.70481265,0.168028107,1.283316589,0.497540204,0.066597895
83.70945132,0.170290042,1.282264887,0.524581117,0.068249778
83.71408999,0.175944882,1.28485369,0.5299893,0.074228019
83.71872866,0.169966909,1.281779487,0.481315656,0.069272372
83.72336733,0.168270457,1.278138983,0.502948387,0.066676556
83.728006,0.173925296,1.279595185,0.545312484,0.070766932
83.73264467,0.174329213,1.281617687,0.497540204,0.07352007
83.73728334,0.16786654,1.277410882,0.493934749,0.066991201
83.74192201,0.169159074,1.27555018,0.51556748,0.067305845
83.74656068,0.175864098,1.278381683,0.543509757,0.073677392
83.75119935,0.170451609,1.276925482,0.481315656,0.070530949
83.75583802,0.166977922,1.272799577,0.502047023,0.066833878
83.76047669,0.17093631,1.272556877,0.536298847,0.069351033
83.76511536,0.17400608,1.27555018,0.510159297,0.074149358
83.76975403,0.16762419,1.272556877,0.485822475,0.068171117
83.7743927,0.167462623,1.269725374,0.505652478,0.06691254
83.77903137,0.173763729,1.271828776,0.548016576,0.072261493
83.78367004,0.171259443,1.272395077,0.48221702,0.072025509
83.78830871,0.166331655,1.268430973,0.498441568,0.06691254
83.79294738,0.169078291,1.267702872,0.526383845,0.068328439
83.79758605,0.174329213,1.270453475,0.527285209,0.073992036
83.80222472,0.16810889,1.268350073,0.481315656,0.068879066
83.80686339,0.166250871,1.26535677,0.502948387,0.066833878
83.81150206,0.172148061,1.267621972,0.546213848,0.071396221
83.81614073,0.172551978,1.269644474,0.493934749,0.073205426
83.8207794,0.166816355,1.26600397,0.493934749,0.066991201
83.82541807,0.16810889,1.264466869,0.51556748,0.067463167
83.83005674,0.17473313,1.267460172,0.540805665,0.073598731
83.83469541,0.169239858,1.267136571,0.481315656,0.070137644
83.83933408,0.166412438,1.263981468,0.502948387,0.066519234
83.84397275,0.171017093,1.264952269,0.539904302,0.069508355
83.84861142,0.174329213,1.267621972,0.510159297,0.073756053
83.85325009,0.167381839,1.264547769,0.48942793,0.067541828
83.85788876,0.166816355,1.261716266,0.509257933,0.066361912
83.86252743,0.173682946,1.265114069,0.549819303,0.072654798
83.8671661,0.170613176,1.26608487,0.483118383,0.071396221
83.87180477,0.166250871,1.263576968,0.500244295,0.066755217
83.87644344,0.169482208,1.263496068,0.5299893,0.068721744
83.88108211,0.174329213,1.267541072,0.527285209,0.074385342
83.88572078,0.168189673,1.26600397,0.484921111,0.069036389
83.89035945,0.166654788,1.263819668,0.504751114,0.066597895
83.89499812,0.172955895,1.266570271,0.548016576,0.071081577
83.89963679,0.172713545,1.268754573,0.493033385,0.073048103
83.90427546,0.167220272,1.26608487,0.49663884,0.067148523
83.90891413,0.168674374,1.26568037,0.518271571,0.067541828
83.9135528,0.175137048,1.268835473,0.539002938,0.073992036
83.91819147,0.169562992,1.268350073,0.479512928,0.070216305
83.92283014,0.166977922,1.26535677,0.502948387,0.066361912
83.92746881,0.171340227,1.266570271,0.541707029,0.06990166
83.93210748,0.174167646,1.271100676,0.507455206,0.073913375
83.93674615,0.167785756,1.269644474,0.491230657,0.067620489
83.94138482,0.168270457,1.268673673,0.511962024,0.066597895
83.94602349,0.174813914,1.271666976,0.550720667,0.072890781
83.95066216,0.17166336,1.271747876,0.483118383,0.071474882
83.95530083,0.167704973,1.268673673,0.502047023,0.066597895
83.9599395,0.171097877,1.268592773,0.532693391,0.068721744
83.96457817,0.176268015,1.271666976,0.523679754,0.074070697
83.96921684,0.169482208,1.269563574,0.484921111,0.0684071
83.97385551,0.168432024,1.266974771,0.504751114,0.066361912
83.97849418,0.174167646,1.268188273,0.548016576,0.07131756
83.98313285,0.173682946,1.269725374,0.48942793,0.073048103
83.98777152,0.167704973,1.26616577,0.49663884,0.066755217
83.99241019,0.169562992,1.265114069,0.520074299,0.06769915
83.99704886,0.175944882,1.268188273,0.53720021,0.074306681
84.00168753,0.170209259,1.267379272,0.480414292,0.06990166
84.0063262,0.167301056,1.264305068,0.502948387,0.06620459
84.01096487,0.172471195,1.26543767,0.541707029,0.070137644
84.01560354,0.174652347,1.267541072,0.50384975,0.07352007
84.02024221,0.168189673,1.26535677,0.491230657,0.067463167
84.02488088,0.168432024,1.264305068,0.511962024,0.06691254
84.02951955,0.175379398,1.266570271,0.547115212,0.072890781
84.03415822,0.17166336,1.267379272,0.481315656,0.071081577
84.03879689,0.167301056,1.26551857,0.502948387,0.066361912
84.04343556,0.171097877,1.266893871,0.535397483,0.068721744
84.04807423,0.175621748,1.270938875,0.52277839,0.073992036
84.0527129,0.168755157,1.269563574,0.486723839,0.068092456
84.05735157,0.167462623,1.267864672,0.507455206,0.066519234
84.06199024,0.17424843,1.269887174,0.549819303,0.071553543
84.06662891,0.172794328,1.271181576,0.48942793,0.072340154
84.07126758,0.167301056,1.268511873,0.498441568,0.066676556
84.07590625,0.169401425,1.267621972,0.52277839,0.067305845
84.08054492,0.175379398,1.271019776,0.536298847,0.073598731
84.08518359,0.169886125,1.270129875,0.481315656,0.06911505
84.08982226,0.167301056,1.267702872,0.504751114,0.066125929
84.09446093,0.172471195,1.270453475,0.546213848,0.069822999
84.0990996,0.174329213,1.27482208,0.505652478,0.073205426
84.10373827,0.167785756,1.273608578,0.498441568,0.067148523
84.10837694,0.169078291,1.277006382,0.526383845,0.066676556
84.11301561,0.176429582,1.287846993,0.57055067,0.07281212
84.11765428,0.173117462,1.297231403,0.511060661,0.070924254
84.12229295,0.169239858,1.301680908,0.533594755,0.066676556
84.12693162,0.173440596,1.306373113,0.56333976,0.069272372
84.13157029,0.177479767,1.311388918,0.540805665,0.074228019
84.13620896,0.171501794,1.310013617,0.504751114,0.068328439
84.14084763,0.170370826,1.307991115,0.520975662,0.066991201
84.1454863,0.176348799,1.307829315,0.562438396,0.072261493
84.15012497,0.174813914,1.308476515,0.495737476,0.072576137
84.15476364,0.169482208,1.304593311,0.50384975,0.066833878
84.15940231,0.17142101,1.301680908,0.528186573,0.068013795
84.16404098,0.1773182,1.30305621,0.535397483,0.074306681
84.16867965,0.171259443,1.301114607,0.48221702,0.069744338
84.17331832,0.169239858,1.296988703,0.504751114,0.06691254
84.17795699,0.17449078,1.297150503,0.546213848,0.070845593
84.18259566,0.175864098,1.299011205,0.500244295,0.073913375
84.18723433,0.169401425,1.296260602,0.494836113,0.067777811
84.191873,0.170047692,1.294723501,0.516468843,0.067148523
84.19651167,0.176591149,1.298202204,0.54891794,0.07352007
84.20115034,0.172067278,1.298283104,0.485822475,0.071002915
84.20578901,0.168593591,1.296260602,0.507455206,0.06691254
84.21042768,0.172228844,1.297474104,0.542608393,0.069429694
84.21506635,0.176268015,1.301114607,0.520074299,0.074385342
84.21970502,0.169482208,1.299011205,0.491230657,0.0684071
84.22434369,0.168432024,1.298040404,0.513764752,0.066755217
84.22898236,0.174975481,1.30313711,0.560635669,0.072261493
84.23362103,0.173036679,1.307101214,0.498441568,0.072182832
84.2382597,0.168674374,1.307263014,0.511060661,0.066991201
84.24289837,0.170855526,1.307101214,0.536298847,0.068092456
84.24753704,0.176268015,1.310256317,0.53720021,0.074149358
84.25217571,0.170290042,1.307343914,0.486723839,0.069351033
84.25681438,0.16835124,1.304674211,0.506553842,0.066676556
84.26145305,0.173440596,1.304431511,0.54891794,0.070924254
84.26609172,0.174652347,1.305645012,0.499342932,0.073598731
84.27073039,0.168432024,1.302247209,0.495737476,0.067148523
84.27536906,0.169320641,1.299901106,0.516468843,0.066991201
84.28000773,0.175864098,1.302166309,0.544411121,0.073205426
84.2846464,0.171259443,1.300629207,0.481315656,0.070530949
84.28928507,0.16786654,1.297231403,0.502047023,0.066755217
84.29392374,0.171986494,1.297474104,0.538101574,0.069193711
84.29856241,0.175217831,1.299658406,0.511962024,0.073834714
84.30320108,0.168674374,1.296746003,0.488526566,0.067935134
84.30783975,0.168674374,1.294642601,0.509257933,0.066676556
84.31247842,0.175460181,1.297150503,0.552523395,0.072261493
84.31711709,0.172875112,1.298202204,0.48942793,0.071789526
84.32175576,0.168189673,1.296098802,0.510159297,0.066519234
84.32639443,0.17117866,1.296098802,0.539904302,0.068013795
84.3310331,0.176510366,1.299739306,0.538101574,0.074306681
84.33567177,0.170128476,1.297474104,0.490329294,0.068879066
84.34031044,0.16810889,1.2944808,0.510159297,0.066361912
84.34494911,0.173763729,1.295370701,0.551622031,0.070924254
84.34958778,0.17424843,1.297069603,0.497540204,0.072890781
84.35422645,0.16835124,1.293024599,0.49663884,0.066833878
84.35886512,0.169159074,1.290435796,0.519172935,0.067148523
84.36350379,0.175702531,1.293105499,0.543509757,0.073284087
84.36814246,0.170613176,1.290516696,0.480414292,0.070216305
84.37278113,0.167462623,1.287442493,0.502948387,0.066519234
84.3774198,0.171744144,1.287280693,0.539002938,0.069587016
84.38205847,0.175056264,1.289303195,0.508356569,0.073756053
84.38669714,0.168755157,1.286471692,0.488526566,0.067384506
84.39133581,0.168593591,1.283963789,0.508356569,0.066440573
84.39597448,0.174975481,1.286957092,0.550720667,0.072497476
84.40061315,0.171905711,1.288898695,0.485822475,0.071632204
84.40525182,0.168028107,1.288332394,0.506553842,0.066676556
84.40989049,0.171340227,1.290273996,0.536298847,0.068328439
84.41452916,0.176348799,1.2943999,0.5299893,0.073992036
84.41916783,0.169805342,1.292134698,0.486723839,0.068879066
84.4238065,0.16810889,1.289464995,0.507455206,0.066519234
84.42844517,0.173925296,1.290840297,0.549819303,0.071238899
84.43308384,0.17400608,1.291730198,0.493934749,0.072969442
84.43772251,0.168189673,1.288575094,0.497540204,0.067148523
84.44236118,0.169562992,1.287442493,0.520975662,0.067463167
84.44699985,0.176187232,1.291002097,0.541707029,0.073756053
84.45163852,0.170774743,1.291406597,0.484921111,0.070058983
84.45627719,0.16810889,1.289545895,0.508356569,0.066755217
84.46091586,0.173279029,1.290759396,0.546213848,0.06990166
84.46555453,0.175702531,1.292700999,0.510159297,0.073913375
84.4701932,0.169401425,1.290193096,0.493033385,0.067856472
84.47483187,0.169078291,1.286795292,0.511962024,0.067069862
84.47947054,0.175864098,1.288898695,0.549819303,0.072890781
84.48410921,0.172390411,1.289060495,0.484019747,0.07131756
84.48874788,0.168189673,1.286390792,0.504751114,0.066676556
84.49338655,0.17166336,1.287361593,0.536298847,0.068564422
84.49802522,0.176187232,1.292053798,0.5299893,0.073834714
84.50266389,0.170290042,1.291891998,0.492132021,0.068485761
84.50730256,0.168835941,1.291244797,0.51556748,0.066597895
84.51194123,0.175379398,1.295532502,0.561537032,0.071474882
84.5165799,0.17449078,1.299415706,0.502948387,0.072890781
84.52121857,0.169239858,1.297393204,0.507455206,0.066991201
84.52585724,0.17093631,1.295532502,0.528186573,0.06769915
84.53049591,0.177237416,1.297959504,0.543509757,0.074070697
84.53513458,0.171905711,1.296098802,0.484921111,0.06990166
84.53977325,0.168916724,1.291649297,0.506553842,0.066519234
84.54441192,0.172875112,1.291730198,0.544411121,0.069822999
84.54905059,0.175137048,1.293509999,0.505652478,0.073598731
84.55368926,0.168674374,1.289464995,0.493033385,0.067463167
84.55832793,0.168916724,1.286795292,0.511962024,0.066833878
84.5629666,0.175540965,1.288494194,0.54891794,0.072654798
84.56760527,0.17166336,1.288089694,0.48221702,0.070766932
84.57224394,0.16762419,1.28436829,0.502047023,0.066361912
84.57688261,0.17142101,1.28469189,0.534496119,0.068643083
84.58152128,0.175944882,1.288494194,0.523679754,0.073913375
84.58615995,0.169724558,1.287766093,0.490329294,0.068092456
84.59079862,0.168997508,1.287927893,0.511962024,0.066519234
84.59543729,0.175379398,1.291325697,0.55612885,0.071553543
84.60007596,0.174409997,1.292943699,0.493934749,0.072497476
84.60471463,0.168997508,1.289950396,0.501145659,0.066833878
84.6093533,0.17093631,1.288736894,0.524581117,0.067935134
84.61399197,0.176752716,1.290840297,0.53720021,0.073992036
84.61863064,0.170693959,1.289060495,0.48221702,0.069351033
84.62326931,0.16835124,1.285824491,0.502948387,0.066361912
84.62790798,0.173521379,1.286390792,0.543509757,0.070216305
84.63254665,0.174894697,1.286795292,0.501145659,0.073677392
84.63718532,0.168755157,1.282588488,0.491230657,0.067620489
84.64182399,0.169078291,1.279514285,0.510159297,0.067305845
84.64646266,0.175864098,1.281698587,0.545312484,0.073048103
84.65110133,0.171340227,1.280646886,0.480414292,0.071081577
84.65574,0.16762419,1.277653583,0.501145659,0.066519234
84.66037867,0.17166336,1.277491782,0.534496119,0.069036389
84.66501734,0.176025665,1.280404185,0.517370207,0.074464003
84.66965601,0.169320641,1.277815383,0.486723839,0.068328439
84.67429468,0.168755157,1.276197381,0.507455206,0.066991201
84.67893335,0.17473313,1.278381683,0.551622031,0.072261493
84.68357202,0.173117462,1.279433384,0.48942793,0.072654798
84.68821069,0.167947323,1.275954681,0.501145659,0.066676556
84.69284936,0.170613176,1.27498388,0.526383845,0.068013795
84.69748803,0.176671932,1.279109784,0.536298847,0.074228019
84.7021267,0.170774743,1.278300783,0.484921111,0.069429694
84.70676537,0.168916724,1.277410882,0.508356569,0.066597895
84.71140404,0.17473313,1.280646886,0.551622031,0.070688271
84.71604271,0.176429582,1.286390792,0.509257933,0.073284087
84.72068138,0.170855526,1.288655994,0.505652478,0.067069862
84.72532005,0.172794328,1.295289801,0.530890664,0.067069862
84.72995872,0.180064836,1.305806812,0.564241124,0.073362748
84.73459739,0.176914283,1.313573221,0.502047023,0.070688271
84.73923606,0.173440596,1.315595723,0.520074299,0.066676556
84.74387473,0.1773182,1.318022725,0.550720667,0.069272372
84.7485134,0.181518938,1.321258729,0.526383845,0.074385342
84.75315207,0.174813914,1.319155327,0.495737476,0.067935134
84.75779074,0.173925296,1.316566524,0.514666116,0.06691254
84.76242941,0.180307186,1.318750826,0.558832941,0.072654798
84.76706808,0.178045251,1.319478927,0.493033385,0.072182832
84.77170675,0.172713545,1.315272122,0.505652478,0.066755217
84.77634542,0.175379398,1.313573221,0.530890664,0.068171117
84.78098409,0.181034237,1.315919323,0.534496119,0.074149358
84.78562276,0.174975481,1.313411421,0.484921111,0.06911505
84.79026143,0.172551978,1.310094517,0.505652478,0.066755217
84.7949001,0.178045251,1.310579917,0.548016576,0.071160238
84.79953877,0.178449168,1.311146218,0.498441568,0.073441409
84.80417744,0.172471195,1.307101214,0.494836113,0.067305845
84.80881611,0.172713545,1.304350611,0.51556748,0.067463167
84.81345478,0.179257002,1.305725912,0.542608393,0.073756053
84.81809345,0.174652347,1.30394611,0.479512928,0.070845593
84.82273212,0.171501794,1.299577506,0.500244295,0.066676556
84.82737079,0.175056264,1.298364005,0.53720021,0.069744338
84.83200946,0.178287601,1.300386507,0.511962024,0.074149358
84.83664813,0.171905711,1.296017902,0.486723839,0.068249778
84.8412868,0.17093631,1.292458298,0.506553842,0.067148523
84.84592547,0.17707585,1.2942381,0.54891794,0.072654798
84.85056414,0.174409997,1.2937527,0.483118383,0.071946848
84.85520281,0.169562992,1.289626795,0.499342932,0.06691254
84.85984148,0.172390411,1.288332394,0.526383845,0.068564422
84.86448015,0.177479767,1.289626795,0.526383845,0.074385342
84.86911882,0.170855526,1.286228992,0.480414292,0.068957727
84.87375749,0.169239858,1.282912088,0.502047023,0.066597895
84.87839616,0.174975481,1.282831188,0.544411121,0.071081577
84.88303483,0.175137048,1.28444919,0.493033385,0.07352007
84.8876735,0.169239858,1.280161485,0.493934749,0.067305845
84.89231217,0.170209259,1.278624384,0.516468843,0.067384506
84.89695084,0.176591149,1.280808686,0.541707029,0.073992036
84.90158951,0.171340227,1.279514285,0.481315656,0.070924254
84.90622818,0.168028107,1.275792881,0.502948387,0.066991201
84.91086685,0.172551978,1.27563108,0.539002938,0.070688271
84.91550552,0.175540965,1.277815383,0.508356569,0.074857308
84.92014419,0.168593591,1.273932179,0.488526566,0.068485761
84.92478286,0.168432024,1.271828776,0.508356569,0.067541828
84.92942153,0.175137048,1.274660279,0.549819303,0.073284087
84.9340602,0.172228844,1.27506478,0.483118383,0.072261493
84.93869887,0.167301056,1.271990577,0.500244295,0.067305845
84.94333754,0.170290042,1.271100676,0.529087936,0.068800405
84.94797621,0.175460181,1.273932179,0.523679754,0.074857308
84.95261488,0.169078291,1.271747876,0.481315656,0.069508355
84.95725355,0.16786654,1.268673673,0.502948387,0.067069862
84.96189222,0.173682946,1.269644474,0.545312484,0.071789526
84.96653089,0.173279029,1.270777075,0.488526566,0.07352007
84.97116956,0.16762419,1.267379272,0.492132021,0.067620489
84.97580823,0.168916724,1.26576127,0.51556748,0.068013795
84.9804469,0.175217831,1.268026472,0.536298847,0.074464003
84.98508557,0.169724558,1.26624667,0.476808837,0.070452288
84.98972424,0.166816355,1.263253367,0.499342932,0.067148523
84.99436291,0.171501794,1.264628669,0.538101574,0.070530949
84.99900158,0.173602163,1.266570271,0.502948387,0.074149358
85.00364025,0.166735572,1.263738768,0.486723839,0.068485761
85.00827892,0.167220272,1.262120766,0.506553842,0.06769915
85.01291759,0.173844513,1.264547769,0.545312484,0.073598731
85.01755626,0.170451609,1.26535677,0.479512928,0.07210417
85.02219493,0.165685387,1.263172467,0.498441568,0.067148523
85.0268336,0.169401425,1.263496068,0.530890664,0.068879066
85.03147227,0.17424843,1.267217472,0.52277839,0.074699986
85.03611094,0.16762419,1.26543767,0.484019747,0.069193711
85.04074961,0.166654788,1.264305068,0.506553842,0.066833878
85.04538828,0.172713545,1.266812971,0.549819303,0.071946848
85.05002695,0.172148061,1.268592773,0.491230657,0.073205426
85.05466562,0.166735572,1.26584217,0.49663884,0.067148523
85.05930429,0.168189673,1.264952269,0.520074299,0.068092456
85.06394296,0.174409997,1.269320874,0.538101574,0.074149358
85.06858163,0.169078291,1.268997273,0.484921111,0.070058983
85.0732203,0.166977922,1.267541072,0.507455206,0.066833878
85.07785897,0.17117866,1.268673673,0.545312484,0.070294966
85.08249764,0.173117462,1.271181576,0.504751114,0.073834714
85.08713631,0.166816355,1.268511873,0.492132021,0.067384506
85.09177498,0.167301056,1.267621972,0.512863388,0.066676556
85.09641365,0.174086863,1.271424276,0.54891794,0.072969442
85.10105232,0.170613176,1.272556877,0.48221702,0.071396221
85.10569099,0.166735572,1.270129875,0.502948387,0.066597895
85.11032966,0.170370826,1.270938875,0.534496119,0.068800405
85.11496833,0.17473313,1.274660279,0.521877026,0.074149358
85.119607,0.168755157,1.273689478,0.487625202,0.068092456
85.12424567,0.167704973,1.272395077,0.508356569,0.066597895
85.12888434,0.173763729,1.275792881,0.552523395,0.071710865
85.13352301,0.172713545,1.279109784,0.492132021,0.072733459
85.13816168,0.16762419,1.279109784,0.502047023,0.06691254
85.14280035,0.169401425,1.282750288,0.531792028,0.067541828
85.14743902,0.176025665,1.296017902,0.555227486,0.074149358
85.15207769,0.170613176,1.308719216,0.512863388,0.069587016
85.15671636,0.169320641,1.321501429,0.542608393,0.066597895
85.16135503,0.174813914,1.336387045,0.584071127,0.070216305
85.1659937,0.176429582,1.347551257,0.538101574,0.07352007
85.17063237,0.169724558,1.347065856,0.520074299,0.067620489
85.17527104,0.170128476,1.345205154,0.532693391,0.066991201
85.17990971,0.177156633,1.346175955,0.560635669,0.073126764
85.18454838,0.172794328,1.342939952,0.491230657,0.071002915
85.18918705,0.168755157,1.336548845,0.507455206,0.066361912
85.19382572,0.172067278,1.333555542,0.538101574,0.069036389
85.19846439,0.176429582,1.333393742,0.518271571,0.074149358
85.20310306,0.169320641,1.327568936,0.484921111,0.068013795
85.20774173,0.16786654,1.32222953,0.504751114,0.066755217
85.2123804,0.174329213,1.321420529,0.548016576,0.071946848
85.21701907,0.172794328,1.319721627,0.484019747,0.072261493
85.22165774,0.16786654,1.313654121,0.495737476,0.066519234
85.22629641,0.169724558,1.310256317,0.520975662,0.067856472
85.23093508,0.175864098,1.310418117,0.5299893,0.074149358
85.23557375,0.169562992,1.306939414,0.477710201,0.069351033
85.24021242,0.167220272,1.301600008,0.500244295,0.066440573
85.24485109,0.172875112,1.300386507,0.541707029,0.070294966
85.24948976,0.173440596,1.300143806,0.49663884,0.073362748
85.25412843,0.167139489,1.295370701,0.48942793,0.067148523
85.2587671,0.167947323,1.291972898,0.511060661,0.06691254
85.26340577,0.174167646,1.292215598,0.541707029,0.073205426
85.26804444,0.169724558,1.290516696,0.477710201,0.070452288
85.27268311,0.166170088,1.286228992,0.499342932,0.066361912
85.27732178,0.169724558,1.28501549,0.535397483,0.068879066
85.28196045,0.173602163,1.287280693,0.51556748,0.073992036
85.28659912,0.167301056,1.285905391,0.493033385,0.067856472
85.29123779,0.167301056,1.286633492,0.518271571,0.066597895
85.29587646,0.173844513,1.292053798,0.564241124,0.07210417
85.30051513,0.172228844,1.295451601,0.498441568,0.071946848
85.3051538,0.167139489,1.2937527,0.511060661,0.066833878
85.30979247,0.169562992,1.2939954,0.536298847,0.068328439
85.31443114,0.175379398,1.299334806,0.541707029,0.074306681
85.31906981,0.169643775,1.300548307,0.493033385,0.069193711
85.32370848,0.168189673,1.300629207,0.516468843,0.066361912
85.32834715,0.173844513,1.305887713,0.561537032,0.070766932
85.33298582,0.175137048,1.31276422,0.511962024,0.073126764
85.33762449,0.169239858,1.31333052,0.508356569,0.067384506
85.34226316,0.170370826,1.314624922,0.5299893,0.067069862
85.34690183,0.176995066,1.320935128,0.557030214,0.073441409
85.3515405,0.172551978,1.323604831,0.493934749,0.07060961
85.35617917,0.169482208,1.324494732,0.516468843,0.066597895
85.36081784,0.173925296,1.328944237,0.552523395,0.069744338
85.36545651,0.177156633,1.334445443,0.524581117,0.074228019
85.37009518,0.170774743,1.333474642,0.500244295,0.068249778
85.37473385,0.170047692,1.331290339,0.517370207,0.066676556
85.37937252,0.176914283,1.33218024,0.55612885,0.072418815
85.38401119,0.173925296,1.329995938,0.487625202,0.071946848
85.38864986,0.168674374,1.324332932,0.500244295,0.066676556
85.39328853,0.171501794,1.321501429,0.528186573,0.068013795
85.3979272,0.176752716,1.321420529,0.528186573,0.074149358
85.40256587,0.170532393,1.317941825,0.483118383,0.06911505
85.40720454,0.168270457,1.31308782,0.504751114,0.066361912
85.41184321,0.17449078,1.31268332,0.548016576,0.071002915
85.41648188,0.174571564,1.31292602,0.495737476,0.073284087
85.42112055,0.168835941,1.309366416,0.497540204,0.067148523
85.42575922,0.169966909,1.308233815,0.520074299,0.067777811
85.43039789,0.176106449,1.311874319,0.545312484,0.074149358
85.43503656,0.171097877,1.31284512,0.484921111,0.070688271
85.43967523,0.16786654,1.31308782,0.509257933,0.066833878
85.4443139,0.172228844,1.317618225,0.549819303,0.069665677
85.44895257,0.174894697,1.324090232,0.520975662,0.073834714
85.45359124,0.16835124,1.322957631,0.498441568,0.067856472
85.45822991,0.167785756,1.321177829,0.516468843,0.066755217
85.46286858,0.174571564,1.32198683,0.555227486,0.072576137
85.46750725,0.171340227,1.318912626,0.484921111,0.071553543
85.47214592,0.166897139,1.31292602,0.501145659,0.066283251
85.47678459,0.169966909,1.309447316,0.528186573,0.068171117
85.48142326,0.174652347,1.309204616,0.52277839,0.073992036
85.48606193,0.168512807,1.304027011,0.479512928,0.0684071
85.4907006,0.166735572,1.298283104,0.500244295,0.06620459
85.49533927,0.172390411,1.296422402,0.544411121,0.071081577
85.49997794,0.172148061,1.295047101,0.488526566,0.072654798
85.50461661,0.166170088,1.289788595,0.492132021,0.06691254
85.50925528,0.167704973,1.285905391,0.51556748,0.067148523
85.51389395,0.17400608,1.286471692,0.536298847,0.073362748
85.51853262,0.168755157,1.283640189,0.477710201,0.069665677
85.52317129,0.165685387,1.279109784,0.500244295,0.06620459
85.52780996,0.170128476,1.278786184,0.539904302,0.069508355
85.53244863,0.172632762,1.279676085,0.505652478,0.07352007
85.5370873,0.166250871,1.274741179,0.48942793,0.067305845
85.54172597,0.165846954,1.270857975,0.509257933,0.066676556
85.54636464,0.172955895,1.272071477,0.547115212,0.072576137
85.55100331,0.169805342,1.270615275,0.479512928,0.071002915
85.55564198,0.16528147,1.264871369,0.497540204,0.066047268
85.56028065,0.168593591,1.263010667,0.526383845,0.067856472
85.56491932,0.172955895,1.264224168,0.517370207,0.073598731
85.56955799,0.165766171,1.260583664,0.477710201,0.068328439
85.57419666,0.164877553,1.25645776,0.498441568,0.06620459
85.57883533,0.17117866,1.256943161,0.542608393,0.071081577
85.583474,0.170451609,1.257266761,0.484921111,0.072340154
85.58811267,0.164958337,1.253302657,0.492132021,0.066440573
85.59275134,0.166654788,1.251846455,0.51556748,0.067069862
85.59739001,0.173198245,1.254677958,0.532693391,0.073284087
85.60202868,0.16762419,1.252493656,0.476808837,0.069272372
85.60666735,0.16479677,1.249500353,0.500244295,0.065968607
85.61130602,0.169805342,1.250632954,0.539904302,0.069587016
85.61594469,0.171744144,1.253383557,0.502948387,0.073284087
85.62058336,0.165362254,1.250471154,0.491230657,0.067148523
85.62522203,0.165927738,1.249985753,0.511962024,0.066283251
85.6298607,0.173036679,1.254111658,0.548016576,0.072733459
85.63449937,0.169320641,1.254920658,0.48221702,0.070924254
85.63913804,0.165685387,1.253302657,0.502948387,0.06620459
85.64377671,0.168916724,1.254192558,0.533594755,0.0684071
85.64841538,0.173279029,1.257671261,0.520074299,0.073913375
85.65305405,0.166977922,1.255163359,0.484019747,0.068092456
85.65769272,0.165846954,1.252574556,0.502948387,0.06620459
85.66233139,0.171824927,1.253140857,0.546213848,0.071474882
85.66697006,0.170532393,1.253868957,0.484019747,0.07210417
85.67160873,0.165200687,1.249581253,0.493033385,0.066597895
85.6762474,0.167381839,1.248044151,0.517370207,0.067148523
85.68088607,0.173198245,1.249743053,0.5299893,0.073598731
85.68552474,0.167381839,1.247801451,0.475006109,0.069036389
85.69016341,0.164958337,1.244322747,0.497540204,0.065811284
85.69480208,0.169724558,1.244565447,0.538101574,0.06990166
85.69944075,0.171582577,1.24650705,0.49663884,0.073284087
85.70407942,0.165523821,1.243109246,0.486723839,0.066833878
85.70871809,0.165604604,1.241491244,0.508356569,0.066519234
85.71335676,0.172471195,1.243918247,0.543509757,0.072969442
85.71799543,0.16810889,1.243918247,0.478611565,0.070688271
85.7226341,0.164392853,1.241814845,0.500244295,0.066597895
85.72727277,0.168189673,1.243432846,0.532693391,0.069272372
85.73191144,0.172228844,1.247477851,0.51556748,0.073913375
85.73655011,0.165604604,1.245455348,0.484921111,0.067856472
85.74118878,0.164958337,1.243756447,0.505652478,0.066361912
85.74582745,0.17142101,1.24707335,0.549819303,0.071868187
85.75046612,0.170209259,1.249500353,0.487625202,0.072340154
85.75510479,0.16479677,1.248205951,0.500244295,0.066440573
85.75974346,0.167381839,1.249257652,0.528186573,0.067541828
85.76438213,0.173036679,1.253545357,0.536298847,0.073677392
85.7690208,0.167058706,1.253545357,0.484019747,0.069193711
85.77365947,0.165200687,1.251684655,0.504751114,0.066519234
85.77829814,0.17093631,1.253464457,0.546213848,0.070452288
85.78293681,0.17142101,1.255891459,0.501145659,0.073284087
85.78757548,0.165443037,1.253302657,0.494836113,0.066833878
85.79221415,0.166654788,1.252736356,0.51556748,0.066833878
85.79685282,0.172955895,1.255729659,0.546213848,0.073205426
85.80149149,0.168835941,1.25637686,0.481315656,0.07060961
85.80613016,0.164958337,1.253545357,0.50384975,0.066125929
85.81076883,0.168835941,1.254677958,0.538101574,0.068721744
85.8154075,0.172471195,1.258803863,0.517370207,0.07352007
85.82004617,0.165846954,1.257347661,0.48942793,0.067541828
85.82468484,0.165766171,1.254839758,0.510159297,0.06620459
85.82932351,0.172309628,1.257833062,0.554326122,0.071710865
85.83396218,0.170290042,1.258480262,0.48942793,0.071710865
85.83860085,0.165927738,1.255325159,0.502948387,0.066361912
85.84323952,0.168028107,1.253788057,0.5299893,0.067777811
85.84787819,0.173682946,1.257590361,0.536298847,0.073913375
85.85251686,0.167139489,1.25613416,0.487625202,0.068721744
85.85715553,0.165766171,1.254677958,0.511060661,0.06620459
85.8617942,0.17117866,1.257913962,0.554326122,0.070373627
85.86643287,0.171824927,1.261878066,0.507455206,0.072733459
85.87107154,0.165927738,1.261878066,0.507455206,0.06691254
85.87571021,0.166735572,1.263819668,0.532693391,0.066597895
85.88034888,0.173440596,1.271747876,0.56333976,0.072969442
85.88498755,0.168674374,1.278543484,0.506553842,0.070216305
85.88962622,0.165523821,1.28436829,0.530890664,0.066125929
85.89426489,0.169805342,1.2939954,0.571452034,0.068957727
85.89890356,0.172228844,1.308719216,0.548016576,0.07352007
85.90354223,0.166331655,1.322957631,0.5299893,0.067384506
85.9081809,0.166089305,1.34099835,0.55612885,0.06620459
85.91281957,0.173279029,1.368180779,0.605703858,0.072261493
85.91745824,0.170209259,1.400055412,0.552523395,0.071632204
85.92209691,0.166412438,1.432010946,0.583169763,0.066440573
85.92673558,0.169482208,1.471166588,0.625533861,0.068013795
85.93137425,0.175460181,1.528120248,0.645363864,0.073756053
85.93601292,0.169805342,1.601739326,0.632744771,0.068643083
85.94065159,0.168916724,1.690972121,0.680517052,0.066361912
85.94529026,0.175056264,1.787324123,0.741809789,0.070766932
85.94992893,0.175864098,1.86895231,0.685925234,0.072654798
85.9545676,0.17117866,1.917330561,0.667897959,0.066519234
85.95920627,0.171905711,1.936584781,0.665193867,0.06691254
85.96384494,0.178206817,1.941762387,0.660687048,0.073284087
85.96848361,0.173279029,1.931730776,0.573254762,0.070137644
85.97312228,0.170290042,1.913609157,0.575057489,0.066361912
85.97776095,0.174329213,1.894840337,0.597591584,0.069508355
85.98239962,0.177237416,1.875586117,0.552523395,0.07352007
85.98703829,0.17117866,1.849455389,0.521877026,0.067541828
85.99167696,0.17093631,1.823324661,0.532693391,0.066519234
85.99631563,0.176752716,1.801886139,0.566945215,0.072418815
86.0009543,0.17400608,1.779476815,0.493934749,0.071553543
86.00559297,0.169724558,1.754640488,0.508356569,0.066519234
86.01023164,0.172228844,1.733849166,0.535397483,0.068485761
86.01487031,0.176752716,1.717021949,0.5299893,0.074385342
86.01950898,0.170128476,1.696473327,0.486723839,0.068879066
86.02414765,0.16810889,1.675358404,0.506553842,0.06620459
86.02878632,0.17424843,1.658854787,0.54891794,0.071081577
86.03342499,0.174167646,1.643807371,0.492132021,0.072890781
86.03806366,0.16835124,1.624957651,0.498441568,0.066833878
86.04270233,0.169562992,1.610719236,0.523679754,0.067305845
86.047341,0.175783315,1.601092126,0.544411121,0.073756053
86.05197967,0.170451609,1.587824512,0.485822475,0.070294966
86.05661834,0.168028107,1.574799598,0.511060661,0.066833878
86.06125701,0.173359812,1.568408491,0.555227486,0.069744338
86.06589568,0.176510366,1.565496088,0.524581117,0.073756053
86.07053435,0.170613176,1.556111678,0.508356569,0.067620489
86.07517302,0.170451609,1.545918267,0.525482481,0.067148523
86.07981169,0.176995066,1.538232759,0.561537032,0.073126764
86.08445036,0.173279029,1.527230347,0.491230657,0.071632204
86.08908903,0.168835941,1.512587432,0.506553842,0.066676556
86.0937277,0.171986494,1.500452419,0.534496119,0.068564422
86.09836637,0.176268015,1.49171521,0.523679754,0.074228019
86.10300504,0.169724558,1.478690296,0.483118383,0.068643083
86.10764371,0.168028107,1.465665382,0.502948387,0.066361912
86.11228238,0.174409997,1.458141674,0.546213848,0.071474882
86.11692105,0.173359812,1.450375266,0.486723839,0.072654798
86.12155972,0.167543406,1.439615554,0.494836113,0.066991201
86.12619839,0.169805342,1.431606446,0.519172935,0.067541828
86.13083706,0.176025665,1.427642342,0.535397483,0.073834714
86.13547573,0.170370826,1.420037734,0.479512928,0.069744338
86.1401144,0.16762419,1.412594926,0.502047023,0.06620459
86.14475307,0.172875112,1.408954422,0.543509757,0.070058983
86.14939174,0.175298614,1.405718418,0.504751114,0.073756053
86.15403041,0.168916724,1.39746661,0.492132021,0.067620489
86.15866908,0.169482208,1.391641803,0.512863388,0.066991201
86.16330775,0.176106449,1.389942902,0.54891794,0.073048103
86.16794642,0.172148061,1.385169797,0.48221702,0.070924254
86.17258509,0.167947323,1.377160688,0.501145659,0.066597895
86.17722376,0.171340227,1.371821282,0.532693391,0.068721744
86.18186243,0.175783315,1.368747079,0.518271571,0.073834714
86.1865011,0.169239858,1.362113272,0.48221702,0.068171117
86.19113977,0.16786654,1.354508664,0.502047023,0.066519234
86.19577844,0.17400608,1.35030186,0.545312484,0.071710865
86.20041711,0.172794328,1.347146756,0.484921111,0.072497476
86.20505578,0.167785756,1.339784848,0.493033385,0.066991201
86.20969445,0.169239858,1.334202743,0.518271571,0.067463167
86.21433312,0.175460181,1.333231942,0.5299893,0.073677392
86.21897179,0.169320641,1.327892536,0.476808837,0.069429694
86.22361046,0.166977922,1.321177829,0.498441568,0.066283251
86.22824913,0.171824927,1.318427226,0.539002938,0.070137644
86.2328878,0.173440596,1.317294625,0.49663884,0.073284087
86.23752647,0.167220272,1.311469818,0.488526566,0.066991201
86.24216514,0.167785756,1.307748414,0.510159297,0.066519234
86.24680381,0.174571564,1.307424814,0.543509757,0.072733459
86.25144248,0.170693959,1.304997812,0.478611565,0.070766932
86.25608115,0.166654788,1.299901106,0.498441568,0.066519234
86.26071982,0.169886125,1.296826903,0.531792028,0.068721744
86.26535849,0.173763729,1.297474104,0.513764752,0.073913375
86.26999716,0.167220272,1.292700999,0.48221702,0.068171117
86.27463583,0.166089305,1.287523393,0.502047023,0.066440573
86.2792745,0.172309628,1.287118893,0.544411121,0.072025509
86.28391317,0.170774743,1.286148092,0.48221702,0.072261493
86.28855184,0.165685387,1.280970486,0.493934749,0.066833878
86.29319051,0.167462623,1.278381683,0.519172935,0.068013795
86.29782918,0.173440596,1.279756985,0.527285209,0.073756053
86.30246785,0.167462623,1.276116481,0.475907473,0.069272372
86.30710652,0.165200687,1.271747876,0.498441568,0.066125929
86.31174519,0.170451609,1.271424276,0.539002938,0.070373627
86.31638386,0.171824927,1.271424276,0.492132021,0.07352007
86.32102253,0.165362254,1.266651171,0.487625202,0.066991201
86.3256612,0.166170088,1.264062368,0.509257933,0.066833878
86.33029987,0.172875112,1.26559947,0.539002938,0.073126764
86.33493854,0.168270457,1.263091567,0.475006109,0.070373627
86.33957721,0.164392853,1.258318462,0.49663884,0.066519234
86.34421588,0.168593591,1.257833062,0.530890664,0.069193711
86.34885455,0.172390411,1.259693764,0.510159297,0.073756053
86.35349322,0.165846954,1.25645776,0.48221702,0.067856472
86.35813189,0.16503912,1.252898156,0.502948387,0.066519234
86.36277056,0.172148061,1.254192558,0.545312484,0.072025509
86.36740923,0.169643775,1.254516158,0.478611565,0.071632204
86.3720479,0.164392853,1.250066653,0.493934749,0.066597895
86.37668657,0.167220272,1.248125051,0.520975662,0.067856472
86.38132524,0.172551978,1.249500353,0.524581117,0.073834714
86.38596391,0.166977922,1.24674975,0.475907473,0.068957727
86.39060258,0.16479677,1.242866546,0.497540204,0.066519234
86.39524125,0.170209259,1.243918247,0.540805665,0.070530949
86.39987992,0.170613176,1.244889048,0.48942793,0.073205426
86.40451859,0.16503912,1.241491244,0.488526566,0.067069862
86.40915726,0.165846954,1.238902441,0.510159297,0.066833878
86.41379593,0.172390411,1.241733944,0.536298847,0.073362748
86.4184346,0.16762419,1.240601343,0.473203382,0.070452288
86.42307327,0.164715986,1.23768894,0.49663884,0.066440573
86.42771194,0.168916724,1.23776984,0.533594755,0.069272372
86.43235061,0.172067278,1.240196843,0.506553842,0.073677392
86.43698928,0.165362254,1.23728444,0.484921111,0.06769915
86.44162795,0.165766171,1.235747338,0.505652478,0.066597895
86.44626662,0.172228844,1.238336141,0.547115212,0.072340154
86.45090529,0.169966909,1.239387842,0.480414292,0.071553543
86.45554396,0.165200687,1.236070938,0.49663884,0.066361912
86.46018263,0.167785756,1.236070938,0.524581117,0.067856472
86.4648213,0.173359812,1.239387842,0.524581117,0.073913375
86.46945997,0.166735572,1.23793164,0.479512928,0.068879066
86.47409864,0.165200687,1.235828238,0.501145659,0.066597895
86.47873731,0.170774743,1.23752714,0.545312484,0.070845593
86.48337598,0.171340227,1.240439543,0.491230657,0.07281212
86.48801465,0.165362254,1.23712264,0.493033385,0.066755217
86.49265332,0.166654788,1.236151839,0.51556748,0.066991201
86.49729199,0.173602163,1.240601343,0.539904302,0.073362748
86.50193066,0.169078291,1.242219345,0.481315656,0.070216305
86.50656933,0.166331655,1.242623845,0.505652478,0.066519234
86.511208,0.170532393,1.24683065,0.545312484,0.069665677
86.51584667,0.173440596,1.253788057,0.513764752,0.073992036
86.52048534,0.167139489,1.252574556,0.493033385,0.06769915
86.52512401,0.167543406,1.251684655,0.511962024,0.066833878
86.52976268,0.173925296,1.254839758,0.550720667,0.07281212
86.53440135,0.171097877,1.255082459,0.483118383,0.071789526
86.53904002,0.166654788,1.252574556,0.501145659,0.066833878
86.54367869,0.169724558,1.252170056,0.5299893,0.068721744
86.54831736,0.175056264,1.254192558,0.523679754,0.074464003
86.55295603,0.168674374,1.251280155,0.481315656,0.068957727
86.5575947,0.167301056,1.247477851,0.501145659,0.066833878
86.56223337,0.173279029,1.248367752,0.543509757,0.071238899
86.56687204,0.172955895,1.248367752,0.486723839,0.072969442
86.57151071,0.167381839,1.243432846,0.490329294,0.067305845
86.57614938,0.168593591,1.240601343,0.513764752,0.067856472
86.58078805,0.175217831,1.242947446,0.533594755,0.074149358
86.58542672,0.169562992,1.241653044,0.475006109,0.070373627
86.59006539,0.166897139,1.238497941,0.497540204,0.066676556
86.59470406,0.171582577,1.238740641,0.535397483,0.070216305
86.59934273,0.173763729,1.240439543,0.500244295,0.074070697
86.6039814,0.167462623,1.236960839,0.484019747,0.067856472
86.60862007,0.167543406,1.235019237,0.504751114,0.067069862
86.61325874,0.174571564,1.236070938,0.542608393,0.07281212
86.61789741,0.171259443,1.234695637,0.475907473,0.071553543
86.62253608,0.166897139,1.230084332,0.494836113,0.066755217
86.62717475,0.169886125,1.228789931,0.525482481,0.068800405
86.63181342,0.174409997,1.230893333,0.51556748,0.074385342
86.63645209,0.16786654,1.227576429,0.476808837,0.068643083
86.64109076,0.166735572,1.224825827,0.497540204,0.066597895
86.64572943,0.173036679,1.226282028,0.541707029,0.071710865
86.6503681,0.172148061,1.226767429,0.48221702,0.07281212
86.65500677,0.166250871,1.222965125,0.48942793,0.067069862
86.65964544,0.16810889,1.221266223,0.513764752,0.067777811
86.66428411,0.17424843,1.223288725,0.529087936,0.074070697
86.66892278,0.168593591,1.221185323,0.473203382,0.069822999
86.67356145,0.165766171,1.21843472,0.49663884,0.066519234
86.67820012,0.171017093,1.219324621,0.536298847,0.070216305
86.68283879,0.172875112,1.221994324,0.497540204,0.073913375
86.68747746,0.166250871,1.217868419,0.485822475,0.067463167
86.69211613,0.166493222,1.216654918,0.506553842,0.066991201
86.6967548,0.173036679,1.219810021,0.542608393,0.07281212
86.70139347,0.169159074,1.21900102,0.476808837,0.071081577
86.70603214,0.165119904,1.215684117,0.49663884,0.066755217
86.71067081,0.168755157,1.216007717,0.528186573,0.069193711
86.71530948,0.172955895,1.21867742,0.513764752,0.074228019
86.71994815,0.166493222,1.216250417,0.478611565,0.0684071
86.72458682,0.165200687,1.213418914,0.499342932,0.066833878
86.72922549,0.171905711,1.215603217,0.543509757,0.072025509
86.73386416,0.170613176,1.216978518,0.48221702,0.072576137
86.73850283,0.16503912,1.214308815,0.493033385,0.066833878
86.7431415,0.166816355,1.213823415,0.517370207,0.06769915
86.74778017,0.173036679,1.217544819,0.529087936,0.074070697
86.75241884,0.167301056,1.217140318,0.476808837,0.069508355
86.75705751,0.164958337,1.215441417,0.499342932,0.066519234
86.76169618,0.170209259,1.217544819,0.540805665,0.070294966
86.76633485,0.171986494,1.221428023,0.498441568,0.07352007
86.77097352,0.165523821,1.21908192,0.48942793,0.067463167
86.77561219,0.165846954,1.217059418,0.510159297,0.067069862
86.78025086,0.172471195,1.220376322,0.541707029,0.073441409
86.78488953,0.16810889,1.220619022,0.476808837,0.070845593
86.7895282,0.164312069,1.217302119,0.497540204,0.066519234
86.79416687,0.168432024,1.21835382,0.5299893,0.068879066
86.79880554,0.172632762,1.222722424,0.512863388,0.073992036
86.80344421,0.165927738,1.221832523,0.483118383,0.068013795
86.80808288,0.164635203,1.221428023,0.504751114,0.066755217
86.81272155,0.171259443,1.226201128,0.54891794,0.071946848
86.81736022,0.169643775,1.229518032,0.485822475,0.07210417
86.82199889,0.164877553,1.229032631,0.498441568,0.066833878
86.82663756,0.166816355,1.230003432,0.524581117,0.067856472
86.83127623,0.172875112,1.235909138,0.532693391,0.074149358
86.8359149,0.166977922,1.235666438,0.481315656,0.069272372
86.84055357,0.16479677,1.233643936,0.502047023,0.066519234
86.84519224,0.170451609,1.235261938,0.541707029,0.07060961
86.84983091,0.17117866,1.236960839,0.494836113,0.073362748
86.85446958,0.165200687,1.233643936,0.488526566,0.067227184
86.85910825,0.165927738,1.231216933,0.510159297,0.067541828
86.86374692,0.172471195,1.233158535,0.539002938,0.073441409
86.86838559,0.16786654,1.232349535,0.475006109,0.070845593
86.87302426,0.164231286,1.229275331,0.497540204,0.066833878
86.87766293,0.168189673,1.229194431,0.531792028,0.069587016
86.8823016,0.171744144,1.232187734,0.510159297,0.074385342
86.88694027,0.165604604,1.229518032,0.484019747,0.068092456
86.89157894,0.164958337,1.226767429,0.504751114,0.066991201
86.89621761,0.17166336,1.229194431,0.548016576,0.072733459
86.90085628,0.169805342,1.230569733,0.483118383,0.072182832
86.90549495,0.165362254,1.227495529,0.498441568,0.06691254
86.91013362,0.167947323,1.227252829,0.525482481,0.068171117
86.91477229,0.173844513,1.231459634,0.528186573,0.074149358
86.91941096,0.16762419,1.230650633,0.48221702,0.069272372
86.92404963,0.166574005,1.230246132,0.507455206,0.066833878
86.9286883,0.173440596,1.236232739,0.55612885,0.07131756
86.93332697,0.175864098,1.245293548,0.511962024,0.073441409
86.93796564,0.171744144,1.249985753,0.514666116,0.06769915
86.94260431,0.175460181,1.257347661,0.541707029,0.067463167
86.94724298,0.184023224,1.267379272,0.57055067,0.074070697
86.95188165,0.180791887,1.271909676,0.506553842,0.070924254
86.95652032,0.178287601,1.271990577,0.525482481,0.066833878
86.96115899,0.182730689,1.273123178,0.55612885,0.069980321
86.96579766,0.185719675,1.276035581,0.524581117,0.074699986
86.97043633,0.179095435,1.273042278,0.498441568,0.068249778
86.975075,0.178772301,1.270048975,0.51556748,0.06691254
86.97971367,0.184992625,1.270938875,0.55612885,0.072733459
86.98435234,0.182326772,1.270048975,0.488526566,0.071868187
86.98899101,0.176995066,1.26624667,0.504751114,0.066519234
86.99362968,0.179418569,1.26608487,0.533594755,0.068249778
86.99826835,0.184427141,1.269887174,0.532693391,0.074621325
87.00290702,0.178126034,1.266974771,0.486723839,0.069351033
87.00754569,0.175864098,1.262767967,0.507455206,0.066755217
87.01218436,0.181599721,1.263091567,0.54891794,0.071081577
87.01682303,0.180711103,1.262929767,0.493033385,0.073284087
87.0214617,0.174975481,1.257590361,0.493934749,0.067384506
87.02610037,0.175460181,1.254030758,0.516468843,0.06769915
87.03073904,0.181195804,1.255163359,0.53720021,0.074070697
87.03537771,0.176268015,1.253383557,0.475907473,0.070452288
87.04001638,0.172955895,1.249500353,0.499342932,0.066519234
87.04465505,0.177156633,1.248610452,0.538101574,0.06990166
87.04929372,0.179580136,1.250713854,0.508356569,0.074070697
87.05393239,0.173117462,1.248448652,0.491230657,0.067935134
87.05857106,0.173036679,1.248286851,0.514666116,0.066833878
87.06320973,0.179580136,1.253140857,0.558832941,0.07281212
87.0678484,0.176671932,1.25670046,0.493934749,0.071946848
87.07248707,0.172390411,1.258156662,0.512863388,0.06691254
87.07712574,0.176671932,1.266974771,0.555227486,0.068643083
87.08176441,0.18370009,1.290840297,0.582268399,0.074542664
87.08640308,0.179660919,1.318184526,0.571452034,0.069193711
87.09104175,0.180791887,1.340432049,0.598492948,0.066833878
87.09568042,0.187658477,1.355074965,0.63004068,0.071946848
87.10031909,0.187173777,1.361223371,0.553424758,0.07352007
87.10495776,0.181357371,1.358149168,0.542608393,0.067305845
87.10959643,0.182892256,1.355722165,0.555227486,0.068092456
87.1142351,0.188870229,1.356935667,0.566043851,0.074385342
87.11887377,0.183134606,1.352728862,0.501145659,0.070530949
87.12351244,0.179660919,1.346095055,0.516468843,0.067069862
87.12815111,0.183538523,1.343101752,0.550720667,0.070452288
87.13278978,0.185558109,1.341726451,0.511962024,0.074542664
87.13742845,0.178449168,1.334283643,0.495737476,0.068171117
87.14206712,0.178126034,1.328135236,0.51556748,0.067384506
87.14670579,0.184346357,1.326759935,0.551622031,0.07352007
87.15134446,0.180468753,1.322957631,0.483118383,0.072025509
87.15598313,0.175621748,1.315919323,0.500244295,0.06691254
87.1606218,0.177964467,1.311550719,0.5299893,0.069351033
87.16526047,0.182326772,1.309528216,0.517370207,0.074699986
87.16989914,0.175864098,1.30305621,0.479512928,0.069193711
87.17453781,0.173925296,1.296179702,0.499342932,0.067069862
87.17917648,0.179499352,1.293509999,0.542608393,0.071868187
87.18381515,0.178126034,1.290921197,0.48221702,0.073362748
87.18845382,0.172148061,1.284044689,0.491230657,0.067541828
87.19309249,0.173844513,1.279595185,0.514666116,0.068328439
87.19773116,0.179741702,1.279433384,0.5299893,0.074621325
87.20236983,0.173763729,1.27498388,0.474104746,0.070216305
87.2070085,0.170774743,1.269887174,0.497540204,0.067148523
87.21164717,0.175379398,1.268430973,0.53720021,0.070766932
87.21628584,0.177156633,1.269482674,0.498441568,0.074385342
87.22092451,0.170451609,1.264547769,0.487625202,0.068249778
87.22556318,0.170613176,1.261311765,0.508356569,0.067777811
87.23020185,0.1773182,1.264062368,0.544411121,0.073992036
87.23484052,0.173359812,1.263334267,0.479512928,0.071946848
87.23947919,0.169401425,1.260907265,0.501145659,0.067384506
87.24411786,0.173440596,1.262039866,0.535397483,0.069272372
87.24875653,0.177964467,1.267298372,0.521877026,0.074621325
87.2533952,0.171744144,1.269078173,0.492132021,0.068957727
87.25803387,0.171097877,1.273284978,0.516468843,0.067227184
87.26267254,0.1778029,1.283235688,0.565142488,0.072418815
87.26731121,0.176752716,1.293590899,0.507455206,0.073126764
87.27194988,0.171744144,1.299092105,0.520074299,0.067384506
87.27658855,0.174167646,1.304027011,0.543509757,0.068171117
87.28122722,0.180226403,1.310418117,0.552523395,0.074306681
87.28586589,0.174086863,1.309932717,0.497540204,0.069980321
87.29050456,0.172067278,1.307101214,0.517370207,0.066755217
87.29514323,0.176833499,1.305483212,0.554326122,0.071081577
87.2997819,0.178287601,1.305078712,0.506553842,0.074149358
87.30442057,0.171905711,1.299173005,0.494836113,0.068013795
87.30905924,0.171824927,1.2937527,0.514666116,0.06769915
87.31369791,0.178045251,1.293429099,0.545312484,0.074149358
87.31833658,0.173763729,1.290031296,0.478611565,0.071553543
87.32297525,0.170128476,1.28485369,0.498441568,0.067227184
87.32761392,0.173279029,1.282103087,0.531792028,0.069665677
87.33225259,0.177156633,1.282588488,0.511962024,0.074464003
87.33689126,0.169886125,1.277087282,0.481315656,0.068485761
87.34152993,0.169078291,1.271828776,0.501145659,0.067148523
87.3461686,0.175702531,1.271909676,0.544411121,0.072654798
87.35080727,0.173763729,1.270534375,0.481315656,0.072733459
87.35544594,0.168189673,1.265275869,0.493934749,0.067541828
87.36008461,0.170290042,1.263657868,0.520975662,0.068643083
87.36472328,0.176429582,1.26543767,0.528186573,0.074464003
87.36936195,0.170128476,1.261797166,0.477710201,0.069744338
87.37400062,0.167381839,1.257104961,0.499342932,0.066755217
87.37863929,0.173036679,1.257104961,0.540805665,0.071002915
87.38327796,0.173844513,1.256862261,0.492132021,0.073834714
87.38791663,0.167381839,1.252412756,0.488526566,0.067777811
87.3925553,0.168189673,1.248853152,0.511060661,0.067384506
87.39719397,0.174813914,1.250228453,0.541707029,0.073441409
87.40183264,0.169966909,1.248610452,0.479512928,0.070845593
87.40647131,0.166735572,1.244646348,0.502948387,0.066833878
87.41110998,0.170290042,1.243351946,0.538101574,0.069429694
87.41574865,0.17400608,1.244160947,0.512863388,0.074149358
87.42038732,0.167301056,1.239711442,0.484019747,0.068249778
87.42502599,0.166170088,1.235747338,0.502948387,0.066991201
87.42966466,0.173036679,1.236637239,0.545312484,0.072576137
87.43430333,0.171097877,1.235423738,0.478611565,0.072340154
87.438942,0.165927738,1.230488833,0.493033385,0.067384506
87.44358067,0.168270457,1.229356231,0.520975662,0.068564422
87.44821934,0.173602163,1.231540534,0.523679754,0.074542664
87.45285801,0.167462623,1.228709031,0.476808837,0.069429694
87.45749668,0.165766171,1.225553927,0.498441568,0.066991201
87.46213535,0.17142101,1.226362928,0.540805665,0.071238899
87.46677402,0.171986494,1.228709031,0.490329294,0.073598731
87.47141269,0.165766171,1.226362928,0.48942793,0.067541828
87.47605136,0.166493222,1.224987627,0.512863388,0.067463167
87.48069003,0.173682946,1.229841632,0.539904302,0.073677392
87.4853287,0.168674374,1.232025934,0.481315656,0.07060961
87.48996737,0.165927738,1.233805736,0.507455206,0.066833878
87.49460604,0.170451609,1.239226042,0.548016576,0.070058983
87.49924471,0.17424843,1.248367752,0.521877026,0.074385342
87.50388338,0.16786654,1.251280155,0.500244295,0.068328439
87.50852205,0.168189673,1.253464457,0.520975662,0.067227184
87.51316072,0.175056264,1.261069065,0.56333976,0.07281212
87.51779939,0.172067278,1.264062368,0.493934749,0.072261493
87.52243806,0.167462623,1.262848867,0.508356569,0.066991201
87.52707673,0.170532393,1.263415167,0.535397483,0.068564422
87.5317154,0.176106449,1.267298372,0.531792028,0.074621325
87.53635407,0.169159074,1.264143268,0.484019747,0.069508355
87.54099274,0.16786654,1.260421864,0.504751114,0.067227184
87.54563141,0.173682946,1.260502764,0.545312484,0.071632204
87.55027008,0.173440596,1.259774664,0.488526566,0.073677392
87.55490875,0.16762419,1.254920658,0.491230657,0.067541828
87.55954742,0.168674374,1.252493656,0.513764752,0.067777811
87.56418609,0.175137048,1.253626257,0.536298847,0.073992036
87.56882476,0.170128476,1.251522855,0.475907473,0.070688271
87.57346343,0.166654788,1.246345249,0.498441568,0.066991201
87.5781021,0.171259443,1.245859849,0.536298847,0.069980321
87.58274077,0.173925296,1.247720551,0.50384975,0.074149358
87.58737944,0.167220272,1.244080047,0.485822475,0.067777811
87.59201811,0.166735572,1.241167644,0.505652478,0.067148523
87.59665678,0.173279029,1.242866546,0.543509757,0.072890781
87.60129545,0.169805342,1.241572144,0.475006109,0.07210417
87.60593412,0.16528147,1.235504638,0.492132021,0.066991201
87.61057279,0.167947323,1.232915835,0.521877026,0.068879066
87.61521146,0.173117462,1.233643936,0.51556748,0.074621325
87.61985013,0.166897139,1.230569733,0.475006109,0.068721744
87.6244888,0.165200687,1.226443828,0.495737476,0.066755217
87.62912747,0.170613176,1.225473027,0.539904302,0.071474882
87.63376614,0.170370826,1.226201128,0.483118383,0.073048103
87.63840481,0.164635203,1.221913423,0.488526566,0.067227184
87.64304348,0.166331655,1.219810021,0.511962024,0.067935134
87.64768215,0.172228844,1.221589823,0.530890664,0.074070697
87.65232082,0.166574005,1.219162821,0.472302018,0.070294966
87.65695949,0.163746585,1.215279616,0.493934749,0.066833878
87.66159816,0.168755157,1.215926817,0.532693391,0.070058983
87.66623683,0.171017093,1.217140318,0.49663884,0.073913375
87.6708755,0.164392853,1.212609914,0.481315656,0.067620489
87.67551417,0.164473636,1.210182911,0.501145659,0.067069862
87.68015284,0.17117866,1.211800913,0.539904302,0.073126764
87.68479151,0.167947323,1.211153712,0.472302018,0.071238899
87.68943018,0.163504235,1.206218807,0.491230657,0.066755217
87.69406885,0.166816355,1.205167106,0.523679754,0.068879066
87.69870752,0.171259443,1.206623307,0.511962024,0.074306681
87.70334619,0.16479677,1.203387304,0.474104746,0.068957727
87.70798486,0.163585019,1.200394001,0.495737476,0.06691254
87.71262353,0.169482208,1.201931102,0.539904302,0.072025509
87.7172622,0.168270457,1.202578303,0.479512928,0.073284087
87.72190087,0.163423452,1.198209698,0.488526566,0.067463167
87.72653954,0.165362254,1.196672597,0.512863388,0.067856472
87.73117821,0.171340227,1.1994232,0.528186573,0.073992036
87.73581688,0.165766171,1.198452399,0.473203382,0.069665677
87.74045555,0.163423452,1.196106296,0.495737476,0.067069862
87.74509422,0.168512807,1.197966998,0.536298847,0.070530949
87.74973289,0.170290042,1.200313101,0.497540204,0.073756053
87.75437156,0.163746585,1.197400697,0.486723839,0.067541828
87.75901023,0.164231286,1.196510797,0.508356569,0.066991201
87.7636489,0.170774743,1.201526602,0.546213848,0.072969442
87.76828757,0.166735572,1.202740103,0.483118383,0.071238899
87.77292624,0.162777184,1.202659203,0.507455206,0.066361912
87.77756491,0.166816355,1.213418914,0.566043851,0.068879066
87.78220358,0.171017093,1.23785074,0.587676582,0.074464003
87.78684225,0.164715986,1.252250956,0.564241124,0.068485761
87.79148092,0.164069719,1.259531963,0.57055067,0.067069862
87.79611959,0.170451609,1.263496068,0.59669022,0.072418815
87.80075826,0.168997508,1.263576968,0.520074299,0.072969442
87.80539693,0.164231286,1.258480262,0.518271571,0.067305845
87.8100356,0.165927738,1.254677958,0.534496119,0.068564422
87.81467427,0.171582577,1.255244259,0.539002938,0.074385342
87.81931294,0.165523821,1.250875654,0.48221702,0.069822999
87.82395161,0.163342668,1.245536249,0.502047023,0.066755217
87.82859028,0.168432024,1.244160947,0.540805665,0.070845593
87.83322895,0.169805342,1.243432846,0.494836113,0.073992036
87.83786762,0.163261885,1.238012541,0.486723839,0.06769915
87.84250629,0.163988936,1.234291137,0.506553842,0.06769915
87.84714496,0.170613176,1.235261938,0.538101574,0.073992036
87.85178363,0.166250871,1.233158535,0.473203382,0.071474882
87.8564223,0.162534834,1.22790003,0.493033385,0.067227184
87.86106097,0.166170088,1.225958428,0.527285209,0.069429694
87.86569964,0.170370826,1.227010129,0.508356569,0.074621325
87.87033831,0.163665802,1.223207825,0.478611565,0.068643083
87.87497698,0.162534834,1.220214522,0.498441568,0.06691254
87.87961565,0.169401425,1.221185323,0.541707029,0.072418815
87.88425432,0.167704973,1.220052721,0.477710201,0.072418815
87.88889299,0.162857968,1.216088617,0.490329294,0.067384506
87.89353166,0.16528147,1.213904315,0.517370207,0.068249778
87.89817033,0.170855526,1.215198716,0.52277839,0.074464003
87.902809,0.164150503,1.212529014,0.473203382,0.069665677
87.90744767,0.162777184,1.20913121,0.494836113,0.06691254
87.91208634,0.16810889,1.20945481,0.53720021,0.07131756
87.91672501,0.169239858,1.211153712,0.490329294,0.073834714
87.92136368,0.162938751,1.207513208,0.487625202,0.067856472
87.92600235,0.163988936,1.206623307,0.511060661,0.06769915
87.93064102,0.170370826,1.210344711,0.542608393,0.073677392
87.93527969,0.166008521,1.211477312,0.48221702,0.070924254
87.93991836,0.162534834,1.20888851,0.502948387,0.067069862
87.94455703,0.166735572,1.20921211,0.53720021,0.069665677
87.9491957,0.170451609,1.212043613,0.511962024,0.074070697
87.95383437,0.163827369,1.20921211,0.486723839,0.0684071
87.95847304,0.163342668,1.207836809,0.506553842,0.067384506
87.96311171,0.169966909,1.210830112,0.54891794,0.072969442
87.96775038,0.16810889,1.213499815,0.48221702,0.072497476
87.97238905,0.162777184,1.209859311,0.495737476,0.067148523
87.97702772,0.165766171,1.208484009,0.52277839,0.068879066
87.98166639,0.171017093,1.211477312,0.523679754,0.074699986
87.98630506,0.16479677,1.20929301,0.475907473,0.069665677
87.99094373,0.163342668,1.206946908,0.498441568,0.067069862
87.9955824,0.168835941,1.208484009,0.541707029,0.071632204
88.00022107,0.169482208,1.211153712,0.491230657,0.073834714
88.00485974,0.163585019,1.207755908,0.48942793,0.06769915
88.00949841,0.164392853,1.206057007,0.511962024,0.067777811
88.01413708,0.171097877,1.208564909,0.53720021,0.074385342
88.01877575,0.166250871,1.207917709,0.475006109,0.071160238
88.02341442,0.162615618,1.204762605,0.495737476,0.067384506
88.02805309,0.167301056,1.204762605,0.531792028,0.070530949
88.03269176,0.170209259,1.206542407,0.502948387,0.074778647
88.03733043,0.163342668,1.203791804,0.481315656,0.068721744
88.0419691,0.163585019,1.202012002,0.502047023,0.067305845
88.04660777,0.170290042,1.203306404,0.543509757,0.073126764
88.05124644,0.167381839,1.202901903,0.477710201,0.072497476
88.05588511,0.162857968,1.1993423,0.493934749,0.067148523
88.06052378,0.165927738,1.199018699,0.52277839,0.068800405
88.06516245,0.17142101,1.202092902,0.520975662,0.074621325
88.06980112,0.16503912,1.201122101,0.478611565,0.069351033
88.07443979,0.163261885,1.198856899,0.501145659,0.066755217
88.07907846,0.169239858,1.200879401,0.546213848,0.071474882
88.08371713,0.169159074,1.203468204,0.493033385,0.073441409
88.0883558,0.163665802,1.201445702,0.495737476,0.067227184
88.09299447,0.165119904,1.201122101,0.519172935,0.067777811
88.09763314,0.171582577,1.204843505,0.541707029,0.073992036
88.10227181,0.166654788,1.205328906,0.481315656,0.07060961
88.10691048,0.163988936,1.204196305,0.504751114,0.067069862
88.11154915,0.168916724,1.206380607,0.544411121,0.070294966
88.11618782,0.171824927,1.211962713,0.516468843,0.074385342
88.12082649,0.165685387,1.214713316,0.504751114,0.067777811
88.12546516,0.166008521,1.21827292,0.5299893,0.067227184
88.13010383,0.172794328,1.224906727,0.57055067,0.072969442
88.1347425,0.169643775,1.230003432,0.50384975,0.071946848
88.13938117,0.165766171,1.230650633,0.52277839,0.06691254
88.14401984,0.168674374,1.233643936,0.551622031,0.068721744
88.14865851,0.173521379,1.240115943,0.543509757,0.074542664
88.15329718,0.166735572,1.240277743,0.499342932,0.068957727
88.15793585,0.165362254,1.23785074,0.51556748,0.066755217
88.16257452,0.171501794,1.238012541,0.555227486,0.071396221
88.16721319,0.170774743,1.238417041,0.495737476,0.07281212
88.17185186,0.165362254,1.234291137,0.498441568,0.06691254
88.17649053,0.166654788,1.231216933,0.520975662,0.067777811
88.1811292,0.172632762,1.232430435,0.538101574,0.073913375
88.18576787,0.167301056,1.229760732,0.477710201,0.070137644
88.19040654,0.164715986,1.226443828,0.499342932,0.066833878
88.19504521,0.169482208,1.226282028,0.538101574,0.070216305
88.19968388,0.17142101,1.227495529,0.501145659,0.073913375
88.20432255,0.164715986,1.223855026,0.484921111,0.067541828
88.20896122,0.16479677,1.221104423,0.504751114,0.067227184
88.21359989,0.171824927,1.222398824,0.541707029,0.073048103
88.21823856,0.16786654,1.221266223,0.475006109,0.071632204
88.22287723,0.163746585,1.216574018,0.493934749,0.066755217
88.2275159,0.167139489,1.214632416,0.524581117,0.06911505
88.23215457,0.171340227,1.216088617,0.512863388,0.074542664
88.23679324,0.164635203,1.211962713,0.475907473,0.068879066
88.24143191,0.163827369,1.208403109,0.498441568,0.067227184
88.24607058,0.169886125,1.20945481,0.540805665,0.072340154
88.25070925,0.168593591,1.20961661,0.481315656,0.072890781
88.25534792,0.162857968,1.204924405,0.48942793,0.067227184
88.25998659,0.16503912,1.203063703,0.513764752,0.068013795
88.26462526,0.171259443,1.205895206,0.528186573,0.074385342
88.26926393,0.165766171,1.203306404,0.472302018,0.070216305
88.2739026,0.162857968,1.199261399,0.495737476,0.067148523
88.27854127,0.168189673,1.199099599,0.535397483,0.07060961
88.28317994,0.169966909,1.201041201,0.494836113,0.074228019
88.28781861,0.163100318,1.197724298,0.484019747,0.06769915
88.29245728,0.163665802,1.196348996,0.504751114,0.067227184
88.29709595,0.170613176,1.199261399,0.539904302,0.073362748
88.30173462,0.166493222,1.198533299,0.475006109,0.071081577
88.30637329,0.162615618,1.195216395,0.494836113,0.066833878
88.31101196,0.166250871,1.195378195,0.528186573,0.068957727
88.31565063,0.170532393,1.198614199,0.513764752,0.074149358
88.3202893,0.163908152,1.197319797,0.48221702,0.0684071
88.32492797,0.163423452,1.197724298,0.504751114,0.066833878
88.32956664,0.169886125,1.202416503,0.549819303,0.071868187
88.33420531,0.168674374,1.206057007,0.488526566,0.072497476
88.33884398,0.163665802,1.203791804,0.498441568,0.067069862
88.34348265,0.165927738,1.203387304,0.523679754,0.067935134
88.34812132,0.171582577,1.206623307,0.533594755,0.074385342
88.35275999,0.165685387,1.206057007,0.480414292,0.070058983
88.35739866,0.164069719,1.205167106,0.502047023,0.066755217
88.36203733,0.169724558,1.208322209,0.543509757,0.070688271
88.366676,0.171017093,1.212771714,0.499342932,0.073992036
88.37131467,0.164715986,1.210344711,0.48942793,0.067856472
88.37595334,0.165362254,1.20905031,0.509257933,0.067463167
88.38059201,0.171905711,1.211234612,0.539904302,0.073756053
88.38523068,0.167947323,1.20929301,0.473203382,0.071160238
88.38986935,0.164392853,1.204600805,0.493033385,0.06691254
88.39450802,0.16835124,1.203872704,0.527285209,0.069272372
88.39914669,0.171824927,1.205409806,0.506553842,0.074306681
88.40378536,0.16503912,1.201931102,0.477710201,0.0684071
88.40842403,0.164231286,1.198452399,0.497540204,0.06691254
88.4130627,0.170290042,1.1994232,0.541707029,0.072340154
88.41770137,0.168432024,1.1998277,0.476808837,0.072576137
88.42234004,0.163261885,1.195701796,0.48942793,0.067227184
88.42697871,0.166008521,1.195620896,0.516468843,0.068092456
88.43161738,0.17166336,1.198290598,0.523679754,0.074385342
88.43625605,0.165766171,1.196834397,0.474104746,0.06911505
88.44089472,0.163504235,1.194245594,0.49663884,0.066597895
88.44553339,0.168916724,1.195701796,0.539904302,0.070845593
88.45017206,0.169886125,1.198371498,0.492132021,0.073441409
88.45481073,0.163827369,1.196106296,0.488526566,0.067384506
88.4594494,0.164877553,1.196025396,0.511060661,0.067148523
88.46408807,0.171097877,1.200394001,0.540805665,0.073598731
88.46872674,0.166816355,1.202173803,0.479512928,0.070688271
88.47336541,0.163827369,1.202173803,0.502047023,0.066519234
88.47800408,0.16835124,1.206785107,0.539904302,0.069508355
88.48264275,0.171986494,1.215036916,0.518271571,0.073992036
88.48728142,0.166493222,1.220457222,0.498441568,0.068171117
88.49192009,0.167139489,1.231783234,0.5299893,0.06691254
88.49655876,0.175783315,1.253707157,0.584972491,0.072733459
88.50119743,0.175864098,1.278705284,0.531792028,0.072340154
88.5058361,0.172390411,1.296584203,0.549819303,0.067227184
88.51047477,0.175621748,1.309770917,0.571452034,0.068721744
88.51511344,0.181599721,1.319398027,0.56333976,0.074621325
88.51975211,0.175540965,1.318912626,0.507455206,0.069587016
88.52439078,0.173440596,1.315110322,0.520975662,0.066991201
88.52902945,0.178691518,1.31308782,0.557030214,0.071553543
88.53366812,0.178933868,1.310984418,0.501145659,0.073677392
88.53830679,0.172955895,1.30305621,0.49663884,0.067620489
88.54294546,0.173763729,1.296503303,0.51556748,0.068171117
88.54758413,0.179741702,1.295532502,0.539904302,0.074306681
88.5522228,0.174571564,1.290193096,0.476808837,0.070924254
88.55686147,0.17093631,1.282912088,0.49663884,0.06691254
88.56150014,0.174571564,1.279433384,0.532693391,0.06990166
88.56613881,0.1773182,1.277491782,0.502948387,0.074464003
88.57077748,0.170451609,1.271343376,0.481315656,0.068013795
88.57541615,0.170047692,1.26616577,0.500244295,0.066991201
88.58005482,0.176510366,1.264547769,0.542608393,0.072969442
88.58469349,0.173521379,1.262039866,0.475907473,0.071946848
88.58933216,0.168674374,1.25613416,0.493033385,0.066833878
88.59397083,0.17142101,1.253221757,0.52277839,0.068879066
88.5986095,0.176268015,1.255163359,0.521877026,0.074464003
88.60324817,0.169401425,1.250632954,0.477710201,0.069193711
88.60788684,0.16786654,1.246102549,0.499342932,0.066833878
88.61252551,0.173602163,1.246426149,0.542608393,0.071396221
88.61716418,0.173440596,1.246345249,0.488526566,0.073362748
88.62180285,0.167462623,1.241653044,0.492132021,0.067384506
88.62644152,0.169159074,1.239468742,0.514666116,0.068013795
88.63108019,0.175460181,1.241491244,0.536298847,0.074070697
88.63571886,0.170047692,1.238821541,0.475907473,0.070216305
88.64035753,0.166816355,1.234129336,0.498441568,0.067148523
88.6449962,0.171017093,1.233158535,0.535397483,0.070137644
88.64963487,0.173440596,1.233967536,0.501145659,0.074228019
88.65427354,0.166654788,1.229113531,0.483118383,0.068171117
88.65891221,0.166816355,1.225149427,0.502047023,0.066991201
88.66355088,0.173279029,1.226443828,0.541707029,0.073126764
88.66818955,0.169805342,1.225311227,0.475006109,0.071868187
88.67282822,0.16528147,1.221023523,0.493033385,0.06691254
88.67746689,0.168512807,1.220457222,0.523679754,0.068879066
88.68210556,0.173279029,1.223612325,0.517370207,0.074699986
88.68674423,0.166816355,1.221428023,0.478611565,0.069193711
88.6913829,0.165604604,1.21883922,0.499342932,0.067227184
88.69602157,0.171501794,1.220942622,0.543509757,0.071868187
88.70066024,0.171017093,1.221670723,0.484921111,0.073362748
88.70529891,0.165443037,1.217868419,0.491230657,0.067305845
88.70993758,0.166977922,1.216412218,0.513764752,0.06769915
88.71457625,0.173117462,1.21859652,0.530890664,0.074306681
88.71921492,0.16762419,1.216412218,0.474104746,0.070452288
88.72385359,0.164473636,1.211800913,0.494836113,0.067069862
88.72849226,0.169159074,1.211396412,0.534496119,0.07060961
88.73313093,0.17142101,1.213257114,0.495737476,0.074070697
88.7377696,0.16479677,1.20888851,0.48221702,0.067777811
88.74240827,0.165200687,1.206461507,0.502948387,0.067148523
88.74704694,0.171582577,1.208564909,0.540805665,0.073205426
88.75168561,0.168028107,1.20969751,0.475006109,0.071632204
88.75632428,0.163827369,1.206380607,0.494836113,0.066833878
88.76096295,0.167301056,1.206461507,0.526383845,0.069036389
88.76560162,0.172148061,1.20921211,0.514666116,0.074464003
88.77024029,0.165362254,1.205490706,0.478611565,0.068879066
88.77487896,0.163908152,1.202335603,0.498441568,0.06691254
88.77951763,0.170128476,1.203387304,0.541707029,0.071868187
88.7841563,0.168916724,1.203791804,0.48221702,0.07281212
88.78879497,0.163423452,1.199585,0.48942793,0.06691254
88.79343364,0.165362254,1.198047898,0.512863388,0.06769915
88.79807231,0.171340227,1.200555801,0.527285209,0.074070697
88.80271098,0.165200687,1.198209698,0.473203382,0.06990166
88.80734965,0.162373267,1.194488294,0.494836113,0.066597895
88.81198832,0.167785756,1.194811895,0.535397483,0.070373627
88.81662699,0.169320641,1.196915297,0.493033385,0.073834714
88.82126566,0.162534834,1.193355693,0.483118383,0.067777811
88.82590433,0.163019535,1.191333191,0.502948387,0.067227184
88.830543,0.169886125,1.193598393,0.53720021,0.073441409
88.83518167,0.165846954,1.193112993,0.472302018,0.07131756
88.83982034,0.162130917,1.189229789,0.493934749,0.066676556
88.84445901,0.165766171,1.189634289,0.526383845,0.069193711
88.84909768,0.170047692,1.193598393,0.511060661,0.074542664
88.85373635,0.163100318,1.192465792,0.480414292,0.0684071
88.85837502,0.1622117,1.19036239,0.502047023,0.06691254
88.86301369,0.168835941,1.193274793,0.546213848,0.072340154
88.86765236,0.167381839,1.194811895,0.483118383,0.07281212
88.87229103,0.1622117,1.192223092,0.494836113,0.067148523
88.8769297,0.164312069,1.192627592,0.52277839,0.068564422
88.88156837,0.170613176,1.198209698,0.53720021,0.074778647
88.88620704,0.165200687,1.198371498,0.486723839,0.069980321
88.89084571,0.162696401,1.196915297,0.508356569,0.066991201
88.89548438,0.168189673,1.199261399,0.549819303,0.071160238
88.90012305,0.169724558,1.202012002,0.50384975,0.074070697
88.90476172,0.162938751,1.200717601,0.499342932,0.067541828
88.90940039,0.164231286,1.202173803,0.521877026,0.067463167
88.91403906,0.170774743,1.207998609,0.551622031,0.073756053
88.91867773,0.166574005,1.210425611,0.486723839,0.07131756
88.9233164,0.162696401,1.20953571,0.506553842,0.067148523
88.92795507,0.166977922,1.210668312,0.539904302,0.069822999
88.93259374,0.170693959,1.213823415,0.516468843,0.074621325
88.93723241,0.163908152,1.210102011,0.486723839,0.068485761
88.94187108,0.163261885,1.207189608,0.504751114,0.067069862
88.94650975,0.169805342,1.208564909,0.547115212,0.07281212
88.95114842,0.167947323,1.20880761,0.481315656,0.072890781
88.95578709,0.162857968,1.205086206,0.494836113,0.067148523
88.96042576,0.16503912,1.203225504,0.520074299,0.0684071
88.96506443,0.170613176,1.205005306,0.524581117,0.074699986
88.9697031,0.164150503,1.202740103,0.474104746,0.069744338
88.97434177,0.162292484,1.199585,0.49663884,0.066755217
88.97898044,0.168189673,1.2000704,0.538101574,0.071238899
88.98361911,0.169078291,1.201931102,0.48942793,0.073598731
88.98825778,0.162292484,1.199180499,0.486723839,0.067620489
88.99289645,0.163746585,1.1993423,0.509257933,0.067463167
88.99753512,0.170290042,1.203387304,0.53720021,0.073992036
89.00217379,0.165685387,1.203387304,0.475006109,0.070845593
89.00681246,0.1622117,1.202012002,0.497540204,0.066833878
89.01145113,0.166574005,1.203225504,0.532693391,0.069980321
89.0160898,0.170290042,1.207998609,0.506553842,0.074621325
89.02072847,0.163585019,1.206785107,0.483118383,0.068485761
89.02536714,0.162777184,1.205328906,0.502948387,0.067463167
89.03000581,0.169724558,1.207836809,0.546213848,0.073126764
89.03464448,0.167301056,1.208079509,0.479512928,0.07281212
89.03928315,0.162534834,1.204519905,0.494836113,0.067541828
89.04392182,0.165523821,1.204519905,0.524581117,0.068721744
89.04856049,0.170855526,1.207513208,0.524581117,0.074778647
89.05319916,0.164715986,1.207675008,0.48221702,0.069744338
89.05783783,0.163100318,1.210344711,0.517370207,0.067148523
89.0624765,0.169966909,1.219729121,0.573254762,0.071396221
89.06711517,0.171097877,1.228870831,0.525482481,0.07352007
89.07175384,0.16528147,1.230812433,0.524581117,0.067620489
89.07639251,0.166735572,1.231864134,0.539904302,0.067777811
89.08103118,0.172955895,1.234857437,0.558832941,0.074385342
89.08566985,0.168028107,1.233563036,0.491230657,0.070924254
89.09030852,0.165523821,1.231216933,0.511060661,0.067069862
89.09494719,0.169805342,1.232915835,0.546213848,0.070294966
89.09958586,0.172955895,1.236475439,0.513764752,0.074699986
89.10422453,0.166574005,1.234210236,0.493033385,0.068721744
89.1088632,0.165685387,1.232187734,0.511060661,0.067305845
89.11350187,0.171744144,1.233077635,0.551622031,0.073284087
89.11814054,0.168916724,1.232834935,0.483118383,0.072340154
89.12277921,0.164150503,1.229518032,0.501145659,0.067148523
89.12741788,0.167704973,1.230812433,0.53720021,0.068879066
89.13205655,0.173844513,1.239145142,0.548016576,0.074778647
89.13669522,0.167381839,1.241329444,0.506553842,0.069665677
89.14133389,0.166170088,1.238821541,0.520975662,0.067384506
89.14597256,0.172148061,1.238740641,0.557030214,0.072025509
89.15061123,0.171501794,1.23776984,0.49663884,0.073677392
89.1552499,0.166008521,1.232268634,0.495737476,0.067935134
89.15988857,0.167301056,1.22854723,0.51556748,0.068249778
89.16452724,0.173198245,1.229437131,0.534496119,0.074306681
89.16916591,0.167947323,1.225068527,0.473203382,0.070688271
89.17380458,0.164715986,1.220295422,0.494836113,0.067148523
89.17844325,0.169159074,1.21867742,0.531792028,0.070530949
89.18308192,0.17166336,1.21892012,0.497540204,0.074542664
89.18772059,0.165443037,1.213823415,0.479512928,0.068643083
89.19235926,0.164958337,1.20945481,0.500244295,0.06769915
89.19699793,0.171824927,1.210182911,0.539002938,0.073362748
89.2016366,0.16810889,1.207998609,0.471400654,0.071868187
89.20627527,0.164231286,1.204277205,0.490329294,0.067384506
89.21091394,0.167220272,1.202740103,0.520074299,0.06911505
89.21555261,0.172390411,1.204277205,0.511962024,0.074699986
89.22019128,0.165685387,1.200555801,0.472302018,0.069508355
89.22482995,0.164392853,1.196834397,0.493934749,0.067148523
89.22946862,0.170128476,1.198047898,0.538101574,0.072025509
89.23410729,0.169724558,1.198614199,0.480414292,0.073362748
89.23874596,0.163665802,1.194488294,0.488526566,0.067541828
89.24338463,0.165604604,1.192384892,0.512863388,0.068328439
89.2480233,0.171259443,1.195863596,0.530890664,0.074699986
89.25266197,0.166008521,1.195297295,0.474104746,0.070924254
89.25730064,0.162938751,1.194164694,0.497540204,0.067384506
89.26193931,0.167785756,1.196996197,0.539904302,0.071002915
89.26657798,0.170290042,1.204196305,0.507455206,0.074699986
89.27121665,0.164231286,1.208079509,0.500244295,0.068328439
89.27585532,0.16503912,1.213499815,0.524581117,0.06769915
89.28049399,0.171986494,1.221751623,0.561537032,0.074070697
89.28513266,0.168674374,1.224987627,0.493033385,0.072182832
89.28977133,0.164392853,1.223288725,0.508356569,0.067620489
89.29441,0.167704973,1.223046025,0.538101574,0.06990166
89.29904867,0.17166336,1.226120228,0.523679754,0.075171952
89.30368734,0.165523821,1.224502226,0.486723839,0.069429694
89.30832601,0.164231286,1.222317924,0.506553842,0.067541828
89.31296468,0.170451609,1.224178626,0.549819303,0.072654798
89.31760335,0.169239858,1.225473027,0.488526566,0.073598731
89.32224202,0.163988936,1.221913423,0.49663884,0.06769915
89.32688069,0.166170088,1.220861722,0.521877026,0.068721744
89.33151936,0.172228844,1.224744926,0.535397483,0.074935969
89.33615803,0.166493222,1.224664026,0.483118383,0.070373627
89.3407967,0.164150503,1.223612325,0.509257933,0.067384506
89.34543537,0.169482208,1.226767429,0.550720667,0.071002915
89.35007404,0.171501794,1.230974233,0.509257933,0.074542664
89.35471271,0.164958337,1.22854723,0.499342932,0.068249778
89.35935138,0.165685387,1.22814273,0.520074299,0.068013795
89.36399005,0.172955895,1.232187734,0.553424758,0.074149358
89.36862872,0.168755157,1.231864134,0.485822475,0.072025509
89.37326739,0.164877553,1.22790003,0.50384975,0.06769915
89.37790606,0.168189673,1.22773823,0.536298847,0.070137644
89.38254473,0.172067278,1.229922532,0.518271571,0.075250613
89.3871834,0.165443037,1.226282028,0.484921111,0.069272372
89.39182207,0.164635203,1.222884224,0.50384975,0.067541828
89.39646074,0.170855526,1.223288725,0.548016576,0.072890781
89.40109941,0.169401425,1.223288725,0.486723839,0.073677392
89.40573808,0.163908152,1.220133622,0.498441568,0.067935134
89.41037675,0.166008521,1.21843472,0.523679754,0.069036389
89.41501542,0.172390411,1.221508923,0.530890664,0.074935969
89.41965409,0.166008521,1.217868419,0.477710201,0.070530949
89.42429276,0.163665802,1.214147015,0.499342932,0.067541828
89.42893143,0.169320641,1.215036916,0.540805665,0.071946848
89.4335701,0.169966909,1.217140318,0.494836113,0.074621325
89.43820877,0.163746585,1.213985215,0.488526566,0.068643083
89.44284744,0.164473636,1.212205413,0.510159297,0.068171117
89.44748611,0.17117866,1.216331318,0.541707029,0.074542664
89.45212478,0.166897139,1.217706619,0.480414292,0.071868187
89.45676345,0.163423452,1.216816718,0.50384975,0.068013795
89.46140212,0.167301056,1.219810021,0.540805665,0.070452288
89.46604079,0.171259443,1.226039328,0.519172935,0.075250613
89.47067946,0.164150503,1.225553927,0.48942793,0.069272372
89.47531813,0.163504235,1.225553927,0.510159297,0.067856472
89.4799568,0.170290042,1.232187734,0.555227486,0.073126764
89.48459547,0.168028107,1.238902441,0.491230657,0.073126764
89.48923414,0.163181101,1.242219345,0.507455206,0.06769915
89.49387281,0.165766171,1.249014952,0.534496119,0.069193711
89.49851148,0.170855526,1.258965663,0.539904302,0.075250613
89.50315015,0.16479677,1.26584217,0.491230657,0.070137644
89.50778882,0.162534834,1.270857975,0.512863388,0.067463167
89.51242749,0.168432024,1.278300783,0.554326122,0.071789526
89.51706616,0.168835941,1.283154788,0.502047023,0.074385342
89.52170483,0.162454051,1.279756985,0.497540204,0.068013795
89.5263435,0.163423452,1.276925482,0.517370207,0.068092456
89.53098217,0.169966909,1.278947984,0.542608393,0.074464003
89.53562084,0.16503912,1.27538838,0.477710201,0.071474882
89.54025951,0.161807783,1.269159074,0.497540204,0.067305845
89.54489818,0.165846954,1.266327571,0.532693391,0.070137644
89.54953685,0.168997508,1.26568037,0.504751114,0.074699986
89.55417552,0.162130917,1.259370163,0.480414292,0.0684071
89.55881419,0.161727,1.253788057,0.499342932,0.067305845
89.56345286,0.168674374,1.253140857,0.540805665,0.073126764
89.56809153,0.166170088,1.251118354,0.475006109,0.072969442
89.5727302,0.161242299,1.245374448,0.490329294,0.067541828
89.57736887,0.164150503,1.242542945,0.520074299,0.068879066
89.58200754,0.169401425,1.242947446,0.519172935,0.074621325
89.58664621,0.163181101,1.23776984,0.473203382,0.069429694
89.59128488,0.16148465,1.232673135,0.494836113,0.067227184
89.59592355,0.167058706,1.231783234,0.538101574,0.071710865
89.60056222,0.167139489,1.232187734,0.485822475,0.073756053
89.60520089,0.161403866,1.22765733,0.486723839,0.06769915
89.60983956,0.1622117,1.224825827,0.509257933,0.06769915
89.61447823,0.169078291,1.22773823,0.535397483,0.073992036
89.6191169,0.163908152,1.22781913,0.476808837,0.070924254
89.62375557,0.161080733,1.226929229,0.502948387,0.067148523
89.62839424,0.165443037,1.230327032,0.543509757,0.070373627
89.63303291,0.168997508,1.235585538,0.512863388,0.074621325
89.63767158,0.162615618,1.234938337,0.492132021,0.068485761
89.64231025,0.162615618,1.234372037,0.511060661,0.067541828
89.64694892,0.169482208,1.239792342,0.552523395,0.073284087
89.65158759,0.166654788,1.243271046,0.487625202,0.072261493
89.65622626,0.162454051,1.246183449,0.510159297,0.067227184
89.66086493,0.166250871,1.25613416,0.548016576,0.069351033
89.6655036,0.171905711,1.273123178,0.551622031,0.074857308
89.67014227,0.166654788,1.287037993,0.517370207,0.069429694
89.67478094,0.166089305,1.301033707,0.545312484,0.067305845
89.67941961,0.173279029,1.317132824,0.59669022,0.07210417
89.68405828,0.174329213,1.329429637,0.547115212,0.073756053
89.68869695,0.168432024,1.329510538,0.541707029,0.06769915
89.69333562,0.169724558,1.327973436,0.551622031,0.068879066
89.69797429,0.175621748,1.327245335,0.561537032,0.074699986
89.70261296,0.170290042,1.321501429,0.493934749,0.070845593
89.70725163,0.16762419,1.315029422,0.511962024,0.067541828
89.7118903,0.172067278,1.31268332,0.546213848,0.071081577
89.71652897,0.174652347,1.311712519,0.509257933,0.074464003
89.72116764,0.16835124,1.304674211,0.48942793,0.068171117
89.72580631,0.168189673,1.297716804,0.506553842,0.067935134
89.73044498,0.174571564,1.294723501,0.543509757,0.073677392
89.73508365,0.17117866,1.289707695,0.475006109,0.072340154
89.73972232,0.166977922,1.281536787,0.493033385,0.067541828
89.74436099,0.170209259,1.276682782,0.523679754,0.069587016
89.74899966,0.174975481,1.27498388,0.513764752,0.07501463
89.75363833,0.168189673,1.267541072,0.475907473,0.069508355
89.758277,0.166574005,1.260664565,0.495737476,0.067856472
89.76291567,0.172713545,1.258399362,0.539002938,0.072576137
89.76755434,0.17166336,1.255567859,0.479512928,0.073834714
89.77219301,0.166008521,1.248691352,0.485822475,0.068328439
89.77683168,0.167462623,1.243756447,0.510159297,0.068643083
89.78147035,0.173925296,1.244080047,0.525482481,0.07501463
89.78610902,0.167704973,1.239306942,0.470499291,0.070766932
89.79074769,0.164958337,1.233401236,0.493033385,0.067384506
89.79538636,0.169966909,1.231945034,0.532693391,0.071002915
89.80002503,0.171501794,1.231540534,0.493033385,0.074699986
89.8046637,0.164715986,1.226120228,0.48221702,0.068171117
89.80930237,0.164958337,1.221589823,0.501145659,0.067541828
89.81394104,0.171259443,1.221670723,0.538101574,0.073598731
89.81857971,0.167301056,1.220133622,0.471400654,0.071946848
89.82321838,0.163585019,1.215926817,0.493033385,0.067305845
89.82785705,0.166574005,1.214875116,0.525482481,0.069429694
89.83249572,0.171097877,1.21867742,0.512863388,0.075329275
89.83713439,0.164231286,1.217221218,0.48221702,0.069351033
89.84177306,0.163504235,1.217463919,0.504751114,0.067777811
89.84641173,0.169562992,1.222722424,0.551622031,0.072497476
89.8510504,0.16810889,1.22822363,0.493934749,0.073284087
89.85568907,0.162777184,1.229841632,0.506553842,0.067463167
89.86032774,0.16528147,1.233320336,0.531792028,0.0684071
89.86496641,0.171501794,1.238093441,0.540805665,0.074778647
89.86960508,0.165523821,1.235990038,0.484019747,0.070294966
89.87424375,0.162857968,1.231702334,0.502047023,0.067227184
89.87888242,0.167947323,1.230812433,0.540805665,0.071396221
89.88352109,0.169401425,1.230488833,0.49663884,0.074385342
89.88815976,0.162777184,1.226443828,0.487625202,0.067935134
89.89279843,0.163504235,1.223855026,0.507455206,0.067541828
89.8974371,0.170209259,1.225553927,0.541707029,0.073913375
89.90207577,0.165443037,1.224825827,0.476808837,0.071789526
89.90671444,0.162615618,1.222641524,0.499342932,0.067305845
89.91135311,0.166816355,1.225553927,0.535397483,0.070058983
89.91599178,0.171017093,1.232754035,0.520975662,0.07501463
89.92063045,0.164473636,1.233077635,0.491230657,0.069036389
89.92526912,0.163746585,1.232349535,0.509257933,0.067777811
89.92990779,0.169805342,1.234452937,0.551622031,0.073205426
89.93454646,0.168028107,1.235504638,0.486723839,0.073441409
89.93918513,0.163181101,1.232349535,0.497540204,0.06769915
89.9438238,0.165362254,1.230407932,0.521877026,0.06911505
89.94846247,0.170613176,1.231297833,0.528186573,0.075329275
89.95310114,0.16479677,1.22838543,0.476808837,0.070373627
89.95773981,0.162938751,1.224178626,0.497540204,0.06769915
89.96237848,0.168028107,1.223046025,0.538101574,0.071632204
89.96701715,0.169078291,1.223369625,0.491230657,0.074542664
89.97165582,0.162373267,1.21883922,0.484921111,0.068249778
89.97629449,0.162938751,1.215036916,0.505652478,0.068171117
89.98093316,0.169562992,1.216169517,0.535397483,0.074149358
89.98557183,0.164635203,1.213176214,0.470499291,0.071789526
89.9902105,0.161727,1.208484009,0.491230657,0.067541828
89.99484917,0.165685387,1.206623307,0.525482481,0.070452288
89.99948784,0.169159074,1.207836809,0.502948387,0.075093291
90.00412651,0.162454051,1.203953604,0.475907473,0.068957727
90.00876518,0.16148465,1.2000704,0.495737476,0.067541828
90.01340385,0.16810889,1.201769302,0.539002938,0.073362748
90.01804252,0.165523821,1.201688402,0.473203382,0.072969442
90.02268119,0.160434465,1.197805198,0.488526566,0.067384506
90.02731986,0.163342668,1.196996197,0.516468843,0.068879066
90.03195853,0.169239858,1.1997468,0.519172935,0.075329275
90.0365972,0.162373267,1.197562498,0.471400654,0.070058983
90.04123587,0.161403866,1.195378195,0.494836113,0.067305845
90.04587454,0.166816355,1.197077097,0.53720021,0.071868187
90.05051321,0.167301056,1.199585,0.486723839,0.074306681
90.05515188,0.16148465,1.196268096,0.484921111,0.067856472
90.05979055,0.162696401,1.196753497,0.509257933,0.068013795
90.06442922,0.169239858,1.200636701,0.535397483,0.074385342
90.06906789,0.164877553,1.200960301,0.473203382,0.071238899
90.07370656,0.161161516,1.198856899,0.495737476,0.067305845
90.07834523,0.165523821,1.198775999,0.531792028,0.070373627
90.0829839,0.168755157,1.200798501,0.502047023,0.074857308
90.08762257,0.16196935,1.197481598,0.478611565,0.068721744
90.09226124,0.161161516,1.194488294,0.497540204,0.067541828
90.09689991,0.16786654,1.194892795,0.539002938,0.073284087
90.10153858,0.165200687,1.194002894,0.473203382,0.072654798
90.10617725,0.160192115,1.189391589,0.48942793,0.067620489
90.11081592,0.163181101,1.188016288,0.517370207,0.068879066
90.11545459,0.168512807,1.189715189,0.516468843,0.074935969
90.12009326,0.161807783,1.187449987,0.471400654,0.069587016
90.12473193,0.160192115,1.184052183,0.493934749,0.067384506
90.1293706,0.166331655,1.185022984,0.53720021,0.071789526
90.13400927,0.166493222,1.186317386,0.483118383,0.073677392
90.13864794,0.160192115,1.183243182,0.484921111,0.067856472
90.14328661,0.161323083,1.181544281,0.508356569,0.067935134
90.14792528,0.168028107,1.184861184,0.530890664,0.074306681
90.15256395,0.163019535,1.183324083,0.470499291,0.070766932
90.15720262,0.159626631,1.180088079,0.493033385,0.067148523
90.16184129,0.164150503,1.18081618,0.530890664,0.070294966
90.16647996,0.167462623,1.184456684,0.500244295,0.074306681
90.17111863,0.160676815,1.182757782,0.483118383,0.068249778
90.1757573,0.160676815,1.182919582,0.506553842,0.067620489
90.18039597,0.167704973,1.188097188,0.548016576,0.073362748
90.18503464,0.164877553,1.191494991,0.484921111,0.072340154
90.18967331,0.160838382,1.192061292,0.504751114,0.067305845
90.19431198,0.164150503,1.194650095,0.535397483,0.068957727
90.19895065,0.169078291,1.1997468,0.527285209,0.074778647
90.20358932,0.162696401,1.198695099,0.484019747,0.069272372
90.20822799,0.161403866,1.197238897,0.502948387,0.067227184
90.21286666,0.167785756,1.198533299,0.546213848,0.072261493
90.21750533,0.167543406,1.200474901,0.48942793,0.073598731
90.222144,0.161403866,1.197481598,0.494836113,0.067935134
90.22678267,0.162777184,1.195944496,0.517370207,0.068249778
90.23142134,0.169159074,1.198856899,0.533594755,0.074699986
90.23606001,0.163504235,1.196187196,0.475006109,0.07060961
90.24069868,0.160838382,1.191818592,0.494836113,0.067305845
90.24533735,0.165523821,1.191171391,0.533594755,0.070530949
90.24997602,0.168028107,1.192789393,0.49663884,0.074621325
90.25461469,0.161323083,1.189229789,0.481315656,0.068328439
90.25925336,0.161242299,1.186479186,0.501145659,0.06769915
90.26389203,0.168189673,1.188097188,0.539002938,0.073598731
90.2685307,0.16455442,1.187126387,0.471400654,0.072340154
90.27316937,0.160272898,1.182272381,0.48942793,0.06769915
90.27780804,0.163665802,1.18105888,0.520074299,0.069429694
90.28244671,0.16810889,1.182919582,0.509257933,0.075171952
90.28708538,0.161403866,1.178712778,0.472302018,0.069429694
90.29172405,0.160353682,1.174667773,0.492132021,0.067620489
90.29636272,0.166412438,1.175881275,0.536298847,0.072497476
90.30100139,0.165362254,1.176043075,0.476808837,0.073598731
90.30564006,0.159868981,1.17151267,0.484921111,0.067384506
90.31027873,0.161727,1.170137369,0.509257933,0.068171117
90.3149174,0.167704973,1.172726171,0.524581117,0.07501463
90.31955607,0.162130917,1.17167447,0.468696563,0.070688271
90.32419474,0.159707414,1.167872166,0.491230657,0.067384506
90.32883341,0.164473636,1.167872166,0.530890664,0.071002915
90.33347208,0.166493222,1.170299169,0.490329294,0.074778647
90.33811075,0.160111332,1.167063165,0.479512928,0.0684071
90.34274942,0.160434465,1.165283363,0.501145659,0.067856472
90.34738809,0.167381839,1.167548566,0.538101574,0.073992036
90.35202676,0.163665802,1.167953066,0.471400654,0.072261493
90.35666543,0.160111332,1.164959763,0.492132021,0.067541828
90.3613041,0.163423452,1.165526064,0.524581117,0.069665677
90.36594277,0.167947323,1.168276667,0.510159297,0.075171952
90.37058144,0.161646217,1.166254164,0.475907473,0.069272372
90.37522011,0.160515249,1.163827162,0.49663884,0.067777811
90.37985878,0.166574005,1.166011464,0.539904302,0.072497476
90.38449745,0.165604604,1.167791266,0.477710201,0.073048103
90.38913612,0.160596032,1.164717063,0.487625202,0.06769915
90.39377479,0.162454051,1.163827162,0.512863388,0.0684071
90.39841346,0.16835124,1.167548566,0.523679754,0.074699986
90.40305213,0.162534834,1.166173264,0.471400654,0.070373627
90.4076908,0.160111332,1.163422661,0.493033385,0.067069862
90.41232947,0.165362254,1.165202463,0.533594755,0.071238899
90.41696814,0.166493222,1.168195766,0.48942793,0.074464003
90.42160681,0.160434465,1.165930564,0.48221702,0.068171117
90.42624548,0.160757599,1.164959763,0.50384975,0.067620489
90.43088415,0.167947323,1.169409268,0.538101574,0.073992036
90.43552282,0.163665802,1.170865469,0.473203382,0.071789526
90.44016149,0.159465064,1.168033966,0.493934749,0.067463167
90.44480016,0.163827369,1.169247468,0.528186573,0.070058983
90.44943883,0.167704973,1.173535172,0.508356569,0.074857308
90.4540775,0.161080733,1.17159357,0.477710201,0.068957727
90.45871617,0.160353682,1.169732868,0.49663884,0.067305845
90.46335484,0.166897139,1.172645271,0.539904302,0.073126764
90.46799351,0.164958337,1.173454272,0.476808837,0.073205426
90.47263218,0.159868981,1.170380069,0.488526566,0.067777811
90.47727085,0.162130917,1.169975568,0.514666116,0.06911505
90.48190952,0.168028107,1.173130672,0.521877026,0.075250613
90.48654819,0.16196935,1.172240771,0.471400654,0.070294966
90.49118686,0.160030548,1.17118907,0.494836113,0.067541828
90.49582553,0.165362254,1.174667773,0.539002938,0.071474882
90.5004642,0.166331655,1.179198178,0.491230657,0.074306681
90.50510287,0.160272898,1.179279078,0.488526566,0.068249778
90.50974154,0.161161516,1.179602679,0.509257933,0.068171117
90.51438021,0.167947323,1.184537584,0.538101574,0.074306681
90.51901888,0.163504235,1.184699384,0.473203382,0.071553543
90.52365755,0.160111332,1.182595982,0.494836113,0.067620489
90.52829622,0.164150503,1.183647683,0.5299893,0.070137644
90.53293489,0.16762419,1.186560086,0.50384975,0.074542664
90.53757356,0.160999949,1.183728583,0.476808837,0.068879066
90.54221223,0.160596032,1.18097798,0.495737476,0.067935134
90.5468509,0.167139489,1.182838682,0.538101574,0.073205426
90.55148957,0.164635203,1.182353281,0.472302018,0.072654798
90.55612824,0.159949765,1.178146477,0.487625202,0.067384506
90.56076691,0.162292484,1.176690275,0.514666116,0.068879066
90.56540558,0.16786654,1.179521778,0.516468843,0.07501463
90.57004425,0.16196935,1.176366675,0.469597927,0.069587016
90.57468292,0.159707414,1.17191717,0.490329294,0.067227184
90.57932159,0.165846954,1.172968872,0.532693391,0.07131756
90.58396026,0.166089305,1.173454272,0.48221702,0.073834714
90.58859893,0.160515249,1.169571068,0.481315656,0.06769915
90.5932376,0.161323083,1.167305866,0.502047023,0.067856472
90.59787627,0.167704973,1.168519367,0.527285209,0.074306681
90.60251494,0.162696401,1.166820465,0.465992472,0.071081577
90.60715361,0.159545848,1.163503562,0.487625202,0.067463167
90.61179228,0.163988936,1.163503562,0.523679754,0.070373627
90.61643095,0.166977922,1.165364263,0.495737476,0.074621325
90.62106962,0.160434465,1.16253276,0.474104746,0.068564422
90.62570829,0.159949765,1.159863058,0.493033385,0.06769915
90.63034696,0.166735572,1.161561959,0.533594755,0.073362748
90.63498563,0.163908152,1.160429358,0.466893835,0.072576137
90.6396243,0.159141931,1.156060754,0.483118383,0.067541828
90.64426297,0.161727,1.154847252,0.511962024,0.069036389
90.64890164,0.167058706,1.157031555,0.510159297,0.075093291
90.65354031,0.160676815,1.154442752,0.465992472,0.069508355
90.65817898,0.15889958,1.152015749,0.488526566,0.067305845
90.66281765,0.164635203,1.153471951,0.531792028,0.07210417
90.66745632,0.164635203,1.155170853,0.477710201,0.074149358
90.67209499,0.15889958,1.151934849,0.479512928,0.067856472
90.67673366,0.160030548,1.151692149,0.502948387,0.068249778
90.68137233,0.166816355,1.156546154,0.525482481,0.074857308
90.686011,0.161403866,1.156788854,0.466893835,0.071238899
90.69064967,0.158738013,1.155089953,0.48942793,0.067227184
90.69528834,0.163585019,1.157516955,0.528186573,0.070452288
90.69992701,0.166250871,1.16229006,0.49663884,0.074542664
90.70456568,0.160030548,1.16188556,0.479512928,0.068328439
90.70920435,0.159868981,1.16204736,0.499342932,0.067856472
90.71384302,0.166977922,1.166982265,0.539904302,0.073362748
90.71848169,0.164231286,1.169247468,0.473203382,0.072261493
90.72312036,0.159868981,1.168033966,0.491230657,0.067384506
90.72775903,0.162454051,1.169490168,0.520975662,0.069193711
90.7323977,0.167543406,1.173049772,0.512863388,0.07501463
90.73703637,0.160515249,1.170460969,0.471400654,0.069665677
90.74167504,0.159465064,1.168114866,0.492132021,0.067384506
90.74631371,0.165766171,1.169651968,0.535397483,0.072182832
90.75095238,0.165200687,1.170380069,0.477710201,0.073756053
90.75559105,0.159949765,1.167467666,0.484019747,0.067620489
90.76022972,0.161323083,1.166982265,0.508356569,0.068171117
90.76486839,0.167301056,1.169894668,0.525482481,0.074699986
90.76950706,0.16196935,1.168276667,0.466893835,0.070924254
90.77414573,0.159384281,1.164474363,0.488526566,0.067463167
90.7787844,0.164392853,1.163827162,0.526383845,0.070688271
90.78342307,0.166250871,1.165040663,0.48942793,0.074621325
90.78806174,0.159949765,1.160995659,0.474104746,0.0684071
90.79270041,0.160030548,1.158002356,0.493033385,0.067541828
90.79733908,0.166574005,1.159215857,0.530890664,0.073834714
90.80197775,0.162615618,1.157840555,0.464189744,0.072025509
90.80661642,0.158495663,1.153957351,0.484019747,0.067148523
90.81125509,0.161565433,1.15242025,0.514666116,0.069429694
90.81589376,0.166412438,1.154361852,0.504751114,0.074778647
90.82053243,0.159788198,1.151934849,0.468696563,0.069272372
90.8251711,0.159061147,1.150316848,0.48942793,0.067541828
90.82980977,0.165523821,1.15233935,0.533594755,0.072654798
90.83444844,0.163585019,1.153714651,0.474104746,0.073834714
90.83908711,0.158253313,1.151125848,0.484921111,0.067777811
90.84372578,0.160353682,1.15233935,0.511060661,0.068800405
90.84836445,0.166574005,1.159215857,0.529087936,0.074935969
90.85300312,0.160757599,1.159782158,0.474104746,0.07060961
90.85764179,0.15841488,1.158568656,0.494836113,0.067384506
90.86228046,0.163181101,1.160429358,0.533594755,0.07131756
90.86691913,0.16503912,1.162856361,0.492132021,0.074699986
90.8715578,0.15889958,1.159620357,0.479512928,0.068249778
90.87619647,0.159384281,1.157678755,0.499342932,0.067777811
90.88083514,0.166250871,1.160752959,0.533594755,0.073992036
90.88547381,0.162534834,1.160914759,0.467795199,0.071946848
90.89011248,0.158738013,1.158164156,0.488526566,0.067227184
90.89475115,0.1622117,1.158245056,0.521877026,0.069822999
90.89938982,0.166574005,1.16237096,0.504751114,0.075171952
90.90402849,0.160111332,1.160510258,0.472302018,0.069587016
90.90866716,0.15889958,1.158245056,0.492132021,0.06769915
90.91330583,0.165362254,1.160591158,0.535397483,0.072890781
90.9179445,0.164150503,1.16188556,0.472302018,0.073362748
90.92258317,0.15889958,1.158245056,0.483118383,0.067777811
90.92722184,0.161323083,1.157031555,0.508356569,0.068800405
90.93186051,0.167301056,1.160267558,0.519172935,0.074778647
90.93649918,0.160434465,1.158164156,0.465992472,0.070137644
90.94113785,0.158334096,1.156222554,0.488526566,0.067305845
90.94577652,0.163827369,1.158325956,0.530890664,0.071160238
90.95041519,0.165443037,1.161319259,0.487625202,0.074228019
90.95505386,0.158818797,1.158892257,0.480414292,0.067777811
90.95969253,0.159626631,1.158487756,0.502047023,0.067777811
90.9643312,0.166412438,1.161238359,0.532693391,0.073992036
90.96896987,0.162130917,1.160833859,0.467795199,0.071632204
90.97360854,0.158334096,1.157759655,0.488526566,0.067541828
90.97824721,0.161727,1.157678755,0.52277839,0.070137644
90.98288588,0.165685387,1.160348458,0.501145659,0.07501463
90.98752455,0.158980364,1.156950655,0.473203382,0.068800405
90.99216322,0.158172529,1.154685452,0.493033385,0.067148523
90.99680189,0.16528147,1.157355155,0.535397483,0.072654798
91.00144056,0.163261885,1.158487756,0.472302018,0.073048103
91.00607923,0.158172529,1.155089953,0.484921111,0.067463167
91.0107179,0.160596032,1.154442752,0.511060661,0.068721744
91.01535657,0.166412438,1.157112455,0.51556748,0.074857308
91.01999524,0.159626631,1.155009052,0.465091108,0.070058983
91.02463391,0.158010963,1.151853949,0.487625202,0.067227184
91.02927258,0.163342668,1.15306745,0.5299893,0.071396221
91.03391125,0.163988936,1.154280952,0.481315656,0.074385342
91.03854992,0.158091746,1.150640448,0.477710201,0.068092456
91.04318859,0.15889958,1.149103346,0.500244295,0.068171117
91.04782726,0.166008521,1.152015749,0.5299893,0.074385342
91.05246593,0.161080733,1.151611249,0.466893835,0.07131756
91.0571046,0.157687829,1.149184246,0.490329294,0.067227184
91.06174327,0.162050134,1.150640448,0.526383845,0.070058983
91.06638194,0.165443037,1.153957351,0.502047023,0.074857308
91.07102061,0.158738013,1.151206748,0.475006109,0.068800405
91.07565928,0.158495663,1.148213445,0.494836113,0.067620489
91.08029795,0.164635203,1.150074147,0.535397483,0.072890781
91.08493662,0.162454051,1.149993247,0.468696563,0.072654798
91.08957529,0.157849396,1.145867343,0.484019747,0.067620489
91.09421396,0.160111332,1.144734742,0.511060661,0.069193711
91.09885263,0.165523821,1.147323544,0.511060661,0.075171952
91.1034913,0.159141931,1.145139242,0.465091108,0.069744338
91.10812997,0.157283912,1.142388639,0.487625202,0.067227184
91.11276864,0.163100318,1.14352124,0.530890664,0.071396221
91.11740731,0.163504235,1.145705543,0.479512928,0.073598731
91.12204598,0.157041562,1.141822339,0.477710201,0.067856472
91.12668465,0.158253313,1.139557136,0.501145659,0.067777811
91.13132332,0.16479677,1.142631339,0.526383845,0.074464003
91.13596199,0.159626631,1.142226839,0.465091108,0.071238899
91.14060066,0.156476078,1.138748135,0.485822475,0.067227184
91.14523933,0.160999949,1.139233536,0.52277839,0.070216305
91.149878,0.164150503,1.142065039,0.493033385,0.074699986
91.15451667,0.157445479,1.139799836,0.472302018,0.068643083
91.15915534,0.157203128,1.138343635,0.493033385,0.067463167
91.16379401,0.163908152,1.141336938,0.534496119,0.073205426
91.16843268,0.160999949,1.14279314,0.467795199,0.072576137
91.17307135,0.156476078,1.139880736,0.484921111,0.067384506
91.17771002,0.159465064,1.140770637,0.514666116,0.068879066
91.18234869,0.164473636,1.144977442,0.511962024,0.074778647
91.18698736,0.158172529,1.144168441,0.469597927,0.069665677
91.19162603,0.156556861,1.142226839,0.490329294,0.067384506
91.1962647,0.162777184,1.144977442,0.532693391,0.072025509
91.20090337,0.162777184,1.147161744,0.477710201,0.073992036
91.20554204,0.157122345,1.144653842,0.479512928,0.067777811
91.21018071,0.158738013,1.144330241,0.502948387,0.068328439
91.21481938,0.165119904,1.147728045,0.524581117,0.074778647
91.21945805,0.160192115,1.147080844,0.465091108,0.070924254
91.22409672,0.157122345,1.14360214,0.486723839,0.067148523
91.22873539,0.161888567,1.14352124,0.524581117,0.070294966
91.23337406,0.164473636,1.146029143,0.490329294,0.074621325
91.23801273,0.158091746,1.14311674,0.471400654,0.068171117
91.2426514,0.157768612,1.140285237,0.491230657,0.067305845
91.24729007,0.164715986,1.142388639,0.531792028,0.073284087
91.25192874,0.161242299,1.142550439,0.465091108,0.07210417
91.25656741,0.157041562,1.139314436,0.483118383,0.067227184
91.26120608,0.159949765,1.138909935,0.512863388,0.069036389
91.26584475,0.164312069,1.142226839,0.506553842,0.074778647
91.27048342,0.158253313,1.140366137,0.465992472,0.069351033
91.27512209,0.156799211,1.138586335,0.488526566,0.067227184
91.27976076,0.162857968,1.141256038,0.532693391,0.072261493
91.28439943,0.162373267,1.143925741,0.476808837,0.07352007
91.2890381,0.156718428,1.141903239,0.484019747,0.067463167
91.29367677,0.158818797,1.14344034,0.509257933,0.068092456
91.29831544,0.16528147,1.149588747,0.528186573,0.074464003
91.30295411,0.159868981,1.151044948,0.471400654,0.070373627
91.30759278,0.157849396,1.150074147,0.493934749,0.066755217
91.31223145,0.162534834,1.15290565,0.531792028,0.070452288
91.31687012,0.164715986,1.156222554,0.493033385,0.074149358
91.32150879,0.158253313,1.153391051,0.477710201,0.068092456
91.32614746,0.158576447,1.151692149,0.49663884,0.067541828
91.33078613,0.165119904,1.154685452,0.533594755,0.073284087
91.3354248,0.161646217,1.154038251,0.466893835,0.071632204
91.34006347,0.157364695,1.150074147,0.485822475,0.06691254
91.34470214,0.160353682,1.149103346,0.517370207,0.06911505
91.34934081,0.16503912,1.15233935,0.505652478,0.074464003
91.35397948,0.158818797,1.149912347,0.469597927,0.068643083
91.35861815,0.157122345,1.146838144,0.48942793,0.066991201
91.36325682,0.163019535,1.148213445,0.533594755,0.072261493
91.36789549,0.16196935,1.149103346,0.473203382,0.073126764
91.37253416,0.157283912,1.145867343,0.48221702,0.067069862
91.37717283,0.15889958,1.144653842,0.507455206,0.068092456
91.3818115,0.165119904,1.148375245,0.520975662,0.074464003
91.38645017,0.159303497,1.147728045,0.466893835,0.070058983
91.39108884,0.157203128,1.145948243,0.48942793,0.066991201
91.39572751,0.162050134,1.147242644,0.529087936,0.070688271
91.40036618,0.164150503,1.149750547,0.488526566,0.073992036
91.40500485,0.157687829,1.146999944,0.477710201,0.068013795
91.40964352,0.158010963,1.145705543,0.498441568,0.067384506
91.41428219,0.16479677,1.148132545,0.532693391,0.073598731
91.41892086,0.160999949,1.148294345,0.466893835,0.071474882
91.42355953,0.157041562,1.144572941,0.487625202,0.067227184
91.4281982,0.160838382,1.144330241,0.519172935,0.069429694
91.43283687,0.16503912,1.146433643,0.50384975,0.074699986
91.43747554,0.158495663,1.143763941,0.471400654,0.068879066
91.44211421,0.157607046,1.141822339,0.492132021,0.067227184
91.44675288,0.164150503,1.144653842,0.538101574,0.072340154
91.45139155,0.162292484,1.146757244,0.476808837,0.073126764
91.45603022,0.157283912,1.143844841,0.488526566,0.067463167
91.46066889,0.159626631,1.14327854,0.514666116,0.068328439
91.46530756,0.165362254,1.147808945,0.52277839,0.074699986
91.46994623,0.159545848,1.146919044,0.469597927,0.070373627
91.4745849,0.157122345,1.143844841,0.491230657,0.067384506
91.47922357,0.162615618,1.145220142,0.532693391,0.071160238
91.48386224,0.163423452,1.146676344,0.485822475,0.073913375
91.48850091,0.157283912,1.143763941,0.478611565,0.068092456
91.49313958,0.158253313,1.142145939,0.498441568,0.068013795
91.49777825,0.164958337,1.144734742,0.5299893,0.073913375
91.50241692,0.160515249,1.144653842,0.465091108,0.071789526
91.50705559,0.156879995,1.141660538,0.484921111,0.067541828
91.51169426,0.161161516,1.141013338,0.518271571,0.070216305
91.51633293,0.164958337,1.14319764,0.498441568,0.075250613
91.5209716,0.15841488,1.140770637,0.470499291,0.068721744
91.52561027,0.157283912,1.138748135,0.48942793,0.067227184
91.53024894,0.163988936,1.141579638,0.532693391,0.072969442
91.53488761,0.162050134,1.142550439,0.467795199,0.072969442
91.53952628,0.156799211,1.138586335,0.48221702,0.067856472
91.54416495,0.159465064,1.138100935,0.508356569,0.069036389
91.54880362,0.165443037,1.141498738,0.514666116,0.075093291
91.55344229,0.159141931,1.140527937,0.465992472,0.070216305
91.55808096,0.156799211,1.138667235,0.48942793,0.067777811
91.56271963,0.163019535,1.141498738,0.531792028,0.071553543
91.5673583,0.163908152,1.144572941,0.483118383,0.074070697
91.57199697,0.157283912,1.141903239,0.478611565,0.067935134
91.57663564,0.158334096,1.140447037,0.499342932,0.068013795
91.58127431,0.16479677,1.14287404,0.527285209,0.074542664
91.58591298,0.160434465,1.142631339,0.46328838,0.071632204
91.59055165,0.157203128,1.139961637,0.484019747,0.067856472
91.59519032,0.16148465,1.139799836,0.520975662,0.070137644
91.59982899,0.164958337,1.14287404,0.494836113,0.074464003
91.60446766,0.158010963,1.140851537,0.470499291,0.068564422
91.60910633,0.157768612,1.138586335,0.490329294,0.067305845
91.613745,0.16455442,1.140608837,0.532693391,0.073048103
91.61838367,0.161807783,1.141498738,0.466893835,0.072654798
91.62302234,0.157283912,1.137939134,0.481315656,0.067541828
91.62766101,0.160192115,1.137291934,0.510159297,0.068879066
91.63229968,0.16528147,1.139638036,0.511962024,0.074778647
91.63693835,0.158738013,1.137777334,0.465992472,0.069744338
91.64157702,0.156718428,1.134945831,0.488526566,0.067305845
91.64621569,0.162373267,1.136402033,0.531792028,0.071632204
91.65085436,0.162615618,1.138343635,0.480414292,0.073992036
91.65549303,0.156637645,1.137372834,0.479512928,0.067935134
91.6601317,0.158010963,1.136725633,0.501145659,0.067935134
91.66477037,0.164635203,1.140042537,0.525482481,0.074464003
91.66940904,0.159545848,1.139638036,0.465091108,0.070924254
91.67404771,0.156637645,1.137130134,0.487625202,0.067148523
91.67868638,0.160757599,1.136806533,0.523679754,0.070373627
91.68332505,0.163988936,1.139799836,0.492132021,0.074857308
91.68796372,0.157607046,1.136887433,0.471400654,0.068564422
91.69260239,0.157364695,1.134703131,0.491230657,0.067541828
91.69724106,0.164150503,1.137453734,0.532693391,0.073362748
91.70187973,0.161323083,1.138343635,0.465992472,0.072261493
91.7065184,0.156395294,1.135512132,0.484921111,0.067148523
91.71115707,0.159626631,1.136240233,0.513764752,0.068957727
91.71579574,0.165200687,1.139961637,0.511060661,0.074857308
91.72043441,0.15865723,1.138424535,0.467795199,0.069508355
91.72507308,0.157203128,1.137211034,0.48942793,0.067384506
91.72971175,0.163342668,1.139961637,0.533594755,0.071632204
91.73435042,0.162938751,1.141660538,0.477710201,0.073441409
91.73898909,0.157283912,1.138829035,0.481315656,0.067384506
91.74362776,0.158010963,1.137291934,0.50384975,0.068013795
91.74826643,0.164473636,1.140770637,0.525482481,0.074621325
91.7529051,0.159222714,1.140204337,0.465992472,0.070845593
91.75754377,0.156476078,1.137615534,0.488526566,0.067384506
91.76218244,0.161161516,1.138667235,0.525482481,0.07060961
91.76682111,0.163908152,1.141175138,0.491230657,0.074857308
91.77145978,0.157526262,1.138181835,0.473203382,0.068643083
91.77609845,0.157364695,1.136321133,0.493033385,0.067620489
91.78073712,0.164150503,1.139071736,0.532693391,0.07352007
91.78537579,0.160919166,1.139395336,0.465992472,0.07210417
91.79001446,0.156960778,1.135916632,0.484921111,0.067305845
91.79465313,0.160353682,1.136482933,0.514666116,0.06911505
91.7992918,0.164877553,1.138990836,0.508356569,0.07501463
91.80393047,0.158495663,1.136402033,0.467795199,0.069351033
91.80856914,0.156960778,1.134298631,0.488526566,0.067148523
91.81320781,0.163261885,1.135997532,0.532693391,0.072261493
91.81784648,0.162454051,1.137858234,0.474104746,0.073284087
91.82248515,0.156879995,1.134460431,0.480414292,0.067384506
91.82712382,0.158172529,1.132599729,0.50384975,0.068249778
91.83176249,0.164392853,1.136240233,0.521877026,0.074542664
91.83640116,0.15865723,1.135835732,0.465091108,0.070452288
91.84103983,0.155910594,1.132761529,0.487625202,0.06691254
91.8456785,0.161080733,1.13357053,0.526383845,0.070373627
91.85031717,0.163181101,1.135673932,0.488526566,0.073992036
91.85495584,0.156476078,1.133085129,0.475907473,0.068092456
91.85959451,0.156637645,1.131386227,0.49663884,0.067777811
91.86423318,0.164150503,1.135754832,0.534496119,0.073598731
91.86887185,0.160111332,1.136240233,0.467795199,0.071789526
91.87351052,0.156556861,1.13381323,0.487625202,0.067148523
91.87814919,0.159868981,1.135269432,0.519172935,0.069351033
91.88278786,0.164150503,1.139638036,0.509257933,0.074699986
91.88742653,0.157930179,1.139233536,0.473203382,0.069193711
91.8920652,0.156879995,1.138667235,0.494836113,0.067384506
91.89670387,0.163100318,1.14335944,0.539002938,0.072497476
91.90134254,0.16196935,1.148132545,0.481315656,0.07352007
91.90598121,0.156718428,1.148294345,0.493033385,0.067384506
91.91061988,0.15865723,1.151611249,0.519172935,0.068092456
91.91525855,0.164312069,1.159539457,0.535397483,0.074385342
91.91989722,0.15889958,1.164717063,0.486723839,0.070137644
91.92453589,0.157364695,1.176447575,0.523679754,0.067227184
91.92917456,0.164150503,1.1994232,0.583169763,0.070924254
91.93381323,0.167301056,1.228870831,0.557030214,0.074306681
91.9384519,0.161888567,1.249014952,0.551622031,0.067856472
91.94309057,0.162857968,1.263172467,0.564241124,0.067148523
91.94772924,0.169562992,1.273932179,0.588577946,0.073834714
91.95236791,0.165362254,1.278300783,0.514666116,0.071553543
91.95700658,0.161888567,1.278462583,0.5299893,0.06691254
91.96164525,0.165523821,1.281941287,0.558832941,0.069429694
91.96628392,0.169643775,1.289141395,0.541707029,0.074542664
91.97092259,0.162534834,1.293429099,0.512863388,0.068643083
91.97556126,0.1622117,1.300952807,0.53720021,0.067148523
91.98019993,0.168270457,1.316890124,0.590380673,0.072182832
91.9848386,0.168028107,1.337115146,0.536298847,0.072654798
91.98947727,0.162857968,1.356773866,0.558832941,0.067463167
91.99411594,0.164958337,1.385493397,0.598492948,0.068249778
91.99875461,0.171259443,1.420280434,0.614717496,0.074857308
92.00339328,0.165927738,1.457575373,0.573254762,0.06990166
92.00803195,0.164635203,1.500533319,0.615618859,0.06691254
92.01267062,0.171017093,1.566385989,0.70395251,0.070845593
92.01730929,0.173602163,1.689111419,0.754428882,0.073913375
92.02194796,0.168674374,1.886750329,0.887830721,0.067620489
92.02658663,0.173682946,2.149352007,1.039259837,0.06769915
92.0312253,0.181922855,2.438731614,1.177168495,0.073913375
92.03586397,0.179580136,2.663310252,1.095144391,0.071474882
92.04050264,0.176268015,2.78409408,1.008613468,0.066991201
92.04514131,0.180711103,2.823977823,0.937405729,0.069744338
92.04977998,0.184831058,2.818800217,0.824735257,0.074857308
92.05441865,0.178206817,2.782637879,0.718374331,0.068643083
92.05905732,0.178368384,2.735149528,0.680517052,0.067227184
92.06369599,0.184911841,2.686609477,0.684122507,0.07281212
92.06833466,0.183861657,2.632325519,0.584972491,0.072576137
92.07297333,0.178610735,2.573187557,0.57055067,0.067541828
92.077612,0.181115021,2.515991196,0.577761581,0.068800405
92.08225067,0.18676986,2.463729741,0.566043851,0.075329275
92.08688934,0.180953454,2.408636782,0.504751114,0.06990166
92.09152801,0.178772301,2.354110124,0.518271571,0.067227184
92.09616668,0.183861657,2.305812773,0.553424758,0.07131756
92.10080535,0.184265574,2.260266025,0.499342932,0.074070697
92.10544402,0.178126034,2.210674272,0.491230657,0.067777811
92.11008269,0.178206817,2.164318523,0.510159297,0.06769915
92.11472136,0.183780873,2.124515681,0.535397483,0.074070697
92.11936003,0.178529951,2.083580237,0.469597927,0.07131756
92.1239987,0.174652347,2.041593093,0.488526566,0.067305845
92.12863737,0.177883684,2.004217253,0.523679754,0.070058983
92.13327604,0.180711103,1.970481917,0.498441568,0.074621325
92.13791471,0.173440596,1.932944278,0.472302018,0.068485761
92.14255338,0.172551978,1.89751004,0.493033385,0.067069862
92.14719205,0.178691518,1.868709609,0.535397483,0.072654798
92.15183072,0.176833499,1.839504678,0.468696563,0.072182832
92.15646939,0.170855526,1.806821044,0.483118383,0.066991201
92.16110806,0.172632762,1.778182413,0.511060661,0.068721744
92.16574673,0.178045251,1.755206789,0.511962024,0.074621325
92.1703854,0.17093631,1.72753896,0.465091108,0.069351033
92.17502407,0.168512807,1.700356531,0.486723839,0.067069862
92.17966274,0.173198245,1.678513508,0.5299893,0.071474882
92.18430141,0.172955895,1.658369386,0.477710201,0.07352007
92.18894008,0.166735572,1.634099361,0.477710201,0.067541828
92.19357875,0.167058706,1.611932737,0.500244295,0.067856472
92.19821742,0.173602163,1.595267319,0.524581117,0.074306681
92.20285609,0.167785756,1.575204098,0.46328838,0.071002915
92.20749476,0.164069719,1.554331876,0.484921111,0.067463167
92.21213343,0.168270457,1.538151859,0.521877026,0.070452288
92.2167721,0.17093631,1.524722445,0.493033385,0.074621325
92.22141077,0.163908152,1.505791825,0.471400654,0.0684071
92.22604944,0.163746585,1.488317406,0.491230657,0.067384506
92.23068811,0.170047692,1.476748694,0.532693391,0.073362748
92.23532678,0.166654788,1.464937281,0.466893835,0.072261493
92.23996545,0.1622117,1.448999964,0.484019747,0.067384506
92.24460412,0.16479677,1.43573235,0.512863388,0.068643083
92.24924279,0.169482208,1.427318741,0.509257933,0.074699986
92.25388146,0.162857968,1.413889327,0.465992472,0.069429694
92.25852013,0.16148465,1.400379013,0.488526566,0.067148523
92.2631588,0.167462623,1.390913703,0.530890664,0.071789526
92.26779747,0.167139489,1.382095593,0.475006109,0.073362748
92.27243614,0.160676815,1.368342579,0.478611565,0.067541828
92.27707481,0.16196935,1.357906468,0.501145659,0.068092456
92.28171348,0.168189673,1.351838961,0.521877026,0.074464003
92.28635215,0.162857968,1.342050051,0.46328838,0.070688271
92.29099082,0.159788198,1.330562239,0.484921111,0.067069862
92.29562949,0.163988936,1.32279583,0.52277839,0.070137644
92.30026816,0.166331655,1.317941825,0.488526566,0.074778647
92.30490683,0.160192115,1.307586614,0.471400654,0.068485761
92.3095455,0.159788198,1.299011205,0.492132021,0.067463167
92.31418417,0.166412438,1.295694302,0.530890664,0.073362748
92.31882284,0.163100318,1.290112196,0.465091108,0.072261493
92.32346151,0.158818797,1.280646886,0.48221702,0.067384506
92.32810018,0.161807783,1.274417579,0.511962024,0.068957727
92.33273885,0.166331655,1.272718677,0.50384975,0.074542664
92.33737752,0.159707414,1.26543767,0.464189744,0.069036389
92.34201619,0.158334096,1.257994862,0.485822475,0.067148523
92.34665486,0.16479677,1.255001559,0.5299893,0.072182832
92.35129353,0.164150503,1.251280155,0.472302018,0.073126764
92.3559322,0.15841488,1.243432846,0.477710201,0.06769915
92.36057087,0.160111332,1.238255241,0.501145659,0.068328439
92.36520954,0.165927738,1.236799039,0.517370207,0.074542664
92.36984821,0.160515249,1.230812433,0.460584289,0.070530949
92.37448688,0.157930179,1.223369625,0.48221702,0.066991201
92.37912555,0.162373267,1.220295422,0.520975662,0.070688271
92.38376422,0.164231286,1.21883922,0.484019747,0.074385342
92.38840289,0.157364695,1.211881813,0.470499291,0.068013795
92.39304156,0.157687829,1.206946908,0.490329294,0.067305845
92.39768023,0.164635203,1.206704207,0.528186573,0.073362748
92.4023189,0.160838382,1.202659203,0.461485653,0.071632204
92.40695757,0.156960778,1.196510797,0.479512928,0.067148523
92.41159624,0.160515249,1.193112993,0.511060661,0.06911505
92.41623491,0.16528147,1.193679294,0.499342932,0.074778647
92.42087358,0.158576447,1.187611787,0.464189744,0.068800405
92.42551225,0.157364695,1.183081382,0.484921111,0.067227184
92.43015092,0.164231286,1.182110581,0.529087936,0.072261493
92.43478959,0.162777184,1.18065438,0.467795199,0.073362748
92.43942826,0.157526262,1.175153174,0.477710201,0.067384506
92.44406693,0.159222714,1.17175537,0.502948387,0.068328439
92.4487056,0.165200687,1.172321671,0.516468843,0.074699986
92.45334427,0.159788198,1.168762067,0.461485653,0.070216305
92.45798294,0.157768612,1.164555263,0.484921111,0.066991201
92.46262161,0.163746585,1.163988962,0.525482481,0.070766932
92.46726028,0.166412438,1.165202463,0.484921111,0.073913375
92.47189895,0.161242299,1.160995659,0.475006109,0.067777811
92.47653762,0.162130917,1.157112455,0.497540204,0.067463167
92.48117629,0.168755157,1.157516955,0.5299893,0.073598731
92.48581496,0.164392853,1.155575353,0.46328838,0.071474882
92.49045363,0.160434465,1.150964048,0.481315656,0.067384506
92.4950923,0.164069719,1.149993247,0.514666116,0.069587016
92.49973097,0.167543406,1.151530349,0.49663884,0.074857308
92.50436964,0.160757599,1.147485345,0.465091108,0.068957727
92.50900831,0.160353682,1.144411141,0.485822475,0.067069862
92.51364698,0.166897139,1.145867343,0.530890664,0.072576137
92.51828565,0.165200687,1.146999944,0.468696563,0.072969442
92.52292432,0.159626631,1.14368304,0.480414292,0.067541828
92.52756299,0.162373267,1.14360214,0.508356569,0.068328439
92.53220166,0.168593591,1.148213445,0.519172935,0.074464003
92.53684033,0.163181101,1.148051645,0.469597927,0.070137644
92.541479,0.161565433,1.146190943,0.492132021,0.067384506
92.54611767,0.167543406,1.149022446,0.534496119,0.071160238
92.55075634,0.169078291,1.15274385,0.488526566,0.074149358
92.55539501,0.162857968,1.150802248,0.481315656,0.06769915
92.56003368,0.163746585,1.150397748,0.502047023,0.067227184
92.56467235,0.170209259,1.153957351,0.531792028,0.07352007
92.56931102,0.165362254,1.151934849,0.465091108,0.071160238
92.57394969,0.161646217,1.148537046,0.486723839,0.066676556
92.57858836,0.165523821,1.148051645,0.519172935,0.069587016
92.58322703,0.169078291,1.150640448,0.49663884,0.074699986
92.5878657,0.16196935,1.147323544,0.467795199,0.068721744
92.59250437,0.161323083,1.144653842,0.488526566,0.067148523
92.59714304,0.16786654,1.147485345,0.533594755,0.072497476
92.60178171,0.165927738,1.149346046,0.471400654,0.072261493
92.60642038,0.160838382,1.148294345,0.486723839,0.066991201
92.61105905,0.163181101,1.149346046,0.514666116,0.068328439
92.61569772,0.169159074,1.153391051,0.520074299,0.074464003
92.62033639,0.162777184,1.152096649,0.469597927,0.069822999
92.62497506,0.160515249,1.149993247,0.491230657,0.06691254
92.62961373,0.166170088,1.151853949,0.532693391,0.071160238
92.6342524,0.166654788,1.153795551,0.484019747,0.073362748
92.63889107,0.160596032,1.151611249,0.481315656,0.067384506
92.64352974,0.161403866,1.151125848,0.502047023,0.067463167
92.64816841,0.167947323,1.153633751,0.528186573,0.073756053
92.65280708,0.162777184,1.15242025,0.464189744,0.070688271
92.65744575,0.159465064,1.148698846,0.484921111,0.066755217
92.66208442,0.163504235,1.148294345,0.520975662,0.069587016
92.66672309,0.166897139,1.150883148,0.494836113,0.074306681
92.67136176,0.159949765,1.148051645,0.469597927,0.0684071
92.67600043,0.159545848,1.145139242,0.48942793,0.067227184
92.6806391,0.165766171,1.146271843,0.531792028,0.072890781
92.68527777,0.163019535,1.144896542,0.465992472,0.072340154
92.68991644,0.158172529,1.141175138,0.481315656,0.066991201
92.69455511,0.160838382,1.140770637,0.510159297,0.068721744
92.69919378,0.166412438,1.14319764,0.511060661,0.074621325
92.70383245,0.159626631,1.140527937,0.465992472,0.069587016
92.70847112,0.157607046,1.138020034,0.486723839,0.067069862
92.71310979,0.163261885,1.139557136,0.530890664,0.071710865
92.71774846,0.163665802,1.141741438,0.478611565,0.073913375
92.72238713,0.157687829,1.138667235,0.478611565,0.067541828
92.7270258,0.158576447,1.136240233,0.501145659,0.067935134
92.73166447,0.164958337,1.139557136,0.524581117,0.074149358
92.73630314,0.159868981,1.138748135,0.46328838,0.070688271
92.74094181,0.156960778,1.135754832,0.484921111,0.067148523
92.74558048,0.161646217,1.136806533,0.520975662,0.070688271
92.75021915,0.164715986,1.139152636,0.492132021,0.074857308
92.75485782,0.157849396,1.136725633,0.469597927,0.068249778
92.75949649,0.157768612,1.134298631,0.488526566,0.067305845
92.76413516,0.16455442,1.135997532,0.5299893,0.07281212
92.76877383,0.161646217,1.136725633,0.462387016,0.072025509
92.7734125,0.157041562,1.132357028,0.479512928,0.067069862
92.77805117,0.159465064,1.131548028,0.508356569,0.069036389
92.78268984,0.16503912,1.135673932,0.505652478,0.074699986
92.78732851,0.15865723,1.133246929,0.462387016,0.069193711
92.79196718,0.157041562,1.130819927,0.484921111,0.067069862
92.79660585,0.162777184,1.132842429,0.528186573,0.071789526
92.80124452,0.162777184,1.135188531,0.474104746,0.073441409
92.80588319,0.157122345,1.131709828,0.477710201,0.067541828
92.81052186,0.158253313,1.131143527,0.501145659,0.067856472
92.81516053,0.16479677,1.135431232,0.521877026,0.074385342
92.8197992,0.159545848,1.134784031,0.46328838,0.07060961
92.82443787,0.156476078,1.131548028,0.484921111,0.067069862
92.82907654,0.160999949,1.132195228,0.521877026,0.070216305
92.83371521,0.163665802,1.13373233,0.486723839,0.074306681
92.83835388,0.156799211,1.130415426,0.466893835,0.068328439
92.84299255,0.157041562,1.128069324,0.487625202,0.067305845
92.84763122,0.164150503,1.129444625,0.527285209,0.073126764
92.85226989,0.160515249,1.128797425,0.460584289,0.071789526
92.85690856,0.156072161,1.125399621,0.478611565,0.066755217
92.86154723,0.159061147,1.12442882,0.509257933,0.069036389
92.8661859,0.163908152,1.127422123,0.501145659,0.074621325
92.87082457,0.157122345,1.124995121,0.461485653,0.06911505
92.87546324,0.15582981,1.122163618,0.483118383,0.066833878
92.88010191,0.162050134,1.12450972,0.528186573,0.072025509
92.88474058,0.161323083,1.126127722,0.471400654,0.073441409
92.88937925,0.155749027,1.123215319,0.476808837,0.067463167
92.89401792,0.157283912,1.123134419,0.501145659,0.068171117
92.89865659,0.163504235,1.127098523,0.520074299,0.074464003
92.90329526,0.158172529,1.126532222,0.46328838,0.070216305
92.90793393,0.155910594,1.12475242,0.486723839,0.067148523
92.9125726,0.160757599,1.126694022,0.525482481,0.070688271
92.91721127,0.162857968,1.130900827,0.488526566,0.074149358
92.92184994,0.156395294,1.128716525,0.473203382,0.067935134
92.92648861,0.156556861,1.128231124,0.493934749,0.067227184
92.93112728,0.162857968,1.131790728,0.531792028,0.07352007
92.93576595,0.159303497,1.13348963,0.465992472,0.071710865
92.94040462,0.15558746,1.133004229,0.485822475,0.066991201
92.94504329,0.158818797,1.135997532,0.519172935,0.069036389
92.94968196,0.163261885,1.143925741,0.510159297,0.074621325
92.95432063,0.157203128,1.149265146,0.479512928,0.068879066
92.9589593,0.156072161,1.15242025,0.501145659,0.067148523
92.96359797,0.162373267,1.160833859,0.547115212,0.072025509
92.96823664,0.161565433,1.167710366,0.488526566,0.073441409
92.97287531,0.156233727,1.168762067,0.497540204,0.067541828
92.97751398,0.158091746,1.170541869,0.520074299,0.068328439
92.98215265,0.163988936,1.174344173,0.530890664,0.074778647
92.98679132,0.158334096,1.172887971,0.474104746,0.070452288
92.99142999,0.15558746,1.170541869,0.495737476,0.067227184
92.99606866,0.161403866,1.173292472,0.538101574,0.070924254
93.00070733,0.163100318,1.177256576,0.498441568,0.074149358
93.005346,0.157203128,1.176043075,0.487625202,0.067777811
93.00998467,0.157283912,1.175153174,0.509257933,0.067620489
93.01462334,0.164392853,1.177256576,0.540805665,0.073913375
93.01926201,0.160353682,1.176447575,0.472302018,0.071632204
93.02390068,0.156476078,1.172402571,0.48942793,0.067305845
93.02853935,0.160272898,1.170622769,0.520975662,0.069744338
93.03317802,0.16455442,1.172564371,0.502948387,0.075171952
93.03781669,0.157526262,1.167872166,0.468696563,0.068721744
93.04245536,0.156799211,1.163746262,0.488526566,0.067305845
93.04709403,0.163181101,1.164231662,0.531792028,0.072182832
93.0517327,0.16196935,1.163665362,0.468696563,0.07281212
93.05637137,0.156476078,1.159458557,0.479512928,0.066991201
93.06101004,0.158980364,1.157112455,0.50384975,0.068643083
93.06564871,0.164312069,1.159377657,0.514666116,0.074542664
93.07028738,0.15889958,1.157597855,0.461485653,0.06990166
93.07492605,0.156152944,1.154038251,0.484019747,0.06691254
93.07956472,0.161323083,1.155009052,0.526383845,0.070924254
93.08420339,0.162777184,1.158164156,0.483118383,0.074149358
93.08884206,0.156879995,1.156950655,0.479512928,0.067777811
93.09348073,0.157526262,1.158730456,0.50384975,0.06769915
93.0981194,0.164392853,1.165768764,0.536298847,0.074070697
93.10275807,0.160515249,1.169732868,0.474104746,0.071632204
93.10739674,0.157283912,1.172078971,0.49663884,0.067305845
93.11203541,0.161403866,1.176609375,0.5299893,0.06990166
93.11667408,0.165200687,1.181948781,0.507455206,0.074857308
93.12131275,0.15865723,1.180168979,0.477710201,0.068879066
93.12595142,0.157687829,1.177984677,0.49663884,0.067463167
93.13059009,0.164231286,1.179521778,0.538101574,0.072654798
93.13522876,0.162130917,1.178955478,0.472302018,0.072654798
93.13986743,0.157364695,1.174505973,0.483118383,0.067148523
93.1445061,0.159788198,1.172564371,0.509257933,0.0684071
93.14914477,0.165523821,1.174182373,0.514666116,0.074464003
93.15378344,0.159303497,1.170703669,0.465091108,0.069429694
93.15842211,0.157122345,1.166982265,0.486723839,0.06691254
93.16306078,0.162373267,1.167224965,0.529087936,0.070924254
93.16769945,0.163342668,1.168033966,0.481315656,0.073598731
93.17233812,0.157364695,1.163827162,0.477710201,0.067541828
93.17697679,0.158253313,1.16188556,0.498441568,0.067463167
93.18161546,0.164877553,1.163988962,0.527285209,0.073913375
93.18625413,0.159949765,1.16220916,0.464189744,0.070766932
93.1908928,0.156637645,1.158973157,0.486723839,0.066755217
93.19553147,0.160838382,1.159134957,0.521877026,0.069587016
93.20017014,0.164231286,1.16237096,0.49663884,0.074306681
93.20480881,0.157930179,1.160429358,0.472302018,0.067935134
93.20944748,0.157768612,1.159054057,0.493934749,0.066991201
93.21408615,0.164312069,1.16196646,0.53720021,0.072497476
93.21872482,0.161403866,1.162856361,0.471400654,0.072182832
93.22336349,0.156879995,1.160510258,0.487625202,0.066991201
93.22800216,0.159788198,1.160591158,0.513764752,0.068721744
93.23264083,0.16503912,1.164312562,0.51556748,0.074699986
93.2372795,0.159303497,1.162856361,0.469597927,0.069429694
93.24191817,0.157364695,1.160995659,0.490329294,0.06691254
93.24655684,0.163100318,1.16220916,0.532693391,0.071160238
93.25119551,0.163585019,1.164312562,0.480414292,0.073441409
93.25583418,0.157526262,1.16172376,0.481315656,0.067305845
93.26047285,0.15865723,1.161076559,0.502948387,0.067856472
93.26511152,0.165846954,1.163827162,0.527285209,0.074542664
93.26975019,0.160353682,1.16237096,0.465992472,0.070924254
93.27438886,0.157445479,1.159458557,0.486723839,0.067069862
93.27902753,0.162050134,1.160267558,0.523679754,0.070294966
93.2836662,0.164715986,1.163584462,0.495737476,0.074306681
93.28830487,0.15841488,1.161400159,0.475907473,0.068249778
93.29294354,0.157930179,1.160024858,0.49663884,0.067384506
93.29758221,0.164715986,1.163746262,0.539002938,0.073205426
93.30222088,0.161888567,1.165930564,0.472302018,0.072497476
93.30685955,0.157283912,1.163018161,0.488526566,0.067227184
93.31149822,0.160515249,1.163746262,0.516468843,0.068879066
93.31613689,0.165766171,1.169328368,0.51556748,0.074857308
93.32077556,0.159707414,1.168923867,0.473203382,0.069429694
93.32541423,0.157768612,1.167467666,0.493934749,0.067148523
93.3300529,0.163665802,1.169975568,0.538101574,0.071946848
93.33469157,0.163827369,1.173454272,0.486723839,0.073756053
93.33933024,0.158091746,1.170784569,0.488526566,0.067620489
93.34396891,0.159303497,1.170541869,0.511060661,0.068249778
93.34860758,0.165766171,1.175234074,0.533594755,0.074542664
93.35324625,0.161161516,1.176771176,0.475006109,0.070688271
93.35788492,0.158091746,1.176609375,0.498441568,0.067148523
93.36252359,0.162938751,1.178389177,0.536298847,0.070530949
93.36716226,0.165766171,1.181786981,0.502948387,0.074542664
93.37180093,0.15889958,1.180249879,0.484019747,0.0684071
93.3764396,0.15889958,1.180411679,0.50384975,0.067620489
93.38107827,0.165685387,1.183890383,0.542608393,0.07352007
93.38571694,0.1622117,1.184213983,0.474104746,0.072576137
93.39035561,0.158172529,1.18113978,0.492132021,0.067541828
93.39499428,0.161403866,1.18130158,0.520975662,0.069429694
93.39963295,0.166493222,1.185589285,0.514666116,0.074778647
93.40427162,0.159868981,1.184133083,0.475907473,0.069429694
93.40891029,0.159061147,1.182757782,0.497540204,0.067541828
93.41354896,0.16503912,1.185751085,0.541707029,0.072340154
93.41818763,0.16455442,1.187854487,0.484019747,0.073913375
93.4228263,0.159384281,1.186236486,0.490329294,0.068092456
93.42746497,0.160999949,1.186155586,0.512863388,0.068485761
93.43210364,0.167301056,1.189067989,0.528186573,0.074699986
93.43674231,0.161323083,1.186721886,0.469597927,0.070688271
93.44138098,0.158738013,1.182515082,0.491230657,0.067227184
93.44601965,0.163746585,1.182353281,0.528186573,0.071160238
93.45065832,0.165766171,1.183728583,0.48942793,0.074542664
93.45529699,0.15865723,1.178389177,0.475006109,0.068564422
93.45993566,0.159303497,1.175800375,0.494836113,0.067777811
93.46457433,0.166089305,1.176932976,0.531792028,0.073913375
93.469213,0.1622117,1.175476774,0.465091108,0.072261493
93.47385167,0.158495663,1.170946369,0.484921111,0.067541828
93.47849034,0.16196935,1.168923867,0.516468843,0.069665677
93.48312901,0.165927738,1.17110817,0.50384975,0.075407936
93.48776768,0.159384281,1.167224965,0.466893835,0.069429694
93.49240635,0.158253313,1.163179961,0.488526566,0.067856472
93.49704502,0.164312069,1.163988962,0.531792028,0.072654798
93.50168369,0.163181101,1.163908062,0.470499291,0.073677392
93.50632236,0.157445479,1.158730456,0.479512928,0.067935134
93.51096103,0.159545848,1.156627054,0.502948387,0.068564422
93.5155997,0.165604604,1.158487756,0.516468843,0.074778647
93.52023837,0.159303497,1.155818053,0.461485653,0.070294966
93.52487704,0.156960778,1.151287649,0.484019747,0.067384506
93.52951571,0.162050134,1.151206748,0.523679754,0.071160238
93.53415438,0.163423452,1.152015749,0.481315656,0.074464003
93.53879305,0.157364695,1.148051645,0.471400654,0.068328439
93.54343172,0.157445479,1.144977442,0.491230657,0.068013795
93.54807039,0.164231286,1.146999944,0.525482481,0.074228019
93.55270906,0.160192115,1.144815642,0.460584289,0.071868187
93.55734773,0.155749027,1.140770637,0.481315656,0.067305845
93.5619864,0.159545848,1.140123437,0.514666116,0.069822999
93.56662507,0.163423452,1.142065039,0.498441568,0.074699986
93.57126374,0.156879995,1.139718936,0.465992472,0.06911505
93.57590241,0.156314511,1.137049233,0.487625202,0.067541828
93.58054108,0.162938751,1.138748135,0.530890664,0.072654798
93.58517975,0.161323083,1.139476236,0.467795199,0.073205426
93.58981842,0.155910594,1.136887433,0.480414292,0.067541828
93.59445709,0.158576447,1.135916632,0.505652478,0.068485761
93.59909576,0.164392853,1.139799836,0.516468843,0.074699986
93.60373443,0.158334096,1.138667235,0.465091108,0.069980321
93.6083731,0.156556861,1.136402033,0.486723839,0.067384506
93.61301177,0.161727,1.138020034,0.527285209,0.071396221
93.61765044,0.163181101,1.140689737,0.48221702,0.074306681
93.62228911,0.157041562,1.137453734,0.475006109,0.067856472
93.62692778,0.158010963,1.135997532,0.497540204,0.06769915
93.63156645,0.164715986,1.139152636,0.5299893,0.073913375
93.63620512,0.160515249,1.138020034,0.465091108,0.071553543
93.64084379,0.156960778,1.135026731,0.484921111,0.067305845
93.64548246,0.160999949,1.135593032,0.518271571,0.06990166
93.65012113,0.164473636,1.138505435,0.495737476,0.07501463
93.6547598,0.157849396,1.135916632,0.467795199,0.068800405
93.65939847,0.157203128,1.13381323,0.487625202,0.067069862
93.66403714,0.163988936,1.135512132,0.532693391,0.072654798
93.66867581,0.162696401,1.136644733,0.467795199,0.07281212
93.67331448,0.157445479,1.133246929,0.481315656,0.067148523
93.67795315,0.159788198,1.133246929,0.507455206,0.068485761
93.68259182,0.165604604,1.137211034,0.511962024,0.074621325
93.68723049,0.159465064,1.135835732,0.461485653,0.06990166
93.69186916,0.157122345,1.13357053,0.484921111,0.066991201
93.69650783,0.162857968,1.135512132,0.526383845,0.07131756
93.7011465,0.163504235,1.138181835,0.477710201,0.073677392
93.70578517,0.157364695,1.134864931,0.474104746,0.067777811
93.71042384,0.158172529,1.132357028,0.495737476,0.06769915
93.71506251,0.164877553,1.135107631,0.523679754,0.074306681
93.71970118,0.160111332,1.13373233,0.460584289,0.071081577
93.72433985,0.156879995,1.130496326,0.481315656,0.06691254
93.72897852,0.161323083,1.130577227,0.517370207,0.06990166
93.73361719,0.16455442,1.132842429,0.492132021,0.074385342
93.73825586,0.157364695,1.129363725,0.466893835,0.068643083
93.74289453,0.156718428,1.125965922,0.486723839,0.067227184
93.7475332,0.163827369,1.128150224,0.5299893,0.07281212
93.75217187,0.161161516,1.127907524,0.464189744,0.072497476
93.75681054,0.156799211,1.124914221,0.480414292,0.06691254
93.76144921,0.159303497,1.12410522,0.508356569,0.068485761
93.76608788,0.164877553,1.127017623,0.509257933,0.074542664
93.77072655,0.159222714,1.12450972,0.46328838,0.069193711
93.77536522,0.157526262,1.121597317,0.484921111,0.066597895
93.78000389,0.164069719,1.122568118,0.528186573,0.071396221
93.78464256,0.165523821,1.123781619,0.475907473,0.07352007
93.78928123,0.161323083,1.119898415,0.478611565,0.067463167
93.7939199,0.164877553,1.117956813,0.502948387,0.067620489
93.79855857,0.173682946,1.121273717,0.528186573,0.073834714
93.80319724,0.169886125,1.120383816,0.465992472,0.070924254
93.80783591,0.166331655,1.116257911,0.486723839,0.067069862
93.81247458,0.170855526,1.116743312,0.521877026,0.070216305
93.81711325,0.173602163,1.119170314,0.490329294,0.074228019
93.82175192,0.166816355,1.116177011,0.469597927,0.068249778
93.82639059,0.166250871,1.11512531,0.48942793,0.067148523
93.83102926,0.172551978,1.118037713,0.530890664,0.072890781
93.83566793,0.169482208,1.118846714,0.464189744,0.072418815
93.8403066,0.164392853,1.116581512,0.481315656,0.067541828
93.84494527,0.166816355,1.116581512,0.511962024,0.069272372
93.84958394,0.171905711,1.121840017,0.509257933,0.075250613
93.85422261,0.165119904,1.122325418,0.467795199,0.069587016
93.85886128,0.163504235,1.122244518,0.490329294,0.067305845
93.86349995,0.169562992,1.127826624,0.538101574,0.071946848
93.86813862,0.169482208,1.137049233,0.492132021,0.073441409
93.87277729,0.164312069,1.145139242,0.504751114,0.067620489
93.87741596,0.166735572,1.156141654,0.535397483,0.068092456
93.88205463,0.173602163,1.169166568,0.557030214,0.074228019
93.8866933,0.16786654,1.174505973,0.493033385,0.070688271
93.89133197,0.164877553,1.174667773,0.509257933,0.067227184
93.89597064,0.169239858,1.176932976,0.542608393,0.070373627
93.90060931,0.172228844,1.18130158,0.505652478,0.074306681
93.90524798,0.165362254,1.179683579,0.485822475,0.068328439
93.90988665,0.16503912,1.177661077,0.50384975,0.067305845
93.91452532,0.171501794,1.179279078,0.539904302,0.073284087
93.91916399,0.16835124,1.178550977,0.470499291,0.072261493
93.92380266,0.163908152,1.173373372,0.486723839,0.067384506
93.92844133,0.166574005,1.170784569,0.51556748,0.069272372
93.93308,0.17142101,1.172078971,0.507455206,0.075093291
93.93771867,0.16455442,1.168923867,0.467795199,0.069351033
93.94235734,0.162938751,1.165364263,0.48942793,0.067384506
93.94699601,0.168835941,1.165849664,0.531792028,0.07210417
93.95163468,0.168028107,1.165606964,0.472302018,0.073598731
93.95627335,0.162130917,1.160752959,0.476808837,0.067856472
93.96091202,0.163100318,1.157516955,0.500244295,0.068249778
93.96555069,0.169805342,1.158487756,0.516468843,0.074699986
93.97018936,0.163908152,1.154766352,0.459682925,0.070452288
93.97482803,0.160515249,1.149831447,0.481315656,0.066991201
93.9794667,0.165766171,1.148860646,0.520074299,0.070688271
93.98410537,0.167139489,1.149426947,0.48221702,0.074385342
93.98874404,0.160434465,1.144815642,0.467795199,0.067935134
93.99338271,0.160353682,1.141175138,0.487625202,0.067305845
93.99802138,0.167058706,1.142469539,0.523679754,0.073834714
94.00266005,0.163100318,1.140366137,0.456978834,0.071632204
94.00729872,0.15889958,1.135188531,0.476808837,0.066991201
94.01193739,0.162373267,1.13348963,0.509257933,0.06911505
94.01657606,0.166897139,1.134864931,0.497540204,0.074621325
94.02121473,0.160030548,1.131628928,0.461485653,0.068564422
94.0258534,0.15841488,1.127826624,0.483118383,0.06691254
94.03049207,0.16503912,1.129121025,0.527285209,0.07210417
94.03513074,0.163261885,1.129040125,0.465992472,0.073205426
94.03976941,0.157930179,1.125076021,0.475006109,0.067148523
94.04440808,0.159465064,1.123781619,0.500244295,0.068171117
94.04904675,0.165927738,1.126289522,0.514666116,0.074778647
94.05368542,0.159626631,1.12450972,0.459682925,0.070137644
94.05832409,0.157122345,1.122487218,0.484019747,0.066991201
94.06296276,0.162130917,1.12459062,0.524581117,0.071002915
94.06760143,0.163827369,1.128716525,0.484019747,0.074385342
94.0722401,0.157768612,1.126370422,0.474104746,0.068092456
94.07687877,0.158091746,1.125156921,0.495737476,0.067777811
94.08151744,0.164958337,1.128635625,0.5299893,0.073834714
94.08615611,0.160676815,1.128473824,0.465091108,0.071789526
94.09079478,0.156960778,1.125642321,0.484921111,0.067384506
94.09543345,0.160676815,1.126370422,0.516468843,0.069587016
94.10007212,0.164473636,1.129363725,0.499342932,0.074857308
94.10471079,0.158091746,1.126936723,0.465992472,0.068800405
94.10934946,0.157122345,1.12467152,0.486723839,0.067305845
94.11398813,0.163423452,1.126370422,0.530890664,0.07281212
94.1186268,0.16196935,1.127503023,0.468696563,0.07281212
94.12326547,0.156718428,1.125399621,0.480414292,0.067384506
94.12790414,0.159141931,1.125480521,0.505652478,0.068564422
94.13254281,0.16479677,1.129444625,0.51556748,0.074464003
94.13718148,0.15889958,1.127664823,0.462387016,0.069822999
94.14182015,0.156879995,1.12483332,0.484921111,0.066991201
94.14645882,0.162534834,1.126936723,0.525482481,0.071002915
94.15109749,0.163746585,1.130010926,0.479512928,0.074228019
94.15573616,0.157526262,1.127907524,0.473203382,0.067777811
94.16037483,0.157687829,1.126855823,0.495737476,0.067856472
94.1650135,0.164473636,1.132276128,0.529087936,0.074070697
94.16965217,0.159788198,1.135916632,0.465992472,0.07131756
94.17429084,0.156637645,1.138181835,0.48942793,0.067227184
94.17892951,0.160272898,1.143763941,0.525482481,0.06990166
94.18356818,0.164069719,1.15274385,0.507455206,0.074621325
94.18820685,0.157283912,1.156141654,0.480414292,0.068564422
94.19284552,0.156637645,1.158892257,0.499342932,0.067148523
94.19748419,0.163585019,1.165283363,0.540805665,0.072418815
94.20212286,0.161403866,1.168357567,0.475006109,0.072497476
94.20676153,0.156476078,1.165445164,0.486723839,0.06691254
94.2114002,0.159545848,1.164878863,0.511962024,0.0684071
94.21603887,0.16455442,1.167305866,0.514666116,0.074621325
94.22067754,0.158172529,1.163988962,0.465091108,0.069744338
94.22531621,0.156476078,1.160024858,0.485822475,0.066991201
94.22995488,0.161888567,1.159377657,0.526383845,0.070924254
94.23459355,0.162534834,1.159296757,0.476808837,0.073441409
94.23923222,0.156799211,1.154361852,0.473203382,0.067305845
94.24387089,0.157364695,1.150964048,0.494836113,0.067384506
94.24850956,0.163908152,1.151934849,0.52277839,0.074070697
94.25314823,0.159141931,1.150074147,0.459682925,0.071160238
94.2577869,0.155910594,1.145543742,0.480414292,0.067148523
94.26242557,0.159626631,1.144411141,0.517370207,0.069744338
94.26706424,0.162615618,1.146029143,0.493033385,0.074385342
94.27170291,0.156556861,1.142550439,0.469597927,0.068485761
94.27634158,0.156395294,1.140123437,0.48942793,0.067148523
94.28098025,0.162615618,1.141903239,0.530890664,0.072890781
94.28561892,0.160515249,1.141903239,0.465091108,0.072497476
94.29025759,0.15582981,1.138181835,0.480414292,0.067069862
94.29489626,0.157849396,1.136240233,0.508356569,0.06911505
94.29953493,0.163585019,1.138909935,0.508356569,0.074621325
94.3041736,0.157687829,1.136644733,0.462387016,0.069429694
94.30881227,0.155910594,1.13413683,0.485822475,0.067148523
94.31345094,0.161646217,1.137372834,0.531792028,0.071396221
94.31808961,0.162615618,1.139961637,0.481315656,0.07352007
94.32272828,0.156879995,1.137858234,0.48221702,0.067305845
94.32736695,0.157849396,1.136078432,0.502948387,0.067541828
94.33200562,0.164069719,1.138505435,0.524581117,0.073992036
94.33664429,0.159303497,1.136402033,0.46328838,0.070688271
94.34128296,0.156072161,1.13348963,0.484019747,0.066755217
94.34592163,0.160515249,1.133327829,0.519172935,0.070216305
94.3505603,0.163665802,1.135835732,0.48942793,0.074699986
94.35519897,0.156879995,1.132599729,0.467795199,0.068328439
94.35983764,0.156879995,1.130253626,0.487625202,0.067384506
94.36447631,0.163342668,1.132195228,0.529087936,0.073048103
94.36911498,0.160111332,1.132033428,0.462387016,0.072497476
94.37375365,0.155991377,1.128716525,0.479512928,0.067227184
94.37839232,0.158738013,1.128716525,0.509257933,0.068879066
94.38303099,0.164069719,1.132276128,0.505652478,0.07501463
94.38766966,0.157122345,1.130819927,0.46328838,0.069587016
94.39230833,0.155264326,1.127907524,0.484921111,0.067620489
94.396947,0.161403866,1.128473824,0.528186573,0.072025509
94.40158567,0.161807783,1.130577227,0.472302018,0.07352007
94.40622434,0.155910594,1.126127722,0.475006109,0.067620489
94.41086301,0.157687829,1.12402432,0.498441568,0.068092456
94.41550168,0.164312069,1.126289522,0.518271571,0.074542664
94.42014035,0.158738013,1.12434792,0.457880198,0.070924254
94.42477902,0.156233727,1.121111917,0.480414292,0.067384506
94.42941769,0.160676815,1.120869216,0.519172935,0.070924254
94.43405636,0.163181101,1.122810818,0.484921111,0.074699986
94.43869503,0.156233727,1.119413015,0.466893835,0.068485761
94.4433337,0.156152944,1.116419712,0.486723839,0.067305845
94.44797237,0.162777184,1.118280414,0.526383845,0.073756053
94.45261104,0.159707414,1.119251215,0.459682925,0.072340154
94.45724971,0.155183543,1.115691611,0.477710201,0.067541828
94.46188838,0.158738013,1.11512531,0.508356569,0.069193711
94.46652705,0.163261885,1.118361314,0.500244295,0.074857308
94.47116572,0.156960778,1.116500612,0.461485653,0.069272372
94.47580439,0.15558746,1.114397209,0.48221702,0.067384506
94.48044306,0.161242299,1.116500612,0.526383845,0.072261493
94.48508173,0.160757599,1.118280414,0.468696563,0.073756053
94.4897204,0.154698842,1.11480171,0.475006109,0.067777811
94.49435907,0.156233727,1.113669109,0.498441568,0.0684071
94.49899774,0.162292484,1.116419712,0.514666116,0.074778647
94.50363641,0.156879995,1.11480171,0.458781561,0.07060961
94.50827508,0.154214142,1.111565706,0.480414292,0.067148523
94.51291375,0.159141931,1.111889307,0.519172935,0.070688271
94.51755242,0.160919166,1.113507308,0.48221702,0.074464003
94.52219109,0.154375709,1.110028605,0.467795199,0.068013795
94.52682976,0.154860409,1.107601602,0.487625202,0.067541828
94.53146843,0.161565433,1.110028605,0.524581117,0.073677392
94.5361071,0.157687829,1.109543204,0.457880198,0.071789526
94.54074577,0.153487091,1.106469001,0.477710201,0.067384506
94.54538444,0.157283912,1.106469001,0.507455206,0.069665677
94.55002311,0.161403866,1.108734203,0.49663884,0.074857308
94.55466178,0.154941193,1.106630801,0.461485653,0.068879066
94.55930045,0.153406308,1.104122899,0.48221702,0.067069862
94.56393912,0.159788198,1.106711701,0.526383845,0.072340154
94.56857779,0.158818797,1.108653303,0.466893835,0.073362748
94.57321646,0.153648658,1.106388101,0.476808837,0.067384506
94.57785513,0.155749027,1.106469001,0.502948387,0.068249778
94.5824938,0.1622117,1.110837606,0.518271571,0.074542664
94.58713247,0.156152944,1.109947705,0.465091108,0.070373627
94.59177114,0.153487091,1.108087003,0.486723839,0.067384506
94.59640981,0.158738013,1.110756706,0.526383845,0.071002915
94.60104848,0.160515249,1.112698308,0.484921111,0.074464003
94.60568715,0.154375709,1.109947705,0.473203382,0.068013795
94.61032582,0.154941193,1.107520702,0.493033385,0.068013795
94.61496449,0.16148465,1.110352205,0.525482481,0.074149358
94.61960316,0.157526262,1.110514005,0.459682925,0.071710865
94.62424183,0.153406308,1.106954402,0.480414292,0.067541828
94.6288805,0.157526262,1.106792601,0.512863388,0.070058983
94.63351917,0.161646217,1.109057804,0.494836113,0.074935969
94.63815784,0.154698842,1.1053364,0.46328838,0.069036389
94.64279651,0.153971792,1.103152097,0.483118383,0.067305845
94.64743518,0.160434465,1.1051746,0.527285209,0.072576137
94.65207385,0.15865723,1.1054982,0.464189744,0.072969442
94.65671252,0.153244741,1.101614996,0.474104746,0.067227184
94.66135119,0.155668243,1.100644195,0.499342932,0.068957727
94.66598986,0.160999949,1.103232998,0.509257933,0.075093291
94.67062853,0.155183543,1.101534096,0.45607747,0.070216305
94.6752672,0.153163957,1.099430694,0.478611565,0.067069862
94.67990587,0.158495663,1.100482395,0.520975662,0.071081577
94.68454454,0.159545848,1.101857696,0.475907473,0.074385342
94.68918321,0.153406308,1.099430694,0.469597927,0.067935134
94.69382188,0.154133359,1.098298092,0.491230657,0.067935134
94.69846055,0.160757599,1.101534096,0.521877026,0.074149358
94.70309922,0.156395294,1.101210495,0.457880198,0.07131756
94.70773789,0.152598474,1.098298092,0.479512928,0.067227184
94.71237656,0.156799211,1.098945293,0.513764752,0.06990166
94.71701523,0.160515249,1.101534096,0.491230657,0.074778647
94.7216539,0.153810225,1.099349793,0.465091108,0.069036389
94.72629257,0.153083174,1.097731792,0.484921111,0.067463167
94.73093124,0.159707414,1.100725095,0.528186573,0.07281212
94.73556991,0.157607046,1.101534096,0.462387016,0.073205426
94.74020858,0.152598474,1.098378992,0.475907473,0.067541828
94.74484725,0.15558746,1.097974492,0.502047023,0.068800405
94.74948592,0.161080733,1.100644195,0.506553842,0.074699986
94.75412459,0.15510276,1.098217192,0.457880198,0.069980321
94.75876326,0.153163957,1.095385689,0.479512928,0.067227184
94.76340193,0.15865723,1.097084591,0.521877026,0.071789526
94.7680406,0.158980364,1.099268893,0.472302018,0.074306681
94.77267927,0.153244741,1.09627559,0.469597927,0.068249778
94.77731794,0.154133359,1.094414888,0.491230657,0.067935134
94.78195661,0.160919166,1.097489091,0.520975662,0.074149358
94.78659528,0.156072161,1.098055392,0.459682925,0.071238899
94.79123395,0.15276004,1.09611379,0.48221702,0.067227184
94.79587262,0.156960778,1.098621693,0.519172935,0.069822999
94.80051129,0.160030548,1.102828497,0.493033385,0.074699986
94.80514996,0.153648658,1.101048695,0.469597927,0.068643083
94.80978863,0.153891008,1.101210495,0.48942793,0.067620489
94.8144273,0.160272898,1.104365599,0.532693391,0.073126764
94.81906597,0.157687829,1.106469001,0.465091108,0.072890781
94.82370464,0.15276004,1.104527399,0.483118383,0.067384506
94.82834331,0.155668243,1.1058218,0.512863388,0.068957727
94.83298198,0.161323083,1.110433105,0.513764752,0.074857308
94.83762065,0.155021976,1.110109505,0.466893835,0.069744338
94.84225932,0.153325524,1.110109505,0.48942793,0.067069862
94.84689799,0.159141931,1.113264608,0.534496119,0.071789526
94.85153666,0.159949765,1.118037713,0.483118383,0.073834714
94.85617533,0.153406308,1.118765814,0.487625202,0.067777811
94.860814,0.155183543,1.123781619,0.51556748,0.068013795
94.86545267,0.161565433,1.134703131,0.543509757,0.074385342
94.87009134,0.156718428,1.141417838,0.484921111,0.071002915
94.87473001,0.154214142,1.145462842,0.507455206,0.067384506
94.87936868,0.158738013,1.150478648,0.543509757,0.070294966
94.88400735,0.161403866,1.156869754,0.511962024,0.074621325
94.88864602,0.15510276,1.158325956,0.493033385,0.068721744
94.89328469,0.155425893,1.16172376,0.517370207,0.067541828
94.89792336,0.162777184,1.17167447,0.564241124,0.073598731
94.90256203,0.160353682,1.183728583,0.506553842,0.072576137
94.9072007,0.156395294,1.195135495,0.532693391,0.067384506
94.91183937,0.159788198,1.208160409,0.568747943,0.069036389
94.91647804,0.165604604,1.21908192,0.558832941,0.074857308
94.92111671,0.158980364,1.21867742,0.506553842,0.069744338
94.92575538,0.157041562,1.215845917,0.519172935,0.067463167
94.93039405,0.163019535,1.214875116,0.555227486,0.072182832
94.93503272,0.162777184,1.212852614,0.493033385,0.073834714
94.93967139,0.157122345,1.206380607,0.492132021,0.067856472
94.94431006,0.15889958,1.201445702,0.512863388,0.068171117
94.94894873,0.165362254,1.201122101,0.532693391,0.074778647
94.9535874,0.159788198,1.196510797,0.471400654,0.071238899
94.95822607,0.156879995,1.189796089,0.493033385,0.067227184
94.96286474,0.161565433,1.188582588,0.5299893,0.07060961
94.96750341,0.164635203,1.188825288,0.494836113,0.074699986
94.97214208,0.158010963,1.183485883,0.477710201,0.068485761
94.97678075,0.158172529,1.179764479,0.49663884,0.06769915
94.98141942,0.165443037,1.179764479,0.535397483,0.074070697
94.98605809,0.162292484,1.178389177,0.469597927,0.072261493
94.99069676,0.158010963,1.173292472,0.486723839,0.067384506
94.99533543,0.161080733,1.170460969,0.516468843,0.069508355
94.9999741,0.165766171,1.17167447,0.507455206,0.074935969
95.00461277,0.159545848,1.167386766,0.467795199,0.069587016
95.00925144,0.158091746,1.162613661,0.487625202,0.067227184
95.01389011,0.163504235,1.162694561,0.531792028,0.072261493
95.01852878,0.163100318,1.162613661,0.472302018,0.073756053
95.02316745,0.157203128,1.158002356,0.477710201,0.067777811
95.02780612,0.159222714,1.155494453,0.502047023,0.068328439
95.03244479,0.165523821,1.157112455,0.519172935,0.074699986
95.03708346,0.159626631,1.154685452,0.461485653,0.070766932
95.04172213,0.156799211,1.149750547,0.484019747,0.067148523
95.0463608,0.161727,1.148941546,0.52277839,0.070766932
95.05099947,0.163665802,1.149750547,0.484019747,0.074306681
95.05563814,0.157364695,1.145462842,0.470499291,0.068013795
95.06027681,0.158010963,1.142712239,0.490329294,0.067541828
95.06491548,0.16455442,1.144572941,0.528186573,0.073441409
95.06955415,0.160272898,1.143925741,0.460584289,0.071632204
95.07419282,0.156476078,1.139961637,0.480414292,0.06691254
95.07883149,0.159949765,1.138667235,0.511962024,0.069193711
95.08347016,0.164312069,1.141498738,0.498441568,0.074621325
95.08810883,0.157768612,1.138667235,0.462387016,0.068957727
95.0927475,0.156233727,1.135593032,0.484019747,0.067148523
95.09738617,0.163019535,1.137130134,0.528186573,0.072497476
95.10202484,0.161807783,1.137777334,0.468696563,0.073048103
95.10666351,0.156395294,1.134460431,0.477710201,0.067227184
95.11130218,0.15865723,1.133166029,0.502948387,0.068171117
95.11594085,0.164312069,1.136159333,0.51556748,0.074542664
95.12057952,0.158818797,1.134379531,0.459682925,0.070294966
95.12521819,0.156395294,1.131386227,0.483118383,0.066833878
95.12985686,0.16148465,1.132033428,0.523679754,0.070924254
95.13449553,0.163019535,1.134460431,0.481315656,0.073992036
95.1391342,0.156960778,1.131386227,0.472302018,0.06769915
95.14377287,0.157283912,1.129930026,0.493033385,0.067384506
95.14841154,0.164312069,1.13365143,0.527285209,0.073756053
95.15305021,0.160030548,1.13340873,0.461485653,0.071632204
95.15768888,0.156072161,1.130172726,0.483118383,0.067148523
95.16232755,0.159707414,1.130253626,0.516468843,0.069587016
95.16696622,0.163585019,1.132761529,0.498441568,0.074699986
95.17160489,0.157283912,1.129768226,0.466893835,0.068643083
95.17624356,0.156799211,1.127422123,0.486723839,0.067305845
95.18088223,0.162615618,1.129040125,0.5299893,0.072340154
95.1855209,0.161161516,1.129282825,0.465992472,0.072654798
95.19015957,0.155991377,1.12483332,0.476808837,0.067069862
95.19479824,0.158010963,1.123053519,0.502047023,0.068249778
95.19943691,0.163665802,1.125318721,0.511060661,0.074228019
95.20407558,0.157607046,1.123134419,0.457880198,0.069822999
95.20871425,0.15558746,1.119251215,0.479512928,0.06691254
95.21335292,0.161080733,1.119251215,0.520975662,0.070845593
95.21799159,0.162292484,1.119979315,0.475006109,0.073598731
95.22263026,0.156072161,1.116338811,0.467795199,0.06769915
95.22726893,0.156960778,1.113669109,0.48942793,0.067305845
95.2319076,0.163423452,1.11536801,0.520074299,0.073677392
95.23654627,0.159061147,1.11447811,0.45607747,0.070924254
95.24118494,0.155264326,1.110514005,0.476808837,0.067069862
95.24582361,0.159141931,1.110271305,0.511962024,0.069587016
95.25046228,0.162454051,1.112132007,0.48942793,0.074228019
95.25510095,0.15558746,1.108491503,0.461485653,0.0684071
95.25973962,0.155021976,1.10566,0.481315656,0.066991201
95.26437829,0.161727,1.107358902,0.524581117,0.072497476
95.26901696,0.159626631,1.107116202,0.460584289,0.072576137
95.27365563,0.154375709,1.103071197,0.474104746,0.067227184
95.2782943,0.156960778,1.102262197,0.500244295,0.068564422
95.28293297,0.162938751,1.105012799,0.505652478,0.074542664
95.28757164,0.156476078,1.102504897,0.45607747,0.069508355
95.29221031,0.154698842,1.099187993,0.477710201,0.066833878
95.29684898,0.160030548,1.099673394,0.520975662,0.071081577
95.30148765,0.160596032,1.100967795,0.471400654,0.073756053
95.30612632,0.154779626,1.098217192,0.468696563,0.067463167
95.31076499,0.155425893,1.096599191,0.491230657,0.067620489
95.31540366,0.162130917,1.099511594,0.518271571,0.073834714
95.32004233,0.157445479,1.098945293,0.45607747,0.070845593
95.324681,0.154456492,1.09595199,0.477710201,0.067148523
95.32931967,0.158738013,1.096599191,0.512863388,0.070058983
95.33395834,0.161888567,1.099430694,0.487625202,0.074857308
95.33859701,0.155183543,1.096760991,0.46328838,0.068485761
95.34323568,0.154860409,1.094900289,0.484019747,0.067227184
95.34787435,0.161403866,1.097408191,0.526383845,0.072733459
95.35251302,0.15889958,1.098540793,0.460584289,0.072418815
95.35715169,0.154133359,1.095547489,0.476808837,0.067305845
95.36179036,0.157283912,1.095547489,0.504751114,0.068721744
95.36642903,0.162454051,1.098864393,0.504751114,0.074699986
95.3710677,0.155910594,1.097165491,0.459682925,0.069508355
95.37570637,0.154294925,1.095062089,0.480414292,0.067384506
95.38034504,0.160030548,1.09619469,0.523679754,0.071789526
95.38498371,0.160353682,1.097974492,0.470499291,0.073756053
95.38962238,0.154294925,1.095062089,0.470499291,0.067463167
95.39426105,0.15582981,1.093605887,0.493033385,0.067935134
95.39889972,0.1622117,1.097003691,0.518271571,0.074228019
95.40353839,0.156879995,1.097327291,0.457880198,0.070766932
95.40817706,0.153810225,1.094657588,0.480414292,0.067305845
95.41281573,0.157768612,1.09579019,0.518271571,0.070452288
95.4174544,0.160999949,1.098945293,0.487625202,0.074857308
95.42209307,0.154698842,1.097003691,0.468696563,0.0684071
95.42673174,0.154133359,1.09611379,0.488526566,0.067541828
95.43137041,0.160999949,1.100158794,0.5299893,0.073284087
95.43600908,0.158172529,1.102747597,0.465091108,0.072654798
95.44064775,0.153648658,1.100725095,0.483118383,0.067620489
95.44528642,0.156799211,1.101776796,0.513764752,0.069272372
95.44992509,0.161888567,1.106469001,0.510159297,0.074857308
95.45456376,0.15534511,1.1059836,0.467795199,0.069508355
95.45920243,0.154214142,1.103961098,0.487625202,0.067384506
95.4638411,0.160353682,1.1055791,0.5299893,0.07210417
95.46847977,0.160272898,1.106954402,0.473203382,0.073913375
95.47311844,0.154456492,1.103880198,0.476808837,0.068171117
95.47775711,0.155910594,1.102585797,0.499342932,0.068328439
95.48239578,0.162130917,1.1054982,0.519172935,0.074621325
95.48703445,0.156960778,1.104284699,0.459682925,0.070924254
95.49167312,0.154294925,1.101129595,0.481315656,0.067227184
95.49631179,0.158738013,1.101695896,0.519172935,0.070688271
95.50095046,0.160919166,1.104122899,0.484921111,0.074621325
95.50558913,0.154214142,1.100725095,0.468696563,0.068328439
95.5102278,0.154133359,1.098540793,0.488526566,0.067620489
95.51486647,0.161080733,1.101534096,0.526383845,0.073677392
95.51950514,0.157041562,1.100967795,0.459682925,0.072418815
95.52414381,0.152921607,1.098136292,0.478611565,0.06769915
95.52878248,0.156152944,1.097489091,0.508356569,0.06990166
95.53342115,0.161323083,1.102019496,0.500244295,0.075407936
95.53805982,0.154698842,1.099592494,0.462387016,0.069272372
95.54269849,0.153244741,1.097569992,0.483118383,0.067384506
95.54733716,0.159949765,1.100805995,0.529087936,0.072654798
95.55197583,0.159222714,1.103232998,0.471400654,0.073677392
95.5566145,0.153567875,1.101614996,0.479512928,0.06769915
95.56125317,0.155425893,1.101372296,0.504751114,0.0684071
95.56589184,0.16148465,1.1053364,0.521877026,0.074778647
95.57053051,0.156314511,1.106064501,0.466893835,0.070294966
95.57516918,0.153729441,1.106064501,0.48942793,0.067305845
95.57980785,0.15889958,1.110756706,0.5299893,0.070924254
95.58444652,0.160838382,1.117228712,0.493934749,0.074464003
95.58908519,0.155183543,1.119898415,0.488526566,0.068485761
95.59372386,0.156718428,1.129040125,0.52277839,0.067935134
95.59836253,0.163988936,1.14319764,0.568747943,0.074070697
95.6030012,0.161565433,1.156627054,0.512863388,0.072182832
95.60763987,0.15841488,1.166658665,0.534496119,0.067856472
95.61227854,0.162130917,1.176043075,0.564241124,0.069744338
95.61691721,0.166816355,1.184699384,0.547115212,0.075407936
95.62155588,0.160272898,1.185912885,0.505652478,0.069508355
95.62619455,0.159061147,1.184618484,0.518271571,0.06769915
95.63083322,0.165604604,1.185993785,0.557030214,0.072733459
95.63547189,0.164473636,1.186479186,0.48942793,0.07352007
95.64011056,0.159222714,1.181706081,0.493934749,0.068013795
95.64474923,0.161323083,1.178712778,0.514666116,0.068879066
95.6493879,0.167462623,1.178955478,0.525482481,0.074935969
95.65402657,0.161323083,1.174667773,0.469597927,0.070845593
95.65866524,0.15889958,1.169732868,0.490329294,0.067620489
95.66330391,0.163827369,1.167548566,0.529087936,0.07131756
95.66794258,0.165119904,1.166739565,0.484921111,0.074778647
95.67258125,0.158495663,1.160995659,0.475006109,0.068485761
95.67721992,0.158738013,1.156950655,0.494836113,0.068092456
95.68185859,0.16528147,1.157678755,0.527285209,0.074857308
95.68649726,0.160999949,1.155494453,0.461485653,0.072182832
95.69113593,0.156799211,1.149669647,0.481315656,0.067777811
95.6957746,0.160272898,1.147404444,0.514666116,0.070216305
95.70041327,0.164635203,1.149426947,0.49663884,0.075407936
95.70505194,0.157768612,1.145058342,0.465992472,0.069272372
95.70969061,0.156476078,1.141336938,0.485822475,0.067777811
95.71432928,0.163261885,1.142065039,0.5299893,0.073362748
95.71896795,0.160999949,1.142469539,0.466893835,0.073284087
95.72360662,0.155991377,1.138667235,0.480414292,0.068013795
95.72824529,0.158253313,1.136644733,0.505652478,0.069193711
95.73288396,0.163746585,1.138667235,0.513764752,0.07501463
95.73752263,0.158253313,1.136321133,0.461485653,0.070294966
95.7421613,0.155991377,1.132923329,0.483118383,0.067620489
95.74679997,0.160999949,1.133246929,0.524581117,0.071396221
95.75143864,0.162615618,1.134945831,0.478611565,0.074542664
95.75607731,0.155991377,1.131386227,0.472302018,0.068013795
95.76071598,0.156718428,1.129687326,0.494836113,0.068092456
95.76535465,0.162938751,1.13357053,0.525482481,0.074621325
95.76999332,0.158738013,1.13413683,0.462387016,0.071789526
95.77463199,0.15534511,1.13348963,0.486723839,0.067777811
95.77927066,0.158818797,1.139557136,0.527285209,0.070216305
95.78390933,0.162454051,1.151125848,0.511060661,0.074935969
95.788548,0.15582981,1.158730456,0.488526566,0.068879066
95.79318667,0.15558746,1.167953066,0.511962024,0.067620489
95.79782534,0.162130917,1.180330779,0.557030214,0.072969442
95.80246401,0.160111332,1.188258988,0.490329294,0.073126764
95.80710268,0.154941193,1.189715189,0.500244295,0.067777811
95.81174135,0.157445479,1.19068599,0.52277839,0.068957727
95.81638002,0.163181101,1.193355693,0.523679754,0.07501463
95.82101869,0.156799211,1.189310689,0.471400654,0.070058983
95.82565736,0.154779626,1.184618484,0.490329294,0.067384506
95.83029603,0.160838382,1.183971283,0.531792028,0.071946848
95.8349347,0.161727,1.183971283,0.480414292,0.074228019
95.83957337,0.155668243,1.178227377,0.476808837,0.068013795
95.84421204,0.156556861,1.174667773,0.498441568,0.067856472
95.84885071,0.163504235,1.175638574,0.525482481,0.074464003
95.85348938,0.159061147,1.173535172,0.46328838,0.07131756
95.85812805,0.156476078,1.169085667,0.484921111,0.067069862
95.86276672,0.160919166,1.167467666,0.520074299,0.069980321
95.86740539,0.164635203,1.167791266,0.493033385,0.074857308
95.87204406,0.158253313,1.162613661,0.469597927,0.068721744
95.87668273,0.158091746,1.158325956,0.48942793,0.067384506
95.8813214,0.16528147,1.158811357,0.530890664,0.073205426
95.88596007,0.163100318,1.156465254,0.46328838,0.072576137
95.89059874,0.158495663,1.150802248,0.478611565,0.067148523
95.89523741,0.1622117,1.148132545,0.506553842,0.068879066
95.89987608,0.167462623,1.148537046,0.506553842,0.074621325
95.90451475,0.16196935,1.144653842,0.461485653,0.069429694
95.90915342,0.160919166,1.140366137,0.483118383,0.066833878
95.91379209,0.167058706,1.139799836,0.526383845,0.071789526
95.91843076,0.167785756,1.139961637,0.473203382,0.07352007
95.92306943,0.162130917,1.135107631,0.474104746,0.067384506
95.9277081,0.163585019,1.132276128,0.497540204,0.067935134
95.93234677,0.170370826,1.135512132,0.52277839,0.074306681
95.93698544,0.16528147,1.134622231,0.462387016,0.071002915
95.94162411,0.162696401,1.131709828,0.484019747,0.067384506
95.94626278,0.167058706,1.131386227,0.520074299,0.070294966
95.95090145,0.169643775,1.13357053,0.488526566,0.074621325
95.95554012,0.162696401,1.129121025,0.469597927,0.068249778
95.96017879,0.162130917,1.125965922,0.48942793,0.067384506
95.96481746,0.169078291,1.127826624,0.5299893,0.073284087
95.96945613,0.165685387,1.127179423,0.462387016,0.072340154
95.9740948,0.160838382,1.122568118,0.479512928,0.067148523
95.97873347,0.163988936,1.122244518,0.510159297,0.068879066
95.98337214,0.168916724,1.12475242,0.50384975,0.074699986
95.98801081,0.161807783,1.120464716,0.462387016,0.069351033
95.99264948,0.160030548,1.116743312,0.483118383,0.066991201
95.99728815,0.165927738,1.117552313,0.526383845,0.071946848
96.00192682,0.165119904,1.117714113,0.468696563,0.073598731
96.00656549,0.159545848,1.113830909,0.473203382,0.067541828
96.01120416,0.160838382,1.112212907,0.495737476,0.068092456
96.01584283,0.167220272,1.11512531,0.516468843,0.074228019
96.0204815,0.161727,1.113588209,0.456978834,0.07060961
96.02512017,0.158334096,1.109138704,0.479512928,0.067305845
96.02975884,0.162696401,1.109705004,0.517370207,0.07060961
96.03439751,0.165443037,1.111242106,0.481315656,0.074699986
96.03903618,0.158738013,1.107278002,0.465091108,0.068721744
96.04367485,0.158495663,1.104041998,0.485822475,0.067541828
96.04831352,0.165200687,1.106469001,0.523679754,0.073598731
96.05295219,0.161807783,1.1059027,0.45607747,0.072261493
96.05759086,0.157283912,1.101695896,0.475006109,0.067384506
96.06222953,0.160272898,1.100644195,0.506553842,0.069587016
96.0668682,0.16455442,1.103071197,0.497540204,0.075093291
96.07150687,0.158172529,1.100401495,0.458781561,0.069272372
96.07614554,0.156718428,1.098217192,0.479512928,0.067384506
96.08078421,0.162696401,1.099026193,0.52277839,0.072654798
96.08542288,0.161565433,1.099349793,0.46328838,0.073284087
96.09006155,0.15558746,1.095062089,0.471400654,0.067463167
96.09470022,0.157283912,1.093444087,0.495737476,0.068171117
96.09933889,0.163827369,1.096680091,0.511962024,0.074228019
96.10397756,0.157687829,1.094819389,0.45607747,0.070294966
96.10861623,0.155183543,1.091502485,0.478611565,0.066991201
96.1132549,0.159949765,1.091664285,0.517370207,0.070688271
96.11789357,0.162130917,1.094738489,0.478611565,0.074149358
96.12253224,0.15558746,1.091826085,0.465992472,0.068249778
96.12717091,0.155668243,1.089965384,0.486723839,0.067777811
96.13180958,0.162696401,1.093282287,0.52277839,0.073677392
96.13644825,0.15889958,1.092715986,0.45607747,0.071868187
96.14108692,0.153971792,1.088751882,0.475907473,0.067148523
96.14572559,0.157687829,1.088590082,0.508356569,0.069272372
96.15036426,0.162050134,1.092068786,0.494836113,0.074778647
96.15500293,0.155506677,1.089237283,0.459682925,0.06911505
96.1596416,0.154214142,1.08656758,0.479512928,0.066991201
96.16428027,0.160515249,1.087700181,0.523679754,0.072340154
96.16891894,0.15889958,1.088751882,0.462387016,0.073441409
96.17355761,0.153648658,1.086001279,0.473203382,0.067620489
96.17819628,0.155506677,1.084868678,0.498441568,0.068643083
96.18283495,0.16148465,1.088670982,0.510159297,0.075093291
96.18747362,0.156072161,1.087457481,0.456978834,0.070530949
96.19211229,0.153648658,1.084545078,0.479512928,0.067305845
96.19675096,0.158010963,1.085596779,0.519172935,0.071002915
96.20138963,0.159949765,1.088590082,0.477710201,0.074306681
96.2060283,0.153810225,1.086001279,0.468696563,0.0684071
96.21066697,0.154375709,1.084787778,0.48942793,0.067777811
96.21530564,0.160999949,1.088266482,0.523679754,0.074306681
96.21994431,0.156718428,1.088832782,0.459682925,0.071946848
96.22458298,0.153729441,1.087214781,0.481315656,0.067463167
96.22922165,0.156718428,1.089884483,0.518271571,0.069744338
96.23386032,0.160919166,1.095142989,0.502047023,0.074699986
96.23849899,0.154537276,1.094495788,0.470499291,0.068879066
96.24313766,0.153487091,1.093686787,0.48942793,0.067227184
96.24777633,0.159868981,1.096922791,0.533594755,0.072576137
96.252415,0.158172529,1.099835194,0.468696563,0.07281212
96.25705367,0.153567875,1.097489091,0.479512928,0.067227184
96.26169234,0.15510276,1.097003691,0.50384975,0.068328439
96.26633101,0.161323083,1.099592494,0.511962024,0.074306681
96.27096968,0.15510276,1.097650892,0.460584289,0.069822999
96.27560835,0.152921607,1.095223889,0.483118383,0.067069862
96.28024702,0.158576447,1.097489091,0.523679754,0.071081577
96.28488569,0.159384281,1.100805995,0.476808837,0.073756053
96.28952436,0.153567875,1.098217192,0.473203382,0.067541828
96.29416303,0.154456492,1.097165491,0.495737476,0.067463167
96.2988017,0.161323083,1.100563295,0.527285209,0.073913375
96.30344037,0.156960778,1.100967795,0.46328838,0.071396221
96.30807904,0.153163957,1.098702593,0.484019747,0.067227184
96.31271771,0.157607046,1.099996994,0.518271571,0.06990166
96.31735638,0.160999949,1.103961098,0.49663884,0.074621325
96.32199505,0.154860409,1.102585797,0.469597927,0.068879066
96.32663372,0.154375709,1.102585797,0.48942793,0.067463167
96.33127239,0.161323083,1.106307201,0.531792028,0.072969442
96.33591106,0.159303497,1.108896004,0.465992472,0.072576137
96.34054973,0.154618059,1.106307201,0.479512928,0.067541828
96.3451884,0.156879995,1.106226301,0.506553842,0.068643083
96.34982707,0.162615618,1.109543204,0.511060661,0.074778647
96.35446574,0.156233727,1.107682502,0.461485653,0.06990166
96.35910441,0.153971792,1.1054173,0.483118383,0.067148523
96.36374308,0.159788198,1.107116202,0.524581117,0.07131756
96.36838175,0.160434465,1.109057804,0.475006109,0.073756053
96.37302042,0.154860409,1.106226301,0.473203382,0.06769915
96.37765909,0.155506677,1.104770099,0.494836113,0.067856472
96.38229776,0.162292484,1.108167903,0.521877026,0.074228019
96.38693643,0.157203128,1.107358902,0.459682925,0.071160238
96.3915751,0.154052575,1.104770099,0.481315656,0.067227184
96.39621377,0.158334096,1.1059027,0.519172935,0.070216305
96.40085244,0.161888567,1.109624104,0.492132021,0.074385342
96.40549111,0.15534511,1.107278002,0.468696563,0.068643083
96.41012978,0.155021976,1.1057409,0.487625202,0.067777811
96.41476845,0.161161516,1.108167903,0.5299893,0.073441409
96.41940712,0.159061147,1.109381404,0.46328838,0.072576137
96.42404579,0.153810225,1.106307201,0.478611565,0.067384506
96.42868446,0.157283912,1.106307201,0.507455206,0.069036389
96.43332313,0.162292484,1.109866805,0.507455206,0.074857308
96.4379618,0.155668243,1.108006103,0.461485653,0.069587016
96.44260047,0.154133359,1.1055791,0.48221702,0.067069862
96.44723914,0.160272898,1.106630801,0.526383845,0.071710865
96.45187781,0.160192115,1.108087003,0.473203382,0.074149358
96.45651648,0.154456492,1.1050937,0.474104746,0.067620489
96.46115515,0.15558746,1.104365599,0.49663884,0.068092456
96.46579382,0.162373267,1.108410603,0.520975662,0.074228019
96.47043249,0.157283912,1.108410603,0.461485653,0.070924254
96.47507116,0.154537276,1.107035302,0.484921111,0.066991201
96.47970983,0.15889958,1.108410603,0.52277839,0.070216305
96.4843485,0.161807783,1.111808407,0.493033385,0.074699986
96.48898717,0.155021976,1.110109505,0.473203382,0.068564422
96.49362584,0.154941193,1.109462304,0.492132021,0.067777811
96.49826451,0.161646217,1.112860108,0.531792028,0.073598731
96.50290318,0.158334096,1.113426408,0.465091108,0.072497476
96.50754185,0.154052575,1.110514005,0.483118383,0.067541828
96.51218052,0.157283912,1.110271305,0.512863388,0.069429694
96.51681919,0.162292484,1.11488261,0.510159297,0.074935969
96.52145786,0.156314511,1.115691611,0.469597927,0.069744338
96.52609653,0.154779626,1.116015211,0.492132021,0.067541828
96.5307352,0.160838382,1.119979315,0.533594755,0.072340154
96.53537387,0.160596032,1.122649018,0.475907473,0.073834714
96.54001254,0.155183543,1.119493915,0.478611565,0.067856472
96.54465121,0.156395294,1.117633213,0.501145659,0.068721744
96.54928988,0.162857968,1.119979315,0.520074299,0.074935969
96.55392855,0.156960778,1.118199513,0.460584289,0.070766932
96.55856722,0.154456492,1.115448911,0.483118383,0.067384506
96.56320589,0.159061147,1.11536801,0.520975662,0.070924254
96.56784456,0.161565433,1.117147812,0.484921111,0.074699986
96.57248323,0.155183543,1.113830909,0.468696563,0.068328439
96.5771219,0.15510276,1.111323006,0.487625202,0.067856472
96.58176057,0.161323083,1.113345508,0.527285209,0.073913375
96.58639924,0.158091746,1.113021908,0.459682925,0.072340154
96.59103791,0.153567875,1.109057804,0.479512928,0.067384506
96.59567658,0.156879995,1.107844302,0.510159297,0.069508355
96.60031525,0.161565433,1.111323006,0.501145659,0.075171952
96.60495392,0.155021976,1.108976904,0.462387016,0.069429694
96.60959259,0.153567875,1.106307201,0.483118383,0.067463167
96.61423126,0.160111332,1.108572403,0.526383845,0.072654798
96.61886993,0.159222714,1.109947705,0.467795199,0.07352007
96.6235086,0.153648658,1.106469001,0.475006109,0.067777811
96.62814727,0.15558746,1.1054173,0.498441568,0.068564422
96.63278594,0.161727,1.108896004,0.514666116,0.075171952
96.63742461,0.156395294,1.107197102,0.458781561,0.070766932
96.64206328,0.153325524,1.103718398,0.481315656,0.067620489
96.64670195,0.158576447,1.1050937,0.520975662,0.071238899
96.65134062,0.160838382,1.108491503,0.48221702,0.074935969
96.65597929,0.154537276,1.1054173,0.469597927,0.068800405
96.66061796,0.154779626,1.104041998,0.48942793,0.067935134
96.66525663,0.161323083,1.108006103,0.526383845,0.074149358
96.6698953,0.157768612,1.109057804,0.461485653,0.07210417
96.67453397,0.153648658,1.106388101,0.481315656,0.067463167
96.67917264,0.157526262,1.107763402,0.513764752,0.069822999
96.68381131,0.161646217,1.112617408,0.500244295,0.074935969
96.68844998,0.155183543,1.111484806,0.465091108,0.069193711
96.69308865,0.154133359,1.109219604,0.485822475,0.067620489
96.69772732,0.160515249,1.111323006,0.529087936,0.072733459
96.70236599,0.159141931,1.113345508,0.466893835,0.073205426
96.70700466,0.153810225,1.111565706,0.476808837,0.067305845
96.71164333,0.156072161,1.111080306,0.502047023,0.0684071
96.716282,0.162292484,1.11504441,0.514666116,0.074699986
96.72092067,0.156152944,1.113911809,0.460584289,0.070373627
96.72555934,0.153891008,1.111484806,0.483118383,0.067227184
96.73019801,0.158980364,1.112212907,0.524581117,0.071238899
96.73483668,0.160596032,1.11504441,0.48221702,0.074228019
96.73947535,0.155021976,1.113183708,0.473203382,0.067935134
96.74411402,0.155264326,1.111323006,0.493934749,0.068013795
96.74875269,0.162292484,1.11472081,0.526383845,0.074070697
96.75339136,0.157849396,1.11463991,0.462387016,0.071553543
96.75803003,0.154052575,1.111323006,0.483118383,0.067305845
96.7626687,0.158576447,1.111161206,0.51556748,0.070058983
96.76730737,0.16196935,1.114397209,0.49663884,0.074699986
96.77194604,0.155506677,1.111970207,0.465992472,0.068879066
96.77658471,0.154214142,1.110028605,0.486723839,0.067227184
96.78122338,0.160999949,1.112617408,0.530890664,0.072733459
96.78586205,0.159141931,1.11447811,0.466893835,0.07281212
96.79050072,0.154214142,1.111565706,0.480414292,0.067227184
96.79513939,0.156879995,1.112455607,0.507455206,0.068485761
96.79977806,0.163100318,1.117471413,0.516468843,0.074699986
96.80441673,0.156879995,1.119089414,0.466893835,0.069822999
96.8090554,0.155021976,1.119251215,0.491230657,0.067305845
96.81369407,0.160272898,1.123053519,0.533594755,0.07131756
96.81833274,0.16196935,1.128716525,0.488526566,0.073913375
96.82297141,0.155668243,1.127664823,0.48221702,0.068171117
96.82761008,0.157203128,1.128069324,0.502948387,0.067856472
96.83224875,0.164069719,1.132518829,0.532693391,0.074070697
96.83688742,0.160030548,1.133085129,0.467795199,0.071396221
96.84152609,0.156476078,1.130334526,0.488526566,0.067069862
96.84616476,0.160353682,1.130577227,0.52277839,0.069587016
96.85080343,0.164473636,1.133327829,0.497540204,0.074778647
96.8554421,0.157526262,1.130496326,0.469597927,0.068328439
96.86008077,0.156799211,1.128392924,0.48942793,0.067148523
96.86471944,0.163746585,1.130819927,0.532693391,0.072654798
96.86935811,0.161242299,1.131628928,0.466893835,0.072576137
96.87399678,0.156233727,1.127260323,0.481315656,0.067384506
96.87863545,0.15865723,1.127422123,0.509257933,0.068249778
96.88327412,0.164069719,1.130900827,0.511962024,0.074857308
96.88791279,0.157768612,1.128231124,0.46328838,0.069665677
96.89255146,0.156152944,1.125399621,0.485822475,0.067148523
96.89719013,0.161403866,1.126694022,0.528186573,0.071474882
96.9018288,0.1622117,1.127664823,0.477710201,0.073598731
96.90646747,0.155910594,1.123700719,0.474104746,0.067463167
96.91110614,0.157041562,1.121516417,0.495737476,0.06769915
96.91574481,0.163585019,1.123377119,0.521877026,0.074228019
96.92038348,0.15841488,1.121192817,0.459682925,0.070924254
96.92502215,0.155264326,1.118037713,0.481315656,0.066991201
96.92966082,0.159222714,1.117714113,0.516468843,0.06990166
96.93429949,0.162857968,1.120464716,0.488526566,0.074621325
96.93893816,0.156314511,1.117390513,0.465992472,0.068485761
96.94357683,0.155668243,1.11496351,0.486723839,0.067227184
96.9482155,0.162696401,1.117552313,0.529087936,0.072969442
96.95285417,0.159545848,1.117552313,0.462387016,0.072261493
96.95749284,0.154456492,1.11447811,0.477710201,0.067227184
96.96213151,0.157687829,1.11472081,0.507455206,0.068879066
96.96677018,0.162938751,1.117956813,0.508356569,0.074778647
96.97140885,0.156960778,1.116015211,0.462387016,0.069272372
96.97604752,0.154779626,1.114397209,0.484019747,0.066991201
96.98068619,0.160596032,1.116338811,0.528186573,0.071789526
96.98532486,0.160515249,1.117714113,0.475006109,0.07352007
96.98996353,0.155021976,1.115691611,0.476808837,0.067541828
96.9946022,0.156072161,1.114316309,0.499342932,0.06769915
96.99924087,0.162777184,1.117795013,0.52277839,0.073756053
97.00387954,0.157930179,1.117390513,0.462387016,0.070530949
97.00851821,0.155021976,1.11536801,0.484921111,0.066597895
97.01315688,0.159465064,1.117066912,0.52277839,0.069744338
97.01779555,0.162615618,1.121516417,0.493033385,0.074149358
97.02243422,0.156314511,1.120545616,0.475006109,0.068013795
97.02707289,0.156314511,1.121031016,0.49663884,0.067148523
97.03171156,0.163181101,1.125480521,0.538101574,0.072733459
97.03635023,0.159949765,1.127907524,0.470499291,0.072025509
97.0409889,0.15558746,1.127179423,0.48942793,0.066676556
97.04562757,0.15889958,1.129121025,0.519172935,0.068721744
97.05026624,0.163746585,1.13389413,0.512863388,0.074464003
97.05490491,0.157445479,1.13389413,0.470499291,0.068800405
97.05954358,0.155991377,1.131952528,0.490329294,0.066833878
97.06418225,0.161888567,1.134622231,0.532693391,0.071632204
97.06882092,0.161323083,1.136240233,0.476808837,0.073126764
97.07345959,0.155506677,1.133166029,0.479512928,0.066991201
97.07809826,0.156879995,1.132195228,0.502047023,0.067620489
97.08273693,0.163100318,1.135593032,0.520975662,0.073834714
97.0873756,0.157849396,1.13421773,0.462387016,0.070373627
97.09201427,0.155264326,1.130900827,0.484019747,0.066755217
97.09665294,0.159707414,1.131709828,0.521877026,0.070058983
97.10129161,0.162130917,1.13413683,0.485822475,0.074228019
97.10593028,0.155425893,1.130496326,0.469597927,0.067935134
97.11056895,0.155749027,1.128392924,0.488526566,0.066991201
97.11520762,0.162534834,1.130739027,0.527285209,0.073284087
97.11984629,0.159222714,1.130658127,0.460584289,0.071474882
97.12448496,0.154698842,1.126613122,0.478611565,0.066991201
97.12912363,0.157849396,1.126855823,0.510159297,0.068957727
97.1337623,0.162938751,1.129849126,0.500244295,0.074306681
97.13840097,0.156395294,1.127583923,0.46328838,0.069036389
97.14303964,0.155425893,1.125561421,0.484921111,0.066833878
97.14767831,0.161161516,1.128473824,0.5299893,0.071789526
97.15231698,0.160111332,1.130334526,0.472302018,0.072969442
97.15695565,0.154860409,1.128635625,0.478611565,0.067227184
97.16159432,0.156314511,1.127583923,0.502047023,0.067620489
97.16623299,0.163181101,1.130819927,0.516468843,0.074228019
97.17087166,0.157122345,1.128797425,0.460584289,0.070216305
97.17551033,0.154214142,1.12475242,0.48221702,0.066519234
97.180149,0.159303497,1.125642321,0.520975662,0.070294966
97.18478767,0.161242299,1.127664823,0.48221702,0.073913375
97.18942634,0.155183543,1.12418612,0.469597927,0.067777811
97.19406501,0.155264326,1.121031016,0.488526566,0.067384506
97.19870368,0.162373267,1.122891718,0.523679754,0.073284087
97.20334235,0.158334096,1.122001817,0.457880198,0.071553543
97.20798102,0.154294925,1.118037713,0.476808837,0.066991201
97.21261969,0.157607046,1.117066912,0.509257933,0.069036389
97.21725836,0.162454051,1.119413015,0.495737476,0.074149358
97.22189703,0.15558746,1.116096111,0.461485653,0.068328439
97.2265357,0.154537276,1.113264608,0.481315656,0.066676556
97.23117437,0.160434465,1.11512531,0.526383845,0.072025509
97.23581304,0.159384281,1.115529811,0.465091108,0.07281212
97.24045171,0.153810225,1.112617408,0.475006109,0.067148523
97.24509038,0.155910594,1.111403906,0.499342932,0.068171117
97.24972905,0.161727,1.11496351,0.511060661,0.074228019
97.25436772,0.155425893,1.113507308,0.457880198,0.06990166
97.25900639,0.153325524,1.110675805,0.480414292,0.066597895
97.26364506,0.158576447,1.111970207,0.521877026,0.07060961
97.26828373,0.159303497,1.11480171,0.479512928,0.073598731
97.2729224,0.153406308,1.113588209,0.472302018,0.067541828
97.27756107,0.153971792,1.114154509,0.493934749,0.067148523
97.28219974,0.160192115,1.119574815,0.528186573,0.07352007
97.28683841,0.156476078,1.122325418,0.465992472,0.071160238
97.29147708,0.153244741,1.123296219,0.486723839,0.066991201
97.29611575,0.156718428,1.127664823,0.521877026,0.069508355
97.30075442,0.161080733,1.134703131,0.502948387,0.074385342
97.30539309,0.154375709,1.136887433,0.473203382,0.0684071
97.31003176,0.153406308,1.138748135,0.492132021,0.067069862
97.31467043,0.160111332,1.144087541,0.535397483,0.072654798
97.3193091,0.157930179,1.148860646,0.472302018,0.072654798
97.32394777,0.153083174,1.148537046,0.484019747,0.067227184
97.32858644,0.155183543,1.149346046,0.509257933,0.068564422
97.33322511,0.160838382,1.154361852,0.516468843,0.074542664
97.33786378,0.154698842,1.153229251,0.465091108,0.069980321
97.34250245,0.152679257,1.150721348,0.484921111,0.067069862
97.34714112,0.158495663,1.151773049,0.525482481,0.070688271
97.35177979,0.159061147,1.152096649,0.477710201,0.073834714
97.35641846,0.153083174,1.147728045,0.472302018,0.067777811
97.36105713,0.153567875,1.144087541,0.491230657,0.06769915
97.3656958,0.159868981,1.144330241,0.520975662,0.073677392
97.37033447,0.155668243,1.142065039,0.456978834,0.071081577
97.37497314,0.152356123,1.137696434,0.478611565,0.066991201
97.37961181,0.156395294,1.135188531,0.513764752,0.069744338
97.38425048,0.160192115,1.136482933,0.48942793,0.074464003
97.38888915,0.153163957,1.132437929,0.464189744,0.0684071
97.39352782,0.15227534,1.129121025,0.483118383,0.06691254
97.39816649,0.159465064,1.129687326,0.527285209,0.072654798
97.40280516,0.157203128,1.128392924,0.460584289,0.072654798
97.40744383,0.152436907,1.123296219,0.475907473,0.067227184
97.4120825,0.155021976,1.120788316,0.502948387,0.068564422
97.41672117,0.160434465,1.122244518,0.505652478,0.074385342
97.42135984,0.154133359,1.118118613,0.45607747,0.069587016
97.42599851,0.152113773,1.113264608,0.477710201,0.06691254
97.43063718,0.157687829,1.111889307,0.520074299,0.071474882
97.43527585,0.157849396,1.111565706,0.469597927,0.073598731
97.43991452,0.151871423,1.1059836,0.466893835,0.067148523
97.44455319,0.153083174,1.102747597,0.488526566,0.067463167
97.44919186,0.159384281,1.103880198,0.514666116,0.073677392
97.45383053,0.154456492,1.100967795,0.452472015,0.07060961
97.4584692,0.150659672,1.09587109,0.473203382,0.066833878
97.46310787,0.154860409,1.094576688,0.509257933,0.069822999
97.46774654,0.158495663,1.09595199,0.48221702,0.074385342
97.47238521,0.151709856,1.092392386,0.460584289,0.068328439
97.47702388,0.151225155,1.089075483,0.481315656,0.066991201
97.48166255,0.157930179,1.091340685,0.523679754,0.07281212
97.48630122,0.15534511,1.091259785,0.457880198,0.07210417
97.49093989,0.150982805,1.087295681,0.474104746,0.066755217
97.49557856,0.153810225,1.08664848,0.502948387,0.068249778
97.50021723,0.158818797,1.088590082,0.502047023,0.074385342
97.5048559,0.152679257,1.08632488,0.457880198,0.069508355
97.50949457,0.150821238,1.083655177,0.481315656,0.066991201
97.51413324,0.156799211,1.085515879,0.523679754,0.071396221
97.51877191,0.156395294,1.08632488,0.470499291,0.073284087
97.52341058,0.150982805,1.083736077,0.471400654,0.067305845
97.52804925,0.152598474,1.083412477,0.495737476,0.067463167
97.53268792,0.158818797,1.087133881,0.518271571,0.073834714
97.53732659,0.153406308,1.088023781,0.458781561,0.070216305
97.54196526,0.150498105,1.088509182,0.485822475,0.066519234
97.54660393,0.154941193,1.095304789,0.529087936,0.069587016
97.5512426,0.158172529,1.1050937,0.500244295,0.074070697
97.55588127,0.151386722,1.109300504,0.486723839,0.067620489
97.56051994,0.151305939,1.112860108,0.508356569,0.06691254
97.56515861,0.158253313,1.119493915,0.547115212,0.07281212
97.56979728,0.155264326,1.122972619,0.477710201,0.071632204
97.57443595,0.150902022,1.121840017,0.493033385,0.066519234
97.57907462,0.154214142,1.123053519,0.520975662,0.068564422
97.58371329,0.159384281,1.126694022,0.513764752,0.074228019
97.58835196,0.153244741,1.12475242,0.471400654,0.068879066
97.59299063,0.151871423,1.122082718,0.492132021,0.066440573
97.5976293,0.158010963,1.12483332,0.535397483,0.071474882
97.60226797,0.157526262,1.126774923,0.477710201,0.072969442
97.60690664,0.15227534,1.122729918,0.48221702,0.067069862
97.61154531,0.153729441,1.121111917,0.50384975,0.06769915
97.61618398,0.160192115,1.123781619,0.52277839,0.073992036
97.62082265,0.154537276,1.122810818,0.464189744,0.070452288
97.62546132,0.151952206,1.119655715,0.485822475,0.066833878
97.63009999,0.156879995,1.119413015,0.523679754,0.070373627
97.63473866,0.159303497,1.120950116,0.486723839,0.074149358
97.63937733,0.152840824,1.116500612,0.470499291,0.067856472
97.644016,0.153163957,1.114073609,0.488526566,0.067148523
97.64865467,0.160111332,1.11488261,0.527285209,0.073441409
97.65329334,0.156637645,1.113992709,0.460584289,0.071789526
97.65793201,0.152356123,1.109057804,0.479512928,0.067069862
97.66257068,0.155668243,1.107763402,0.510159297,0.068800405
97.66720935,0.160515249,1.110675805,0.499342932,0.074857308
97.67184802,0.154214142,1.107682502,0.462387016,0.06911505
97.67648669,0.152840824,1.105012799,0.483118383,0.067463167
97.68112536,0.159465064,1.106630801,0.528186573,0.072497476
97.68576403,0.158495663,1.108167903,0.469597927,0.072969442
97.6904027,0.153163957,1.1050937,0.476808837,0.067227184
97.69504137,0.154860409,1.103232998,0.500244295,0.068092456
97.69968004,0.161080733,1.1059836,0.514666116,0.074385342
97.70431871,0.155264326,1.104527399,0.458781561,0.070216305
97.70895738,0.152840824,1.101129595,0.480414292,0.06691254
97.71359605,0.157687829,1.101291396,0.520074299,0.07060961
97.71823472,0.159141931,1.102585797,0.479512928,0.073834714
97.72287339,0.153002391,1.099349793,0.467795199,0.067541828
97.72751206,0.153163957,1.096841891,0.488526566,0.067227184
97.73215073,0.160515249,1.099835194,0.525482481,0.073362748
97.7367894,0.156718428,1.099996994,0.461485653,0.071789526
97.74142807,0.153163957,1.09635649,0.481315656,0.067069862
97.74606674,0.156072161,1.096599191,0.512863388,0.069193711
97.75070541,0.160515249,1.099268893,0.497540204,0.074464003
97.75534408,0.154133359,1.095547489,0.46328838,0.068643083
97.75998275,0.15276004,1.092958687,0.484019747,0.067148523
97.76462142,0.159222714,1.094495788,0.527285209,0.07210417
97.76926009,0.158172529,1.095223889,0.465992472,0.072654798
97.77389876,0.152921607,1.092149686,0.475907473,0.067384506
97.77853743,0.154941193,1.091583385,0.502047023,0.0684071
97.7831761,0.161080733,1.094495788,0.513764752,0.074699986
97.78781477,0.154698842,1.092554186,0.461485653,0.070058983
97.79245344,0.152598474,1.090208084,0.483118383,0.067148523
97.79709211,0.158172529,1.092068786,0.524581117,0.071160238
97.80173078,0.159465064,1.094738489,0.481315656,0.074228019
97.80636945,0.153244741,1.092635086,0.473203382,0.068328439
97.81100812,0.154133359,1.092230586,0.494836113,0.068013795
97.81564679,0.160757599,1.095547489,0.527285209,0.074385342
97.82028546,0.156799211,1.095304789,0.462387016,0.071710865
97.82492413,0.153325524,1.091664285,0.481315656,0.067384506
97.8295628,0.156799211,1.090936185,0.513764752,0.070137644
97.83420147,0.160515249,1.092230586,0.493934749,0.075250613
97.83884014,0.153971792,1.088428282,0.46328838,0.06911505
97.84347881,0.152840824,1.085677679,0.48221702,0.067541828
97.84811748,0.159061147,1.087214781,0.527285209,0.072890781
97.85275615,0.157526262,1.08697208,0.46328838,0.072890781
97.85739482,0.152598474,1.083655177,0.476808837,0.067305845
97.86203349,0.154941193,1.083169776,0.502948387,0.068879066
97.86667216,0.160757599,1.086082179,0.511060661,0.07501463
97.87131083,0.154698842,1.085111378,0.461485653,0.070137644
97.8759495,0.152356123,1.082198975,0.484019747,0.067463167
97.88058817,0.158010963,1.084140577,0.526383845,0.071553543
97.88522684,0.159141931,1.08640578,0.478611565,0.074857308
97.88986551,0.153163957,1.083493377,0.472302018,0.068564422
97.89450418,0.153971792,1.082198975,0.493033385,0.068328439
97.89914285,0.160272898,1.085515879,0.52277839,0.074464003
97.90378152,0.155910594,1.085192278,0.458781561,0.071396221
97.90842019,0.152679257,1.082927076,0.480414292,0.067620489
97.91305886,0.156637645,1.083574277,0.516468843,0.070058983
97.91769753,0.160676815,1.087376581,0.493033385,0.075093291
97.9223362,0.154052575,1.085354079,0.466893835,0.069036389
97.92697487,0.153487091,1.084545078,0.487625202,0.067620489
97.93161354,0.159949765,1.089399083,0.531792028,0.073362748
97.93625221,0.157849396,1.092958687,0.466893835,0.073441409
97.94089088,0.153163957,1.093605887,0.483118383,0.06769915
97.94552955,0.15534511,1.097003691,0.511962024,0.068879066
97.95016822,0.160919166,1.103394798,0.51556748,0.07501463
97.95480689,0.154294925,1.103961098,0.467795199,0.070137644
97.95944556,0.15276004,1.103475698,0.48942793,0.067541828
97.96408423,0.158738013,1.106711701,0.533594755,0.071946848
97.9687229,0.158980364,1.109462304,0.481315656,0.074306681
97.97336157,0.153002391,1.106388101,0.477710201,0.067935134
97.97800024,0.154375709,1.1054173,0.498441568,0.068171117
97.98263891,0.160919166,1.107116202,0.523679754,0.074385342
97.98727758,0.155668243,1.1054982,0.459682925,0.071238899
97.99191625,0.152598474,1.101614996,0.481315656,0.067463167
97.99655492,0.156799211,1.101372296,0.517370207,0.070373627
98.00119359,0.160030548,1.102747597,0.48942793,0.074857308
98.00583226,0.153002391,1.098783493,0.465091108,0.069193711
98.01047093,0.152921607,1.09635649,0.484921111,0.067856472
98.0151096,0.159626631,1.098783493,0.526383845,0.073441409
98.01974827,0.156718428,1.097893592,0.459682925,0.072890781
98.02438694,0.151790639,1.093686787,0.475006109,0.06769915
98.02902561,0.154779626,1.091745185,0.502948387,0.069351033
98.03366428,0.159707414,1.093120487,0.502047023,0.075565258
98.03830295,0.153244741,1.089803583,0.456978834,0.070216305
98.04294162,0.151629073,1.08672938,0.479512928,0.067541828
98.04758029,0.157687829,1.087861981,0.523679754,0.072182832
98.05221896,0.157849396,1.089399083,0.469597927,0.074149358
98.05685763,0.15203299,1.085273179,0.472302018,0.068171117
98.0614963,0.153325524,1.084706878,0.495737476,0.068800405
98.06613497,0.159303497,1.087861981,0.519172935,0.07501463
98.07077364,0.154294925,1.087295681,0.458781561,0.071396221
98.07541231,0.151225155,1.083978777,0.48221702,0.067777811
98.08005098,0.15558746,1.084383278,0.519172935,0.071160238
98.08468965,0.158091746,1.08672938,0.486723839,0.075250613
98.08932832,0.152113773,1.083088876,0.466893835,0.069036389
98.09396699,0.151952206,1.080500073,0.485822475,0.068171117
98.09860566,0.158253313,1.082927076,0.526383845,0.074070697
98.10324433,0.154941193,1.082603476,0.459682925,0.07281212
98.107883,0.150498105,1.079043872,0.477710201,0.067777811
98.11252167,0.154052575,1.079852873,0.508356569,0.069665677
98.11716034,0.15889958,1.083816977,0.50384975,0.075486597
98.12179901,0.152921607,1.082441676,0.462387016,0.069980321
98.12643768,0.151144372,1.081389974,0.484019747,0.068092456
98.13107635,0.157203128,1.084545078,0.529087936,0.072418815
98.13571502,0.157041562,1.08640578,0.473203382,0.073913375
98.14035369,0.151386722,1.084625978,0.477710201,0.067935134
98.14499236,0.153083174,1.085030478,0.500244295,0.068721744
98.14963103,0.159141931,1.088266482,0.519172935,0.075250613
98.1542697,0.153971792,1.088994582,0.462387016,0.071160238
98.15890837,0.151225155,1.088428282,0.484921111,0.067620489
98.16354704,0.155910594,1.090046284,0.524581117,0.070924254
98.16818571,0.157930179,1.094657588,0.48942793,0.074699986
98.17282438,0.151790639,1.093282287,0.473203382,0.068564422
98.17746305,0.151952206,1.093120487,0.493033385,0.06769915
98.18210172,0.158576447,1.097489091,0.532693391,0.073756053
98.18674039,0.155425893,1.100158794,0.466893835,0.072340154
98.19137906,0.151548289,1.099511594,0.486723839,0.067305845
98.19601773,0.154618059,1.102262197,0.520074299,0.069744338
98.2006564,0.159303497,1.109057804,0.512863388,0.075171952
98.20529507,0.153002391,1.111323006,0.478611565,0.069429694
98.20993374,0.15203299,1.113669109,0.500244295,0.067305845
98.21457241,0.158253313,1.120869216,0.54891794,0.072497476
98.21921108,0.157283912,1.128392924,0.495737476,0.07352007
98.22384975,0.151871423,1.132923329,0.506553842,0.067856472
98.22848842,0.153648658,1.139880736,0.534496119,0.068485761
98.23312709,0.159868981,1.150235947,0.550720667,0.074935969
98.23776576,0.154698842,1.157274255,0.498441568,0.070688271
98.24240443,0.151952206,1.163503562,0.524581117,0.067384506
98.2470431,0.157283912,1.172240771,0.562438396,0.071160238
98.25168177,0.159465064,1.184375784,0.5299893,0.074542664
98.25632044,0.153083174,1.192223092,0.520074299,0.068171117
98.26095911,0.153810225,1.1998277,0.539904302,0.067541828
98.26559778,0.160353682,1.213904315,0.582268399,0.073992036
98.27023645,0.156718428,1.22846633,0.528186573,0.071868187
98.27487512,0.153002391,1.242785646,0.564241124,0.067227184
98.27951379,0.157122345,1.268350073,0.638152954,0.069429694
98.28415246,0.161403866,1.299173005,0.651673411,0.074857308
98.28879113,0.155425893,1.32214863,0.621928406,0.069036389
98.2934298,0.154860409,1.343587153,0.641758409,0.067148523
98.29806847,0.161161516,1.368989779,0.685023871,0.07281212
98.30270714,0.159788198,1.389214801,0.614717496,0.073126764
98.30734581,0.154618059,1.396010408,0.608407949,0.067541828
98.31198448,0.157283912,1.401997014,0.625533861,0.068643083
98.31662315,0.163585019,1.410167923,0.628237952,0.074699986
98.32126182,0.157768612,1.412271325,0.569649307,0.069980321
98.32590049,0.15558746,1.412028625,0.584071127,0.067541828
98.33053916,0.160838382,1.413808427,0.615618859,0.07131756
98.33517783,0.162292484,1.413889327,0.561537032,0.074542664
98.3398165,0.156072161,1.406446519,0.541707029,0.068013795
98.34445517,0.156718428,1.398599211,0.550720667,0.067777811
98.34909384,0.163746585,1.394554207,0.577761581,0.074070697
98.35373251,0.159465064,1.387434999,0.505652478,0.072025509
98.35837118,0.155668243,1.375542686,0.517370207,0.067305845
98.36300985,0.159061147,1.366886377,0.547115212,0.069822999
98.36764852,0.162857968,1.361304271,0.524581117,0.074857308
98.37228719,0.155749027,1.35086816,0.492132021,0.069036389
98.37692586,0.15558746,1.340270249,0.510159297,0.067463167
98.38156453,0.1622117,1.334121842,0.552523395,0.07281212
98.3862032,0.160192115,1.326274534,0.486723839,0.072890781
98.39084187,0.154860409,1.314382222,0.497540204,0.067384506
98.39548054,0.157526262,1.305887713,0.52277839,0.068564422
98.40011921,0.162777184,1.301357308,0.526383845,0.074935969
98.40475788,0.157364695,1.291406597,0.473203382,0.06990166
98.40939655,0.155183543,1.281132286,0.493934749,0.067384506
98.41403522,0.159949765,1.276116481,0.533594755,0.071474882
98.41867389,0.161242299,1.271828776,0.484921111,0.074306681
98.42331256,0.154941193,1.262201666,0.478611565,0.068249778
98.42795123,0.155506677,1.253788057,0.498441568,0.068249778
98.4325899,0.162534834,1.250794754,0.527285209,0.074385342
98.43722857,0.157930179,1.244565447,0.461485653,0.071396221
98.44186724,0.154618059,1.235585538,0.48221702,0.067305845
98.44650591,0.158495663,1.230003432,0.517370207,0.070058983
98.45114458,0.162050134,1.226686529,0.493033385,0.074857308
98.45578325,0.155183543,1.21883922,0.465091108,0.068800405
98.46042192,0.154698842,1.211072812,0.485822475,0.067463167
98.46506059,0.161242299,1.207836809,0.527285209,0.073284087
98.46969926,0.158738013,1.204277205,0.462387016,0.072733459
98.47433793,0.153567875,1.196268096,0.476808837,0.067463167
98.4789766,0.156476078,1.191494991,0.50384975,0.069193711
98.48361527,0.161646217,1.19068599,0.505652478,0.075329275
98.48825394,0.155021976,1.184699384,0.458781561,0.070137644
98.49289261,0.153567875,1.178389177,0.481315656,0.067463167
98.49753128,0.159222714,1.177094776,0.523679754,0.071710865
98.50216995,0.159465064,1.176123975,0.473203382,0.074149358
98.50680862,0.153810225,1.169247468,0.472302018,0.067777811
98.51144729,0.155183543,1.165606964,0.494836113,0.067856472
98.51608596,0.162050134,1.166415965,0.520074299,0.074306681
98.52072463,0.156960778,1.163341761,0.458781561,0.071002915
98.5253633,0.153244741,1.157840555,0.481315656,0.067463167
98.53000197,0.157768612,1.157031555,0.517370207,0.070373627
98.53464064,0.161161516,1.158164156,0.488526566,0.074857308
98.53927931,0.154456492,1.153229251,0.466893835,0.068800405
98.54391798,0.154294925,1.149831447,0.487625202,0.067541828
98.54855665,0.160919166,1.150883148,0.528186573,0.073048103
98.55319532,0.158010963,1.150316848,0.46328838,0.072576137
98.55783399,0.153163957,1.145543742,0.479512928,0.067227184
98.56247266,0.155991377,1.143925741,0.508356569,0.068643083
98.56711133,0.161888567,1.146190943,0.505652478,0.074778647
98.57175,0.155749027,1.14287404,0.461485653,0.069429694
98.57638867,0.154052575,1.139395336,0.483118383,0.067069862
98.58102734,0.160192115,1.140204337,0.526383845,0.071789526
98.58566601,0.160353682,1.141417838,0.473203382,0.073756053
98.59030468,0.154214142,1.137453734,0.475907473,0.067620489
98.59494335,0.155021976,1.136402033,0.502047023,0.068013795
98.59958202,0.162130917,1.141013338,0.528186573,0.074385342
98.60422069,0.156960778,1.14295494,0.469597927,0.070924254
98.60885936,0.154133359,1.142712239,0.493033385,0.067148523
98.61349803,0.15865723,1.144653842,0.5299893,0.070137644
98.6181367,0.161323083,1.148456146,0.497540204,0.074385342
98.62277537,0.154698842,1.146352743,0.478611565,0.068171117
98.62741404,0.154294925,1.145220142,0.497540204,0.067384506
98.63205271,0.161161516,1.148779746,0.538101574,0.073284087
98.63669138,0.158010963,1.149426947,0.468696563,0.071946848
98.64133005,0.153487091,1.146110043,0.485822475,0.067148523
98.64596872,0.156476078,1.144815642,0.512863388,0.068879066
98.65060739,0.161646217,1.146919044,0.506553842,0.074542664
98.65524606,0.154698842,1.144249341,0.465091108,0.068800405
98.65988473,0.153810225,1.140851537,0.486723839,0.06691254
98.6645234,0.160515249,1.142469539,0.5299893,0.071632204
98.66916207,0.159707414,1.143763941,0.474104746,0.073205426
98.67380074,0.154214142,1.140527937,0.479512928,0.067384506
98.67843941,0.155749027,1.139395336,0.504751114,0.068171117
98.68307808,0.162373267,1.142469539,0.523679754,0.074149358
98.68771675,0.156799211,1.141417838,0.465992472,0.070137644
98.69235542,0.154133359,1.138586335,0.487625202,0.066597895
98.69699409,0.15865723,1.139557136,0.526383845,0.070294966
98.70163276,0.161161516,1.141741438,0.48942793,0.074228019
98.70627143,0.155183543,1.138748135,0.475006109,0.067856472
98.7109101,0.155668243,1.136887433,0.494836113,0.067384506
98.71554877,0.162292484,1.139476236,0.533594755,0.073205426
98.72018744,0.159141931,1.140285237,0.466893835,0.071474882
98.72482611,0.154941193,1.137534634,0.485822475,0.06691254
98.72946478,0.158091746,1.138343635,0.516468843,0.069036389
98.73410345,0.163019535,1.142388639,0.506553842,0.074464003
98.73874212,0.156960778,1.140770637,0.469597927,0.068957727
98.74338079,0.156152944,1.139557136,0.491230657,0.066833878
98.74801946,0.162050134,1.141903239,0.535397483,0.07210417
98.75265813,0.161565433,1.145058342,0.476808837,0.073284087
98.7572968,0.156072161,1.142631339,0.484921111,0.067305845
98.76193547,0.158334096,1.14303584,0.508356569,0.067856472
98.76657414,0.164635203,1.147080844,0.52277839,0.074385342
98.77121281,0.158818797,1.145139242,0.465091108,0.070058983
98.77585148,0.156314511,1.141660538,0.485822475,0.066755217
98.78049015,0.161403866,1.142145939,0.524581117,0.070373627
98.78512882,0.163423452,1.14303584,0.484019747,0.074149358
98.78976749,0.157122345,1.139233536,0.471400654,0.068013795
98.79440616,0.157364695,1.136321133,0.492132021,0.067384506
98.79904483,0.164392853,1.138505435,0.527285209,0.073677392
98.8036835,0.159626631,1.137211034,0.460584289,0.071553543
98.80832217,0.155991377,1.13365143,0.481315656,0.066755217
98.81296084,0.159626631,1.133085129,0.513764752,0.068957727
98.81759951,0.164312069,1.135593032,0.497540204,0.074385342
98.82223818,0.157687829,1.132276128,0.464189744,0.068485761
98.82687685,0.155991377,1.129201925,0.484921111,0.066991201
98.83151552,0.162454051,1.131062627,0.5299893,0.072340154
98.83615419,0.161161516,1.130981727,0.466893835,0.072969442
98.84079286,0.155749027,1.127017623,0.476808837,0.067305845
98.84543153,0.157607046,1.125723221,0.501145659,0.068092456
98.8500702,0.163746585,1.128150224,0.511962024,0.074385342
98.85470887,0.157687829,1.125642321,0.458781561,0.070058983
98.85934754,0.155668243,1.122163618,0.481315656,0.06691254
98.86398621,0.161161516,1.123781619,0.52277839,0.070688271
98.86862488,0.162373267,1.126289522,0.479512928,0.073834714
98.87326355,0.156072161,1.123862519,0.471400654,0.067384506
98.87790222,0.156799211,1.121597317,0.493033385,0.066991201
98.88254089,0.163746585,1.125076021,0.525482481,0.073284087
98.88717956,0.159303497,1.124995121,0.459682925,0.071238899
98.89181823,0.155749027,1.121840017,0.480414292,0.06691254
98.8964569,0.159061147,1.121516417,0.514666116,0.069193711
98.90109557,0.163261885,1.12475242,0.494836113,0.074385342
98.90573424,0.156637645,1.121759117,0.465091108,0.068485761
98.91037291,0.15582981,1.119170314,0.484921111,0.066991201
98.91501158,0.161888567,1.121435517,0.529087936,0.072497476
98.91965025,0.160596032,1.123215319,0.464189744,0.072733459
98.92428892,0.155264326,1.120141116,0.477710201,0.066991201
98.92892759,0.157687829,1.119979315,0.504751114,0.068328439
98.93356626,0.163827369,1.123619819,0.511060661,0.074464003
98.93820493,0.157526262,1.122487218,0.461485653,0.069587016
98.9428436,0.155425893,1.120707416,0.484019747,0.067069862
98.94748227,0.161323083,1.123619819,0.527285209,0.071081577
98.95212094,0.162777184,1.128716525,0.481315656,0.073756053
98.95675961,0.156233727,1.128392924,0.477710201,0.067463167
98.96139828,0.157203128,1.129363725,0.499342932,0.06769915
98.96603695,0.164069719,1.135269432,0.5299893,0.074149358
98.97067562,0.159949765,1.138505435,0.467795199,0.07131756
98.97531429,0.156718428,1.139961637,0.491230657,0.067069862
98.97995296,0.160596032,1.145624643,0.528186573,0.069822999
98.98459163,0.164635203,1.154280952,0.506553842,0.074385342
98.9892303,0.15841488,1.157516955,0.483118383,0.068328439
98.99386897,0.158495663,1.162694561,0.505652478,0.067148523
98.99850764,0.165604604,1.17135087,0.54891794,0.072890781
99.00314631,0.163100318,1.174344173,0.480414292,0.072497476
99.00778498,0.158334096,1.172564371,0.493033385,0.067148523
99.01242365,0.160838382,1.172483471,0.516468843,0.068800405
99.01706232,0.166331655,1.174991374,0.516468843,0.074621325
99.02170099,0.160192115,1.17175537,0.466893835,0.069587016
99.02633966,0.158091746,1.167224965,0.488526566,0.066991201
99.03097833,0.164069719,1.167953066,0.5299893,0.071553543
99.035617,0.164150503,1.169085667,0.477710201,0.073756053
99.04025567,0.158091746,1.163422661,0.476808837,0.067541828
99.04489434,0.159222714,1.160510258,0.497540204,0.067935134
99.04953301,0.166008521,1.163179961,0.52277839,0.074306681
99.05417168,0.161161516,1.161400159,0.461485653,0.070845593
99.05881035,0.157930179,1.157274255,0.483118383,0.067227184
99.06344902,0.161807783,1.157193355,0.519172935,0.070058983
99.06808769,0.165119904,1.159377657,0.491230657,0.074542664
99.07272636,0.158334096,1.155979854,0.468696563,0.068171117
99.07736503,0.157930179,1.153310151,0.488526566,0.067148523
99.0820037,0.164635203,1.154847252,0.5299893,0.072733459
99.08664237,0.161403866,1.154200052,0.46328838,0.072025509
99.09128104,0.156879995,1.150155047,0.480414292,0.067463167
99.09591971,0.159707414,1.148779746,0.509257933,0.068879066
99.10055838,0.164877553,1.151530349,0.506553842,0.074699986
99.10519705,0.157849396,1.148860646,0.46328838,0.06911505
99.10983572,0.157041562,1.146433643,0.484921111,0.067148523
99.11447439,0.163342668,1.148698846,0.529087936,0.071474882
99.11911306,0.163585019,1.150316848,0.475006109,0.073362748
99.12375173,0.157687829,1.147647145,0.477710201,0.067620489
99.1283904,0.158980364,1.147728045,0.501145659,0.067935134
99.13302907,0.165927738,1.151368549,0.524581117,0.074542664
99.13766774,0.160838382,1.150721348,0.465091108,0.070688271
99.14230641,0.157849396,1.148537046,0.487625202,0.067148523
99.14694508,0.162534834,1.150478648,0.525482481,0.070452288
99.15158375,0.165362254,1.153795551,0.492132021,0.074464003
99.15622242,0.159061147,1.151530349,0.474104746,0.068171117
99.16086109,0.159061147,1.150235947,0.493934749,0.067384506
99.16549976,0.165604604,1.153148351,0.533594755,0.073126764
99.17013843,0.162534834,1.15274385,0.465091108,0.072182832
99.1747771,0.158010963,1.148537046,0.483118383,0.067384506
99.17941577,0.160919166,1.148213445,0.512863388,0.069429694
99.18405444,0.165846954,1.149912347,0.504751114,0.07501463
99.18869311,0.159384281,1.147323544,0.46328838,0.069193711
99.19333178,0.157526262,1.144168441,0.484019747,0.067148523
99.19797045,0.163585019,1.145220142,0.528186573,0.072182832
99.20260912,0.163665802,1.146433643,0.470499291,0.073677392
99.20724779,0.157364695,1.142388639,0.476808837,0.067541828
99.21188646,0.159061147,1.141094238,0.500244295,0.068171117
99.21652513,0.165523821,1.144411141,0.517370207,0.074542664
99.2211638,0.159788198,1.14319764,0.459682925,0.070688271
99.22580247,0.156960778,1.140689737,0.483118383,0.067148523
99.23044114,0.162050134,1.142550439,0.521877026,0.071002915
99.23507981,0.164473636,1.146190943,0.484921111,0.074542664
99.23971848,0.157849396,1.14327854,0.471400654,0.068643083
99.24435715,0.158091746,1.141417838,0.48942793,0.067856472
99.24899582,0.16503912,1.144168441,0.527285209,0.073913375
99.25363449,0.161080733,1.14360214,0.460584289,0.072182832
99.25827316,0.156960778,1.140204337,0.479512928,0.06769915
99.26291183,0.160192115,1.140042537,0.511962024,0.069587016
99.2675505,0.164473636,1.14327854,0.500244295,0.074857308
99.27218917,0.157526262,1.140447037,0.46328838,0.069272372
99.27682784,0.156233727,1.138343635,0.484019747,0.067227184
99.28146651,0.162777184,1.140285237,0.527285209,0.072340154
99.28610518,0.162050134,1.142631339,0.466893835,0.073441409
99.29074385,0.156314511,1.139638036,0.476808837,0.067541828
99.29538252,0.158091746,1.139718936,0.501145659,0.068564422
99.30002119,0.164312069,1.14344034,0.51556748,0.074699986
99.30465986,0.158253313,1.142065039,0.459682925,0.070688271
99.30929853,0.15558746,1.139233536,0.48221702,0.067148523
99.3139372,0.161403866,1.140608837,0.520975662,0.070845593
99.31857587,0.163181101,1.142631339,0.480414292,0.074306681
99.32321454,0.156960778,1.138748135,0.468696563,0.068013795
99.32785321,0.156960778,1.136644733,0.48942793,0.06769915
99.33249188,0.164150503,1.139233536,0.524581117,0.073834714
99.33713055,0.160192115,1.138748135,0.458781561,0.071710865
99.34176922,0.156152944,1.135026731,0.479512928,0.067305845
99.34640789,0.159465064,1.13421773,0.511962024,0.069744338
99.35104656,0.163665802,1.136402033,0.495737476,0.074699986
99.35568523,0.157283912,1.133246929,0.46328838,0.068879066
99.3603239,0.156072161,1.130658127,0.483118383,0.067069862
99.36496257,0.162454051,1.132033428,0.526383845,0.072497476
99.36960124,0.160676815,1.132599729,0.46328838,0.072890781
99.37423991,0.155021976,1.127826624,0.475006109,0.067463167
99.37887858,0.157445479,1.127017623,0.499342932,0.068328439
99.38351725,0.163261885,1.129849126,0.510159297,0.074778647
99.38815592,0.157283912,1.127988424,0.456978834,0.070137644
99.39279459,0.154537276,1.12442882,0.479512928,0.066991201
99.39743326,0.160192115,1.12450972,0.520074299,0.071081577
99.40207193,0.161323083,1.126936723,0.475006109,0.074228019
99.4067106,0.155021976,1.12410522,0.468696563,0.067777811
99.41134927,0.155668243,1.122568118,0.490329294,0.06769915
99.41598794,0.162777184,1.125076021,0.523679754,0.073992036
99.42062661,0.158576447,1.12459062,0.457880198,0.071238899
99.42526528,0.154941193,1.122001817,0.479512928,0.066991201
99.42990395,0.15865723,1.122163618,0.512863388,0.069587016
99.43454262,0.162454051,1.125399621,0.493934749,0.074857308
99.43918129,0.155506677,1.122891718,0.465091108,0.068721744
99.44381996,0.155021976,1.121192817,0.485822475,0.066991201
99.44845863,0.161727,1.123619819,0.529087936,0.07281212
99.4530973,0.159545848,1.12483332,0.465091108,0.072969442
99.45773597,0.154456492,1.122406318,0.477710201,0.067148523
99.46237464,0.157203128,1.122001817,0.504751114,0.068564422
99.46701331,0.162615618,1.126208622,0.512863388,0.074857308
99.47165198,0.156233727,1.124914221,0.462387016,0.070058983
99.47629065,0.154375709,1.122729918,0.483118383,0.067227184
99.48092932,0.159868981,1.12410522,0.524581117,0.071396221
99.48556799,0.161323083,1.126289522,0.475907473,0.073913375
99.49020666,0.154860409,1.123619819,0.471400654,0.067777811
99.49484533,0.155910594,1.122729918,0.495737476,0.067620489
99.499484,0.163181101,1.128150224,0.525482481,0.074149358
99.50412267,0.15865723,1.130496326,0.46328838,0.071081577
99.50876134,0.155425893,1.128878325,0.484921111,0.067620489
99.51340001,0.160111332,1.131305327,0.520975662,0.070137644
99.51803868,0.163908152,1.135593032,0.494836113,0.074778647
99.52267735,0.156799211,1.133004229,0.468696563,0.068564422
99.52731602,0.156233727,1.130981727,0.486723839,0.06769915
99.53195469,0.162615618,1.13348963,0.5299893,0.073126764
99.53659336,0.160272898,1.13365143,0.46328838,0.072576137
99.54123203,0.15534511,1.130091826,0.477710201,0.067463167
99.5458707,0.157445479,1.128069324,0.505652478,0.068879066
99.55050937,0.163100318,1.130739027,0.506553842,0.074857308
99.55514804,0.156233727,1.128392924,0.459682925,0.069587016
99.55978671,0.155021976,1.125885022,0.481315656,0.067227184
99.56442538,0.160838382,1.127583923,0.524581117,0.071632204
99.56906405,0.160838382,1.129040125,0.473203382,0.073992036
99.57370272,0.154860409,1.126370422,0.473203382,0.067620489
99.57834139,0.156637645,1.126127722,0.493934749,0.067935134
99.58298006,0.162615618,1.129606426,0.519172935,0.074464003
99.58761873,0.158091746,1.128312024,0.456978834,0.071002915
99.5922574,0.154941193,1.12467152,0.479512928,0.067305845
99.59689607,0.159141931,1.125237821,0.517370207,0.069980321
99.60153474,0.162615618,1.127826624,0.487625202,0.074699986
99.60617341,0.155991377,1.12467152,0.465992472,0.0684071
99.61081208,0.156152944,1.122729918,0.485822475,0.067384506
99.61545075,0.162454051,1.125399621,0.528186573,0.073284087
99.62008942,0.159465064,1.126208622,0.461485653,0.072182832
99.62472809,0.154941193,1.123458019,0.477710201,0.067227184
99.62936676,0.158010963,1.122325418,0.506553842,0.068957727
99.63400543,0.163181101,1.125399621,0.50384975,0.074935969
99.6386441,0.156395294,1.123538919,0.459682925,0.069665677
99.64328277,0.155749027,1.120626516,0.480414292,0.067069862
99.64792144,0.161161516,1.121031016,0.523679754,0.071946848
99.65256011,0.161323083,1.122244518,0.467795199,0.073756053
99.65719878,0.155183543,1.118684914,0.471400654,0.067620489
99.66183745,0.156072161,1.116824212,0.494836113,0.068328439
99.66647612,0.162857968,1.119898415,0.516468843,0.074385342
99.67111479,0.157687829,1.118765814,0.45607747,0.070452288
99.67575346,0.154698842,1.115691611,0.477710201,0.067148523
99.68039213,0.159384281,1.116338811,0.51556748,0.070373627
99.6850308,0.162130917,1.119493915,0.483118383,0.074699986
99.68966947,0.15558746,1.115772511,0.465091108,0.068171117
99.69430814,0.155668243,1.113992709,0.484019747,0.067227184
99.69894681,0.162615618,1.116500612,0.523679754,0.073362748
99.70358548,0.158818797,1.116581512,0.457880198,0.072182832
99.70822415,0.154618059,1.113830909,0.476808837,0.067384506
99.71286282,0.157526262,1.113992709,0.507455206,0.068879066
99.71750149,0.162534834,1.117471413,0.500244295,0.074699986
99.72214016,0.156314511,1.115691611,0.460584289,0.069036389
99.72677883,0.154779626,1.112941008,0.48221702,0.066755217
99.7314175,0.160919166,1.11496351,0.525482481,0.071868187
99.73605617,0.160272898,1.116824212,0.466893835,0.072733459
99.74069484,0.154294925,1.113669109,0.473203382,0.067305845
99.74533351,0.155749027,1.112374707,0.49663884,0.067620489
99.74997218,0.1622117,1.115448911,0.513764752,0.074385342
99.75461085,0.156233727,1.113911809,0.456978834,0.070216305
99.75924952,0.153487091,1.111484806,0.478611565,0.066755217
99.76388819,0.158576447,1.112779208,0.518271571,0.070294966
99.76852686,0.160919166,1.11504441,0.481315656,0.073992036
99.77316553,0.154294925,1.111970207,0.466893835,0.068013795
99.7778042,0.154537276,1.110028605,0.486723839,0.067463167
99.78244287,0.16148465,1.112698308,0.523679754,0.073441409
99.78708154,0.157607046,1.113507308,0.457880198,0.071553543
99.79172021,0.153891008,1.110675805,0.477710201,0.06691254
99.79635888,0.157203128,1.110837606,0.510159297,0.06911505
99.80099755,0.161403866,1.114073609,0.499342932,0.074542664
99.80563622,0.154860409,1.112779208,0.462387016,0.068643083
99.81027489,0.153810225,1.111161206,0.484019747,0.06691254
99.81491356,0.160353682,1.113750009,0.527285209,0.072182832
99.81955223,0.158980364,1.11520621,0.466893835,0.072733459
99.8241909,0.154052575,1.113264608,0.475006109,0.067305845
99.82882957,0.15558746,1.113183708,0.499342932,0.068171117
99.83346824,0.161888567,1.116581512,0.513764752,0.074306681
99.83810691,0.155668243,1.11504441,0.457880198,0.069822999
99.84274558,0.153002391,1.112212907,0.480414292,0.066991201
99.84738425,0.158334096,1.114316309,0.520074299,0.070688271
99.85202292,0.159949765,1.116824212,0.477710201,0.073992036
99.85666159,0.153648658,1.114397209,0.467795199,0.067935134
99.86130026,0.154133359,1.112779208,0.488526566,0.067541828
99.86593893,0.160838382,1.115772511,0.523679754,0.073992036
99.8705776,0.156960778,1.115529811,0.457880198,0.071710865
99.87521627,0.153325524,1.113345508,0.480414292,0.067305845
99.87985494,0.157364695,1.115448911,0.514666116,0.069508355
99.88449361,0.161727,1.119493915,0.500244295,0.074935969
99.88913228,0.155183543,1.118361314,0.467795199,0.069193711
99.89377095,0.154698842,1.118118613,0.488526566,0.067384506
99.89840962,0.161323083,1.121435517,0.531792028,0.072418815
99.90304829,0.159788198,1.123377119,0.469597927,0.072969442
99.90768696,0.154214142,1.121759117,0.480414292,0.067227184
99.91232563,0.156556861,1.122487218,0.506553842,0.068485761
99.9169643,0.163100318,1.128069324,0.516468843,0.074621325
99.92160297,0.157041562,1.128312024,0.465091108,0.070058983
99.92624164,0.155021976,1.128231124,0.488526566,0.067069862
99.93088031,0.160515249,1.132680629,0.530890664,0.071160238
99.93551898,0.161565433,1.138020034,0.486723839,0.074070697
99.94015765,0.155506677,1.137534634,0.480414292,0.068092456
99.94479632,0.156556861,1.138181835,0.501145659,0.067935134
99.94943499,0.163827369,1.143844841,0.532693391,0.074149358
99.95407366,0.159222714,1.145705543,0.467795199,0.071474882
99.95871233,0.155506677,1.143925741,0.487625202,0.067148523
99.963351,0.159545848,1.144411141,0.520074299,0.069822999
99.96798967,0.163423452,1.147323544,0.498441568,0.074857308
99.97262834,0.156637645,1.145301042,0.469597927,0.068721744
99.97726701,0.156556861,1.14368304,0.48942793,0.067305845
99.98190568,0.162938751,1.147161744,0.533594755,0.072890781
99.98654435,0.161080733,1.149669647,0.469597927,0.072969442
99.99118302,0.156395294,1.148698846,0.485822475,0.067777811
99.99582169,0.158818797,1.150397748,0.512863388,0.06911505
100.0004604,0.164635203,1.155979854,0.519172935,0.074935969
100.005099,0.15865723,1.158730456,0.471400654,0.070058983
100.0097377,0.156799211,1.159943958,0.494836113,0.067384506
100.0143764,0.162454051,1.165283363,0.538101574,0.071789526
100.019015,0.163423452,1.17151267,0.490329294,0.074070697
100.0236537,0.157930179,1.173292472,0.486723839,0.067935134
100.0282924,0.159061147,1.176609375,0.510159297,0.067935134
100.032931,0.166331655,1.184699384,0.539904302,0.073992036
100.0375697,0.162130917,1.189391589,0.476808837,0.07131756
100.0422084,0.158818797,1.19011969,0.498441568,0.067227184
100.0468471,0.163665802,1.194973695,0.534496119,0.069980321
100.0514857,0.167220272,1.201041201,0.509257933,0.074778647
100.0561244,0.161080733,1.200960301,0.483118383,0.0684071
100.0607631,0.160999949,1.200879401,0.502948387,0.067305845
100.0654017,0.16786654,1.204843505,0.545312484,0.073048103
100.0700404,0.165443037,1.206137907,0.479512928,0.072733459
100.0746791,0.160919166,1.203387304,0.493934749,0.067541828
100.0793177,0.163908152,1.203225504,0.521877026,0.068800405
100.0839564,0.169239858,1.205571606,0.521877026,0.074935969
100.0885951,0.162938751,1.203144604,0.472302018,0.069587016
100.0932338,0.160838382,1.198695099,0.493033385,0.067227184
100.0978724,0.166412438,1.198290598,0.534496119,0.071868187
100.1025111,0.166493222,1.198047898,0.480414292,0.073913375
100.1071498,0.160111332,1.192708492,0.478611565,0.067856472
100.1117884,0.161403866,1.189067989,0.500244295,0.068092456
100.1164271,0.16786654,1.189391589,0.524581117,0.074228019
100.1210658,0.162696401,1.186074685,0.462387016,0.070845593
100.1257044,0.159222714,1.180088079,0.483118383,0.067148523
100.1303431,0.163746585,1.179036378,0.519172935,0.070137644
100.1349818,0.166654788,1.179926279,0.490329294,0.074621325
100.1396205,0.159868981,1.175557674,0.469597927,0.068564422
100.1442591,0.159545848,1.17135087,0.488526566,0.067541828
100.1488978,0.166331655,1.17183627,0.5299893,0.073205426
100.1535365,0.163100318,1.170865469,0.46328838,0.072418815
100.1581751,0.158576447,1.166011464,0.480414292,0.066991201
100.1628138,0.161727,1.164312562,0.510159297,0.068879066
100.1674525,0.166735572,1.165930564,0.506553842,0.074935969
100.1720911,0.160192115,1.162937261,0.465091108,0.069272372
100.1767298,0.158576447,1.159215857,0.486723839,0.067463167
100.1813685,0.164473636,1.160510258,0.5299893,0.072025509
100.1860072,0.163988936,1.16164286,0.475006109,0.073441409
100.1906458,0.157687829,1.157274255,0.478611565,0.067463167
100.1952845,0.159626631,1.155737153,0.502047023,0.068249778
100.1999232,0.166089305,1.158245056,0.523679754,0.074542664
100.2045618,0.160676815,1.157355155,0.465091108,0.071002915
100.2092005,0.157526262,1.154280952,0.486723839,0.067463167
100.2138392,0.162292484,1.154280952,0.524581117,0.070688271
100.2184778,0.16479677,1.155979854,0.488526566,0.074778647
100.2231165,0.158172529,1.15242025,0.472302018,0.0684071
100.2277552,0.158576447,1.150074147,0.492132021,0.06769915
100.2323939,0.165523821,1.15258205,0.5299893,0.073598731
100.2370325,0.162050134,1.153391051,0.46328838,0.072340154
100.2416712,0.158091746,1.150640448,0.48221702,0.067620489
100.2463099,0.161242299,1.150155047,0.512863388,0.069351033
100.2509485,0.166250871,1.154442752,0.505652478,0.074857308
100.2555872,0.160030548,1.153552851,0.467795199,0.069508355
100.2602259,0.158818797,1.15242025,0.48942793,0.067384506
100.2648645,0.165119904,1.156222554,0.534496119,0.072261493
100.2695032,0.164473636,1.160429358,0.477710201,0.073598731
100.2741419,0.159707414,1.160833859,0.487625202,0.06769915
100.2787806,0.162050134,1.164069862,0.511962024,0.0684071
100.2834192,0.168835941,1.172240771,0.531792028,0.074699986
100.2880579,0.163988936,1.177822877,0.476808837,0.07060961
100.2926966,0.161565433,1.181544281,0.500244295,0.067227184
100.2973352,0.166897139,1.188339888,0.540805665,0.07060961
100.3019739,0.169643775,1.197238897,0.50384975,0.074385342
100.3066126,0.163988936,1.201526602,0.491230657,0.068171117
100.3112512,0.164877553,1.205976107,0.512863388,0.067777811
100.3158899,0.172713545,1.215360517,0.554326122,0.074306681
100.3205286,0.169562992,1.222479724,0.497540204,0.072418815
100.3251673,0.165523821,1.225553927,0.524581117,0.068092456
100.3298059,0.169966909,1.230731533,0.558832941,0.07060961
100.3344446,0.175298614,1.238336141,0.543509757,0.076194546
100.3390833,0.169078291,1.23760804,0.502948387,0.070452288
100.3437219,0.167462623,1.233724836,0.51556748,0.068721744
100.3483606,0.173279029,1.232592235,0.552523395,0.073834714
100.3529993,0.172228844,1.230407932,0.485822475,0.074385342
100.3576379,0.166008521,1.222884224,0.48942793,0.068879066
100.3622766,0.167704973,1.218111119,0.510159297,0.069822999
100.3669153,0.173521379,1.217221218,0.520975662,0.076037224
100.371554,0.167139489,1.212367213,0.464189744,0.071632204
100.3761926,0.164392853,1.205814306,0.485822475,0.068249778
100.3808313,0.169159074,1.203225504,0.525482481,0.072340154
100.38547,0.170370826,1.202416503,0.483118383,0.075879902
100.3901086,0.163665802,1.196268096,0.472302018,0.069587016
100.3947473,0.163746585,1.191171391,0.492132021,0.069351033
100.399386,0.170047692,1.19044329,0.525482481,0.075643919
100.4040246,0.165443037,1.186398286,0.458781561,0.073441409
100.4086633,0.161727,1.179926279,0.478611565,0.068957727
100.413302,0.165523821,1.177094776,0.511060661,0.071632204
100.4179407,0.169239858,1.177094776,0.493934749,0.076745174
100.4225793,0.16196935,1.17143177,0.465091108,0.070452288
100.427218,0.160515249,1.166092364,0.484921111,0.069193711
100.4318567,0.166897139,1.164878863,0.529087936,0.074621325
100.4364953,0.164715986,1.163503562,0.465992472,0.075171952
100.441134,0.159626631,1.158083256,0.477710201,0.069429694
100.4457727,0.161565433,1.155818053,0.50384975,0.070688271
100.4504113,0.167139489,1.158487756,0.514666116,0.076823835
100.45505,0.160515249,1.156707954,0.465091108,0.072182832
100.4596887,0.158091746,1.154523652,0.488526566,0.069272372
100.4643274,0.163585019,1.155089953,0.529087936,0.073362748
100.468966,0.16479677,1.156384354,0.483118383,0.07643053
100.4736047,0.15841488,1.15233935,0.475006109,0.069980321
100.4782434,0.159141931,1.149588747,0.494836113,0.069744338
100.482882,0.165362254,1.150074147,0.523679754,0.076194546
100.4875207,0.161161516,1.147323544,0.458781561,0.073756053
100.4921594,0.157122345,1.142145939,0.479512928,0.069587016
100.496798,0.161403866,1.140932438,0.512863388,0.072261493
100.5014367,0.164877553,1.141822339,0.48942793,0.076981157
100.5060754,0.158010963,1.137777334,0.461485653,0.070924254
100.5107141,0.157445479,1.13405593,0.481315656,0.069587016
100.5153527,0.163827369,1.135512132,0.524581117,0.074778647
100.5199914,0.161242299,1.135269432,0.460584289,0.074699986
100.5246301,0.156314511,1.131386227,0.475006109,0.069508355
100.5292687,0.158738013,1.130010926,0.502948387,0.070924254
100.5339074,0.164069719,1.131871628,0.507455206,0.076745174
100.5385461,0.157445479,1.129040125,0.459682925,0.071474882
100.5431847,0.15558746,1.12483332,0.481315656,0.068564422
100.5478234,0.161403866,1.124995121,0.524581117,0.07281212
100.5524621,0.161888567,1.126046822,0.475006109,0.075329275
100.5571008,0.155668243,1.122001817,0.472302018,0.069036389
100.5617394,0.156556861,1.119574815,0.493934749,0.068957727
100.5663781,0.162938751,1.121678217,0.520975662,0.075565258
100.5710168,0.158010963,1.121192817,0.457880198,0.072340154
100.5756554,0.154941193,1.117552313,0.477710201,0.068643083
100.5802941,0.159303497,1.117795013,0.513764752,0.071160238
100.5849328,0.1622117,1.121031016,0.487625202,0.075643919
100.5895714,0.155910594,1.118199513,0.464189744,0.069429694
100.5942101,0.15534511,1.116581512,0.484019747,0.068564422
100.5988488,0.161888567,1.119170314,0.526383845,0.074070697
100.6034875,0.159222714,1.119413015,0.460584289,0.073441409
100.6081261,0.154133359,1.116500612,0.476808837,0.068249778
100.6127648,0.157122345,1.116986012,0.504751114,0.069744338
100.6174035,0.1622117,1.119655715,0.505652478,0.075643919
100.6220421,0.156152944,1.117795013,0.461485653,0.070294966
100.6266808,0.154618059,1.115691611,0.484019747,0.068092456
100.6313195,0.160111332,1.117390513,0.527285209,0.07210417
100.6359581,0.160111332,1.119251215,0.475006109,0.074228019
100.6405968,0.153971792,1.116177011,0.475006109,0.068171117
100.6452355,0.154941193,1.11504441,0.497540204,0.068249778
100.6498742,0.161727,1.118280414,0.520074299,0.074857308
100.6545128,0.156233727,1.117309613,0.457880198,0.07131756
100.6591515,0.153163957,1.113911809,0.480414292,0.067227184
100.6637902,0.157687829,1.11455901,0.517370207,0.070688271
100.6684288,0.160838382,1.116662412,0.485822475,0.074935969
100.6730675,0.154456492,1.114397209,0.465992472,0.068564422
100.6777062,0.153971792,1.112293807,0.484921111,0.067620489
100.6823448,0.160999949,1.115691611,0.527285209,0.073362748
100.6869835,0.158010963,1.116096111,0.460584289,0.072418815
100.6916222,0.153244741,1.114235409,0.479512928,0.067463167
100.6962609,0.156718428,1.11528711,0.509257933,0.069429694
100.7008995,0.161646217,1.119170314,0.50384975,0.075171952
100.7055382,0.15558746,1.118927614,0.46328838,0.06990166
100.7101769,0.154214142,1.117795013,0.486723839,0.067777811
100.7148155,0.160192115,1.120060215,0.5299893,0.072182832
100.7194542,0.159868981,1.122163618,0.474104746,0.073756053
100.7240929,0.154133359,1.119574815,0.477710201,0.067935134
100.7287315,0.155991377,1.118199513,0.500244295,0.068643083
100.7333702,0.162696401,1.120950116,0.520975662,0.075171952
100.7380089,0.157526262,1.119898415,0.461485653,0.071081577
100.7426476,0.155021976,1.116824212,0.484019747,0.067777811
100.7472862,0.159465064,1.117390513,0.521877026,0.070924254
100.7519249,0.162050134,1.119574815,0.486723839,0.074935969
100.7565636,0.15582981,1.116743312,0.469597927,0.068643083
100.7612022,0.15558746,1.113669109,0.488526566,0.067856472
100.7658409,0.162292484,1.115691611,0.526383845,0.074149358
100.7704796,0.158738013,1.11520621,0.459682925,0.072576137
100.7751182,0.154375709,1.111727507,0.476808837,0.067935134
100.7797569,0.157687829,1.111080306,0.508356569,0.06990166
100.7843956,0.162534834,1.113992709,0.500244295,0.075329275
100.7890343,0.156072161,1.112051107,0.460584289,0.070137644
100.7936729,0.15510276,1.109543204,0.481315656,0.068249778
100.7983116,0.161403866,1.111403906,0.525482481,0.072969442
100.8029503,0.160838382,1.113507308,0.465992472,0.074306681
100.8075889,0.154860409,1.111808407,0.475006109,0.0684071
100.8122276,0.156718428,1.112617408,0.500244295,0.06911505
100.8168663,0.163019535,1.116662412,0.516468843,0.075565258
100.8215049,0.157607046,1.116500612,0.459682925,0.071632204
100.8261436,0.154537276,1.114316309,0.484019747,0.067935134
100.8307823,0.159626631,1.117147812,0.523679754,0.071710865
100.835421,0.16196935,1.122001817,0.486723839,0.075565258
100.8400596,0.155910594,1.122891718,0.476808837,0.069193711
100.8446983,0.156637645,1.126532222,0.499342932,0.068721744
100.849337,0.164392853,1.135835732,0.539904302,0.074621325
100.8539756,0.161323083,1.141822339,0.474104746,0.07281212
100.8586143,0.157607046,1.14311674,0.494836113,0.068171117
100.863253,0.16148465,1.147323544,0.524581117,0.070373627
100.8678916,0.166089305,1.152096649,0.508356569,0.075879902
100.8725303,0.159384281,1.149669647,0.469597927,0.070058983
100.877169,0.158253313,1.146110043,0.488526566,0.068171117
100.8818077,0.164473636,1.147728045,0.530890664,0.07352007
100.8864463,0.163261885,1.147970745,0.467795199,0.074149358
100.891085,0.157768612,1.144006641,0.476808837,0.068249778
100.8957237,0.160030548,1.141903239,0.501145659,0.06911505
100.9003623,0.166089305,1.14360214,0.511962024,0.075250613
100.905001,0.159949765,1.140608837,0.456978834,0.071002915
100.9096397,0.157364695,1.136887433,0.479512928,0.067777811
100.9142783,0.162454051,1.136644733,0.520975662,0.071789526
100.918917,0.163585019,1.137534634,0.477710201,0.07501463
100.9235557,0.156799211,1.133085129,0.467795199,0.068721744
100.9281944,0.157122345,1.130334526,0.48942793,0.068328439
100.932833,0.163746585,1.132357028,0.52277839,0.074699986
100.9374717,0.159788198,1.130739027,0.457880198,0.072340154
100.9421104,0.155910594,1.126855823,0.478611565,0.068013795
100.946749,0.159626631,1.126370422,0.512863388,0.070216305
100.9513877,0.163665802,1.128473824,0.494836113,0.075329275
100.9560264,0.157041562,1.125237821,0.46328838,0.069272372
100.960665,0.156152944,1.121840017,0.484019747,0.067935134
100.9653037,0.162292484,1.122649018,0.527285209,0.072969442
100.9699424,0.160999949,1.123053519,0.46328838,0.073362748
100.9745811,0.155910594,1.118765814,0.475006109,0.067935134
100.9792197,0.158091746,1.117633213,0.501145659,0.068800405
100.9838584,0.163827369,1.120464716,0.509257933,0.074778647
100.9884971,0.157526262,1.118927614,0.457880198,0.070058983
100.9931357,0.155668243,1.116096111,0.480414292,0.067463167
100.9977744,0.160838382,1.116338811,0.521877026,0.071632204
101.0024131,0.161888567,1.117714113,0.475006109,0.074385342
101.0070517,0.155425893,1.114235409,0.468696563,0.068013795
101.0116904,0.156395294,1.112536507,0.48942793,0.068249778
101.0163291,0.162857968,1.115691611,0.520074299,0.074306681
101.0209678,0.158010963,1.11472081,0.454274742,0.071553543
101.0256064,0.154456492,1.110675805,0.475006109,0.067541828
101.0302451,0.158576447,1.111161206,0.511060661,0.070294966
101.0348838,0.161888567,1.113264608,0.488526566,0.075171952
101.0395224,0.155668243,1.111403906,0.464189744,0.068800405
101.0441611,0.155425893,1.111646607,0.485822475,0.06769915
101.0487998,0.1622117,1.115853411,0.530890664,0.073441409
101.0534384,0.160192115,1.118846714,0.465992472,0.073284087
101.0580771,0.15510276,1.116905112,0.479512928,0.067856472
101.0627158,0.157768612,1.116743312,0.506553842,0.06911505
101.0673545,0.163423452,1.120950116,0.508356569,0.075171952
101.0719931,0.157122345,1.118523114,0.458781561,0.070058983
101.0766318,0.15534511,1.11520621,0.479512928,0.067620489
101.0812705,0.161161516,1.116338811,0.521877026,0.071789526
101.0859091,0.161646217,1.117956813,0.470499291,0.074306681
101.0905478,0.155183543,1.113588209,0.467795199,0.068328439
101.0951865,0.156233727,1.111808407,0.48942793,0.068249778
101.0998251,0.162857968,1.11455901,0.516468843,0.074542664
101.1044638,0.157687829,1.113021908,0.453373379,0.071081577
101.1091025,0.154214142,1.109543204,0.475006109,0.067227184
101.1137412,0.158334096,1.109138704,0.511962024,0.070294966
101.1183798,0.161646217,1.111323006,0.484921111,0.074857308
101.1230185,0.154941193,1.108329703,0.461485653,0.068879066
101.1276572,0.154537276,1.1058218,0.48221702,0.067620489
101.1322958,0.16148465,1.109219604,0.525482481,0.073126764
101.1369345,0.158738013,1.110837606,0.458781561,0.072261493
101.1415732,0.153971792,1.107520702,0.475006109,0.067856472
101.1462118,0.156637645,1.107682502,0.50384975,0.069351033
101.1508505,0.161727,1.110756706,0.502047023,0.07501463
101.1554892,0.155021976,1.108734203,0.456978834,0.06990166
101.1601279,0.153567875,1.106469001,0.479512928,0.067777811
101.1647665,0.159788198,1.108329703,0.523679754,0.072182832
101.1694052,0.160111332,1.110999406,0.469597927,0.074070697
101.1740439,0.153567875,1.109057804,0.472302018,0.068013795
101.1786825,0.154698842,1.108572403,0.49663884,0.068485761
101.1833212,0.16148465,1.113750009,0.520975662,0.074699986
101.1879599,0.156799211,1.11528711,0.462387016,0.071002915
101.1925985,0.153810225,1.115772511,0.486723839,0.067384506
101.1972372,0.158576447,1.119089414,0.524581117,0.070766932
101.2018759,0.161727,1.125399621,0.493934749,0.074542664
101.2065146,0.155183543,1.125885022,0.476808837,0.068485761
101.2111532,0.15558746,1.130010926,0.498441568,0.06769915
101.2157919,0.163181101,1.141498738,0.548016576,0.073677392
101.2204306,0.160676815,1.159134957,0.49663884,0.072261493
101.2250692,0.158172529,1.179926279,0.531792028,0.067620489
101.2297079,0.163181101,1.210263811,0.577761581,0.069351033
101.2343466,0.169966909,1.243028346,0.579564308,0.075329275
101.2389852,0.164877553,1.26551857,0.539904302,0.069587016
101.2436239,0.163908152,1.278705284,0.550720667,0.067935134
101.2482626,0.170290042,1.287927893,0.582268399,0.072733459
101.2529013,0.169805342,1.290921197,0.511962024,0.073992036
101.2575399,0.164392853,1.286067191,0.507455206,0.068171117
101.2621786,0.165685387,1.281132286,0.52277839,0.068879066
101.2668173,0.17142101,1.279109784,0.536298847,0.075250613
101.2714559,0.165766171,1.272718677,0.475006109,0.071396221
101.2760946,0.162857968,1.265033169,0.493934749,0.067541828
101.2807333,0.167301056,1.261149965,0.5299893,0.071081577
101.2853719,0.169239858,1.257994862,0.492132021,0.074935969
101.2900106,0.162777184,1.249419453,0.475006109,0.068800405
101.2946493,0.162696401,1.242462045,0.493033385,0.067935134
101.299288,0.169320641,1.240601343,0.531792028,0.073992036
101.3039266,0.16503912,1.235747338,0.464189744,0.072025509
101.3085653,0.160434465,1.22773823,0.481315656,0.06769915
101.313204,0.163746585,1.223207825,0.511962024,0.069429694
101.3178426,0.168189673,1.222237024,0.501145659,0.074778647
101.3224813,0.161403866,1.216088617,0.46328838,0.069272372
101.32712,0.160111332,1.210263811,0.483118383,0.067148523
101.3317586,0.165766171,1.208726709,0.528186573,0.072182832
101.3363973,0.164312069,1.207189608,0.467795199,0.073362748
101.341036,0.15889958,1.200960301,0.475907473,0.067384506
101.3456747,0.160111332,1.197077097,0.499342932,0.068485761
101.3503133,0.166897139,1.197805198,0.514666116,0.074699986
101.354952,0.160838382,1.193841094,0.458781561,0.070766932
101.3595907,0.158091746,1.188501688,0.480414292,0.06769915
101.3642293,0.162454051,1.186560086,0.520074299,0.07131756
101.368868,0.164392853,1.186074685,0.479512928,0.074385342
101.3735067,0.157930179,1.18081618,0.468696563,0.068092456
101.3781453,0.158253313,1.176690275,0.488526566,0.067384506
101.382784,0.165443037,1.176932976,0.523679754,0.073913375
101.3874227,0.160999949,1.174263273,0.458781561,0.071868187
101.3920614,0.157122345,1.168681167,0.477710201,0.067541828
101.3967,0.160272898,1.166254164,0.510159297,0.070058983
101.4013387,0.164473636,1.166739565,0.493934749,0.07501463
101.4059774,0.157930179,1.161561959,0.460584289,0.069193711
101.410616,0.157041562,1.156788854,0.481315656,0.067777811
101.4152547,0.163665802,1.157112455,0.524581117,0.072969442
101.4198934,0.162938751,1.156303454,0.461485653,0.073677392
101.424532,0.157364695,1.151206748,0.472302018,0.067856472
101.4291707,0.159788198,1.147970745,0.497540204,0.069193711
101.4338094,0.165846954,1.149507847,0.508356569,0.075250613
101.4384481,0.159707414,1.146676344,0.455176106,0.070845593
101.4430867,0.157526262,1.142631339,0.477710201,0.067777811
101.4477254,0.162696401,1.142226839,0.519172935,0.071946848
101.4523641,0.163827369,1.14319764,0.475006109,0.074778647
101.4570027,0.157445479,1.138262735,0.466893835,0.068485761
101.4616414,0.157768612,1.135269432,0.487625202,0.0684071
101.4662801,0.164635203,1.137211034,0.520975662,0.074621325
101.4709187,0.160192115,1.135431232,0.455176106,0.072340154
101.4755574,0.156395294,1.131628928,0.476808837,0.068092456
101.4801961,0.160272898,1.129849126,0.511060661,0.070294966
101.4848348,0.163908152,1.133246929,0.493033385,0.075407936
101.4894734,0.157445479,1.131224427,0.465992472,0.069429694
101.4941121,0.156476078,1.129768226,0.48942793,0.067856472
101.4987508,0.163261885,1.133085129,0.534496119,0.073284087
101.5033894,0.161080733,1.13357053,0.469597927,0.072890781
101.5080281,0.156718428,1.130253626,0.481315656,0.067541828
101.5126668,0.158818797,1.129444625,0.506553842,0.069036389
101.5173054,0.164392853,1.131790728,0.512863388,0.075250613
101.5219441,0.158010963,1.129444625,0.461485653,0.06990166
101.5265828,0.155910594,1.126046822,0.481315656,0.066833878
101.5312215,0.160919166,1.125642321,0.523679754,0.071238899
101.5358601,0.162130917,1.126532222,0.474104746,0.073834714
101.5404988,0.15558746,1.122244518,0.469597927,0.06769915
101.5451375,0.156395294,1.119089414,0.490329294,0.067620489
101.5497761,0.163100318,1.121678217,0.519172935,0.074070697
101.5544148,0.15841488,1.120626516,0.454274742,0.071238899
101.5590535,0.154779626,1.116500612,0.476808837,0.067148523
101.5636921,0.15865723,1.115691611,0.511962024,0.069980321
101.5683308,0.1622117,1.117633213,0.487625202,0.074621325
101.5729695,0.155506677,1.11463991,0.461485653,0.0684071
101.5776082,0.154456492,1.111727507,0.481315656,0.067148523
101.5822468,0.160838382,1.113750009,0.524581117,0.073048103
101.5868855,0.158495663,1.11455901,0.458781561,0.072733459
101.5915242,0.153567875,1.111242106,0.474104746,0.067148523
101.5961628,0.156556861,1.110756706,0.502948387,0.068485761
101.6008015,0.162050134,1.113426408,0.504751114,0.074542664
101.6054402,0.155183543,1.110594905,0.456978834,0.069429694
101.6100788,0.153487091,1.107844302,0.479512928,0.06691254
101.6147175,0.159222714,1.109624104,0.52277839,0.071474882
101.6193562,0.159707414,1.111403906,0.471400654,0.07352007
101.6239949,0.153810225,1.108248803,0.470499291,0.067305845
101.6286335,0.154860409,1.106388101,0.493033385,0.067777811
101.6332722,0.16148465,1.109947705,0.519172935,0.073992036
101.6379109,0.156476078,1.109866805,0.456978834,0.070766932
101.6425495,0.153244741,1.106630801,0.478611565,0.066833878
101.6471882,0.157445479,1.107197102,0.51556748,0.069744338
101.6518269,0.160353682,1.110837606,0.487625202,0.074385342
101.6564655,0.153891008,1.108976904,0.466893835,0.068171117
101.6611042,0.153810225,1.108410603,0.487625202,0.067305845
101.6657429,0.160515249,1.112860108,0.530890664,0.073205426
101.6703816,0.157445479,1.11536801,0.464189744,0.072340154
101.6750202,0.153244741,1.112455607,0.481315656,0.067148523
101.6796589,0.156395294,1.113911809,0.510159297,0.069036389
101.6842976,0.161565433,1.117956813,0.506553842,0.074935969
101.6889362,0.15534511,1.117147812,0.461485653,0.069508355
101.6935749,0.153810225,1.11512531,0.483118383,0.067463167
101.6982136,0.159707414,1.117309613,0.525482481,0.07210417
101.7028522,0.160111332,1.119251215,0.470499291,0.073834714
101.7074909,0.154214142,1.116581512,0.473203382,0.067463167
101.7121296,0.155910594,1.116177011,0.49663884,0.068013795
101.7167683,0.162534834,1.121031016,0.519172935,0.074542664
101.7214069,0.157203128,1.120788316,0.460584289,0.070766932
101.7260456,0.154214142,1.118927614,0.483118383,0.067148523
101.7306843,0.158980364,1.121435517,0.520074299,0.070766932
101.7353229,0.161565433,1.125318721,0.488526566,0.074857308
101.7399616,0.15510276,1.125399621,0.473203382,0.068328439
101.7446003,0.155183543,1.125156921,0.493934749,0.06769915
101.7492389,0.16196935,1.130415426,0.534496119,0.073913375
101.7538776,0.159141931,1.13421773,0.467795199,0.072497476
101.7585163,0.154618059,1.13348963,0.485822475,0.067384506
101.763155,0.157930179,1.134703131,0.514666116,0.069508355
101.7677936,0.163019535,1.138586335,0.506553842,0.075171952
101.7724323,0.156637645,1.136078432,0.465992472,0.069744338
101.777071,0.15558746,1.13373233,0.485822475,0.067777811
101.7817096,0.161565433,1.134379531,0.529087936,0.072261493
101.7863483,0.161323083,1.135026731,0.468696563,0.073756053
101.790987,0.156072161,1.131386227,0.474104746,0.068092456
101.7956256,0.157607046,1.130091826,0.497540204,0.068564422
101.8002643,0.164150503,1.13348963,0.516468843,0.075329275
101.804903,0.158172529,1.132437929,0.458781561,0.07131756
101.8095417,0.155991377,1.129930026,0.48221702,0.06769915
101.8141803,0.160919166,1.130900827,0.521877026,0.071160238
101.818819,0.163100318,1.134622231,0.486723839,0.074857308
101.8234577,0.156556861,1.133004229,0.473203382,0.068564422
101.8280963,0.156799211,1.13381323,0.494836113,0.067856472
101.832735,0.163746585,1.138181835,0.534496119,0.073913375
101.8373737,0.160676815,1.141094238,0.467795199,0.072261493
101.8420123,0.156879995,1.141336938,0.487625202,0.067463167
101.846651,0.160596032,1.144330241,0.520975662,0.069587016
101.8512897,0.165200687,1.149265146,0.508356569,0.075171952
101.8559284,0.159061147,1.149184246,0.472302018,0.069351033
101.860567,0.157687829,1.147242644,0.492132021,0.067463167
101.8652057,0.164312069,1.149588747,0.533594755,0.072654798
101.8698444,0.162696401,1.150559548,0.473203382,0.073677392
101.874483,0.157283912,1.146838144,0.481315656,0.067777811
101.8791217,0.159303497,1.145624643,0.50384975,0.068721744
101.8837604,0.165766171,1.147889845,0.516468843,0.074857308
101.888399,0.159788198,1.146110043,0.461485653,0.070452288
101.8930377,0.157203128,1.143763941,0.484019747,0.067148523
101.8976764,0.162534834,1.145220142,0.523679754,0.071081577
101.9023151,0.164150503,1.147161744,0.483118383,0.074699986
101.9069537,0.157526262,1.144815642,0.472302018,0.068564422
101.9115924,0.157607046,1.144168441,0.493934749,0.067777811
101.9162311,0.164958337,1.148617946,0.5299893,0.073834714
101.9208697,0.160676815,1.149750547,0.465091108,0.071789526
101.9255084,0.156637645,1.147808945,0.486723839,0.067227184
101.9301471,0.160353682,1.149912347,0.520074299,0.069587016
101.9347857,0.164715986,1.154847252,0.504751114,0.074857308
101.9394244,0.157849396,1.153310151,0.471400654,0.068879066
101.9440631,0.157122345,1.152015749,0.491230657,0.067463167
101.9487018,0.163585019,1.155413553,0.535397483,0.072497476
101.9533404,0.161565433,1.156788854,0.471400654,0.072890781
101.9579791,0.156879995,1.153795551,0.479512928,0.067777811
101.9626178,0.159141931,1.153471951,0.504751114,0.068485761
101.9672564,0.165119904,1.156222554,0.512863388,0.074699986
101.9718951,0.159303497,1.153957351,0.459682925,0.070216305
101.9765338,0.156960778,1.151206748,0.483118383,0.067227184
101.9811724,0.1622117,1.15290565,0.526383845,0.071002915
101.9858111,0.163665802,1.155818053,0.481315656,0.074070697
101.9904498,0.157203128,1.153229251,0.475006109,0.067856472
101.9950885,0.158172529,1.152096649,0.495737476,0.067541828
101.9997271,0.164877553,1.155332653,0.528186573,0.073913375
102.0043658,0.160757599,1.155575353,0.46328838,0.071396221
102.0090045,0.157122345,1.15250115,0.484921111,0.067227184
102.0136431,0.160757599,1.153310151,0.519172935,0.06990166
102.0182818,0.164635203,1.156707954,0.49663884,0.074935969
102.0229205,0.157687829,1.153957351,0.467795199,0.068800405
102.0275591,0.157122345,1.150802248,0.486723839,0.067777811
102.0321978,0.163585019,1.15233935,0.5299893,0.073048103
102.0368365,0.161565433,1.15258205,0.465091108,0.073126764
102.0414752,0.156879995,1.148860646,0.478611565,0.067463167
102.0461138,0.159141931,1.147808945,0.506553842,0.068800405
102.0507525,0.16503912,1.150883148,0.511060661,0.074778647
102.0553912,0.15889958,1.147970745,0.460584289,0.070137644
102.0600298,0.156718428,1.145139242,0.484019747,0.067384506
102.0646685,0.162696401,1.147728045,0.528186573,0.071632204
102.0693072,0.163019535,1.152096649,0.481315656,0.073992036
102.0739458,0.157203128,1.15250115,0.480414292,0.068013795
102.0785845,0.158576447,1.155089953,0.50384975,0.068013795
102.0832232,0.16528147,1.160510258,0.532693391,0.073992036
102.0878619,0.160434465,1.162694561,0.470499291,0.071553543
102.0925005,0.157283912,1.16172376,0.492132021,0.067305845
102.0971392,0.161807783,1.164312562,0.527285209,0.070058983
102.1017779,0.165443037,1.169894668,0.501145659,0.074935969
102.1064165,0.159141931,1.169409268,0.476808837,0.068643083
102.1110552,0.159061147,1.169651968,0.49663884,0.067856472
102.1156939,0.166089305,1.174344173,0.540805665,0.07352007
102.1203325,0.163746585,1.178793678,0.477710201,0.07281212
102.1249712,0.159626631,1.180411679,0.500244295,0.067384506
102.1296099,0.162777184,1.184618484,0.5299893,0.06911505
102.1342486,0.168674374,1.192142192,0.528186573,0.074778647
102.1388872,0.163261885,1.193193893,0.478611565,0.070058983
102.1435259,0.162130917,1.193193893,0.501145659,0.067227184
102.1481646,0.167785756,1.196510797,0.543509757,0.071946848
102.1528032,0.168593591,1.199261399,0.491230657,0.073992036
102.1574419,0.162938751,1.196996197,0.491230657,0.067856472
102.1620806,0.164150503,1.196672597,0.512863388,0.068092456
102.1667192,0.171097877,1.2001513,0.535397483,0.074542664
102.1713579,0.165685387,1.2000704,0.472302018,0.071002915
102.1759966,0.162777184,1.196753497,0.493033385,0.067384506
102.1806353,0.167381839,1.196753497,0.5299893,0.070530949
102.1852739,0.169805342,1.199180499,0.497540204,0.07501463
102.1899126,0.163100318,1.196268096,0.476808837,0.068721744
102.1945513,0.163019535,1.193274793,0.495737476,0.067463167
102.1991899,0.169239858,1.194164694,0.53720021,0.073362748
102.2038286,0.166412438,1.194002894,0.471400654,0.072261493
102.2084673,0.161646217,1.19011969,0.48942793,0.067305845
102.2131059,0.16455442,1.189553389,0.518271571,0.06911505
102.2177446,0.169401425,1.194164694,0.51556748,0.074857308
102.2223833,0.162938751,1.192546692,0.471400654,0.069272372
102.227022,0.161161516,1.19036239,0.491230657,0.067384506
102.2316606,0.167301056,1.191656791,0.534496119,0.072182832
102.2362993,0.166977922,1.193032093,0.478611565,0.073756053
102.240938,0.16148465,1.189715189,0.48221702,0.067856472
102.2455766,0.162777184,1.187773587,0.504751114,0.0684071
102.2502153,0.168997508,1.19044329,0.525482481,0.074464003
102.254854,0.164069719,1.19052419,0.466893835,0.070924254
102.2594926,0.161161516,1.188906188,0.490329294,0.067384506
102.2641313,0.166089305,1.19076689,0.5299893,0.07060961
102.26877,0.168512807,1.194973695,0.497540204,0.074621325
102.2734087,0.161646217,1.194002894,0.48221702,0.068721744
102.2780473,0.162050134,1.193841094,0.50384975,0.068171117
102.282686,0.168835941,1.197481598,0.540805665,0.073834714
102.2873247,0.164958337,1.198614199,0.472302018,0.072340154
102.2919633,0.160596032,1.195216395,0.488526566,0.067463167
102.296602,0.163746585,1.194083794,0.517370207,0.069429694
102.3012407,0.168432024,1.196268096,0.508356569,0.075171952
102.3058793,0.16148465,1.193355693,0.468696563,0.069429694
102.310518,0.160111332,1.189796089,0.48942793,0.067384506
102.3151567,0.165927738,1.190928691,0.533594755,0.072497476
102.3197954,0.165443037,1.191656791,0.474104746,0.073677392
102.324434,0.160272898,1.188016288,0.479512928,0.06769915
102.3290727,0.161403866,1.186479186,0.50384975,0.068800405
102.3337114,0.168028107,1.19011969,0.523679754,0.074935969
102.33835,0.162534834,1.19003879,0.467795199,0.070845593
102.3429887,0.160353682,1.189067989,0.493033385,0.067541828
102.3476274,0.16528147,1.191818592,0.533594755,0.071081577
102.352266,0.167381839,1.196429896,0.495737476,0.074385342
102.3569047,0.160999949,1.194811895,0.48221702,0.068092456
102.3615434,0.161323083,1.194002894,0.502047023,0.06769915
102.3661821,0.167462623,1.196268096,0.538101574,0.073913375
102.3708207,0.163827369,1.195863596,0.471400654,0.07210417
102.3754594,0.159545848,1.191818592,0.48942793,0.067541828
102.3800981,0.162777184,1.191818592,0.520074299,0.069587016
102.3847367,0.167139489,1.193112993,0.505652478,0.07501463
102.3893754,0.160596032,1.189553389,0.469597927,0.069272372
102.3940141,0.159545848,1.185346585,0.487625202,0.067463167
102.3986527,0.165604604,1.184456684,0.530890664,0.07281212
102.4032914,0.164069719,1.182515082,0.468696563,0.073362748
102.4079301,0.158334096,1.176771176,0.476808837,0.067777811
102.4125688,0.160838382,1.173454272,0.502047023,0.068800405
102.4172074,0.166897139,1.173696972,0.512863388,0.074935969
102.4218461,0.160515249,1.169975568,0.457880198,0.07060961
102.4264848,0.158010963,1.164636163,0.480414292,0.067384506
102.4311234,0.163504235,1.163908062,0.521877026,0.071474882
102.4357621,0.164715986,1.164150762,0.479512928,0.074699986
102.4404008,0.15841488,1.159215857,0.470499291,0.068171117
102.4450394,0.158495663,1.155737153,0.490329294,0.068013795
102.4496781,0.165362254,1.156788854,0.524581117,0.074464003
102.4543168,0.160919166,1.154604552,0.457880198,0.07210417
102.4589555,0.157041562,1.149669647,0.477710201,0.06769915
102.4635941,0.160272898,1.147970745,0.511060661,0.070294966
102.4682328,0.16455442,1.148779746,0.494836113,0.075093291
102.4728715,0.157849396,1.144249341,0.46328838,0.069351033
102.4775101,0.156799211,1.140123437,0.484019747,0.067541828
102.4821488,0.163181101,1.141660538,0.527285209,0.072969442
102.4867875,0.161080733,1.140447037,0.46328838,0.073284087
102.4914261,0.15558746,1.135188531,0.475006109,0.067541828
102.4960648,0.158253313,1.132518829,0.501145659,0.068957727
102.5007035,0.163665802,1.134298631,0.508356569,0.075250613
102.5053422,0.157687829,1.132033428,0.45607747,0.070294966
102.5099808,0.15558746,1.129201925,0.478611565,0.06769915
102.5146195,0.161242299,1.129525525,0.520975662,0.071553543
102.5192582,0.162050134,1.130900827,0.475006109,0.074621325
102.5238968,0.155910594,1.126774923,0.470499291,0.068328439
102.5285355,0.156799211,1.125318721,0.493033385,0.068013795
102.5331742,0.163342668,1.128150224,0.523679754,0.074228019
102.5378128,0.158818797,1.127826624,0.461485653,0.071710865
102.5424515,0.155425893,1.12450972,0.48221702,0.067463167
102.5470902,0.159141931,1.125723221,0.517370207,0.070058983
102.5517289,0.162534834,1.129525525,0.494836113,0.07501463
102.5563675,0.155749027,1.127745724,0.467795199,0.069036389
102.5610062,0.155021976,1.125642321,0.486723839,0.067856472
102.5656449,0.161888567,1.128231124,0.5299893,0.073205426
102.5702835,0.159707414,1.128716525,0.465091108,0.073126764
102.5749222,0.154294925,1.12450972,0.477710201,0.068092456
102.5795609,0.157364695,1.123700719,0.50384975,0.069508355
102.5841995,0.162857968,1.126694022,0.507455206,0.07572258
102.5888382,0.156879995,1.12394342,0.459682925,0.070766932
102.5934769,0.15534511,1.121597317,0.48221702,0.068249778
102.5981156,0.161323083,1.123134419,0.524581117,0.073048103
102.6027542,0.161646217,1.12418612,0.475006109,0.075486597
102.6073929,0.155668243,1.120869216,0.472302018,0.069429694
102.6120316,0.156556861,1.119817515,0.493934749,0.069587016
102.6166702,0.163504235,1.122487218,0.520975662,0.075801241
102.6213089,0.158495663,1.121597317,0.457880198,0.072733459
102.6259476,0.154941193,1.118442214,0.479512928,0.068643083
102.6305862,0.158980364,1.118604014,0.51556748,0.071710865
102.6352249,0.162373267,1.121111917,0.488526566,0.076351869
102.6398636,0.155425893,1.118280414,0.465091108,0.070058983
102.6445023,0.15510276,1.116257911,0.484921111,0.068800405
102.6491409,0.161565433,1.117795013,0.526383845,0.074464003
102.6537796,0.158818797,1.117875913,0.460584289,0.073677392
102.6584183,0.154456492,1.11472081,0.476808837,0.068643083
102.6630569,0.157203128,1.11472081,0.506553842,0.070216305
102.6676956,0.162373267,1.118684914,0.506553842,0.076273207
102.6723343,0.155991377,1.117147812,0.460584289,0.070845593
102.6769729,0.154133359,1.11496351,0.484019747,0.068328439
102.6816116,0.160111332,1.116905112,0.526383845,0.07281212
102.6862503,0.160353682,1.119170314,0.472302018,0.074857308
102.690889,0.154214142,1.11488261,0.472302018,0.068800405
102.6955276,0.15582981,1.113507308,0.493934749,0.069193711
102.7001663,0.16196935,1.116015211,0.517370207,0.075250613
102.704805,0.156960778,1.114073609,0.456978834,0.071632204
102.7094436,0.153487091,1.111484806,0.478611565,0.067620489